17500037 4
17500139 1
17500193 796
17500207 33
17500267 5
17500289 7431
17500303 8
17500313 3
17500313 172
17500331 1485
17500391 1
17500433 15
17500433 5872
17500459 1020
17500529 555
17500607 2668
17500663 876
17500687 29
17500687 137
17500687 3344
17500711 513
17500711 1925
17500711 7749
17500781 5616
17500807 692
17500811 1828
17500823 1
17500823 253
17500831 393
17500859 145
17500991 4
17501021 9799
17501023 2825
17501117 99
17501273 7071
17501291 48
17501293 12
17501293 56
17501293 267
17501377 3
17501377 12
17501377 68
17501417 448
17501513 147
17501557 6752
17501591 1
17501633 240
17501651 7864
17501707 17
17501723 16
17501741 1464
17501791 729
17501797 3
17501821 11
17501821 1344
17501839 24
17501843 1
17501843 8392
17501849 259
17501879 12
17501933 543
17501963 97
17501977 44
17501977 1007
17502077 55
17502179 4845
17502193 3
17502253 5963
17502257 4
17502257 208
17502323 21
17502403 48
17502403 53
17502427 5
17502437 6055
17502461 4
17502523 53
17502581 55
17502581 136
17502587 360
17502671 4
17502679 12
17502703 140
17502703 2765
17502721 59
17502721 239
17502757 44
17502761 3
17502833 316
17502841 128
17502967 7617
17503001 24
17503051 9
17503097 564
17503141 5124
17503177 59
17503247 40
17503259 4629
17503261 111
17503271 4
17503271 3681
17503301 3
17503337 495
17503481 24
17503481 3936
17503513 3
17503543 77
17503543 7056
17503571 1513
17503573 156
17503583 8328
17503631 124
17503663 21
17503729 36
17503799 1249
17503859 937
17503949 7
17503949 156
17504027 37
17504027 73
17504083 8
17504083 2852
17504107 3240
17504189 12
17504191 689
17504213 856
17504321 16
17504341 23
17504437 1503
17504479 5
17504503 788
17504551 5
17504551 81
17504573 72
17504579 141
17504657 3
17504723 1092
17504779 20
17504789 495
17504843 1
17504857 104
17504897 28
17504897 364
17504933 3
17504939 1
17504939 4
17504969 220
17504983 8
17505011 553
17505071 48
17505083 1
17505083 133
17505091 21
17505097 107
17505233 376
17505253 47
17505347 273
17505361 8
17505379 140
17505391 5
17505443 1
17505443 21
17505539 1
17505541 360
17505541 519
17505583 5
17505583 332
17505583 3993
17505721 3
17505743 16
17505749 336
17505899 721
17505947 33
17505959 1
17505959 64
17505959 361
17506091 28
17506133 63
17506157 4
17506187 9
17506187 28
17506213 4128
17506213 4611
17506283 1
17506283 12
17506297 827
17506297 7268
17506337 7
17506409 7
17506409 4572
17506453 1595
17506469 684
17506471 33
17506597 524
17506603 8
17506669 347
17506711 3981
17506711 7368
17506739 1
17506739 4
17506747 3540
17506793 1500
17506943 1
17506949 27
17506987 629
17507051 7185
17507137 12
17507141 4
17507221 24
17507257 12
17507299 41
17507299 252
17507299 1044
17507377 1272
17507381 103
17507383 17
17507491 36
17507527 9
17507537 12
17507617 6032
17507657 3
17507717 3
17507729 727
17507753 12
17507767 5
17507801 219
17507849 759
17507983 693
17507983 1341
17508013 47
17508053 7
17508133 971
17508163 653
17508187 140
17508259 212
17508263 117
17508263 373
17508263 952
17508277 348
17508287 205
17508331 756
17508371 1
17508479 1
17508523 8
17508541 1463
17508553 20
17508571 833
17508739 5045
17508761 15
17508787 884
17508833 1900
17508871 8
17508917 3
17508917 4312
17509001 2064
17509087 9
17509087 428
17509181 28
17509183 21
17509183 117
17509211 49
17509319 24
17509321 84
17509339 389
17509423 33
17509571 1
17509571 16
17509589 471
17509631 1
17509669 252
17509703 1
17509753 51
17509753 756
17509799 1
17509841 3
17509889 300
17509927 8
17510023 213
17510063 1
17510203 6980
17510293 287
17510387 913
17510399 64
17510411 1
17510411 81
17510411 280
17510501 40
17510579 37
17510621 420
17510627 93
17510683 140
17510737 4128
17510821 120
17510827 12
17510851 405
17510947 5
17510993 3
17510993 28
17511029 51
17511049 620
17511107 144
17511113 3
17511121 3
17511149 7512
17511229 36
17511379 5
17511379 249
17511383 400
17511409 12
17511419 9
17511467 25
17511467 4117
17511491 85
17511499 6320
17511577 3
17511601 428
17511743 1
17511779 12
17511803 1
17511803 4285
17511881 3
17511899 9
17511943 200
17511953 9747
17511979 44
17511997 63
17512073 67
17512097 1507
17512127 45
17512127 144
17512147 53
17512147 104
17512151 1
17512213 3
17512213 96
17512279 20
17512301 2943
17512387 3969
17512403 1
17512457 15
17512463 520
17512463 628
17512511 4
17512519 692
17512541 211
17512553 132
17512559 7936
17512633 8
17512639 77
17512643 2140
17512753 3
17512837 119
17512837 248
17512973 3
17512973 27
17512991 1
17512993 15
17513033 36
17513057 4
17513087 3888
17513291 1
17513317 3
17513317 20
17513401 119
17513407 1812
17513471 445
17513537 40
17513567 25
17513567 1708
17513707 3080
17513753 867
17513819 1
17513843 1
17513849 7
17513863 732
17513921 1048
17513963 28
17514073 476
17514073 9651
17514083 1
17514083 1437
17514239 1
17514251 1
17514323 36
17514323 57
17514331 9
17514337 32
17514361 3
17514397 4563
17514397 6348
17514407 57
17514439 224
17514487 12
17514571 8
17514829 135
17514881 211
17514911 1
17514911 2221
17514923 1
17515013 3
17515013 48
17515019 57
17515133 28
17515133 3883
17515163 1
17515181 3
17515181 2275
17515229 67
17515229 624
17515261 20
17515297 5883
17515331 4
17515343 16
17515469 6456
17515471 8000
17515481 3
17515481 576
17515571 9
17515583 133
17515621 84
17515703 1560
17515741 1575
17515759 17
17515759 444
17515829 232
17515829 756
17515859 1
17515987 29
17516047 1308
17516123 1
17516123 540
17516167 5
17516167 8564
17516183 1
17516183 6813
17516251 308
17516327 577
17516399 1
17516407 80
17516441 256
17516479 36
17516483 1
17516483 36
17516693 147
17516693 783
17516711 1
17516711 16
17516773 1923
17516827 428
17516857 147
17516951 1
17516951 9
17516969 12
17517079 192
17517163 1448
17517167 33
17517167 73
17517167 733
17517193 8
17517193 20
17517239 1
17517397 995
17517443 1
17517443 1597
17517473 196
17517503 9061
17517547 5
17517683 28
17517839 9
17517839 3492
17518093 855
17518129 44
17518183 21
17518183 2025
17518219 29
17518219 7505
17518337 79
17518351 585
17518363 8
17518363 41
17518471 8744
17518511 69
17518573 36
17518583 1105
17518621 11
17518621 120
17518637 6844
17518643 120
17518783 3620
17518859 100
17518867 17
17518913 1575
17518997 384
17519039 1
17519063 1
17519063 13
17519111 268
17519113 180
17519207 133
17519413 8
17519449 12
17519471 1
17519483 1
17519483 21
17519483 45
17519543 1
17519659 5985
17519797 15
17519851 9
17519851 48
17519891 1
17519893 3
17520037 980
17520059 525
17520133 56
17520313 3
17520323 85
17520329 132
17520491 1044
17520497 4
17520497 19
17520577 287
17520593 15
17520617 183
17520623 1
17520667 2337
17520751 9
17520787 9
17520787 29
17520973 36
17520973 351
17520991 320
17521037 6463
17521061 15
17521079 1
17521183 5
17521279 20
17521279 509
17521303 8
17521319 4
17521319 1204
17521393 203
17521487 72
17521487 688
17521499 1
17521499 36
17521513 95
17521547 124
17521799 1
17521813 9863
17521817 48
17521873 3
17521873 3755
17521897 320
17521937 979
17521937 4147
17521943 1
17521961 4
17521993 4356
17522093 7167
17522107 105
17522273 180
17522287 5
17522327 37
17522327 117
17522447 5092
17522473 56
17522581 276
17522623 5
17522627 25
17522653 1716
17522683 1925
17522689 111
17522717 7
17522761 303
17522789 4
17522833 456
17522891 1
17522893 171
17522899 1481
17522957 7
17522969 9799
17523053 15
17523269 4
17523269 27
17523281 339
17523307 792
17523329 19
17523371 1
17523421 3
17523449 3624
17523461 15
17523479 1
17523559 12
17523593 7
17523691 53
17523703 20
17523763 17
17523763 468
17523901 3
17523901 95
17524043 1
17524063 56
17524063 5616
17524103 1
17524103 996
17524103 1933
17524151 6888
17524159 989
17524217 3
17524219 605
17524249 47
17524427 553
17524457 175
17524457 9660
17524469 4860
17524471 8
17524487 12
17524513 3
17524571 1
17524583 12
17524657 47
17524687 12
17524691 9
17524799 69
17524799 8064
17524817 627
17524847 9
17524847 93
17524853 3
17524883 1260
17525017 20
17525017 383
17525063 60
17525159 265
17525243 1
17525267 45
17525269 1179
17525359 5229
17525371 24
17525477 3
17525503 8
17525591 996
17525741 375
17525741 3399
17525777 3
17525779 24
17525803 2888
17525821 3
17525909 7
17525951 976
17525953 8
17526073 11
17526077 55
17526083 1
17526083 3556
17526101 375
17526107 4
17526143 61
17526209 4
17526317 1540
17526349 75
17526401 75
17526449 52
17526451 33
17526559 5
17526571 213
17526589 27
17526679 5552
17526697 3
17526697 1095
17526727 489
17526737 7
17526737 1632
17526787 1133
17526791 1
17526793 395
17526799 9
17526799 3780
17526809 7
17526809 247
17526829 5712
17526857 6787
17526869 52
17526871 1709
17526931 813
17526979 5
17527007 4
17527141 3
17527303 4748
17527331 9
17527343 316
17527387 3260
17527399 5
17527429 2727
17527693 20
17527711 1524
17527711 4413
17527753 1067
17527793 7
17527883 1
17528099 1
17528131 636
17528149 576
17528183 1
17528183 100
17528201 895
17528201 6780
17528333 435
17528359 137
17528363 1
17528363 636
17528387 4
17528387 64
17528519 1
17528587 9
17528593 11
17528681 1411
17528681 2116
17528881 3
17528957 2827
17529089 19
17529103 813
17529103 1736
17529107 57
17529107 97
17529203 1
17529209 4
17529293 12
17529511 48
17529511 1056
17529653 216
17529689 171
17529719 1
17529719 1516
17529763 141
17529791 549
17529797 3540
17529817 320
17529821 15
17529851 9
17529893 196
17529901 3
17530067 4
17530133 7
17530169 4564
17530237 3
17530273 32
17530273 531
17530313 52
17530327 20
17530327 33
17530343 13
17530343 73
17530343 3457
17530367 3400
17530421 5356
17530537 95
17530549 551
17530571 28
17530613 3
17530631 1
17530631 2205
17530771 9
17530831 9
17530883 13
17530957 24
17530957 8444
17530979 60
17531021 9940
17531093 28
17531197 24
17531197 567
17531203 17
17531219 1
17531263 65
17531263 9141
17531291 1
17531467 3705
17531473 5088
17531593 128
17531593 5628
17531713 20
17531713 107
17531741 3
17531807 433
17531867 4
17531989 99
17532113 1495
17532127 7620
17532311 13
17532349 960
17532353 3
17532367 9
17532367 7485
17532419 1
17532467 9
17532479 705
17532517 552
17532637 12
17532721 2888
17532737 27
17532859 312
17532917 159
17532941 2904
17532943 8
17532959 69
17533007 144
17533093 260
17533111 5
17533223 21
17533249 59
17533261 15
17533331 5889
17533403 1
17533403 205
17533519 1661
17533541 120
17533553 223
17533583 1
17533643 1
17533673 103
17533721 4
17533729 6660
17533741 8688
17533753 2508
17533787 312
17533799 2965
17533829 7
17533829 1335
17533847 1345
17533853 1527
17533853 1887
17533891 416
17533897 2247
17534029 1487
17534071 125
17534117 4467
17534141 8619
17534333 48
17534423 117
17534483 21
17534501 3
17534519 1
17534519 9
17534563 5
17534567 13
17534567 1828
17534591 4
17534651 48
17534687 1144
17534849 7
17534851 68
17534887 4152
17534899 5
17534903 1
17535097 59
17535149 2016
17535239 1
17535239 37
17535239 5781
17535247 8
17535319 29
17535341 700
17535431 1
17535631 89
17535733 56
17535899 157
17535911 4
17535949 12
17535961 620
17535997 3
17535997 20
17535997 2328
17536021 1536
17536159 149
17536177 3239
17536199 1
17536237 80
17536241 7384
17536291 761
17536417 108
17536439 9
17536549 11
17536553 7
17536553 63
17536609 92
17536613 51
17536627 32
17536627 1889
17536663 8
17536691 241
17536697 444
17536751 333
17536763 1
17536861 3
17536903 348
17536997 148
17536997 4560
17537099 1
17537099 364
17537159 1192
17537461 3
17537483 201
17537603 796
17537603 2385
17537623 3060
17537711 1
17537711 73
17537771 85
17537777 360
17537797 339
17537803 441
17537827 5808
17537833 3
17537843 1
17537881 120
17537881 1179
17537899 5
17537941 128
17537941 1008
17537951 336
17537981 3
17537981 8296
17538077 4
17538151 669
17538151 1916
17538277 95
17538299 1
17538317 1699
17538337 8
17538497 4
17538541 3060
17538557 7
17538593 3
17538799 140
17538847 5
17538847 17
17538847 225
17538929 51
17538929 279
17539009 47
17539013 15
17539057 1092
17539079 1
17539117 1292
17539169 12
17539213 12
17539231 5
17539241 31
17539469 24
17539471 29
17539471 228
17539499 1
17539573 5852
17539681 11
17539763 40
17539871 1
17539871 549
17539889 12
17539889 52
17539919 1
17539931 21
17539943 12
17539969 107
17540069 415
17540077 3
17540119 125
17540153 211
17540321 4
17540417 7
17540417 412
17540443 60
17540443 261
17540459 1
17540461 1299
17540483 1
17540483 25
17540483 468
17540543 57
17540581 3
17540723 1
17540723 6637
17540777 15
17540779 29
17540839 5
17540851 1128
17540983 197
17541001 3
17541061 4928
17541067 5
17541131 1
17541233 235
17541283 7665
17541289 300
17541299 1
17541379 9
17541379 6876
17541401 48
17541449 2347
17541493 11
17541581 16
17541581 271
17541583 5
17541599 1
17541679 9
17541779 7984
17541791 124
17541803 420
17541803 1737
17541833 28
17541851 1
17541869 300
17541941 31
17541947 1977
17541971 1
17541971 13
17542003 165
17542037 5764
17542067 25
17542163 1
17542277 4
17542313 223
17542331 7240
17542379 1
17542397 2152
17542457 123
17542541 4
17542627 248
17542627 2252
17542747 164
17542747 1769
17542769 6100
17542781 199
17542781 411
17542799 4
17542799 361
17542853 7
17542853 792
17542897 15
17542991 1
17543087 9
17543087 1213
17543189 12
17543189 36
17543191 1721
17543219 1
17543249 7392
17543257 9824
17543263 1673
17543341 9836
17543377 8
17543501 16
17543501 31
17543501 1876
17543501 3624
17543509 47
17543563 45
17543563 368
17543621 3
17543657 43
17543723 1
17543741 24
17543803 2468
17543819 1
17543819 36
17543857 87
17543863 1752
17543873 15
17543879 4
17543879 52
17544061 20
17544071 1
17544091 333
17544139 164
17544169 2976
17544173 276
17544203 1
17544211 428
17544227 9
17544227 12
17544227 268
17544259 12
17544311 21
17544383 112
17544413 388
17544451 20
17544479 1
17544491 216
17544491 4285
17544503 628
17544563 5776
17544577 4695
17544613 11
17544647 4
17544661 2619
17544661 5564
17544707 145
17544823 5868
17544827 300
17544851 16
17544941 2148
17544973 3
17544979 32
17545019 1
17545019 2292
17545027 3449
17545061 4
17545211 1
17545217 99
17545351 5
17545351 3413
17545439 24
17545439 669
17545439 709
17545571 1
17545669 15
17545669 32
17545669 1364
17545673 67
17545673 748
17545679 6924
17545679 7417
17545681 363
17545709 5092
17545811 3741
17545817 3
17545963 993
17546003 112
17546003 1540
17546051 1
17546051 13
17546051 160
17546141 15
17546141 40
17546141 6631
17546147 864
17546183 1
17546219 1
17546323 12
17546413 11
17546689 27
17546689 539
17546699 4
17546761 8
17546797 8
17546923 756
17546983 5
17546993 16
17547073 8
17547133 32
17547181 15
17547259 1892
17547307 249
17547449 4
17547511 8
17547641 3991
17547641 4311
17547653 4147
17547749 15
17547749 1092
17547787 77
17547847 17
17547851 1
17547851 1129
17547917 7
17547977 792
17547991 173
17548049 4
17548051 816
17548117 20
17548159 5
17548183 1673
17548207 17
17548211 73
17548327 6369
17548423 105
17548477 8
17548577 348
17548589 4
17548589 84
17548613 27
17548703 3453
17548703 8893
17548819 884
17548871 21
17548919 16
17548933 795
17548991 5076
17549011 1589
17549017 3
17549017 128
17549087 429
17549099 4
17549111 33
17549111 84
17549111 96
17549149 39
17549149 267
17549173 791
17549251 21
17549251 596
17549281 11
17549417 2052
17549459 1
17549473 203
17549473 4532
17549513 43
17549513 283
17549513 351
17549533 23
17549533 2195
17549657 6988
17549743 5
17549827 900
17549867 1240
17549893 4620
17549953 12
17549957 528
17549971 1620
17550007 1392
17550007 1952
17550007 2844
17550037 12
17550097 8
17550109 324
17550151 1433
17550193 9783
17550217 159
17550283 17
17550359 1
17550359 12
17550361 131
17550383 16
17550451 7868
17550497 75
17550521 3
17550521 631
17550527 4
17550563 172
17550563 3373
17550563 8128
17550569 4459
17550607 12
17550667 1244
17550683 5917
17550707 664
17550739 12
17550761 3
17550763 33
17550847 177
17550857 3
17550899 1
17550971 261
17550971 673
17550989 7
17551031 3621
17551153 12
17551211 1
17551213 9296
17551279 45
17551319 9
17551333 3
17551397 3
17551517 3
17551537 47
17551571 1
17551643 408
17551711 153
17551711 7884
17551759 5
17551817 27
17551823 52
17551841 16
17551861 3116
17552099 1057
17552147 4
17552167 89
17552167 4184
17552189 4140
17552209 144
17552209 9576
17552239 24
17552267 3249
17552317 1272
17552389 119
17552401 8
17552401 15
17552489 3652
17552641 123
17552707 24
17552779 5
17552803 2388
17552839 41
17552893 5856
17552939 4
17552957 3
17552963 13
17552971 20
17552971 2741
17553013 995
17553077 4
17553113 327
17553119 9
17553119 81
17553119 2397
17553127 528
17553233 7
17553269 12
17553271 285
17553311 13
17553311 840
17553329 7
17553373 2715
17553383 1
17553383 3240
17553433 35
17553433 815
17553629 4
17553629 240
17553629 2691
17553643 17
17553709 104
17553709 504
17553779 64
17553841 528
17553881 28
17553881 88
17553917 264
17553973 3
17554003 21
17554051 5
17554051 309
17554087 2448
17554139 1
17554181 19
17554181 144
17554247 4
17554297 3
17554331 1
17554349 4
17554349 1167
17554357 32
17554409 1107
17554517 15
17554573 8
17554573 12
17554631 168
17554739 9
17554751 4
17554759 12
17554907 9
17554907 64
17555039 3777
17555099 4
17555099 8380
17555123 13
17555201 3
17555249 147
17555303 37
17555333 3
17555381 4
17555387 12
17555453 2911
17555467 8
17555471 249
17555491 456
17555557 7028
17555623 3033
17555731 5
17555963 61
17555963 1180
17555987 97
17556001 800
17556023 1
17556023 1333
17556067 8
17556079 57
17556079 2544
17556089 15
17556089 31
17556113 43
17556131 2176
17556163 20
17556191 1
17556191 60
17556191 3328
17556277 32
17556311 940
17556467 4
17556493 947
17556691 116
17556829 12
17556841 60
17556841 344
17556947 384
17557019 24
17557021 15
17557139 1
17557271 513
17557301 8239
17557321 2163
17557591 41
17557627 9
17557699 1740
17557817 7
17557817 768
17557849 35
17557913 412
17557979 1
17558003 1
17558003 565
17558027 52
17558029 687
17558083 65
17558173 27
17558173 47
17558237 7
17558243 1272
17558287 12
17558339 652
17558353 432
17558357 4
17558383 60
17558477 3
17558503 1608
17558581 120
17558759 1
17558759 12
17558839 77
17558917 3
17558917 699
17558963 28
17559041 156
17559253 8
17559467 2097
17559517 47
17559533 55
17559533 391
17559739 5
17559769 4284
17559851 33
17559851 5184
17559853 3
17559859 21
17559863 1
17559869 19
17559917 40
17559937 12
17560021 531
17560033 8
17560033 116
17560181 99
17560267 65
17560273 207
17560363 41
17560379 1740
17560409 136
17560429 20
17560441 168
17560471 116
17560471 189
17560483 20
17560547 12
17560667 13
17560667 5229
17560687 1145
17560723 20
17560757 3
17560859 1
17560919 4
17561123 1
17561177 4
17561177 43
17561207 120
17561209 11
17561281 4143
17561381 355
17561381 1516
17561413 8
17561413 503
17561461 575
17561471 1
17561507 4
17561507 24
17561507 48
17561507 49
17561543 1
17561591 364
17561639 16
17561801 519
17561977 3
17562059 1
17562059 49
17562113 3
17562143 37
17562143 93
17562169 155
17562169 167
17562187 5
17562187 192
17562211 809
17562341 259
17562379 3165
17562401 31
17562521 15
17562553 32
17562737 264
17562847 5
17562907 1292
17562929 24
17562929 76
17562959 1
17562977 12
17562983 4257
17563003 2237
17563031 21
17563177 3
17563207 9129
17563219 2576
17563291 920
17563379 1
17563379 7396
17563409 72
17563409 156
17563501 7115
17563523 1
17563583 1
17563591 276
17563631 1
17563633 11
17563717 1232
17563751 13
17563751 25
17563919 4
17563921 948
17563967 1965
17563993 3
17563993 131
17564021 583
17564101 3
17564119 4500
17564143 7485
17564207 9
17564219 1
17564219 121
17564219 1432
17564231 1405
17564429 19
17564489 1875
17564527 44
17564549 892
17564669 19
17564669 171
17564731 41
17564731 153
17564819 16
17564819 832
17564867 13
17564891 613
17564909 12
17564929 155
17564929 5399
17564977 320
17564993 2212
17565019 9
17565019 104
17565019 564
17565049 11
17565049 647
17565073 23
17565193 531
17565217 3
17565217 1580
17565221 4
17565221 1528
17565239 76
17565257 24
17565281 28
17565283 8
17565283 4968
17565293 183
17565391 45
17565473 7
17565547 5
17565563 1
17565649 20
17565649 2084
17565649 3215
17565727 137
17565763 108
17565791 1
17565791 3225
17565853 383
17565883 17
17565883 96
17565907 48
17565923 121
17565953 847
17565991 8
17566061 39
17566061 2719
17566069 672
17566123 8
17566123 1212
17566301 808
17566343 1
17566343 12
17566481 79
17566487 177
17566517 4
17566589 27
17566657 308
17566693 11
17566709 7
17566727 9
17566751 1
17566751 13
17566907 7909
17566921 176
17566949 2016
17566973 276
17567003 12
17567051 976
17567051 1396
17567113 3
17567261 60
17567261 1635
17567269 27
17567281 2591
17567353 3
17567441 84
17567447 273
17567453 16
17567513 7020
17567549 156
17567567 3009
17567633 3
17567633 231
17567747 4
17567867 4
17567897 28
17567897 3304
17568059 4
17568059 136
17568149 4
17568151 69
17568181 20
17568181 144
17568197 240
17568203 13
17568241 6276
17568301 8
17568367 2069
17568379 1056
17568443 1
17568503 1
17568547 285
17568569 12
17568631 5
17568637 120
17568709 179
17568779 4716
17568823 957
17568883 125
17568907 5
17568911 3693
17568953 3747
17569031 5808
17569063 177
17569087 180
17569121 100
17569229 15
17569267 392
17569367 88
17569367 1573
17569393 3
17569427 189
17569459 5
17569463 532
17569463 997
17569481 1620
17569543 5
17569597 9224
17569613 7
17569627 8
17569639 977
17569663 2397
17569667 4
17569733 5547
17569807 24
17569847 28
17569961 3
17569987 425
17570123 1
17570219 1
17570239 404
17570249 7
17570261 2044
17570407 9
17570411 1113
17570417 3
17570431 89
17570431 1904
17570437 219
17570437 404
17570447 120
17570471 1
17570477 63
17570569 11
17570593 7983
17570599 177
17570659 525
17570669 619
17570699 120
17570701 7620
17570711 1
17570779 24
17570803 21
17570923 68
17570923 5141
17570963 172
17570983 41
17570983 108
17571019 9
17571023 1
17571023 12
17571053 147
17571077 79
17571107 193
17571131 49
17571167 2952
17571179 12
17571179 5016
17571227 4
17571227 804
17571317 2328
17571397 3
17571403 41
17571431 133
17571431 5509
17571529 147
17571539 1
17571623 45
17571643 81
17571667 888
17571703 81
17571803 217
17571817 8
17571919 81
17571959 1
17572111 24
17572111 81
17572127 37
17572153 75
17572211 108
17572267 5
17572273 195
17572721 39
17572769 5412
17572799 72
17572801 611
17572957 47
17572957 264
17572957 1092
17572993 75
17572999 5
17572999 9
17572999 572
17573033 1908
17573041 11
17573057 63
17573141 15
17573177 232
17573273 1051
17573329 39
17573351 1
17573383 216
17573383 468
17573417 12
17573419 116
17573447 117
17573453 303
17573467 197
17573477 183
17573593 51
17573603 81
17573639 145
17573657 112
17573669 6391
17573813 1251
17573861 171
17573921 204
17573921 4759
17574257 4
17574329 112
17574329 451
17574439 117
17574521 3
17574523 2541
17574539 997
17574541 3
17574541 119
17574629 7
17574629 540
17574653 3
17574863 888
17574877 3
17574877 8015
17574881 31
17574883 80
17574901 1484
17574911 1
17574929 844
17574983 873
17575007 168
17575007 664
17575067 948
17575099 69
17575099 684
17575169 12
17575193 1920
17575237 15
17575241 40
17575273 35
17575391 60
17575463 12
17575559 1972
17575573 7536
17575601 7428
17575619 1
17575661 3
17575673 2580
17575781 136
17575813 1952
17575823 1
17575823 285
17575937 15
17575981 695
17576017 44
17576033 3
17576047 9
17576077 6959
17576081 3
17576107 789
17576201 51
17576203 33
17576257 143
17576309 51
17576309 52
17576423 1
17576477 3
17576519 25
17576609 7
17576617 4887
17576681 3
17576707 53
17576707 3192
17576711 108
17576743 456
17576771 1
17576953 231
17576959 137
17576983 6765
17577059 52
17577059 172
17577169 15
17577193 8
17577199 1032
17577271 69
17577311 24
17577361 284
17577419 1
17577481 771
17577481 7628
17577487 57
17577493 1668
17577557 1299
17577559 2777
17577569 244
17577611 1
17577617 75
17577653 4392
17577739 420
17577761 211
17577803 1
17577803 196
17577809 4
17577887 868
17577991 456
17578063 1041
17578277 12
17578433 75
17578453 87
17578559 1
17578559 4
17578559 1281
17578651 9
17578681 131
17578777 132
17578783 5
17578789 56
17578849 792
17578859 1
17578937 3
17578997 1639
17578999 140
17579101 119
17579143 473
17579231 1
17579267 49
17579279 4
17579279 781
17579279 940
17579311 53
17579357 7
17579371 5
17579437 1440
17579437 5244
17579473 15
17579501 171
17579519 1
17579543 13
17579609 99
17579609 1236
17579621 28
17579621 63
17579663 93
17579711 4
17579719 672
17579827 212
17579867 2593
17579867 2880
17579879 1
17579879 1249
17579899 125
17579917 3
17579951 1
17580011 1
17580029 147
17580049 11
17580067 6213
17580113 3
17580137 520
17580137 748
17580287 117
17580319 20
17580323 1
17580337 315
17580341 43
17580391 1305
17580527 6012
17580551 1
17580631 144
17580701 3
17580713 235
17580791 1
17580803 1581
17580803 4197
17580869 7
17580869 1984
17580911 1
17580917 3
17581007 52
17581093 488
17581121 175
17581121 316
17581139 1
17581139 76
17581159 5
17581199 1
17581271 333
17581301 1563
17581463 52
17581601 43
17581639 1124
17581649 7
17581657 59
17581657 335
17581747 8
17581909 1295
17581937 8283
17581951 21
17581981 1976
17582017 588
17582023 5925
17582041 4328
17582119 605
17582291 196
17582303 1
17582311 836
17582417 12
17582423 1
17582431 141
17582449 27
17582483 1
17582503 4377
17582569 39
17582599 2492
17582623 2313
17582639 1
17582713 20
17582791 240
17582827 20
17582861 3
17582897 3
17582897 4
17582927 840
17582933 8628
17582941 344
17582959 65
17583047 57
17583161 7788
17583187 185
17583197 99
17583317 3
17583329 967
17583359 649
17583373 272
17583427 77
17583509 51
17583557 7
17583563 28
17583563 105
17583617 100
17583617 3612
17583619 9
17583637 252
17583719 1
17583733 1476
17583739 549
17583749 15
17583751 936
17583767 4
17583791 5173
17583823 68
17583857 52
17583859 5
17583971 73
17584019 4
17584153 8
17584163 1
17584267 12
17584283 33
17584379 21
17584381 11
17584421 228
17584493 12
17584507 2853
17584571 1
17584591 21
17584631 7704
17584661 588
17584663 17
17584741 299
17584789 8055
17584793 52
17584849 60
17584901 5191
17584927 132
17584943 1
17584993 731
17585069 19
17585177 5163
17585369 4159
17585371 645
17585419 32
17585437 8
17585437 44
17585509 224
17585543 265
17585651 1
17585653 2828
17585657 3
17585669 3640
17585681 1156
17585719 729
17585801 3
17585801 55
17585891 25
17585891 888
17585891 2104
17585923 2877
17585927 93
17585999 597
17586043 20
17586059 4
17586139 5885
17586187 5
17586187 65
17586193 8
17586241 123
17586241 7415
17586251 1
17586281 940
17586461 3
17586479 12
17586479 3352
17586623 288
17586659 69
17586659 537
17586713 31
17586713 5391
17586719 4
17586719 9
17586773 5872
17586791 1
17586893 3
17586893 1911
17587033 3
17587033 683
17587123 4152
17587181 235
17587289 684
17587307 7692
17587309 47
17587313 48
17587313 396
17587343 1
17587357 3
17587357 75
17587391 2256
17587547 7917
17587681 8
17587681 36
17587727 4
17587747 1077
17587753 6747
17587763 1
17587789 32
17587807 545
17587859 1
17587909 39
17587931 4
17588017 27
17588059 6204
17588093 8772
17588317 180
17588317 1244
17588317 4392
17588321 136
17588341 191
17588423 12
17588507 12
17588531 1780
17588531 8740
17588729 64
17588731 5
17588743 120
17588843 132
17588881 836
17588899 9
17588969 51
17589071 24
17589071 93
17589151 489
17589179 3636
17589217 8
17589263 13
17589331 1173
17589331 3533
17589371 1
17589449 2155
17589487 189
17589491 108
17589511 9
17589511 228
17589553 3
17589601 48
17589613 48
17589629 375
17589673 2667
17589721 99
17589739 7349
17589751 33
17589791 21
17589821 124
17589937 519
17589959 4
17589983 1
17589983 36
17590057 347
17590063 21
17590063 32
17590081 1088
17590091 1
17590103 1
17590103 37
17590357 699
17590357 2004
17590369 5700
17590373 60
17590373 507
17590379 177
17590459 8909
17590477 3
17590537 1592
17590537 2504
17590621 371
17590627 48
17590679 1
17590691 1
17590739 1
17590777 27
17590819 89
17590829 15
17590861 236
17590871 96
17590901 3943
17590933 4151
17591033 88
17591111 16
17591239 1037
17591293 63
17591303 1
17591347 5
17591351 273
17591437 3
17591459 1
17591479 216
17591479 341
17591507 13
17591543 1
17591579 3277
17591611 8
17591621 8784
17591831 1
17591843 16
17591843 6561
17591897 79
17591969 136
17591969 639
17592083 1
17592083 3216
17592103 65
17592103 240
17592109 152
17592149 211
17592187 92
17592293 511
17592301 3
17592313 2432
17592359 12
17592371 33
17592373 63
17592373 455
17592389 531
17592479 1
17592517 3
17592517 8
17592571 1089
17592629 15
17592629 91
17592811 84
17592823 7817
17592853 3
17592919 972
17592973 3
17593001 7023
17593003 5
17593039 17
17593057 8
17593057 360
17593133 88
17593159 56
17593159 464
17593189 24
17593217 3
17593231 356
17593231 2520
17593313 7
17593319 1
17593441 3
17593451 1
17593489 267
17593519 29
17593531 8
17593547 177
17593573 3
17593603 80
17593637 4
17593661 55
17593663 488
17593679 216
17593703 7861
17593747 12
17593769 207
17593819 17
17593909 135
17593931 1
17593931 105
17593931 1884
17593991 484
17594107 29
17594147 7968
17594153 751
17594341 284
17594443 17
17594527 153
17594593 95
17594659 132
17594719 29
17594777 3
17594789 4
17594789 711
17594867 5509
17594879 4
17594911 8
17595001 3
17595029 7
17595077 124
17595241 1188
17595247 180
17595283 381
17595283 705
17595307 17
17595397 2280
17595467 4
17595619 7092
17595661 8
17595827 93
17595883 2157
17595887 9
17595911 1
17595961 2343
17595971 1
17595973 951
17596057 143
17596123 9401
17596199 120
17596259 4
17596303 420
17596333 3
17596531 156
17596597 147
17596619 1
17596637 3
17596643 1
17596643 105
17596661 3
17596669 192
17596703 1881
17596703 2101
17596727 4
17596741 275
17596763 1473
17596811 4
17596861 555
17596903 836
17596919 1
17596919 9237
17596937 159
17597003 1
17597039 1
17597039 57
17597053 75
17597117 2883
17597123 237
17597207 1593
17597221 3
17597357 4
17597407 4133
17597479 225
17597509 4704
17597597 4
17597647 4173
17597717 184
17597729 7
17597759 1
17597759 4
17597777 4
17597831 1
17597843 1
17597843 16
17597947 20
17597947 168
17598029 4
17598103 161
17598103 965
17598127 4664
17598299 1
17598379 5
17598401 1071
17598431 541
17598457 668
17598463 32
17598551 1
17598551 25
17598577 3
17598599 232
17598677 735
17598709 15
17598709 380
17598709 3047
17598773 108
17598871 201
17598901 15
17598943 33
17598953 12
17598991 221
17599069 11
17599069 251
17599139 21
17599139 325
17599261 440
17599277 7
17599303 8192
17599357 23
17599381 3
17599381 491
17599397 4
17599399 9
17599613 327
17599613 3855
17599651 5
17599691 1
17599711 5
17599727 64
17599727 1257
17599733 31
17599891 8
17599931 1
17600101 716
17600161 15
17600299 9
17600299 9000
17600347 3444
17600377 387
17600383 68
17600383 81
17600393 63
17600411 61
17600659 5
17600809 59
17600809 2571
17600959 12
17600981 24
17600981 600
17601043 5
17601047 4
17601119 1
17601119 4
17601119 1477
17601253 11
17601313 20
17601373 12
17601401 999
17601439 240
17601449 7260
17601517 12
17601599 1
17601659 1
17601761 204
17601841 20
17601949 159
17602009 171
17602031 1128
17602033 72
17602033 128
17602049 4
17602063 345
17602127 1317
17602139 204
17602183 5
17602223 1
17602229 6679
17602279 3321
17602433 1948
17602457 7
17602511 4384
17602573 11
17602579 72
17602619 1
17602649 51
17602657 248
17602657 540
17602703 1
17602703 37
17602703 2733
17602729 5775
17602789 2004
17602919 9381
17602931 81
17602961 3
17602979 1
17603023 12
17603141 3
17603171 6913
17603237 27
17603263 5
17603281 23
17603317 3
17603357 3
17603371 1988
17603471 36
17603501 3
17603503 21
17603549 655
17603561 280
17603581 3
17603587 452
17603611 8141
17603659 416
17603689 24
17603797 2235
17603821 3
17603893 12
17603951 4
17604053 3
17604091 5
17604121 144
17604121 735
17604151 8
17604287 4
17604347 8389
17604437 3
17604443 12
17604487 12
17604487 752
17604491 1
17604491 3720
17604527 628
17604553 296
17604557 3
17604569 255
17604599 1
17604599 4
17604619 44
17604667 3405
17604709 11
17604721 176
17604733 3
17604733 1023
17604751 21
17604791 49
17604791 3028
17604799 44
17604803 13
17604857 1800
17604871 284
17604907 8193
17604971 9
17604971 21
17604989 112
17604991 53
17605019 1
17605109 3360
17605127 37
17605151 1
17605199 69
17605199 105
17605249 1935
17605321 83
17605417 72
17605463 72
17605477 1083
17605501 3
17605583 45
17605607 12
17605817 1167
17605853 15
17605853 283
17605853 2680
17605949 64
17606011 108
17606089 15
17606093 55
17606111 168
17606111 193
17606129 4024
17606159 12
17606167 57
17606227 48
17606227 72
17606227 2765
17606231 16
17606231 76
17606243 1
17606297 552
17606297 8364
17606377 4520
17606411 885
17606423 1
17606453 492
17606453 3007
17606467 1725
17606549 100
17606549 907
17606579 640
17606591 1
17606591 9
17606627 4
17606647 44
17606669 19
17606723 5193
17606821 911
17606837 7
17606837 12
17606851 5
17606881 204
17606947 3393
17607001 3
17607011 465
17607047 133
17607071 1
17607071 1029
17607119 25
17607133 3
17607221 3
17607299 8244
17607313 95
17607353 7
17607353 15
17607367 8
17607367 2549
17607367 8825
17607617 43
17607619 20
17607743 1
17607791 1473
17607817 9524
17607839 1572
17607871 5
17607917 4
17607917 28
17607991 9828
17608007 88
17608049 7
17608091 781
17608091 1204
17608247 405
17608259 4632
17608289 891
17608343 5881
17608351 1524
17608387 108
17608387 7589
17608391 145
17608397 7
17608429 491
17608541 675
17608607 225
17608637 1395
17608673 31
17608709 31
17608757 4
17608769 4
17608783 7340
17608813 5580
17608819 344
17608819 1464
17608847 253
17608867 65
17608891 5
17608901 31
17608919 1
17609087 1584
17609107 6069
17609233 560
17609287 432
17609287 6888
17609353 336
17609381 19
17609381 4035
17609429 7
17609461 608
17609479 3120
17609509 1260
17609533 152
17609617 5484
17609681 5788
17609719 1041
17609719 2420
17609723 1
17609959 5
17609993 3
17610023 3801
17610067 104
17610247 84
17610287 265
17610287 1333
17610371 13
17610371 2080
17610401 3
17610503 1
17610503 21
17610503 1432
17610503 2272
17610547 125
17610559 12
17610613 56
17610629 187
17610653 2248
17610731 1
17610833 220
17610841 860
17610871 24
17610919 9816
17610949 71
17610959 1
17610961 4256
17611003 57
17611049 4
17611049 2764
17611277 3
17611313 240
17611313 268
17611313 2632
17611327 5
17611333 3
17611333 8
17611333 132
17611361 280
17611387 152
17611397 999
17611421 3
17611483 3192
17611577 7
17611691 13
17611753 816
17611799 1
17611801 7883
17611807 80
17611849 8876
17611873 12
17611927 4172
17611931 1
17611931 4
17611967 69
17611967 4393
17611967 7773
17612041 3
17612129 2404
17612173 47
17612173 60
17612383 20
17612383 197
17612461 6723
17612513 16
17612579 160
17612593 12
17612593 48
17612711 1
17612711 828
17612723 1
17612729 1675
17612737 263
17612747 12
17612807 72
17612807 3304
17612879 1617
17612891 1
17612891 8148
17612909 1015
17612941 44
17612941 1004
17612953 5291
17613007 149
17613097 4355
17613151 5
17613251 129
17613251 7648
17613283 245
17613283 3573
17613311 1
17613371 801
17613389 16
17613413 4080
17613473 151
17613481 1788
17613523 8
17613523 8748
17613553 3
17613569 1224
17613601 36
17613619 140
17613691 861
17613719 100
17613733 11
17613773 67
17613803 40
17613803 900
17613857 1092
17613857 1180
17613863 936
17613907 128
17613949 24
17613949 359
17613949 8147
17613971 28
17613977 2707
17614013 775
17614031 3169
17614033 1640
17614063 365
17614063 1328
17614127 189
17614139 7485
17614141 671
17614141 2784
17614271 2376
17614277 2004
17614433 12
17614559 1
17614591 8
17614609 92
17614621 299
17614657 168
17614673 7
17614673 12
17614721 3
17614721 15
17614813 3
17614837 192
17614889 147
17614901 3
17614979 1
17614979 576
17614999 5
17614999 1529
17615023 8
17615113 3
17615131 80
17615137 92
17615159 4
17615197 39
17615237 3
17615237 3444
17615393 456
17615473 8
17615561 4
17615561 19
17615629 11
17615629 5127
17615797 32
17615833 11
17615891 49
17615977 47
17615989 5915
17616031 321
17616041 2604
17616083 1
17616089 307
17616089 415
17616103 225
17616103 2505
17616119 21
17616133 500
17616167 729
17616223 1065
17616227 124
17616241 8
17616353 3
17616371 1701
17616527 112
17616637 3
17616647 13
17616673 8
17616679 17
17616701 4
17616719 1
17616791 9
17616791 13
17616791 61
17616803 1
17616803 7321
17616899 1
17617027 552
17617153 36
17617157 147
17617183 12
17617213 8
17617279 44
17617307 57
17617367 4
17617381 95
17617387 5813
17617409 4
17617409 91
17617451 300
17617463 696
17617507 5
17617547 1609
17617591 20
17617643 433
17617651 321
17617679 2452
17617723 6512
17617739 1
17617751 2761
17617757 3
17617777 44
17617777 9708
17617879 5
17617937 39
17617973 36
17617991 1
17618009 115
17618057 7
17618077 27
17618269 1487
17618281 8
17618527 3264
17618551 273
17618603 1
17618609 51
17618677 1263
17618927 1428
17618933 135
17619013 3
17619013 15
17619029 15
17619029 1156
17619103 60
17619113 27
17619113 123
17619131 384
17619181 768
17619197 4
17619247 9944
17619281 1843
17619317 352
17619409 455
17619487 60
17619521 3
17619571 221
17619571 240
17619611 4
17619647 4
17619649 579
17619653 1768
17619677 48
17619739 296
17619743 1897
17619781 600
17619793 167
17619799 5
17619799 21
17619851 1981
17619887 4
17619887 12
17619913 11
17619919 1196
17619961 20
17620019 1
17620021 24
17620111 5
17620117 68
17620133 7
17620237 588
17620403 96
17620403 2068
17620523 1
17620579 9
17620703 25
17620703 105
17620703 177
17620739 669
17620787 1480
17620807 548
17620913 667
17620919 4
17620937 280
17620937 315
17620969 272
17620997 4
17621063 1
17621063 336
17621063 1825
17621101 11
17621119 332
17621147 4
17621147 213
17621207 4
17621207 13
17621221 1155
17621327 4773
17621399 1261
17621489 64
17621491 84
17621563 72
17621621 16
17621621 3168
17621623 36
17621627 132
17621651 1
17621761 4160
17621777 232
17621827 149
17621867 1209
17621951 4
17621963 1
17622041 3
17622079 737
17622191 13
17622313 72
17622313 1712
17622349 2307
17622383 1
17622383 13
17622427 12
17622427 84
17622551 21
17622551 121
17622599 1281
17622641 2043
17622653 7
17622653 1323
17622719 1
17622719 64
17622751 5
17622827 252
17622893 243
17622929 2611
17622959 1
17622967 2573
17623049 391
17623061 36
17623103 1
17623147 908
17623253 103
17623253 987
17623297 1487
17623303 8
17623349 39
17623429 120
17623483 41
17623499 1
17623517 4080
17623547 2388
17623579 36
17623601 3
17623601 15
17623651 233
17623667 424
17623667 1312
17623807 77
17623813 536
17623843 45
17623843 6792
17623889 447
17623961 3
17623961 276
17623979 2892
17624041 11
17624111 144
17624177 3
17624177 12
17624177 19
17624273 2991
17624297 2784
17624309 4
17624339 9985
17624357 4
17624501 1315
17624573 7771
17624587 117
17624687 4
17624687 189
17624687 1357
17624689 71
17624707 45
17624707 417
17624713 11
17624753 7
17624753 2283
17624813 3
17624813 1363
17624843 253
17624843 5440
17624891 85
17624941 1671
17624963 1
17625077 187
17625079 5
17625161 6804
17625211 396
17625259 21
17625259 104
17625271 440
17625451 5
17625451 348
17625457 3
17625467 2025
17625479 1
17625637 923
17625661 131
17625779 12
17625781 4436
17625809 4
17625809 24
17625809 99
17625983 1
17626019 1
17626061 3
17626121 4
17626223 1
17626333 56
17626379 25
17626391 76
17626513 3
17626537 3
17626537 8
17626537 32
17626571 1
17626601 19
17626601 2940
17626613 7
17626681 60
17626709 804
17626709 844
17626891 384
17626919 1
17626991 304
17627107 6825
17627123 237
17627321 3
17627321 4
17627347 65
17627369 1891
17627461 3
17627531 1
17627537 3
17627551 36
17627587 5585
17627671 29
17627671 36
17627717 304
17627777 55
17627903 177
17627921 91
17628043 1877
17628059 1
17628059 825
17628131 124
17628157 504
17628187 200
17628211 4389
17628211 9444
17628253 1155
17628263 1
17628283 5
17628293 3
17628293 243
17628463 2052
17628509 7
17628601 8
17628623 1
17628703 21
17628733 3
17628757 3
17628757 23
17628757 6104
17628763 6696
17628769 7991
17628829 20
17628841 104
17628887 37
17628887 5785
17628943 56
17628991 8
17629067 4
17629067 48
17629103 1
17629121 3171
17629123 5
17629123 20
17629223 9420
17629307 633
17629309 1691
17629351 1020
17629379 1
17629439 84
17629457 12
17629537 59
17629537 7155
17629543 177
17629553 3
17629589 31
17629589 64
17629639 36
17629673 412
17629681 231
17629693 1331
17629771 36
17629771 413
17629903 81
17630021 363
17630047 5
17630059 236
17630117 55
17630177 112
17630189 1227
17630191 7005
17630297 4135
17630341 155
17630453 288
17630519 537
17630531 1
17630563 21
17630659 5385
17630797 168
17630827 8
17630923 57
17631079 605
17631083 8173
17631143 1
17631143 73
17631169 60
17631169 140
17631181 203
17631197 447
17631301 8
17631307 89
17631443 33
17631463 156
17631463 8220
17631479 1
17631521 148
17631577 1359
17631589 564
17631629 3660
17631631 84
17631631 89
17631673 215
17631673 2403
17631709 12
17631811 396
17631841 1328
17631851 1
17631863 1
17631883 468
17631893 36
17631893 8731
17631937 2475
17631947 8289
17631959 1
17631967 9
17632051 560
17632063 32
17632103 1405
17632123 17
17632151 1
17632151 2848
17632331 100
17632481 84
17632481 691
17632541 4
17632577 3
17632579 21
17632579 6189
17632607 13
17632619 1
17632631 2265
17632837 59
17632847 4
17632847 37
17632847 145
17632847 288
17632871 1
17632939 65
17632939 204
17633009 555
17633069 16
17633117 2155
17633129 4
17633281 2088
17633293 12
17633351 1
17633411 6304
17633417 7
17633419 17
17633449 1616
17633491 593
17633519 1
17633521 24
17633521 908
17633557 327
17633579 1
17633579 61
17633647 1124
17633753 15
17633753 175
17633753 1876
17633809 287
17633809 492
17633963 1
17633969 4
17633971 29
17634101 3
17634101 28
17634119 1
17634179 3601
17634187 8
17634203 505
17634313 1527
17634329 636
17634473 12
17634479 1165
17634493 3
17634577 24
17634599 129
17634611 9
17634689 4584
17634709 351
17634713 7
17634713 7983
17634779 709
17634803 1
17634863 12
17634931 8
17634931 4721
17634931 9249
17634937 332
17635141 6803
17635183 5
17635213 27
17635217 4
17635217 160
17635217 819
17635333 3
17635433 7
17635433 15
17635433 276
17635483 6012
17635523 132
17635531 45
17635573 3
17635679 4276
17635769 67
17635777 3
17635777 168
17635801 375
17635811 1
17635811 204
17635831 549
17635999 24
17636071 21
17636071 33
17636071 56
17636251 521
17636299 80
17636417 387
17636539 756
17636543 7116
17636639 1
17636639 1717
17636677 227
17636743 5
17636777 243
17636833 11
17636833 4587
17636887 773
17637077 24
17637083 5425
17637127 180
17637241 96
17637289 20
17637299 1
17637299 9
17637299 96
17637391 24
17637443 208
17637443 696
17637509 147
17637553 740
17637623 12
17637647 9
17637799 540
17637821 19
17637821 1104
17637827 12
17637883 113
17637901 960
17637929 2976
17638009 5744
17638031 6160
17638063 380
17638139 3676
17638199 1
17638199 1161
17638249 4187
17638253 3348
17638259 1
17638273 11
17638391 9
17638417 3
17638457 28
17638477 3
17638477 60
17638513 156
17638531 2321
17638661 60
17638781 115
17638807 5
17638807 9
17638837 3
17638867 5
17638879 960
17638891 228
17638909 56
17638913 12
17638939 41
17638949 52
17638981 296
17639029 164
17639129 4
17639179 12
17639179 17
17639179 89
17639189 12
17639207 25
17639207 148
17639249 3276
17639249 5059
17639267 4
17639287 5
17639333 36
17639381 4
17639399 9
17639443 1220
17639473 1016
17639483 1
17639519 25
17639593 723
17639603 1
17639681 79
17639759 21
17639779 24
17639819 249
17639821 3
17639821 119
17639911 324
17639981 15
17640031 93
17640047 1168
17640059 12
17640137 5583
17640193 3095
17640221 3
17640221 28
17640247 809
17640307 8
17640331 24
17640401 4
17640401 31
17640401 1716
17640431 1
17640433 3
17640437 264
17640461 19
17640481 3
17640481 2924
17640499 140
17640521 2536
17640533 588
17640547 33
17640617 55
17640709 11
17640719 1
17640719 180
17640757 27
17640809 12
17640871 8024
17640919 56
17640979 216
17641003 1073
17641003 2820
17641007 117
17641021 3
17641021 120
17641031 1
17641031 2061
17641067 9
17641187 4
17641199 1
17641213 3
17641213 32
17641259 1
17641271 1
17641303 456
17641331 1356
17641453 8
17641513 516
17641523 1
17641523 12
17641607 145
17641643 192
17641717 2387
17641751 1
17641763 1
17641763 7068
17641879 9
17641879 5304
17641891 293
17641909 4572
17641919 1
17642137 3
17642143 221
17642153 136
17642227 20
17642291 1
17642291 4
17642291 121
17642477 3159
17642501 3
17642519 1
17642749 684
17642783 5980
17642819 1
17642827 357
17642831 7885
17642843 1
17642843 85
17642921 3
17642921 4
17642927 4
17642981 3
17642981 2331
17643083 60
17643113 60
17643289 1220
17643389 15
17643401 19
17643401 243
17643719 4
17643757 3
17643767 4
17643811 45
17643877 20
17643877 2703
17643971 13
17644169 612
17644213 288
17644279 5076
17644387 2553
17644489 179
17644511 21
17644541 9531
17644681 291
17644681 4691
17644747 4668
17644751 4
17644763 13
17644777 24
17644829 9352
17644843 5
17644843 45
17644843 5693
17644867 3593
17644877 372
17644889 436
17644897 3
17644943 1
17644951 9
17644973 7
17644987 104
17645101 3
17645213 3
17645233 3
17645273 3
17645273 27
17645359 80
17645359 765
17645389 12
17645399 4
17645423 13
17645431 8
17645431 41
17645557 3
17645557 372
17645567 97
17645671 1184
17645729 7
17645759 4
17645773 111
17645791 20
17645791 821
17645801 28
17645839 5
17645839 65
17645869 119
17646047 3900
17646073 8060
17646107 892
17646121 6360
17646169 900
17646179 1
17646227 33
17646227 225
17646227 460
17646281 511
17646283 77
17646287 60
17646287 1789
17646311 4
17646361 531
17646371 25
17646491 2688
17646631 24
17646631 696
17646677 64
17646689 1039
17646913 120
17646943 8
17646943 7968
17646971 1
17646997 504
17647033 8
17647111 44
17647151 885
17647171 188
17647183 36
17647303 72
17647303 92
17647351 41
17647369 2015
17647397 12
17647397 700
17647423 333
17647453 3
17647453 36
17647459 176
17647537 3
17647537 60
17647583 88
17647583 1456
17647603 8156
17647891 69
17647943 585
17647943 1560
17647967 273
17647967 484
17647967 4380
17647991 49
17648009 436
17648053 35
17648063 1
17648143 80
17648303 97
17648369 72
17648369 172
17648369 8755
17648381 235
17648387 37
17648531 4
17648597 4
17648599 765
17648621 4
17648627 12
17648633 256
17648633 960
17648651 1
17648651 313
17648711 465
17648723 1
17648773 4272
17648857 1703
17648879 297
17649011 304
17649067 384
17649127 4485
17649161 4
17649161 40
17649173 48
17649187 1629
17649217 15
17649301 3
17649377 484
17649559 225
17649589 1224
17649601 560
17649623 960
17649631 41
17649631 7868
17649773 1603
17649869 160
17649869 292
17649899 1
17650019 1
17650019 16
17650133 3
17650141 1464
17650187 28
17650201 944
17650309 2175
17650313 1743
17650319 217
17650327 6392
17650433 16
17650489 11
17650553 52
17650621 1308
17650631 21
17650657 4899
17650691 4
17650757 15
17650819 5
17650967 160
17650967 385
17651147 1629
17651261 31
17651261 75
17651269 1256
17651317 248
17651339 1
17651339 1021
17651341 11
17651341 84
17651377 3
17651393 708
17651393 823
17651449 32
17651449 875
17651489 52
17651507 2833
17651519 4
17651521 3
17651533 2123
17651609 4
17651657 127
17651659 1916
17651717 148
17651813 3
17651947 249
17651987 9
17651987 9540
17652209 4
17652227 40
17652277 35
17652331 624
17652337 5148
17652473 147
17652491 24
17652529 24
17652541 131
17652553 15
17652553 872
17652611 4
17652611 964
17652751 341
17652757 3
17652781 1524
17652809 12
17652829 11
17652863 1
17652907 8
17652989 7
17653007 12
17653117 8
17653151 60
17653183 8
17653231 21
17653243 5
17653243 65
17653267 8457
17653289 3184
17653297 3783
17653303 137
17653303 1353
17653457 304
17653613 880
17653631 24
17653661 4
17653681 620
17653703 1
17653841 195
17653859 300
17653861 2076
17653873 167
17653931 1
17653943 13
17653943 33
17654023 32
17654057 55
17654083 5
17654083 68
17654107 6569
17654113 63
17654207 805
17654257 368
17654333 16
17654339 4
17654341 5300
17654369 2332
17654443 20
17654443 2145
17654447 73
17654447 309
17654479 60
17654491 5
17654521 164
17654597 588
17654603 1
17654603 13
17654603 2172
17654627 4
17654627 7000
17654713 896
17654713 3596
17654719 260
17654759 849
17654773 11
17654783 1
17654783 12
17654941 3
17654941 68
17654947 29
17655017 3
17655059 9
17655097 63
17655217 3
17655251 1
17655251 24
17655271 309
17655289 371
17655311 1
17655311 4
17655343 56
17655353 3
17655353 667
17655377 643
17655383 577
17655383 1888
17655437 3
17655527 13
17655569 247
17655593 3
17655593 6847
17655607 5
17655611 1
17655613 48
17655619 1256
17655619 8001
17655689 4
17655761 3
17655763 2037
17655811 209
17655817 60
17655821 79
17655899 4
17655923 1
17655931 9
17656031 1420
17656031 1581
17656033 63
17656039 185
17656069 6015
17656189 95
17656193 7
17656193 27
17656229 187
17656307 33
17656313 3
17656357 132
17656393 20
17656477 15
17656501 423
17656501 1235
17656559 37
17656607 364
17656669 104
17656783 57
17656867 17
17656867 177
17656943 52
17657119 1121
17657173 6128
17657179 509
17657207 33
17657207 60
17657249 55
17657291 4
17657303 1
17657303 1056
17657417 235
17657443 705
17657551 4304
17657581 528
17657597 240
17657657 1224
17657753 48
17657791 5
17657791 161
17657797 83
17657819 1
17657863 5
17657881 371
17657881 444
17657909 24
17657987 504
17657987 925
17658059 9
17658061 11
17658077 124
17658203 181
17658233 3
17658449 7
17658451 240
17658479 1
17658493 20
17658497 12
17658497 1243
17658517 539
17658551 1
17658551 6189
17658647 93
17658673 32
17658679 209
17658743 1
17658743 1248
17658749 4
17658749 4507
17658799 1340
17658803 16
17658827 64
17658899 2005
17658929 112
17658929 300
17659007 37
17659007 2020
17659013 12
17659099 2441
17659121 36
17659121 75
17659259 1
17659261 3
17659339 77
17659373 15
17659381 3
17659381 155
17659399 612
17659409 4
17659487 9
17659487 544
17659511 1
17659613 808
17659657 35
17659679 396
17659781 2884
17659781 3288
17659849 32
17659931 4
17659933 8
17659963 45
17659963 108
17659981 60
17659997 3
17660011 173
17660023 473
17660219 52
17660221 3
17660231 61
17660231 193
17660231 7033
17660303 9117
17660311 2084
17660393 3
17660429 8284
17660473 15
17660509 576
17660551 5981
17660567 1125
17660593 968
17660609 4
17660639 25
17660641 24
17660651 1
17660707 284
17660719 7572
17660891 16
17660891 301
17660897 55
17660927 24
17660933 3
17661023 1
17661169 12
17661169 35
17661299 624
17661323 316
17661367 20
17661389 52
17661461 3
17661461 9151
17661481 1811
17661503 1
17661503 132
17661571 33
17661647 48
17661647 4428
17661689 4
17661731 84
17661851 1
17661869 3204
17661901 8
17661977 8407
17662081 48
17662097 7
17662129 35
17662223 1788
17662241 120
17662397 4
17662397 15
17662397 19
17662399 21
17662433 48
17662487 7413
17662499 1
17662499 96
17662531 141
17662573 3
17662627 2004
17662679 1
17662693 236
17662747 180
17662783 45
17662783 105
17662793 1051
17662819 21
17662849 540
17662871 1
17662877 748
17662891 9
17662991 9
17663039 9
17663111 1
17663197 3
17663197 104
17663203 12
17663231 1
17663237 52
17663263 5657
17663281 3011
17663311 8589
17663351 1
17663377 107
17663377 200
17663383 2712
17663413 171
17663419 9657
17663449 20
17663501 15
17663543 1
17663543 13
17663549 111
17663567 40
17663621 399
17663713 12
17663753 1876
17663761 3
17663761 11
17663771 1
17663803 72
17663803 2016
17663803 5717
17663809 512
17663879 1
17663923 716
17664061 8
17664067 237
17664107 297
17664233 27
17664323 1
17664329 4
17664331 6929
17664337 92
17664359 1
17664407 2113
17664463 17
17664553 3
17664553 588
17664611 1
17664653 3
17664679 5
17664679 2405
17664719 1
17664827 25
17664827 64
17664841 3
17664863 1
17664883 33
17664979 20
17665061 235
17665069 1539
17665171 101
17665189 2840
17665223 1
17665229 256
17665229 1159
17665237 3423
17665433 36
17665477 3
17665477 324
17665559 1
17665559 4
17665619 1
17665651 5
17665759 17
17665759 92
17665831 156
17665841 3076
17665861 23
17665861 591
17665903 936
17665961 3
17666003 1
17666053 1088
17666069 19
17666147 24
17666167 77
17666171 276
17666183 28
17666273 283
17666303 52
17666309 352
17666339 1
17666347 1793
17666443 3480
17666471 208
17666489 84
17666527 8
17666609 1351
17666639 4
17666647 393
17666653 116
17666741 8479
17666801 4
17666801 24
17666813 3
17666837 15
17666917 1152
17666953 12
17666953 200
17667101 1516
17667203 1
17667203 13
17667203 16
17667217 5027
17667227 3328
17667239 1
17667439 5
17667449 1792
17667493 780
17667509 6096
17667541 39
17667581 9340
17667673 48
17667697 144
17667707 1369
17667719 705
17667763 2580
17667791 13
17667821 48
17667941 19
17667977 12
17668033 11
17668103 7393
17668207 93
17668283 37
17668291 5
17668303 21
17668303 57
17668303 240
17668319 100
17668319 445
17668327 444
17668331 1
17668333 3
17668349 607
17668379 1
17668379 4
17668397 3
17668397 64
17668489 860
17668619 112
17668691 1
17668691 4
17668697 387
17668699 17
17668877 3
17668979 121
17669051 1
17669053 1287
17669063 1821
17669147 9
17669153 840
17669177 48
17669293 3
17669417 3
17669417 4
17669429 4
17669447 2497
17669503 17
17669503 213
17669551 5
17669551 8
17669569 92
17669599 12
17669653 15
17669777 363
17669801 364
17669833 3
17669857 3
17670067 8
17670109 1460
17670151 216
17670203 1
17670239 1
17670311 1
17670311 13
17670329 15
17670329 2271
17670337 12
17670347 4
17670439 4721
17670493 11
17670493 396
17670517 2159
17670619 20
17670619 32
17670623 1
17670691 41
17670727 12
17670749 151
17670767 273
17670791 1
17670841 96
17670857 468
17670857 5527
17670929 4
17670967 33
17671009 84
17671051 9885
17671079 1
17671091 4
17671133 583
17671141 3
17671141 1184
17671343 1
17671343 12
17671343 628
17671343 7617
17671441 3
17671499 1
17671523 7428
17671529 331
17671603 20
17671657 3
17671741 276
17671757 88
17671783 5613
17671873 27
17671873 191
17671937 3
17672009 7
17672131 1608
17672143 140
17672173 15
17672233 8
17672243 1
17672309 52
17672341 6171
17672357 27
17672407 5
17672407 717
17672411 4
17672429 619
17672453 96
17672461 35
17672461 104
17672461 3011
17672519 1
17672549 780
17672581 51
17672581 5915
17672591 268
17672621 4
17672621 55
17672663 1
17672663 4201
17672719 2820
17672777 52
17672857 183
17672951 1
17672951 4
17672999 256
17672999 865
17673017 3
17673101 3
17673101 223
17673121 3
17673181 35
17673181 803
17673311 109
17673323 60
17673329 72
17673367 5
17673517 3039
17673577 1403
17673599 297
17673793 227
17673823 72
17673899 1
17673941 535
17674031 1
17674039 9384
17674073 15
17674073 16
17674073 235
17674381 1668
17674451 1
17674451 33
17674477 48
17674487 5712
17674499 1861
17674499 4080
17674523 6741
17674739 381
17674793 7
17674799 4
17674799 21
17674817 27
17674817 4672
17674967 132
17675033 1896
17675057 75
17675137 120
17675153 1935
17675167 300
17675173 12
17675173 68
17675221 8708
17675261 4
17675269 312
17675369 4
17675369 1027
17675401 8
17675429 16
17675459 1
17675533 4743
17675591 24
17675621 43
17675629 236
17675653 3
17675701 23
17675759 4
17675849 120
17675851 456
17675887 33
17675887 1313
17675953 972
17675981 16
17675989 36
17676037 372
17676041 19
17676067 7572
17676101 36
17676157 1364
17676221 4
17676227 1033
17676247 1257
17676299 1
17676377 52
17676383 25
17676389 6955
17676419 729
17676431 180
17676497 27
17676521 51
17676553 12
17676587 2037
17676611 1
17676611 4
17676647 373
17676667 540
17676773 51
17676809 1395
17676847 177
17676881 255
17676887 4
17676887 88
17676959 16
17676977 3
17677039 1917
17677043 1
17677057 128
17677057 1143
17677139 1
17677151 1
17677151 25
17677159 5
17677207 20
17677207 4329
17677279 12
17677337 19
17677441 668
17677463 3732
17677469 12
17677469 195
17677573 948
17677783 288
17677819 5
17677831 5
17677837 3
17677837 8
17677889 67
17677987 53
17678107 993
17678137 300
17678179 1805
17678201 51
17678239 245
17678399 1
17678399 21
17678413 75
17678443 5
17678447 9
17678473 2336
17678497 4139
17678509 15
17678537 787
17678621 3
17678621 7216
17678659 5
17678747 765
17678879 1
17679119 49
17679127 8
17679187 29
17679199 5
17679239 4
17679251 1
17679499 1992
17679551 9
17679559 5796
17679577 3
17679631 1325
17679659 1
17679659 324
17679679 12
17679679 20
17679707 4
17679749 1291
17679787 5
17679803 1
17679887 565
17679887 1545
17679911 1
17679917 3
17679917 28
17679967 2024
17680097 39
17680139 1
17680171 260
17680177 143
17680193 1836
17680219 5105
17680283 60
17680291 1688
17680303 576
17680409 12
17680451 1
17680451 225
17680513 215
17680513 803
17680541 16
17680567 4832
17680763 1252
17680823 1
17680889 111
17680889 135
17680979 1
17681021 1180
17681093 7
17681113 3
17681263 53
17681311 9809
17681351 4
17681371 5
17681467 380
17681473 8568
17681491 7161
17681567 109
17681591 84
17681593 435
17681633 567
17681663 1
17681707 9
17681743 392
17681771 4
17681771 109
17681789 2364
17681791 48
17681801 24
17681803 8021
17681813 640
17681831 100
17681843 36
17681927 2065
17681953 3
17681971 29
17682109 120
17682163 17
17682299 4
17682349 1251
17682437 4
17682437 448
17682449 60
17682463 8
17682463 21
17682473 4516
17682583 2961
17682661 11
17682671 5676
17682817 15
17682859 24
17682887 12
17682911 6409
17682943 705
17682983 73
17683087 8
17683087 84
17683333 27
17683333 51
17683387 69
17683409 60
17683409 4155
17683453 12
17683453 8568
17683487 129
17683579 189
17683579 8225
17683583 1008
17683637 5703
17683643 1
17683643 21
17683651 629
17683727 1453
17683759 20
17683777 15
17683781 3
17683781 4
17683807 149
17683829 52
17683867 633
17683873 2163
17683901 3
17683903 4917
17683907 4188
17683949 19
17684027 208
17684189 195
17684273 528
17684311 5
17684321 108
17684411 544
17684417 4
17684419 129
17684509 20
17684531 24
17684627 420
17684651 13
17684657 7
17684701 2919
17684713 2012
17684729 324
17684729 400
17684729 2424
17684767 9
17684767 168
17684773 1383
17684803 12
17684827 5952
17684921 43
17684957 40
17685007 1440
17685007 2697
17685061 39
17685077 2419
17685139 4196
17685163 348
17685197 4
17685323 280
17685383 196
17685383 1357
17685397 83
17685401 3
17685419 16
17685419 369
17685487 165
17685497 3
17685497 87
17685509 16
17685511 5
17685527 13
17685527 685
17685587 69
17685589 75
17685601 3
17685631 5
17685659 885
17685749 211
17685799 1664
17685839 157
17685839 837
17685851 345
17685851 393
17685881 124
17685931 1925
17685971 9
17685971 1684
17686021 8124
17686061 7084
17686079 1684
17686087 1925
17686121 3
17686133 3
17686139 1
17686217 3643
17686271 1
17686271 1993
17686583 1
17686633 555
17686637 7
17686637 823
17686639 81
17686657 24
17686699 32
17686763 72
17686847 48
17686849 1184
17686979 1
17686979 4
17687017 3
17687053 332
17687239 96
17687381 4
17687387 25
17687387 745
17687393 7
17687393 2803
17687399 7476
17687413 56
17687431 1293
17687479 1784
17687513 67
17687533 11
17687569 24
17687711 1
17687723 3012
17687779 12
17687779 6569
17687807 49
17687903 1
17687911 429
17687927 9597
17687951 1
17687963 1
17688001 1364
17688191 8416
17688317 195
17688361 56
17688371 8644
17688397 8
17688397 9659
17688457 59
17688529 35
17688577 32
17688659 1
17688673 192
17688709 4059
17688893 12
17688893 315
17688899 352
17688977 4
17688977 3480
17689037 1339
17689097 7
17689097 184
17689187 4
17689187 7785
17689201 3
17689201 803
17689201 1643
17689411 36
17689411 41
17689421 64
17689547 4852
17689549 1907
17689549 7587
17689559 1
17689559 1084
17689583 25
17689631 1
17689667 93
17689751 4
17689751 25
17689753 2712
17689807 6308
17689823 60
17689909 44
17689961 3
17690089 75
17690111 13
17690117 520
17690161 96
17690171 24
17690177 7
17690201 351
17690207 24
17690219 1
17690279 1
17690279 516
17690303 1
17690303 21
17690369 12
17690389 6851
17690483 1
17690507 4
17690521 564
17690579 781
17690741 24
17690741 39
17690821 176
17690891 64
17690951 1
17691043 197
17691077 7
17691077 12
17691077 15
17691119 1
17691133 12
17691199 845
17691211 8
17691251 28
17691251 1216
17691253 432
17691263 1
17691371 25
17691389 7
17691431 1
17691469 375
17691491 105
17691631 45
17691727 2024
17691767 477
17691803 25
17691803 180
17691833 3
17691887 13
17691889 5900
17691893 3
17691911 1
17691911 69
17692009 1115
17692063 6092
17692079 1
17692133 4960
17692177 3
17692177 15
17692231 60
17692303 1893
17692369 35
17692429 15
17692637 3
17692679 1
17692679 12
17692693 3
17692693 200
17692693 3600
17692783 41
17692901 3
17693021 1171
17693051 1
17693051 25
17693261 1375
17693353 663
17693387 4
17693399 165
17693407 12
17693411 520
17693461 7560
17693633 3
17693657 424
17693699 6360
17693701 255
17693737 3
17693771 1
17693771 364
17693801 16
17693801 1459
17693801 2088
17693833 3
17693869 60
17693911 1349
17693947 297
17693987 13
17693993 15
17693993 76
17694067 5
17694091 5936
17694101 15
17694191 1
17694233 6667
17694389 339
17694503 1
17694503 1348
17694511 2093
17694581 1431
17694587 40
17694653 28
17694661 215
17694799 2165
17694811 65
17694847 332
17694883 5
17694931 20
17695043 205
17695043 1413
17695177 1368
17695187 6313
17695199 352
17695357 4124
17695529 24
17695607 184
17695607 1729
17695681 3
17695721 111
17695739 1
17695877 4960
17695883 5436
17695927 189
17695939 9
17695943 1
17696059 9
17696089 32
17696089 1440
17696089 6240
17696123 5968
17696183 1
17696267 4
17696279 12
17696291 1
17696333 1032
17696369 1047
17696417 24
17696617 20
17696617 107
17696617 168
17696617 1983
17696803 45
17696857 1095
17696927 1005
17696941 171
17697061 1736
17697161 7695
17697377 15
17697413 3
17697431 9
17697481 8
17697571 156
17697593 135
17697599 4
17697599 9
17697611 1
17697761 399
17697767 1168
17697767 1885
17697809 1332
17697893 3
17697893 1015
17697929 2335
17697961 804
17698097 4
17698103 2448
17698157 699
17698169 31
17698169 912
17698211 1
17698217 67
17698271 1005
17698337 43
17698391 165
17698393 276
17698403 1
17698403 45
17698441 104
17698673 3
17698697 48
17698801 8
17698859 45
17698871 184
17698957 23
17698981 8
17698991 1
17699183 1
17699197 1160
17699389 11
17699453 2887
17699459 624
17699491 2729
17699557 44
17699557 287
17699641 191
17699663 736
17699701 3
17699701 8
17699723 1
17699749 231
17699749 9191
17699807 52
17699921 19
17699921 51
17699921 135
17700071 1
17700131 1
17700139 144
17700203 156
17700307 7028
17700407 85
17700421 3
17700421 51
17700509 7
17700509 411
17700517 59
17700539 4
17700581 31
17700583 12
17700611 24
17700671 1
17700707 9
17700713 36
17700733 107
17700803 1
17700857 495
17700863 1
17700937 3
17700959 2341
17700973 408
17701067 1977
17701087 33
17701091 81
17701091 108
17701157 12
17701157 1300
17701169 4
17701183 1857
17701219 77
17701219 836
17701247 4
17701247 2233
17701261 171
17701373 28
17701457 172
17701703 97
17701921 24
17701969 15
17701979 1
17701997 8188
17702101 2744
17702143 36
17702143 108
17702171 4
17702227 1097
17702381 228
17702413 15
17702413 51
17702413 1083
17702483 3396
17702543 1
17702579 1
17702579 21
17702609 420
17702669 55
17702701 3
17702701 108
17702701 324
17702743 120
17702759 465
17702759 645
17702903 1
17703061 11
17703071 40
17703109 12
17703121 3
17703173 3
17703199 17
17703199 780
17703227 8197
17703293 28
17703317 3432
17703467 4
17703527 4972
17703541 5960
17703607 9813
17703683 1
17703683 16
17703689 4
17703727 8
17703727 20
17703727 3629
17703757 480
17703869 4
17704103 192
17704139 1
17704139 1764
17704177 20
17704177 39
17704199 1941
17704237 1128
17704249 20
17704331 96
17704367 1329
17704381 3
17704417 75
17704417 9044
17704451 1
17704451 4584
17704559 1
17704601 411
17704619 1045
17704679 1
17704793 1531
17704811 4
17704873 3
17704913 7
17704913 16
17704913 67
17704913 363
17704991 1000
17705011 6996
17705027 544
17705141 3
17705141 180
17705227 1764
17705287 3108
17705297 4
17705383 45
17705539 992
17705641 144
17705651 1
17705713 87
17705719 12
17705719 32
17705761 20
17705861 4
17705879 1
17705879 85
17705879 177
17705879 2437
17705881 3
17705893 3507
17705983 2492
17705999 4
17706001 15
17706011 1
17706041 3255
17706217 8
17706229 2996
17706323 1365
17706331 108
17706331 429
17706331 476
17706371 1
17706371 81
17706397 3
17706419 24
17706457 8
17706463 36
17706517 7292
17706539 289
17706541 8619
17706569 15
17706589 15
17706589 8079
17706593 7
17706599 1
17706631 5
17706709 20
17706709 600
17706769 3524
17706883 8
17706883 9941
17706889 572
17706901 48
17706947 549
17707007 385
17707009 284
17707051 9384
17707057 3
17707057 3423
17707093 3
17707103 1
17707117 195
17707237 63
17707279 1505
17707289 7
17707307 4
17707337 19
17707343 160
17707433 1543
17707549 1280
17707567 5
17707567 9
17707633 51
17707637 3
17707637 4
17707637 172
17707649 16
17707649 39
17707667 45
17707667 228
17707783 77
17707889 7
17707909 44
17707909 2027
17707939 80
17707939 780
17707973 3
17707979 3516
17707997 307
17708051 4
17708059 17
17708077 27
17708123 3712
17708129 19
17708129 87
17708129 1267
17708147 265
17708189 64
17708219 1
17708221 111
17708279 4
17708281 59
17708377 228
17708377 1712
17708381 1116
17708443 80
17708477 3
17708521 8
17708591 1
17708591 5004
17708599 596
17708629 12
17708777 28
17708783 16
17708813 3
17708857 3
17708857 8
17708861 3
17708923 8
17708923 2925
17708983 6437
17709023 40
17709079 17
17709161 3751
17709173 120
17709187 2184
17709269 4
17709323 172
17709323 681
17709397 3
17709409 1551
17709437 12
17709449 7
17709467 537
17709521 360
17709547 84
17709611 49
17709673 3
17709673 132
17709697 3360
17709739 257
17709761 3
17709817 8
17709817 20
17709871 176
17709871 204
17709893 208
17709973 23
17709997 143
17710051 41
17710181 84
17710201 11
17710247 85
17710247 9649
17710373 1987
17710417 2447
17710417 2840
17710477 63
17710501 3
17710507 24
17710597 1592
17710597 7344
17710661 4
17710687 9
17710687 57
17710709 3636
17710799 1
17710813 36
17710837 8
17710841 36
17710993 8
17711009 6532
17711011 216
17711087 97
17711189 96
17711201 4
17711299 6909
17711347 32
17711413 36
17711413 3648
17711537 15
17711537 183
17711543 13
17711579 1
17711647 2012
17711677 3
17711677 15
17711723 1
17711753 7
17711851 560
17711893 3
17711923 60
17711923 5072
17711929 156
17711929 5211
17711957 4
17711957 1792
17711963 21
17712089 4
17712133 3
17712137 1992
17712217 179
17712223 65
17712271 53
17712281 19
17712341 436
17712341 3156
17712347 25
17712371 2404
17712523 8757
17712551 6024
17712557 63
17712577 27
17712581 3
17712619 264
17712743 1
17712743 288
17712917 2715
17712931 9261
17713019 4
17713021 11
17713067 1128
17713093 3
17713093 1188
17713123 41
17713127 1473
17713217 1815
17713331 1
17713441 39
17713447 5
17713447 33
17713543 228
17713603 8
17713603 1592
17713667 9
17713697 12
17713697 5179
17713723 17
17713723 2232
17713739 4
17713753 1100
17713769 87
17713799 145
17713853 648
17713903 77
17713907 4069
17713991 133
17713999 56
17714131 20
17714161 3
17714167 8
17714309 1180
17714317 8
17714317 108
17714369 279
17714387 417
17714387 948
17714401 2820
17714413 2348
17714443 140
17714497 539
17714497 3492
17714549 9072
17714597 108
17714659 212
17714743 221
17714771 1
17714771 33
17714779 5
17714863 113
17714929 11
17714929 56
17715031 536
17715109 215
17715301 3
17715323 5196
17715499 4209
17715557 603
17715557 5308
17715557 9967
17715571 933
17715587 4
17715667 77
17715701 3
17715791 268
17715799 17
17715917 4
17715947 1300
17715959 4
17716001 3
17716063 288
17716063 4593
17716109 27
17716319 85
17716331 9984
17716421 5643
17716423 120
17716453 3
17716471 2156
17716507 92
17716541 3
17716541 4
17716541 31
17716541 2200
17716553 15
17716553 40
17716613 3343
17716631 1
17716661 3
17716661 324
17716667 109
17716789 15
17716789 300
17716799 1
17716807 24
17716913 60
17717039 1
17717041 804
17717053 3507
17717099 1
17717099 9
17717233 3
17717233 5676
17717239 2321
17717363 2157
17717369 1047
17717387 4
17717509 12
17717563 81
17717779 20
17717827 9
17717831 48
17717851 341
17717911 524
17717941 11
17717951 1
17718179 4
17718187 597
17718229 5820
17718313 11
17718373 92
17718397 288
17718419 1
17718433 3660
17718443 37
17718473 3156
17718557 4
17718563 253
17718637 3
17718707 6097
17718829 1556
17718851 4
17719061 916
17719157 592
17719199 2512
17719249 6512
17719409 1932
17719447 1200
17719511 264
17719519 12
17719573 696
17719577 15
17719577 3724
17719601 19
17719613 547
17719687 5393
17719711 7280
17719759 60
17719853 67
17719903 21
17719903 2460
17719939 29
17719939 5745
17719981 5336
17719997 1503
17720009 31
17720023 2712
17720033 3
17720063 12
17720083 4520
17720231 1
17720243 25
17720357 579
17720459 1
17720567 24
17720587 9
17720771 1
17720777 784
17720779 5
17720839 12
17720881 4511
17720887 9
17720917 3
17720917 159
17720947 225
17720947 3873
17720981 4
17721013 15
17721037 2703
17721071 4
17721083 1
17721229 12
17721323 3676
17721421 11
17721437 3
17721449 6147
17721493 387
17721521 36
17721577 7488
17721607 48
17721787 20
17721787 125
17721817 15
17721817 968
17721917 24
17721919 24
17722043 165
17722093 47
17722151 21
17722151 220
17722181 919
17722217 115
17722247 12
17722261 303
17722261 528
17722273 356
17722273 1140
17722333 323
17722339 609
17722403 1
17722423 5
17722427 3117
17722447 188
17722531 5
17722543 153
17722577 40
17722657 39
17722697 7
17722703 1456
17722717 612
17722759 465
17722759 1625
17722769 12
17722777 20
17722813 12
17722883 76
17722919 4
17722931 1
17722981 836
17722981 3908
17722987 8
17723003 1
17723047 9
17723093 3
17723099 1
17723119 20
17723131 129
17723141 984
17723149 164
17723203 12
17723203 156
17723213 75
17723243 1
17723249 4
17723297 255
17723411 1
17723477 3
17723551 8
17723591 1
17723759 1
17723759 8580
17723779 5
17723963 1
17724011 4
17724037 3
17724071 13
17724097 3
17724097 8
17724097 1548
17724097 5348
17724347 12
17724347 52
17724373 1235
17724383 1
17724383 28
17724403 1337
17724463 33
17724493 3
17724613 3
17724779 4
17724779 16
17724797 583
17724809 67
17724809 1291
17724983 7465
17725049 387
17725093 32
17725171 2853
17725241 3
17725303 128
17725307 12
17725481 336
17725523 1
17725523 3945
17725693 12
17725723 5
17725777 615
17725811 1
17725811 25
17725921 3
17725921 1059
17725943 1
17725969 92
17725969 191
17725979 4
17725979 141
17726113 131
17726119 284
17726131 20
17726171 1
17726213 7
17726231 124
17726287 1509
17726339 1
17726347 9
17726347 333
17726351 13
17726377 75
17726497 3
17726509 9060
17726593 11
17726647 12
17726711 1
17726747 480
17726773 35
17726861 99
17726897 100
17726909 15
17726983 8
17727001 8
17727013 20
17727023 1
17727029 1471
17727049 24
17727079 44
17727139 9
17727191 1
17727191 369
17727263 1
17727299 1
17727299 52
17727343 96
17727343 600
17727371 4
17727401 6391
17727421 56
17727431 1
17727431 468
17727467 4
17727467 9
17727491 2413
17727511 21
17727557 43
17727607 449
17727673 48
17727763 681
17727793 407
17727799 281
17727839 12
17727839 184
17727901 2643
17727971 181
17728027 804
17728033 5412
17728103 1
17728103 5577
17728157 5563
17728171 5
17728213 155
17728237 524
17728241 184
17728253 3
17728327 12
17728351 5393
17728409 7
17728411 161
17728421 4
17728453 8
17728499 1
17728531 569
17728547 28
17728583 1
17728619 1
17728619 9409
17728651 1488
17728747 104
17728751 1
17728793 5092
17728897 15
17728967 4
17729003 36
17729027 28
17729027 5088
17729057 3
17729099 3024
17729167 137
17729171 13
17729191 44
17729191 633
17729209 12
17729263 12
17729267 325
17729279 1
17729321 2736
17729399 1
17729399 2625
17729483 2356
17729513 7
17729773 2796
17729807 4
17729807 33
17729807 109
17729807 157
17729819 1
17729851 33
17729897 100
17729897 7072
17729897 9519
17729903 21
17729909 75
17730071 1
17730157 1019
17730241 1320
17730259 5
17730283 45
17730299 1
17730341 55
17730341 1860
17730367 53
17730407 1764
17730467 3913
17730563 45
17730623 1
17730707 85
17730787 12
17730787 549
17730821 24
17730877 7928
17730877 8120
17731033 1055
17731037 24
17731057 15
17731073 27
17731121 3
17731213 1551
17731249 2991
17731249 4751
17731319 12
17731333 12
17731433 7
17731537 288
17731583 13
17731657 48
17731667 109
17731667 280
17731717 1227
17731729 296
17731817 907
17731859 124
17731949 276
17731949 1759
17731951 528
17732059 2016
17732191 36
17732237 7395
17732317 252
17732353 32
17732359 5
17732381 4
17732413 8151
17732431 825
17732557 24
17732587 5
17732587 33
17732591 100
17732711 396
17732723 1
17732753 52
17732777 12
17732777 559
17732783 4225
17732851 9
17732903 37
17733103 5
17733119 2929
17733151 48
17733179 9
17733311 21
17733449 1680
17733509 1147
17733553 47
17733577 327
17733701 3
17733721 575
17733769 87
17733811 5
17733887 12
17733887 4249
17733923 1
17733977 3
17733983 4125
17734001 355
17734007 25
17734021 3
17734021 584
17734133 7
17734177 3
17734187 4
17734187 1372
17734193 7
17734273 3
17734273 80
17734313 3
17734331 93
17734331 1804
17734337 1243
17734441 3
17734441 80
17734441 1520
17734459 20
17734459 1889
17734471 164
17734481 811
17734499 12
17734687 12
17734721 3256
17734793 15
17734811 1041
17734891 5
17734903 348
17734943 13
17734943 273
17734973 3
17734973 28
17734993 96
17735057 1192
17735279 1
17735287 644
17735387 73
17735491 8
17735491 968
17735551 5
17735563 41
17735639 1
17735693 12
17735801 255
17735863 5
17735891 1
17735891 4
17735899 44
17735969 27
17735989 759
17735989 2939
17735989 5480
17736011 1
17736091 29
17736091 4088
17736097 104
17736119 60
17736163 5
17736203 1
17736239 3069
17736263 1
17736281 3
17736281 168
17736361 3
17736419 1
17736469 15
17736469 224
17736553 60
17736553 5568
17736571 9
17736577 39
17736731 465
17736791 301
17736809 1995
17736839 9
17736839 165
17736923 1
17736959 1144
17737003 116
17737019 1
17737021 8
17737037 7
17737121 936
17737217 4
17737231 261
17737327 213
17737331 349
17737333 12
17737387 345
17737501 5816
17737567 2772
17737631 1
17737661 4
17737691 1
17737747 609
17737813 8
17737829 4
17737877 7
17737877 9168
17737931 1
17737931 88
17737961 48
17737961 4644
17737981 104
17737999 2709
17738101 20
17738159 552
17738233 71
17738269 324
17738377 20
17738387 1560
17738629 192
17738653 528
17738827 8
17738863 2160
17738867 45
17738867 208
17738891 24
17738891 25
17738909 7
17738921 15
17739011 88
17739023 1521
17739167 24
17739191 1
17739251 165
17739361 5115
17739443 1
17739497 6019
17739691 9
17739763 5
17739773 3
17740033 591
17740049 180
17740067 9
17740069 311
17740069 1064
17740117 404
17740157 7828
17740181 3
17740189 36
17740211 9864
17740223 1125
17740223 9633
17740237 144
17740313 7
17740409 195
17740451 420
17740517 147
17740633 195
17740777 12
17740777 335
17740783 68
17740847 4
17740847 33
17740883 28
17740969 44
17740991 13
17740991 184
17741023 5
17741033 15
17741039 1
17741051 1
17741063 1885
17741161 59
17741189 40
17741237 3
17741249 4312
17741279 16
17741291 4
17741351 1
17741351 2653
17741467 2417
17741491 348
17741509 60
17741597 19
17741749 15
17741749 44
17741753 123
17741753 180
17741783 2085
17741783 2173
17741879 1
17741879 205
17741957 528
17741957 784
17742079 305
17742083 13
17742161 283
17742289 1811
17742343 305
17742379 764
17742383 3861
17742427 1145
17742503 1
17742553 32
17742653 1320
17742671 6201
17742737 307
17742737 3364
17742853 360
17742919 204
17742947 12
17742947 405
17743013 123
17743081 20
17743301 3
17743421 4
17743423 588
17743469 6007
17743469 8835
17743513 15
17743519 5
17743559 9
17743571 13
17743613 3111
17743721 136
17743727 9
17743727 697
17743763 1
17743799 100
17743813 47
17743867 5
17743867 7265
17743871 1
17743871 49
17743897 2267
17743933 87
17744093 7996
17744101 3
17744101 8
17744101 11
17744117 9355
17744137 192
17744147 2988
17744159 1
17744159 465
17744281 11
17744359 8232
17744411 1
17744443 20
17744443 165
17744459 1
17744459 129
17744471 4
17744471 249
17744471 1276
17744483 1
17744557 8
17744557 363
17744591 6349
17744609 96
17744641 3
17744647 1373
17744789 31
17744843 1
17744849 7
17744863 17
17744863 77
17744887 5
17744911 44
17745001 120
17745019 17
17745041 19
17745097 3
17745209 336
17745257 3
17745257 8692
17745383 1413
17745437 3
17745509 792
17745577 2972
17745631 209
17745659 1
17745659 4
17745659 36
17745683 1
17745787 24
17745887 24
17745901 3
17745997 3
17746031 396
17746031 601
17746037 19
17746073 7
17746123 21
17746219 152
17746277 2412
17746279 29
17746331 1
17746387 153
17746411 2720
17746457 840
17746483 512
17746567 260
17746571 2776
17746649 4
17746649 115
17746847 1120
17746847 2568
17746889 7
17746889 532
17746933 15
17746933 2492
17747039 1704
17747111 36
17747111 169
17747129 135
17747173 452
17747183 1
17747399 1
17747549 4
17747549 312
17747567 4
17747627 388
17747627 5665
17747747 25
17747759 1
17747783 1
17747783 952
17747783 1093
17747801 4
17747867 148
17747921 3
17747953 35
17747953 408
17747981 16
17747981 43
17748007 5
17748047 172
17748067 1065
17748167 12
17748209 171
17748217 3
17748349 1455
17748407 168
17748431 4
17748457 924
17748491 1
17748539 361
17748541 8
17748541 15
17748541 176
17748659 220
17748713 3607
17748749 4
17748767 12
17748821 223
17748823 5717
17748959 16
17749111 44
17749133 3936
17749253 4587
17749331 1
17749331 616
17749367 132
17749367 3004
17749387 104
17749429 300
17749447 624
17749489 227
17749549 84
17749601 240
17749673 228
17749727 24
17749733 208
17749741 1284
17749759 9
17749777 24
17749807 17
17749861 9095
17749999 741
17750003 1
17750063 28
17750063 36
17750081 136
17750081 9408
17750101 1596
17750111 25
17750111 148
17750311 204
17750371 45
17750429 16
17750441 3
17750449 291
17750449 4451
17750479 2457
17750539 17
17750561 19
17750587 597
17750591 168
17750599 3152
17750627 12
17750683 212
17750773 8175
17750867 12
17750867 172
17750951 9
17750969 880
17750983 45
17751059 372
17751089 19
17751091 5
17751229 516
17751353 75
17751353 1771
17751497 2440
17751511 113
17751593 171
17751619 9
17751691 1205
17751709 5127
17751781 3
17751781 71
17751781 500
17751817 15
17751817 44
17751913 3
17751913 8492
17751977 4
17751977 4563
17752001 36
17752019 1
17752019 4
17752027 17
17752027 188
17752073 63
17752087 17
17752103 12
17752103 4693
17752151 1
17752271 1
17752279 45
17752349 175
17752447 44
17752463 1
17752487 588
17752513 23
17752717 68
17752837 15
17752853 3
17752853 91
17752921 3
17752967 4
17753027 112
17753063 5053
17753107 5
17753137 567
17753143 8
17753147 553
17753179 5
17753213 7
17753213 268
17753279 4
17753291 4
17753327 4
17753371 2745
17753431 24
17753521 59
17753521 7755
17753537 4
17753563 345
17753563 2885
17753651 8601
17753663 1
17753789 7
17753789 156
17753891 1
17753893 527
17754013 3
17754017 12
17754133 8
17754181 24
17754251 1
17754277 1292
17754301 99
17754323 1
17754329 4227
17754371 1
17754377 3
17754377 880
17754431 4
17754433 891
17754437 207
17754601 3
17754707 69
17754839 1
17754839 649
17754937 1248
17754941 4
17755109 232
17755261 3
17755307 345
17755579 132
17755631 45
17755663 21
17755799 1
17755847 177
17755877 19
17755891 5784
17755943 1
17756047 884
17756071 5
17756099 120
17756117 784
17756147 4
17756153 3
17756153 52
17756171 1
17756197 924
17756213 2152
17756471 684
17756533 143
17756591 9
17756597 4
17756597 567
17756623 5
17756663 361
17756719 65
17756779 4644
17756927 237
17757041 16
17757041 99
17757071 1825
17757083 4593
17757101 180
17757119 1
17757119 4
17757149 375
17757209 4
17757221 79
17757263 1
17757263 76
17757293 76
17757307 3765
17757427 9
17757433 8
17757473 15
17757473 51
17757557 6148
17757557 9372
17757559 9
17757577 3
17757577 299
17757749 112
17757749 427
17757749 591
17757757 4008
17757791 1
17757791 181
17757793 1556
17757829 32
17757833 340
17757841 3
17757959 1
17757959 4
17757973 1536
17757991 464
17757991 2501
17758019 49
17758031 16
17758031 33
17758049 1440
17758079 8437
17758243 8
17758337 3
17758343 5661
17758397 3
17758397 72
17758439 9
17758457 543
17758529 195
17758577 4200
17758603 4917
17758633 15
17758639 65
17758649 36
17758651 8
17758651 29
17758703 1
17758801 476
17758837 252
17758837 5520
17758841 39
17758861 68
17758907 13
17758907 4308
17758981 644
17758987 8
17758987 60
17759039 4
17759047 92
17759201 4
17759251 29
17759317 1352
17759323 21
17759351 4
17759393 855
17759453 1932
17759507 153
17759507 3372
17759591 16
17759831 381
17759831 2076
17759867 24
17759897 4
17759899 12
17759899 692
17759899 8792
17759939 5452
17759947 764
17759957 3
17759971 3905
17759999 1
17760073 3
17760107 4
17760131 1
17760251 2353
17760371 5176
17760443 16
17760539 16
17760541 23
17760541 44
17760583 8
17760661 3
17760719 1
17760739 65
17760779 1
17760793 212
17760803 292
17760881 19
17760881 3916
17761031 1429
17761169 136
17761213 12
17761321 8
17761339 72
17761361 375
17761477 8
17761529 52
17761631 1
17761771 3848
17761831 101
17761847 40
17761859 2865
17761871 1
17761871 36
17761883 1
17761921 3
17761921 11
17761921 2531
17762023 4425
17762089 2100
17762117 7
17762137 23
17762293 3
17762309 7
17762309 4504
17762333 7
17762377 6419
17762443 12
17762527 45
17762527 2829
17762561 4
17762609 100
17762623 8
17762687 748
17762743 188
17762753 27
17762753 5916
17762867 13
17762867 189
17762957 4
17763023 1
17763041 4
17763041 51
17763049 4535
17763059 1
17763073 2523
17763101 19
17763143 1
17763223 5700
17763259 2529
17763323 72
17763323 892
17763371 301
17763401 115
17763433 8
17763439 81
17763481 36
17763481 71
17763491 4
17763497 3
17763503 1
17763517 339
17763553 296
17763553 2327
17763653 7
17763671 1
17763761 28
17763763 8925
17763769 35
17763821 160
17763833 156
17763847 873
17763887 4
17763973 3
17764003 5
17764003 21
17764091 1
17764121 508
17764267 5
17764273 3972
17764277 7
17764283 12
17764283 33
17764399 116
17764427 8400
17764429 35
17764459 129
17764459 1776
17764553 912
17764687 2649
17764693 135
17764727 4869
17764807 2193
17764987 9
17764987 224
17765003 1
17765093 16
17765233 132
17765239 492
17765339 4
17765351 9
17765351 361
17765381 99
17765393 67
17765393 351
17765393 7056
17765401 3
17765471 4
17765477 27
17765491 8
17765507 120
17765509 260
17765623 561
17765633 4972
17765681 100
17765689 2660
17765933 12
17765933 16
17765983 3096
17766011 4
17766347 528
17766431 1
17766431 4
17766491 48
17766491 85
17766599 145
17766737 4
17766739 869
17766823 348
17766823 1353
17766851 1
17766871 1529
17766979 1140
17766979 3356
17766997 3
17767037 28
17767037 79
17767037 7848
17767051 5
17767051 20
17767093 1575
17767097 12
17767129 360
17767171 9
17767259 1
17767283 1
17767283 2205
17767357 3
17767403 213
17767417 23
17767429 452
17767429 5900
17767501 96
17767591 2261
17767649 7
17767649 72
17767699 5
17767699 4929
17767723 173
17767751 805
17767877 15
17767877 2359
17767961 4
17767961 859
17767973 3783
17768087 7233
17768117 40
17768143 105
17768147 1593
17768327 3889
17768423 1
17768437 6599
17768461 24
17768497 4467
17768573 7
17768573 16
17768651 108
17768651 1573
17768693 88
17768767 9
17768767 7700
17768929 4559
17768963 1
17769023 1
17769053 8796
17769109 20
17769197 2587
17769209 1059
17769247 888
17769247 9425
17769253 3
17769329 4
17769329 1467
17769421 56
17769421 9695
17769677 8943
17769701 43
17769737 232
17769761 24
17769803 1
17769863 1
17769877 167
17769919 9
17769929 52
17769929 135
17769931 984
17770003 132
17770057 347
17770079 1
17770139 4
17770273 23
17770327 105
17770391 1
17770393 147
17770429 167
17770451 1
17770469 4
17770517 3
17770517 7
17770517 3004
17770523 1
17770603 1013
17770639 5
17770801 3
17770891 24
17771057 55
17771119 1037
17771183 168
17771183 405
17771219 801
17771269 84
17771291 1
17771291 2553
17771317 264
17771317 6815
17771353 768
17771399 1
17771417 7
17771437 2772
17771521 675
17771531 1
17771531 33
17771543 1
17771597 28
17771629 279
17771641 59
17771641 4235
17771651 321
17771779 177
17771839 8985
17771879 12
17771917 60
17771917 1287
17771981 4
17771981 444
17771993 2500
17772071 1
17772107 4
17772107 100
17772113 3
17772149 2092
17772257 7
17772281 76
17772317 339
17772329 244
17772421 11
17772421 420
17772611 4
17772613 96
17772647 1128
17772661 3
17772661 35
17772661 708
17772719 117
17772743 57
17772773 28
17772787 5
17772793 132
17772893 3
17773081 3476
17773117 12
17773229 735
17773247 1737
17773271 1
17773271 241
17773297 1140
17773307 7920
17773333 12
17773333 36
17773333 51
17773363 8
17773367 12
17773403 1
17773453 8
17773453 248
17773489 4475
17773507 137
17773543 77
17773583 16
17773597 3
17773697 2439
17773711 456
17773711 768
17773747 17
17773841 351
17773909 12
17773957 3
17774117 144
17774117 684
17774123 685
17774203 2673
17774213 7
17774213 2568
17774219 96
17774227 9104
17774233 567
17774233 867
17774261 4
17774261 96
17774261 148
17774321 24
17774389 4071
17774461 195
17774591 1
17774597 48
17774717 3
17774723 13
17774761 23
17774819 1
17774927 4
17774969 7
17774983 80
17775007 5
17775097 1883
17775103 492
17775179 45
17775179 1344
17775349 2579
17775361 36
17775371 4
17775473 468
17775629 855
17775677 3979
17775683 1
17775713 60
17775749 4
17775749 12
17775749 3679
17775767 469
17775787 1049
17775817 72
17775841 15
17776019 4
17776091 1
17776151 8160
17776181 4
17776219 41
17776277 4
17776289 904
17776321 3
17776321 24
17776321 1491
17776321 2279
17776331 1
17776349 4
17776351 5
17776393 11
17776399 5324
17776439 1
17776453 11
17776477 3
17776477 84
17776487 1273
17776531 5925
17776601 3
17776601 5284
17776663 357
17776711 9
17776753 27
17776753 107
17776859 1
17776859 309
17776879 1056
17776901 288
17776939 144
17777161 128
17777411 6045
17777489 204
17777503 17
17777503 60
17777527 7964
17777561 3
17777603 1
17777603 12
17777603 6700
17777719 5
17777719 21
17777759 1
17777759 12
17777759 376
17777789 4
17777993 231
17778143 516
17778169 60
17778169 111
17778217 6972
17778251 9
17778269 7651
17778377 8320
17778437 460
17778443 156
17778499 5
17778503 1
17778533 1876
17778557 3
17778569 19
17778571 108
17778577 8
17778577 15
17778577 1832
17778731 1
17778791 1
17778791 4
17778869 12
17778979 9
17778983 1
17779123 4577
17779147 33
17779183 8
17779183 60
17779183 4377
17779211 1
17779271 8973
17779319 1
17779373 1147
17779397 48
17779561 15
17779571 1200
17779577 267
17779681 23
17779777 300
17779823 8188
17779829 100
17779901 4284
17780057 4
17780111 240
17780159 4
17780227 69
17780251 5
17780263 5
17780363 1
17780501 5259
17780549 100
17780563 32
17780579 45
17780611 189
17780611 1940
17780731 240
17780809 24
17780891 1
17780891 393
17781013 71
17781067 12
17781191 1
17781193 11
17781227 193
17781301 3
17781301 36
17781391 945
17781433 47
17781499 21
17781509 1456
17781539 49
17781551 81
17781619 284
17781697 788
17781721 6699
17781763 296
17781947 4
17782007 1005
17782147 5
17782181 4
17782241 483
17782319 9
17782343 1
17782393 3
17782411 21
17782483 17
17782483 20
17782511 4
17782543 2613
17782753 3
17782753 8
17782837 24
17782943 1057
17782991 220
17783039 964
17783047 3152
17783159 9
17783197 8
17783239 21
17783257 8
17783257 303
17783261 1759
17783287 2000
17783371 68
17783399 1
17783551 48
17783593 1436
17783659 12
17783687 1168
17783741 3
17783747 4
17783849 12
17783851 9
17783903 712
17783903 5460
17783963 3033
17783999 141
17784059 1
17784073 2291
17784131 36
17784139 29
17784199 776
17784223 48
17784251 2929
17784269 6540
17784287 49
17784539 564
17784593 27
17784617 3
17784619 125
17784643 756
17784667 5
17784667 20
17784721 156
17784797 4452
17784841 23
17784841 39
17784841 6416
17784869 1459
17784889 1860
17784947 144
17785057 39
17785147 9
17785169 291
17785211 1804
17785259 1
17785277 243
17785277 3255
17785367 4
17785379 9
17785399 996
17785499 1
17785511 48
17785591 29
17785799 37
17785799 5380
17785813 3
17785813 1227
17785819 984
17785879 416
17785883 2800
17785897 3
17785931 625
17785931 8284
17786039 1
17786057 5239
17786203 72
17786239 6269
17786273 196
17786311 29
17786339 1
17786339 16
17786357 19
17786357 40
17786411 33
17786449 11
17786449 2807
17786459 117
17786513 147
17786519 1
17786569 59
17786569 72
17786617 8999
17786711 201
17786749 12
17786759 12
17786861 459
17786887 1268
17786891 5805
17786941 8
17786957 7
17786999 1
17786999 9876
17787037 267
17787061 564
17787101 1003
17787127 8972
17787131 1
17787137 4
17787199 125
17787199 1869
17787271 1004
17787281 19
17787281 124
17787323 1
17787437 28
17787551 1
17787551 36
17787551 2521
17787571 9
17787611 1
17787619 2109
17787631 20
17787659 37
17787673 36
17787677 3
17787689 4
17787751 249
17787773 40
17787773 48
17787823 117
17787859 21
17787907 5
17788003 6876
17788007 72
17788007 1329
17788117 12
17788117 35
17788187 64
17788201 84
17788207 5
17788241 499
17788349 4
17788349 696
17788349 7816
17788367 213
17788417 83
17788447 12
17788481 364
17788517 19
17788543 5
17788657 239
17788703 1
17788709 2707
17788739 2224
17788781 2700
17788847 40
17788871 1
17788871 1065
17789069 4
17789087 49
17789113 408
17789113 611
17789117 283
17789147 60
17789221 351
17789227 2004
17789273 31
17789273 1036
17789311 84
17789323 5
17789323 432
17789357 3
17789411 24
17789459 1
17789617 3
17789617 27
17789617 44
17789683 36
17789699 1
17789699 57
17789747 753
17789819 1
17789819 837
17789869 356
17789869 500
17789911 108
17789951 1605
17789969 7
17789969 1296
17789987 172
17790077 784
17790103 2940
17790107 85
17790119 12
17790167 4
17790167 124
17790191 1
17790259 5
17790259 24
17790259 3269
17790317 387
17790341 175
17790359 76
17790371 25
17790397 632
17790419 132
17790473 12
17790527 24
17790571 389
17790571 2408
17790637 23
17790701 43
17790701 460
17790767 4
17790767 1264
17790779 1917
17790803 136
17790809 151
17790811 9
17790947 348
17790947 1233
17790977 1087
17791019 1
17791019 21
17791019 996
17791063 5
17791063 7217
17791073 6771
17791157 7
17791223 1
17791283 16
17791327 84
17791357 3
17791409 400
17791409 3271
17791439 1
17791457 3
17791483 5
17791519 5
17791559 24
17791573 3
17791577 499
17791591 5
17791591 264
17791591 533
17791601 1011
17791603 5
17791603 21
17791621 8
17791621 195
17791691 16
17791721 1711
17791721 2715
17791801 2015
17791849 5040
17792003 1
17792009 900
17792011 2481
17792029 1872
17792039 36
17792039 136
17792069 12
17792197 560
17792221 63
17792249 75
17792329 696
17792329 4964
17792371 2960
17792377 3959
17792443 288
17792507 7045
17792561 4
17792633 12
17792699 1
17792717 228
17792717 2100
17792809 96
17792809 9576
17792899 392
17792953 75
17792953 516
17793089 19
17793121 20
17793131 36
17793323 13
17793323 45
17793343 1112
17793361 15
17793379 9
17793379 1709
17793409 144
17793469 8276
17793521 4
17793547 1553
17793563 1
17793647 508
17793691 8
17793691 1940
17793703 5
17793821 3
17793833 112
17793857 247
17793889 35
17793911 1
17793943 12
17793953 51
17794043 88
17794043 4092
17794069 56
17794099 44
17794129 59
17794159 5
17794193 1752
17794201 9663
17794289 4
17794297 144
17794327 80
17794339 2177
17794391 1041
17794391 6676
17794411 3773
17794417 3
17794643 37
17794723 2501
17794739 1
17794807 29
17794823 1
17794823 273
17794823 3985
17794879 756
17794957 404
17795003 1
17795003 72
17795017 20
17795017 1484
17795027 6069
17795051 1
17795053 5403
17795143 3077
17795159 1
17795203 48
17795237 4
17795263 5
17795293 3
17795359 3065
17795363 1
17795363 232
17795383 1608
17795389 195
17795441 2091
17795441 9168
17795513 7
17795527 89
17795539 1617
17795597 40
17795641 315
17795689 816
17795737 35
17795747 660
17795801 519
17795807 120
17795831 5484
17795917 47
17795933 376
17795963 12
17795963 181
17796041 1719
17796047 292
17796049 39
17796199 32
17796403 5496
17796413 2920
17796491 456
17796509 2700
17796533 295
17796563 1
17796659 1
17796661 11
17796661 1044
17796763 1397
17796767 192
17796791 1
17796809 15
17796827 9
17796827 2269
17796833 5296
17796847 57
17796851 1
17796851 148
17796899 1
17796899 1024
17796899 4720
17796953 4836
17796983 1
17797123 1556
17797231 84
17797303 5
17797427 4
17797477 588
17797489 12
17797517 2664
17797553 5520
17797823 1
17797823 312
17797873 123
17797891 8
17797931 1
17797931 9
17797933 3312
17797943 1828
17797951 116
17797957 3
17797961 3
17797987 93
17797993 3
17797993 4596
17798051 4
17798233 2232
17798279 1
17798401 123
17798449 380
17798461 7259
17798479 12
17798581 6968
17798587 20
17798713 2496
17798723 1
17798723 21
17798783 13
17798783 225
17798789 16
17798791 69
17798951 9
17798999 1
17799013 795
17799031 8
17799037 5835
17799113 7
17799137 3
17799269 9247
17799311 1
17799337 12
17799347 148
17799389 7
17799389 27
17799407 13
17799443 1
17799449 135
17799571 5
17799583 225
17799619 1169
17799757 128
17799773 88
17799787 7428
17799877 7439
17799973 120
17799973 3812
17800001 4
17800001 1068
17800073 3
17800087 197
17800117 3524
17800259 3849
17800271 48
17800487 12
17800637 60
17800729 32
17800729 87
17800771 7625
17800799 4
17800859 1
17800879 20
17800879 1161
17800883 1
17800903 21
17800973 7
17800973 12
17800999 276
17800999 4145
17801051 865
17801051 1696
17801089 375
17801111 328
17801129 2452
17801137 3
17801137 144
17801219 1
17801263 5
17801281 84
17801281 104
17801291 1
17801411 1
17801479 5
17801507 9
17801543 688
17801557 8
17801639 237
17801647 24
17801647 4149
17801671 36
17801683 53
17801723 16
17801783 1
17801827 128
17801891 1
17801891 4
17801933 160
17802007 1149
17802017 1507
17802017 2727
17802019 5
17802019 17
17802121 4563
17802131 1
17802131 16
17802139 297
17802139 2021
17802203 1
17802209 424
17802271 5
17802271 89
17802287 52
17802311 1
17802311 1225
17802431 45
17802431 61
17802539 3624
17802593 51
17802619 9
17802683 96
17802709 140
17802721 356
17802821 1135
17802857 15
17802857 6999
17802877 1220
17802901 3
17802923 696
17802947 265
17802997 15
17803001 3
17803003 357
17803189 12
17803231 5
17803231 5340
17803319 1536
17803351 633
17803439 1476
17803531 81
17803631 1
17803693 6255
17803783 17
17803867 8
17803979 1
17803991 1
17803997 7
17803997 12
17804041 3255
17804207 25
17804317 8
17804411 1
17804471 1
17804471 684
17804519 1
17804531 336
17804569 152
17804629 27
17804671 3996
17804711 1
17804777 175
17804791 428
17804867 25
17804903 396
17804981 4
17804981 5179
17805017 192
17805017 1927
17805023 7245
17805083 16
17805097 3
17805097 15
17805149 4
17805157 12
17805169 764
17805169 1131
17805173 396
17805247 8
17805367 2364
17805367 7100
17805539 172
17805617 52
17805637 24
17805637 32
17805773 12
17805773 1200
17805863 1
17805899 1
17805911 4
17806043 13
17806043 817
17806051 5
17806051 2681
17806057 3
17806111 8
17806153 12
17806153 20
17806169 16
17806169 115
17806223 721
17806247 4
17806267 6344
17806277 159
17806297 8
17806351 9
17806471 393
17806499 52
17806511 1
17806519 189
17806589 711
17806631 16
17806661 2019
17806727 3424
17806799 549
17806801 3
17806801 11
17806813 51
17806829 4
17806847 13
17806847 777
17806861 63
17806931 1
17807077 527
17807149 11
17807183 1
17807183 3808
17807191 96
17807239 8456
17807281 3
17807281 4388
17807341 3
17807399 4
17807431 8
17807431 4904
17807539 1037
17807593 3
17807597 468
17807639 96
17807641 3
17807659 9
17807659 65
17807833 20
17807833 2352
17807843 1
17807869 707
17807873 3
17807893 971
17807897 1423
17808083 225
17808107 1200
17808127 5
17808169 44
17808181 3
17808281 2371
17808337 8
17808403 8
17808431 33
17808481 11
17808481 5220
17808547 8
17808547 65
17808589 11
17808631 8
17808631 3896
17808653 1336
17808797 4528
17808827 33
17808863 1
17808863 13
17808893 7
17808899 321
17808941 31
17808977 564
17808983 136
17809037 1848
17809039 761
17809079 1
17809079 69
17809093 1968
17809163 9841
17809361 19
17809367 913
17809483 5
17809511 108
17809529 667
17809549 4392
17809577 88
17809601 460
17809607 88
17809651 504
17809679 1
17809763 9676
17809769 291
17809793 96
17809793 432
17809861 615
17809907 220
17809933 1283
17810003 1
17810047 12
17810053 588
17810129 19
17810159 4696
17810161 8
17810161 96
17810183 1
17810281 911
17810329 12
17810329 27
17810363 12
17810423 1
17810539 80
17810567 85
17810587 3008
17810641 84
17810777 8224
17810797 3300
17810911 624
17810921 16
17810929 215
17810929 3560
17810929 9732
17810953 147
17810981 3
17811077 460
17811077 523
17811089 36
17811119 96
17811161 3
17811221 4
17811221 135
17811239 1
17811259 1020
17811289 15
17811289 7404
17811293 1371
17811389 7
17811397 3
17811403 596
17811487 140
17811491 4
17811509 2647
17811517 68
17811583 2736
17811757 372
17811779 1
17811791 16
17811791 25
17811803 13
17811901 2288
17811979 129
17812043 1
17812043 2532
17812079 1
17812273 843
17812297 3
17812331 1
17812423 4565
17812439 1
17812601 3
17812601 6108
17812667 9540
17812681 59
17812703 1
17812771 1373
17812853 267
17812853 1927
17812897 212
17813009 4
17813053 3
17813053 68
17813057 4
17813057 903
17813171 1
17813171 4
17813227 5
17813351 4084
17813359 1025
17813503 8
17813657 27
17813701 3
17813711 133
17813819 1
17813819 669
17813821 239
17813843 1
17813843 1693
17813843 2637
17813899 12
17813959 192
17813969 12
17814059 1
17814073 1143
17814133 236
17814133 4548
17814187 2340
17814211 80
17814221 36
17814227 2469
17814311 24
17814311 444
17814361 2948
17814383 21
17814499 41
17814499 285
17814529 15
17814529 20
17814529 251
17814569 7675
17814661 15
17814803 57
17814899 1
17814971 153
17815001 64
17815001 2095
17815079 72
17815079 100
17815097 7
17815121 136
17815123 113
17815151 1
17815153 71
17815183 188
17815253 1047
17815267 20
17815267 65
17815267 168
17815379 376
17815381 276
17815451 25
17815487 4
17815519 21
17815529 12
17815561 8
17815571 1
17815591 21
17815591 4709
17815613 15
17815621 3
17815621 1776
17815627 17
17815783 33
17815829 112
17815829 339
17815859 1
17815877 1723
17815909 24
17815943 1
17815957 8
17815957 20
17816009 984
17816069 4
17816177 1392
17816177 4435
17816189 360
17816189 2932
17816213 15
17816213 528
17816311 725
17816341 120
17816341 2615
17816387 13
17816437 8
17816473 3663
17816767 45
17816797 339
17816839 12
17816951 1
17816951 144
17816959 317
17816977 3
17817011 48
17817073 131
17817077 3
17817077 208
17817119 1
17817119 141
17817131 76
17817133 3
17817143 12
17817221 16
17817301 4043
17817311 1
17817407 5097
17817419 141
17817419 700
17817419 9349
17817563 2097
17817599 1
17817643 108
17817707 288
17817857 4
17817857 7179
17817907 2025
17818001 3916
17818007 4
17818051 20
17818063 5828
17818379 1
17818403 1
17818403 28
17818421 3
17818421 2499
17818487 3288
17818501 15
17818511 1
17818511 28
17818597 107
17818621 8
17818679 124
17818699 56
17818807 5
17818837 155
17818877 3
17818973 3
17818991 1
17818991 33
17819099 1
17819099 4072
17819117 19
17819117 2287
17819393 136
17819423 1
17819729 952
17819741 84
17819771 1
17819861 16
17819861 936
17819933 3
17819941 140
17820149 172
17820151 5
17820277 1620
17820317 112
17820359 4
17820371 1
17820457 3
17820487 33
17820547 32
17820563 1
17820571 84
17820577 3
17820631 21
17820697 2687
17820701 1255
17820797 63
17820839 1
17820839 4
17820853 83
17820857 739
17820889 1227
17821103 1
17821103 33
17821103 168
17821103 1060
17821229 247
17821273 236
17821339 32
17821361 39
17821469 4
17821477 6012
17821483 20
17821493 628
17821493 2055
17821591 1856
17821597 24
17821603 21
17821603 897
17821691 1
17821801 143
17821873 96
17821877 5388
17821879 4560
17821949 4
17821963 5
17822011 5
17822023 21
17822059 581
17822087 40
17822087 432
17822107 1149
17822111 9
17822131 84
17822237 412
17822243 1
17822377 3
17822417 7
17822417 60
17822429 952
17822449 2739
17822459 1
17822509 2267
17822587 152
17822611 185
17822611 624
17822663 1
17822687 4
17822687 48
17822771 49
17822771 876
17822821 20
17822879 1
17823019 29
17823031 1128
17823067 9
17823103 8
17823131 9
17823131 16
17823217 279
17823263 3688
17823451 428
17823451 2253
17823473 7
17823527 153
17823557 3
17823557 7
17823557 19
17823703 20
17823709 20
17823727 2484
17823733 375
17823787 188
17823851 1824
17823979 5
17823983 1
17824021 36
17824043 16
17824043 57
17824043 96
17824091 4
17824097 19
17824151 8005
17824171 21
17824243 21
17824259 12
17824309 51
17824319 25
17824393 183
17824427 208
17824441 3
17824447 5
17824453 567
17824481 39
17824553 75
17824561 2519
17824571 1
17824637 4
17824637 15
17824643 3048
17824643 6981
17824649 91
17824759 41
17824799 1276
17824883 1
17824889 1207
17824909 24
17825029 15
17825113 1643
17825209 9456
17825243 21
17825393 36
17825393 280
17825531 45
17825539 176
17825579 5025
17825609 91
17825711 1
17825771 13
17825771 25
17825789 16
17825789 4407
17825791 1236
17825891 1
17825893 56
17825903 1
17825957 1543
17825999 64
17826071 1
17826079 5
17826121 1583
17826157 3020
17826239 1
17826239 645
17826239 5401
17826317 12
17826317 1987
17826317 2355
17826371 1701
17826461 304
17826461 2328
17826469 12
17826469 59
17826517 212
17826559 77
17826629 1236
17826629 8520
17826689 7
17826691 564
17826733 12
17826877 420
17826911 480
17826917 4
17826917 7
17826917 75
17826937 3
17826973 3
17827009 179
17827009 420
17827037 4
17827079 1
17827079 4
17827079 45
17827091 1
17827151 1
17827157 3
17827213 3
17827213 176
17827279 489
17827279 1152
17827279 5949
17827291 5
17827307 40
17827393 156
17827393 608
17827423 45
17827423 657
17827471 5
17827517 19
17827517 28
17827519 369
17827583 36
17827619 529
17827651 6449
17827687 284
17827703 13
17827801 540
17827891 45
17827891 2060
17828003 1
17828033 12
17828051 45
17828051 1840
17828051 9165
17828179 5
17828227 425
17828351 1
17828401 3
17828407 624
17828497 455
17828509 644
17828549 12
17828663 37
17828711 1
17828711 4
17828711 2181
17828827 5793
17828843 8473
17828917 327
17828947 849
17828959 389
17828977 759
17829001 63
17829029 39
17829059 4
17829131 1
17829167 1305
17829173 3
17829187 53
17829187 672
17829187 1197
17829299 1
17829323 1
17829367 233
17829377 52
17829397 12
17829463 5
17829509 171
17829689 7
17829863 136
17829869 135
17829881 3
17829881 120
17829937 152
17829971 4633
17830027 5
17830049 16
17830049 55
17830051 5
17830067 13
17830073 867
17830103 16
17830199 1
17830277 7
17830291 6408
17830357 1815
17830387 12
17830409 15
17830427 8580
17830429 20
17830471 9
17830517 3
17830583 1
17830597 128
17830597 1568
17830619 1
17830651 489
17830711 2648
17830723 296
17830741 5339
17830811 1
17830829 1639
17830919 1
17830919 4
17830919 25
17831017 203
17831071 8
17831087 12
17831123 9780
17831131 41
17831167 9
17831167 7952
17831353 11
17831353 2835
17831423 13
17831423 697
17831423 796
17831441 4
17831477 3
17831477 547
17831483 1
17831573 67
17831591 1
17831729 187
17831731 116
17831777 540
17831819 1396
17831921 924
17831953 3
17831993 7
17831993 136
17832083 396
17832091 3645
17832119 12
17832137 1068
17832151 9
17832263 1
17832277 12
17832323 1
17832323 28
17832497 4
17832497 112
17832559 236
17832559 1325
17832671 4
17832707 4
17832733 2151
17832791 1
17832791 2076
17832851 1
17832877 35
17832911 1
17832953 3
17833037 15
17833037 39
17833037 67
17833043 1
17833043 268
17833093 155
17833117 5444
17833247 4
17833271 4
17833273 47
17833273 4832
17833327 5
17833379 1
17833379 4
17833507 5
17833531 48
17833559 1
17833597 6467
17833639 2577
17833789 207
17833877 2899
17833903 32
17833903 348
17834029 20
17834081 43
17834099 4
17834123 1
17834137 5612
17834183 7273
17834231 1329
17834233 3
17834273 1171
17834279 1
17834279 84
17834317 1295
17834423 325
17834429 4
17834429 19
17834437 3
17834491 41
17834503 8
17834539 161
17834563 3960
17834627 2124
17834627 2673
17834639 1
17834639 49
17834657 1248
17834699 1
17834731 2376
17834741 5860
17834771 4
17834879 157
17834879 316
17834881 3243
17834893 20
17834953 3
17835017 4
17835049 51
17835109 95
17835113 888
17835187 20
17835283 32
17835383 40
17835383 52
17835403 8
17835407 109
17835437 3
17835439 45
17835457 3
17835529 12
17835541 51
17835569 40
17835577 72
17835577 84
17835577 6360
17835599 1
17835659 1
17835659 2037
17835673 83
17835721 68
17835731 1
17835743 13
17835799 756
17835821 19
17835827 9
17835827 6429
17835911 2829
17835967 17
17835977 5572
17835991 5
17836001 9136
17836061 4
17836061 556
17836139 1
17836141 320
17836211 4
17836267 8
17836267 1632
17836277 3
17836279 96
17836289 84
17836337 4
17836337 6928
17836367 4
17836369 11
17836381 1076
17836561 1635
17836657 9368
17836771 5
17836823 952
17836843 33
17836843 2580
17836901 4
17837011 1256
17837051 1
17837051 9
17837069 31
17837081 171
17837081 9219
17837129 99
17837129 324
17837159 1
17837279 1
17837341 11
17837357 3
17837591 181
17837761 15
17837767 69
17837767 6048
17837783 28
17837791 344
17837873 147
17837899 9
17838031 53
17838043 57
17838101 28
17838143 1
17838173 3463
17838251 84
17838251 2401
17838257 135
17838269 280
17838367 5
17838371 1
17838371 8481
17838383 33
17838419 3264
17838463 17
17838463 2508
17838533 100
17838533 420
17838577 359
17838607 5
17838631 3765
17838637 8
17838647 109
17838781 3
17838949 1644
17838959 1
17839051 5420
17839079 8884
17839091 1
17839139 181
17839163 1
17839169 12
17839177 299
17839337 3
17839519 416
17839571 8293
17839583 1
17839687 969
17839793 511
17839799 4
17839807 44
17839823 6472
17839897 1044
17839981 3
17839981 48
17840029 3560
17840047 29
17840257 2028
17840351 276
17840351 4104
17840359 1557
17840437 12
17840461 296
17840461 639
17840629 27
17840629 5204
17840723 1
17840723 25
17840729 564
17840729 3507
17840831 2848
17840873 12
17840969 3324
17841017 1912
17841053 3652
17841071 16
17841079 12
17841079 105
17841179 325
17841253 3
17841359 1
17841427 48
17841427 104
17841487 5
17841493 552
17841581 111
17841611 1
17841617 7
17841667 600
17841673 56
17841731 4
17841749 1000
17841787 5
17841787 17
17841787 1460
17841793 3
17841869 4
17841871 48
17841907 108
17841961 203
17842021 3480
17842039 36
17842049 76
17842199 1276
17842217 7
17842379 4
17842403 2292
17842523 12
17842543 6357
17842589 55
17842619 36
17842723 17
17842753 11
17842753 20
17842789 47
17842789 747
17842823 337
17842889 7831
17842901 3
17842921 3
17843051 45
17843069 7
17843141 363
17843153 6480
17843389 60
17843437 3
17843459 1
17843459 4
17843471 45
17843471 6049
17843479 9
17843513 3
17843633 28
17843723 4545
17843801 403
17843951 1
17843951 9
17843957 3
17843977 5475
17843981 2115
17844031 80
17844037 32
17844041 2896
17844089 172
17844103 12
17844103 33
17844133 8
17844191 1
17844191 4
17844227 4
17844227 28
17844301 3719
17844341 2899
17844493 3
17844523 8
17844559 4304
17844677 3
17844677 463
17844703 212
17844707 1164
17844709 3927
17844709 4587
17844733 768
17844779 124
17844787 9
17844823 336
17844877 83
17844877 155
17844977 3
17844997 444
17844997 459
17845021 11
17845271 25
17845273 3
17845273 608
17845277 3
17845297 348
17845307 4
17845319 1
17845337 72
17845349 787
17845349 2116
17845391 4
17845391 28
17845397 4
17845481 4
17845481 475
17845501 7911
17845573 9783
17845673 2263
17845691 4
17845859 1189
17845871 133
17845931 1
17845931 21
17845939 2064
17845979 21
17845979 540
17846051 1
17846083 945
17846123 1
17846207 4
17846219 37
17846363 100
17846443 56
17846449 60
17846471 61
17846471 1384
17846623 8
17846639 1
17846639 36
17846711 40
17846761 240
17846761 3476
17846779 57
17846863 113
17846891 1
17846963 13
17847001 1220
17847017 19
17847077 28
17847079 20
17847083 1
17847097 1508
17847121 4896
17847157 9735
17847253 11
17847257 19
17847257 8604
17847337 744
17847373 3
17847491 1
17847497 52
17847539 1969
17847617 24
17847617 67
17847649 387
17847659 436
17847761 40
17847761 99
17847901 371
17847901 515
17847923 72
17847937 3
17847953 15
17847983 1
17848007 868
17848057 983
17848067 45
17848073 3100
17848081 20
17848153 447
17848213 35
17848213 83
17848289 652
17848307 9
17848307 273
17848367 4
17848381 2504
17848409 1564
17848451 4
17848517 352
17848559 5560
17848819 44
17848819 197
17848819 452
17848823 12
17848849 12
17848927 5444
17848931 1960
17848937 15
17849057 27
17849159 61
17849197 140
17849383 5
17849383 128
17849411 28
17849453 51
17849501 151
17849509 1791
17849539 9872
17849597 4
17849597 147
17849597 4707
17849647 689
17849747 180
17849857 80
17849857 3927
17849891 1684
17849899 689
17849969 499
17849969 8227
17850023 1
17850023 13
17850067 5
17850071 385
17850127 4188
17850197 340
17850227 37
17850383 25
17850407 3277
17850479 129
17850487 8
17850487 8165
17850577 363
17850593 4851
17850601 71
17850653 36
17850751 8
17850793 440
17850803 1
17850803 1308
17850839 3352
17850851 85
17850907 8
17850953 2367
17850971 1
17850971 36
17850991 353
17851103 1
17851121 40
17851123 1085
17851123 3972
17851199 85
17851261 11
17851333 767
17851333 8843
17851349 4
17851367 9
17851423 636
17851451 1
17851499 1
17851529 84
17851543 116
17851543 660
17851553 15
17851607 60
17851637 360
17851637 4707
17851643 28
17851781 3
17851817 3
17851859 1
17851859 2817
17851919 4
17852111 16
17852123 37
17852141 3
17852231 1
17852231 24
17852231 1089
17852293 11
17852309 24
17852323 36
17852327 565
17852447 1332
17852479 32
17852479 3200
17852501 1368
17852561 43
17852561 108
17852561 1876
17852591 1
17852591 13
17852651 1
17852663 172
17852677 3
17852699 1
17852701 380
17852707 360
17852797 6960
17852819 12
17852819 52
17852819 124
17852827 237
17852851 24
17852909 15
17852929 27
17852959 4385
17853013 3
17853191 49
17853263 1
17853307 5
17853317 187
17853317 544
17853371 4
17853389 816
17853503 133
17853571 284
17853571 2793
17853581 1128
17853637 24
17853701 8680
17853707 2725
17853713 6352
17853779 1
17853841 180
17853841 1319
17853947 5392
17853949 1436
17853971 1
17854013 7
17854019 681
17854043 4432
17854283 1
17854289 4
17854427 4
17854439 1
17854469 700
17854483 5
17854519 9
17854643 3388
17854663 116
17854663 3908
17854703 1
17854717 372
17854723 48
17854751 1384
17854861 20
17854861 191
17854861 1103
17854891 245
17854909 1064
17854937 3
17855051 693
17855063 1
17855141 31
17855179 569
17855203 36
17855239 2189
17855339 1621
17855417 7
17855543 1
17855549 3336
17855657 7
17855779 44
17855863 645
17855927 28
17855963 12
17855989 36
17855993 3372
17856043 113
17856043 252
17856049 72
17856101 823
17856107 13
17856121 131
17856191 124
17856247 5
17856247 2828
17856317 4
17856323 105
17856329 2032
17856331 9
17856331 41
17856491 1
17856493 675
17856539 1
17856577 32
17856661 456
17856673 3
17856731 4840
17856737 199
17856833 3463
17856983 37
17857013 15
17857033 8
17857289 24
17857331 1
17857481 3
17857547 237
17857547 4680
17857601 3
17857601 4095
17857783 152
17857793 723
17857921 8
17858069 9244
17858089 12
17858111 5605
17858123 12
17858147 309
17858221 9495
17858231 1
17858371 8
17858377 12
17858429 4
17858429 9331
17858431 80
17858431 324
17858453 75
17858471 1
17858471 184
17858563 881
17858567 9309
17858597 1839
17858663 1
17858683 33
17858699 1
17858707 8
17858707 173
17858831 189
17858899 29
17859011 4
17859019 77
17859029 12
17859029 1671
17859043 581
17859043 1856
17859053 55
17859077 7
17859077 1363
17859119 181
17859139 116
17859169 99
17859211 5
17859227 120
17859253 3
17859277 3815
17859341 16
17859341 160
17859409 12
17859427 5
17859433 75
17859509 375
17859511 33
17859521 28
17859529 4211
17859533 3
17859533 12
17859533 48
17859607 824
17859631 56
17859637 63
17859727 9
17859727 33
17859773 3235
17859817 3
17859817 363
17859833 28
17859889 500
17859899 12
17859899 937
17859997 63
17860091 1
17860103 25
17860151 1
17860151 516
17860211 4
17860243 308
17860243 2768
17860291 8
17860327 24
17860327 108
17860327 360
17860499 1
17860511 45
17860519 29
17860519 1425
17860571 4096
17860637 4
17860637 7
17860637 60
17860639 152
17860721 3
17860753 2483
17860757 4
17860757 64
17860757 123
17860763 1
17860763 16
17860769 12
17860783 96
17860963 21
17860963 1776
17861003 1
17861021 48
17861023 2640
17861141 331
17861147 144
17861161 180
17861167 8024
17861359 32
17861369 19
17861453 8916
17861489 991
17861489 1347
17861579 1
17861903 228
17862059 1
17862127 308
17862127 2420
17862161 184
17862161 9108
17862179 252
17862179 525
17862193 3
17862193 7560
17862199 1557
17862199 3861
17862263 217
17862311 96
17862349 11
17862409 8195
17862503 13
17862503 1468
17862577 8
17862577 32
17862619 1065
17862623 1
17862659 597
17862659 825
17862667 12
17862683 1
17862721 8
17862739 12
17862799 41
17862883 425
17862959 45
17863009 24
17863063 225
17863121 208
17863133 75
17863151 1
17863151 84
17863201 24
17863201 143
17863201 660
17863207 5
17863207 1848
17863271 1
17863273 6096
17863297 12
17863367 49
17863459 312
17863627 20
17863691 1
17863691 1060
17863871 1
17863871 5020
17863891 45
17863919 177
17863969 60
17863969 72
17864131 69
17864179 57
17864179 176
17864207 240
17864299 477
17864309 699
17864333 3
17864333 16
17864417 3
17864417 4
17864417 243
17864461 3
17864461 80
17864543 105
17864549 4
17864549 27
17864557 8
17864593 12
17864611 44
17864641 239
17864677 8
17864677 2580
17864683 8
17864683 32
17864687 105
17864719 69
17864723 45
17864797 3663
17864849 352
17864851 165
17864867 2688
17865007 48
17865049 2775
17865061 1671
17865103 56
17865103 80
17865143 1
17865143 192
17865143 436
17865151 4569
17865161 84
17865277 1452
17865313 6896
17865329 16
17865359 4
17865371 1
17865439 4737
17865473 6475
17865481 3
17865527 9
17865607 1409
17865607 4364
17865637 5403
17865689 4
17865689 100
17865737 7
17865839 2364
17865923 1
17865959 1
17865971 4
17865971 9
17866151 1
17866237 108
17866249 116
17866297 140
17866391 1
17866393 80
17866477 20
17866553 183
17866559 1
17866573 3
17866573 407
17866577 1300
17866619 1824
17866649 451
17866649 1419
17866703 1
17866703 165
17866789 1487
17866789 3407
17866867 600
17866931 13
17866951 24
17866951 9560
17867081 39
17867089 15
17867107 33
17867173 3
17867183 193
17867209 224
17867233 20
17867293 1463
17867299 8556
17867341 3
17867347 2633
17867533 603
17867537 795
17867537 5527
17867569 299
17867599 260
17867611 3656
17867651 81
17867701 8
17867743 936
17867881 419
17867891 1
17867891 213
17867893 5228
17867903 1
17867939 85
17867953 3
17868001 3
17868001 99
17868017 384
17868023 76
17868083 16
17868107 1273
17868119 724
17868143 1
17868143 3261
17868161 3
17868161 1564
17868239 1
17868239 16
17868293 28
17868293 36
17868397 168
17868419 9
17868427 117
17868443 1
17868443 4525
17868523 57
17868551 1
17868551 6456
17868583 3905
17868593 7
17868593 592
17868629 27
17868647 544
17868659 1
17868659 609
17868827 4
17868841 24
17868847 12
17868919 309
17868947 40
17868947 840
17868947 852
17869043 13
17869073 12
17869081 243
17869087 84
17869121 4
17869141 1656
17869169 16
17869169 340
17869199 1
17869207 252
17869277 7
17869339 5
17869417 108
17869417 3003
17869433 36
17869517 88
17869517 672
17869531 41
17869561 3
17869883 12
17869913 12
17870023 5
17870059 177
17870087 33
17870087 592
17870131 5
17870131 156
17870249 36
17870249 960
17870329 39
17870357 9472
17870443 12
17870443 8213
17870491 161
17870491 7644
17870509 47
17870509 1031
17870513 7
17870549 39
17870579 1
17870591 1
17870617 72
17870639 69
17870681 828
17870737 263
17870759 49
17870851 4485
17870969 24
17870999 1
17871019 45
17871083 1
17871103 5
17871137 52
17871193 2520
17871211 960
17871263 1
17871263 9240
17871307 48
17871307 77
17871317 3
17871383 21
17871563 28
17871583 5637
17871611 1
17871739 369
17871767 1465
17871773 360
17871803 277
17871883 5
17872003 1676
17872087 4292
17872139 1
17872139 5145
17872159 77
17872243 1688
17872271 1
17872273 3
17872279 12
17872301 43
17872373 48
17872453 3
17872499 280
17872513 788
17872537 23
17872553 3
17872553 15
17872601 9328
17872651 36
17872681 860
17872717 3
17872717 459
17872727 25
17872741 20
17872753 6416
17872999 36
17873147 229
17873269 1779
17873381 943
17873467 9
17873467 332
17873467 3600
17873497 12
17873501 55
17873501 151
17873501 3655
17873543 1
17873617 3
17873717 79
17873731 5
17873747 12
17873761 648
17873803 5
17873833 12
17873861 1600
17873893 3
17873963 1
17873983 53
17873993 31
17874047 28
17874083 4633
17874173 7
17874217 32
17874221 76
17874301 3
17874313 3440
17874377 1792
17874413 12
17874413 28
17874539 24
17874911 1
17874937 728
17874943 45
17874947 3925
17875001 7708
17875073 48
17875079 1
17875079 2509
17875097 4
17875153 8
17875159 21
17875183 233
17875199 3397
17875259 9
17875259 4429
17875327 12
17875391 1
17875433 16
17875453 12
17875541 3
17875579 764
17875589 960
17875597 2415
17875601 3
17875621 300
17875657 1008
17875661 15
17875691 4
17875703 1101
17875723 8
17875733 6775
17875811 1360
17875829 1492
17875843 17
17875873 8568
17875951 345
17876051 8836
17876279 4
17876279 216
17876363 9748
17876447 6025
17876449 276
17876539 249
17876561 31
17876567 4
17876569 75
17876711 24
17876711 1860
17876813 7576
17876851 68
17876867 9
17877071 16
17877071 1068
17877089 4587
17877103 153
17877103 912
17877143 21
17877193 3
17877221 15
17877269 4
17877269 7516
17877289 116
17877361 3
17877361 8
17877389 27
17877403 5
17877403 5828
17877443 25
17877491 1581
17877511 116
17877569 7
17877571 116
17877581 2679
17877593 7
17877631 65
17877631 2256
17877653 1327
17877661 5163
17877683 1
17877683 280
17877683 460
17877703 245
17877757 60
17877901 635
17877943 20
17877997 3
17877997 1080
17878043 1
17878097 7
17878097 408
17878127 40
17878163 325
17878207 105
17878327 2744
17878379 9
17878379 1909
17878417 3
17878447 8
17878489 339
17878499 4
17878513 3
17878541 31
17878643 1
17878643 12
17878667 4497
17878691 1
17878811 748
17878813 11
17878837 12
17878837 2363
17878859 1
17878901 675
17878979 105
17879041 11
17879047 192
17879077 8
17879123 5352
17879131 9
17879221 3
17879227 324
17879243 1
17879243 25
17879249 4
17879249 411
17879333 7
17879339 69
17879339 8001
17879383 113
17879417 27
17879429 12
17879447 1128
17879501 3
17879501 8124
17879539 65
17879557 3
17879557 48
17879581 611
17879681 268
17879681 5871
17879761 215
17879783 28
17879783 676
17879831 1
17879837 8515
17879879 1992
17880013 1748
17880041 28
17880119 769
17880179 1
17880179 625
17880227 4
17880227 13
17880299 697
17880319 5652
17880353 112
17880383 417
17880419 1
17880587 33
17880593 76
17880593 1260
17880641 123
17880649 20
17880649 35
17880659 225
17880977 3
17881111 788
17881117 20
17881151 1
17881151 13
17881159 9
17881169 7
17881183 9401
17881211 2349
17881273 3
17881349 4
17881379 1
17881379 984
17881417 1859
17881561 104
17881561 591
17881597 815
17881627 317
17881681 155
17881711 68
17881757 2020
17881763 1
17881771 5
17881813 11
17881813 12
17881817 319
17881817 4887
17881973 211
17881979 261
17881991 328
17881991 6393
17882057 64
17882057 495
17882057 3679
17882087 12
17882093 67
17882141 4
17882243 1801
17882327 133
17882399 1705
17882413 3
17882429 24
17882479 5
17882549 16
17882563 8
17882597 1035
17882617 8
17882633 1651
17882639 157
17882639 1945
17882749 20
17882749 3296
17882897 252
17882897 2983
17882897 6247
17882927 1317
17882999 37
17883043 9477
17883059 192
17883119 784
17883157 3
17883157 488
17883209 327
17883223 293
17883329 1255
17883367 8
17883407 40
17883461 16
17883623 1
17883689 19
17883689 252
17883791 1260
17883851 13
17883889 20
17883973 3320
17884003 5
17884043 5028
17884081 143
17884211 1
17884249 87
17884313 31
17884319 4
17884327 84
17884417 8
17884439 1
17884457 4
17884481 108
17884549 15
17884709 16
17884721 4419
17884747 140
17884813 35
17884837 47
17884859 2812
17884879 132
17884883 88
17884891 69
17884907 3657
17884921 1044
17884931 1
17884931 4
17885081 4
17885081 264
17885111 1
17885177 67
17885177 135
17885249 4
17885267 9
17885281 1611
17885359 21
17885359 1269
17885407 245
17885407 365
17885459 49
17885519 3444
17885563 140
17885573 9603
17885653 576
17885653 2480
17885677 3
17885677 39
17885711 40
17885711 2289
17885719 20
17885767 24
17885771 1
17885773 3
17885809 1100
17885839 96
17885839 665
17885929 47
17885929 2472
17885957 175
17885957 9283
17885981 1800
17886061 96
17886139 17
17886173 96
17886173 4231
17886229 600
17886257 43
17886257 819
17886269 2712
17886383 6597
17886551 1
17886551 633
17886593 3
17886611 1
17886623 1
17886637 383
17886647 4
17886653 7
17886677 4
17886689 76
17886689 1735
17886761 3
17886761 1444
17886767 33
17886767 72
17886821 55
17886833 3
17886901 7295
17886977 4143
17887099 24
17887099 272
17887141 3
17887157 183
17887159 1025
17887211 1
17887223 1
17887267 273
17887319 205
17887327 933
17887339 9
17887421 4620
17887427 172
17887483 120
17887559 40
17887619 1
17887697 28
17887703 628
17887739 1
17887747 173
17887781 8079
17887841 1279
17887921 8
17887967 988
17888047 428
17888159 1
17888159 1936
17888159 3321
17888249 36
17888293 396
17888323 2325
17888347 9
17888407 17
17888441 759
17888489 7
17888513 3
17888513 7
17888513 16
17888513 7443
17888579 4
17888593 3
17888617 20
17888617 32
17888617 2147
17888699 564
17888803 1193
17888863 7428
17888929 1859
17889269 27
17889269 972
17889271 5
17889353 7
17889359 1
17889499 741
17889587 388
17889637 1092
17889691 156
17889713 100
17889713 1063
17889727 29
17889743 5673
17889869 15
17889869 3631
17889877 32
17889953 7
17889953 583
17890099 5
17890177 3
17890177 1227
17890207 5264
17890211 376
17890237 348
17890247 112
17890289 7
17890289 1731
17890337 3
17890417 27
17890417 84
17890421 3
17890493 3
17890493 31
17890547 877
17890589 12
17890661 28
17890687 440
17890861 2688
17890889 64
17890991 1
17891119 5
17891281 3
17891339 1
17891413 1503
17891501 15
17891507 109
17891509 684
17891561 16
17891561 39
17891561 195
17891591 4
17891647 137
17891659 9
17891659 512
17891693 460
17891813 3
17891843 1
17891857 15
17891857 108
17891857 1752
17891873 4168
17891903 1
17891903 1537
17891921 3
17891947 980
17891947 1572
17891963 1
17891963 817
17891981 4
17891989 720
17891989 5232
17892013 3
17892029 36
17892037 8
17892151 1241
17892181 3
17892253 36
17892299 1
17892377 3
17892421 411
17892421 1400
17892467 388
17892491 1948
17892503 76
17892541 419
17892577 27
17892599 1
17892629 367
17892659 12
17892701 555
17892727 584
17892757 6608
17892817 20
17892841 351
17892863 1
17892863 9696
17892869 280
17892907 189
17892943 8316
17892961 8
17892977 3
17892991 4776
17893147 129
17893181 15
17893279 77
17893279 117
17893283 1
17893339 101
17893357 152
17893387 2612
17893409 7
17893487 4108
17893501 7163
17893523 1
17893531 596
17893553 1356
17893591 24
17893591 4568
17893619 1
17893657 5079
17893873 8
17893901 3
17894017 3483
17894021 39
17894021 2136
17894027 565
17894111 1
17894117 307
17894221 300
17894237 4
17894267 57
17894291 529
17894323 8
17894329 539
17894467 140
17894467 3188
17894509 896
17894531 585
17894587 464
17894603 1
17894651 909
17894683 4125
17894743 416
17894771 168
17894771 624
17894813 3
17894839 9
17894879 1
17894879 4
17894887 3225
17895011 4
17895133 8
17895193 51
17895211 416
17895301 24
17895307 20
17895379 45
17895379 77
17895481 3
17895769 12
17895769 195
17895769 4316
17895809 4
17895811 9
17895847 1520
17895881 3
17895893 1020
17896009 11
17896091 16
17896091 24
17896163 1617
17896183 5
17896187 4
17896187 12
17896253 7
17896279 240
17896283 37
17896321 3
17896381 71
17896547 4
17896547 169
17896573 9143
17896583 1
17896583 21
17896583 8133
17896621 1148
17896807 5
17896943 1
17896969 639
17897051 4
17897123 120
17897161 15
17897267 133
17897329 2232
17897359 21
17897389 51
17897401 36
17897497 2975
17897531 1
17897699 1
17897717 3
17897723 1
17897837 1627
17897863 6437
17897969 39
17897969 3924
17898043 65
17898043 185
17898043 360
17898079 12
17898119 232
17898143 1
17898143 57
17898169 27
17898239 9
17898317 504
17898337 8
17898337 207
17898383 1
17898383 12
17898521 4
17898767 12
17898847 5
17898877 167
17898941 1116
17899027 8
17899027 24
17899093 947
17899139 1140
17899229 12
17899289 1932
17899303 3681
17899333 816
17899337 124
17899421 516
17899423 173
17899429 32
17899439 12
17899489 4556
17899499 1
17899513 3
17899513 1451
17899549 6660
17899627 45
17899771 240
17899811 16
17899813 8
17899837 3
17899867 9
17899877 55
17899879 17
17899891 125
17899891 1649
17899907 1972
17899913 16
17899933 2547
17900027 24
17900087 4
17900117 7
17900143 197
17900143 792
17900173 3
17900173 147
17900191 4716
17900293 207
17900339 1437
17900401 315
17900401 3224
17900411 40
17900579 12
17900621 3
17900621 24
17900621 108
17900621 5908
17900639 1
17900657 1960
17900681 15
17900699 4
17900713 3
17900731 161
17900737 1140
17900759 72
17900807 1428
17900819 49
17900819 1576
17900833 36
17900941 15
17900941 59
17901011 45
17901071 513
17901071 7104
17901137 4
17901137 903
17901241 2204
17901271 68
17901427 2108
17901469 1284
17901491 1
17901491 16
17901547 6665
17901577 15
17901581 336
17901589 156
17901713 3
17901713 1276
17901733 12
17901749 1951
17901773 36
17901791 1
17901827 45
17901883 801
17901887 13
17901959 1120
17901967 2120
17901967 4185
17901977 4
17901977 7
17902151 705
17902177 27
17902289 199
17902289 2275
17902307 97
17902331 1
17902331 24
17902387 345
17902471 5
17902481 3
17902571 93
17902669 336
17902679 24
17902681 344
17902697 4
17902697 1555
17902727 4360
17902733 420
17902847 24
17902939 5
17902939 24
17902943 16
17903033 16
17903107 2225
17903113 8
17903161 20
17903173 4076
17903219 1
17903231 9
17903231 184
17903233 12
17903233 96
17903233 152
17903371 264
17903423 1
17903441 3
17903477 15
17903537 4
17903551 56
17903629 191
17903653 27
17903707 168
17903791 9
17903791 56
17903791 105
17903791 825
17903813 135
17903827 17
17903929 4400
17903971 65
17903971 396
17904091 8885
17904191 4
17904217 8
17904233 480
17904311 229
17904311 484
17904379 12
17904427 80
17904457 3
17904499 21
17904599 297
17904643 128
17904683 3436
17904713 331
17904839 1
17904839 624
17904863 1
17904911 124
17904911 201
17904911 1305
17904917 39
17904959 5944
17905021 15
17905031 7336
17905057 183
17905067 2709
17905081 68
17905309 107
17905333 36
17905399 1344
17905427 13
17905427 9940
17905451 16
17905541 139
17905553 1827
17905579 504
17905639 144
17905681 3
17905691 1
17905697 4
17905933 20
17905967 4
17905991 645
17906099 1
17906159 4
17906183 1
17906281 20
17906363 93
17906407 7904
17906431 65
17906461 80
17906479 9
17906479 909
17906513 27
17906563 17
17906563 216
17906687 97
17906687 289
17906689 1167
17906699 1
17906743 65
17906761 84
17906773 627
17906773 3528
17906807 9628
17906897 75
17907121 4323
17907193 3
17907193 4755
17907203 1
17907233 7
17907259 1989
17907277 123
17907289 12
17907299 1
17907361 591
17907377 703
17907397 87
17907419 1
17907419 3645
17907437 643
17907541 855
17907563 1
17907623 2056
17907689 7
17907727 5
17907797 112
17907809 4
17907809 12
17907839 1
17907887 228
17907913 8
17907913 83
17908027 60
17908139 1
17908151 4
17908181 3
17908271 349
17908307 93
17908357 3
17908391 16
17908549 60
17908567 8
17908603 2036
17908699 4940
17908799 1
17908799 45
17908799 300
17908799 6261
17908817 964
17908867 5
17908901 2623
17908931 1
17908937 264
17909057 4
17909057 252
17909123 1
17909183 832
17909197 63
17909261 444
17909357 3
17909357 1020
17909377 3
17909377 23
17909431 33
17909473 68
17909597 7
17909677 8
17909719 60
17909719 1952
17909741 375
17909803 461
17909953 11
17909987 25
17909999 1
17910001 3
17910001 656
17910041 9928
17910083 1
17910083 820
17910107 33
17910187 804
17910209 480
17910251 1
17910253 567
17910323 1
17910439 77
17910463 5
17910511 48
17910551 420
17910601 11
17910601 143
17910617 3
17910617 808
17910647 100
17910743 16
17910821 3
17910941 5223
17910967 105
17911057 987
17911079 1
17911079 36
17911079 885
17911193 307
17911199 1
17911199 4
17911199 612
17911303 5
17911331 1428
17911343 1
17911343 16
17911379 4
17911427 165
17911427 205
17911511 1
17911513 47
17911519 12
17911541 60
17911561 23
17911571 9
17911571 100
17911631 4624
17911637 4
17911697 12
17911703 105
17911709 252
17911709 339
17911799 117
17911799 145
17911849 35
17911877 39
17911961 4
17912071 9
17912087 7597
17912161 816
17912177 2560
17912201 471
17912201 3720
17912261 16
17912291 1
17912309 4071
17912359 12
17912399 1
17912429 4
17912431 24
17912471 4
17912581 9540
17912591 1
17912623 33
17912681 664
17912717 15
17912723 73
17912767 5
17912767 377
17912771 9
17912819 1
17912831 1
17912831 24
17912899 80
17912963 21
17912989 144
17913031 296
17913047 3940
17913089 4075
17913101 3103
17913107 28
17913109 660
17913139 29
17913299 4
17913323 6460
17913419 9
17913431 1
17913431 33
17913449 60
17913473 3
17913569 16
17913593 235
17913611 1
17913611 4
17913613 8
17913613 5831
17913799 5
17913811 5
17913811 8
17913811 881
17913859 1461
17913881 3
17913881 300
17913893 87
17913949 11
17914103 1
17914103 1516
17914109 24
17914109 31
17914153 87
17914201 3099
17914289 8191
17914291 4928
17914343 36
17914361 1759
17914367 48
17914409 4
17914439 1
17914483 8
17914483 80
17914601 4
17914601 19
17914607 4
17914709 84
17914733 175
17914829 84
17914873 215
17914877 5328
17914927 1169
17914979 561
17915021 96
17915021 375
17915021 9576
17915147 5577
17915159 9
17915159 21
17915581 3591
17915629 107
17915641 3
17915641 396
17915791 68
17915869 35
17915941 11
17915941 2555
17915987 664
17916013 468
17916023 661
17916097 24
17916179 1
17916179 16
17916307 20
17916329 7
17916329 924
17916347 1072
17916407 33
17916539 1
17916553 1467
17916593 7
17916611 213
17916617 292
17916641 180
17916673 1688
17916673 6783
17916727 44
17916817 7848
17916887 1233
17916937 47
17917049 4
17917153 20
17917181 15
17917187 145
17917187 3849
17917259 4
17917267 33
17917313 151
17917463 1
17917463 2040
17917531 5441
17917567 705
17917607 1113
17917693 3
17917717 603
17917717 3243
17917807 5
17917859 1
17917961 4
17918053 575
17918077 23
17918077 695
17918141 2908
17918161 20
17918177 1887
17918203 1745
17918213 88
17918339 81
17918363 1
17918363 996
17918419 621
17918497 5055
17918569 116
17918597 39
17918687 9
17918737 312
17918801 3
17918809 4964
17918963 97
17918963 6172
17918981 4
17918981 4183
17918983 1592
17919061 819
17919133 11
17919149 16
17919169 20
17919169 27
17919199 44
17919221 76
17919233 3
17919263 1
17919263 13
17919269 4540
17919367 113
17919367 1004
17919371 1
17919409 3956
17919437 75
17919443 105
17919469 36
17919469 47
17919469 6012
17919659 1
17919673 123
17919677 3
17919689 2224
17919763 4005
17919799 9
17919799 44
17919841 3
17919851 333
17919929 4996
17919991 473
17920087 8820
17920391 9
17920393 27
17920561 35
17920577 3
17920627 9
17920631 1
17920631 4093
17920757 103
17920757 5020
17920909 212
17920997 3
17921021 2820
17921051 16
17921303 88
17921327 28
17921459 1369
17921467 8
17921467 45
17921539 369
17921557 443
17921699 1
17921767 1593
17921837 1495
17921987 1024
17922041 4
17922041 156
17922049 15
17922089 1300
17922101 531
17922119 1
17922137 1747
17922143 1
17922209 19
17922217 1152
17922217 5444
17922323 1
17922343 12
17922343 60
17922413 771
17922431 1
17922599 3600
17922631 69
17922659 1
17922739 69
17922767 88
17922791 1
17922791 4
17922797 43
17922803 72
17922977 204
17923013 2211
17923067 4
17923111 1376
17923123 7796
17923153 635
17923259 1
17923261 231
17923343 1
17923357 5519
17923481 3
17923483 588
17923483 977
17923589 1755
17923589 6255
17923679 1
17923753 56
17923753 1076
17923753 9387
17923771 276
17923861 3
17923901 3
17923937 4
17923937 4284
17923987 4700
17924029 660
17924029 4676
17924033 100
17924183 1
17924183 16
17924183 8221
17924297 2500
17924303 1
17924327 208
17924329 275
17924449 44
17924509 291
17924537 7
17924549 84
17924561 4
17924633 5748
17924651 4221
17924729 4
17924741 4
17924827 3188
17924869 116
17925053 40
17925091 8
17925091 5253
17925121 1404
17925233 3
17925263 253
17925329 7
17925331 7773
17925343 17
17925359 21
17925419 1
17925421 60
17925437 7
17925443 1
17925449 55
17925547 5
17925641 835
17925641 1920
17925689 31
17925703 5
17925703 36
17925839 1
17925851 1
17925881 151
17925881 715
17925907 8
17925977 3
17925977 219
17925991 708
17926193 3
17926201 35
17926219 389
17926261 443
17926487 52
17926487 5913
17926507 8
17926507 9528
17926523 1
17926627 2880
17926663 5
17926663 48
17926697 12
17926703 52
17926703 208
17926763 132
17926819 5
17926837 87
17926943 48
17927011 1536
17927023 17
17927113 12
17927137 3872
17927159 12
17927167 5
17927167 9
17927171 4
17927179 12
17927251 69
17927263 5
17927363 1
17927417 4
17927449 11
17927479 77
17927491 329
17927509 27
17927521 324
17927527 248
17927561 384
17927587 12
17927677 192
17927699 1
17927797 27
17927909 531
17927933 3
17927983 93
17927999 1
17928011 1789
17928019 12
17928089 7
17928133 15
17928179 9
17928187 165
17928203 1
17928227 4
17928373 68
17928397 84
17928401 4
17928401 16
17928437 2359
17928553 36
17928709 231
17928739 5544
17928793 2976
17928811 101
17928847 948
17928871 8
17928923 12
17928947 1944
17929039 9
17929183 4056
17929229 7
17929309 71
17929343 40
17929427 4
17929447 465
17929567 77
17929567 153
17929619 3960
17929619 4180
17929619 9037
17929643 1
17929739 700
17929757 3
17929783 8
17929783 33
17929831 209
17929831 773
17929897 15
17929927 9812
17929963 7896
17929993 183
17929993 368
17930051 1
17930063 1
17930063 16
17930117 9864
17930123 112
17930123 1408
17930191 120
17930201 4
17930219 1
17930219 12
17930321 3
17930327 64
17930327 220
17930443 848
17930537 4
17930579 1345
17930581 155
17930603 1
17930611 56
17930657 4
17930669 60
17930683 12
17930683 6725
17930707 105
17930713 12
17930723 1
17930747 349
17930779 65
17930821 135
17930921 16
17930921 295
17931031 7376
17931083 1537
17931091 240
17931161 4
17931161 5151
17931187 4520
17931217 312
17931239 1
17931259 129
17931317 3
17931359 1
17931427 149
17931503 1
17931701 79
17931701 703
17931701 820
17931737 7
17931737 2407
17931761 796
17931869 36
17931887 12
17931911 1
17931911 4
17931911 81
17931941 3
17932003 8
17932147 9
17932163 1
17932171 80
17932171 260
17932207 140
17932267 1113
17932351 9
17932357 3
17932429 635
17932463 1152
17932543 105
17932553 112
17932589 24
17932589 1564
17932589 2740
17932631 76
17932633 3
17932693 8
17932723 60
17932813 671
17932919 105
17933059 101
17933141 4
17933303 13
17933309 64
17933387 228
17933401 80
17933413 96
17933449 1416
17933519 4
17933579 1
17933599 57
17933611 105
17933633 3211
17933833 51
17933833 116
17933917 95
17933959 5696
17934013 3207
17934221 3
17934247 9149
17934419 2025
17934451 333
17934491 6133
17934551 1
17934551 2968
17934577 3
17934599 1
17934619 24
17934667 993
17934739 1341
17934769 47
17934773 828
17934811 128
17934941 3
17934941 163
17935063 2016
17935111 41
17935123 5
17935139 820
17935207 5
17935207 33
17935207 1524
17935207 2357
17935237 1163
17935237 3960
17935271 1
17935283 1
17935283 325
17935361 24
17935361 2520
17935361 5616
17935367 165
17935451 1
17935457 2632
17935481 4
17935513 12
17935537 780
17935537 8339
17935627 12
17935627 629
17935679 652
17935703 1033
17935747 240
17935751 33
17935751 40
17935831 89
17935873 35
17935937 592
17935987 392
17935991 3633
17935993 8
17936077 20
17936129 1099
17936141 40
17936179 1964
17936183 1
17936189 4
17936249 3819
17936341 3
17936417 3
17936431 9
17936509 11
17936533 587
17936687 37
17936687 48
17936689 399
17936747 217
17936753 7
17936753 3483
17936759 4
17936827 8
17936827 3905
17936833 83
17936839 80
17936917 579
17937011 1
17937169 111
17937209 399
17937211 861
17937253 5403
17937287 9300
17937317 15
17937319 21
17937391 68
17937421 131
17937581 4
17937617 7
17937719 16
17937719 309
17937817 3
17937841 4715
17937847 12
17938003 2081
17938013 283
17938049 4
17938049 2299
17938103 85
17938387 8
17938423 852
17938447 4277
17938483 5
17938493 2323
17938523 1
17938589 39
17938619 1
17938619 57
17938633 203
17938691 265
17938691 9141
17938721 4291
17938777 5147
17938861 68
17938937 4
17938981 11
17938997 1144
17939027 4
17939143 297
17939167 960
17939237 64
17939279 1
17939303 1
17939381 255
17939447 544
17939569 11
17939587 324
17939633 831
17939683 80
17939683 281
17939689 11
17939699 1
17939711 1
17939821 276
17939843 1
17939881 363
17939903 16
17939921 43
17940017 15
17940113 3
17940149 112
17940239 1
17940257 7
17940317 79
17940397 5468
17940421 44
17940421 240
17940463 4013
17940479 105
17940479 144
17940551 153
17940607 2112
17940653 7
17940677 115
17940677 523
17940679 44
17940707 13
17940707 4269
17940799 32
17940841 3
17940841 275
17940931 96
17940953 3
17940953 7
17941051 773
17941117 39
17941153 3
17941153 23
17941213 3
17941271 4
17941379 72
17941397 3
17941397 304
17941499 1
17941663 5
17941687 9
17941697 3
17941697 63
17941717 75
17941829 67
17941843 5
17941907 37
17941949 99
17942011 216
17942083 32
17942101 8744
17942227 20
17942303 33
17942321 63
17942341 588
17942383 12
17942389 275
17942413 20
17942443 21
17942539 44
17942591 1
17942591 5989
17942591 6633
17942609 4639
17942713 1007
17942713 3591
17942747 57
17942773 3
17942777 55
17942833 3
17942843 1
17942923 6000
17943161 64
17943287 12
17943319 17
17943319 305
17943361 503
17943433 3
17943487 8
17943511 5
17943763 5
17943811 44
17943811 9521
17943917 75
17943941 151
17944067 265
17944103 1396
17944217 819
17944253 127
17944279 5717
17944307 4
17944363 116
17944403 8248
17944453 3
17944453 1460
17944637 1975
17944681 59
17944781 268
17944813 2115
17944907 13
17944907 48
17944907 84
17945029 35
17945119 9
17945143 5
17945153 7
17945173 51
17945203 968
17945203 2988
17945237 4
17945261 2455
17945299 5
17945299 7965
17945357 3
17945383 5612
17945423 1
17945467 20
17945471 316
17945549 7
17945569 32
17945569 6732
17945573 3
17945573 6568
17945639 1
17945689 12
17945713 36
17945713 6311
17945729 331
17945729 924
17945743 1256
17945743 6581
17945803 537
17945843 16
17945849 375
17945849 2296
17945887 5
17945927 7588
17945947 5
17946023 1
17946119 1
17946119 9
17946121 3
17946133 3
17946133 15
17946211 5
17946251 3729
17946311 181
17946367 1265
17946403 20
17946421 888
17946451 3468
17946499 9
17946571 2940
17946581 963
17946623 1072
17946637 5027
17946641 24
17946641 6600
17946673 23
17946703 5
17946899 1
17946899 481
17946937 8
17946937 20
17946941 2715
17946949 99
17946991 5
17947031 81
17947063 81
17947093 48
17947093 1311
17947103 12
17947219 1680
17947243 3501
17947283 25
17947333 75
17947367 904
17947403 312
17947439 1
17947459 7164
17947547 333
17947591 765
17947669 1019
17947777 188
17947823 1
17947861 23
17947883 1
17947933 3
17948057 39
17948123 1
17948123 280
17948123 4977
17948167 24
17948173 168
17948431 224
17948459 4
17948459 9
17948527 84
17948543 1
17948543 85
17948591 481
17948603 1
17948629 3996
17948639 4
17948657 103
17948669 7
17948669 1767
17948731 236
17948881 8
17948891 133
17948911 200
17948951 1
17949023 12
17949083 1
17949097 519
17949277 6467
17949377 19
17949383 1
17949443 1
17949539 1
17949587 985
17949691 9
17949709 3855
17949749 24
17949797 423
17949797 5715
17949803 9576
17949809 1371
17949929 1384
17949931 89
17949931 5160
17949991 165
17950033 455
17950073 51
17950111 5
17950183 1848
17950253 8463
17950319 1
17950343 1
17950417 35
17950417 1680
17950483 680
17950547 13
17950547 1692
17950547 3060
17950697 1767
17950721 1155
17950733 1420
17950781 1084
17950817 3
17950817 24
17950847 669
17950871 1
17950949 24
17950967 1713
17951117 667
17951147 325
17951207 13
17951207 844
17951207 3213
17951207 8752
17951209 107
17951233 3
17951237 19
17951309 91
17951359 9
17951587 332
17951587 1080
17951621 4
17951657 7
17951663 4453
17951741 376
17951803 297
17951837 84
17951837 3663
17951837 6204
17951863 4452
17951963 48
17952049 180
17952079 1076
17952227 93
17952227 829
17952329 3631
17952377 4
17952401 3
17952401 15
17952481 23
17952491 1
17952491 261
17952491 1248
17952509 544
17952553 188
17952631 4688
17952677 28
17952677 987
17952691 60
17952707 84
17952757 4847
17952761 55
17952839 25
17952841 3
17952841 51
17952899 61
17952911 1
17952923 16
17952941 436
17952947 385
17952953 3
17952953 3523
17953049 27
17953127 633
17953151 5728
17953219 2669
17953301 4
17953319 1
17953361 3
17953393 3
17953469 15
17953477 6164
17953487 9
17953493 31
17953511 16
17953511 3144
17953561 11
17953583 16
17953631 4
17953687 1812
17953729 516
17953739 1
17953739 100
17953787 657
17953847 1152
17953849 3027
17953931 609
17953939 105
17953981 3
17954009 4155
17954017 3
17954089 6047
17954129 16
17954143 281
17954147 189
17954171 1
17954243 1
17954291 4
17954291 1176
17954327 957
17954327 4812
17954359 5
17954407 8
17954483 1
17954483 217
17954507 133
17954543 1
17954581 36
17954581 60
17954609 15
17954689 695
17954723 213
17954759 1
17954837 3
17954851 356
17954917 1640
17954999 2616
17955001 8
17955017 192
17955059 297
17955079 305
17955109 5751
17955131 1
17955137 4
17955143 4356
17955227 184
17955241 11
17955251 1
17955389 2907
17955491 1
17955521 19
17955523 8
17955527 168
17955599 1
17955653 3
17955653 87
17955713 3111
17955781 260
17955907 600
17955911 1
17955911 81
17955937 3
17955937 12
17955947 193
17955967 1320
17956049 9771
17956079 1
17956079 4
17956157 15
17956259 1
17956259 24
17956271 1
17956297 395
17956363 68
17956391 24
17956391 5880
17956531 80
17956619 1
17956663 312
17956667 5448
17956693 776
17956699 24
17956739 336
17956921 359
17956963 237
17956973 51
17957113 1028
17957171 1
17957171 13
17957201 63
17957209 60
17957267 40
17957323 8
17957327 4
17957341 180
17957383 132
17957393 15
17957393 76
17957437 204
17957477 7
17957519 1
17957579 81
17957579 381
17957609 52
17957759 57
17957801 5535
17957813 1363
17957833 3
17957843 1
17957843 1800
17958067 9
17958139 41
17958319 5
17958407 112
17958433 2483
17958491 13
17958491 76
17958529 272
17958571 9
17958599 25
17958623 1
17958713 16
17958757 12
17958761 351
17958877 164
17958901 6464
17959127 117
17959127 253
17959213 203
17959321 116
17959369 75
17959433 3
17959483 1628
17959493 7
17959589 532
17959691 1
17959717 444
17959717 2883
17959759 21
17959847 220
17959897 2655
17959979 1
17960011 5
17960053 7688
17960069 19
17960081 3
17960147 9
17960167 797
17960363 1
17960363 81
17960363 6568
17960477 160
17960513 31
17960633 27
17960639 1
17960669 1056
17960731 8
17960753 7771
17960797 548
17960821 603
17960827 9
17960843 220
17960893 9876
17960897 1519
17961029 9187
17961043 36
17961049 191
17961049 195
17961079 20
17961079 4004
17961113 3
17961233 5467
17961241 3719
17961323 1
17961467 4045
17961529 371
17961589 20
17961743 1
17961743 228
17961751 413
17961751 564
17961791 1
17961799 281
17961857 7
17961893 127
17962039 5
17962157 808
17962267 392
17962289 916
17962297 24
17962369 1124
17962393 8
17962457 3
17962559 1
17962577 415
17962643 1837
17962741 191
17962799 660
17962811 1
17962811 13
17962843 32
17962843 5033
17962913 448
17963009 6540
17963041 56
17963129 7
17963147 2920
17963177 1572
17963243 1
17963251 8
17963269 60
17963563 2312
17963609 7
17963651 1
17963711 2445
17963761 2475
17963779 1952
17963821 8
17963821 1383
17963831 1
17963879 1785
17963947 3060
17964119 1
17964131 4
17964179 820
17964209 4
17964229 56
17964307 17
17964343 228
17964347 228
17964347 1120
17964371 1
17964391 8
17964421 735
17964451 356
17964451 489
17964547 17
17964607 9
17964677 3
17964677 648
17964697 480
17964787 9
17964797 39
17964809 7
17964811 9
17964941 4
17964941 6696
17964967 20
17965109 2871
17965117 228
17965303 1028
17965331 73
17965411 420
17965459 5
17965483 5
17965483 17
17965483 6896
17965499 16
17965499 1057
17965501 4428
17965511 1
17965513 20
17965513 1788
17965589 759
17965601 220
17965679 765
17965741 9348
17965823 1
17965823 12
17965823 681
17965861 131
17966009 52
17966021 259
17966057 3
17966189 1027
17966219 61
17966231 228
17966237 4
17966293 3
17966321 4
17966339 1780
17966353 6356
17966363 1
17966411 1
17966411 4785
17966471 3909
17966527 384
17966527 2832
17966581 35
17966623 3456
17966659 264
17966699 1
17966713 371
17966777 3
17966843 1
17966849 195
17966881 8
17966881 204
17966959 21
17966999 60
17967007 17
17967013 8
17967101 15
17967281 784
17967359 37
17967373 3692
17967479 1
17967497 219
17967529 275
17967539 1
17967541 1199
17967671 1
17967701 3
17967707 153
17967767 2652
17967797 1552
17967857 4
17967883 12
17967883 5628
17968103 93
17968151 4
17968151 28
17968163 33
17968163 76
17968217 4
17968231 5
17968231 1169
17968331 16
17968339 1829
17968361 256
17968417 119
17968583 12
17968591 5
17968679 1
17968697 7
17968723 132
17968723 3561
17968757 3
17968763 412
17968771 2325
17968843 68
17968843 488
17968901 28
17968967 4
17968999 29
17968999 912
17969101 464
17969113 3311
17969113 5648
17969143 77
17969339 516
17969353 12
17969437 3
17969447 52
17969537 4
17969579 1
17969593 3
17969711 688
17969729 60
17969771 6613
17969797 104
17969837 4
17969837 303
17969947 177
17969951 2605
17969999 1
17969999 12
17970011 16
17970011 21
17970011 3901
17970083 1
17970083 33
17970133 15
17970221 4
17970311 1
17970353 3
17970353 8992
17970437 3
17970457 15
17970619 377
17970653 67
17970671 1
17970737 12
17970769 2315
17970781 3
17970811 53
17970839 2517
17970977 4
17971013 3
17971013 2563
17971111 5
17971333 311
17971403 1
17971417 23
17971433 3
17971451 1
17971469 4
17971607 520
17971843 8
17971951 1928
17972023 5
17972099 1
17972099 45
17972117 4
17972183 1
17972203 72
17972291 1
17972329 11
17972389 4367
17972413 3
17972567 8985
17972569 24
17972681 3
17972681 51
17972699 6457
17972771 1
17972881 3
17973017 72
17973049 96
17973061 11
17973073 63
17973089 2364
17973161 103
17973161 424
17973161 9043
17973169 119
17973173 112
17973239 1
17973247 288
17973287 84
17973311 1
17973311 408
17973377 7735
17973383 1
17973391 21
17973463 1148
17973463 3668
17973493 3
17973493 132
17973541 3
17973551 3324
17973653 7
17973713 4360
17973803 421
17973803 7137
17973883 8
17973911 9
17973953 3
17973953 40
17974039 3204
17974067 13
17974067 624
17974081 216
17974093 7772
17974213 8
17974237 663
17974303 177
17974303 872
17974373 3
17974373 660
17974393 356
17974393 2043
17974433 8820
17974483 8
17974591 501
17974591 7965
17974673 31
17974709 4
17974709 5572
17974777 8
17974783 57
17974793 760
17974843 237
17974877 3075
17974909 3980
17974991 1
17974991 13
17974991 6580
17975033 255
17975039 4
17975047 44
17975093 475
17975183 1
17975183 16
17975263 293
17975323 8
17975327 37
17975327 64
17975369 891
17975407 48
17975411 69
17975411 76
17975431 20
17975431 228
17975431 2553
17975513 3
17975513 255
17975549 24
17975623 8
17975693 2527
17975731 144
17975801 3
17975863 132
17975873 1812
17975933 7
17975933 52
17976011 1
17976011 60
17976037 119
17976083 1
17976197 712
17976239 1
17976239 4449
17976241 4079
17976341 4
17976481 24
17976601 3
17976653 483
17976727 8
17976743 13
17976757 224
17976779 1
17976779 1312
17976821 3
17976919 8732
17977033 8
17977061 15
17977163 757
17977409 280
17977423 1248
17977447 5
17977567 9185
17977571 361
17977679 1749
17977703 1
17977753 3
17977753 236
17977811 585
17977871 1
17977871 4
17977889 3624
17977901 24
17977903 1773
17977907 13
17977919 12
17977943 2637
17977979 52
17977991 60
17977991 525
17977997 27
17978029 2039
17978083 17
17978083 6000
17978117 52
17978117 340
17978137 48
17978167 24
17978251 8
17978327 12
17978383 3852
17978437 60
17978563 320
17978573 1120
17978689 15
17978699 1
17978711 16
17978747 9
17978771 1
17978797 8
17978839 9
17978887 32
17978897 28
17978941 1740
17979001 9311
17979029 55
17979029 1411
17979037 188
17979061 51
17979067 20
17979113 63
17979119 1
17979173 7
17979193 83
17979271 1728
17979329 16
17979337 120
17979397 15
17979397 212
17979499 1340
17979503 3205
17979551 1
17979617 3
17979653 12
17979653 136
17979671 24
17979889 7739
17980019 4
17980057 855
17980133 1036
17980141 120
17980141 948
17980297 2688
17980331 2121
17980343 796
17980379 1
17980379 4812
17980423 2616
17980451 2533
17980453 27
17980463 1
17980519 1892
17980553 4795
17980553 6376
17980643 156
17980799 1
17980801 8
17980811 4
17980819 44
17980819 236
17980847 168
17980877 4
17980997 19
17980997 28
17981003 1236
17981027 12
17981039 24
17981063 1
17981177 4
17981219 4929
17981261 4
17981279 1
17981473 468
17981477 2308
17981497 8
17981503 20
17981503 1133
17981567 4
17981591 448
17981633 3
17981633 1648
17981651 1
17981749 11
17981759 40
17981819 1
17981851 5
17981851 5180
17981959 321
17981959 332
17981981 48
17982011 1
17982011 265
17982101 16
17982119 1
17982119 109
17982281 1936
17982281 3411
17982347 7993
17982443 37
17982479 2037
17982491 241
17982571 960
17982577 12
17982631 24
17982677 87
17982761 1084
17982791 2389
17982917 2380
17982971 9
17983019 4
17983099 1212
17983111 21
17983247 4
17983267 1764
17983279 84
17983333 3
17983351 2561
17983391 1
17983453 3
17983487 5997
17983513 231
17983531 48
17983573 927
17983619 9337
17983643 12
17983877 88
17983981 35
17983993 1575
17984003 105
17984017 6335
17984107 897
17984107 7289
17984129 7
17984129 4720
17984159 1
17984167 213
17984177 12
17984209 12
17984299 2300
17984303 1
17984303 2676
17984303 6493
17984339 505
17984377 12
17984441 15
17984467 140
17984489 12
17984539 17
17984563 533
17984567 24
17984573 7
17984641 2799
17984671 69
17984717 7
17984717 72
17984717 7272
17984719 9
17984783 1
17984947 845
17984947 2060
17984947 2345
17984971 848
17984977 668
17985047 4
17985059 1
17985119 441
17985211 56
17985259 3689
17985271 1389
17985271 1728
17985277 3
17985529 51
17985637 9815
17985809 156
17985841 3
17985841 24
17985857 4
17985857 387
17985901 3
17986117 1488
17986159 20
17986159 309
17986211 1
17986211 189
17986211 309
17986211 781
17986229 4
17986301 24
17986337 24
17986439 1
17986447 132
17986487 169
17986537 8
17986609 420
17986609 8547
17986679 4
17986729 24
17986729 2712
17986819 12
17986831 8
17986841 91
17986967 4
17986973 247
17986999 4661
17987027 4
17987027 85
17987027 8709
17987159 1
17987159 2329
17987209 147
17987209 195
17987261 4
17987261 2359
17987327 4
17987327 1080
17987327 1888
17987351 7093
17987477 187
17987483 73
17987603 57
17987621 144
17987639 3120
17987681 4
17987693 16
17987693 6936
17987839 521
17987839 8681
17987869 120
17987881 23
17987881 119
17987891 4
17987891 4521
17988037 8
17988083 1
17988197 4
17988199 21
17988259 8849
17988301 1635
17988349 11
17988409 87
17988419 76
17988469 2027
17988539 1557
17988653 5143
17988701 3
17988721 44
17988727 32
17988727 264
17988743 28
17988757 3
17988797 235
17988811 893
17988821 304
17988833 2655
17988899 3057
17988977 3
17988989 4732
17989079 180
17989117 135
17989133 132
17989177 44
17989253 3
17989253 15
17989271 1
17989273 620
17989319 12
17989369 12
17989369 15
17989373 3
17989373 1291
17989379 1849
17989379 5056
17989441 15
17989471 9
17989471 5276
17989507 2564
17989507 9149
17989577 63
17989577 3099
17989583 241
17989627 8
17989847 60
17989943 13
17990023 6825
17990057 63
17990081 268
17990087 4
17990113 1331
17990149 120
17990149 6800
17990249 51
17990309 19
17990311 5
17990311 9
17990327 13
17990363 1
17990363 168
17990377 8
17990389 24
17990389 36
17990407 5
17990449 8904
17990459 5209
17990461 48
17990579 1
17990653 3
17990653 11
17990723 1
17990723 28
17990767 8
17990783 1
17990783 5536
17990939 177
17991007 9
17991019 9
17991019 120
17991073 11
17991131 1
17991167 28
17991209 4
17991209 8620
17991209 9724
17991257 28
17991257 8487
17991341 256
17991343 8
17991349 47
17991349 1599
17991353 3
17991353 295
17991487 144
17991503 1
17991551 4
17991557 3
17991691 929
17991823 60
17991823 3560
17991887 553
17991913 15
17991959 1
17991971 340
17991983 21
17991983 177
17992081 20
17992111 4028
17992123 477
17992147 5
17992223 36
17992379 1
17992453 408
17992459 32
17992501 80
17992531 8
17992537 1560
17992573 3
17992631 84
17992631 136
17992631 516
17992889 4
17992937 12
17993077 1184
17993093 595
17993177 3
17993177 7
17993203 6113
17993257 8
17993351 28
17993477 75
17993477 208
17993483 73
17993539 21
17993641 11
17993663 1
17993693 156
17993713 468
17993867 28
17993867 45
17993897 48
17993917 3
17994017 7503
17994127 2940
17994161 31
17994161 1704
17994259 12
17994437 99
17994491 24
17994491 801
17994491 3025
17994607 1173
17994623 156
17994637 80
17994661 56
17994661 8024
17994707 4
17994791 24
17994827 945
17994923 1
17994997 44
17994997 75
17995013 88
17995093 8
17995141 156
17995151 1
17995189 239
17995193 87
17995193 7248
17995247 4
17995259 21
17995379 4
17995429 152
17995511 4
17995517 4
17995553 592
17995559 1
17995559 5116
17995577 124
17995583 1
17995583 88
17995661 759
17995667 7800
17995669 56
17995751 1
17995751 144
17995849 36
17995933 5195
17996101 3
17996141 88
17996141 3283
17996177 607
17996291 4
17996291 33
17996351 1
17996351 3205
17996383 5
17996383 197
17996431 5
17996549 91
17996551 9
17996569 44
17996609 7
17996611 41
17996821 2235
17996831 9
17996831 685
17996851 416
17996983 12
17996987 37
17997037 60
17997131 1
17997131 73
17997163 108
17997163 5088
17997181 23
17997191 1
17997191 16
17997191 1444
17997253 11
17997277 287
17997299 189
17997299 2341
17997311 4
17997323 1008
17997341 3
17997359 9
17997449 1336
17997451 5
17997451 128
17997571 204
17997587 4000
17997593 447
17997673 63
17997751 120
17997767 6064
17997839 1
17997871 9
17997871 185
17997877 104
17997907 12
17997977 4
17998033 56
17998081 660
17998103 285
17998103 2565
17998109 12
17998151 1920
17998289 139
17998327 8
17998403 16
17998499 1
17998691 1
17998703 120
17998703 256
17998777 3
17998793 91
17998793 235
17998873 3
17998873 32
17998889 55
17998901 3
17998901 4
17998919 1
17998919 16
17998919 2724
17998973 7
17999027 49
17999161 395
17999221 8
17999221 468
17999231 1
17999257 5264
17999291 1
17999357 3
17999473 15
17999503 665
17999827 5
17999881 351
17999899 4860
