15500027 12
15500033 3
15500087 4
15500099 1
15500099 196
15500153 7
15500207 177
15500237 19
15500267 528
15500351 4108
15500411 4
15500423 1
15500519 1
15500531 4
15500557 227
15500567 40
15500581 11
15500621 219
15500623 57
15500711 1
15500717 408
15500813 43
15500861 1536
15500869 576
15500869 5955
15500971 56
15501067 345
15501071 4
15501071 76
15501071 781
15501119 1
15501179 1
15501251 88
15501251 240
15501251 9361
15501337 15
15501401 1423
15501481 35
15501481 7239
15501487 585
15501559 65
15501571 8
15501691 9428
15501749 16
15501803 1
15501817 3
15501817 312
15501817 1635
15501823 408
15501851 469
15501859 20
15501881 40
15501907 5
15501911 1
15501923 25
15501947 9577
15501971 1
15502031 429
15502049 4
15502093 1772
15502103 25
15502103 48
15502121 235
15502177 140
15502229 64
15502303 893
15502321 7944
15502363 8
15502411 660
15502439 96
15502493 3
15502493 451
15502493 672
15502523 1
15502541 628
15502549 12
15502567 60
15502649 7
15502649 4596
15502687 9293
15502693 56
15502709 2616
15502709 2896
15502757 399
15502787 153
15502847 4
15502853 360
15502891 176
15502901 4
15503009 7
15503029 131
15503119 8456
15503231 1
15503291 1
15503291 253
15503329 80
15503329 455
15503459 525
15503567 4
15503581 8096
15503687 129
15503701 63
15503701 68
15503701 303
15503723 1
15503723 21
15503723 280
15503731 36
15503737 9879
15503743 5
15503903 1
15504023 28
15504029 7
15504089 124
15504331 1893
15504389 1072
15504563 1
15504563 61
15504571 5
15504581 1491
15504623 1
15504653 3
15504661 3
15504661 8019
15504707 13
15504733 20
15504757 275
15504761 4443
15504803 1
15504803 52
15504953 120
15505031 3588
15505043 12
15505099 425
15505103 88
15505157 1120
15505181 24
15505219 5805
15505229 9360
15505337 267
15505433 55
15505439 5832
15505579 9896
15505697 4
15505739 1
15505771 8
15505829 16
15505829 5992
15505871 1449
15505901 19
15505937 1984
15505961 4
15505961 3888
15505961 8736
15505969 12
15505969 144
15505999 6272
15506009 916
15506047 72
15506063 1
15506063 52
15506083 113
15506207 112
15506297 408
15506311 188
15506327 4
15506327 273
15506377 8
15506377 767
15506411 1
15506411 9
15506443 57
15506459 9
15506537 3
15506653 1976
15506713 20
15506723 76
15506723 705
15506723 8748
15506741 3
15506741 4
15506809 11
15506921 2175
15507091 129
15507101 16
15507251 184
15507353 12
15507353 5920
15507377 75
15507379 1532
15507397 24
15507397 39
15507419 1
15507467 49
15507469 11
15507521 1519
15507523 21
15507523 9677
15507599 1
15507631 621
15507677 60
15507677 2499
15507707 4
15507761 3
15507761 151
15507809 4
15507809 24
15507823 8
15507823 128
15507823 176
15507839 2721
15507883 356
15507889 111
15508043 1
15508057 8
15508057 12
15508357 15
15508387 4325
15508433 3
15508433 7
15508481 15
15508481 43
15508511 1
15508529 3312
15508609 2615
15508643 81
15508763 1
15508771 3321
15508817 1903
15508849 584
15508861 311
15508943 541
15508991 3040
15509017 3
15509089 27
15509099 1
15509177 7
15509213 7555
15509281 8
15509309 4
15509323 5
15509341 308
15509381 19
15509447 4
15509447 252
15509471 4144
15509531 9
15509539 17
15509591 649
15509639 277
15509657 28
15509657 39
15509699 1
15509731 69
15509749 279
15509801 300
15509821 2883
15509891 1
15509891 5569
15509957 5644
15509999 4
15510083 13
15510107 4
15510109 251
15510167 4
15510179 9432
15510197 27
15510227 45
15510281 3
15510311 1
15510359 1
15510367 17
15510413 156
15510413 1135
15510421 23
15510427 1397
15510527 12
15510527 129
15510527 3480
15510617 3
15510617 235
15510617 2364
15510619 489
15510689 2371
15510841 404
15511057 20
15511061 3
15511109 159
15511121 24
15511183 60
15511207 32
15511207 173
15511229 7
15511241 108
15511271 3768
15511283 1
15511283 508
15511291 936
15511297 15
15511297 612
15511337 4
15511409 2251
15511421 3
15511459 3020
15511471 5976
15511511 1
15511511 204
15511541 199
15511541 1140
15511567 272
15511649 9424
15511673 3
15511679 81
15511703 1
15511711 365
15511753 3
15511759 2501
15511813 8
15511819 21
15511901 79
15511921 8
15511921 743
15511963 5
15512023 297
15512131 3108
15512137 1968
15512179 9
15512191 1605
15512269 132
15512377 147
15512459 4
15512591 40
15512597 3
15512599 396
15512633 843
15512633 3531
15512639 1
15512779 2864
15512851 29
15512869 96
15512951 1
15512969 40
15512969 6711
15513049 219
15513053 768
15513059 1
15513079 8301
15513103 336
15513143 1000
15513187 5
15513203 33
15513229 180
15513233 16
15513301 51
15513341 1368
15513383 1
15513461 24
15513479 7609
15513541 11
15513541 1059
15513587 4
15513647 48
15513653 15
15513677 3
15513761 271
15513769 1331
15513803 1776
15513931 33
15513931 68
15513931 5928
15513943 1157
15513959 16
15513959 21
15513961 8
15514091 13
15514117 132
15514201 11
15514283 1
15514283 8220
15514339 9
15514349 7200
15514361 3
15514361 108
15514379 184
15514379 5200
15514403 1
15514511 1
15514553 771
15514589 40
15514789 8519
15514799 16
15514957 44
15515117 3
15515117 15
15515147 448
15515161 1848
15515243 1
15515243 133
15515287 2193
15515293 776
15515329 51
15515329 59
15515341 171
15515341 399
15515351 109
15515371 5
15515399 864
15515413 3
15515471 1
15515491 56
15515573 3
15515741 24
15515743 141
15515767 8
15515767 1152
15515833 3
15515939 1
15516071 1869
15516253 3
15516373 12
15516419 1
15516419 7741
15516433 2031
15516443 52
15516481 1371
15516499 4140
15516511 45
15516541 15
15516623 28
15516667 4073
15516773 2712
15516779 1
15516791 9088
15516989 7
15517049 4
15517069 12
15517093 107
15517283 612
15517297 732
15517297 935
15517457 4
15517457 7
15517487 1633
15517501 23
15517631 9408
15517637 2844
15517717 15
15517757 1459
15517759 5
15517783 5
15517921 7211
15517979 1
15518021 4
15518039 1
15518137 8
15518143 17
15518203 8
15518203 21
15518203 516
15518249 1384
15518303 61
15518303 9712
15518311 308
15518323 456
15518411 24
15518423 1
15518483 21
15518521 8
15518521 11
15518539 12
15518561 4344
15518579 1
15518579 397
15518641 236
15518669 36
15518677 8
15518717 108
15518747 13
15518747 300
15518753 655
15518819 1
15518831 1
15518831 9
15518843 1
15518861 256
15518897 4
15518897 15
15518917 7064
15518969 859
15518969 952
15518989 20
15518999 1
15519083 1
15519083 12
15519137 12
15519151 9
15519167 208
15519167 285
15519167 493
15519221 1740
15519233 1131
15519271 504
15519299 24
15519337 8
15519347 1573
15519347 6693
15519347 9868
15519377 955
15519389 2152
15519421 431
15519451 5
15519571 8
15519583 20
15519659 1989
15519841 1236
15519863 1
15519883 21
15519883 173
15520013 136
15520027 7805
15520111 489
15520121 43
15520151 9621
15520163 40
15520189 744
15520231 824
15520231 4133
15520237 159
15520301 76
15520343 6540
15520381 36
15520399 41
15520399 149
15520517 160
15520559 12
15520691 180
15520693 23
15520709 12
15520753 3
15520787 5449
15520927 360
15520927 1760
15521063 2317
15521069 2724
15521137 35
15521161 60
15521161 111
15521161 888
15521171 4
15521171 61
15521171 424
15521179 44
15521179 6860
15521183 1
15521183 7065
15521197 3
15521201 24
15521203 8
15521263 20
15521263 108
15521279 61
15521383 17
15521393 576
15521431 2313
15521477 748
15521497 615
15521503 5
15521587 8
15521593 131
15521593 5903
15521717 1104
15521783 1
15521837 4
15521921 4
15521971 8273
15521977 4340
15522043 12
15522049 9851
15522113 12
15522167 12
15522167 553
15522187 480
15522193 323
15522271 188
15522271 269
15522323 1
15522329 7
15522371 1
15522431 853
15522497 4
15522497 120
15522497 9468
15522667 260
15522707 220
15522713 52
15522827 2728
15522851 21
15522863 1
15522877 3584
15522893 88
15522911 1
15522929 7
15522931 36
15522977 3807
15523087 140
15523121 48
15523121 148
15523181 204
15523217 8388
15523307 9
15523411 2393
15523423 156
15523429 27
15523429 4731
15523619 232
15523661 3
15523691 256
15523727 373
15523751 1
15523751 76
15523847 28
15523883 156
15523933 8
15523973 12
15523999 32
15524029 72
15524029 5924
15524039 1
15524039 925
15524081 160
15524081 475
15524227 80
15524239 32
15524297 4
15524371 20
15524371 300
15524393 3
15524447 2493
15524449 227
15524513 12
15524513 1303
15524549 1132
15524651 4
15524669 3715
15524713 8
15524783 1
15524801 4
15524827 5
15524827 80
15524827 4652
15524917 59
15524921 3
15524923 9221
15524933 51
15524959 4104
15524981 3
15524981 19
15524987 433
15525007 809
15525221 3
15525361 15
15525361 3636
15525443 1417
15525443 2076
15525473 28
15525491 1
15525491 289
15525569 16
15525577 8
15525599 4
15525611 4
15525617 4
15525617 144
15525677 5032
15525683 241
15525773 3
15525773 2367
15525773 2856
15525847 5
15525847 8825
15525857 15
15525889 527
15525899 1836
15526039 21
15526039 1905
15526163 25
15526261 8711
15526279 20
15526279 840
15526327 32
15526327 329
15526337 12
15526367 4
15526373 15
15526463 1
15526487 589
15526613 780
15526697 3
15526697 115
15526769 520
15526799 9
15526799 2049
15526811 1
15526811 28
15526859 1
15526937 3
15526957 35
15526993 8
15527051 1
15527051 1365
15527153 40
15527189 87
15527219 9700
15527333 12
15527339 444
15527381 756
15527381 1408
15527423 1
15527467 8
15527467 845
15527471 120
15527521 8
15527527 8
15527527 557
15527627 48
15527657 84
15527833 731
15527843 136
15527873 16
15527899 5372
15527933 43
15527933 795
15527989 32
15527989 56
15527989 644
15528119 1
15528133 680
15528281 75
15528371 6700
15528413 31
15528413 648
15528433 108
15528517 3
15528581 475
15528593 2712
15528761 3
15528761 24
15528893 2116
15528911 1468
15528959 1
15528971 49
15528983 573
15529013 3
15529091 88
15529141 768
15529271 1
15529303 20
15529303 1728
15529309 87
15529309 2856
15529369 332
15529373 72
15529463 13
15529463 4368
15529489 51
15529511 1
15529511 4
15529511 385
15529537 452
15529663 321
15529711 8
15529747 105
15529777 68
15529777 183
15529847 148
15529849 8420
15529867 12
15529867 1244
15529867 2124
15529883 1
15529883 6580
15529931 1
15529979 4
15530029 987
15530033 9163
15530111 1
15530143 1248
15530143 1461
15530153 196
15530171 1909
15530261 120
15530311 4601
15530323 5
15530357 732
15530423 1
15530447 9
15530479 4349
15530509 35
15530527 12
15530549 15
15530563 273
15530563 765
15530569 3144
15530591 1
15530719 2961
15530743 53
15530777 19
15530881 11
15530891 28
15531007 3612
15531011 1
15531053 1671
15531071 13
15531079 5
15531133 368
15531193 23
15531221 519
15531221 748
15531259 21
15531311 1
15531413 8308
15531419 1
15531457 47
15531689 396
15531773 31
15531779 64
15531779 469
15531793 432
15531913 68
15532079 24
15532157 19
15532171 4040
15532201 8
15532211 25
15532229 5427
15532249 7635
15532483 8
15532501 108
15532507 24
15532511 13
15532553 7
15532579 5
15532631 1
15532681 51
15532697 120
15532799 1
15532813 8352
15532873 3
15532919 9769
15532991 1120
15532999 96
15533069 835
15533069 1479
15533099 4
15533113 12
15533113 8316
15533207 537
15533249 399
15533261 3
15533269 11
15533311 4781
15533321 435
15533443 7053
15533519 1
15533561 4
15533591 136
15533633 175
15533633 1615
15533657 12
15533663 1
15533663 300
15533681 2215
15533689 3356
15533719 785
15533753 2355
15533761 836
15533779 132
15533831 4
15533831 36
15533891 1
15533977 32
15534061 6276
15534143 16
15534179 52
15534179 1449
15534241 3
15534251 25
15534271 1176
15534307 612
15534307 5573
15534347 333
15534439 4205
15534511 8
15534521 1179
15534703 1092
15534791 1
15534791 9
15534791 21
15534791 84
15534811 2973
15534811 4893
15534817 39
15534919 216
15534973 15
15534973 27
15535067 4
15535111 24
15535151 25
15535207 1140
15535211 49
15535253 3
15535337 3
15535339 509
15535343 112
15535379 1
15535379 336
15535381 2856
15535397 63
15535417 3
15535451 1
15535451 4
15535453 107
15535463 1
15535547 13
15535547 1309
15535577 12
15535601 24
15535747 1104
15535859 40
15535873 11
15535931 1
15535957 252
15535979 1
15536009 87
15536033 3
15536119 2181
15536137 344
15536153 220
15536173 71
15536233 380
15536267 4248
15536399 1
15536407 48
15536539 12
15536539 77
15536567 4
15536603 40
15536603 3280
15536621 51
15536723 1
15536749 644
15536863 132
15536863 3905
15536881 159
15536887 17
15536887 45
15536947 5
15536981 1596
15536999 25
15537013 3
15537059 1
15537091 1056
15537211 89
15537239 1
15537341 4
15537419 1
15537523 3941
15537637 3
15537637 63
15537733 167
15537773 7
15537787 180
15537793 251
15537793 2360
15537833 112
15537883 12
15537917 4372
15537943 12
15538013 1863
15538031 1
15538049 111
15538049 192
15538109 139
15538147 17
15538163 1
15538163 421
15538283 1
15538339 272
15538339 3360
15538343 1
15538343 85
15538399 9
15538399 297
15538489 92
15538499 4
15538507 5
15538507 8
15538559 1
15538559 61
15538643 81
15538643 597
15538703 1413
15538727 28
15538727 448
15538973 3
15538987 344
15539081 703
15539231 9
15539233 9651
15539263 2240
15539267 9
15539399 25
15539399 3084
15539431 276
15539539 89
15539591 1
15539603 1
15539603 28
15539617 248
15539617 8612
15539639 2265
15539681 3
15539831 1
15539831 64
15539941 1331
15539947 440
15539999 1
15540013 3
15540103 501
15540131 4329
15540179 1
15540209 15
15540209 16
15540211 20
15540241 48
15540241 528
15540251 1
15540367 12
15540377 5200
15540383 1
15540419 1
15540509 7
15540529 39
15540559 7992
15540563 28
15540593 592
15540631 5
15540653 3
15540653 4788
15540677 12
15540757 32
15540761 6039
15540809 24
15540823 21
15540823 780
15540823 1053
15541033 3
15541063 12
15541081 755
15541159 684
15541223 13
15541231 33
15541231 309
15541271 1
15541343 1
15541499 1
15541523 1
15541523 105
15541529 4
15541541 19
15541549 20
15541649 99
15541703 748
15541751 4
15541759 24
15541759 1005
15541837 83
15541973 3
15541973 232
15541973 735
15541973 2760
15542011 20
15542047 1265
15542207 57
15542269 104
15542281 5060
15542299 69
15542333 27
15542441 3
15542453 8643
15542491 96
15542509 812
15542519 7749
15542531 9
15542557 2339
15542603 1
15542633 15
15542677 3983
15542707 360
15542831 13
15542837 3
15542897 567
15542957 24
15542971 84
15543029 127
15543067 9
15543343 33
15543383 4060
15543427 348
15543439 44
15543439 69
15543499 132
15543503 105
15543503 2145
15543523 416
15543529 116
15543547 45
15543557 499
15543581 120
15543629 31
15543701 3
15543701 4
15543713 1032
15543719 2901
15543743 1
15543757 983
15543809 51
15543821 100
15543839 16
15543907 8
15543907 9
15543917 28
15543917 135
15543917 9184
15543949 15
15544007 40
15544079 25
15544093 80
15544097 3
15544097 84
15544097 447
15544327 12
15544327 180
15544339 1092
15544391 28
15544439 285
15544471 5
15544471 8
15544471 2700
15544709 12
15544747 9
15544883 8208
15544901 19
15544939 56
15544943 1
15544951 84
15544961 24
15544999 5
15545009 19
15545039 1
15545053 12
15545081 439
15545087 4
15545111 13
15545149 71
15545197 23
15545197 2823
15545239 272
15545269 60
15545279 1
15545303 1
15545357 235
15545371 2460
15545371 2928
15545393 3
15545417 15
15545449 60
15545581 3168
15545581 3815
15545609 4
15545609 16
15545609 259
15545657 1807
15545731 41
15545807 192
15545807 777
15545891 1
15545921 195
15545941 2595
15546029 16
15546029 496
15546127 3717
15546131 8989
15546203 1
15546259 36
15546383 1
15546383 3036
15546439 1904
15546491 265
15546529 1247
15546659 1
15546659 37
15546793 395
15546859 552
15546859 1701
15546859 2525
15546901 3
15546977 4
15546983 1
15546983 5925
15547183 8
15547223 1
15547303 21
15547439 1
15547439 25
15547481 564
15547913 3
15547913 807
15547949 67
15547963 5
15547967 480
15548059 332
15548059 7256
15548101 3
15548131 641
15548179 41
15548231 1
15548231 84
15548261 40
15548363 1
15548417 3
15548431 108
15548509 24
15548527 5265
15548549 415
15548549 7959
15548579 1029
15548581 6419
15548627 1845
15548627 3012
15548749 75
15548807 13
15548837 3
15548837 159
15548873 67
15548879 1204
15548947 65
15548969 484
15549029 51
15549041 5643
15549047 4
15549047 9
15549161 4936
15549181 3315
15549421 324
15549473 3
15549503 2436
15549607 768
15549641 4
15549659 1
15549707 4
15549719 241
15549719 1012
15549739 897
15549739 4365
15549797 3
15549811 1421
15549977 7
15550063 9032
15550079 24
15550103 133
15550141 3
15550159 4109
15550211 168
15550211 3364
15550307 4
15550319 1
15550517 3
15550519 701
15550637 15
15550637 28
15550657 128
15550741 80
15550763 1
15550817 15
15550819 5
15550819 200
15550823 1
15550861 8
15550877 195
15550973 535
15550979 97
15550991 5329
15551027 4
15551099 1
15551099 21
15551147 4
15551153 732
15551171 1
15551189 4
15551213 147
15551233 2723
15551269 71
15551287 33
15551363 1
15551483 8320
15551533 72
15551563 108
15551579 1
15551597 55
15551609 9372
15551623 740
15551639 1
15551849 87
15551849 300
15551857 27
15551891 1
15551903 280
15551999 12
15552001 171
15552041 408
15552083 61
15552083 5797
15552113 343
15552143 1
15552157 3
15552157 7043
15552191 2025
15552227 2713
15552259 240
15552289 4460
15552311 885
15552391 93
15552437 3
15552461 2644
15552539 4
15552553 3443
15552587 4
15552587 117
15552631 48
15552707 720
15552857 444
15552973 3168
15553123 753
15553277 840
15553301 4
15553337 4
15553423 4560
15553427 9
15553471 9
15553477 4832
15553507 93
15553607 817
15553621 8
15553633 3
15553633 120
15553651 1509
15553673 1432
15553709 7
15553823 1
15553859 1
15553931 1
15553933 27
15553939 9
15553981 2480
15553987 1985
15554051 4
15554107 780
15554137 2384
15554311 269
15554323 5
15554323 8
15554459 25
15554459 84
15554549 4
15554641 3
15554719 56
15554771 624
15554807 1189
15554821 815
15554887 137
15554953 8
15555139 5
15555203 1
15555217 12
15555227 133
15555247 8433
15555251 1
15555251 1708
15555263 12
15555311 1
15555367 692
15555401 159
15555413 36
15555473 31
15555479 16
15555541 264
15555559 5
15555563 1
15555739 32
15555739 45
15555739 845
15555853 11
15555863 1
15555923 6816
15555929 19
15555931 89
15555931 1073
15555937 3423
15555941 2668
15556069 399
15556091 1
15556273 3
15556279 336
15556393 1092
15556393 1716
15556447 29
15556447 864
15556481 4704
15556511 1
15556511 220
15556627 1064
15556631 289
15556781 64
15556787 12
15556867 164
15556913 7
15556913 327
15556979 121
15556987 5
15557117 739
15557117 2775
15557207 1288
15557303 48
15557303 1893
15557303 5460
15557341 3
15557389 111
15557419 60
15557459 924
15557471 16
15557473 692
15557489 39
15557519 649
15557519 4137
15557551 2640
15557609 15
15557609 184
15557653 3
15557671 168
15557761 2975
15557831 1
15557909 76
15557921 5224
15557947 12
15557947 413
15557977 68
15557977 95
15557999 1
15557999 121
15557999 1120
15558139 36
15558197 4
15558223 456
15558227 40
15558227 4944
15558379 17
15558449 75
15558479 1
15558503 1
15558547 12
15558589 39
15558779 1452
15558883 45
15558937 375
15559079 1
15559079 36
15559189 7764
15559207 372
15559273 408
15559333 12
15559333 1856
15559337 2847
15559373 352
15559463 1837
15559469 27
15559469 456
15559483 81
15559513 5595
15559517 3507
15559547 5437
15559559 1
15559633 3
15559633 1592
15559669 96
15559763 1
15559801 204
15559883 28
15559931 1
15559949 1627
15559991 1
15559991 544
15560131 9621
15560227 1428
15560249 7
15560309 99
15560341 3
15560353 696
15560371 1433
15560437 348
15560437 627
15560471 3820
15560497 63
15560497 327
15560507 129
15560527 20
15560527 1293
15560663 1672
15560669 1392
15560761 20
15560773 3
15560953 3
15560957 3
15561037 84
15561037 108
15561059 69
15561157 543
15561173 3
15561173 7
15561173 28
15561229 15
15561251 1
15561251 153
15561347 4
15561389 1207
15561431 1
15561451 7860
15561541 3
15561563 105
15561563 321
15561599 1
15561619 20
15561641 739
15561641 9024
15561671 1
15561671 16
15561677 1924
15561751 144
15561761 3
15561769 80
15561803 12
15561803 5652
15561809 571
15561827 12
15561839 1
15561853 3
15561853 8072
15561863 1
15561881 43
15561911 3028
15561983 2221
15561991 5
15561991 1529
15562033 516
15562073 36
15562243 5
15562243 12
15562243 8733
15562249 795
15562271 84
15562297 8
15562307 1404
15562319 6457
15562333 647
15562363 836
15562367 1077
15562423 48
15562523 1
15562553 700
15562637 8359
15562639 57
15562639 497
15562649 15
15562741 68
15562801 8135
15563047 84
15563087 9
15563087 3073
15563099 5460
15563101 8
15563123 13
15563371 5
15563399 2761
15563461 3
15563467 129
15563491 4509
15563573 3
15563593 32
15563623 5
15563629 7040
15563731 9
15563731 405
15563731 1136
15563741 123
15563773 11
15563827 24
15563843 1
15564293 6171
15564361 1308
15564467 9
15564547 2624
15564623 9168
15564797 3108
15564863 33
15564869 3664
15564977 652
15565021 3
15565031 453
15565061 4356
15565079 4
15565153 11
15565153 276
15565153 8952
15565169 7
15565213 12
15565213 131
15565229 84
15565327 9
15565393 3
15565393 11
15565513 651
15565559 1
15565621 120
15565723 81
15565811 4
15565841 351
15565943 1
15565943 37
15565943 237
15566027 60
15566051 1
15566087 12
15566113 1475
15566171 36
15566219 21
15566303 25
15566303 28
15566323 836
15566363 205
15566513 372
15566513 5436
15566519 61
15566519 3325
15566549 136
15566563 641
15566623 113
15566659 2532
15566711 28
15566717 3148
15566819 1
15566819 165
15566869 3351
15566891 6736
15566893 1727
15566911 488
15566987 1917
15566987 5880
15567103 117
15567131 1
15567133 1112
15567157 32
15567169 99
15567179 136
15567197 84
15567311 120
15567353 3715
15567437 4
15567439 3264
15567443 325
15567493 3
15567493 8591
15567521 24
15567551 9
15567683 1
15567829 236
15567863 28
15567889 135
15567947 829
15568093 3
15568093 275
15568117 3
15568129 11
15568211 169
15568211 181
15568261 63
15568261 1203
15568303 32
15568337 88
15568387 113
15568387 549
15568411 504
15568439 1
15568477 44
15568477 5339
15568519 29
15568573 140
15568577 7
15568661 31
15568673 7
15568717 135
15568741 759
15568757 27
15568757 60
15568831 173
15568877 3852
15568879 9
15568919 1
15568919 324
15568963 137
15569003 1
15569003 13
15569041 263
15569051 1
15569129 7536
15569287 17
15569287 113
15569291 9
15569291 385
15569327 1848
15569329 24
15569363 12
15569371 5
15569447 12
15569447 13
15569509 71
15569537 3700
15569633 7
15569663 1
15569693 28
15569693 76
15569833 51
15569861 3
15569903 1
15569941 39
15569963 28
15570001 44
15570001 740
15570077 7
15570169 267
15570199 65
15570199 6929
15570251 1
15570263 16
15570299 132
15570439 1400
15570523 713
15570523 1053
15570553 203
15570679 24
15570689 604
15570707 3252
15570707 4705
15570713 171
15570743 133
15570911 1
15570917 7767
15570983 1
15570983 88
15570991 8
15571019 1
15571019 4
15571063 8285
15571063 9948
15571097 67
15571121 3
15571121 40
15571121 4375
15571151 1
15571277 1015
15571291 881
15571627 1577
15571627 4997
15571651 5
15571651 284
15571679 49
15571691 469
15571793 183
15571807 29
15571807 149
15571901 3
15571937 55
15571937 1540
15571981 3
15571981 15
15571987 200
15572093 28
15572099 1
15572107 773
15572171 9
15572213 27
15572239 8400
15572273 115
15572273 2007
15572279 1
15572317 3
15572353 248
15572371 33
15572413 35
15572471 4
15572563 93
15572573 2415
15572603 61
15572611 53
15572611 5436
15572693 3
15572701 15
15572737 315
15572749 35
15572807 40
15572807 3024
15572861 4
15572903 808
15572929 891
15572957 4975
15572959 5
15573023 1
15573091 125
15573193 180
15573199 12
15573379 356
15573527 25
15573533 3
15573643 212
15573671 501
15573731 1
15573757 23
15573827 49
15573839 352
15573839 1201
15573851 1
15573851 1225
15573917 24
15573991 1536
15574001 3
15574033 23
15574133 532
15574211 1
15574211 21
15574283 1
15574303 261
15574303 2505
15574333 3
15574367 4
15574387 408
15574511 1
15574511 3756
15574553 7
15574589 16
15574639 56
15574667 4717
15574723 1077
15574777 15
15574789 12
15574807 5
15574807 104
15574829 147
15574837 24
15574843 8
15574843 437
15574843 1016
15574859 36
15574919 49
15574963 20
15574963 33
15574963 1481
15574981 335
15574991 648
15575093 28
15575149 11
15575249 36
15575257 104
15575453 343
15575467 2604
15575533 11
15575537 3
15575551 4616
15575617 3224
15575653 351
15575653 8523
15575699 1849
15575713 8
15575731 33
15575741 8283
15575849 7
15575951 1
15576137 9519
15576217 2420
15576251 13
15576251 249
15576263 940
15576461 3
15576461 4
15576487 300
15576487 1397
15576511 2480
15576689 580
15576697 35
15576703 1781
15576719 61
15576719 837
15576733 8912
15576791 1
15576839 52
15576851 3828
15576893 436
15576971 1
15576991 308
15577019 4
15577019 9
15577033 56
15577043 1
15577061 156
15577087 413
15577109 4
15577183 5
15577201 339
15577201 1431
15577337 3
15577337 15
15577343 1
15577363 65
15577363 7653
15577447 212
15577447 324
15577493 67
15577561 1248
15577579 132
15577621 3
15577621 2868
15577637 40
15577691 405
15577699 264
15577733 487
15577811 1
15577811 4
15577811 61
15577817 3
15577817 12
15577817 112
15577879 6345
15577889 124
15577979 1981
15578033 420
15578141 39
15578149 51
15578149 615
15578209 455
15578219 1
15578551 9
15578611 8
15578743 41
15578747 105
15578837 4
15579013 8
15579131 76
15579167 9
15579181 3
15579271 2441
15579283 752
15579359 12
15579371 433
15579413 132
15579413 748
15579451 36
15579541 663
15579541 9636
15579569 4
15579643 21
15579731 7636
15579737 43
15579737 63
15579833 108
15579881 184
15579911 1
15580009 36
15580009 95
15580091 4
15580199 4
15580267 9417
15580283 1
15580373 12
15580393 47
15580393 75
15580423 33
15580469 24
15580561 2979
15580673 3675
15580723 80
15580727 9
15580757 139
15580777 3
15580841 24
15580847 64
15580871 1
15580919 1
15580937 48
15580979 1
15581191 9
15581191 33
15581191 101
15581191 221
15581219 84
15581297 243
15581399 1
15581429 135
15581459 424
15581459 897
15581513 3
15581519 1
15581563 656
15581593 4248
15581627 49
15581633 28
15581633 1912
15581711 1
15581807 900
15581831 1
15581837 3
15581893 5648
15581897 15
15582001 539
15582041 3
15582101 3015
15582199 816
15582233 3
15582379 29
15582379 36
15582409 759
15582601 3
15582601 63
15582607 8
15582631 425
15582701 2799
15582703 12
15582719 1
15582733 12
15582737 7
15582851 1
15582857 3
15582893 28
15582893 1983
15582893 5476
15583103 1
15583103 40
15583109 87
15583171 36
15583201 3
15583241 3
15583283 3160
15583357 2187
15583369 24
15583433 7
15583651 5841
15583693 1832
15583699 2901
15583721 3
15583751 21
15583753 96
15583787 4
15583829 4
15583877 12
15583879 4181
15583927 1637
15583927 9288
15583963 5
15583963 20
15584033 40
15584033 2548
15584089 44
15584089 7580
15584203 5
15584207 700
15584353 11
15584353 788
15584369 7
15584369 12
15584381 4059
15584419 17
15584423 1
15584497 4047
15584509 1104
15584561 3823
15584623 5
15584623 3428
15584717 303
15584719 20
15584857 1752
15584873 3
15585013 47
15585047 1533
15585173 175
15585181 80
15585181 563
15585253 4592
15585287 1557
15585337 15
15585431 1
15585433 35
15585487 5
15585487 833
15585497 303
15585523 4428
15585569 316
15585611 1
15585641 2163
15585701 4
15585721 3
15585793 215
15585799 5
15586001 4
15586013 7
15586097 3
15586163 153
15586177 3
15586231 249
15586283 96
15586313 27
15586349 4
15586349 435
15586367 1912
15586391 1
15586391 109
15586393 23
15586451 1
15586451 9
15586451 384
15586547 7693
15586553 7
15586577 888
15586619 1
15586619 21
15586687 1272
15586691 88
15586699 4409
15586811 160
15586927 132
15586931 9
15586931 76
15586933 11
15586933 3248
15586999 524
15587053 128
15587071 9
15587119 3684
15587161 371
15587183 2908
15587213 43
15587227 5
15587309 207
15587423 280
15587443 585
15587479 5
15587497 3
15587647 8
15587651 1
15587659 6176
15587791 8721
15587849 12
15587911 140
15587921 7996
15587939 69
15587987 45
15588007 69
15588007 272
15588049 4487
15588061 299
15588143 1
15588163 12
15588197 4624
15588299 1
15588389 7
15588431 1
15588499 965
15588527 5809
15588533 3
15588563 1
15588613 140
15588647 180
15588653 52
15588659 1
15588701 583
15588707 160
15588743 21
15588743 28
15588751 45
15588751 4029
15588761 55
15588791 1
15588791 2160
15588851 1
15588941 136
15588941 451
15588971 48
15589019 1
15589027 3372
15589073 831
15589103 1
15589163 16
15589181 3
15589183 392
15589333 411
15589337 75
15589337 1327
15589433 15
15589447 8
15589487 33
15589517 360
15589573 7856
15589643 1
15589667 4512
15589757 4
15589933 3948
15589979 24
15590093 1516
15590137 1080
15590147 64
15590167 348
15590171 1
15590231 136
15590269 60
15590273 3
15590387 4
15590401 384
15590437 32
15590501 348
15590521 1268
15590543 21
15590557 27
15590591 1516
15590593 3
15590611 1308
15590693 48
15590767 5
15590767 72
15590867 112
15590873 6160
15590891 84
15591089 196
15591127 4217
15591151 56
15591197 279
15591311 169
15591341 3
15591383 88
15591383 2373
15591461 51
15591461 4236
15591479 9
15591607 117
15591617 7
15591623 153
15591659 1
15591701 100
15591739 252
15591781 3
15591787 69
15591817 3
15591841 63
15591893 4915
15592061 4
15592211 1
15592231 96
15592319 1
15592337 7120
15592373 103
15592501 23
15592543 8
15592543 93
15592561 3
15592561 3704
15592601 51
15592609 80
15592639 5645
15592693 92
15592693 203
15592793 3
15592849 51
15592849 611
15592849 1496
15592891 93
15592931 4041
15592937 648
15592991 1
15593107 80
15593107 312
15593113 8643
15593177 15
15593189 3927
15593239 252
15593261 171
15593351 1
15593359 216
15593507 2977
15593569 659
15593579 1
15593657 3
15593657 207
15593717 288
15593771 1
15593807 9205
15593827 32
15593881 11
15593953 411
15594013 11
15594119 4225
15594331 29
15594361 3
15594409 491
15594487 104
15594569 235
15594569 3927
15594587 3760
15594751 533
15594811 300
15594857 19
15594907 5
15594941 3
15595003 137
15595039 441
15595133 6568
15595249 579
15595289 7
15595313 76
15595379 1
15595379 60
15595379 84
15595423 32
15595439 1
15595499 12
15595499 49
15595589 475
15595631 4500
15595667 9
15595693 183
15595819 12
15595831 5
15595891 3600
15595927 557
15596011 969
15596029 11
15596099 1
15596261 15
15596267 369
15596291 1
15596291 6441
15596333 3
15596459 1
15596513 8287
15596617 68
15596677 3
15596677 32
15596699 1
15596767 5
15596767 1248
15596771 28
15596857 12
15596857 20
15596957 2875
15596963 576
15596989 24
15597031 8
15597163 1728
15597163 6816
15597203 1
15597217 8
15597311 513
15597359 1
15597457 15
15597481 8
15597539 12
15597539 457
15597577 2388
15597709 3899
15597809 4
15597961 8
15598003 93
15598057 1583
15598157 4
15598157 624
15598159 17
15598237 9020
15598277 3
15598283 597
15598391 73
15598403 13
15598403 280
15598481 91
15598529 39
15598529 1152
15598547 1308
15598679 21
15598697 7
15598699 44
15598703 4096
15598777 3
15598789 1059
15598823 81
15598823 2356
15598931 1
15598967 13
15599009 31
15599009 120
15599063 21
15599179 3749
15599203 12
15599281 3
15599329 15
15599351 33
15599351 109
15599369 4
15599377 12
15599377 2699
15599407 5
15599431 420
15599431 2120
15599447 4
15599471 1
15599471 16
15599471 45
15599531 1176
15599663 8640
15599707 44
15599711 2428
15599783 12
15599833 140
15599869 599
15599959 6377
15600041 1299
15600043 105
15600139 3161
15600181 11
15600181 2940
15600227 1960
15600229 144
15600293 16
15600293 4351
15600331 60
15600331 69
15600379 80
15600379 4505
15600379 6660
15600479 12
15600503 1
15600547 848
15600581 4
15600583 12
15600677 163
15600727 9
15600731 1
15600847 17
15600847 537
15600863 1
15600989 75
15600989 439
15601037 124
15601099 245
15601123 12
15601297 155
15601363 12
15601373 5836
15601373 6415
15601373 7936
15601379 16
15601381 3
15601409 1459
15601493 528
15601639 17
15601643 1
15601643 957
15601763 1
15601837 540
15601891 2189
15601891 3413
15601961 343
15601997 3
15602011 189
15602057 4
15602113 3
15602183 36
15602317 3
15602317 8424
15602399 412
15602459 1
15602471 13
15602647 9
15602669 1407
15602677 539
15602677 2687
15602687 532
15602831 1
15602887 3552
15602929 51
15603101 3
15603149 5047
15603169 264
15603193 12
15603193 1488
15603209 12
15603209 1392
15603227 4525
15603383 1
15603473 787
15603487 33
15603583 8
15603613 3
15603647 117
15603689 55
15603799 12
15603817 452
15603839 1
15603851 4
15603853 3
15603869 12
15603923 16
15604013 4260
15604033 9612
15604037 4
15604049 124
15604091 1
15604123 233
15604133 36
15604151 4
15604157 15
15604157 48
15604157 567
15604217 7975
15604247 4
15604319 97
15604319 300
15604319 945
15604493 1903
15604507 8
15604627 5
15604669 296
15604679 1
15604679 625
15604777 3
15604789 131
15604807 29
15604807 552
15604867 8
15604931 1
15604931 76
15604943 25
15605021 3
15605033 4048
15605243 33
15605281 7548
15605299 5417
15605333 9916
15605347 7617
15605353 36
15605407 3989
15605467 200
15605519 1
15605693 3
15605767 128
15605831 345
15605921 7615
15605929 2039
15605987 48
15606127 5
15606131 1
15606169 407
15606229 11
15606229 6579
15606431 333
15606469 3299
15606499 36
15606533 63
15606571 9
15606659 12
15606659 1441
15606677 703
15606817 3
15606821 3
15606863 37
15606917 3
15606917 303
15606953 636
15606977 147
15606991 1425
15607001 79
15607027 17
15607049 19
15607057 8
15607057 39
15607073 15
15607073 1435
15607121 3
15607147 7032
15607159 9
15607187 9
15607187 3144
15607187 4557
15607199 1
15607199 7132
15607201 135
15607201 3728
15607201 5340
15607297 659
15607357 87
15607367 24
15607483 1740
15607483 4737
15607499 1
15607517 39
15607523 5796
15607621 8
15607687 185
15607861 3
15607861 203
15607897 903
15607897 3312
15607909 2591
15607927 113
15607931 4
15607931 424
15608059 5
15608209 15
15608231 1
15608231 129
15608377 23
15608471 2313
15608479 4460
15608581 48
15608597 108
15608597 3124
15608611 80
15608693 1092
15608777 4
15608891 1
15608911 9
15608947 317
15608969 12
15609049 35
15609059 1
15609059 12
15609071 361
15609199 81
15609289 11
15609299 1
15609299 57
15609457 48
15609491 4
15609491 69
15609497 100
15609577 128
15609641 24
15609641 7759
15609653 195
15609701 3
15609701 4
15609767 33
15609767 4449
15609877 588
15609949 299
15610079 1
15610079 4
15610079 189
15610099 65
15610171 888
15610213 27
15610253 7
15610253 12
15610253 63
15610319 285
15610351 881
15610367 4
15610379 69
15610481 3
15610513 336
15610523 325
15610547 9
15610619 109
15610681 8
15610691 1
15610733 376
15610741 111
15610789 171
15610817 3
15610897 32
15610927 5
15610927 9
15610957 3
15610963 200
15610963 368
15611081 2320
15611137 27
15611161 3
15611171 2356
15611237 39
15611291 4
15611291 93
15611311 21
15611311 24
15611339 1
15611339 36
15611353 167
15611359 1509
15611371 9341
15611467 24
15611509 947
15611591 1
15611591 24
15611591 9600
15611633 1288
15611681 4
15611681 4711
15611803 128
15611819 1
15611867 2169
15611903 3673
15612043 33
15612173 91
15612241 168
15612283 5
15612283 1280
15612287 4
15612287 108
15612299 4
15612361 464
15612427 29
15612481 3
15612689 7
15612743 1
15612787 68
15612811 2109
15612811 2384
15612907 225
15612959 1
15612983 1
15612983 81
15612983 3796
15613033 1707
15613033 2967
15613109 5032
15613141 60
15613151 1
15613151 25
15613151 7273
15613177 723
15613187 105
15613219 9152
15613277 6475
15613399 177
15613457 15
15613471 5
15613529 4
15613589 3496
15613669 11
15613699 497
15613709 24
15613709 264
15613709 267
15613709 327
15613727 117
15613727 472
15613733 1432
15613783 5
15613811 28
15613817 2172
15613867 72
15613867 165
15613903 3501
15613931 1
15613967 12
15614003 1
15614083 473
15614087 1573
15614099 1
15614329 11
15614411 1
15614437 68
15614537 27
15614567 4
15614657 3
15614741 195
15614771 49
15614801 3
15614939 4
15614969 52
15614983 92
15615037 479
15615043 108
15615043 8081
15615053 3
15615107 8197
15615151 344
15615191 385
15615263 21
15615263 73
15615361 3
15615403 6020
15615497 3
15615497 4
15615679 9
15615791 1
15615863 1
15615881 15
15615959 1
15616031 180
15616067 4
15616093 23
15616187 108
15616213 543
15616231 188
15616231 485
15616231 1713
15616277 1452
15616327 168
15616357 27
15616357 167
15616373 3
15616399 5
15616451 16
15616451 36
15616457 3
15616457 27
15616457 79
15616501 3
15616583 1360
15616631 1
15616637 244
15616637 2227
15616649 12
15616661 6888
15616681 59
15616871 4
15616889 12
15616933 131
15616943 1
15616949 5604
15616961 3
15616961 4
15617053 191
15617093 3
15617191 1953
15617201 391
15617249 835
15617267 4017
15617309 16
15617323 8093
15617347 45
15617353 900
15617369 7776
15617383 17
15617417 72
15617423 7032
15617687 85
15617717 60
15617717 747
15617741 2103
15617773 2891
15617813 208
15617911 168
15617969 39
15617999 1
15617999 52
15618059 1
15618101 864
15618103 8
15618103 72
15618143 153
15618227 4
15618227 7729
15618299 16
15618371 1
15618391 2205
15618479 2937
15618527 2340
15618583 273
15618593 3
15618601 8
15618677 192
15618721 8
15618749 12
15618829 24
15618859 236
15618923 1
15618923 12
15618979 5
15618979 2616
15619091 1
15619099 105
15619117 3
15619147 1692
15619187 28
15619187 1308
15619271 49
15619321 3
15619321 120
15619339 9
15619339 6885
15619421 471
15619441 428
15619469 60
15619543 3305
15619561 8
15619579 105
15619693 8
15619831 81
15619867 137
15619867 7109
15619937 3484
15619973 7587
15620177 3
15620219 1
15620239 120
15620347 20
15620377 32
15620393 76
15620411 1
15620431 5
15620431 21
15620431 5280
15620431 9029
15620471 1
15620533 35
15620537 100
15620587 509
15620599 1584
15620747 4
15620921 16
15620921 19
15620921 2931
15620921 3964
15620939 1
15620987 4053
15620999 676
15621161 103
15621239 4
15621247 77
15621257 9559
15621337 39
15621383 720
15621461 3319
15621497 3
15621497 7
15621527 12
15621587 4
15621643 221
15621709 167
15621751 1620
15621769 8639
15621797 7
15621863 993
15621871 201
15621871 213
15621871 701
15621953 8607
15621967 233
15622021 7644
15622091 1
15622111 9
15622157 4
15622163 145
15622163 1257
15622169 612
15622169 2347
15622261 975
15622273 15
15622301 3
15622331 73
15622331 156
15622379 61
15622381 2636
15622393 383
15622393 2307
15622469 39
15622489 39
15622493 87
15622499 1
15622597 3
15622597 12
15622597 9683
15622613 1555
15622639 12
15622751 1
15622751 520
15622801 35
15622891 9
15622897 27
15622933 36
15622933 1188
15622939 5
15622973 1635
15623029 32
15623081 3868
15623189 19
15623189 36
15623203 56
15623243 1
15623303 745
15623347 80
15623347 729
15623383 348
15623383 1905
15623389 672
15623477 4
15623483 1
15623549 12
15623623 20
15623651 1
15623653 1020
15623677 15
15623677 63
15623687 9
15623687 1005
15623753 7
15623807 88
15623857 47
15623857 2159
15623893 1407
15623981 3
15623981 115
15624001 6348
15624043 12
15624053 1191
15624143 12
15624227 24
15624227 565
15624283 5
15624307 3065
15624313 3
15624313 11
15624317 535
15624491 1
15624491 2053
15624493 347
15624509 4
15624509 3351
15624551 1
15624577 3303
15624641 3
15624737 3
15624743 1
15624743 61
15624799 36
15624907 2844
15624943 17
15624971 1
15624971 2980
15624979 237
15625019 1
15625061 84
15625067 4
15625067 2260
15625081 59
15625151 28
15625151 5385
15625189 96
15625283 312
15625321 3
15625427 1560
15625483 3393
15625591 576
15625639 12
15625781 163
15625871 1
15625919 1
15625931 1921
15625969 71
15626003 1
15626003 1720
15626081 4
15626087 97
15626167 197
15626203 252
15626249 7
15626291 1
15626293 183
15626293 8523
15626323 5
15626333 3
15626399 4
15626423 1
15626473 3
15626509 104
15626539 120
15626539 477
15626579 4
15626579 1357
15626581 3
15626629 24
15626651 28
15626651 796
15626711 3700
15626749 7407
15626771 108
15626773 467
15626801 208
15626843 1
15626899 4677
15626929 6680
15626951 21
15626993 292
15626999 4
15626999 16
15627043 7293
15627091 65
15627091 729
15627137 4
15627181 11
15627181 3740
15627239 3897
15627257 2304
15627289 20
15627611 13
15627719 1
15627737 7
15627797 480
15627889 24
15627943 596
15627973 87
15627973 5072
15627991 8
15628031 153
15628037 2727
15628043 1
15628091 25
15628091 429
15628103 300
15628141 1220
15628183 36
15628237 99
15628297 8
15628331 1
15628391 1
15628397 27
15628409 9567
15628411 441
15628471 69
15628511 108
15628513 3951
15628537 915
15628553 75
15628577 2460
15628607 432
15628637 4
15628637 2379
15628703 405
15628757 7
15628813 47
15628919 1
15628961 3
15628997 679
15629129 5080
15629209 639
15629233 8
15629279 124
15629311 561
15629399 4
15629413 3
15629417 3
15629441 3264
15629459 1
15629587 365
15629599 3372
15629617 12
15629633 12
15629633 3651
15629657 7
15629689 164
15629737 3
15629737 1068
15629767 4577
15629833 48
15629981 159
15629981 304
15630211 213
15630257 3
15630299 1
15630299 21
15630301 39
15630347 189
15630347 309
15630427 6228
15630509 7435
15630529 15
15630581 64
15630581 223
15630679 5892
15630737 40
15630793 3
15630793 963
15630893 3
15630949 39
15631061 988
15631079 1
15631103 1
15631169 12
15631183 1521
15631199 76
15631229 4
15631241 4
15631241 3939
15631349 3475
15631411 5
15631457 3
15631457 4
15631457 28
15631481 3
15631481 4780
15631543 5
15631591 9
15631591 509
15631691 28
15631691 8544
15631741 35
15631817 4
15631867 68
15631877 7
15631877 39
15631943 1
15631981 75
15632063 1
15632063 1113
15632063 1212
15632101 179
15632179 1341
15632219 844
15632237 3
15632237 60
15632329 579
15632377 20
15632399 1
15632417 192
15632431 2265
15632447 13
15632447 229
15632489 111
15632501 4
15632579 3064
15632609 127
15632621 28
15632651 76
15632783 2736
15632791 5
15632857 308
15632861 303
15632887 33
15632899 461
15632927 4
15633097 695
15633097 8303
15633127 5
15633157 699
15633161 24
15633221 3
15633253 356
15633271 9
15633271 1248
15633377 3
15633377 4
15633413 9916
15633427 512
15633511 1244
15633511 1700
15633539 1401
15633617 15
15633617 2115
15633661 15
15633691 545
15633701 3
15633749 4
15633763 180
15633791 1
15633799 41
15633809 91
15633817 3
15633823 93
15633823 2433
15633851 1
15633853 36
15633857 72
15633881 5971
15633907 885
15633973 95
15634001 64
15634027 12
15634027 33
15634063 1236
15634189 3252
15634193 783
15634253 3
15634291 368
15634343 1
15634391 3376
15634439 720
15634459 992
15634537 3
15634547 6973
15634579 4581
15634667 12
15634721 915
15634813 9195
15634847 1444
15634867 9
15634873 228
15634877 168
15634933 9471
15634991 28
15634991 1596
15635021 24
15635057 12
15635083 6348
15635099 1
15635111 1
15635143 297
15635173 23
15635183 1
15635183 2116
15635237 1063
15635293 11
15635303 1
15635317 9195
15635353 56
15635353 215
15635363 237
15635363 981
15635381 3
15635383 72
15635383 552
15635383 2517
15635419 32
15635419 56
15635453 792
15635491 8
15635513 7
15635513 643
15635579 4
15635671 680
15635701 3
15635729 67
15635771 1
15636001 1983
15636119 381
15636161 36
15636161 88
15636323 100
15636331 1053
15636337 720
15636359 16
15636359 312
15636371 1
15636589 11
15636611 24
15636611 429
15636629 2211
15636637 3
15636671 165
15636683 16
15636737 12
15636767 189
15636793 2847
15636799 8369
15636833 3
15636839 12
15636851 1
15636871 29
15636893 96
15636913 6168
15636919 29
15636997 3
15637007 100
15637099 9
15637099 21
15637121 7780
15637267 17
15637291 41
15637313 3
15637319 4
15637327 5
15637381 239
15637459 141
15637463 1
15637483 1461
15637487 28
15637487 1309
15637519 225
15637529 4
15637529 12
15637561 36
15637571 1
15637571 49
15637607 2980
15637667 12
15637667 6148
15637693 32
15637709 4
15637709 235
15637747 5
15637751 28
15637799 1
15637799 24
15637847 28
15637901 28
15637961 339
15638033 3
15638089 4935
15638123 1
15638131 173
15638149 92
15638153 583
15638191 81
15638239 5697
15638303 1
15638527 1133
15638533 2576
15638543 2868
15638573 63
15638641 11
15638659 36
15638809 84
15638851 5
15638893 36
15638897 12
15638897 64
15638947 84
15638951 7108
15638981 3183
15639017 4
15639047 6277
15639079 2240
15639083 1
15639131 1
15639179 4
15639191 673
15639233 807
15639329 7
15639329 15
15639359 1
15639359 49
15639367 77
15639557 84
15639583 320
15639587 697
15639599 745
15639713 3
15639727 5157
15639733 12
15639761 2968
15639791 1
15639803 12
15639887 9
15639913 9915
15640117 107
15640231 1341
15640243 800
15640267 5
15640267 17
15640327 5
15640409 64
15640409 232
15640409 1884
15640451 1
15640481 84
15640543 357
15640607 2593
15640643 1
15640711 9
15640813 15
15640813 152
15640829 36
15640837 483
15641023 117
15641023 4845
15641147 64
15641189 2607
15641221 11
15641233 6336
15641273 15
15641291 1
15641393 31
15641401 1743
15641419 152
15641467 113
15641471 1
15641473 20
15641489 396
15641497 35
15641533 1020
15641597 607
15641621 3580
15641657 955
15641669 7
15641707 17
15641737 348
15641749 212
15641767 9744
15641947 608
15641963 12
15642031 20
15642031 2120
15642043 1572
15642059 1
15642059 3576
15642089 12
15642113 60
15642119 24
15642127 5
15642181 15
15642181 5148
15642247 1253
15642271 8
15642287 180
15642313 11
15642337 8
15642349 36
15642439 869
15642521 51
15642541 20
15642541 356
15642637 3632
15642647 100
15642743 1
15642883 60
15642883 2157
15642889 59
15642911 1
15642983 13
15642983 73
15642983 105
15643123 96
15643139 4
15643139 37
15643139 2445
15643141 11
15643141 315
15643237 8
15643279 69
15643291 5
15643301 3
15643337 292
15643373 2755
15643399 4176
15643399 6017
15643457 4
15643843 192
15643867 492
15643937 7
15643937 1708
15644009 4
15644023 20
15644023 6633
15644039 36
15644051 4
15644099 1921
15644179 29
15644183 60
15644191 416
15644207 1053
15644231 1
15644269 872
15644273 15
15644273 811
15644423 4653
15644479 1124
15644537 1860
15644549 715
15644591 1
15644627 12
15644633 3
15644633 2811
15644831 21
15645023 456
15645073 131
15645127 237
15645131 36
15645197 72
15645271 5
15645317 3
15645317 144
15645317 564
15645323 1800
15645337 47
15645361 39
15645403 1733
15645419 1
15645467 4
15645517 3
15645659 9945
15645667 20
15645697 47
15645697 92
15645697 1947
15645719 1
15645719 5965
15645739 21
15645757 15
15645859 41
15645893 7
15645941 7860
15646067 40
15646067 457
15646087 248
15646123 2520
15646181 4
15646217 43
15646243 3965
15646243 4365
15646259 16
15646271 1
15646321 644
15646343 1
15646357 120
15646369 215
15646403 1245
15646451 25
15646507 9
15646507 228
15646507 1940
15646541 39
15646583 72
15646583 93
15646621 8
15646643 1
15646679 3745
15646733 52
15646751 1
15646879 1232
15646889 247
15646993 1151
15646993 5303
15647011 596
15647017 3747
15647029 51
15647087 2725
15647101 923
15647111 1
15647129 975
15647161 3
15647237 100
15647273 696
15647309 132
15647371 7769
15647377 12
15647377 63
15647503 17
15647579 9
15647641 23
15647669 7
15647669 27
15647669 39
15647693 3
15647747 9
15647759 1
15647759 1401
15647869 59
15647897 540
15647969 39
15647969 3576
15647987 4
15648121 2948
15648131 3996
15648161 43
15648179 1
15648209 7
15648263 1
15648293 336
15648337 399
15648341 4
15648361 8
15648461 4615
15648467 1213
15648491 585
15648491 1173
15648547 2457
15648617 15
15648623 1
15648701 4
15648713 4875
15648767 2752
15648883 3717
15648929 231
15648943 17
15648953 3
15648953 172
15649043 1
15649043 117
15649093 8
15649147 4529
15649157 52
15649159 5
15649199 36
15649201 20
15649211 9000
15649259 69
15649303 5
15649303 68
15649379 1
15649609 1827
15649679 45
15649759 1680
15649811 1
15649847 1944
15650003 1
15650003 45
15650087 4
15650267 4
15650273 448
15650291 1
15650309 135
15650311 24
15650321 39
15650347 9
15650417 147
15650447 48
15650447 117
15650449 471
15650501 3351
15650533 5903
15650639 1
15650639 3904
15650683 36
15650683 152
15650683 341
15650717 544
15650819 9
15650819 184
15650861 91
15650881 131
15650891 1
15651019 96
15651091 5
15651131 1
15651161 319
15651179 24
15651221 5260
15651277 27
15651277 2040
15651283 8
15651287 4
15651289 327
15651341 6880
15651371 324
15651479 1
15651547 20
15651551 288
15651593 7572
15651631 129
15651631 804
15651659 1
15651673 3
15651731 1
15651773 112
15651773 235
15651833 1288
15651901 371
15651941 16
15651943 332
15651959 172
15652079 1
15652103 25
15652103 57
15652111 9345
15652157 3
15652171 7329
15652261 8
15652261 1688
15652271 1573
15652367 180
15652423 632
15652499 4
15652513 188
15652717 179
15652723 21
15652787 528
15652883 1
15652913 3
15652943 1
15652943 145
15653051 1
15653101 3
15653101 128
15653129 1540
15653237 4
15653263 41
15653263 168
15653273 231
15653291 321
15653293 3
15653377 3
15653401 99
15653437 183
15653507 1660
15653537 2332
15653629 4260
15653647 65
15653669 12
15653699 1
15653699 60
15653723 1
15653801 43
15653809 816
15653843 312
15653899 36
15654013 11
15654013 9992
15654017 5668
15654029 7384
15654109 2436
15654109 4272
15654139 320
15654173 388
15654257 192
15654257 5635
15654269 159
15654277 4404
15654323 1
15654323 28
15654323 3040
15654449 27
15654599 160
15654767 4
15654767 9
15654767 37
15654767 4813
15654799 5
15654799 2480
15654887 4
15654889 2387
15654937 3
15654949 3576
15654971 9
15654997 4607
15655091 4
15655169 172
15655201 3
15655201 11
15655229 132
15655231 1713
15655261 8
15655271 505
15655301 4
15655319 1
15655333 3347
15655379 1
15655457 12
15655469 435
15655553 7732
15655637 2635
15655721 51
15655721 88
15655769 132
15655817 223
15655859 9
15655873 5555
15655979 177
15656089 15
15656089 596
15656101 603
15656101 995
15656129 27
15656177 52
15656177 544
15656189 84
15656339 1
15656339 52
15656369 4
15656387 1305
15656387 5800
15656567 1900
15656603 1
15656611 984
15656617 152
15656699 4
15656699 6640
15656801 559
15656807 45
15656831 645
15656903 492
15656939 25
15656999 1596
15657011 709
15657137 7
15657137 12
15657137 43
15657223 6588
15657241 3020
15657353 495
15657359 897
15657373 555
15657407 13
15657407 889
15657443 1
15657589 35
15657647 1449
15657743 25
15657743 88
15657781 323
15657787 17
15657823 2877
15657839 4
15657899 1
15657899 6532
15657923 1
15657923 33
15657923 156
15658039 81
15658073 4756
15658079 144
15658117 528
15658229 91
15658271 1
15658271 1629
15658303 80
15658339 9041
15658381 303
15658501 3
15658543 81
15658619 2256
15658829 64
15658861 8
15658957 143
15658967 637
15658991 1
15659047 5
15659047 17
15659051 1
15659191 45
15659207 4224
15659437 104
15659471 1
15659521 843
15659531 1393
15659723 1
15659753 7
15659753 183
15659753 232
15659753 592
15659863 9368
15659951 1
15659951 265
15660031 53
15660031 1520
15660083 1257
15660097 24
15660107 7005
15660167 4
15660221 1263
15660251 193
15660283 8
15660283 377
15660367 2360
15660563 1
15660661 8
15660737 1815
15660761 883
15660833 2680
15660851 4
15660857 928
15660863 1
15660863 328
15660929 115
15661031 9
15661033 48
15661117 3
15661123 920
15661141 6260
15661333 287
15661351 5
15661439 6516
15661489 11
15661543 1973
15661577 792
15661579 9
15661601 3
15661601 1176
15661637 3
15661661 135
15661661 5500
15661691 5485
15661783 5
15661787 1449
15661831 3141
15661889 7
15661937 192
15661991 1
15662159 16
15662167 5
15662201 1536
15662221 851
15662237 6979
15662329 380
15662371 44
15662399 201
15662419 5
15662431 621
15662483 1
15662483 2356
15662497 3
15662501 51
15662531 76
15662567 9
15662597 603
15662611 245
15662677 4104
15662723 1
15662819 2404
15662849 3396
15662903 193
15662903 528
15662903 1752
15662939 12
15662957 4
15662957 279
15663061 159
15663113 7
15663121 3
15663133 11
15663139 2820
15663211 5
15663283 5796
15663289 1139
15663293 511
15663311 1
15663317 19
15663331 3008
15663413 387
15663413 8176
15663449 372
15663503 1
15663553 3
15663569 12
15663577 27
15663611 1
15663871 33
15663917 19
15663929 12
15663971 1
15663979 17
15664013 1468
15664027 8
15664069 60
15664141 1956
15664153 1695
15664163 1272
15664177 1463
15664213 32
15664217 240
15664223 1
15664223 48
15664223 153
15664237 660
15664289 16
15664339 105
15664381 3
15664381 1295
15664387 2408
15664387 9429
15664421 3
15664471 3728
15664471 5180
15664477 35
15664573 3267
15664591 3245
15664657 183
15664687 173
15664687 920
15664687 1220
15664687 7893
15664751 1465
15664763 1
15664841 3
15664919 1
15664937 324
15665129 4
15665159 1
15665159 52
15665159 141
15665233 812
15665333 3
15665333 3076
15665339 1
15665339 592
15665473 11
15665521 3
15665603 1
15665651 1
15665677 24
15665701 11
15665759 4
15665773 168
15665929 47
15665929 299
15665941 2735
15665953 3
15665957 184
15665983 7472
15665999 1
15666023 177
15666041 63
15666043 21
15666073 1356
15666139 3981
15666187 20
15666397 3
15666397 8
15666481 8
15666487 129
15666523 2492
15666613 3
15666701 19
15666731 33
15666779 7356
15666821 4
15666821 319
15666929 15
15667031 1
15667139 21
15667193 7
15667219 2529
15667283 577
15667291 216
15667349 2112
15667507 1068
15667549 276
15667573 15
15667579 252
15667711 53
15667763 3072
15667793 15
15667823 4416
15667871 745
15667919 1
15667919 301
15667961 124
15668021 60
15668077 20
15668087 9
15668111 1
15668111 2641
15668243 837
15668291 1
15668413 36
15668473 1311
15668489 7
15668489 7711
15668503 5
15668579 25
15668599 105
15668621 3
15668651 1
15668743 941
15668771 1
15668833 707
15668869 6315
15668881 260
15668941 819
15669007 33
15669103 188
15669139 21
15669179 1149
15669191 1
15669289 407
15669431 1
15669551 1
15669553 5127
15669569 12
15669677 28
15669727 5
15669761 76
15669769 5640
15669779 1
15669859 20
15669881 4
15669881 4203
15669881 9916
15669917 12
15669917 3484
15669919 24
15670001 144
15670093 447
15670133 3148
15670211 1
15670217 1432
15670217 2508
15670313 7
15670313 43
15670349 2464
15670451 49
15670511 9
15670537 1299
15670561 8
15670927 8
15670927 1013
15670937 127
15670951 188
15670973 7375
15670997 3
15671041 23
15671077 3
15671087 4
15671101 3
15671231 1
15671251 5205
15671287 305
15671321 39
15671353 3
15671423 1
15671423 1333
15671473 3
15671477 40
15671483 1
15671483 25
15671503 33
15671527 8
15671527 828
15671549 52
15671699 1
15671731 8
15671767 153
15671767 369
15671797 44
15671801 4
15671819 589
15671869 11
15671879 901
15671891 16
15671891 204
15671893 3
15672023 768
15672077 7
15672203 1
15672379 1701
15672409 24
15672409 47
15672413 183
15672493 80
15672539 349
15672599 180
15672697 7515
15672803 901
15672893 1687
15672901 36
15672901 4788
15672907 5
15672983 1
15672983 817
15673019 4
15673067 3537
15673069 27
15673069 7619
15673169 135
15673169 7447
15673171 9
15673261 360
15673277 40
15673313 6972
15673331 121
15673433 3
15673519 65
15673529 4
15673529 3556
15673571 1
15673577 643
15673589 6760
15673753 5912
15673799 1
15673811 1
15673937 220
15673961 3
15673963 8
15673963 2376
15673979 1
15673997 4
15673997 1012
15674081 3
15674081 96
15674147 64
15674161 15
15674179 5
15674209 1499
15674233 632
15674531 1
15674531 45
15674567 12
15674683 165
15674759 1
15674783 1
15674783 148
15674831 1
15674837 3
15674873 3
15674887 5
15674887 117
15674921 2575
15674951 64
15674957 12
15675047 177
15675089 7
15675197 52
15675223 5
15675251 1
15675307 9
15675371 1881
15675409 167
15675433 3
15675449 976
15675449 1204
15675497 3855
15675563 1
15675641 4
15675643 65
15675721 188
15675721 399
15675787 5
15675787 48
15675859 12
15675911 28
15675911 304
15675917 223
15675929 3876
15675971 25
15675971 3541
15676027 5
15676097 163
15676097 327
15676103 1
15676217 4
15676223 133
15676277 4
15676277 4492
15676337 3
15676343 1240
15676361 19
15676373 16
15676481 6379
15676517 4
15676517 1015
15676541 244
15676627 20
15676649 456
15676679 1
15676697 1464
15676751 1
15676781 931
15676931 1
15676943 3100
15676993 23
15676993 3987
15677003 36
15677093 5743
15677201 4300
15677279 1
15677309 4
15677443 56
15677449 767
15677449 2195
15677479 5
15677479 4149
15677491 5
15677509 11
15677521 8868
15677591 1
15677647 420
15677653 2528
15677731 1808
15677737 12
15677911 213
15677999 1
15678017 4
15678071 4
15678079 140
15678109 104
15678133 32
15678193 7307
15678253 2160
15678263 1
15678367 24
15678367 29
15678371 580
15678373 212
15678541 128
15678659 37
15678779 1
15678779 12
15678827 3133
15678829 47
15678833 3
15678833 7
15678911 144
15678919 1004
15678959 1
15678959 769
15678979 12
15679003 1061
15679057 552
15679067 264
15679187 4408
15679243 33
15679337 27
15679369 5736
15679429 11
15679439 1
15679439 84
15679441 1964
15679471 24
15679561 3
15679591 44
15679619 24
15679669 735
15679739 1
15679913 115
15680003 921
15680029 3375
15680051 1
15680057 240
15680059 1265
15680087 9
15680143 5
15680153 3
15680179 129
15680257 335
15680297 223
15680333 88
15680471 16
15680471 256
15680471 261
15680501 120
15680627 25
15680713 3
15680891 913
15680993 12
15681053 3
15681091 5
15681119 1
15681143 16
15681181 84
15681371 1
15681473 292
15681493 72
15681499 12
15681511 9
15681511 21
15681559 1152
15681559 1665
15681569 99
15681581 271
15681623 1
15681643 141
15681703 57
15681761 768
15681773 31
15681793 8
15681823 5
15681823 105
15681823 161
15681847 5
15681857 288
15681881 123
15682003 36
15682133 831
15682171 365
15682189 20
15682207 300
15682237 12
15682237 2135
15682291 141
15682291 221
15682351 21
15682351 836
15682451 9396
15682453 3
15682519 2156
15682567 9260
15682637 12
15682679 1
15682739 1
15682817 4168
15682871 1
15683021 40
15683147 4
15683167 4073
15683183 36
15683191 80
15683209 2580
15683237 39
15683273 3
15683407 48
15683533 192
15683567 217
15683641 11
15683651 3484
15683743 5
15683821 563
15683869 3351
15683879 2665
15683881 11
15683891 36
15683903 1
15684077 75
15684161 115
15684169 15
15684173 7
15684191 96
15684239 12
15684241 20
15684241 744
15684289 827
15684311 36
15684433 240
15684451 5
15684527 553
15684601 39
15684631 9
15684653 411
15684703 2072
15684733 2235
15684847 5753
15684923 177
15684923 1401
15684959 49
15685157 84
15685183 1532
15685211 73
15685217 4
15685217 67
15685253 3
15685277 3
15685283 1
15685343 1
15685363 116
15685459 549
15685619 369
15685651 8
15685699 4092
15685717 3744
15685741 168
15685807 68
15685829 4
15685837 4220
15685847 484
15685939 72
15685993 7452
15686051 261
15686059 5
15686221 56
15686309 339
15686351 1
15686399 1
15686441 28
15686453 43
15686453 1675
15686471 9
15686513 3
15686543 28
15686683 3480
15686707 32
15686711 1533
15686807 129
15686807 1953
15686833 272
15686833 8420
15686849 675
15686939 261
15686939 324
15686963 61
15687059 45
15687137 99
15687227 4
15687227 7665
15687257 447
15687299 40
15687299 85
15687359 60
15687367 153
15687367 392
15687391 8949
15687433 168
15687487 4109
15687491 1
15687509 427
15687517 23
15687517 68
15687589 15
15687631 5
15687649 159
15687703 41
15687761 3
15687781 1548
15687799 117
15687799 1965
15687803 1
15687851 60
15687877 3
15687961 216
15688031 1
15688031 220
15688109 2055
15688133 15
15688133 880
15688207 1224
15688241 60
15688339 5877
15688367 24
15688457 1003
15688591 41
15688643 1
15688669 24
15688709 16
15688709 2004
15688711 5
15688763 133
15688793 2532
15688837 252
15688919 4785
15688987 584
15688997 3
15689077 1404
15689111 1
15689153 135
15689251 5
15689263 41
15689263 57
15689291 16
15689291 73
15689357 3
15689357 159
15689371 20
15689411 1140
15689411 6681
15689467 5
15689467 1985
15689579 69
15689647 368
15689683 165
15689699 16
15689701 3
15689701 36
15689761 23
15689767 20
15689819 1
15689831 6369
15689833 3
15689879 1
15689941 15
15690007 1820
15690011 160
15690011 621
15690019 1205
15690043 5
15690043 236
15690049 12
15690083 832
15690089 3636
15690097 4799
15690113 340
15690253 3
15690277 8
15690277 660
15690281 3
15690289 1287
15690457 579
15690613 216
15690721 200
15690791 1
15690803 1900
15690821 8728
15690971 1
15691061 4
15691099 24
15691121 3
15691121 336
15691189 1440
15691211 1
15691253 3295
15691297 24
15691327 2357
15691343 2236
15691393 11
15691483 4661
15691499 129
15691537 104
15691537 1527
15691553 796
15691553 9795
15691693 1683
15691729 1751
15691831 1904
15691877 3
15691877 7915
15691943 72
15691943 261
15692011 3969
15692057 168
15692167 5
15692221 8
15692401 3
15692401 15
15692401 675
15692437 3
15692441 24
15692623 8
15692629 6444
15692681 420
15692731 8
15692753 3
15692753 16
15692849 72
15692861 31
15692863 876
15692927 4
15692927 1293
15693131 28
15693131 69
15693257 3
15693277 35
15693289 3644
15693299 1
15693311 1
15693313 48
15693317 895
15693331 5
15693331 1536
15693361 39
15693401 4
15693479 1
15693497 364
15693511 6848
15693523 588
15693539 1
15693541 83
15693571 21
15693673 3
15693707 4
15693757 15
15693827 108
15693859 1557
15693863 1812
15693863 2932
15693973 560
15693983 2485
15694033 5867
15694039 12
15694079 37
15694079 160
15694117 2159
15694297 3
15694313 388
15694373 48
15694499 1
15694501 2859
15694559 12
15694559 289
15694559 481
15694681 603
15694753 1332
15694753 1748
15694799 4
15694799 2104
15694823 1
15695059 2481
15695143 36
15695143 401
15695153 295
15695171 1
15695171 3721
15695171 7276
15695191 5
15695191 225
15695201 288
15695371 5
15695543 1221
15695623 5
15695623 852
15695627 12
15695639 16
15695831 1
15695837 4
15695837 508
15695887 9
15695917 12
15695921 3
15695963 48
15696007 3737
15696061 1280
15696113 3
15696113 376
15696113 1975
15696179 1
15696179 52
15696209 12
15696209 4624
15696259 180
15696259 1380
15696277 627
15696283 12
15696283 188
15696283 200
15696349 56
15696353 783
15696367 3077
15696403 141
15696617 3
15696631 1049
15696647 12
15696697 4932
15696871 5
15696931 1565
15697111 353
15697151 1
15697153 11
15697267 33
15697349 7
15697373 40
15697397 3
15697403 133
15697421 8356
15697427 169
15697453 60
15697601 1020
15697697 243
15697739 1
15697741 20
15697741 4119
15697751 4128
15697771 8
15697813 3
15697837 8
15697837 12
15697837 299
15697907 4
15697943 1
15697943 9201
15697991 1
15698003 12
15698003 2365
15698003 2485
15698093 60
15698117 123
15698143 4353
15698159 2389
15698219 1
15698227 2460
15698257 4220
15698297 6915
15698303 21
15698363 1
15698437 1268
15698467 5
15698477 4
15698519 1
15698561 1191
15698563 20
15698563 45
15698567 33
15698609 327
15698671 20
15698699 36
15698699 6625
15698729 4915
15698867 9
15698993 480
15699119 1
15699163 113
15699283 645
15699311 153
15699323 16
15699331 276
15699331 5084
15699349 71
15699371 64
15699389 544
15699403 332
15699421 3479
15699461 4
15699667 4784
15699703 2765
15699709 51
15699779 256
15699781 104
15699781 119
15699791 1
15699809 871
15699829 1536
15699899 405
15699913 4907
15700169 4
15700199 1
15700199 12
15700199 49
15700199 6160
15700259 1
15700273 12
15700343 1428
15700409 5412
15700411 48
15700507 1208
15700511 25
15700591 1421
15700613 76
15700717 3
15700717 15
15700739 1
15700759 177
15700813 588
15700831 936
15700871 1
15700871 25
15700873 56
15700907 312
15700939 56
15700967 6972
15701051 1
15701057 4032
15701117 679
15701333 1428
15701393 135
15701447 28
15701449 20
15701449 5856
15701453 411
15701453 1915
15701551 4548
15701599 45
15701711 4
15701773 3
15701773 20
15701813 16
15701869 11
15701887 84
15701909 507
15701909 936
15701921 243
15701927 109
15701951 384
15701951 393
15701989 416
15702013 15
15702013 507
15702191 1
15702191 4
15702191 84
15702217 363
15702229 39
15702347 12
15702347 1449
15702497 12
15702503 6717
15702551 141
15702563 225
15702613 116
15702613 608
15702613 732
15702871 21
15702923 2392
15702923 4845
15703049 7
15703049 12
15703049 432
15703091 736
15703099 380
15703153 3
15703361 8703
15703403 1
15703409 39
15703409 67
15703421 76
15703439 5149
15703553 7
15703573 15
15703591 9
15703591 65
15703613 16
15703693 8
15703717 1040
15703837 44
15703981 699
15703981 5208
15704041 431
15704057 15
15704077 8
15704113 3
15704119 65
15704119 2444
15704137 903
15704201 4
15704231 9
15704237 3
15704237 24
15704261 931
15704303 1
15704333 1411
15704407 584
15704471 229
15704551 8
15704581 80
15704581 1068
15704587 168
15704657 172
15704671 84
15704701 3
15704737 3
15704831 1
15704833 8
15704861 64
15704861 219
15704939 645
15704951 181
15704981 4
15704993 3315
15705061 8
15705071 1
15705083 13
15705083 16
15705101 1504
15705233 396
15705257 907
15705301 3
15705329 3699
15705341 123
15705461 3
15705553 3
15705611 4
15705629 7
15705689 8259
15705743 1
15705787 48
15705827 249
15705971 1
15705973 147
15706001 103
15706013 7
15706013 3651
15706039 705
15706127 97
15706291 125
15706373 43
15706373 2388
15706381 84
15706387 5
15706451 1
15706451 3228
15706459 20
15706501 8
15706501 111
15706513 15
15706571 1
15706577 12
15706619 8137
15706627 2133
15706667 9
15706679 3637
15706681 3
15706687 5508
15706697 3
15706721 43
15706727 12
15706807 225
15706891 5
15706927 3200
15706949 55
15707047 5
15707177 7
15707257 24
15707273 456
15707291 4
15707311 36
15707311 8148
15707407 653
15707423 1128
15707467 8
15707563 2816
15707617 147
15707641 824
15707759 2424
15707837 12
15707843 1
15707843 40
15707929 960
15708071 8236
15708107 148
15708179 4
15708191 1
15708247 8
15708257 2584
15708311 24
15708361 11
15708419 1
15708419 36
15708437 19
15708437 1404
15708443 1
15708449 4
15708499 317
15708523 8
15708523 876
15708551 4
15708571 8
15708593 7
15708779 52
15708779 276
15708811 9
15708911 1
15708911 4
15708911 9
15709013 711
15709073 7
15709073 532
15709073 2011
15709091 21
15709091 856
15709117 3
15709151 9
15709217 19
15709261 8
15709261 15
15709321 15
15709321 395
15709357 7295
15709549 1064
15709579 5
15709579 12
15709597 555
15709607 9
15709627 7685
15709643 1
15709643 445
15709721 283
15709739 9
15709741 3
15709747 68
15709787 69
15709823 93
15709907 912
15709949 115
15709961 4
15710063 577
15710069 4
15710119 12
15710161 3
15710161 8
15710171 1
15710171 21
15710183 13
15710231 1
15710243 877
15710309 15
15710371 5
15710377 99
15710377 164
15710423 1
15710447 4
15710479 5
15710507 4657
15710509 12
15710623 68
15710647 5
15710647 65
15710657 3
15710677 47
15710689 84
15710759 4
15710767 9
15710791 5
15710791 525
15710801 63
15710801 75
15710803 20
15710857 47
15710861 120
15710911 5
15710911 80
15710923 5
15711013 3
15711083 72
15711083 81
15711149 99
15711173 1996
15711173 9027
15711229 1772
15711329 4
15711329 235
15711391 261
15711401 3
15711413 5628
15711473 7
15711473 372
15711541 1991
15711593 3
15711607 213
15711617 43
15711673 680
15711713 31
15711713 616
15711743 1
15711869 4911
15711887 144
15711907 1520
15711973 3
15711991 9
15711991 41
15712001 3
15712043 1
15712043 1008
15712057 12
15712247 13
15712261 36
15712337 15
15712339 377
15712343 45
15712343 117
15712387 585
15712397 4
15712399 101
15712399 824
15712439 2976
15712549 171
15712561 5471
15712579 21
15712621 240
15712663 140
15712729 179
15712817 187
15712817 412
15712871 1
15712897 683
15712927 8
15712987 12
15713059 12
15713107 5
15713107 5169
15713143 225
15713279 1
15713303 1
15713303 12
15713377 12
15713459 1
15713561 139
15713591 1
15713597 7
15713609 4
15713617 3
15713639 1456
15713771 181
15713833 723
15713851 8
15713851 9
15714019 125
15714019 9024
15714043 557
15714059 9
15714067 5
15714071 240
15714131 9
15714133 48
15714151 848
15714227 40
15714229 111
15714289 51
15714323 37
15714337 63
15714343 60
15714371 4
15714371 81
15714389 24
15714389 607
15714389 1387
15714407 4
15714407 57
15714431 3169
15714481 23
15714509 7
15714557 127
15714557 1603
15714617 4
15714661 128
15714703 968
15714913 3
15714913 72
15714949 207
15714991 68
15715001 271
15715027 5
15715027 140
15715031 1209
15715159 17
15715199 16
15715199 24
15715291 5
15715291 164
15715333 35
15715373 7
15715393 11
15715439 1
15715573 231
15715577 4
15715621 11
15715631 9
15715631 253
15715691 1
15715691 4
15715727 813
15715753 11
15715759 44
15715811 3709
15715859 36
15715879 309
15715919 4
15715919 529
15715933 288
15715949 336
15716089 11
15716147 37
15716147 345
15716293 3188
15716329 560
15716359 56
15716413 3236
15716539 4481
15716587 4989
15716633 2640
15716663 1
15716683 285
15716741 3
15716893 2732
15716917 7472
15716977 35
15717049 944
15717089 16
15717089 24
15717089 727
15717131 33
15717181 3
15717181 6528
15717323 1240
15717347 568
15717371 1
15717433 35
15717437 120
15717437 943
15717437 2323
15717593 28
15717641 3
15717641 5511
15717683 21
15717701 3
15717701 31
15717743 436
15717781 83
15717841 255
15717941 1503
15718009 476
15718019 1
15718277 783
15718357 15
15718403 1
15718403 8128
15718501 20
15718513 188
15718553 900
15718561 4523
15718613 16
15718649 4
15718679 1
15718679 4
15718697 7
15718711 516
15718817 564
15718861 284
15718861 3911
15718889 4
15718987 1860
15719003 1
15719027 4
15719089 11
15719089 1304
15719149 284
15719167 485
15719167 4109
15719279 9
15719357 4
15719357 28
15719393 108
15719527 29
15719563 528
15719581 20
15719633 100
15719659 189
15719681 31
15719731 173
15719789 4
15719789 2451
15719819 21
15719819 357
15719831 96
15719843 1
15719903 3793
15719909 4
15719911 7424
15719999 12
15719999 172
15720037 780
15720191 445
15720269 204
15720281 2824
15720361 3
15720361 251
15720473 43
15720479 1501
15720539 1
15720539 37
15720553 3380
15720779 4
15720779 45
15720811 5
15720811 9
15720851 2133
15720863 1
15720863 1072
15720959 4
15720979 60
15720979 756
15720989 171
15721157 4
15721159 101
15721177 227
15721183 20
15721183 168
15721217 4
15721217 7
15721217 1708
15721579 9
15721613 3
15721679 3417
15721697 4
15721747 5
15721747 345
15721747 1332
15721801 620
15721847 249
15721847 385
15721861 15
15721861 35
15721883 1
15721921 3
15722173 75
15722173 4836
15722183 1
15722183 12
15722279 1
15722309 147
15722327 2869
15722431 5
15722431 8
15722461 24
15722479 17
15722479 56
15722507 12
15722543 4348
15722561 99
15722579 1
15722683 8
15722711 93
15722713 3
15722719 4784
15722801 24
15722873 543
15722887 8
15722953 443
15722999 4
15723023 16
15723067 12
15723067 48
15723077 19
15723157 392
15723179 9
15723199 1149
15723223 4005
15723229 875
15723233 100
15723313 176
15723347 4
15723371 1
15723373 1908
15723637 23
15723667 65
15723791 1
15723809 16
15723817 3588
15723919 5
15723919 12
15724057 3
15724057 27
15724073 7
15724091 3748
15724117 119
15724141 3815
15724147 5
15724147 7125
15724169 7
15724187 72
15724207 45
15724211 1
15724217 7
15724243 801
15724259 1
15724333 480
15724451 1
15724463 13
15724463 213
15724669 1224
15724669 5132
15724691 60
15724691 1981
15724703 412
15724703 9297
15724721 780
15724733 3
15724789 2079
15724829 279
15724883 1
15724927 5
15724957 3
15725069 1920
15725147 4
15725147 12
15725231 3456
15725243 1
15725299 156
15725341 15
15725341 779
15725443 1116
15725443 4320
15725473 83
15725477 4
15725513 9472
15725557 20
15725557 47
15725579 1
15725707 5
15725707 17
15725783 625
15725887 9
15725953 32
15726013 27
15726019 1800
15726019 5856
15726079 17
15726203 37
15726203 2317
15726253 123
15726257 4
15726299 1
15726299 12
15726311 1
15726379 897
15726379 8741
15726397 20
15726553 1220
15726559 1481
15726559 9272
15726569 12
15726673 2115
15726701 1243
15726817 8
15726833 208
15726839 1
15726857 1468
15726859 344
15726899 21
15726941 3
15726941 79
15727031 448
15727213 11
15727259 297
15727357 3
15727391 1
15727403 888
15727451 1
15727471 9
15727529 7255
15727583 85
15727667 729
15727721 2499
15727861 24
15728039 1
15728101 143
15728117 348
15728123 1
15728243 1
15728249 24
15728327 744
15728341 36
15728341 771
15728387 5344
15728473 32
15728473 812
15728579 1
15728579 72
15728729 3219
15728767 384
15728813 211
15728819 412
15728917 1107
15728929 36
15728929 192
15729001 5856
15729019 7796
15729053 7
15729053 15
15729073 3663
15729139 20
15729139 852
15729239 4
15729257 4
15729257 7
15729257 28
15729319 345
15729377 612
15729433 1991
15729481 35
15729541 308
15729547 1997
15729619 992
15729647 9
15729647 25
15729689 12
15729733 3063
15729761 40
15729761 211
15729761 1303
15729797 735
15729941 3
15729943 53
15729997 32
15730003 401
15730031 1
15730073 48
15730129 32
15730133 1168
15730139 1
15730153 3
15730153 15
15730249 60
15730249 896
15730307 300
15730343 21
15730343 97
15730387 708
15730433 52
15730433 55
15730493 9148
15730577 63
15730579 32
15730579 72
15730591 45
15730621 3
15730859 9
15730931 2124
15730937 147
15730943 1
15730943 205
15731039 9
15731081 4
15731099 36
15731159 9
15731201 28
15731203 320
15731269 1059
15731321 6115
15731329 60
15731329 1155
15731377 5184
15731383 812
15731483 2020
15731489 855
15731489 3019
15731503 5
15731509 431
15731509 936
15731531 1
15731531 4
15731531 136
15731581 183
15731657 4
15731669 1680
15731767 5445
15731777 15
15731843 240
15731897 180
15731929 47
15731957 163
15732179 1
15732257 519
15732329 40
15732559 77
15732581 420
15732649 15
15732709 47
15732757 519
15732809 12
15732863 1
15732919 41
15733009 59
15733013 3
15733079 136
15733163 1
15733187 4
15733229 4
15733229 7
15733259 12
15733261 3960
15733351 800
15733373 460
15733583 1
15733639 180
15733667 228
15733717 3
15733777 200
15733777 459
15733793 7
15733841 1456
15733853 111
15733859 1
15733867 8
15733897 267
15733981 843
15733987 104
15733987 4868
15734003 36
15734101 39
15734123 1
15734123 3645
15734207 13
15734309 4
15734309 12
15734321 15
15734321 103
15734321 603
15734357 6799
15734449 560
15734497 24
15734513 687
15734539 417
15734561 3
15734581 3
15734581 279
15734633 3
15734687 4
15734729 27
15734729 55
15734753 468
15734779 5364
15734863 453
15734951 1
15735037 348
15735067 797
15735067 1452
15735169 1179
15735191 45
15735191 84
15735193 20
15735193 347
15735281 43
15735283 3236
15735403 1601
15735407 4
15735407 69
15735407 1185
15735451 5
15735479 12
15735491 69
15735583 5
15735593 9192
15735679 60
15735697 5975
15735697 6399
15735757 3
15735757 2003
15735911 1
15735911 328
15735913 1680
15735977 7
15736129 35
15736297 719
15736307 240
15736307 537
15736379 64
15736397 8959
15736403 1
15736423 5
15736429 44
15736451 420
15736453 2027
15736463 1
15736571 121
15736573 267
15736621 3
15736631 1
15736663 60
15736687 32
15736739 1
15736757 43
15736757 123
15736771 5
15736913 3
15736939 1496
15736961 4
15736967 645
15736999 57
15737009 4
15737039 2109
15737081 48
15737081 3003
15737177 4087
15737203 12
15737203 5160
15737219 4
15737261 1036
15737279 1
15737437 108
15737467 1649
15737471 13
15737471 945
15737479 392
15737509 15
15737521 3
15737531 780
15737537 3
15737591 4
15737599 9
15737599 17
15737599 500
15737599 609
15737663 220
15737671 68
15737861 75
15737867 372
15737993 2712
15737999 1417
15738017 7
15738031 21
15738119 1
15738167 4
15738167 24
15738179 9817
15738199 1416
15738227 4
15738227 12
15738227 289
15738227 537
15738259 56
15738293 483
15738323 13
15738323 33
15738323 1048
15738337 15
15738353 355
15738397 2943
15738407 1680
15738487 6233
15738533 1711
15738539 1
15738557 4
15738661 56
15738689 15
15738691 53
15738773 3595
15738809 24
15738841 3
15738857 84
15738871 20
15738893 3
15738977 15
15738977 3255
15739013 663
15739063 12
15739069 24
15739069 2607
15739151 9309
15739181 168
15739189 2079
15739193 760
15739397 52
15739397 1464
15739421 3
15739421 19
15739483 21
15739571 205
15739643 5008
15739673 63
15739693 3
15739873 216
15739897 3
15739897 647
15739897 9315
15739907 25
15739937 3
15739949 39
15739973 3391
15739991 21
15740017 68
15740051 1
15740141 3
15740173 7860
15740183 1
15740261 40
15740299 137
15740437 99
15740539 81
15740587 329
15740603 1
15740633 1032
15740737 3
15740737 24
15740897 7852
15740903 73
15740903 5128
15740953 11
15740957 72
15740981 120
15740983 5
15740983 17
15741059 1
15741109 1947
15741157 3
15741217 1655
15741217 1835
15741263 16
15741281 3
15741281 8395
15741289 51
15741307 9
15741307 329
15741359 12
15741359 780
15741433 3708
15741469 191
15741487 80
15741503 148
15741571 1244
15741617 12
15741787 672
15741787 5297
15741829 120
15741853 71
15741857 87
15741857 6268
15742037 424
15742037 7740
15742117 8
15742121 19
15742121 3180
15742151 1
15742151 69
15742183 4320
15742271 1
15742271 3888
15742379 57
15742379 196
15742457 7
15742471 368
15742553 60
15742577 232
15742609 12
15742627 4277
15742651 3693
15742709 255
15742709 555
15742711 96
15742889 16
15742897 3968
15742919 1084
15742949 4
15743059 1469
15743129 12
15743159 24
15743237 24
15743297 4
15743311 593
15743333 3
15743341 8
15743347 428
15743407 5
15743407 9
15743639 1
15743669 4
15743669 4939
15743671 161
15743687 72
15743771 1
15743773 843
15743867 132
15743899 269
15743941 8384
15744019 1437
15744019 2669
15744049 2232
15744097 195
15744163 5793
15744173 52
15744241 35
15744319 1229
15744349 5636
15744461 199
15744467 2277
15744503 25
15744503 48
15744503 2260
15744523 308
15744689 2439
15744731 1
15744733 3152
15744761 3183
15744803 1480
15744803 2040
15744853 5516
15744877 39
15744877 263
15744887 9
15744959 1
15744983 37
15744983 57
15745003 8981
15745039 116
15745049 1951
15745063 2981
15745127 12
15745127 192
15745139 1632
15745139 9529
15745321 15
15745321 536
15745403 1
15745571 1
15745643 1
15745643 33
15745703 16
15745787 988
15745943 45
15745957 959
15745967 105
15745993 555
15746033 28
15746077 8
15746077 5327
15746111 24
15746239 12
15746293 3632
15746317 8
15746387 85
15746389 2984
15746413 8
15746461 3
15746519 1
15746519 4
15746609 607
15746683 41
15746713 12
15746737 107
15746873 3840
15746921 55
15746957 3495
15746963 1
15746963 12
15746963 1213
15747059 1
15747091 480
15747103 21
15747119 7677
15747131 1
15747223 161
15747227 708
15747301 5799
15747317 4
15747383 1
15747443 1
15747443 3988
15747451 20
15747481 2388
15747499 1217
15747569 12
15747581 3
15747653 2587
15747817 60
15747911 84
15747911 508
15747947 612
15748079 1905
15748099 7409
15748111 20
15748133 388
15748181 19
15748231 60
15748259 1
15748303 101
15748331 16
15748361 16
15748361 4948
15748517 40
15748517 5880
15748519 249
15748529 636
15748529 5320
15748541 99
15748541 180
15748679 1
15748679 69
15748699 5136
15748727 85
15748757 4
15748763 1
15748781 2736
15748787 12
15748787 13
15748913 220
15748949 36
15748981 3
15749011 228
15749011 1268
15749077 8
15749113 3
15749159 976
15749219 9925
15749231 1
15749317 2508
15749381 2991
15749431 24
15749431 9009
15749479 192
15749579 1
15749579 3957
15749621 499
15749663 1
15749663 1296
15749719 9
15749719 12
15749759 292
15749761 3
15749887 65
15749947 53
15749947 5948
15750047 4
15750131 1
15750157 548
15750269 12
15750299 181
15750359 1
15750359 7269
15750367 108
15750367 2300
15750403 21
15750409 12
15750521 3
15750703 5000
15750751 225
15750809 2200
15750809 8391
15750913 3
15750983 157
15751039 261
15751079 4
15751091 1
15751091 1185
15751103 417
15751261 11
15751277 52
15751319 4701
15751423 477
15751453 3
15751457 240
15751501 168
15751511 6888
15751531 33
15751531 2588
15751559 1
15751649 7
15751651 2028
15751661 4
15751739 1732
15751763 13
15751871 408
15751871 573
15752071 3041
15752071 3116
15752111 120
15752111 1429
15752117 3
15752221 11
15752221 39
15752221 59
15752327 220
15752519 1
15752519 9
15752549 544
15752573 120
15752687 589
15752689 4712
15752747 4
15752777 88
15752777 327
15752783 1
15752899 245
15752927 205
15752963 1
15752993 3
15753047 120
15753103 36
15753191 468
15753209 1267
15753209 3051
15753233 7
15753259 245
15753343 72
15753371 1
15753391 44
15753391 2121
15753449 6555
15753533 27
15753557 204
15753571 56
15753589 20
15753607 912
15753629 55
15753629 3160
15753659 1
15753707 12
15753707 49
15753721 423
15753733 3
15753769 27
15753791 1
15753817 27
15753961 24
15753973 8
15754001 3
15754049 4
15754099 5
15754153 3
15754153 2003
15754181 3
15754181 463
15754247 1068
15754273 203
15754561 771
15754561 2184
15754633 9627
15754693 11
15754757 3
15754873 408
15754877 39
15754901 748
15754979 189
15755021 123
15755053 8
15755053 152
15755059 729
15755063 1053
15755093 4000
15755093 9720
15755219 360
15755261 219
15755273 88
15755339 1
15755423 1
15755431 5
15755473 155
15755639 196
15755689 56
15755689 320
15755689 567
15755711 1
15755737 155
15755833 431
15755837 3139
15755879 8661
15755917 3
15755947 1629
15755963 1
15755981 1503
15755983 1296
15756011 1
15756109 1307
15756119 49
15756121 275
15756133 11
15756203 37
15756241 3
15756241 11
15756319 1596
15756337 144
15756337 167
15756431 33
15756431 76
15756431 1725
15756443 37
15756443 6057
15756469 972
15756473 3
15756479 1
15756497 7
15756571 8
15756571 5993
15756613 8
15756613 56
15756749 219
15756779 4
15756883 1536
15756913 2063
15756941 816
15756967 8
15757051 9
15757097 1087
15757117 255
15757163 900
15757163 1453
15757187 4
15757211 1
15757241 4
15757451 2964
15757499 1
15757499 7549
15757649 24
15757667 37
15757733 1396
15757787 24
15757873 11
15757913 7
15757927 369
15757943 1341
15757961 3
15757979 225
15758047 1664
15758089 224
15758111 13
15758159 1
15758173 9263
15758221 95
15758401 9839
15758459 61
15758459 3064
15758471 33
15758471 153
15758497 12
15758503 53
15758503 761
15758531 1
15758693 28
15758693 516
15758843 6996
15759011 1
15759041 4
15759083 88
15759143 1
15759203 105
15759259 396
15759397 3
15759481 1208
15759481 1476
15759511 129
15759529 15
15759587 4
15759589 12
15759599 1
15759643 9228
15759671 6004
15759691 65
15759691 93
15759707 168
15759739 776
15759763 5
15759763 2000
15759829 96
15759859 536
15759869 100
15759971 948
15759977 43
15760049 480
15760099 101
15760117 3
15760153 368
15760219 84
15760259 1
15760271 21
15760333 11
15760337 12
15760379 645
15760399 12
15760453 83
15760571 1
15760571 60
15760597 44
15760597 1679
15760669 44
15760757 40
15760757 259
15760799 1
15760807 12
15760813 903
15760841 5208
15760859 49
15760859 729
15760889 36
15760931 1
15760961 3
15760963 8
15761021 75
15761059 5
15761069 6915
15761093 3
15761143 5
15761167 240
15761173 23
15761173 191
15761183 117
15761183 208
15761197 6755
15761243 6805
15761321 100
15761323 17
15761351 36
15761381 16
15761399 52
15761411 1
15761411 6628
15761419 105
15761467 8
15761479 441
15761639 1
15761657 4
15761657 508
15761719 236
15761899 5
15761903 4776
15761947 1077
15762049 2096
15762059 445
15762073 1775
15762079 5
15762083 1
15762083 3820
15762119 4
15762121 63
15762121 4583
15762127 5
15762157 512
15762181 168
15762211 228
15762221 3
15762221 16
15762223 440
15762287 157
15762319 1601
15762347 129
15762377 247
15762431 1
15762449 12
15762449 411
15762493 692
15762529 44
15762529 336
15762557 3088
15762557 9747
15762563 1
15762569 39
15762667 5489
15762707 153
15762713 76
15762731 4
15762829 11
15762829 600
15762833 832
15762839 8796
15762883 12
15762937 8
15762937 27
15762941 55
15763003 236
15763021 368
15763031 1
15763123 132
15763123 420
15763243 20
15763273 32
15763289 4
15763333 8
15763399 5012
15763409 67
15763409 79
15763417 3428
15763439 1
15763453 3
15763453 12
15763463 1
15763513 60
15763537 143
15763571 1
15763589 36
15763667 649
15763729 5580
15763729 5736
15763861 23
15763861 183
15763861 2676
15763889 15
15763997 3255
15764011 8
15764191 21
15764477 4
15764549 39
15764549 1879
15764579 105
15764579 136
15764713 7092
15764717 3
15764773 1475
15764783 1
15764803 593
15764843 40
15764843 7420
15764857 32
15764857 3819
15764873 7
15764897 5152
15764921 163
15765089 19
15765107 85
15765121 15
15765131 88
15765149 1696
15765271 21
15765289 35
15765397 35
15765397 147
15765403 600
15765413 3
15765413 28
15765413 72
15765509 4
15765509 204
15765509 211
15765521 39
15765553 20
15765641 24
15765667 8
15765667 125
15765679 1409
15765691 2529
15765733 3
15765769 36
15765769 56
15765791 996
15765863 1
15765913 356
15765983 1
15766057 8
15766139 1
15766151 4
15766183 132
15766241 16
15766271 1881
15766307 4
15766307 684
15766319 1
15766351 5
15766433 7
15766453 51
15766469 595
15766469 6616
15766529 4
15766607 4
15766643 33
15766657 39
15766843 5
15766873 3
15766901 4
15767071 36
15767099 1
15767249 27
15767267 13
15767357 9840
15767383 8036
15767399 1
15767497 95
15767539 9
15767651 40
15767651 2353
15767693 1408
15767711 1
15767711 4396
15767729 55
15767729 871
15767761 51
15767797 3
15767837 40
15767861 4
15767989 1452
15768173 7968
15768191 1
15768239 60
15768301 56
15768329 19
15768343 20
15768449 19
15768541 4179
15768551 48
15768671 73
15768713 300
15768761 900
15768763 437
15768799 9
15768799 5936
15768821 43
15768839 9
15769001 3
15769157 4
15769157 12
15769163 1
15769163 148
15769199 304
15769367 1093
15769381 3
15769441 35
15769561 2615
15769571 1
15769703 25
15769703 60
15769709 4
15769771 20
15769801 6216
15769847 24
15769913 7
15769913 592
15769921 15
15770017 579
15770081 15
15770093 27
15770093 2088
15770107 873
15770129 4
15770143 4785
15770159 552
15770159 660
15770191 60
15770191 164
15770201 15
15770231 249
15770389 279
15770411 1
15770423 16
15770431 36
15770453 888
15770453 1240
15770453 7003
15770497 9708
15770501 159
15770561 16
15770633 232
15770707 3368
15770717 1443
15770737 5859
15770743 108
15770753 307
15770869 56
15770899 72
15770921 3
15770921 4
15770977 20
15771011 1
15771037 3
15771043 21
15771127 32
15771187 24
15771233 3
15771247 84
15771289 8136
15771299 25
15771373 83
15771401 16
15771439 45
15771551 1
15771571 584
15771673 11
15771713 211
15771761 19
15771761 223
15771829 1731
15771967 48
15771989 5700
15772019 1
15772061 4
15772061 16
15772079 9
15772093 12
15772157 4
15772303 4592
15772321 420
15772333 3
15772391 1
15772423 3041
15772487 9
15772487 72
15772643 1
15772697 3
15772751 28
15772789 896
15772807 93
15772819 9
15772829 111
15772849 12
15772927 228
15772937 1783
15772979 1
15772993 2568
15772997 580
15772997 1723
15773003 1
15773003 76
15773003 105
15773011 53
15773117 3
15773117 280
15773243 5553
15773321 6148
15773339 4
15773393 336
15773519 1
15773519 309
15773531 1
15773657 7
15773687 3913
15773707 20
15773777 327
15773789 472
15773831 61
15773957 4
15773963 525
15774007 65
15774013 12
15774023 1
15774029 9931
15774107 477
15774151 644
15774221 336
15774361 51
15774361 188
15774491 1
15774491 201
15774523 5876
15774533 3
15774533 27
15774533 115
15774631 1289
15774673 11
15774713 7
15774763 5
15774823 5
15774833 1480
15774833 1488
15774859 69
15774901 8
15774961 8
15774991 56
15775057 8
15775141 203
15775153 471
15775189 11
15775189 7304
15775223 1
15775231 816
15775297 99
15775297 3404
15775297 6420
15775313 16
15775343 9345
15775381 59
15775457 3907
15775483 33
15775511 13
15775511 2529
15775607 177
15775657 48
15775657 92
15775667 333
15775751 1
15775777 839
15775843 161
15775889 2916
15775967 232
15775979 1
15776093 3
15776093 6060
15776113 275
15776113 6947
15776147 1528
15776207 37
15776207 349
15776231 2440
15776237 27
15776239 116
15776263 8
15776317 123
15776317 659
15776317 4403
15776381 183
15776419 261
15776539 1557
15776591 1
15776671 9
15776711 13
15776741 15
15776767 8849
15776843 2313
15776879 1
15776879 52
15776903 1
15776983 977
15777023 196
15777023 3153
15777127 45
15777127 3693
15777263 1
15777269 9255
15777347 4
15777389 1044
15777403 20
15777439 749
15777449 204
15777499 132
15777529 3395
15777539 1
15777539 4260
15777569 255
15777569 7875
15777599 2212
15777803 1
15777821 2923
15777901 15
15777953 211
15778043 1672
15778067 148
15778211 1
15778219 24
15778247 100
15778249 44
15778267 168
15778337 1279
15778423 32
15778459 65
15778619 4
15778627 2525
15778709 616
15778801 360
15778849 35
15778853 51
15778913 1407
15778937 7
15778937 195
15778937 9084
15778963 12
15779017 3
15779191 5460
15779221 3
15779251 33
15779299 29
15779299 1449
15779303 1
15779359 2492
15779429 7
15779441 76
15779483 16
15779549 4
15779563 60
15779681 580
15779707 68
15779707 1745
15779719 44
15779719 2696
15779833 48
15779843 1
15779891 1
15779891 4
15779903 97
15779969 379
15779977 447
15780067 84
15780133 27
15780157 8315
15780187 24
15780197 7
15780197 4132
15780217 3
15780217 20
15780283 5
15780287 3969
15780509 460
15780509 844
15780509 3799
15780623 1
15780701 36
15780719 61
15780823 36
15780823 368
15780827 28
15780917 15
15780937 2775
15780949 1052
15780983 1
15780991 1668
15781069 5147
15781091 180
15781097 4
15781097 279
15781217 127
15781309 11
15781319 5485
15781369 120
15781529 96
15781543 41
15781607 4209
15781739 9
15781793 7
15781849 2907
15781861 176
15781889 24
15781897 24
15781897 159
15781937 60
15781937 1207
15782021 6523
15782057 603
15782059 401
15782147 13
15782233 8
15782233 200
15782269 276
15782321 36
15782471 1
15782549 7287
15782561 19
15782603 1
15782603 628
15782639 1
15782747 5713
15782759 5845
15782771 196
15782887 5
15782917 59
15782947 68
15782969 8251
15783007 2688
15783013 3147
15783043 293
15783109 15
15783143 1
15783217 515
15783223 777
15783233 3
15783263 1
15783263 7272
15783269 12
15783373 3
15783389 16
15783431 1
15783431 1420
15783437 3
15783457 12
15783479 21
15783479 1161
15783487 8
15783499 1541
15783541 44
15783563 117
15783583 5600
15783731 4
15783959 25
15783961 455
15783997 1064
15784099 132
15784199 1
15784253 43
15784253 5847
15784261 843
15784271 1
15784367 169
15784411 588
15784427 9
15784469 1351
15784469 1491
15784499 685
15784523 537
15784541 6036
15784577 3
15784577 5127
15784661 4
15784669 96
15784669 4772
15784679 1
15784697 2052
15784709 75
15784723 933
15784799 1
15784931 4
15784931 9
15785047 8
15785047 4613
15785111 1
15785173 3
15785173 15
15785173 467
15785177 519
15785201 24
15785207 105
15785207 273
15785213 9328
15785221 68
15785317 923
15785327 12
15785387 57
15785453 12
15785459 1
15785459 60
15785461 3
15785461 404
15785461 791
15785513 2080
15785531 1
15785563 5
15785563 3840
15785563 5417
15785611 3984
15785699 1
15785699 265
15785747 165
15785801 39
15785821 3936
15785867 808
15785867 1888
15785951 48
15785999 40
15786053 31
15786079 809
15786083 13
15786443 9676
15786503 1
15786577 44
15786593 40
15786703 165
15786737 7
15786751 5
15786751 1425
15786773 15
15786791 1
15786889 4520
15786893 3
15786923 1
15786959 969
15787069 2171
15787097 3
15787097 4
15787127 4732
15787129 495
15787151 1
15787151 45
15787193 228
15787217 195
15787217 2307
15787273 3
15787273 11
15787283 13
15787301 3
15787313 51
15787351 8
15787399 776
15787417 80
15787433 171
15787433 3291
15787511 1200
15787523 8137
15787547 688
15787699 401
15787741 4908
15787853 255
15787873 12
15787931 1048
15787991 9060
15788111 3705
15788137 1595
15788173 3
15788299 20
15788371 21
15788389 11
15788407 9632
15788429 7
15788429 40
15788429 87
15788453 3
15788501 516
15788501 1575
15788503 5141
15788527 9
15788527 345
15788543 97
15788551 8
15788657 775
15788771 4
15788873 3
15788873 1096
15788917 47
15788921 4
15788947 8
15788953 12
15788987 4
15788987 72
15789029 79
15789077 1383
15789157 8
15789251 9513
15789281 3
15789289 87
15789383 3892
15789457 255
15789457 692
15789479 12
15789511 1101
15789533 3
15789533 276
15789607 9
15789629 16
15789701 115
15789847 7688
15789853 4832
15789871 20
15789953 43
15790057 3
15790171 8
15790219 809
15790241 4
15790303 105
15790321 44
15790457 4
15790459 420
15790499 456
15790519 5
15790519 32
15790549 15
15790631 1189
15790693 728
15790711 164
15790711 7344
15790769 4
15790927 1733
15790963 45
15790991 1
15790991 24
15791101 15
15791101 296
15791123 628
15791129 39
15791129 991
15791137 95
15791189 175
15791207 204
15791207 1245
15791227 8
15791227 1085
15791327 4809
15791339 1
15791339 4
15791387 124
15791401 2676
15791459 64
15791513 3
15791543 1
15791551 8
15791569 3159
15791591 808
15791609 12
15791627 52
15791627 6805
15791681 528
15791729 6120
15791753 1635
15791843 1
15791843 21
15791957 6823
15791969 96
15792083 13
15792169 99
15792187 5
15792209 16
15792221 4884
15792307 17
15792307 24
15792307 33
15792311 4
15792349 24
15792409 1731
15792449 4
15792587 120
15792701 364
15792737 3
15792737 952
15792737 1815
15792823 32
15792853 3
15792853 1476
15792937 3
15792977 12
15792979 5
15792979 20
15793007 12
15793007 13
15793013 280
15793021 3
15793049 15
15793087 1184
15793091 93
15793091 1153
15793103 417
15793103 2341
15793243 45
15793303 345
15793423 2417
15793451 1
15793451 3301
15793501 39
15793643 1
15793669 152
15793681 6659
15793703 1
15793751 1141
15793853 28
15793871 148
15793871 225
15793873 3
15793873 72
15793873 2355
15793909 836
15794017 32
15794017 179
15794039 777
15794083 152
15794239 9
15794243 25
15794249 7
15794249 27
15794489 15
15794501 3
15794507 313
15794621 7503
15794687 37
15794711 1
15794761 3
15794761 35
15794761 3035
15794761 3780
15794783 1
15794959 5
15794981 195
15795011 2809
15795167 13
15795191 264
15795239 1
15795239 244
15795277 639
15795301 9339
15795427 297
15795427 2100
15795427 9888
15795467 129
15795541 348
15795599 1
15795599 3649
15795653 1311
15795673 8
15795683 1
15795751 2388
15795761 15
15796013 3
15796073 411
15796117 8
15796139 45
15796139 240
15796141 60
15796189 56
15796223 1
15796307 520
15796327 264
15796327 2204
15796327 8892
15796379 249
15796379 4344
15796381 3
15796489 1164
15796541 343
15796541 6639
15796591 5
15796591 600
15796667 4
15796727 273
15796751 1
15796789 347
15797017 8
15797143 5
15797153 1071
15797161 95
15797179 672
15797179 3380
15797237 7
15797291 1
15797317 3
15797351 4
15797351 13
15797357 43
15797363 1
15797399 1
15797413 3
15797413 51
15797459 1
15797501 84
15797647 5
15797653 8
15797653 96
15797807 4
15797843 1
15797891 1
15797917 23
15797923 5
15798019 5
15798053 3
15798059 1
15798067 1064
15798077 4
15798077 592
15798089 895
15798109 312
15798163 608
15798193 3
15798193 11
15798193 68
15798193 216
15798193 2043
15798247 12
15798257 768
15798271 8088
15798373 3
15798383 400
15798397 128
15798403 8
15798581 28
15798583 633
15798599 1
15798613 3
15798683 1
15798683 45
15798691 41
15798743 25
15798749 112
15798791 33
15798793 3
15798803 2593
15798821 259
15798821 1036
15798859 77
15798919 4172
15799027 5
15799027 909
15799027 1413
15799087 45
15799087 68
15799099 5
15799099 2324
15799109 12
15799139 1
15799169 19
15799169 8404
15799193 8680
15799271 1
15799291 9
15799313 3
15799349 5371
15799387 1785
15799387 6192
15799453 9927
15799489 1200
15799493 3
15799529 39
15799529 147
15799591 5
15799591 4961
15799627 53
15799627 1668
15799627 5729
15799633 3
15799687 5
15799747 5
15799871 40
15799967 9
15800087 49
15800167 20
15800171 588
15800177 2064
15800243 1540
15800249 51
15800249 1180
15800249 3591
15800261 159
15800261 195
15800329 27
15800341 8
15800341 15
15800417 3
15800467 24
15800557 9459
15800573 111
15800639 85
15800671 81
15800693 76
15800693 663
15800881 176
15801017 3775
15801047 13
15801059 21
15801061 264
15801077 24
15801133 143
15801139 9
15801139 581
15801151 248
15801209 72
15801223 548
15801287 33
15801323 1
15801337 1547
15801377 687
15801419 4
15801427 225
15801427 1545
15801497 144
15801587 1233
15801637 15
15801743 1
15801809 4
15801809 199
15801811 2376
15801889 1880
15801889 2927
15801913 20
15801953 147
15801953 243
15802049 7212
15802139 1480
15802177 8
15802177 155
15802183 17
15802183 3356
15802273 228
15802279 329
15802289 12
15802309 71
15802379 1
15802411 24
15802417 39
15802421 1615
15802447 65
15802447 125
15802499 57
15802511 3960
15802583 2016
15802601 7159
15802693 3
15802693 9948
15802739 4
15802859 1
15802859 4
15802903 141
15802931 6021
15802987 5
15803101 215
15803141 4
15803171 1
15803171 21
15803191 8
15803197 1283
15803279 1
15803287 5
15803297 99
15803297 820
15803363 1
15803363 496
15803399 4
15803603 1
15803617 2247
15803633 271
15803657 3
15803657 255
15803663 1
15803717 3
15803717 15
15803789 7
15803789 499
15803789 5755
15803789 9051
15803807 160
15803951 1
15804023 1
15804037 299
15804083 1
15804083 85
15804137 799
15804209 3724
15804223 645
15804301 20
15804323 1560
15804367 357
15804443 1
15804443 3328
15804491 25
15804493 12
15804493 7907
15804617 40
15804619 12
15804619 225
15804641 2455
15804683 472
15804689 19
15804791 1
15804839 1
15804847 6848
15804857 4
15804857 12
15804907 29
15804923 1
15804923 1720
15804937 768
15804937 7568
15804953 3
15804953 1836
15804961 56
15805001 5439
15805003 4685
15805007 9
15805043 13
15805067 73
15805193 775
15805259 1
15805313 223
15805409 172
15805409 1444
15805513 95
15805723 273
15805759 21
15805817 7
15805843 420
15805943 12
15805963 173
15805987 137
15805987 1457
15806059 20
15806099 1
15806111 1
15806177 3
15806183 172
15806291 1
15806317 1388
15806407 1133
15806431 3981
15806449 11
15806501 3
15806501 3036
15806519 5061
15806533 20
15806569 3471
15806627 172
15806633 3867
15806639 9
15806699 1
15806741 103
15806797 23
15806851 120
15806927 9
15806939 4
15806983 48
15807041 40
15807041 595
15807047 688
15807061 3
15807061 668
15807151 509
15807163 60
15807199 101
15807203 40
15807269 2044
15807293 3
15807391 53
15807401 28
15807503 1
15807553 12
15807607 9
15807619 797
15807721 140
15807731 1180
15807761 79
15807797 64
15807823 17
15807853 3
15807853 935
15807893 7
15807893 3148
15807899 1365
15807907 549
15807941 3
15807959 1
15807973 3
15807989 19
15808031 4
15808033 3
15808081 2324
15808343 1
15808423 288
15808439 304
15808483 972
15808511 1
15808511 160
15808511 228
15808517 4
15808531 65
15808531 168
15808537 12
15808549 104
15808601 19
15808607 45
15808607 1764
15808607 2853
15808619 1
15808619 3541
15808673 12
15808711 29
15808757 232
15808883 13
15808951 8
15809117 543
15809141 4
15809267 145
15809291 148
15809329 2336
15809413 183
15809413 516
15809419 77
15809489 7636
15809513 27
15809513 288
15809587 44
15809623 5
15809701 6348
15809771 1
15809837 6004
15809839 4697
15809897 112
15809909 4
15810073 3
15810083 1
15810101 3
15810107 4
15810139 3152
15810143 8721
15810181 176
15810233 3
15810257 63
15810313 6680
15810331 4001
15810343 53
15810467 5269
15810523 756
15810563 2017
15810577 24
15810607 93
15810607 2808
15810631 56
15810667 5
15810667 8
15810671 316
15810689 2071
15810797 4
15810943 93
15811127 4
15811127 49
15811153 512
15811217 1344
15811339 5
15811483 8
15811571 85
15811597 108
15811597 312
15811597 1860
15811619 4
15811619 2196
15811661 3
15811687 12
15811687 4913
15811729 3671
15811753 143
15811759 17
15811793 3
15811883 12
15811907 565
15811963 5
15812011 41
15812149 12
15812171 1
15812189 3439
15812191 173
15812191 3849
15812207 2320
15812213 3
15812213 16
15812309 4
15812371 5
15812399 1
15812411 220
15812411 304
15812417 4560
15812437 32
15812437 35
15812441 1251
15812473 47
15812483 193
15812581 63
15812611 108
15812639 2497
15812651 1
15812651 33
15812701 39
15812711 33
15812717 4
15812717 28
15812789 112
15812837 3
15812837 4
15812851 2313
15812893 3
15812893 8
15812903 1
15812933 5940
15813053 315
15813059 12
15813071 1428
15813101 2491
15813157 432
15813271 8
15813373 3
15813419 1
15813433 132
15813461 3
15813527 3457
15813569 4
15813583 113
15813713 868
15813779 1
15813803 5025
15813869 16
15813887 1173
15813977 5272
15813991 8
15814027 32
15814037 559
15814109 2832
15814129 1179
15814129 3452
15814147 573
15814159 7389
15814163 1
15814177 15
15814177 47
15814303 5
15814339 284
15814339 557
15814481 3
15814489 15
15814553 16
15814597 464
15814627 17
15814663 32
15814663 1608
15814679 1
15814679 21
15814679 100
15814703 220
15814739 16
15814837 3
15814837 324
15814933 36
15814933 323
15814957 7992
15815101 159
15815161 8
15815167 345
15815227 5
15815263 1277
15815269 812
15815479 12
15815479 89
15815509 12
15815647 7233
15815711 7108
15815827 33
15815867 7284
15815939 1
15815963 1
15816061 15
15816077 7
15816077 1927
15816091 3236
15816091 8181
15816121 3
15816121 1703
15816133 68
15816211 5
15816247 665
15816277 2060
15816467 577
15816469 39
15816553 15
15816869 4
15816979 125
15816979 1481
15817079 36
15817097 55
15817097 295
15817147 1140
15817183 5
15817183 108
15817211 1
15817213 8
15817213 51
15817229 5296
15817289 747
15817297 8
15817331 3784
15817337 3
15817423 12
15817433 48
15817433 55
15817493 591
15817547 852
15817573 1311
15817591 789
15817799 1
15817817 7
15817817 6927
15818053 1872
15818071 53
15818111 1
15818113 3260
15818167 197
15818261 4
15818267 109
15818357 235
15818477 168
15818501 36
15818513 60
15818533 11
15818563 68
15818591 888
15818651 1
15818713 428
15818813 3
15818819 52
15818819 112
15818861 120
15818899 5
15819019 857
15819019 2541
15819031 8
15819043 108
15819073 788
15819233 87
15819277 68
15819329 96
15819341 3
15819347 1617
15819373 332
15819421 36
15819431 1
15819473 132
15819511 5
15819539 1
15819539 12
15819613 56
15819721 1428
15819751 8700
15819931 93
15820039 285
15820069 4667
15820093 92
15820139 16
15820367 1725
15820417 4599
15820439 2380
15820499 72
15820577 3967
15820583 136
15820621 3
15820627 5
15820669 80
15820843 65
15821137 3
15821249 439
15821287 20
15821383 501
15821417 1383
15821431 3969
15821473 11
15821483 1000
15821551 5
15821551 3549
15821593 8
15821647 9
15821653 915
15821669 195
15821809 399
15821831 1
15821909 6027
15821969 4
15821987 28
15822017 1632
15822071 1
15822077 3
15822133 27
15822133 1568
15822173 3
15822181 3
15822211 216
15822227 1408
15822341 1236
15822361 4616
15822377 3
15822451 9
15822479 16
15822491 381
15822533 3
15822601 44
15822601 1044
15822623 1
15822623 2601
15822671 1053
15822721 320
15822727 845
15822811 1125
15822881 784
15822883 5
15822923 37
15822941 39
15822943 21
15822959 1
15822997 107
15823001 2743
15823079 1
15823091 184
15823111 2684
15823121 19
15823163 1
15823187 4
15823207 5
15823279 7905
15823403 1
15823573 3
15823597 48
15823681 3
15823681 44
15823697 7
15823721 3
15823727 4
15823739 9576
15823757 3
15823799 336
15823823 1
15823823 40
15823823 60
15824143 20
15824183 528
15824239 117
15824269 15
15824269 351
15824279 372
15824351 1216
15824357 4
15824441 4
15824453 12
15824519 1
15824533 8
15824537 7
15824563 5
15824563 8
15824597 3
15824617 668
15824629 204
15824657 139
15824717 3
15824719 96
15824771 196
15824801 19
15824827 408
15824833 3
15824833 111
15824833 2256
15824869 2991
15824953 1548
15824971 128
15825037 3
15825037 1464
15825059 1
15825137 63
15825149 31
15825151 3053
15825191 141
15825203 1
15825239 241
15825241 3
15825263 1
15825301 80
15825331 8085
15825353 1767
15825371 1
15825377 19
15825431 1
15825431 61
15825533 7
15825533 103
15825571 36
15825583 5
15825583 276
15825617 768
15825671 93
15825731 1
15825883 357
15825893 715
15825911 13
15825941 4768
15826033 8
15826043 6433
15826091 88
15826091 1804
15826147 60
15826189 6500
15826253 7
15826319 1224
15826339 2544
15826379 25
15826379 45
15826387 104
15826427 165
15826529 132
15826529 6171
15826597 3
15826607 3684
15826621 8
15826793 27
15826883 2020
15826907 4564
15826973 1195
15827089 11
15827099 1
15827111 1
15827131 21
15827179 6956
15827303 1
15827309 72
15827369 36
15827411 1
15827507 4
15827543 1
15827557 1947
15827633 2523
15827659 12
15827677 204
15827689 27
15827689 1952
15827803 48
15827831 85
15827839 404
15827899 1232
15827921 3
15828161 64
15828181 6476
15828233 1728
15828247 5
15828299 4809
15828313 255
15828313 540
15828401 2136
15828409 1179
15828467 28
15828497 444
15828551 1
15828607 5
15828607 324
15828643 5
15828661 4439
15828679 285
15828749 12
15828781 2979
15828913 3
15828947 2137
15829043 97
15829049 571
15829199 1
15829199 4
15829277 463
15829301 1756
15829409 27
15829433 7
15829441 3959
15829501 143
15829571 1
15829609 3651
15829613 3
15829613 28
15829631 24
15829753 2783
15829757 63
15829799 1
15829823 1
15829859 61
15829867 1289
15829883 1
15829973 7
15829973 3567
15829993 5615
15829999 12
15830011 9
15830039 4
15830051 64
15830357 3
15830357 7
15830357 1107
15830359 5
15830453 592
15830501 4
15830533 435
15830593 8
15830597 24
15830603 1
15830651 1
15830651 24
15830669 15
15830701 3
15830851 524
15830917 8
15830959 224
15831073 3
15831073 63
15831103 873
15831139 9
15831143 21
15831247 24
15831311 1
15831311 268
15831329 4
15831329 55
15831397 420
15831463 32
15831551 1
15831551 168
15831551 1069
15831551 8680
15831559 129
15831559 5357
15831619 3440
15831623 2053
15831637 44
15831667 885
15831667 888
15831689 7
15831713 3
15831713 108
15831763 60
15831887 13
15831989 1831
15832087 168
15832097 7
15832129 39
15832217 24
15832247 252
15832261 8
15832283 6048
15832309 11
15832343 372
15832417 4467
15832571 1
15832727 309
15832853 16
15832877 15
15832879 17
15832903 156
15832913 903
15832919 312
15833009 60
15833009 811
15833017 39
15833017 7935
15833029 39
15833089 155
15833107 5012
15833113 360
15833117 12
15833117 99
15833123 4285
15833149 47
15833161 96
15833173 156
15833183 1
15833383 572
15833387 4
15833431 585
15833491 260
15833561 3
15833621 3
15833737 6699
15833759 577
15833813 7
15833819 1
15833893 27
15833969 444
15834017 3
15834017 75
15834023 1
15834023 277
15834067 4632
15834317 127
15834431 1
15834451 20
15834457 15
15834641 63
15834641 108
15834683 133
15834727 1253
15834743 13
15834751 849
15834811 164
15834811 1280
15834829 87
15834829 324
15834829 4976
15834859 12
15834869 4
15835003 1980
15835009 587
15835013 31
15835049 24
15835093 12
15835159 45
15835207 360
15835213 15
15835217 2203
15835271 100
15835301 111
15835333 3
15835397 19
15835447 9068
15835601 40
15835643 1
15835643 2476
15835643 3637
15835691 24
15835727 13
15835879 9
15835907 1917
15835957 3
15836003 1
15836099 45
15836137 9632
15836153 3
15836179 36
15836243 60
15836287 312
15836323 48
15836371 213
15836411 4
15836423 28
15836423 121
15836441 64
15836473 9963
15836531 1
15836543 1
15836563 20
15836617 8148
15836647 33
15836651 1
15836651 49
15836869 5187
15836869 8759
15836897 3
15836897 279
15836959 5
15836959 209
15836959 300
15836959 3149
15837077 3
15837091 8
15837097 24
15837119 2361
15837137 27
15837163 420
15837163 1496
15837229 2867
15837257 219
15837293 172
15837323 1
15837329 4
15837457 503
15837463 897
15837467 9
15837539 252
15837541 239
15837551 121
15837553 12
15837581 171
15837581 376
15837617 567
15837763 2105
15837821 63
15837947 3009
15837949 56
15837959 2280
15838103 12
15838133 55
15838213 1848
15838261 4311
15838289 1639
15838313 267
15838357 47
15838357 387
15838369 12
15838453 23
15838453 32
15838481 4
15838523 12
15838561 3
15838673 2047
15838717 8640
15838729 2835
15838813 8
15838847 48
15838877 4
15838877 7
15838909 756
15838937 3
15838943 1
15839023 248
15839039 1
15839183 7060
15839231 4
15839261 1404
15839273 31
15839309 219
15839381 2391
15839399 16
15839507 24
15839507 328
15839647 329
15839741 16
15839779 2220
15839797 1247
15839807 40
15839843 1900
15839849 12
15839881 3404
15839909 4
15839911 2009
15839927 1180
15839947 24
15839947 605
15839983 3240
15840043 165
15840059 1
15840059 1492
15840079 209
15840079 516
15840257 280
15840259 684
15840283 8772
15840367 17
15840371 1
15840371 160
15840397 63
15840499 45
15840529 396
15840563 1
15840563 333
15840653 7
15840653 12
15840673 200
15840683 1
15840751 3728
15840841 1071
15840901 8456
15840911 1
15840911 1261
15841019 1
15841019 21
15841037 4
15841097 1695
15841099 12
15841103 1
15841103 313
15841271 28
15841393 251
15841429 5900
15841577 5343
15841601 1060
15841643 1837
15841717 4668
15841741 455
15841781 388
15841811 1
15841811 16
15841811 741
15841817 15
15841817 6055
15841873 8
15841897 20
15841919 4
15841933 11
15841979 1
15841993 3
15841993 212
15841993 380
15842003 1
15842003 1192
15842051 9
15842051 64
15842051 3864
15842117 7
15842119 360
15842119 1100
15842173 528
15842213 88
15842231 1
15842273 15
15842303 1
15842341 2028
15842347 9
15842353 3
15842353 87
15842383 12
15842383 2541
15842483 196
15842551 5
15842609 51
15842611 69
15842633 1156
15842677 3
15842677 8
15842831 1
15842863 8
15842899 1820
15842947 140
15842947 2552
15842999 2424
15843059 184
15843143 1
15843197 3
15843227 277
15843427 1764
15843463 92
15843463 668
15843491 1
15843491 4065
15843517 675
15843547 125
15843593 2751
15843601 4628
15843629 175
15843731 1
15843799 905
15843809 16
15843857 2599
15844067 1813
15844151 1
15844219 24
15844243 212
15844363 93
15844553 103
15844571 1
15844571 184
15844583 36
15844637 820
15844693 11
15844757 447
15844771 5
15844771 8
15844847 12
15844903 513
15844931 1
15845017 72
15845021 40
15845033 7
15845077 63
15845119 536
15845131 21
15845149 15
15845189 172
15845237 3
15845273 595
15845279 1
15845327 760
15845399 9
15845429 31
15845443 5
15845443 12
15845507 924
15845507 1252
15845537 12
15845549 7
15845549 187
15845693 207
15845699 1
15845699 24
15845813 352
15846109 84
15846137 8319
15846163 248
15846163 3440
15846169 4539
15846263 1
15846269 7131
15846307 209
15846307 393
15846331 96
15846331 1365
15846353 3
15846407 4
15846427 1928
15846451 333
15846511 2720
15846631 9
15846647 5148
15846769 4652
15846791 1
15846823 5
15846863 1461
15846889 56
15846911 4
15846991 1449
15847067 49
15847067 1012
15847067 5509
15847099 729
15847123 20
15847123 1161
15847141 56
15847259 1
15847261 63
15847301 4
15847301 1143
15847343 1
15847357 660
15847393 2451
15847493 36
15847499 957
15847633 3
15847633 23
15847661 975
15847673 7
15847687 9
15847831 21
15847847 492
15847933 48
15847933 275
15847939 21
15848047 5
15848083 68
15848093 1635
15848159 1
15848197 23
15848207 897
15848237 612
15848243 1
15848279 1
15848317 24
15848333 3
15848377 8
15848377 440
15848473 32
15848473 5100
15848479 2861
15848513 27
15848513 135
15848627 333
15848659 20
15848659 1761
15848687 4
15848699 1
15848737 764
15848753 40
15848759 4
15848803 17
15848887 3200
15848929 7307
15848939 37
15848969 399
15849019 1472
15849023 1632
15849037 8
15849037 95
15849089 67
15849133 792
15849149 120
15849181 2223
15849191 1
15849193 371
15849227 1584
15849233 135
15849269 16
15849391 2976
15849397 24
15849451 8960
15849503 1
15849521 3
15849529 276
15849539 1
15849557 255
15849611 1
15849619 2541
15849679 9
15849707 24
15849707 105
15849731 1
15849731 9
15849733 9740
15849787 45
15849851 9
15849853 4907
15849893 1123
15849907 20
15849943 8
15849997 20
15849997 567
15850019 177
15850039 9
15850141 3
15850181 91
15850183 341
15850267 1304
15850337 12
15850337 64
15850337 2284
15850343 8533
15850357 95
15850357 348
15850403 1
15850403 72
15850463 1
15850507 2385
15850543 48
15850543 192
15850619 1
15850619 16
15850687 29
15850691 340
15850727 40
15850739 1
15850741 2040
15850799 1
15850799 216
15850829 4
15850871 1
15850903 2217
15850949 732
15850949 8352
15850993 416
15851027 9
15851027 924
15851153 3
15851279 516
15851287 6812
15851291 36
15851321 3
15851333 67
15851369 7
15851411 1
15851489 244
15851519 120
15851621 5251
15851741 16
15851783 16
15851863 5
15851923 236
15852077 19
15852097 60
15852119 21
15852173 4711
15852203 72
15852271 5
15852271 1380
15852283 896
15852443 1
15852481 36
15852493 216
15852503 196
15852503 8421
15852553 35
15852587 45
15852601 3
15852709 12
15852719 1464
15852737 279
15852757 12
15852779 132
15852869 175
15852913 8
15852971 1
15852971 4
15853091 1
15853091 4
15853157 39
15853157 360
15853199 357
15853207 180
15853219 117
15853237 35
15853261 5063
15853273 356
15853301 3
15853301 16
15853363 8
15853363 41
15853381 339
15853393 3
15853423 860
15853433 1555
15853499 1005
15853507 4520
15853577 4
15853759 1061
15853801 144
15853883 117
15853883 9768
15853909 896
15853919 9
15853963 6716
15853997 9447
15854063 28
15854063 637
15854119 12
15854147 2905
15854171 1
15854171 16
15854191 45
15854243 873
15854281 3216
15854287 8
15854317 3
15854347 1097
15854441 700
15854477 43
15854497 399
15854497 620
15854623 5
15854749 935
15854789 96
15854809 12
15854921 3931
15854963 1
15855029 400
15855029 5787
15855107 13
15855131 61
15855163 81
15855187 53
15855209 324
15855289 44
15855299 1
15855299 109
15855311 4
15855337 9275
15855341 3
15855377 3639
15855401 3
15855449 27
15855461 3304
15855473 372
15855563 12
15855571 9
15855571 9444
15855607 8
15855677 1440
15855683 81
15855743 36
15855743 2421
15855803 13
15855839 12
15855877 3
15855877 120
15855887 12
15855929 1359
15855991 176
15856003 17
15856229 16
15856259 1
15856271 144
15856369 15
15856369 3279
15856429 839
15856429 4499
15856559 3877
15856601 4
15856667 5973
15856681 8
15856693 3
15856693 540
15856751 1216
15856793 312
15856829 4
15856853 52
15856891 5280
15856931 73
15856999 396
15857003 28
15857047 12
15857047 152
15857063 1
15857137 143
15857161 111
15857161 620
15857183 5077
15857197 8
15857197 24
15857227 669
15857227 1917
15857249 31
15857273 43
15857273 120
15857357 7
15857467 152
15857467 1232
15857531 1
15857593 2111
15857641 3
15857711 253
15857767 24
15857791 8
15857917 12
15857981 3
15857981 24
15858097 152
15858119 1
15858121 35
15858137 919
15858299 141
15858373 71
15858373 2403
15858439 524
15858457 3
15858457 92
15858461 3
15858481 1416
15858511 845
15858547 812
15858581 15
15858613 23
15858629 4
15858659 1
15858803 1
15858839 465
15858859 24
15858877 15
15858889 15
15858889 1400
15858961 120
15858989 87
15859033 63
15859033 252
15859043 2157
15859049 187
15859049 336
15859061 19
15859097 4
15859133 55
15859133 9400
15859223 88
15859229 12
15859237 188
15859247 505
15859267 1064
15859267 2208
15859309 24
15859309 431
15859423 72
15859463 1
15859499 4
15859513 36
15859517 303
15859559 1
15859639 5960
15859687 5
15859687 12
15859687 84
15859751 2476
15859799 16
15859847 4
15859957 12
15859957 224
15859973 3
15859981 3
15859993 503
15860017 15
15860057 748
15860171 1044
15860219 1
15860233 3
15860323 5172
15860381 484
15860401 11
15860617 992
15860657 15
15860797 63
15860797 1043
15860857 84
15860927 40
15860951 1
15860951 25
15860963 1
15860981 283
15860989 8192
15861059 285
15861089 600
15861163 21
15861203 48
15861203 316
15861277 12
15861277 783
15861277 2127
15861299 1
15861317 4
15861317 48
15861337 8
15861397 3
15861401 199
15861437 15
15861437 1263
15861473 607
15861481 71
15861481 2931
15861481 3264
15861569 1116
15861583 12
15861719 9
15861761 24
15861761 2095
15861803 1
15861841 8
15861899 1
15861899 3976
15861913 123
15861961 1371
15862009 1827
15862069 1632
15862109 4
15862117 384
15862117 827
15862153 9396
15862261 2820
15862277 12
15862277 219
15862289 672
15862339 5
15862361 148
15862409 711
15862417 3
15862597 15
15862631 1
15862633 908
15862753 2616
15862807 17
15862813 4800
15862823 105
15862901 279
15862933 11
15862961 3
15863101 3
15863117 399
15863129 456
15863129 2247
15863213 312
15863257 60
15863273 855
15863311 4433
15863333 996
15863369 400
15863401 20
15863473 6351
15863501 3
15863521 9120
15863591 1
15863621 60
15863623 297
15863663 33
15863711 181
15863789 31
15863891 13
15863891 660
15863977 44
15864029 96
15864133 3788
15864197 3
15864223 8
15864241 8
15864263 1
15864283 128
15864313 51
15864419 492
15864473 2248
15864599 1
15864617 583
15864631 5
15864643 4356
15864731 13
15864851 28
15864851 36
15864853 3
15864911 1
15864929 292
15864929 324
15864931 6413
15864973 56
15864973 9087
15864977 4
15864983 3892
15865037 5115
15865049 4
15865079 24
15865093 3
15865111 7853
15865217 19
15865217 1579
15865219 5
15865219 1584
15865219 3884
15865243 57
15865259 1
15865357 359
15865387 884
15865441 1880
15865511 1
15865517 27
15865543 396
15865567 3137
15865571 1
15865651 24
15865739 4
15865757 28
15865771 5
15865783 6233
15865909 264
15865937 63
15865937 1272
15866267 169
15866267 3468
15866351 1
15866351 633
15866437 215
15866633 27
15866657 3
15866689 1016
15866701 7056
15866731 20
15866759 3820
15866789 7
15866863 1980
15866897 3
15867101 19
15867127 248
15867157 35
15867157 140
15867157 180
15867179 45
15867317 19
15867367 2093
15867373 180
15867431 16
15867547 992
15867557 3
15867563 40
15867569 16
15867571 108
15867653 2235
15867667 5
15867671 1
15867671 16
15867743 12
15867743 721
15867773 343
15867821 3
15867883 5
15867941 3
15867947 88
15867967 33
15868033 1391
15868043 1
15868049 7
15868049 352
15868049 667
15868103 108
15868199 532
15868199 8241
15868217 4
15868217 3523
15868261 3
15868277 3
15868277 4
15868277 319
15868291 20
15868427 1449
15868441 15
15868511 76
15868577 3
15868607 9
15868639 1476
15868669 120
15868679 1
15868691 1
15868693 1271
15868757 3
15868823 1
15869129 172
15869129 516
15869131 8
15869141 2196
15869159 1
15869197 12
15869197 852
15869197 3624
15869257 455
15869291 21
15869291 24
15869309 7
15869429 3996
15869431 141
15869459 1176
15869479 1637
15869507 4
15869591 2460
15869621 664
15869677 123
15869719 5
15869743 7832
15869767 5597
15869801 3
15869831 1516
15869897 180
15869897 324
15869933 28
15869947 1668
15869963 1
15869983 161
15870079 20
15870097 32
15870131 1
15870143 1
15870191 141
15870229 11
15870247 53
15870271 1136
15870277 20
15870331 1904
15870383 1
15870383 12
15870493 11
15870497 84
15870523 5
15870557 4
15870557 12
15870557 3208
15870581 3
15870611 189
15870611 6633
15870637 3
15870683 1680
15870689 5652
15870703 456
15870779 12
15870839 12
15870937 179
15870971 4
15870983 973
15870991 2244
15870991 5753
15871073 55
15871073 2395
15871123 1053
15871181 208
15871231 168
15871231 4689
15871249 171
15871253 12
15871423 92
15871447 548
15871511 1060
15871561 1676
15871607 1909
15871627 1085
15871673 40
15871711 81
15871871 9
15871949 9211
15871957 1112
15872023 20
15872027 5668
15872111 40
15872111 4629
15872123 1
15872159 1
15872167 209
15872183 1
15872243 1
15872249 4
15872459 1
15872569 615
15872629 47
15872639 1
15872687 4
15872687 645
15872833 2735
15872833 4056
15873007 20
15873031 21
15873089 100
15873101 15
15873173 1636
15873181 3
15873241 3
15873323 12
15873337 2775
15873373 192
15873397 708
15873443 1
15873467 252
15873499 17
15873551 2356
15873647 240
15873653 7
15873709 216
15873727 2277
15873839 1
15873877 8
15873877 407
15874169 12
15874169 1140
15874171 789
15874193 36
15874207 5937
15874283 1
15874499 4
15874501 3
15874553 3
15874657 819
15874681 483
15874757 52
15874867 1805
15874897 3
15874921 80
15874987 917
15875003 37
15875017 144
15875017 912
15875021 16
15875021 660
15875053 3
15875137 143
15875137 4292
15875177 1108
15875291 1
15875291 7993
15875333 15
15875357 103
15875357 5035
15875411 28
15875417 63
15875459 5841
15875477 7
15875477 2892
15875609 79
15875663 1
15875663 12
15875737 543
15875803 7497
15875837 19
15875837 363
15875837 9099
15875861 519
15875863 137
15875903 1
15875917 540
15875929 1671
15875939 1
15875941 96
15876023 1
15876041 28
15876041 1231
15876059 481
15876059 6421
15876149 4575
15876269 312
15876337 155
15876337 443
15876431 1
15876431 948
15876451 45
15876451 180
15876461 63
15876473 228
15876563 13
15876671 1
15876713 12
15876713 112
15876769 44
15876869 520
15876871 5
15876943 512
15876967 317
15877109 4
15877111 8
15877193 3
15877229 4
15877229 31
15877229 1831
15877289 1771
15877289 3264
15877307 124
15877327 8
15877387 2552
15877391 1
15877441 7884
15877481 3
15877481 196
15877523 21
15877583 85
15877591 3000
15877633 32
15877633 116
15877691 4
15877723 20
15877723 32
15877747 8
15877753 11
15877811 1
15877811 1396
15877951 24
15877991 4
15877991 489
15877997 2428
15878033 7
15878077 287
15878141 3
15878179 41
15878183 1
15878279 1
15878287 8
15878353 152
15878477 2323
15878501 903
15878507 25
15878519 1
15878557 3
15878581 1131
15878617 24
15878627 97
15878627 300
15878657 4608
15878701 3356
15878777 3
15878783 1
15878783 148
15878827 5
15878827 1485
15878839 605
15878953 147
15878977 500
15878977 539
15879023 1
15879023 100
15879043 21
15879049 4035
15879163 1392
15879233 111
15879233 483
15879271 81
15879289 3036
15879313 20
15879313 80
15879313 575
15879323 1485
15879323 2013
15879359 1
15879433 6167
15879439 24
15879463 300
15879463 3372
15879491 4633
15879517 248
15879541 15
15879583 6312
15879593 228
15879601 6395
15879653 5091
15879659 1
15879707 4
15879707 12
15879769 12
15879811 665
15879889 231
15879911 1
15880037 39
15880093 495
15880099 12
15880121 3
15880121 39
15880169 15
15880169 91
15880169 4620
15880303 57
15880349 36
15880351 648
15880369 20
15880391 1
15880391 36
15880421 2536
15880471 441
15880507 17
15880517 900
15880577 19
15880597 3
15880597 12
15880607 100
15880609 4619
15880673 192
15880691 1
15880721 3
15880721 2343
15880723 20
15880727 4
15880727 25
15880757 6955
15880819 9
15880819 96
15880831 720
15880831 4788
15880913 112
15880933 651
15880933 1907
15880993 7167
15881023 12
15881039 16
15881039 460
15881101 183
15881197 3488
15881323 116
15881353 4308
15881471 1045
15881501 24
15881597 3
15881597 1872
15881651 13
15881653 35
15881693 3
15881869 536
15882023 12
15882077 672
15882221 3
15882359 100
15882359 1861
15882413 1152
15882479 4
15882511 3500
15882599 1
15882619 3984
15882619 8780
15882637 95
15882637 107
15882653 3
15882653 1216
15882767 12
15882773 87
15882791 1
15882799 45
15882961 495
15882983 2388
15882989 4
15882991 365
15882991 1100
15883051 44
15883177 15
15883201 3
15883319 1
15883333 3
15883349 495
15883379 160
15883381 1356
15883499 4600
15883541 15
15883577 3
15883597 8
15883771 9
15883781 4
15883783 777
15883789 15
15883789 159
15883789 5435
15883801 440
15883837 3
15883853 475
15884023 57
15884051 1
15884051 741
15884101 2939
15884107 5
15884107 60
15884111 1168
15884111 3609
15884117 39
15884147 1953
15884201 3
15884203 3912
15884213 31
15884249 2419
15884327 4
15884327 7305
15884357 1843
15884387 40
15884387 793
15884419 12
15884419 756
15884459 25
15884483 1
15884521 23
15884537 15
15884591 1
15884591 9349
15884611 9345
15884633 3
15884641 3
15884707 5
15884707 6557
15884849 111
15884993 43
15885053 228
15885137 7
15885137 39
15885217 8
15885407 252
15885413 220
15885503 1
15885503 3741
15885563 1
15885601 56
15885641 115
15885679 57
15885719 16
15885761 175
15885763 5
15885799 24
15885799 125
15885889 1092
15885929 1560
15886001 43
15886019 25
15886081 771
15886097 24
15886097 8287
15886103 1
15886111 245
15886133 7
15886139 769
15886151 48
15886237 7788
15886259 945
15886267 20
15886301 4
15886363 5121
15886373 2775
15886421 15
15886567 144
15886609 411
15886627 9
15886631 2656
15886667 3513
15886709 99
15886769 220
15886847 4
15886847 64
15887111 4
15887111 189
15887239 9
15887239 1260
15887243 936
15887257 1707
15887317 7592
15887323 968
15887329 11
15887329 647
15887351 1
15887351 1608
15887353 35
15887359 36
15887359 1344
15887387 4
15887437 659
15887437 5748
15887489 6411
15887609 4
15887693 7
15887699 1
15887699 36
15887701 603
15887701 840
15887747 4
15887747 37
15887771 4
15887899 801
15888001 11
15888031 5
15888077 220
15888079 105
15888091 4008
15888211 5
15888211 236
15888289 372
15888311 1
15888437 207
15888449 7
15888449 75
15888449 955
15888463 56
15888479 1
15888611 4
15888611 25
15888701 3
15888713 2211
15888841 4739
15888841 7160
15888949 272
15889091 1
15889091 721
15889103 13
15889109 1252
15889127 300
15889309 15
15889417 3
15889417 47
15889457 175
15889469 7
15889487 460
15889537 3
15889571 225
15889609 11
15889609 219
15889669 60
15889717 120
15889723 12
15889843 365
15889879 1109
15889889 27
15889889 60
15889891 453
15889943 1
15890029 152
15890047 48
15890123 240
15890141 4
15890201 763
15890299 4205
15890351 1
15890351 5761
15890387 24
15890489 16
15890489 475
15890491 8
15890491 4509
15890509 12
15890527 29
15890617 12
15890629 15
15890629 1104
15890687 9
15890689 12
15890689 1260
15890689 1311
15890759 4
15890759 349
15890759 3681
15890839 2997
15890939 1
15890981 63
15890981 123
15890989 524
15891013 3
15891047 4
15891059 1
15891179 4
15891181 171
15891181 659
15891181 9471
15891233 2707
15891329 19
15891329 27
15891329 36
15891329 115
15891329 5400
15891373 1827
15891377 19
15891503 316
15891509 99
15891647 597
15891671 1
15891671 349
15891703 5573
15891763 5
15891901 3
15891917 7
15891947 4
15891959 1
15891959 264
15891977 3904
15892007 1905
15892013 108
15892067 9
15892159 9
15892169 1011
15892223 73
15892223 621
15892237 248
15892361 4
15892369 6932
15892441 3
15892453 3
15892519 189
15892519 1092
15892523 577
15892529 16
15892529 111
15892661 79
15892673 3
15892693 15
15892693 276
15892769 1155
15892777 27
15892831 9293
15892837 24
15892861 15
15892861 4599
15892937 3
15892937 24
15892937 5635
15893021 3
15893021 9331
15893029 12
15893029 335
15893039 817
15893047 9
15893099 1
15893219 336
15893237 19
15893237 888
15893309 2127
15893333 1236
15893347 3009
15893431 8028
15893467 8
15893467 45
15893509 80
15893543 97
15893797 3
15893893 203
15893993 76
15894083 1
15894097 27
15894119 625
15894181 63
15894181 864
15894211 1289
15894253 876
15894257 4
15894457 3
15894491 1
15894503 1
15894547 5
15894553 1572
15894731 1
15894751 1833
15894803 1
15894943 188
15894973 3
15894973 128
15894973 7320
15895097 4
15895097 15
15895097 55
15895127 4
15895127 508
15895169 24
15895183 72
15895207 192
15895349 4
15895513 3
15895513 8
15895547 12
15895547 52
15895559 1
15895679 4
15895679 37
15895717 3
15895717 75
15895753 2676
15895843 108
15895861 3
15895879 324
15895879 5364
15895907 145
15895931 1
15895991 1
15896053 3
15896183 1
15896191 5
15896267 9
15896281 4224
15896323 4313
15896327 208
15896351 3264
15896359 104
15896359 1004
15896401 3
15896527 812
15896659 24
15896677 80
15896681 19
15896737 1035
15896737 3212
15896849 91
15896983 5
15896999 1
15897043 281
15897103 17
15897187 5
15897187 92
15897199 5
15897199 249
15897221 64
15897247 32
15897331 168
15897391 1424
15897521 111
15897593 3
15897613 3
15897649 1127
15897667 240
15897697 3
15897697 15
15897719 57
15897859 20
15897863 340
15897943 245
15898019 564
15898067 9
15898067 285
15898237 5783
15898273 663
15898273 792
15898303 33
15898331 1
15898343 13
15898373 16
15898387 405
15898411 8
15898457 187
15898481 2044
15898481 4116
15898537 3
15898541 3588
15898579 117
15898579 5937
15898637 3
15898651 3341
15898661 28
15898793 460
15898867 6933
15898879 20
15898921 164
15899017 3980
15899041 11
15899053 8
15899069 960
15899203 2268
15899269 20
15899347 204
15899423 1
15899501 3
15899501 823
15899519 1
15899519 5572
15899519 9577
15899671 201
15899671 248
15899701 183
15899747 9
15899749 132
15899773 9272
15899791 2904
15899881 3063
15899929 11
15899957 252
15899987 277
15899987 468
15900013 1776
15900029 12
15900037 20
15900119 1
15900133 6276
15900167 5124
15900173 1155
15900211 153
15900221 36
15900233 568
15900293 3
15900301 11
15900301 44
15900449 91
15900499 1401
15900503 93
15900503 873
15900517 23
15900539 4
15900611 1
15900623 1
15900629 115
15900667 428
15900719 1
15900719 36
15900719 1221
15900959 105
15900991 89
15901051 4836
15901129 36
15901129 279
15901147 48
15901147 924
15901213 75
15901229 6340
15901283 1
15901313 195
15901313 411
15901321 228
15901337 3
15901433 7
15901439 25
15901439 232
15901451 4548
15901489 396
15901519 5
15901519 1101
15901519 1901
15901553 163
15901609 24
15901687 128
15901687 1113
15901733 363
15901733 6175
15901811 1
15901813 8972
15901867 17
15901867 2204
15901871 121
15901909 267
15901909 696
15901927 2673
15901939 140
15902129 4
15902167 9
15902197 3
15902203 288
15902213 1152
15902231 1
15902251 21
15902261 163
15902261 856
15902281 24
15902291 1
15902347 5
15902347 69
15902357 7
15902357 24
15902357 1875
15902401 11
15902459 1
15902459 1344
15902503 317
15902657 1023
15902657 5812
15902723 1
15902723 856
15902743 233
15902797 15
15902807 4
15902893 687
15902917 23
15902947 113
15902951 76
15902951 673
15902951 2245
15902963 1
15902989 12
15903071 1
15903073 11
15903073 2532
15903079 156
15903091 236
15903101 3
15903191 6696
15903311 1
15903337 647
15903463 120
15903467 328
15903467 8884
15903473 987
15903659 1
15903659 37
15903661 1740
15903739 801
15903809 712
15903827 9
15903827 120
15903913 836
15903989 4
15903989 39
15904079 1
15904079 7092
15904199 61
15904253 7
15904261 1379
15904297 3
15904303 48
15904327 53
15904327 1620
15904363 5
15904363 17
15904439 4
15904439 2572
15904541 111
15904549 2691
15904589 55
15904633 32
15904633 251
15904649 15
15904657 63
15904667 9
15904697 168
15904787 4
15904793 375
15904907 37
15904907 388
15904943 1
15904943 97
15905003 1
15905017 48
15905017 3707
15905159 1
15905159 4
15905159 9
15905159 732
15905243 1
15905273 496
15905297 7
15905297 259
15905359 144
15905423 1
15905423 697
15905441 1380
15905453 28
15905467 5364
15905471 1
15905471 133
15905521 695
15905531 129
15905587 24
15905611 4353
15905731 548
15905731 828
15905753 2632
15905797 3
15905797 8
15905843 1
15905959 12
15905969 196
15906083 1
15906083 12
15906089 259
15906127 5
15906229 159
15906229 1476
15906301 3
15906311 21
15906311 96
15906329 15
15906353 7
15906377 2787
15906383 145
15906433 3
15906433 71
15906463 72
15906463 672
15906469 4359
15906521 1363
15906563 33
15906563 81
15906691 104
15906691 1008
15906691 4241
15906719 9
15906719 145
15906719 6816
15906721 3
15906733 3
15906763 5
15906763 165
15906851 1
15906851 36
15906859 17
15906859 2961
15906899 1
15906907 8
15906907 92
15906953 3
15906977 24
15906991 48
15907043 7045
15907069 279
15907093 8
15907117 227
15907169 4
15907169 84
15907273 576
15907301 39
15907343 2901
15907439 1
15907603 521
15907657 9308
15907673 8887
15907729 2012
15907751 1
15907751 9165
15907783 317
15907783 1076
15907799 357
15907823 25
15907981 404
15908033 2680
15908033 3640
15908063 1657
15908093 1987
15908131 128
15908131 393
15908257 15
15908257 92
15908273 3
15908273 868
15908281 8
15908281 11
15908293 1851
15908297 27
15908317 8
15908329 707
15908353 3
15908353 8
15908393 1192
15908423 1
15908449 44
15908461 15
15908461 3480
15908489 4
15908489 36
15908507 9
15908531 1
15908531 13
15908531 853
15908603 1
15908647 69
15908687 12
15908699 141
15908723 165
15908773 3
15908773 183
15908773 216
15908969 2136
15908989 224
15908989 1512
15908989 4515
15909053 3
15909211 7433
15909287 4
15909379 837
15909427 1409
15909457 3
15909457 1415
15909463 4353
15909521 8008
15909533 447
15909563 1
15909581 115
15909643 5360
15909643 8645
15909653 7
15909703 725
15909743 6828
15909757 8960
15909781 3
15909793 35
15909853 9492
15909857 1887
15909877 3
15909877 308
15910001 3
15910199 9
15910211 1
15910211 105
15910303 56
15910327 17
15910397 28
15910397 40
15910399 29
15910451 4
15910459 197
15910459 540
15910507 284
15910529 7
15910541 19
15910553 483
15910649 4327
15910651 4361
15910663 20
15910663 1445
15910757 7
15910841 4
15910841 2815
15910883 1305
15910987 1589
15911033 3
15911143 5
15911209 1692
15911249 544
15911353 251
15911387 4
15911393 76
15911527 324
15911563 72
15911579 1
15911603 13
15911639 4
15911647 5
15911663 85
15911717 3
15911717 520
15911717 2280
15911723 1
15911743 20
15911771 4
15911839 605
15911867 253
15912011 1333
15912203 100
15912209 399
15912293 6508
15912371 1
15912373 1815
15912419 189
15912419 1221
15912427 632
15912569 4
15912587 64
15912599 7392
15912751 104
15912763 48
15912811 161
15912829 51
15912839 217
15912863 1
15912907 2405
15912913 120
15913021 15
15913061 5791
15913081 56
15913109 4
15913193 36
15913291 41
15913501 11
15913511 144
15913511 645
15913519 237
15913531 5
15913531 33
15913531 44
15913549 156
15913643 1
15913753 1263
15913759 44
15913763 21
15913829 7
15913841 820
15913957 75
15913993 75
15914071 56
15914123 196
15914131 81
15914161 3
15914231 28
15914291 1
15914291 3865
15914369 360
15914383 2048
15914449 5607
15914449 5799
15914513 12
15914513 52
15914593 567
15914603 1
15914603 120
15914729 936
15914959 36
15914959 8432
15914963 1
15914993 1987
15915023 1
15915041 9943
15915047 64
15915047 1573
15915131 21
15915227 12
15915299 1
15915301 3
15915313 7335
15915323 136
15915323 2196
15915377 1383
15915397 1440
15915443 9612
15915491 1
15915491 301
15915539 2361
15915631 5
15915671 1
15915671 4
15915709 5796
15915709 8960
15915721 543
15915797 3
15915829 35
15915833 7
15915871 225
15916013 1491
15916039 1652
15916067 2785
15916169 1180
15916171 416
15916177 35
15916291 4145
15916297 332
15916349 4824
15916421 60
15916427 4
15916469 300
15916541 135
15916541 520
15916657 195
15916871 1
15917063 796
15917093 3
15917093 3888
15917249 195
15917339 1
15917347 5
15917347 173
15917371 2693
15917381 60
15917441 39
15917441 48
15917533 11
15917533 380
15917579 1
15917773 176
15917879 1
15917879 624
15917879 7404
15917969 12
15918043 93
15918173 43
15918233 3
15918293 7
15918311 60
15918541 4815
15918559 6249
15918659 1
15918673 4608
15918719 1
15918719 4
15918761 4
15918911 1
15918911 40
15918971 13
15918977 1768
15919019 49
15919031 1
15919049 7
15919063 5
15919081 396
15919097 3
15919097 15
15919103 1
15919117 3
15919117 215
15919121 4
15919121 5080
15919199 16
15919201 1740
15919307 312
15919391 1
15919441 20
15919591 8
15919613 427
15919619 1
15919639 144
15919639 609
15919711 5
15919733 3
15919759 92
15919763 28
15919861 3
15919873 120
15919877 1995
15919903 8
15919961 36
15919961 219
15919999 2360
15920033 31
15920039 1
15920077 32
15920083 8
15920123 13
15920129 4
15920173 251
15920189 4
15920353 48
15920413 8
15920491 168
15920491 176
15920539 32
15920557 84
15920581 3
15920581 456
15920609 2287
15920627 153
15920659 20
15920819 1
15920819 669
15920837 28
15920837 6220
15920843 21
15920873 2191
15920923 8300
15920929 59
15920951 1
15920999 1476
15921013 72
15921067 3920
15921119 697
15921119 9840
15921131 1
15921133 3
15921133 471
15921173 3
15921349 207
15921397 107
15921397 2855
15921421 35
15921443 2301
15921461 1939
15921611 1
15921611 124
15921623 5017
15921713 732
15921743 13
15921749 16
15921761 3408
15921769 56
15921769 1736
15921779 9
15921853 23
15921853 32
15921937 24
15922001 3
15922001 4
15922001 519
15922021 3099
15922031 1
15922079 1
15922157 147
15922177 104
15922223 1
15922241 3
15922253 75
15922253 9255
15922261 35
15922297 8
15922351 1568
15922369 347
15922411 93
15922457 103
15922481 63
15922481 280
15922547 168
15922559 1
15922583 2841
15922619 21
15922649 292
15922649 811
15922721 4
15922759 444
15922807 5
15922811 1
15922847 444
15922859 1
15922859 4
15922961 1651
15923009 12
15923009 219
15923009 1699
15923137 20
15923137 4115
15923137 4539
15923179 17
15923353 447
15923359 345
15923363 37
15923377 119
15923489 60
15923497 1224
15923497 3179
15923519 12
15923533 228
15923651 1
15923819 49
15923819 3741
15923821 948
15923833 51
15923857 3
15923857 12
15923909 139
15923953 572
15923983 32
15924017 7
15924017 180
15924089 159
15924107 3433
15924143 1
15924169 5211
15924187 17
15924217 188
15924239 289
15924281 4
15924289 5399
15924341 55
15924343 188
15924371 1
15924383 28
15924437 64
15924479 37
15924479 1417
15924553 3060
15924589 195
15924593 27
15924637 608
15924659 69
15924659 4017
15924737 112
15924787 5085
15924833 15
15924863 21
15924863 81
15924919 1797
15924941 15
15924943 80
15925027 20
15925043 1
15925043 16
15925051 1044
15925051 2180
15925111 1080
15925153 3
15925159 56
15925213 11
15925213 2168
15925267 368
15925411 2388
15925463 1
15925543 105
15925619 4104
15925627 12
15925703 541
15925703 3532
15925711 8
15925733 231
15925739 81
15925759 5
15925759 905
15925883 1
15925969 72
15925969 731
15926041 24
15926087 3208
15926177 448
15926227 17
15926227 228
15926231 1
15926231 61
15926291 9
15926299 3932
15926411 4
15926411 6504
15926413 575
15926453 795
15926531 2853
15926627 772
15926723 1
15926789 1731
15926789 7215
15926797 3
15926861 63
15926891 25
15926951 4
15926951 976
15927029 316
15927047 613
15927047 9960
15927053 2935
15927091 21
15927091 45
15927097 15
15927133 375
15927151 48
15927167 4
15927239 1
15927259 80
15927287 4
15927337 3
15927341 3
15927479 2764
15927479 3460
15927503 1
15927503 280
15927601 3
15927731 1
15927733 51
15927763 956
15927809 36
15927809 907
15927839 1
15927841 8
15927907 188
15927911 1
15927973 3
15928001 2983
15928067 12
15928091 45
15928261 48
15928313 60
15928387 4065
15928399 96
15928607 24
15928607 5349
15928681 2420
15928687 260
15928729 11
15928729 15
15928751 1
15928751 276
15928789 155
15928837 15
15928873 3
15928873 8
15928937 3
15928937 7
15928937 40
15928937 252
15928943 1
15928987 152
15929093 535
15929101 384
15929159 1
15929159 460
15929191 21
15929219 1
15929219 360
15929273 3
15929273 87
15929281 180
15929327 793
15929371 9
15929371 2769
15929383 125
15929519 1
15929579 4
15929699 141
15929713 3
15929783 1
15929783 37
15929789 16
15929807 300
15929887 8
15929891 1
15929929 644
15929933 3
15929971 5
15930029 4
15930043 81
15930073 560
15930097 3563
15930143 1
15930143 13
15930163 60
15930163 333
15930221 168
15930287 49
15930301 156
15930433 2840
15930491 124
15930491 961
15930539 1
15930557 3
15930589 116
15930613 6083
15930637 207
15930667 149
15930671 33
15930689 55
15930713 483
15930787 1068
15930877 1284
15930917 1260
15930961 3
15930997 384
15930997 935
15931021 56
15931031 4
15931031 621
15931037 4
15931043 1
15931049 1096
15931067 2385
15931093 416
15931141 11
15931171 396
15931339 5
15931339 1844
15931351 2828
15931453 2940
15931463 1
15931529 1131
15931579 1125
15931667 8652
15931679 121
15931733 1888
15931753 20
15931753 47
15931931 1
15931943 492
15932011 756
15932017 2012
15932039 177
15932053 4712
15932129 72
15932249 19
15932251 21
15932291 1
15932297 1684
15932299 1464
15932359 17
15932363 1
15932363 120
15932369 7
15932369 1056
15932443 293
15932443 2060
15932699 84
15932699 220
15932711 1
15932717 55
15932731 21
15932753 36
15932771 1
15932789 96
15932863 2565
15932879 12
15932947 7049
15932989 24
15932989 147
15933013 3471
15933079 221
15933107 4732
15933161 3
15933193 11
15933217 3
15933217 72
15933257 8647
15933277 63
15933299 1
15933299 25
15933299 49
15933367 4980
15933391 21
15933469 9632
15933583 221
15933623 9861
15933649 11
15933649 1760
15933703 2417
15933833 72
15933839 4
15933859 36
15933941 1515
15933959 1
15933977 3
15934001 280
15934003 32
15934003 41
15934111 113
15934159 1677
15934169 100
15934223 21
15934271 9
15934283 676
15934327 2313
15934343 3757
15934351 201
15934433 40
15934463 1
15934489 3419
15934571 1
15934571 336
15934733 171
15934733 672
15934757 3
15934757 4980
15934777 512
15934777 5832
15934801 11
15934903 17
15934909 36
15935039 9
15935093 7
15935093 4056
15935141 3
15935141 115
15935191 9
15935207 144
15935267 33
15935317 567
15935383 345
15935399 1
15935411 1
15935417 4
15935551 2228
15935653 140
15935653 240
15935663 1
15935693 1711
15935729 36
15935741 7179
15935747 1225
15935861 3
15935893 128
15935947 8
15935981 420
15935989 447
15936023 1405
15936103 8
15936131 348
15936253 8
15936377 7
15936377 39
15936391 9
15936407 177
15936461 220
15936733 368
15936757 224
15936853 395
15936857 2368
15936911 520
15936911 628
15936911 1521
15936919 24
15936919 3192
15936931 5
15936931 56
15936959 445
15936997 708
15937057 3
15937169 415
15937253 16
15937307 4
15937331 1
15937403 1
15937451 1
15937489 104
15937489 1427
15937489 8100
15937513 408
15937553 1872
15937631 4816
15937667 24
15937679 1
15937693 3
15937693 23
15937739 1
15937927 8
15937927 512
15937931 325
15937997 15
15938003 12
15938099 9
15938113 3
15938147 4
15938159 8181
15938183 72
15938183 81
15938183 196
15938183 7368
15938191 24
15938227 44
15938227 245
15938233 11
15938257 192
15938269 51
15938281 35
15938291 1
15938291 64
15938291 1984
15938393 7
15938413 1383
15938441 159
15938449 8252
15938501 4
15938501 28
15938521 11
15938521 1316
15938543 61
15938543 2925
15938567 28
15938581 315
15938633 28
15938651 1
15938677 3
15938723 4188
15938753 3
15938837 99
15938851 1776
15938887 5
15938927 25
15938927 8920
15938933 16
15938963 1
15938963 21
15938963 57
15938999 1
15939019 7056
15939083 297
15939191 648
15939221 15
15939257 3
15939377 3
15939433 723
15939449 60
15939457 23
15939463 860
15939503 52
15939503 313
15939527 45
15939551 1
15939587 24
15939587 637
15939601 15
15939601 59
15939629 12
15939631 93
15939881 3
15939881 75
15939919 20
15939919 116
15939929 4
15940019 336
15940073 172
15940153 5807
15940163 1
15940187 649
15940201 696
15940241 435
15940273 3
15940313 28
15940319 109
15940319 280
15940321 83
15940559 1
15940591 540
15940597 39
15940637 19
15940723 8
15940751 1
15940751 153
15940787 52
15940877 4
15940889 520
15940921 3
15940957 23
15940961 4
15940963 41
15940973 40
15940993 3
15941041 8235
15941113 8
15941129 3031
15941129 6256
15941267 2449
15941381 3408
15941509 2127
15941509 3135
15941587 60
15941603 1
15941617 7415
15941633 328
15941687 12
15941687 280
15941773 428
15941773 2135
15941819 1
15941879 2029
15941917 759
15942023 436
15942053 40
15942133 12
15942163 4856
15942169 3339
15942229 2759
15942281 1788
15942343 57
15942359 1
15942359 1356
15942371 24
15942403 585
15942461 19
15942571 36
15942607 7352
15942733 27
15942781 39
15942859 2576
15942869 7
15942977 15
15943003 992
15943019 1
15943073 27
15943079 1
15943183 297
15943259 4
15943313 12
15943313 340
15943313 652
15943379 1
15943379 4
15943379 481
15943379 1744
15943463 1
15943469 51
15943471 164
15943561 588
15943561 2595
15943783 53
15943877 64
15943877 9828
15943901 48
15943901 60
15943913 12
15943933 3
15943969 504
15944111 1
15944143 8
15944167 593
15944179 44
15944209 12
15944209 39
15944231 1
15944339 1
15944347 17
15944347 48
15944381 864
15944387 3189
15944417 3139
15944479 2981
15944483 81
15944507 8977
15944527 5
15944527 1445
15944557 12
15944603 21
15944603 172
15944627 72
15944741 1356
15944813 5515
15944843 1
15944843 33
15944897 7908
15945001 8
15945037 1715
15945053 27
15945053 48
15945089 15
15945089 7555
15945179 8284
15945197 3
15945197 28
15945271 540
15945287 3649
15945289 2916
15945373 20
15945373 852
15945373 5915
15945491 505
15945493 3
15945493 1107
15945511 9
15945511 821
15945511 1841
15945623 1
15945637 740
15945641 3
15945659 21
15945817 215
15945851 1
15945859 44
15945859 56
15945859 132
15945859 212
15945869 31
15945971 1
15945973 15
15946009 147
15946013 7
15946037 27
15946081 60
15946109 87
15946241 1075
15946279 864
15946303 480
15946303 2661
15946303 3440
15946349 5719
15946379 1
15946423 368
15946439 1
15946439 21
15946577 2935
15946661 3
15946687 3492
15946759 9
15946759 137
15946787 13
15946787 24
15946787 2845
15946817 544
15946883 12
15946919 120
15946939 5
15947159 9
15947179 440
15947227 8
15947227 57
15947231 1
15947231 769
15947317 272
15947317 1575
15947339 4
15947341 3
15947341 1136
15947389 11
15947461 251
15947471 1
15947587 5
15947689 11
15947699 1
15947699 40
15947747 12
15947923 200
15948103 240
15948161 39
15948209 4
15948209 39
15948271 5
15948271 116
15948287 25
15948299 696
15948319 8172
15948337 2579
15948371 133
15948403 221
15948563 1
15948563 13
15948563 861
15948661 896
15948727 5
15948781 3
15948781 144
15948781 608
15948883 20
15948899 1
15948899 49
15949033 3936
15949033 5135
15949049 7315
15949181 48
15949201 35
15949201 168
15949201 2880
15949211 1
15949211 28
15949211 280
15949229 7
15949249 3000
15949261 2736
15949273 8
15949289 667
15949337 1548
15949357 8
15949463 652
15949471 5
15949499 2304
15949501 960
15949523 1
15949523 37
15949561 59
15949589 124
15949657 159
15949673 63
15949679 1
15949691 1
15949771 5
15949793 7
15949831 9
15949831 60
15949867 48
15949877 63
15949963 32
15949993 803
15949993 936
15950009 55
15950059 500
15950113 4503
15950159 4
15950239 29
15950243 2917
15950279 1
15950287 33
15950449 39
15950453 567
15950479 12
15950497 20
15950507 5928
15950567 12
15950629 839
15950713 567
15950713 576
15950731 68
15950821 683
15950849 372
15950867 477
15950887 2445
15950903 13
15950903 73
15950989 12
15950993 3700
15950999 1
15951059 1
15951079 156
15951079 437
15951211 20
15951347 13
15951437 3372
15951461 4
15951461 211
15951503 37
15951541 35
15951547 509
15951547 525
15951629 79
15951631 956
15951631 3024
15951647 228
15951647 892
15951679 3696
15951721 939
15951721 1319
15951787 7680
15951841 39
15951863 1
15951961 1940
15951973 8
15951973 548
15952147 225
15952169 4
15952169 3900
15952177 335
15952207 5
15952213 12
15952213 423
15952219 8381
15952241 2403
15952283 1
15952297 15
15952483 5
15952483 3365
15952583 133
15952711 24
15952733 283
15952819 177
15952847 28
15952861 123
15952897 35
15952931 9
15952943 37
15952943 5925
15953029 27
15953033 7
15953087 352
15953111 9556
15953173 648
15953221 1124
15953291 1024
15953321 15
15953501 4
15953527 17
15953669 751
15953831 48
15953893 123
15953897 7
15953897 303
15953929 84
15953957 3787
15953981 4
15953999 1
15954079 29
15954079 177
15954101 48
15954137 7123
15954139 21
15954199 2256
15954217 104
15954217 4887
15954227 7552
15954331 9
15954401 256
15954451 1605
15954539 36
15954569 172
15954647 4
15954671 1
15954671 4
15954773 55
15954779 60
15954779 2977
15954937 8
15954947 364
15954989 27
15955019 4
15955063 8
15955139 1
15955151 1
15955151 13
15955171 165
15955213 1308
15955267 20
15955319 1
15955319 477
15955363 917
15955441 8
15955463 36
15955517 7915
15955553 7
15955553 12
15955591 8
15955619 1
15955631 1
15955987 5
15956141 3
15956159 1
15956159 256
15956299 149
15956393 103
15956431 1848
15956431 4668
15956459 4
15956461 716
15956581 9464
15956639 1
15956639 976
15956651 4
15956663 1
15956797 12
15956861 4
15956867 6580
15956947 5
15956947 17
15956947 1052
15956951 4
15956951 81
15956957 87
15957013 35
15957031 9
15957041 3
15957059 1
15957079 477
15957089 51
15957113 72
15957181 8
15957251 1
15957301 444
15957379 117
15957379 149
15957451 5
15957517 3
15957517 20
15957551 2781
15957563 765
15957583 5
15957731 1
15957757 192
15957817 63
15957971 4
15957971 361
15958013 2007
15958037 4
15958139 1
15958147 69
15958277 240
15958279 9
15958279 1689
15958351 65
15958391 616
15958399 156
15958421 3031
15958429 39
15958463 12
15958463 921
15958469 979
15958487 1084
15958643 1
15958823 48
15958837 3503
15958861 3
15958871 4045
15958933 143
15959011 5
15959191 81
15959231 13
15959257 3039
15959303 12
15959351 1
15959381 15
15959393 976
15959473 12
15959473 1203
15959497 152
15959627 40
15959663 1501
15959759 1
15959807 108
15959807 132
15959899 9
15959941 275
15960083 1
15960083 121
15960289 195
15960313 3
15960341 208
15960359 1
15960389 4
15960409 131
15960419 1
15960457 8
15960493 20
15960493 23
15960557 4
15960559 441
15960661 83
15960677 3
15960821 4
15960829 599
15960899 636
15961021 35
15961031 1
15961031 24
15961031 2545
15961039 81
15961073 1035
15961157 288
15961301 1288
15961303 1092
15961313 312
15961391 493
15961399 204
15961403 1036
15961441 8
15961441 20
15961489 27
15961579 44
15961579 45
15961619 1
15961703 1
15961703 252
15961739 2581
15961753 48
15961859 1
15961859 9
15961873 3
15961943 21
15961951 300
15962047 3012
15962057 3
15962129 259
15962173 867
15962203 288
15962227 177
15962231 4
15962251 56
15962321 180
15962321 396
15962363 1
15962363 21
15962389 5079
15962423 1
15962539 104
15962567 7825
15962647 105
15962777 15
15962777 204
15962879 1
15962879 4
15962909 135
15962959 41
15962959 144
15963023 48
15963061 35
15963067 5768
15963091 285
15963131 1
15963131 256
15963197 1063
15963239 60
15963251 4
15963263 7840
15963491 2965
15963511 29
15963583 8
15963611 1
15963617 132
15963749 2067
15963821 363
15963839 964
15963877 4919
15963887 13
15963919 20
15963919 1260
15964021 3
15964033 8
15964033 375
15964187 85
15964187 985
15964189 47
15964219 9185
15964253 51
15964261 8
15964331 76
15964331 120
15964367 13
15964367 3229
15964439 240
15964451 400
15964477 3
15964609 24
15964657 3
15964727 57
15964759 5
15964759 260
15964811 4
15964813 620
15964901 1260
15964919 1
15964937 1047
15965107 72
15965129 564
15965177 3
15965203 212
15965219 1
15965233 11
15965249 307
15965249 1471
15965251 525
15965267 9
15965293 6815
15965317 2384
15965429 4
15965429 112
15965479 17
15965489 96
15965617 219
15965633 531
15965639 1
15965639 324
15965671 5
15965783 268
15965819 252
15965951 40
15966053 40
15966101 15
15966101 8331
15966127 32
15966143 1
15966151 33
15966151 285
15966173 216
15966371 4
15966371 13
15966407 4
15966421 279
15966437 243
15966469 3939
15966523 48
15966527 592
15966563 1
15966571 4001
15966659 4272
15966739 56
15966817 404
15966851 1
15966931 9120
15967001 3456
15967019 1464
15967043 1
15967043 12
15967067 40
15967079 1
15967117 20
15967141 1355
15967253 36
15967253 160
15967331 709
15967339 132
15967361 4
15967463 1
15967531 41
15967537 2115
15967547 9
15967631 1
15967739 1
15967751 4
15967753 3447
15967841 16
15967877 3
15967949 127
15967993 51
15968023 128
15968027 85
15968041 5768
15968047 845
15968149 35
15968171 21
15968171 165
15968231 429
15968261 2424
15968327 57
15968339 1
15968347 53
15968461 1320
15968461 1400
15968521 8
15968549 615
15968653 335
15968657 715
15968753 415
15968791 89
15968809 51
15968833 567
15968833 608
15968929 4259
15969067 393
15969073 32
15969077 4
15969167 2248
15969179 4
15969179 121
15969203 1
15969203 6016
15969257 3
15969259 404
15969491 4629
15969523 93
15969637 495
15969649 1167
15969673 27
15969809 15
15969839 1
15969931 33
15970049 5236
15970063 5
15970111 3356
15970117 32
15970139 1585
15970139 5161
15970147 1197
15970151 1
15970159 420
15970169 36
15970217 7
15970289 16
15970309 12
15970399 6576
15970453 11
15970453 2247
15970477 39
15970477 179
15970517 3
15970523 1
15970547 13
15970567 173
15970567 2604
15970613 16
15970613 55
15970637 67
15970687 725
15970699 41
15970727 597
15970727 3897
15970813 3
15970831 29
15970919 1
15970937 480
15971003 1
15971051 1
15971051 7873
15971057 3
15971113 1976
15971129 16
15971171 1
15971377 3
15971377 35
15971377 60
15971437 8
15971561 99
15971561 399
15971629 480
15971677 32
15971699 1
15971699 4
15971719 5
15971731 41
15971731 7821
15971749 431
15971863 116
15971903 60
15971941 8
15972041 96
15972149 3691
15972157 8
15972283 45
15972317 4
15972361 2295
15972391 9
15972391 8616
15972449 331
15972569 4
15972611 3225
15972617 3
15972637 32
15972647 160
15972659 9
15972659 96
15972793 1731
15972811 5
15972839 1
15972839 784
15972953 1267
15972959 3025
15972991 101
15972991 453
15972991 656
15972991 2009
15973007 4
15973117 3887
15973151 1
15973157 4
15973207 48
15973211 1
15973211 1288
15973289 111
15973297 2355
15973327 45
15973469 99
15973541 156
15973613 76
15973621 8
15973621 495
15973777 7548
15973801 3
15973817 84
15973819 6512
15973849 144
15973871 7108
15973901 24
15973907 349
15974227 560
15974239 44
15974291 1
15974303 1
15974311 80
15974377 83
15974587 5129
15974603 417
15974657 27
15974683 1088
15974711 1389
15974723 1
15974723 13
15974773 11
15974807 2212
15974869 27
15974891 4368
15974957 6492
15975151 105
15975263 3112
15975307 20
15975329 264
15975493 3
15975503 288
15975541 104
15975551 4
15975569 15
15975613 3
15975623 1
15975769 2124
15975787 45
15975797 9472
15975853 3
15975857 15
15975857 3039
15975913 647
15975991 173
15976061 4
15976097 3
15976097 19
15976133 3
15976139 1
15976151 1
15976157 8568
15976231 21
15976307 688
15976333 3
15976339 72
15976391 9
15976391 4620
15976417 27
15976417 5912
15976507 8
15976601 639
15976661 4
15976759 44
15976769 504
15976783 92
15976801 39
15976861 2175
15976943 13
15976979 1
15976979 12
15976979 505
15977029 11
15977063 1
15977147 93
15977359 5
15977453 216
15977477 12
15977477 5160
15977491 20
15977497 3
15977527 4677
15977573 208
15977597 1704
15977609 15
15977623 197
15977641 120
15977653 192
15977737 20
15977771 1
15977779 336
15977809 12
15977833 5463
15977833 7583
15977887 17
15977921 208
15977957 63
15978023 1
15978097 44
15978121 3
15978139 92
15978139 840
15978143 1296
15978161 4008
15978239 1
15978239 4
15978239 417
15978311 1
15978311 6336
15978323 1
15978323 793
15978341 19
15978383 1
15978427 48
15978433 11
15978481 39
15978569 7227
15978577 23
15978577 128
15978617 19
15978679 9
15978701 4
15978701 840
15978719 12
15978719 1017
15978769 36
15978821 4
15978899 1
15978923 1
15978967 12
15979001 3
15979163 21
15979169 8595
15979177 32
15979213 11
15979213 48
15979253 7
15979259 1
15979259 4
15979279 261
15979283 1
15979307 48
15979307 2464
15979349 75
15979367 4
15979393 20
15979423 2916
15979441 15
15979559 1
15979661 60
15979673 2196
15979699 1100
15979751 1
15979751 9
15979763 28
15979801 11
15979921 3
15979921 216
15979979 9
15979979 12
15980023 65
15980087 12
15980089 27
15980093 160
15980093 2991
15980149 12
15980149 1020
15980233 440
15980267 28
15980291 165
15980333 7
15980333 12
15980333 36
15980333 2992
15980383 56
15980389 27
15980389 131
15980429 4
15980677 5183
15980743 3528
15980749 5100
15980801 3484
15980807 100
15980819 1
15980863 56
15980863 4217
15980891 13
15980933 7
15980971 9
15980981 196
15980983 5
15981013 2712
15981127 525
15981209 2976
15981263 1
15981263 25
15981323 1
15981593 1816
15981611 1
15981611 48
15981643 3380
15981653 288
15981727 500
15981781 3
15981809 4
15981809 99
15981809 147
15981851 4
15981971 33
15982037 4
15982117 8
15982117 960
15982121 40
15982133 3
15982133 31
15982177 5075
15982279 96
15982289 67
15982339 20
15982339 1752
15982361 4
15982361 76
15982441 5495
15982489 404
15982537 1652
15982609 3956
15982643 25
15982643 1116
15982721 31
15982751 4213
15982777 104
15982789 4067
15982919 4
15982943 1
15982943 196
15982943 241
15982969 72
15982969 612
15983003 12
15983027 60
15983029 7791
15983171 333
15983189 12
15983207 2689
15983347 48
15983347 77
15983347 749
15983411 733
15983489 72
15983491 36
15983491 629
15983717 7
15983717 312
15983717 1048
15983729 12
15983761 620
15983771 1
15983801 60
15983881 224
15983881 351
15983969 144
15984019 9
15984119 1
15984119 45
15984179 1
15984179 4
15984181 195
15984343 80
15984401 3
15984421 56
15984511 2409
15984557 124
15984649 44
15984649 1340
15984649 6159
15984679 7724
15984803 1
15984817 224
15984821 3
15984821 36
15984893 40
15984911 49
15984937 143
15984971 1
15984971 13
15984979 12
15985019 9
15985033 23
15985043 108
15985091 108
15985127 4564
15985133 4603
15985199 1
15985267 12
15985267 177
15985337 3
15985337 739
15985381 3
15985397 63
15985397 648
15985451 1
15985507 260
15985643 352
15985819 189
15985829 36
15985829 675
15985847 5032
15985919 1
15986017 3
15986041 8
15986149 84
15986167 212
15986167 1133
15986291 1
15986339 4336
15986417 3
15986459 9045
15986591 21
15986623 1488
15986777 28
15986791 4745
15986903 1500
15986947 1509
15986963 1020
15987011 1
15987031 1709
15987043 6488
15987107 457
15987173 7
15987263 7308
15987287 184
15987299 9
15987421 3
15987479 229
15987487 2688
15987523 17
15987757 2975
15987791 133
15987791 853
15987863 117
15987869 4
15988003 5
15988003 12
15988051 56
15988051 3824
15988069 587
15988123 72
15988171 636
15988339 5
15988339 161
15988471 104
15988501 1148
15988523 1
15988549 11
15988667 153
15988727 28
15988781 4
15988799 1
15988829 3784
15988849 1187
15989003 25
15989021 519
15989123 13
15989123 60
15989191 176
15989191 236
15989243 1816
15989257 24
15989327 72
15989423 2401
15989437 3
15989563 20
15989591 21
15989609 16
15989657 15
15989689 39
15989723 1
15989737 5052
15989819 9
15989821 8
15989923 53
15989951 1
15989951 7753
15989989 95
15989989 699
15990043 192
15990157 8
15990193 251
15990263 1
15990263 16
15990427 1545
15990553 3
15990613 2396
15990701 15
15990701 8575
15990769 2184
15990781 35
15990791 1
15990839 1824
15990839 8244
15990851 28
15990901 4671
15990917 132
15991007 9
15991007 12
15991007 45
15991021 3
15991097 348
15991097 1284
15991181 5715
15991201 123
15991231 8
15991357 3
15991357 312
15991397 3
15991403 1
15991403 121
15991457 499
15991501 1091
15991501 2331
15991631 529
15991697 123
15991769 135
15991793 636
15991823 865
15991837 743
15991907 4
15991907 9
15991907 124
15991907 6372
15991933 3
15991949 15
15991993 3
15991993 668
15992059 4409
15992117 879
15992159 1
15992159 4
15992159 132
15992213 7
15992279 4
15992303 28
15992401 3
15992401 719
15992411 9
15992423 45
15992437 9060
15992489 864
15992539 5
15992539 56
15992539 336
15992569 12
15992609 16
15992609 24
15992783 1
15992783 36
15992791 9
15992827 5
15993017 280
15993037 3
15993143 1
15993151 281
15993233 3
15993251 4
15993251 36
15993317 43
15993317 1048
15993437 4999
15993539 9
15993563 1093
15993569 3715
15993619 281
15993631 81
15993689 591
15993707 109
15993707 7137
15993751 8
15993823 12
15993823 57
15993823 705
15993827 28
15993931 389
15994037 1360
15994063 1320
15994117 20
15994123 12
15994159 5
15994169 3924
15994189 12
15994207 8
15994247 4
15994291 53
15994301 196
15994343 1
15994367 25
15994417 47
15994421 79
15994421 468
15994529 4
15994579 696
15994673 7
15994721 1755
15994757 4
15994799 36
15994883 112
15994931 673
15994931 2245
15994939 9
15994949 4
15995099 1
15995197 8
15995303 3000
15995389 287
15995417 12
15995491 140
15995491 5385
15995509 12
15995599 21
15995713 12
15995713 1968
15995743 5
15995743 96
15995767 8
15995789 24
15995789 1644
15995867 12
15995887 1445
15995909 6547
15995939 1
15996067 1424
15996083 1
15996103 788
15996131 9
15996143 141
15996221 696
15996223 68
15996251 1
15996251 85
15996329 292
15996361 143
15996391 140
15996427 344
15996503 1
15996503 2008
15996583 512
15996637 3
15996637 243
15996679 261
15996943 12
15996997 35
15997073 60
15997099 141
15997129 15
15997207 1128
15997229 300
15997243 12
15997313 3
15997369 396
15997481 16
15997571 1
15997571 109
15997613 156
15997621 20
15997633 51
15997637 4
15997637 180
15997703 253
15997747 32
15997747 93
15997757 3
15997771 5
15997783 60
15997957 1404
15997979 1
15997979 1521
15998033 252
15998069 835
15998137 15
15998149 24
15998149 2796
15998197 3
15998197 27
15998197 4095
15998197 5384
15998329 1244
15998341 20
15998371 9
15998417 4
15998417 60
15998443 20
15998443 4497
15998447 1020
15998539 9
15998621 28
15998621 91
15998621 1515
15998641 176
15998657 87
15998663 1
15998669 4
15998713 1388
15998737 47
15998737 7947
15998797 2867
15998803 1941
15998813 55
15998861 555
15998959 1817
15999209 4
15999209 24
15999251 1
15999251 60
15999259 1656
15999343 8948
15999383 1
15999419 1
15999419 21
15999439 5
15999457 384
15999461 31
15999491 24
15999551 1
15999551 4
15999551 324
15999617 3
15999727 504
15999773 12
15999853 1980
15999883 32
15999931 576
15999953 135
