18500017 3
18500039 1
18500039 12
18500089 4259
18500161 20
18500203 20
18500219 4
18500227 369
18500227 1368
18500311 8
18500329 252
18500393 7
18500497 12
18500501 3
18500549 135
18500557 215
18500591 16
18500593 35
18500701 120
18500711 1
18500711 13
18500771 973
18500827 4992
18500863 5
18500929 75
18501023 856
18501029 2352
18501031 5
18501059 4240
18501121 20
18501199 300
18501289 1532
18501319 65
18501337 839
18501349 35
18501529 1512
18501533 7
18501533 12
18501601 51
18501647 12
18501697 59
18501859 216
18502079 3981
18502123 12
18502123 6428
18502207 404
18502243 5288
18502301 3
18502301 16
18502417 24
18502481 3
18502573 11
18502633 2031
18502651 4308
18502709 7
18502709 919
18502711 2585
18502721 3
18502747 29
18502829 31
18502871 1
18502871 265
18502889 327
18502949 144
18502949 496
18502993 11
18502999 57
18503003 1
18503179 156
18503183 1
18503227 5
18503377 3
18503453 63
18503467 320
18503467 5744
18503491 8
18503491 3149
18503501 3
18503501 64
18503581 36
18503713 11
18503729 315
18503741 3
18503761 1500
18503839 5
18503897 3
18503897 48
18503911 56
18503951 1
18503999 9
18504071 76
18504077 24
18504137 12
18504139 209
18504169 39
18504197 9435
18504209 495
18504287 4
18504337 3923
18504373 807
18504377 952
18504389 15
18504389 1972
18504389 5787
18504419 40
18504457 3
18504457 7799
18504467 109
18504467 1852
18504509 36
18504611 1
18504677 3
18504839 4
18504851 1
18504883 8
18504973 8
18504977 2424
18504991 56
18505049 2880
18505117 8
18505127 33
18505127 1213
18505189 515
18505283 9057
18505307 1320
18505489 3464
18505493 12
18505519 465
18505519 6104
18505541 6168
18505561 8
18505561 1079
18505603 453
18505657 3
18505679 4
18505687 5
18505687 264
18505691 201
18505723 176
18505759 461
18505789 2727
18505819 5
18505819 1440
18505871 3708
18505919 49
18505931 84
18505939 92
18506087 4
18506167 92
18506227 12
18506419 12
18506443 1496
18506459 1
18506479 17
18506483 1
18506503 4016
18506507 12
18506519 1237
18506561 3
18506569 72
18506603 13
18506617 1803
18506671 368
18506671 9749
18506737 8363
18506833 3
18506833 8
18506833 4763
18506833 5223
18506903 1
18506903 513
18506951 1
18506977 3
18506987 792
18507077 495
18507103 201
18507103 2252
18507161 36
18507241 3
18507389 7
18507389 2320
18507473 220
18507529 1256
18507553 92
18507553 167
18507607 9
18507607 6897
18507623 1
18507739 21
18507791 9
18507799 9
18507821 3
18507821 291
18507859 9
18507901 48
18507911 24
18507911 60
18508027 929
18508051 53
18508051 945
18508079 24
18508093 11
18508181 324
18508219 24
18508277 3
18508363 33
18508397 480
18508403 217
18508439 64
18508513 95
18508541 4008
18508601 3
18508613 12
18508649 31
18508871 108
18508939 20
18508943 1
18508979 21
18509069 52
18509171 13
18509177 63
18509191 320
18509467 17
18509497 504
18509497 567
18509507 7689
18509639 96
18509663 1
18509707 3432
18509713 12
18509717 39
18509761 3
18509783 13
18509839 137
18509839 516
18509891 1420
18509929 680
18509977 7815
18509993 9111
18510073 96
18510077 7
18510097 644
18510187 452
18510187 3789
18510269 544
18510281 120
18510337 120
18510341 3
18510451 288
18510461 3
18510461 376
18510461 9784
18510463 8
18510463 45
18510463 153
18510517 3
18510517 44
18510553 180
18510641 3
18510647 69
18510647 2508
18510649 2291
18510673 8
18510673 3695
18510749 19
18510749 1135
18510913 56
18510917 2080
18511069 6531
18511127 433
18511153 11
18511153 1536
18511231 5
18511271 1
18511289 27
18511331 84
18511391 1848
18511489 32
18511511 1
18511513 15
18511531 5
18511607 73
18511607 640
18511639 5
18511639 29
18511639 36
18511667 1129
18511693 383
18511763 1
18511903 420
18511943 1
18511949 76
18512051 4
18512111 1
18512113 11
18512161 195
18512203 7200
18512227 9
18512413 131
18512419 104
18512491 2045
18512503 801
18512513 187
18512519 1
18512519 16
18512521 236
18512651 124
18512713 3
18512731 5
18512749 20
18512863 33
18512891 1
18513029 19
18513029 375
18513043 153
18513127 9
18513167 4
18513217 588
18513217 743
18513371 148
18513409 39
18513497 27
18513497 100
18513511 1869
18513511 4508
18513613 128
18513613 287
18513623 1
18513709 992
18513739 5
18513757 299
18513763 53
18513871 5
18513877 8
18513883 32
18513883 221
18513917 24
18513983 1
18513983 13
18513983 52
18514009 399
18514039 80
18514091 160
18514091 1201
18514109 4
18514157 232
18514201 3
18514219 7004
18514289 627
18514429 1511
18514481 220
18514549 315
18514577 228
18514583 12
18514619 1884
18514619 1960
18514679 9
18514679 3249
18514687 17
18514687 2388
18514687 9528
18514703 117
18514823 1
18514829 16
18514831 185
18514841 16
18514841 240
18514891 209
18514913 408
18514943 8113
18514961 4
18514999 17
18515011 29
18515129 4
18515201 40
18515243 25
18515251 48
18515297 39
18515317 8
18515317 807
18515407 9
18515411 84
18515411 708
18515417 3
18515417 4
18515459 1
18515489 84
18515531 384
18515551 21
18515597 1015
18515599 156
18515639 225
18515677 63
18515681 696
18515719 852
18515779 5937
18515797 8
18515803 7685
18515807 37
18515813 7
18515831 1
18515863 17
18515869 2475
18515881 111
18515983 33
18515983 65
18515993 472
18516031 3080
18516041 1740
18516049 15
18516097 243
18516097 708
18516131 1
18516131 301
18516139 7169
18516151 9
18516343 120
18516389 40
18516389 352
18516437 108
18516479 1
18516559 272
18516623 1
18516739 69
18516749 12
18516781 191
18516829 3119
18516881 291
18516937 99
18516989 3004
18517033 11
18517061 4
18517069 179
18517129 320
18517141 159
18517151 1
18517171 20
18517189 35
18517189 3120
18517207 113
18517211 1
18517337 1440
18517361 396
18517379 1
18517451 1
18517451 28
18517469 4
18517469 24
18517487 13
18517487 3004
18517493 27
18517559 81
18517613 88
18517673 163
18517687 8
18517693 3
18517699 5
18517703 13
18517721 31
18517817 4
18517847 33
18517883 1
18517883 45
18518053 663
18518099 1
18518209 27
18518239 5
18518299 9
18518393 6843
18518459 1
18518459 132
18518503 5
18518603 117
18518603 1488
18518789 4
18518813 3
18518821 3
18518869 27
18518879 9
18518953 3
18518993 328
18518993 3300
18519019 317
18519019 4517
18519029 9012
18519041 3
18519041 15
18519041 291
18519233 3
18519233 43
18519251 1
18519251 3088
18519287 4
18519311 1
18519311 2320
18519317 448
18519323 1
18519367 1440
18519373 71
18519467 1813
18519559 2976
18519791 13
18519791 4024
18519829 867
18519911 21
18519967 9
18519997 188
18520001 4
18520001 51
18520097 4
18520109 15
18520163 4113
18520189 5252
18520213 488
18520261 11
18520339 5
18520343 1
18520343 105
18520343 108
18520363 5
18520399 164
18520477 3348
18520553 15
18520577 1408
18520583 6316
18520793 3
18520891 185
18520967 93
18520969 447
18521021 504
18521071 20
18521197 3
18521407 228
18521467 3485
18521513 3531
18521567 4
18521579 1
18521677 8
18521689 7619
18521747 64
18521771 1948
18521821 23
18521837 19
18521933 12
18522011 1
18522143 40
18522149 7
18522151 8
18522173 3
18522191 1
18522431 1
18522431 564
18522431 9621
18522433 3
18522433 71
18522463 5
18522547 140
18522601 99
18522641 3
18522643 125
18522649 12
18522689 1360
18522719 360
18522767 40
18522787 228
18522817 68
18522863 57
18522899 117
18522913 312
18522953 271
18523003 417
18523009 84
18523031 1
18523039 20
18523187 352
18523223 348
18523231 201
18523343 1
18523361 283
18523361 1071
18523391 1
18523573 3
18523777 12
18523847 28
18523877 1132
18523987 29
18523987 173
18524179 24
18524201 151
18524287 8
18524423 2697
18524459 1
18524503 8
18524567 4
18524593 3
18524609 27
18524617 3
18524641 11
18524647 180
18524689 455
18524689 732
18524797 92
18524843 1
18524843 88
18524851 9
18524893 48
18524893 71
18524903 13
18524911 5120
18524999 16
18525007 929
18525043 33
18525043 92
18525047 3549
18525139 605
18525179 1
18525239 1
18525307 44
18525341 115
18525407 124
18525553 1887
18525571 8
18525593 67
18525599 1
18525599 4552
18525707 264
18525719 1
18525839 6429
18525851 984
18525961 3
18525961 531
18526043 16
18526043 33
18526043 193
18526069 296
18526069 7847
18526069 8747
18526111 8
18526111 713
18526117 4968
18526133 76
18526153 1140
18526199 745
18526231 2268
18526259 601
18526267 1488
18526351 9
18526399 312
18526483 417
18526489 132
18526559 1
18526567 2492
18526579 21
18526687 32
18526687 717
18526723 1140
18526867 8
18526867 2793
18526877 7
18526897 8744
18526961 3
18527081 3
18527123 1
18527183 13
18527189 4
18527207 5113
18527207 6768
18527231 28
18527303 1
18527359 12
18527359 17
18527423 12
18527471 1
18527543 13
18527543 6313
18527563 36
18527759 1
18527809 12
18527833 440
18527837 40
18527843 1581
18527933 9700
18527963 1
18528091 5
18528091 9
18528163 5
18528221 799
18528281 3
18528343 12
18528353 3
18528431 1
18528449 4
18528463 668
18528493 15
18528493 371
18528493 803
18528493 3503
18528529 152
18528683 1
18528683 160
18528751 444
18528899 1
18528907 117
18528943 192
18529061 3
18529061 4
18529081 495
18529109 40
18529163 1
18529183 4281
18529187 8944
18529211 25
18529223 1
18529223 21
18529243 32
18529279 9
18529279 524
18529397 4
18529523 1
18529549 11
18529607 4
18529699 12
18529729 264
18529729 5615
18529799 1
18529867 5
18529937 2688
18529961 3676
18529981 8
18530021 204
18530021 583
18530131 7569
18530177 672
18530233 11
18530273 2392
18530363 13
18530381 99
18530417 7
18530419 512
18530419 7181
18530431 33
18530573 3
18530587 53
18530671 5
18530741 151
18530819 1
18530819 12
18530819 301
18530861 3
18530899 36
18530959 24
18531053 123
18531059 25
18531067 29
18531127 2529
18531143 28
18531179 4
18531193 15
18531193 27
18531361 23
18531421 8
18531421 36
18531589 4119
18531613 15
18531673 3
18531787 5
18531797 24
18531829 4367
18531889 32
18531911 1
18531911 945
18531917 39
18531937 92
18531943 140
18532009 164
18532037 412
18532067 9
18532067 8244
18532103 196
18532223 993
18532237 39
18532259 1
18532307 9
18532321 216
18532331 1
18532379 4464
18532463 1
18532561 8
18532573 1712
18532739 9
18532757 124
18533003 621
18533023 45
18533027 9
18533027 97
18533083 45
18533219 21
18533231 249
18533261 4
18533279 24
18533297 372
18533309 147
18533393 3
18533401 6719
18533413 48
18533429 7
18533441 195
18533573 60
18533609 4
18533701 96
18533701 704
18533761 23
18533807 13
18533807 9160
18534023 72
18534023 9913
18534073 9812
18534137 4780
18534169 6176
18534283 2141
18534359 1
18534413 1263
18534473 7
18534491 1389
18534499 281
18534563 1
18534617 6780
18534631 60
18534697 7163
18534707 120
18534707 1717
18534707 7500
18534751 8
18534809 31
18534821 3
18534847 8264
18534853 15
18534959 772
18535009 2196
18535043 1
18535087 12
18535199 1
18535243 177
18535247 3040
18535313 3
18535397 55
18535397 100
18535411 440
18535421 3
18535513 3
18535807 5
18536057 4
18536081 4
18536179 4256
18536201 3
18536201 204
18536261 6495
18536263 2105
18536279 684
18536291 49
18536291 744
18536291 4644
18536293 111
18536303 268
18536347 2073
18536351 1
18536363 1
18536447 568
18536461 3023
18536461 6576
18536509 8256
18536599 1317
18536719 29
18536743 96
18536767 9
18536767 12
18536789 112
18536789 3444
18536801 1404
18536857 20
18536899 81
18536899 3365
18536923 453
18537041 5416
18537053 63
18537053 763
18537067 24
18537097 3
18537263 45
18537329 700
18537347 844
18537367 732
18537397 8
18537511 21
18537553 231
18537577 3
18537707 37
18537797 15
18537821 2959
18537983 1
18537991 681
18538127 120
18538127 264
18538139 5937
18538189 147
18538199 1
18538199 37
18538231 20
18538241 4
18538307 24
18538463 1
18538469 12
18538579 297
18538613 7
18538643 141
18538679 396
18538757 7
18538787 4
18538787 1540
18538799 49
18538841 3
18538901 4
18538909 372
18538939 24
18538939 92
18538981 8
18538997 1959
18539069 1476
18539099 1
18539123 1
18539123 396
18539137 219
18539159 69
18539189 52
18539237 4
18539239 7421
18539243 52
18539249 4
18539267 13
18539273 63
18539399 45
18539429 12
18539447 220
18539467 65
18539597 3
18539617 27
18539621 799
18539693 3
18539699 9
18539713 107
18539813 168
18539879 1
18539971 41
18540061 36
18540061 144
18540131 49
18540167 357
18540191 4
18540199 24
18540209 8211
18540311 96
18540317 27
18540479 1
18540481 5424
18540497 12
18540503 508
18540581 76
18540689 27
18540799 3525
18540971 1
18540971 9
18540989 36
18541231 20
18541241 3
18541249 479
18541297 92
18541309 24
18541337 760
18541351 9
18541387 33
18541423 32
18541447 6480
18541483 57
18541507 5
18541507 5772
18541541 723
18541559 1
18541561 1175
18541571 4845
18541597 12
18541639 1100
18541639 1416
18541697 252
18541741 708
18541889 27
18541889 2592
18541961 471
18541961 855
18542039 36
18542059 84
18542129 7
18542129 64
18542333 1068
18542383 20
18542387 133
18542441 148
18542473 8
18542593 1203
18542599 29
18542599 372
18542677 584
18542683 17
18542723 157
18542731 1880
18542731 2481
18542731 3873
18542791 921
18542837 3
18542969 16
18542983 137
18543023 1
18543067 9912
18543101 396
18543149 5751
18543157 3
18543157 2379
18543167 1309
18543229 95
18543229 1412
18543257 28
18543271 5
18543307 69
18543331 549
18543331 8700
18543479 12
18543509 4
18543571 3024
18543737 247
18543757 3984
18543779 2380
18543809 12
18543809 31
18543839 112
18543839 364
18543841 848
18543853 8
18543887 4
18543893 3
18543893 88
18543913 87
18543989 7
18544087 1409
18544151 9
18544151 6624
18544261 704
18544271 64
18544283 1
18544333 3827
18544499 9925
18544507 6084
18544523 1
18544531 36
18544531 549
18544577 24
18544577 87
18544609 15
18544651 45
18544679 2304
18544681 144
18544681 1800
18544783 80
18544783 2625
18544871 1
18544927 329
18545053 8
18545207 2113
18545257 560
18545321 180
18545327 12
18545699 189
18545741 3
18545789 7
18545837 475
18545867 2049
18545897 3
18545911 5
18546061 135
18546067 1185
18546217 3
18546233 43
18546233 276
18546239 109
18546239 157
18546293 12
18546317 5164
18546383 1308
18546389 7
18546389 2407
18546469 12
18546553 3
18546611 1
18546613 32
18546701 88
18546761 4
18546769 24
18546797 19
18546823 77
18546917 88
18546929 1231
18547003 21
18547013 3
18547031 1
18547069 9587
18547091 429
18547219 5
18547241 219
18547283 237
18547349 1527
18547513 132
18547531 125
18547631 60
18547691 501
18547691 7189
18547787 924
18547831 9
18547883 1
18547937 1212
18547973 2496
18547979 624
18547993 191
18547993 4007
18547999 632
18548119 624
18548119 669
18548269 144
18548273 3
18548279 1
18548279 16
18548353 423
18548417 3
18548423 1092
18548521 39
18548599 17
18548623 4301
18548659 105
18548671 629
18548813 16
18548813 451
18548869 335
18548869 3507
18548891 1
18548903 1
18548927 4
18548939 544
18548939 741
18548977 3
18548977 12
18548987 4
18549007 504
18549053 36
18549059 1
18549071 1
18549101 255
18549259 21
18549269 264
18549331 5
18549371 33
18549403 8
18549403 17
18549521 43
18549527 1845
18549539 1
18549577 59
18549599 1
18549607 684
18549623 1
18549701 3504
18549743 1
18549851 1
18549887 132
18549893 7
18549893 7236
18549931 21
18549931 165
18549943 9737
18550093 1271
18550109 4644
18550117 15
18550117 792
18550219 129
18550261 8
18550261 231
18550303 161
18550309 5592
18550321 159
18550331 1
18550381 83
18550421 2220
18550429 207
18550429 699
18550439 1
18550453 1023
18550457 867
18550531 264
18550577 39
18550663 33
18550699 516
18550733 12
18550751 1
18550789 12
18550841 595
18550877 4780
18550907 268
18550969 60
18550993 203
18550997 3
18551123 357
18551173 12
18551279 1225
18551327 1932
18551399 456
18551531 253
18551627 885
18551633 9736
18551681 16
18551681 3555
18551707 5
18551711 573
18551773 968
18551801 3
18551873 31
18551927 9
18551941 3
18551941 3039
18551971 24
18551989 11
18551989 95
18552223 5
18552239 12
18552241 723
18552251 1
18552311 1
18552481 900
18552581 231
18552689 235
18552739 7592
18552767 28
18552883 513
18552959 21
18552983 1
18552983 13
18553099 1881
18553133 63
18553267 185
18553343 1
18553421 3
18553421 91
18553501 111
18553567 1985
18553621 8
18553679 1
18553727 4
18553727 13
18553751 1
18553751 1344
18553751 3004
18553757 127
18553793 135
18553877 7
18553921 224
18553967 13
18553981 1800
18553993 20
18553993 27
18553999 2360
18554117 79
18554141 3
18554183 12
18554303 1
18554311 5364
18554363 1
18554369 7
18554411 1
18554411 4
18554411 5413
18554443 8
18554581 59
18554687 109
18554777 4
18554777 67
18554857 372
18554857 8228
18554891 81
18554903 96
18554999 189
18555139 5
18555149 967
18555263 1
18555263 205
18555263 2257
18555301 2904
18555307 9
18555307 53
18555401 3
18555409 11
18555409 84
18555413 220
18555487 20
18555491 4188
18555539 1
18555539 57
18555569 15
18555613 8
18555629 99
18555629 567
18555643 7397
18555683 13
18555683 1480
18555709 32
18555727 8
18555731 1
18555751 120
18555791 1
18555793 3
18555827 1309
18555899 1761
18555991 8
18555997 2880
18556007 300
18556079 37
18556093 3
18556093 1995
18556157 324
18556243 1157
18556289 27
18556289 616
18556303 192
18556327 5
18556327 20
18556403 1
18556403 397
18556471 744
18556523 1
18556619 1
18556697 4
18556729 315
18556799 1
18556829 75
18556847 85
18556913 3
18556913 12
18556919 4
18556921 279
18556957 147
18556981 15
18556981 420
18556991 1
18556991 136
18556999 9624
18557027 4228
18557131 68
18557197 32
18557219 1
18557221 123
18557263 5
18557291 1053
18557293 8
18557309 232
18557327 8613
18557393 88
18557423 13
18557629 15
18557663 1
18557701 111
18557717 4
18557719 1944
18557753 343
18557797 15
18557857 4580
18557921 3
18557921 4
18557989 15
18558107 33
18558107 237
18558161 6235
18558361 615
18558481 71
18558593 7
18558593 40
18558593 52
18558613 1076
18558613 3771
18558623 1
18558623 1441
18558703 81
18558809 4
18558833 111
18558949 2232
18558959 8632
18558961 3588
18558973 3
18558977 40
18558989 16
18558989 27
18559027 32
18559061 16
18559061 24
18559133 196
18559139 4
18559139 9
18559171 56
18559249 11
18559283 1
18559319 1
18559319 997
18559327 108
18559327 620
18559339 440
18559351 245
18559379 1
18559379 7944
18559403 192
18559537 3
18559537 48
18559543 53
18559543 125
18559553 931
18559573 3
18559663 116
18559729 12
18559859 24
18559889 1875
18559969 11
18559987 3405
18559991 469
18560053 12
18560053 1716
18560071 5
18560099 1
18560111 9
18560111 405
18560119 9
18560183 1561
18560251 41
18560251 345
18560263 3008
18560303 1
18560341 176
18560369 5119
18560449 15
18560461 96
18560461 468
18560561 396
18560561 7096
18560593 3
18560621 39
18560693 127
18560819 1
18560819 277
18560819 7864
18560827 8
18560837 7
18560849 15
18560873 811
18560879 1
18560903 1
18560903 6672
18560921 4
18560933 163
18560953 860
18560953 3251
18560963 1
18560963 133
18561107 60
18561107 465
18561133 3
18561181 11
18561313 51
18561427 185
18561443 1
18561443 480
18561503 1
18561511 9
18561533 87
18561533 187
18561583 8552
18561659 3544
18561721 3
18561721 524
18561791 7524
18561797 3
18561863 1
18561869 24
18561923 1
18561979 120
18562043 1096
18562331 1
18562391 4
18562499 1
18562597 387
18562631 4
18562781 3
18562787 4
18562931 1
18563003 12
18563053 140
18563071 8
18563081 459
18563173 120
18563173 2420
18563297 3
18563339 1
18563357 15
18563443 632
18563453 115
18563557 1043
18563561 4
18563641 83
18563729 15
18563729 31
18563759 8377
18563777 19
18563791 2156
18563927 157
18563927 1512
18563933 151
18563933 780
18564061 15
18564109 39
18564109 435
18564127 5
18564167 45
18564193 327
18564229 1092
18564251 1
18564277 12
18564281 6004
18564307 5
18564407 97
18564407 132
18564449 1792
18564503 1
18564569 4
18564587 1105
18564613 75
18564631 5
18564641 19
18564641 676
18564647 865
18564683 16
18564683 36
18564739 1452
18564761 180
18564839 1
18564853 23
18564971 1
18565067 369
18565069 272
18565103 1
18565199 177
18565219 7217
18565277 3
18565297 9284
18565321 8796
18565403 76
18565583 1
18565609 72
18565639 29
18565693 3
18565693 71
18565699 137
18565763 1813
18565763 7848
18565801 3
18565843 1061
18565843 1481
18565879 81
18565909 15
18565909 32
18565909 99
18565919 1
18565927 44
18565969 60
18565973 27
18565997 60
18565999 1880
18566077 9104
18566203 21
18566281 140
18566291 1
18566291 4
18566321 204
18566323 105
18566371 329
18566413 11
18566419 8409
18566617 4452
18566621 3
18566707 48
18566789 135
18566813 12
18566843 1
18566963 1
18566969 1324
18567103 113
18567151 3089
18567257 3480
18567431 96
18567467 172
18567467 277
18567467 4017
18567469 39
18567499 24
18567533 7
18567539 1
18567611 1
18567613 8
18567733 95
18567761 3348
18567779 1
18567929 16
18567929 240
18567953 55
18567971 141
18568139 4
18568201 51
18568271 33
18568279 2396
18568309 224
18568321 188
18568409 79
18568463 12
18568481 883
18568493 4728
18568519 81
18568577 147
18568579 369
18568591 9
18568591 5673
18568699 9
18568703 13
18568741 1988
18568813 731
18568873 72
18568993 363
18568999 165
18568999 632
18569167 429
18569179 456
18569203 4980
18569267 13
18569273 72
18569329 11
18569363 781
18569377 12
18569413 3
18569459 97
18569531 181
18569563 392
18569659 12
18569701 3
18569731 248
18569741 84
18569891 1
18569891 24
18569927 4
18569963 4072
18570059 9
18570059 24
18570113 3
18570113 1191
18570143 1
18570187 5
18570229 15
18570313 3
18570319 3216
18570371 13
18570371 61
18570389 4
18570421 3
18570479 1
18570479 25
18570493 12
18570523 36
18570571 8
18570611 3805
18570833 7
18570857 715
18570917 7
18570931 176
18570931 516
18570967 8
18571013 7
18571099 12
18571099 1772
18571129 11
18571181 216
18571183 32
18571193 36
18571271 1
18571291 180
18571433 7
18571457 252
18571507 44
18571543 705
18571547 40
18571547 504
18571727 1429
18571789 11
18571823 1
18571907 1129
18571913 3
18571957 15
18572077 12
18572083 32
18572111 1
18572153 12
18572153 15
18572161 1871
18572179 5
18572179 297
18572219 9532
18572227 177
18572227 480
18572249 27
18572321 1420
18572417 1699
18572461 60
18572531 1
18572599 1761
18572611 1880
18572657 867
18572759 1
18572783 52
18572791 489
18572809 1344
18572831 9
18572831 2629
18572903 1
18572941 48
18573047 4
18573059 1
18573059 4
18573059 924
18573067 17
18573077 3
18573109 27
18573187 17
18573199 9
18573199 224
18573329 999
18573409 12
18573419 1
18573419 3601
18573523 1092
18573547 485
18573559 29
18573787 20
18573787 728
18573871 128
18573913 2168
18573953 16
18573959 529
18574021 3
18574091 16
18574121 3
18574121 16
18574141 983
18574147 5
18574163 1
18574219 1452
18574253 9960
18574291 9
18574307 28
18574331 1
18574357 35
18574403 1
18574427 60
18574469 556
18574469 3984
18574511 1
18574583 621
18574613 111
18574637 3
18574649 72
18574733 3
18574739 1
18574781 4
18574813 3
18574813 20
18574813 36
18574967 1513
18574973 7
18575003 1
18575113 168
18575113 1127
18575143 20
18575143 560
18575149 12
18575411 1
18575413 203
18575423 1
18575423 1525
18575429 780
18575489 231
18575503 8
18575519 597
18575533 8
18575563 468
18575569 12
18575569 1035
18575629 20
18575647 44
18575723 568
18575729 19
18575759 1
18575803 8
18575803 153
18575833 980
18575899 1781
18575929 404
18576049 59
18576059 1
18576071 6556
18576101 19
18576101 9436
18576127 117
18576197 7
18576197 235
18576413 2167
18576499 156
18576527 9
18576577 12
18576581 231
18576611 1
18576683 1
18576689 12
18576697 3
18576749 27
18576823 920
18576839 1
18576841 3
18576853 216
18576853 1923
18576919 884
18577103 28
18577103 57
18577121 4
18577133 76
18577177 35
18577177 3548
18577187 177
18577283 33
18577303 5
18577327 93
18577411 5
18577411 8
18577417 24
18577417 120
18577423 5
18577501 7980
18577553 2247
18577567 5
18577607 28
18577631 1
18577703 1
18577703 285
18577781 220
18577847 12
18577903 380
18577913 7
18577919 1152
18578003 3148
18578137 3
18578149 7836
18578177 4
18578327 12
18578377 8
18578407 53
18578423 33
18578423 6300
18578459 1
18578459 21
18578519 16
18578591 1168
18578611 1196
18578657 7
18578657 1984
18578683 113
18578711 1
18578753 3600
18578851 5
18579019 17
18579287 9
18579287 304
18579389 8140
18579461 3556
18579541 2408
18579577 443
18579611 1
18579619 161
18579647 304
18579877 20
18579937 48
18579961 155
18579983 753
18580019 12
18580019 112
18580057 12
18580127 157
18580141 8
18580153 8
18580183 20
18580183 48
18580277 64
18580277 108
18580277 228
18580291 165
18580301 8620
18580361 115
18580403 1
18580489 95
18580493 151
18580519 1289
18580543 60
18580559 1
18580589 7
18580607 2833
18580649 91
18580717 7448
18580823 472
18580853 28
18580867 869
18580943 16
18580951 5
18580951 9
18580981 4100
18581063 1
18581093 3
18581093 507
18581099 1
18581219 1
18581219 3312
18581267 1485
18581327 2613
18581351 1
18581383 3605
18581389 12
18581389 9791
18581399 136
18581413 3
18581419 9
18581443 2885
18581467 444
18581473 12
18581477 703
18581483 2445
18581501 163
18581573 3
18581573 667
18581593 3
18581593 756
18581593 927
18581603 633
18581699 45
18581743 5
18581777 19
18581821 8171
18581851 5
18581851 344
18581911 5
18581933 3
18581933 12
18581971 24
18582073 8
18582073 63
18582073 1436
18582293 67
18582337 3
18582337 39
18582401 3
18582433 23
18582451 93
18582451 3573
18582601 3
18582607 5
18582673 15
18582679 161
18582709 12
18582761 4
18582803 1
18582803 21
18582821 3363
18582947 48
18582983 328
18583031 2484
18583151 96
18583153 15
18583219 5
18583303 165
18583351 5393
18583459 4145
18583511 28
18583511 3909
18583531 440
18583547 9
18583571 421
18583571 8608
18583627 5
18583627 12
18583627 17
18583627 420
18583717 24
18583739 1
18583757 3
18583811 1
18583819 9
18583819 2232
18583921 684
18583987 504
18584003 1
18584003 1960
18584051 328
18584063 1
18584063 12
18584087 33
18584107 653
18584123 1
18584131 1581
18584149 11
18584183 1
18584201 199
18584201 400
18584219 4
18584227 29
18584227 77
18584287 3408
18584297 15
18584329 1611
18584339 1
18584431 5
18584473 8
18584581 63
18584633 487
18584639 2137
18584647 9
18584647 1233
18584651 1
18584651 16
18584711 424
18584801 36
18584921 5799
18584963 1
18584963 36
18584963 4333
18584981 55
18585167 13
18585181 15
18585191 1
18585191 24
18585209 211
18585251 1
18585251 225
18585293 12
18585299 60
18585349 276
18585373 23
18585499 3177
18585521 216
18585521 9319
18585529 5339
18585569 7
18585661 719
18585719 1
18585737 3
18585923 3541
18585953 271
18585977 3
18585991 93
18586067 228
18586097 328
18586147 9
18586153 7703
18586159 17
18586163 21
18586193 40
18586193 111
18586279 29
18586397 3
18586429 12
18586433 456
18586441 36
18586441 728
18586483 21
18586511 1
18586657 3
18586679 9
18586747 5
18586747 60
18586781 3
18586873 296
18586907 9
18586907 49
18586979 721
18586991 4
18587021 4
18587029 3764
18587203 5
18587213 135
18587213 496
18587221 3
18587221 7728
18587287 5
18587323 588
18587323 5433
18587389 531
18587399 1
18587399 12
18587399 132
18587399 276
18587399 1240
18587417 1668
18587509 11
18587509 12
18587551 89
18587629 5931
18587711 1
18587711 13
18587713 3
18587797 87
18587809 11
18587813 9511
18587827 5
18587843 12
18587843 13
18587861 3
18587873 3
18587963 1
18587963 48
18588179 4
18588203 36
18588203 196
18588233 3
18588239 1384
18588371 1
18588397 1023
18588407 73
18588419 609
18588461 3
18588461 276
18588491 45
18588509 4
18588511 3281
18588527 13
18588587 228
18588653 12
18588659 4
18588727 17
18588733 5636
18588893 27
18588907 5
18588907 53
18588907 68
18588907 1740
18588919 5
18589013 132
18589013 2368
18589073 160
18589097 87
18589139 1
18589183 36
18589183 165
18589213 675
18589223 1
18589229 4
18589237 1980
18589283 1
18589283 2308
18589297 92
18589309 11
18589309 12
18589339 2996
18589471 1428
18589481 4116
18589489 2184
18589579 92
18589579 221
18589579 1617
18589583 1
18589601 3
18589603 5
18589679 76
18589741 440
18589793 8463
18589849 411
18589867 69
18589867 3213
18589871 61
18589927 552
18589937 1728
18589951 933
18590029 56
18590057 528
18590083 212
18590263 101
18590419 9
18590431 1353
18590549 40
18590549 1756
18590617 83
18590771 9
18590773 3
18590821 971
18590849 67
18590893 380
18590947 12
18591071 253
18591091 188
18591169 39
18591169 9815
18591197 379
18591263 1
18591283 8
18591283 17
18591347 244
18591457 4664
18591493 3
18591509 535
18591539 1
18591539 2500
18591541 11
18591611 61
18591631 224
18591739 501
18591767 13
18591767 2589
18591779 4381
18591799 636
18591841 8
18591841 1004
18591941 3
18591959 1
18592001 1288
18592099 1932
18592117 8
18592153 12
18592153 183
18592183 21
18592207 5
18592247 4
18592247 109
18592291 8
18592319 1
18592319 2205
18592333 8
18592337 4
18592351 53
18592363 8
18592391 8104
18592397 700
18592421 4
18592421 208
18592429 1407
18592459 5189
18592489 35
18592643 1
18592649 60
18592661 3
18592661 4
18592661 40
18592661 108
18592709 4
18592709 120
18592789 11
18592789 15
18592789 7419
18592801 3
18592807 113
18592859 1
18592859 4
18592879 77
18592919 1
18592919 357
18592943 1
18592949 2440
18592957 32
18592997 4
18593123 12
18593233 3852
18593249 6579
18593297 3
18593339 1
18593389 2435
18593423 1
18593467 89
18593621 28
18593713 12
18593741 4
18593741 31
18593753 2100
18593789 72
18593879 4
18593917 4352
18593923 5
18593941 5804
18593987 69
18593987 8892
18594001 20
18594089 1519
18594089 6991
18594131 361
18594131 1873
18594167 8568
18594283 420
18594337 519
18594427 5
18594497 84
18594509 915
18594601 5891
18594647 9
18594671 1
18594671 4
18594703 5
18594727 5
18594767 645
18594817 27
18594869 5887
18594881 3
18594893 255
18594893 316
18594967 44
18595013 1056
18595021 3
18595043 3133
18595111 296
18595141 39
18595183 428
18595279 69
18595321 11
18595387 8
18595553 12
18595609 3879
18595657 927
18595751 1
18595781 111
18595853 3
18595853 1092
18595859 9472
18595861 1628
18595897 15
18596069 84
18596143 1476
18596159 1
18596159 4
18596159 1672
18596173 1068
18596183 180
18596293 3
18596371 828
18596437 15
18596437 183
18596449 3612
18596653 8
18596723 1
18596783 1
18596789 12
18596797 3
18596797 24
18596813 3
18596813 343
18596843 1
18596843 1552
18596873 15
18596881 2291
18596999 1
18597023 121
18597043 3941
18597157 27
18597191 1
18597217 3620
18597221 15
18597221 159
18597239 25
18597281 235
18597283 48
18597367 1977
18597413 211
18597517 1232
18597581 88
18597611 900
18597617 535
18597697 20
18597697 392
18597851 856
18597851 2700
18597857 2455
18597889 72
18597889 9692
18597899 1
18597913 636
18597937 180
18598001 31
18598049 7
18598121 3
18598199 1
18598199 8605
18598271 316
18598273 95
18598313 12
18598381 11
18598399 6509
18598499 12
18598501 5156
18598553 12
18598577 4
18598577 5695
18598603 9141
18598621 1379
18598631 1
18598687 6405
18598763 1
18598829 444
18598829 2872
18599029 327
18599051 2436
18599059 2340
18599143 425
18599143 737
18599213 3
18599393 7
18599407 377
18599407 1209
18599491 5
18599491 741
18599579 1
18599621 243
18599851 5
18599881 3879
18600097 8
18600137 3
18600167 13
18600187 24
18600287 57
18600299 1
18600299 12
18600481 11
18600521 876
18600539 1
18600539 205
18600577 3
18600577 24
18600587 4
18600587 384
18600611 1
18600643 8
18600643 48
18600671 124
18600697 3
18600709 36
18600719 744
18600779 25
18600797 7
18600833 2728
18600851 4
18600863 1
18601027 677
18601067 9
18601067 28
18601117 195
18601211 309
18601301 979
18601301 1719
18601321 3
18601433 5892
18601487 549
18601487 2953
18601511 1933
18601537 695
18601567 8
18601631 13
18601631 21
18601753 3
18601753 596
18601763 1
18601799 189
18601867 12
18601901 3
18602153 163
18602183 1
18602183 48
18602183 256
18602219 1
18602219 57
18602219 304
18602251 1208
18602383 8
18602401 8
18602407 5
18602429 91
18602443 5
18602477 3
18602477 9484
18602567 4
18602599 12
18602599 1040
18602669 312
18602681 19
18602723 1
18602839 5
18602867 12
18602977 312
18602993 3
18602993 156
18602993 268
18602993 436
18603001 143
18603001 599
18603059 1
18603059 9
18603073 1611
18603121 48
18603241 8
18603259 3477
18603289 227
18603293 28
18603359 1812
18603397 9080
18603433 35
18603443 1
18603617 2544
18603721 3
18603721 11
18603721 1140
18603863 1
18603961 1604
18604009 591
18604009 2459
18604031 1
18604127 2373
18604141 3195
18604153 275
18604163 541
18604199 1
18604231 8
18604259 769
18604277 6772
18604291 33
18604297 504
18604361 9471
18604373 907
18604387 2520
18604427 9
18604441 2436
18604499 4
18604583 1
18604661 4
18604717 47
18604727 9
18604727 33
18604727 9865
18604739 1
18604757 1987
18604757 7240
18604763 1
18604771 81
18604777 3
18604837 183
18604871 4
18604889 15
18604909 1796
18604913 31
18604931 1
18605057 7
18605077 279
18605143 5
18605143 12
18605201 2460
18605227 12
18605231 1
18605243 1
18605263 2357
18605281 3
18605299 12
18605333 216
18605333 220
18605341 104
18605341 528
18605341 3599
18605401 123
18605407 17
18605453 2136
18605641 288
18605647 53
18605651 4
18605737 27
18605737 8043
18605753 55
18605891 4
18605927 9
18605947 32
18605981 4
18606013 87
18606013 668
18606013 2276
18606083 996
18606089 52
18606209 7
18606223 1868
18606239 1
18606311 49
18606319 1545
18606439 20
18606439 120
18606463 5
18606499 381
18606569 3007
18606571 21
18606593 3
18606593 15
18606629 399
18606779 1
18606787 5717
18606803 1
18606811 173
18606817 1079
18606827 4
18606827 37
18606997 627
18607021 3
18607031 4
18607091 4653
18607157 1315
18607249 8435
18607279 21
18607339 44
18607397 267
18607541 4
18607573 3
18607643 1
18607649 267
18607651 21
18607753 3
18607807 12
18607861 311
18607873 3243
18607903 3972
18607909 152
18607957 87
18607957 92
18608017 119
18608021 4
18608113 896
18608119 1029
18608257 20
18608279 4
18608321 15
18608323 4965
18608363 1
18608413 27
18608413 1707
18608479 284
18608561 84
18608717 15
18608729 64
18608801 16
18608881 660
18609023 3325
18609061 11
18609061 716
18609223 20
18609223 480
18609361 11
18609401 64
18609431 4
18609443 1
18609473 5308
18609499 5
18609527 120
18609581 220
18609743 13
18609743 28
18609751 5
18609769 1355
18609923 192
18609923 8125
18610003 20
18610027 2949
18610069 392
18610079 1
18610091 16
18610091 156
18610103 133
18610183 137
18610279 17
18610303 21
18610619 285
18610681 260
18610751 4
18610829 19
18610853 147
18610909 7919
18610951 8
18610957 35
18611023 2793
18611023 2832
18611113 11
18611221 3
18611233 252
18611237 55
18611267 9
18611287 4305
18611297 232
18611401 8
18611471 16
18611471 1701
18611519 61
18611557 2084
18611597 28
18611611 5
18611693 2947
18611699 4
18611699 12
18611711 48
18611779 1149
18611783 25
18611843 33
18611903 1
18611903 9888
18611933 123
18611987 24
18612019 9
18612019 2805
18612029 31
18612043 1248
18612053 15
18612089 1311
18612103 5
18612103 2813
18612119 37
18612323 1
18612323 13
18612383 1
18612389 495
18612389 7131
18612427 308
18612499 9
18612707 13
18612817 24
18612823 120
18612859 189
18612871 9
18612871 353
18612959 1
18612959 1297
18612967 9
18612973 96
18613009 11
18613037 4
18613129 800
18613163 93
18613201 15
18613241 19
18613267 9
18613271 1
18613271 24
18613271 4393
18613307 112
18613327 8
18613433 112
18613451 4968
18613481 3
18613481 256
18613489 47
18613561 1548
18613729 9344
18613753 12
18613811 1
18613817 4
18613867 2273
18613871 160
18613871 289
18613891 45
18614017 347
18614081 240
18614171 1
18614173 3
18614173 8520
18614249 5592
18614251 5
18614347 32
18614347 233
18614363 13
18614381 51
18614381 4360
18614413 212
18614443 8
18614527 128
18614759 1
18614759 232
18614777 3
18614833 12
18614873 15
18615061 3
18615061 111
18615127 209
18615167 1848
18615199 21
18615239 49
18615239 600
18615251 1
18615251 108
18615299 4
18615313 1851
18615413 15
18615427 5
18615461 756
18615473 2428
18615479 1
18615547 9473
18615557 2719
18615617 55
18615637 3
18615679 8012
18615823 72
18615829 51
18615869 16
18615881 403
18615937 8880
18615977 4
18616061 4
18616123 20
18616133 3496
18616267 8
18616327 2685
18616379 2565
18616417 348
18616487 4
18616487 312
18616567 348
18616607 153
18616657 3
18616669 5712
18616693 291
18616739 337
18616757 1648
18616769 556
18616781 4
18616813 20
18616849 980
18616877 28
18616943 1
18616943 1485
18616987 9
18617003 13
18617021 1999
18617087 9
18617171 1
18617197 3
18617411 9
18617411 121
18617411 1204
18617441 4
18617561 4
18617561 999
18617653 92
18617653 8711
18617657 4
18617657 8667
18617773 2595
18617783 1
18617831 1
18617857 5475
18617867 9
18617869 4400
18617947 20
18617957 7
18617983 21
18618191 1
18618191 133
18618307 548
18618443 4068
18618463 3456
18618503 1
18618503 172
18618601 11
18618673 35
18618673 243
18618703 300
18618737 7
18618739 8405
18618781 3
18618811 996
18618811 8213
18618877 44
18618923 1
18618947 40
18618949 324
18619021 11
18619021 239
18619157 19
18619171 905
18619193 148
18619283 1
18619283 381
18619309 2015
18619339 5
18619339 620
18619417 8
18619427 1413
18619429 296
18619429 1560
18619529 4
18619553 936
18619583 12
18619603 65
18619637 79
18619649 19
18619717 3
18619717 84
18619723 4353
18619723 4553
18619763 21
18619877 180
18619921 24
18619969 252
18619973 15
18620009 7
18620011 8
18620051 1
18620207 949
18620279 100
18620339 360
18620453 1491
18620453 1575
18620477 523
18620489 76
18620603 1
18620653 8
18620653 140
18620689 59
18620743 5
18620743 6708
18620773 47
18620773 1428
18620809 204
18620809 275
18620873 423
18620989 71
18620989 419
18621023 1
18621047 9
18621089 4
18621139 456
18621139 3044
18621247 5
18621263 81
18621289 8132
18621313 3
18621313 155
18621319 837
18621431 16
18621479 25
18621479 241
18621487 5
18621661 59
18621671 1
18621727 1365
18621847 5
18621847 9665
18621901 8
18621931 1520
18621937 47
18621943 156
18621983 1
18622067 4644
18622073 811
18622193 1168
18622207 692
18622237 639
18622277 120
18622277 252
18622367 4
18622421 3
18622427 1753
18622441 3
18622511 1
18622511 481
18622579 80
18622687 404
18622949 651
18623039 25
18623051 136
18623089 35
18623089 95
18623273 1663
18623273 6756
18623309 55
18623309 447
18623323 68
18623393 7
18623393 88
18623411 1
18623489 6367
18623503 5
18623503 905
18623639 1
18623707 8
18623707 357
18623707 2189
18623783 796
18623807 52
18623809 840
18623827 33
18623851 5
18623861 28
18623911 5
18623977 6567
18624017 3
18624017 124
18624017 1368
18624029 955
18624059 1
18624083 153
18624101 103
18624113 7852
18624241 3416
18624311 9
18624317 4
18624383 1
18624449 39
18624631 5
18624637 4400
18624691 41
18624713 108
18624811 120
18624817 1415
18624833 1963
18624839 1
18624839 669
18624847 5
18624899 1
18624899 2704
18624913 8
18624937 323
18624937 2960
18624967 680
18625121 231
18625219 9
18625231 8
18625237 27
18625249 267
18625333 108
18625349 4
18625351 296
18625417 348
18625433 27
18625433 112
18625441 20
18625549 612
18625609 479
18625613 15
18625619 1
18625619 4
18625639 81
18625657 1355
18625657 3323
18625667 84
18625703 81
18625721 703
18625777 8
18625951 4788
18625961 36
18625979 1
18625979 324
18625993 8
18626017 80
18626171 1
18626171 241
18626219 4
18626227 17
18626243 1
18626243 472
18626249 3127
18626291 1
18626357 4
18626371 8
18626437 8
18626437 87
18626471 5848
18626539 120
18626549 4
18626549 31
18626579 1
18626579 1800
18626717 12
18626731 656
18626761 8
18626791 5
18626791 9
18626879 1
18626969 7
18626977 39
18626989 287
18627023 1
18627023 5928
18627179 45
18627197 3120
18627199 7809
18627233 15
18627293 12
18627293 28
18627397 84
18627409 671
18627437 3
18627449 27
18627659 1
18627779 4
18627811 5
18627823 1928
18627881 348
18627941 3
18627989 207
18628003 8040
18628133 76
18628133 168
18628193 3
18628273 671
18628307 192
18628373 72
18628373 88
18628399 12
18628409 4
18628409 135
18628429 7232
18628499 460
18628657 1292
18628657 4659
18628661 3
18628697 348
18628859 1
18628997 3
18628997 4
18629033 3
18629087 60
18629111 9
18629137 3
18629153 903
18629189 4
18629189 75
18629203 92
18629327 829
18629393 2572
18629497 75
18629497 1092
18629497 1127
18629561 171
18629579 5904
18629617 68
18629623 545
18629717 4
18629749 2439
18629869 4776
18629869 5459
18629881 36
18629893 3
18629921 3384
18629929 12
18629939 1
18629987 1789
18630047 133
18630049 12
18630049 35
18630049 3384
18630061 1719
18630077 187
18630119 1
18630247 525
18630379 20
18630397 1863
18630449 7999
18630517 119
18630533 48
18630553 3
18630553 8
18630553 15
18630553 851
18630779 1
18630809 4
18630823 293
18630839 2925
18630853 32
18630863 1
18630863 517
18630917 3
18630917 7
18630917 108
18630919 5
18630923 40
18630959 1
18631057 32
18631073 3
18631199 684
18631271 36
18631351 44
18631451 1
18631579 221
18631631 1
18631649 111
18631687 149
18631777 375
18631793 208
18631807 17
18631807 80
18631841 4
18631861 11
18631867 24
18631939 5
18631957 44
18632077 3
18632083 996
18632113 3
18632113 483
18632129 192
18632191 29
18632227 33
18632279 100
18632363 1
18632429 159
18632531 4576
18632543 205
18632563 173
18632591 1
18632701 819
18632759 4
18632791 813
18632797 15
18632843 1
18632879 1
18632903 1
18632987 45
18632989 24
18633007 5240
18633073 3936
18633149 160
18633191 744
18633193 15
18633193 27
18633193 960
18633269 52
18633269 2224
18633331 20
18633337 20
18633371 1561
18633371 7440
18633401 136
18633413 2863
18633431 96
18633617 7
18633847 8769
18633869 4
18633871 393
18633931 1400
18633947 4
18634013 955
18634013 2740
18634139 1
18634169 12
18634169 76
18634171 45
18634171 429
18634207 3273
18634243 12
18634243 521
18634277 3
18634279 5
18634279 4821
18634331 9
18634331 9369
18634333 2492
18634381 3
18634391 1
18634409 60
18634481 15
18634481 2476
18634633 11
18634691 1
18634709 135
18634753 47
18634817 3
18634831 2568
18634919 9
18634921 15
18634963 60
18634963 176
18635167 120
18635167 420
18635173 3
18635263 21
18635273 3
18635291 9
18635291 105
18635311 3809
18635381 4
18635411 1
18635459 124
18635527 557
18635633 528
18635633 1147
18635651 133
18635653 8
18635759 1
18635759 9
18635783 1
18635873 12
18635873 1011
18635987 2688
18635999 1
18636047 1437
18636077 15
18636091 1484
18636119 24
18636119 2745
18636193 3
18636203 48
18636229 27
18636421 56
18636461 84
18636533 1647
18636599 136
18636661 1148
18636727 120
18636731 1
18636731 181
18636803 2221
18636803 5037
18636857 27
18636881 63
18636881 564
18636899 1
18637009 12
18637019 381
18637109 771
18637141 11
18637243 4773
18637303 360
18637319 1
18637327 17
18637331 1
18637351 5
18637357 12
18637373 1167
18637439 1
18637519 6845
18637523 1
18637561 3
18637643 285
18637649 196
18637679 417
18637681 96
18637781 15
18637781 84
18637781 6603
18637783 588
18637793 1051
18637819 224
18637819 2420
18637823 1
18637921 63
18637987 5933
18638003 1
18638089 3996
18638111 804
18638201 1308
18638219 1
18638311 5
18638593 888
18638701 123
18638771 201
18638911 213
18638957 64
18638957 295
18638999 649
18639311 1
18639421 191
18639479 1
18639487 612
18639493 8
18639493 1032
18639629 60
18639629 139
18639631 3836
18639739 260
18639793 1011
18639839 1
18639883 117
18639889 20
18640001 31
18640001 64
18640019 1
18640079 1080
18640091 96
18640261 168
18640289 564
18640309 359
18640339 681
18640399 12
18640403 1
18640469 2011
18640507 180
18640513 12
18640621 4928
18640663 4913
18640669 32
18640681 135
18640681 1551
18640751 73
18640753 3
18640777 12
18640777 147
18640813 168
18640841 3
18640847 772
18640877 3
18640883 1
18640883 8752
18640883 9676
18640903 8
18640913 5163
18640931 13
18640949 2404
18640967 24
18640987 92
18640987 2168
18641111 24
18641141 240
18641141 9528
18641351 4
18641419 17
18641471 1
18641501 3
18641543 6988
18641561 43
18641621 19
18641731 45
18641801 4
18641813 103
18641813 2455
18641813 4111
18641827 908
18641989 72
18641989 384
18641989 3387
18641999 1
18641999 4
18642101 16
18642101 135
18642133 591
18642193 171
18642199 1680
18642269 4
18642269 4092
18642311 69
18642317 19
18642343 8045
18642347 292
18642517 132
18642539 120
18642583 56
18642583 648
18642601 36
18642647 132
18642809 4
18642809 544
18642839 4
18642851 676
18642887 88
18642887 1428
18642941 15
18642983 252
18643019 12
18643111 6485
18643213 12
18643217 40
18643217 115
18643249 431
18643403 13
18643511 1
18643529 7
18643529 4747
18643567 69
18643619 1636
18643627 444
18643657 2243
18643699 2480
18643717 5543
18643783 8
18643799 1
18643813 1680
18643817 3
18643829 40
18643831 3605
18643837 72
18643873 68
18643939 129
18643991 148
18644063 253
18644063 1800
18644107 353
18644317 3
18644357 7
18644443 1248
18644459 1
18644543 313
18644557 8
18644581 24
18644621 63
18644621 123
18644641 35
18644653 8
18644669 84
18644687 12
18644803 120
18644839 105
18644839 1040
18644867 817
18645127 149
18645161 144
18645223 996
18645247 404
18645247 6068
18645337 15
18645371 129
18645461 2731
18645541 3668
18645551 13
18645577 752
18645629 76
18645689 52
18645691 5
18645691 125
18645721 3
18645761 4
18645773 3
18645773 12
18645841 11
18645871 108
18646003 45
18646027 12
18646079 1
18646079 4
18646129 152
18646129 671
18646139 244
18646151 1
18646151 13
18646151 316
18646211 4
18646231 1056
18646249 71
18646361 3
18646361 96
18646403 1
18646487 33
18646493 360
18646561 128
18646561 4251
18646577 3
18646679 5400
18646687 284
18646777 72
18646829 4
18646877 12
18646877 24
18646877 28
18646877 4335
18646889 4
18646919 24
18646949 9315
18646973 3
18647003 1
18647033 195
18647099 1
18647107 4457
18647117 15
18647117 1104
18647119 12
18647143 45
18647143 116
18647171 73
18647177 12
18647243 1
18647281 3
18647309 2080
18647359 497
18647407 9
18647407 5420
18647437 3
18647539 21
18647557 567
18647621 3288
18647627 13
18647711 729
18647789 52
18647813 51
18647983 396
18648061 8
18648163 8
18648181 9299
18648353 3948
18648401 115
18648449 75
18648491 28
18648499 164
18648521 28
18648521 3268
18648529 204
18648559 5
18648583 8
18648593 1455
18648599 1
18648599 49
18648601 8
18648601 176
18648659 81
18648673 11
18648673 6491
18648761 703
18648761 2251
18648781 3
18648803 1
18648803 165
18648901 840
18648913 60
18648961 2955
18648991 8
18649069 6800
18649097 264
18649151 949
18649199 1
18649207 20
18649223 1
18649273 3
18649373 15
18649373 2475
18649429 3375
18649441 3
18649471 305
18649601 4
18649607 285
18649637 19
18649649 24
18649669 416
18649747 8
18649747 12
18649747 57
18649789 11
18649789 12
18649819 1364
18649903 17
18649931 40
18649973 5928
18650063 181
18650123 1
18650179 512
18650243 132
18650279 1
18650299 5
18650299 216
18650353 60
18650389 1235
18650413 728
18650497 15
18650543 1
18650629 15
18650669 3439
18650699 1
18650699 625
18650713 3
18650771 1
18650803 5
18650831 4
18650893 11
18650899 5
18651049 92
18651079 12
18651079 36
18651097 23
18651197 3
18651211 24
18651221 184
18651313 1235
18651323 1
18651337 659
18651469 11
18651473 2052
18651481 3
18651557 1707
18651623 2305
18651701 1704
18651823 60
18651851 1
18651881 4
18651923 481
18651947 12
18651947 6277
18651953 3
18651967 732
18651991 36
18652037 4407
18652147 369
18652187 3880
18652219 1496
18652409 7
18652457 4
18652511 9
18652523 5977
18652523 6112
18652559 121
18652567 5513
18652603 2268
18652619 1
18652631 33
18652819 8820
18652919 117
18652919 1069
18652993 4083
18653009 4
18653021 3
18653051 264
18653057 3820
18653093 408
18653101 80
18653111 121
18653149 39
18653209 51
18653273 2796
18653431 1940
18653473 3
18653507 1249
18653543 48
18653563 60
18653597 3
18653629 6111
18653651 4
18653749 3620
18653837 5760
18653923 2172
18653963 1
18654113 3
18654149 4
18654149 4387
18654169 207
18654197 39
18654197 399
18654263 1
18654277 3
18654539 9
18654553 8
18654659 1
18654703 8
18654707 4
18654719 1
18654767 192
18654791 1
18654799 717
18654841 35
18654851 4
18654893 7
18654983 1
18655061 111
18655229 651
18655243 5265
18655313 2392
18655327 5
18655327 1344
18655339 569
18655361 4
18655361 459
18655367 4
18655457 15
18655487 33
18655519 5
18655561 8
18655589 687
18655589 5131
18655727 13
18655727 48
18655759 212
18655837 15
18655873 267
18655877 8875
18655883 445
18655883 600
18655909 36
18655979 1
18655981 23
18655991 4
18655991 9
18655999 21
18655999 5240
18656003 1
18656161 7155
18656167 224
18656219 1
18656219 6517
18656359 4149
18656383 68
18656387 9
18656411 1
18656459 2592
18656551 105
18656609 355
18656629 3039
18656669 52
18656747 4
18656747 508
18656783 8796
18656951 60
18656999 1
18656999 172
18657029 7
18657043 177
18657059 124
18657101 28
18657103 165
18657161 3
18657187 837
18657239 1
18657263 28
18657367 12
18657391 101
18657403 53
18657479 141
18657547 105
18657739 9
18657739 6509
18657757 2687
18657781 779
18657839 1
18657883 36
18658043 1
18658091 541
18658099 21
18658111 360
18658111 5229
18658117 140
18658127 4548
18658177 5672
18658181 991
18658207 3732
18658261 108
18658309 140
18658319 1
18658327 204
18658357 3
18658391 2173
18658417 3680
18658427 640
18658427 3565
18658529 4
18658547 312
18658547 7153
18658667 64
18658711 8
18658711 509
18658793 15
18658847 4
18658883 9925
18658973 115
18659009 1195
18659041 20
18659161 5715
18659177 4
18659203 2321
18659213 3
18659213 7
18659287 5
18659321 3264
18659341 8343
18659393 51
18659413 63
18659519 1
18659527 8
18659561 4
18659569 96
18659609 5064
18659629 11
18659741 1536
18659759 1
18659759 7597
18659783 21
18659783 172
18659821 419
18659857 2784
18659857 6960
18659891 2724
18660011 36
18660073 11
18660119 16
18660119 4585
18660157 3
18660193 3
18660251 468
18660287 37
18660287 3048
18660331 7941
18660361 3
18660437 544
18660463 173
18660493 3
18660533 7
18660533 48
18660533 223
18660547 2729
18660623 1
18660623 16
18660623 3165
18660643 6533
18660683 12
18660727 5
18660749 2715
18660769 15
18660779 136
18660893 295
18660893 6928
18661043 93
18661099 36
18661217 7
18661271 64
18661271 408
18661289 84
18661327 1904
18661387 80
18661417 3
18661417 123
18661469 271
18661499 4
18661561 8
18661607 4273
18661633 5667
18661639 65
18661639 741
18661661 43
18661739 1
18661739 1909
18661751 49
18661823 225
18661829 427
18661859 1
18661861 111
18661919 24
18661963 8828
18661991 1
18661997 3
18662089 12
18662159 2236
18662173 308
18662197 12
18662233 3
18662291 1
18662291 4
18662297 24
18662323 1173
18662489 76
18662537 160
18662561 555
18662621 4800
18662627 204
18662639 1
18662659 5
18662671 153
18662671 1581
18662711 1
18662711 9
18662771 13
18662797 23
18662851 4841
18662873 7
18662873 12
18662893 108
18662933 156
18662933 3520
18662947 293
18662983 180
18662993 43
18662993 96
18663013 11
18663013 12
18663013 327
18663017 43
18663109 39
18663119 1
18663119 9
18663167 40
18663167 49
18663181 7320
18663199 6692
18663347 6652
18663353 7
18663779 1
18663803 1
18663839 1
18663857 3
18663859 1361
18663913 51
18663917 40
18663929 171
18664157 1267
18664183 5
18664183 12
18664183 381
18664199 1
18664199 12
18664253 5200
18664259 1
18664259 2740
18664367 9228
18664577 4
18664651 5
18664673 7752
18664703 1
18664721 4
18664801 303
18664819 1800
18664831 5
18664843 5
18664843 57
18664873 875
18664993 476
18664999 2289
18665021 4
18665071 8
18665077 7275
18665117 499
18665203 77
18665203 380
18665219 1
18665219 2452
18665321 60
18665321 175
18665341 3
18665341 11
18665369 5692
18665393 475
18665459 1
18665459 21
18665509 15
18665509 20
18665513 283
18665587 5
18665659 369
18665729 7
18665729 459
18665743 17
18665819 1
18665833 92
18665873 88
18665929 36
18666071 193
18666121 164
18666157 8
18666161 691
18666211 80
18666233 276
18666331 4380
18666383 1
18666419 1
18666467 124
18666497 24
18666499 189
18666503 3448
18666511 1281
18666533 2908
18666707 144
18666707 1428
18666709 480
18666733 1056
18666763 53
18666763 996
18666779 532
18666779 1077
18666839 1
18666997 999
18667009 876
18667081 44
18667247 4
18667321 48
18667321 7959
18667331 1
18667357 120
18667361 2491
18667399 3929
18667409 39
18667589 8136
18667591 8
18667591 29
18667609 32
18667639 17
18667679 1
18667711 5
18667723 7788
18667739 9
18667787 60
18667801 1095
18667919 1
18668011 29
18668047 5
18668059 5
18668059 1524
18668213 3
18668333 7
18668333 40
18668357 7
18668357 1675
18668381 3
18668381 168
18668437 3563
18668449 4535
18668473 1275
18668597 3
18668597 3300
18668599 5
18668759 1
18668759 16
18668821 23
18668959 20
18669017 300
18669029 180
18669103 17
18669103 501
18669121 263
18669121 599
18669173 3
18669323 9552
18669373 15
18669389 12
18669577 24
18669577 9404
18669589 11
18669589 71
18669589 420
18669593 3363
18669671 541
18669779 169
18669787 9
18669829 75
18669841 11
18669907 329
18669943 8
18669971 1
18669971 6481
18669977 72
18670009 39
18670033 72
18670037 3220
18670079 36
18670111 29
18670123 48
18670177 35
18670247 249
18670259 1
18670303 8
18670313 51
18670321 2219
18670343 36
18670343 96
18670367 9
18670507 165
18670507 380
18670591 633
18670637 28
18670723 372
18670831 8
18670849 4536
18670853 76
18670921 315
18671153 7
18671293 3
18671293 5055
18671381 15
18671473 752
18671483 2992
18671519 52
18671537 4
18671557 267
18671557 3359
18671581 8
18671581 1979
18671683 17
18671683 188
18671743 1937
18671747 9
18671749 84
18671923 17
18671941 44
18671981 40
18672109 20
18672221 76
18672253 8
18672349 3660
18672359 9
18672359 12
18672359 3744
18672373 3
18672397 3
18672413 315
18672473 492
18672541 2360
18672601 23
18672653 120
18672701 5088
18672739 89
18672761 3
18672761 60
18672809 12
18672809 19
18672859 1520
18672923 76
18672931 5
18672931 1029
18672947 2604
18673027 437
18673037 1135
18673073 3256
18673097 3
18673097 8340
18673103 1
18673139 1
18673139 189
18673211 1
18673211 121
18673229 4
18673229 7
18673283 1
18673313 12
18673321 35
18673349 7
18673379 1
18673387 20
18673393 35
18673393 87
18673393 1083
18673397 15
18673397 19
18673397 295
18673469 147
18673513 5327
18673583 33
18673583 73
18673643 1
18673661 171
18673663 8
18673663 9788
18673673 316
18673813 12
18673813 1580
18674129 5632
18674171 69
18674197 1379
18674213 127
18674303 208
18674303 1113
18674423 6385
18674437 3692
18674471 1
18674543 40
18674659 104
18674699 1
18674749 140
18674767 92
18674783 1
18674783 1552
18674819 4
18674819 3537
18674867 4
18674939 249
18674951 1
18674951 49
18675253 132
18675281 4
18675281 108
18675317 7327
18675323 105
18675353 3
18675353 4408
18675383 12
18675383 28
18675413 1227
18675427 2408
18675431 64
18675431 2101
18675533 7
18675583 377
18675659 1
18675677 1167
18675691 1196
18675749 7
18675757 6824
18675791 1
18675817 204
18675991 8
18675991 41
18675991 53
18676001 2295
18676121 64
18676121 231
18676201 95
18676223 7645
18676351 29
18676381 63
18676459 9
18676481 4
18676571 36
18676597 3
18676673 51
18676709 8655
18676733 40
18676789 3972
18676883 552
18676951 825
18676967 105
18676967 2952
18677051 1
18677111 1
18677111 144
18677111 1189
18677137 47
18677143 101
18677231 1
18677249 96
18677303 1
18677303 37
18677381 60
18677411 1941
18677579 9
18677683 3885
18677723 1
18677777 3
18677797 167
18677809 2684
18677843 1
18677873 9591
18677977 59
18677993 192
18678073 8
18678119 1
18678157 2948
18678173 28
18678217 927
18678217 5624
18678221 8248
18678293 3
18678307 8
18678487 1649
18678509 39
18678509 52
18678509 172
18678547 5
18678587 1389
18678623 1
18678643 9741
18678719 5052
18678731 4
18678763 17
18678763 4073
18678763 4980
18678791 280
18678799 9956
18678853 12
18678917 27
18678973 8
18679121 96
18679201 2031
18679207 153
18679207 993
18679433 700
18679457 499
18679553 3
18679613 223
18679693 536
18679789 111
18679951 56
18680003 1
18680003 2520
18680083 2157
18680111 1
18680113 176
18680159 1
18680177 12
18680243 60
18680269 59
18680273 1791
18680317 3
18680317 704
18680323 8661
18680353 8
18680353 2648
18680377 8
18680377 132
18680411 4
18680443 221
18680621 271
18680699 745
18680759 9
18680897 64
18680911 5
18680927 624
18680929 104
18680929 356
18680989 740
18681031 1953
18681197 4
18681203 1
18681227 1252
18681259 69
18681301 1616
18681323 45
18681329 4
18681329 36
18681431 1
18681491 69
18681491 181
18681547 192
18681571 21
18681571 69
18681647 148
18681697 3
18681791 1053
18681791 3573
18681853 11
18681961 68
18681961 560
18682009 647
18682033 4556
18682063 21
18682063 33
18682091 1
18682091 741
18682163 577
18682219 845
18682229 439
18682231 648
18682369 20
18682369 87
18682399 5
18682399 5732
18682421 3
18682493 3
18682501 3
18682619 1
18682661 171
18682673 16
18682679 1
18682747 8
18682747 209
18682849 159
18682907 9552
18682919 249
18682997 12
18683009 4291
18683033 3
18683177 4
18683183 1
18683239 425
18683321 3
18683333 16
18683387 3433
18683537 43
18683657 7
18683953 2072
18684013 3
18684101 199
18684209 1555
18684217 15
18684299 1
18684301 24
18684311 9
18684389 16
18684433 2460
18684559 45
18684559 96
18684703 273
18684703 912
18684719 2364
18684767 4
18684767 33
18684773 1491
18684821 7783
18684823 5
18684829 1239
18684829 3180
18684851 3868
18684863 1
18684871 269
18684907 1517
18684907 2069
18684917 7
18684917 19
18684979 252
18685049 96
18685067 4
18685087 209
18685099 80
18685187 40
18685301 3
18685301 28
18685351 128
18685399 20
18685423 105
18685439 24
18685441 180
18685571 1
18685577 499
18685619 1
18685663 1980
18685673 5515
18685673 9931
18685739 3300
18685757 3
18685757 199
18685783 1148
18685801 2031
18685859 109
18685871 1
18685957 107
18685967 204
18686011 9528
18686203 5
18686203 65
18686461 920
18686531 13
18686543 1
18686543 7072
18686573 3
18686579 9
18686579 1924
18686827 8
18686827 213
18686873 43
18686909 4
18686911 4341
18686977 428
18687023 57
18687061 11
18687061 20
18687083 1
18687269 3580
18687329 5644
18687379 885
18687433 3
18687433 9716
18687457 12
18687481 159
18687511 144
18687527 3484
18687587 4
18687731 1
18687797 5575
18687859 5
18687869 4
18687943 7457
18688037 3
18688057 3
18688211 9424
18688297 1079
18688297 1328
18688303 3017
18688391 1
18688403 372
18688421 196
18688451 1
18688573 35
18688583 1
18688643 1
18688643 4585
18688667 4
18688721 3
18688721 1135
18688759 197
18688823 1
18688927 9929
18688931 1
18688979 25
18688979 2860
18688981 23
18689003 1
18689131 9
18689131 225
18689131 2165
18689149 1487
18689189 4
18689197 104
18689227 2580
18689233 123
18689233 2000
18689233 5367
18689243 33
18689291 84
18689351 168
18689357 1455
18689441 36
18689491 60
18689509 15
18689527 48
18689527 585
18689557 1340
18689617 24
18689617 4628
18689653 2187
18689719 272
18689771 1
18689771 36
18689813 16
18689893 300
18689897 1263
18689917 60
18690029 19
18690031 21
18690043 8
18690047 733
18690109 3659
18690173 31
18690211 2604
18690247 392
18690257 3
18690307 3929
18690317 3
18690377 3
18690391 8
18690407 9
18690431 589
18690437 24
18690487 12
18690541 1416
18690601 3524
18690673 51
18690733 8
18690733 111
18690823 21
18690869 12
18690901 8
18690907 68
18691091 24
18691103 1
18691133 115
18691133 2812
18691133 4275
18691199 4
18691201 3
18691339 620
18691391 693
18691397 3
18691397 339
18691397 8215
18691423 17
18691487 4
18691511 1
18691567 12
18691657 15
18691679 1332
18691693 96
18691787 100
18691909 2747
18691931 21
18692087 420
18692183 1
18692183 436
18692183 1356
18692183 7573
18692189 87
18692251 5
18692341 111
18692357 7
18692357 24
18692431 156
18692431 1389
18692549 1164
18692593 6072
18692627 4173
18692669 8187
18692693 1315
18692711 1
18692719 557
18692819 1
18692819 4
18692851 224
18692857 8
18692857 15
18692897 63
18692897 87
18692897 115
18692909 504
18692929 339
18692953 3
18692953 416
18692983 2900
18692987 57
18693097 1368
18693151 36
18693163 113
18693179 1660
18693209 24
18693331 9
18693439 84
18693481 23
18693497 3675
18693529 131
18693529 2420
18693643 296
18693749 7
18693799 17
18693799 1040
18693881 3
18693889 344
18693901 539
18693907 8
18693907 132
18693959 1
18693979 45
18694031 1
18694079 1
18694103 792
18694153 3243
18694199 1
18694199 16
18694217 4
18694409 1356
18694411 9
18694433 3
18694463 12
18694601 640
18694691 1
18694691 21
18694691 49
18694703 33
18694703 117
18694703 153
18694703 7405
18694757 3
18694769 15
18694807 20
18694807 209
18694843 5952
18694859 1
18694867 1089
18694919 1
18694919 5176
18695051 1
18695051 3384
18695099 549
18695129 276
18695129 339
18695161 3
18695161 1988
18695191 5
18695279 1
18695329 35
18695371 20
18695419 5
18695419 12
18695419 261
18695423 3268
18695473 15
18695533 147
18695779 44
18695779 765
18695827 9
18695837 40
18695893 68
18696017 7
18696049 4664
18696127 6224
18696163 3665
18696179 60
18696233 27
18696299 1
18696373 3875
18696397 1560
18696421 636
18696479 1
18696479 7777
18696563 1
18696563 2952
18696649 104
18696749 7
18696761 3
18696773 36
18696791 1
18696841 164
18696841 855
18696913 1080
18696947 24
18696983 148
18697157 4615
18697291 173
18697291 240
18697291 1656
18697339 1277
18697403 345
18697447 5
18697453 227
18697457 55
18697559 1
18697579 549
18697583 1
18697669 36
18697747 3765
18697753 311
18697759 17
18697907 1732
18698041 60
18698047 92
18698051 7165
18698059 497
18698137 5844
18698153 15
18698233 12
18698233 375
18698237 8919
18698263 672
18698263 1077
18698297 9927
18698377 47
18698441 63
18698461 11
18698497 12
18698539 3401
18698551 5
18698557 59
18698573 3
18698629 8055
18698663 5100
18698737 495
18698741 15
18698749 12
18698777 84
18698777 3012
18698899 3356
18698951 1
18698959 5
18698959 29
18698959 329
18699019 824
18699077 7
18699203 1
18699203 97
18699223 156
18699257 63
18699259 5
18699311 13
18699361 3
18699487 9432
18699511 56
18699521 1083
18699533 1575
18699589 155
18699601 159
18699601 995
18699761 4
18699787 32
18699823 500
18699887 229
18699887 648
18700001 319
18700013 6276
18700093 867
18700163 1
18700183 528
18700183 1176
18700457 3
18700499 1
18700511 16
18700531 89
18700601 123
18700613 7
18700631 36
18700687 53
18700691 1
18700733 16
18700733 168
18700733 2068
18700763 1
18700763 12
18700819 24
18700907 9
18700907 117
18700949 36
18700949 639
18701183 1
18701237 7
18701273 28
18701351 60
18701357 363
18701399 12
18701531 1
18701593 303
18701611 4560
18701677 20
18701677 135
18701729 15
18701791 9
18701987 520
18701993 6087
18702001 3
18702001 5651
18702029 40
18702161 3244
18702169 1407
18702221 96
18702253 1868
18702253 3615
18702263 1888
18702347 2157
18702349 56
18702643 7301
18702701 3
18702769 575
18702781 3704
18702793 8876
18702869 760
18702899 4
18702917 3
18702961 159
18702961 248
18702967 72
18702977 4668
18702977 8227
18702991 7041
18703031 253
18703159 1661
18703159 4709
18703183 56
18703183 380
18703397 268
18703411 24
18703427 2644
18703501 300
18703511 1
18703511 6801
18703583 768
18703709 7
18703709 2680
18703717 23
18703781 3
18703793 12
18703829 156
18703897 6392
18703931 1
18703931 4944
18703931 8209
18704051 48
18704111 1
18704137 12
18704171 240
18704173 263
18704173 3267
18704201 3
18704243 1
18704243 21
18704363 1
18704381 4
18704431 5
18704533 212
18704537 3295
18704597 4
18704627 448
18704639 1
18704761 104
18704887 3489
18704989 984
18705019 117
18705031 8
18705103 12
18705257 3
18705263 2380
18705277 84
18705283 212
18705341 168
18705469 227
18705523 8
18705587 4
18705751 9
18705769 11
18705779 1
18705779 16
18705809 4
18705809 660
18705821 280
18705871 4029
18705949 87
18705983 25
18705983 157
18705983 2200
18705983 6997
18706027 6413
18706111 4769
18706151 100
18706151 136
18706319 9
18706367 9
18706379 1
18706379 5377
18706411 104
18706447 1440
18706559 4177
18706603 5
18706679 117
18706679 297
18706729 9312
18706829 7207
18706873 1395
18706901 940
18706903 5
18706997 19
18706997 5283
18707041 84
18707041 168
18707041 2223
18707063 12
18707083 3968
18707201 4
18707231 1
18707243 396
18707333 16
18707389 152
18707413 3
18707413 1472
18707501 660
18707519 1
18707519 237
18707527 29
18707641 11
18707651 9
18707713 32
18707713 5751
18707771 448
18707839 1764
18707863 5
18707863 456
18707867 28
18708023 1
18708119 4
18708119 52
18708229 20
18708229 1280
18708289 551
18708289 7472
18708337 5699
18708377 48
18708409 6212
18708419 1
18708463 5
18708527 60
18708553 3
18708553 8523
18708607 9
18708607 237
18708707 1588
18708709 7440
18708731 369
18708797 7
18708871 141
18708917 24
18708917 195
18708917 2140
18708923 8416
18708931 8925
18708971 1713
18709021 2363
18709043 1473
18709081 171
18709157 28
18709169 4
18709193 3
18709237 104
18709253 28
18709267 68
18709349 4
18709363 413
18709387 144
18709391 16
18709393 12
18709447 48
18709517 7
18709573 27
18709589 19
18709591 2864
18709697 3
18709697 7
18709697 360
18709711 21
18709739 1
18709763 1
18709799 4
18709799 109
18709837 168
18709841 31
18709853 207
18709961 3
18710099 1
18710147 1569
18710171 1
18710243 12
18710273 352
18710297 183
18710299 369
18710311 2220
18710357 160
18710407 113
18710509 1007
18710603 37
18710617 3
18710617 20
18710683 17
18710717 3
18710717 67
18710723 12
18710723 3001
18710743 21
18710743 32
18710759 1
18710767 8
18710819 2149
18710873 3
18710899 57
18710911 176
18710959 32
18711059 1180
18711089 7
18711089 4876
18711137 3
18711139 44
18711221 3
18711227 4
18711239 1
18711247 2193
18711403 36
18711403 197
18711421 48
18711479 4
18711541 324
18711571 1593
18711587 7980
18711601 3
18711601 1079
18711607 12
18711607 17
18711617 4
18711629 3639
18711743 1
18711787 257
18711947 84
18711977 4
18711977 672
18712039 129
18712061 16
18712081 3
18712091 5964
18712129 284
18712289 1819
18712303 1056
18712327 665
18712411 7200
18712469 1491
18712471 8
18712607 117
18712621 60
18712709 76
18712717 3
18712789 71
18712817 9828
18712879 1820
18712879 7800
18712921 11
18712943 1
18712943 12
18713027 25
18713129 775
18713147 612
18713159 4
18713269 384
18713287 593
18713287 5348
18713291 1
18713333 507
18713333 972
18713339 1
18713339 21
18713353 156
18713393 16
18713459 4
18713459 25
18713489 7
18713521 83
18713533 771
18713573 2011
18713603 561
18713813 352
18713857 83
18713921 51
18713921 5431
18713963 1
18714011 16
18714013 6855
18714023 1
18714067 200
18714103 20
18714181 3
18714217 1559
18714217 8487
18714257 427
18714349 6156
18714361 20
18714419 117
18714559 1661
18714649 59
18714659 1
18714659 97
18714719 1
18714763 173
18714779 1
18714797 2575
18714827 4
18714833 3
18714911 105
18714919 17
18714953 172
18714953 5695
18714959 1
18714959 177
18715013 7920
18715051 836
18715223 13
18715231 20
18715253 3
18715253 3732
18715357 524
18715601 220
18715601 1071
18715649 8260
18715717 20
18715777 272
18715783 636
18715787 1648
18715799 4
18715831 5
18715867 9957
18715871 1
18716003 3381
18716161 3
18716179 3297
18716189 52
18716231 1
18716231 4
18716237 723
18716353 132
18716471 1
18716479 2052
18716531 1
18716557 600
18716603 16
18716603 60
18716617 423
18716627 429
18716639 9
18716639 16
18716849 2716
18716941 15
18716993 8248
18717229 5556
18717277 1043
18717541 80
18717619 12
18717661 3
18717683 52
18717781 228
18717863 2961
18717971 1
18717971 5808
18718001 39
18718001 151
18718009 3647
18718019 1
18718031 4
18718103 1
18718121 364
18718127 1497
18718171 9
18718283 13
18718283 81
18718319 1
18718379 1
18718379 1020
18718417 23
18718501 528
18718519 5
18718571 21
18718571 481
18718697 1383
18718729 231
18718759 7545
18718787 1977
18718883 9337
18718927 20
18718943 1
18718961 16
18719087 25
18719149 1124
18719191 201
18719219 1
18719249 76
18719303 40
18719357 3
18719423 72
18719509 1100
18719513 403
18719549 4
18719627 24
18719689 36
18719783 633
18719849 4
18719879 7405
18719917 308
18719963 48
18719983 8541
18720173 40
18720203 1
18720343 5
18720379 21
18720389 7192
18720419 336
18720431 153
18720563 13
18720593 3412
18720599 1
18720599 4089
18720619 4856
18720673 3
18720677 40
18720707 24
18720707 109
18720739 189
18720739 561
18720803 48
18720881 3
18721007 4
18721033 1620
18721091 1228
18721123 7881
18721127 13
18721159 20
18721249 107
18721271 1
18721309 24
18721459 9
18721481 4
18721481 15
18721699 320
18721723 5
18721753 111
18721757 4
18721903 5
18721987 9
18721991 1
18722003 280
18722089 180
18722149 27
18722159 700
18722183 1
18722191 1680
18722323 1281
18722359 1737
18722461 1791
18722489 7851
18722503 8
18722549 915
18722633 3
18722741 3
18722741 151
18722747 4
18722761 23
18722761 8708
18722909 4
18722941 3
18722947 29
18722947 33
18723013 1980
18723043 1452
18723053 1407
18723143 1
18723301 624
18723323 48
18723337 23
18723337 195
18723407 40
18723451 56
18723457 1412
18723487 5
18723487 17
18723577 8
18723577 867
18723671 621
18723751 185
18723781 6119
18723917 3
18723941 1219
18723959 1
18723967 324
18724051 5
18724091 9
18724091 76
18724091 120
18724229 2256
18724399 32
18724523 3781
18724561 8
18724561 3359
18724597 12
18724619 9
18724637 39
18724637 120
18724687 9597
18724697 3
18724723 360
18724733 52
18724777 264
18724801 360
18724813 36
18724841 5695
18724859 1561
18724931 4
18724931 148
18724949 711
18724957 27
18724957 2084
18724963 320
18724991 1
18725033 148
18725099 12
18725111 100
18725123 1
18725137 72
18725269 7187
18725281 96
18725309 5971
18725363 1
18725383 5033
18725419 3437
18725453 1147
18725489 64
18725537 4
18725557 12
18725573 4332
18725593 708
18725669 4
18725711 1
18725747 6349
18725803 8
18725821 3
18725893 3420
18725921 43
18725921 996
18725957 7
18725969 27
18725981 4
18725983 53
18726073 15
18726073 71
18726073 4547
18726193 3
18726221 4
18726283 293
18726311 865
18726353 76
18726361 2984
18726427 20
18726479 1
18726493 527
18726523 392
18726637 1620
18726661 15
18726703 8
18726781 1043
18726781 9723
18726863 1
18726863 37
18726881 4
18726901 11
18726923 1
18726947 492
18727067 49
18727091 73
18727157 4572
18727223 85
18727223 856
18727259 4
18727339 41
18727351 8
18727537 12
18727567 20
18727619 1
18727619 37
18727663 228
18727739 1305
18727757 4923
18727759 5
18727781 1239
18727859 24
18727987 173
18727987 2664
18728009 7
18728009 447
18728009 3807
18728051 1
18728051 33
18728063 1
18728063 12
18728071 2544
18728111 49
18728111 7021
18728131 44
18728131 65
18728249 111
18728249 484
18728291 1
18728393 36
18728399 61
18728447 12
18728467 269
18728497 3
18728533 95
18728551 3356
18728561 171
18728579 1
18728639 1
18728639 72
18728653 716
18728821 8
18728903 1
18728903 85
18728921 4
18728977 2619
18729059 1
18729187 12
18729229 611
18729229 732
18729233 3
18729317 27
18729401 3036
18729443 1
18729457 4704
18729509 1072
18729523 93
18729539 9
18729539 105
18729583 20
18729671 1
18729677 727
18729707 93
18729707 177
18729709 132
18729721 863
18729757 1232
18729769 51
18729941 103
18729941 276
18730091 1320
18730157 4
18730157 48
18730193 7
18730307 4
18730307 9
18730489 11
18730501 15
18730529 19
18730573 5552
18730589 9184
18730609 11
18730619 1
18730771 525
18730799 25
18730823 7777
18730861 15
18730909 3180
18730961 339
18730981 95
18730981 2348
18731021 4
18731023 12
18731113 3
18731117 84
18731171 1
18731183 1
18731371 9
18731393 1255
18731393 1476
18731411 28
18731417 867
18731437 15
18731437 288
18731483 240
18731539 29
18731579 241
18731623 8
18731627 4
18731633 67
18731641 819
18731653 287
18731693 12
18731747 5773
18731753 235
18731857 3
18731861 15
18731887 429
18731887 492
18731887 1128
18731903 1
18731903 2400
18731917 8
18731939 700
18731981 3
18731981 720
18731987 4
18732023 1536
18732059 552
18732137 8979
18732151 5405
18732199 81
18732209 36
18732247 8
18732247 3060
18732257 7252
18732341 3
18732491 1
18732491 16
18732491 96
18732541 2240
18732547 8
18732577 104
18732599 1
18732599 12
18732653 3756
18732829 59
18732829 216
18732839 1
18732839 1029
18732871 104
18732877 104
18732947 97
18732991 245
18733093 35
18733097 43
18733097 447
18733103 1
18733111 4880
18733139 1
18733151 21
18733151 7140
18733157 987
18733399 885
18733499 1
18733553 16
18733567 1028
18733613 4543
18733619 1
18733619 157
18733723 1085
18733727 360
18733727 369
18733763 21
18733763 441
18733831 68
18733859 85
18733859 484
18733879 684
18733903 1577
18733969 1604
18733973 148
18733973 1072
18733991 13
18733991 4813
18733991 6208
18734113 51
18734141 28
18734147 6108
18734189 847
18734231 4
18734239 5
18734239 80
18734251 5
18734251 4236
18734257 3
18734267 453
18734267 2112
18734291 9
18734431 9
18734467 8880
18734531 985
18734563 1472
18734587 12
18734641 11
18734641 3039
18734693 1968
18734701 251
18734861 28
18734879 1
18734977 15
18735053 235
18735077 7003
18735221 3723
18735239 1
18735293 928
18735293 1447
18735347 69
18735419 12
18735583 380
18735623 21
18735641 96
18735641 208
18735817 3
18735883 1265
18735907 8
18735911 1
18735931 8
18735979 9
18736037 39
18736043 9096
18736061 99
18736153 32
18736169 15
18736169 19
18736219 24
18736259 16
18736259 3640
18736271 216
18736297 3
18736301 48
18736301 1620
18736331 1
18736357 3
18736411 29
18736427 3049
18736441 380
18736457 187
18736573 156
18736607 3157
18736609 4755
18736637 439
18736693 20
18736693 5640
18736759 12
18736819 152
18736841 39
18736853 3916
18736891 29
18736997 75
18736997 295
18736999 5
18737003 337
18737063 3657
18737149 264
18737177 3
18737263 12
18737263 5397
18737269 116
18737297 4
18737311 29
18737473 3
18737497 204
18737561 100
18737569 32
18737647 68
18737659 5
18737669 1252
18737711 2560
18737783 3033
18737813 828
18737827 4860
18737843 1
18737879 1
18737951 1
18738023 160
18738079 8060
18738179 489
18738197 3
18738311 1596
18738337 3
18738373 11
18738373 935
18738479 2212
18738527 4
18738667 5
18738667 245
18738779 8197
18738847 365
18738899 1
18738899 61
18738899 136
18738943 441
18738971 33
18738989 7
18739183 105
18739199 249
18739211 1
18739433 255
18739459 12
18739541 4
18739619 109
18739859 685
18739867 8037
18739891 213
18739951 56
18739951 120
18739951 9096
18740017 6840
18740063 1
18740081 5344
18740083 152
18740191 5
18740219 1
18740219 109
18740219 3360
18740221 3
18740291 4540
18740297 3
18740299 29
18740333 55
18740339 1
18740363 1
18740363 13
18740411 16
18740483 1
18740489 112
18740531 1
18740677 3
18740677 24
18740713 3
18740737 12
18740737 740
18740797 8
18740857 1952
18740863 48
18740881 36
18740903 4396
18740923 773
18740941 3
18741029 184
18741083 1
18741161 3
18741197 3
18741209 187
18741269 51
18741287 64
18741377 4
18741397 3
18741397 47
18741397 2372
18741419 141
18741449 315
18741487 8093
18741529 167
18741659 1
18741713 3
18741727 45
18741727 144
18741739 20
18741761 3
18741781 363
18741781 468
18741839 1
18741893 3
18741893 1500
18741911 21
18741979 129
18742021 1575
18742051 728
18742123 212
18742123 9513
18742159 624
18742253 196
18742253 2412
18742261 3344
18742319 1
18742319 2497
18742349 67
18742363 81
18742391 40
18742523 1
18742523 36
18742543 5
18742543 12
18742547 88
18742579 1932
18742583 1
18742643 12
18742649 27
18742649 6280
18742727 13
18742849 131
18742901 100
18742957 419
18743009 24
18743029 240
18743047 1152
18743051 529
18743051 753
18743069 6435
18743099 4
18743099 9436
18743117 484
18743119 609
18743149 20
18743363 1
18743369 391
18743449 527
18743477 3
18743513 595
18743521 24
18743591 1
18743663 336
18743693 7
18743729 8356
18743731 5
18743771 6204
18743951 1
18744221 24
18744223 1541
18744227 1053
18744233 3
18744293 820
18744307 29
18744331 68
18744361 8156
18744371 1
18744391 305
18744413 196
18744443 1
18744487 80
18744487 633
18744619 116
18744641 3
18744823 20
18744889 32
18744889 5564
18744983 1
18745079 9
18745217 19
18745351 984
18745369 47
18745387 8753
18745393 9156
18745403 1
18745567 8
18745631 1
18745693 800
18745763 1
18745921 1604
18745949 367
18745967 297
18746003 33
18746033 4171
18746071 69
18746071 753
18746099 265
18746111 1
18746113 168
18746149 5159
18746183 36
18746183 897
18746183 2413
18746243 417
18746243 532
18746333 7
18746333 112
18746503 185
18746527 92
18746639 4
18746641 23
18746647 12
18746671 1596
18746729 336
18746831 13
18746831 25
18746891 121
18746951 73
18747007 45
18747023 40
18747023 328
18747037 44
18747059 4
18747121 48
18747241 3
18747251 844
18747259 5
18747259 644
18747301 8219
18747341 4
18747389 1455
18747403 3617
18747457 8
18747499 65
18747503 88
18747517 99
18747523 57
18747523 441
18747563 1
18747571 1664
18747611 1
18747671 1
18747709 876
18747713 3
18747713 31
18747731 24
18747731 364
18747767 4504
18747779 1
18747779 585
18747793 7740
18747907 9
18747959 1
18748033 3
18748091 1
18748241 943
18748277 15
18748333 4136
18748333 8115
18748339 1196
18748343 1
18748351 44
18748403 1
18748403 7785
18748417 3
18748417 1068
18748453 11
18748453 12
18748537 219
18748537 6003
18748549 9576
18748699 165
18748727 529
18748813 3
18748813 491
18748837 147
18748871 1
18748937 1107
18748957 123
18749123 1645
18749179 161
18749207 544
18749231 1
18749231 4
18749233 323
18749243 181
18749273 1356
18749279 4984
18749329 351
18749359 5
18749429 2032
18749459 1
18749477 3
18749537 3
18749579 1
18749579 4
18749659 32
18749737 3
18749771 168
18749771 204
18749779 56
18749867 100
18749867 240
18749959 36
18750001 15
18750089 1932
18750163 776
18750229 1112
18750299 4
18750299 25
18750299 505
18750311 49
18750311 5329
18750341 7683
18750421 243
18750437 507
18750467 88
18750503 1
18750503 988
18750631 33
18750671 28
18750673 11
18750793 752
18750829 939
18750857 3
18750917 63
18750931 101
18751013 6343
18751127 132
18751189 279
18751189 3660
18751199 4
18751211 2149
18751231 4553
18751259 1
18751283 1
18751387 12
18751393 5487
18751399 9
18751441 24
18751441 84
18751591 224
18751657 4935
18751709 4
18751709 19
18751757 243
18751937 64
18752087 5869
18752099 4
18752099 261
18752159 1
18752231 33
18752267 2677
18752287 1497
18752317 3
18752329 432
18752347 24
18752399 9
18752399 16
18752413 407
18752417 3
18752441 8448
18752471 4
18752471 40
18752579 9
18752609 15
18752663 52
18752731 228
18752761 339
18752761 920
18752869 1871
18752939 1
18753037 2115
18753121 36
18753263 40
18753331 836
18753521 100
18753529 47
18753557 192
18753643 5
18753643 17
18753649 7955
18753653 3
18753733 188
18753797 3
18753803 1
18753803 105
18753811 173
18753821 79
18753859 8265
18753863 1
18753863 6180
18753881 36
18753881 4476
18753929 1072
18753979 125
18754027 680
18754031 1
18754117 207
18754199 120
18754199 540
18754199 7540
18754249 279
18754259 85
18754279 225
18754303 8
18754319 2224
18754327 269
18754331 1
18754441 3
18754517 763
18754543 5
18754559 1
18754609 135
18754661 4
18754661 48
18754663 1656
18754667 324
18754669 12
18754669 1476
18754709 316
18754717 3
18754717 123
18754781 3
18755017 2468
18755053 291
18755069 3547
18755207 4057
18755309 15
18755459 169
18755497 39
18755507 273
18755543 1
18755567 1908
18755617 12
18755647 153
18755683 105
18755683 1637
18755699 1
18755719 5
18755767 857
18755791 228
18755843 2961
18755887 7452
18755897 3
18755909 16
18755911 56
18755927 117
18755951 4
18755959 5
18755959 2072
18755969 4759
18756071 1
18756191 16
18756193 20
18756289 15
18756323 1
18756343 161
18756421 11
18756467 1857
18756653 7
18756701 148
18756719 37
18756719 396
18756821 2871
18756827 193
18756863 1153
18756931 8
18756949 671
18757223 301
18757279 209
18757337 3
18757357 3
18757369 36
18757411 5
18757411 296
18757429 35
18757441 68
18757441 159
18757463 1
18757517 6243
18757553 123
18757597 3
18757723 5
18757723 17
18757733 7
18757793 3147
18757799 72
18757801 7043
18757829 100
18757859 85
18758167 3728
18758329 240
18758347 224
18758351 5260
18758407 2580
18758407 6573
18758423 1
18758507 4
18758711 1
18758711 36
18758783 1
18758809 104
18758863 80
18758863 9657
18758899 3029
18758921 1351
18758953 131
18758953 1596
18759113 16
18759131 1
18759131 24
18759187 12
18759197 199
18759233 16
18759359 700
18759373 591
18759413 963
18759443 436
18759539 1164
18759553 15
18759563 232
18759649 87
18759803 72
18759847 8205
18759883 48
18759941 276
18759941 5751
18759953 16
18759967 132
18760139 741
18760151 1
18760151 21
18760151 100
18760207 60
18760219 1932
18760271 124
18760283 3708
18760319 8001
18760397 52
18760481 4
18760501 9200
18760559 45
18760697 4
18760697 123
18760697 4180
18760823 1
18760913 396
18760949 7620
18760967 289
18760967 604
18760991 4
18761063 337
18761069 4
18761069 19
18761089 2196
18761143 8
18761159 1
18761159 16
18761177 19
18761263 96
18761263 1136
18761363 780
18761371 224
18761389 915
18761423 36
18761461 519
18761461 4968
18761621 3
18761653 620
18761779 36
18761783 1
18761857 8
18761881 743
18761903 1
18761929 140
18761929 179
18761933 7
18761957 52
18761959 441
18761993 7
18762011 25
18762049 24
18762049 75
18762127 8
18762127 9
18762151 141
18762173 3
18762193 11
18762209 12
18762251 1
18762251 4
18762277 15
18762277 6999
18762299 825
18762433 3260
18762539 21
18762553 32
18762553 48
18762571 48
18762629 336
18762697 168
18762721 8
18762721 5919
18762761 2904
18762833 12
18762839 1
18762893 16
18762907 8
18762923 1
18762943 32
18763103 1
18763141 3
18763141 1475
18763163 6013
18763187 633
18763273 156
18763309 4032
18763337 3
18763439 1884
18763453 8
18763483 1400
18763487 312
18763489 7140
18763499 1
18763637 3
18763637 12
18763639 8592
18763681 1155
18763687 33
18763687 48
18763721 8631
18763751 24
18763861 2511
18763873 3
18763873 456
18763873 4476
18763933 1748
18763991 9
18763991 736
18764051 1
18764051 4
18764111 1
18764197 3
18764197 2712
18764219 4
18764237 3
18764237 7
18764293 896
18764351 6928
18764387 108
18764401 3
18764411 9
18764521 59
18764531 1648
18764539 5
18764591 148
18764639 1
18764687 3957
18764693 3
18764789 7
18764789 2575
18764831 1
18764897 7
18765029 4
18765083 12
18765269 4
18765281 111
18765281 231
18765319 416
18765347 2512
18765367 164
18765403 380
18765437 2079
18765451 321
18765479 4
18765479 120
18765503 40
18765557 3
18765589 24
18765589 59
18765661 3
18765731 1
18765779 637
18765961 3720
18766021 8
18766021 20
18766049 7
18766127 832
18766157 423
18766201 4919
18766211 1
18766331 613
18766337 1659
18766369 7236
18766457 3
18766463 1
18766577 9412
18766651 425
18766697 915
18766723 480
18766763 1
18766841 15
18766841 28
18766883 1
18766883 136
18766903 56
18766903 180
18766903 201
18766907 792
18766931 1
18766949 4
18767009 4
18767017 908
18767017 1452
18767039 8412
18767101 20
18767101 111
18767137 8
18767227 209
18767249 96
18767291 9
18767297 4
18767387 48
18767401 3
18767503 12
18767503 377
18767531 748
18767587 45
18767603 132
18767603 201
18767663 1341
18767663 2133
18767753 9040
18767897 4
18767981 15
18767981 91
18767999 1
18768049 5211
18768073 3
18768073 36
18768097 3
18768259 12
18768293 108
18768311 100
18768319 44
18768331 1556
18768341 4
18768461 3
18768479 1
18768641 3
18768653 7
18768719 1
18768721 348
18768721 9848
18768727 12
18768727 213
18768793 20
18768793 687
18768803 1
18768817 72
18768917 7
18768917 259
18768929 40
18768929 9180
18769073 2143
18769087 12
18769109 91
18769141 23
18769181 6400
18769237 3
18769259 1
18769307 165
18769319 1
18769417 48
18769561 99
18769571 1
18769643 1
18769697 795
18769747 4760
18769799 1
18769871 1
18769871 4
18769901 16
18769951 24
18770029 71
18770039 1
18770039 4
18770107 33
18770263 288
18770303 288
18770303 2176
18770377 32
18770377 2132
18770561 3
18770629 9572
18770683 1437
18770777 348
18770831 49
18770887 104
18770897 88
18770959 21
18770963 1
18771037 3
18771037 3287
18771097 3
18771131 121
18771131 1260
18771139 6089
18771143 1
18771161 24
18771187 5388
18771191 4
18771209 6631
18771353 400
18771407 49
18771413 3
18771443 225
18771583 248
18771589 15
18771629 72
18771637 20
18771793 68
18771803 1
18771923 25
18771923 1408
18771953 28
18772049 111
18772069 5367
18772121 4231
18772157 3
18772157 75
18772157 412
18772319 117
18772337 3
18772349 319
18772421 9580
18772487 45
18772499 21
18772511 1
18772517 3012
18772619 1
18772631 13
18772631 5808
18772661 4
18772739 1
18772757 7
18772781 3904
18772799 4
18772841 4
18772891 33
18772927 2685
18772937 12
18773003 28
18773291 1
18773291 6844
18773431 5
18773641 8
18773663 1
18773683 41
18773717 3
18773753 507
18773803 8
18773873 15
18773947 168
18773947 1512
18774011 204
18774043 5
18774083 736
18774121 1295
18774157 39
18774157 203
18774191 1
18774193 8
18774211 5844
18774263 1
18774311 3588
18774401 3
18774521 816
18774529 44
18774551 1
18774551 64
18774559 17
18774599 1
18774649 5052
18774677 28
18774689 156
18774697 3
18774709 335
18774719 2397
18774733 12
18774863 2220
18774901 300
18774989 207
18775079 1
18775079 21
18775261 615
18775331 1
18775369 56
18775387 29
18775403 513
18775423 332
18775469 16
18775573 3
18775573 3447
18775579 204
18775661 123
18775697 900
18775759 3861
18775877 372
18775943 1
18775997 9843
18776033 655
18776033 6156
18776071 156
18776083 17
18776113 3
18776183 1
18776183 28
18776189 7
18776213 271
18776213 495
18776269 39
18776287 5
18776323 21
18776333 1660
18776489 16
18776491 5
18776507 25
18776519 24
18776567 12
18776603 40
18776651 1
18776651 213
18776741 543
18776801 43
18776801 1276
18776801 1539
18776897 280
18776941 8
18776981 895
18776981 2775
18776983 65
18776983 4452
18777037 4352
18777037 4440
18777079 29
18777127 272
18777217 3
18777229 99
18777233 3
18777307 12
18777379 5
18777433 3
18777433 2543
18777623 1
18777709 147
18777793 800
18777797 5763
18777817 8
18777823 1113
18777853 3
18777917 243
18777917 504
18778069 20
18778079 2001
18778079 6669
18778091 9
18778139 1
18778147 633
18778267 12
18778267 65
18778297 15
18778381 3
18778381 903
18778609 356
18778637 112
18778691 828
18778703 76
18778807 1092
18778871 61
18778937 520
18778957 2984
18778967 1764
18778993 23
18778997 3
18779009 3339
18779021 3
18779099 1705
18779171 1
18779281 3
18779333 3
18779333 183
18779359 117
18779503 8
18779689 491
18779699 441
18779821 99
18779833 15
18779977 104
18779989 15
18780011 460
18780059 1
18780077 4
18780187 357
18780217 119
18780221 15
18780233 136
18780241 599
18780263 1
18780269 6156
18780347 4
18780383 1
18780431 433
18780539 1
18780901 8144
18780959 12
18780959 21
18780959 25
18781013 208
18781033 111
18781069 4355
18781121 91
18781151 1
18781159 185
18781307 93
18781333 12
18781537 3
18781571 16
18781573 447
18781597 60
18781621 3
18781793 3
18781831 5
18781891 4493
18781907 9
18781913 16
18781921 8
18781969 60
18781979 1
18781979 52
18782077 132
18782077 779
18782081 628
18782149 15
18782173 8
18782173 2735
18782201 16
18782201 2131
18782219 60
18782233 9927
18782251 8
18782251 540
18782371 656
18782417 39
18782417 703
18782441 1951
18782461 311
18782531 4
18782531 5380
18782557 179
18782573 3
18782573 483
18782627 4
18782641 2571
18782669 39
18782741 3
18782741 19
18782761 7115
18782779 12
18782833 68
18782839 2237
18782839 2289
18782867 112
18782891 1
18782921 228
18782999 1
18783047 289
18783047 865
18783137 715
18783251 61
18783269 2884
18783287 12
18783319 60
18783353 16
18783421 8
18783421 528
18783421 1631
18783497 3
18783587 12
18783607 20
18783641 4
18783641 64
18783673 83
18783731 1
18783731 21
18783769 140
18783797 519
18783803 136
18783811 4281
18783859 69
18783899 1
18783911 2116
18783943 1313
18784091 1
18784091 88
18784091 648
18784121 135
18784127 85
18784127 1189
18784193 403
18784253 3
18784253 9652
18784411 1889
18784427 57
18784453 92
18784501 71
18784561 3
18784651 4005
18784739 49
18784741 3
18784757 6775
18784769 4
18784823 145
18784861 444
18784873 8
18784891 293
18784957 3404
18784993 347
18785009 4
18785111 1
18785111 21
18785113 303
18785147 4
18785147 28
18785209 560
18785213 63
18785219 1
18785219 909
18785237 7
18785237 52
18785419 45
18785567 45
18785581 2288
18785617 3
18785653 3
18785653 1608
18785671 44
18785719 105
18785719 740
18785801 3039
18785803 345
18785999 1
18785999 105
18786007 20
18786023 1
18786023 568
18786107 25
18786223 33
18786247 2069
18786253 20
18786277 668
18786337 59
18786359 4
18786359 840
18786379 5
18786409 11
18786409 20
18786413 7
18786413 1807
18786431 16
18786431 36
18786431 3489
18786457 8
18786457 6879
18786499 80
18786613 3
18786631 5
18786661 3
18786709 932
18786709 5187
18786799 192
18786799 2421
18786811 2636
18786869 147
18786907 8
18786917 132
18786923 240
18786997 384
18787007 4
18787039 509
18787039 900
18787051 5
18787079 4
18787079 132
18787141 8
18787183 60
18787211 24
18787283 1
18787291 1128
18787319 1
18787339 65
18787411 2280
18787441 7328
18787469 351
18787477 27
18787511 1
18787511 160
18787663 5
18787763 48
18787841 3
18787927 3609
18787991 4
18787997 492
18788047 8
18788069 51
18788071 5
18788089 87
18788117 664
18788177 120
18788177 787
18788197 47
18788197 1248
18788279 1
18788339 16
18788353 3
18788513 196
18788543 1
18788543 45
18788543 192
18788599 65
18788599 189
18788603 1
18788699 52
18788729 4
18788873 43
18788941 23
18788941 1964
18788971 5
18789019 212
18789053 3
18789059 1
18789101 1663
18789109 1095
18789223 5
18789259 972
18789319 5004
18789359 1
18789371 1
18789467 313
18789481 15
18789559 197
18789571 1673
18789583 2120
18789587 24
18789601 419
18789637 84
18789637 4448
18789649 5976
18789857 864
18789893 7
18789923 1
18789923 400
18789923 4065
18789971 1
18789971 241
18790039 72
18790129 119
18790157 88
18790157 964
18790193 43
18790243 48
18790279 24
18790337 7
18790349 855
18790361 3
18790427 60
18790439 4
18790573 68
18790573 8352
18790589 12
18790631 1
18790663 12
18790721 703
18790787 564
18790799 724
18790817 7
18790841 1084
18790847 2485
18790873 2375
18790999 21
18791063 33
18791107 5
18791183 1
18791221 408
18791231 25
18791231 225
18791329 8916
18791359 132
18791369 5632
18791401 3
18791593 687
18791603 1
18791603 13
18791659 2660
18791693 5560
18791701 3
18791789 675
18791791 569
18791873 900
18791873 1975
18791891 1
18791933 7
18791939 4
18791999 52
18792061 11
18792289 56
18792329 16
18792341 43
18792359 1536
18792401 168
18792467 492
18792643 5345
18792647 40
18792749 144
18792827 120
18792847 5
18792971 93
18793039 12
18793121 3
18793121 4
18793133 3
18793183 125
18793183 161
18793207 5
18793237 387
18793241 4
18793273 8
18793297 3
18793297 488
18793321 15
18793331 109
18793351 140
18793513 3
18793751 1
18793813 135
18793877 147
18794003 1
18794077 35
18794119 617
18794141 4120
18794143 201
18794159 1
18794257 8
18794327 49
18794459 1
18794459 1117
18794641 39
18794641 48
18794669 4
18794669 1555
18794693 7
18794759 4
18794849 280
18794921 15
18794921 2496
18794921 9108
18794947 69
18795061 8
18795067 8
18795289 72
18795289 360
18795341 3
18795397 579
18795401 2779
18795473 52
18795649 95
18795713 7
18795713 36
18795743 1
18795793 168
18795841 75
18795929 7060
18795937 1863
18796007 4528
18796049 171
18796051 5
18796153 300
18796181 4
18796189 36
18796189 435
18796189 9311
18796213 203
18796241 511
18796241 2019
18796303 5
18796331 64
18796517 1035
18796523 1
18796559 4
18796621 80
18796621 348
18796627 125
18796709 411
18796717 3
18796769 24
18796793 5607
18796801 3
18796823 12
18796847 12
18796847 24
18796903 1520
18796907 109
18796993 8676
18797047 24
18797081 3
18797081 5335
18797083 5
18797131 48
18797183 1
18797209 752
18797243 61
18797243 1921
18797293 456
18797347 29
18797411 40
18797411 961
18797411 9189
18797503 21
18797521 96
18797659 41
18797711 241
18797777 3123
18797939 1
18797959 41
18797981 3
18798037 20
18798047 1009
18798077 663
18798203 1
18798217 2355
18798253 255
18798359 1
18798359 9457
18798397 20
18798469 59
18798523 1388
18798529 320
18798629 4
18798653 115
18798683 1
18798683 117
18798707 33
18798739 12
18798743 1725
18798781 20
18798851 6889
18798881 3
18798881 1056
18798907 993
18798943 3816
18799043 1116
18799043 3916
18799049 4
18799057 12
18799091 4
18799171 485
18799223 1
18799241 103
18799271 4
18799271 888
18799327 44
18799351 288
18799409 339
18799439 1
18799499 36
18799549 399
18799549 464
18799751 169
18800003 1
18800003 1212
18800059 41
18800059 1124
18800087 13
18800137 135
18800189 4
18800251 320
18800273 3
18800273 52
18800273 115
18800333 1716
18800357 1284
18800377 1923
18800377 4740
18800437 659
18800581 3
18800609 751
18800641 1700
18800689 11
18800689 176
18800767 5
18800777 15
18800779 4904
18800819 1
18800843 2713
18800857 68
18800981 1528
18801011 1
18801067 2609
18801073 147
18801109 15
18801109 99
18801137 3
18801187 9
18801187 5312
18801257 24
18801259 21
18801287 9
18801319 5
18801331 108
18801401 63
18801403 21
18801443 13
18801479 12
18801487 33
18801491 1540
18801509 87
18801533 88
18801571 29
18801631 485
18801631 2169
18801691 9
18801701 160
18801767 4
18801859 120
18801859 264
18801869 724
18801919 24
18801989 592
18802013 43
18802033 3
18802057 1415
18802081 3
18802081 2168
18802123 128
18802141 15
18802141 63
18802193 520
18802279 1064
18802319 52
18802367 12
18802403 1
18802429 92
18802499 1
18802499 156
18802501 59
18802507 209
18802543 2297
18802601 84
18802633 1572
18802681 7248
18802733 355
18802781 3
18802781 1591
18802871 25
18802921 360
18802999 3216
18803011 500
18803041 56
18803171 1
18803177 40
18803177 60
18803231 1
18803231 5880
18803261 1336
18803269 804
18803321 84
18803417 39
18803423 76
18803429 8104
18803669 679
18803731 8
18803731 284
18803849 244
18803893 23
18803963 1417
18804031 116
18804077 3
18804077 4
18804131 48
18804157 252
18804157 848
18804157 2144
18804161 3
18804173 12
18804173 28
18804223 60
18804341 168
18804349 11
18804377 879
18804413 3268
18804497 2467
18804613 3
18804749 6844
18804787 144
18804827 69
18804853 8
18804871 5
18804871 621
18804883 17
18804883 1100
18804943 392
18804959 1
18804977 7
18805049 172
18805057 39
18805159 981
18805211 141
18805211 433
18805211 3324
18805223 457
18805279 9
18805279 21
18805331 1
18805343 276
18805379 357
18805463 1
18805463 1692
18805537 3
18805597 108
18805609 6695
18805711 825
18805729 111
18805733 3
18805733 295
18805739 1
18805777 4803
18805811 24
18805861 8
18805903 128
18805903 497
18806141 136
18806141 6048
18806147 33
18806147 6172
18806171 2589
18806171 3376
18806197 359
18806261 2175
18806357 4
18806519 1
18806549 87
18806611 2084
18806621 331
18806629 20
18806633 7
18806687 4
18806701 11
18806717 1519
18806737 999
18806747 4
18806813 103
18806831 5229
18806861 363
18806869 4011
18807013 11
18807023 12
18807037 35
18807067 432
18807143 1
18807161 1000
18807241 3
18807317 19
18807317 672
18807319 29
18807343 77
18807619 5
18807667 788
18807769 7911
18807781 708
18807827 60
18807913 11
18807991 5
18808061 364
18808091 4
18808133 2587
18808151 1
18808187 660
18808199 3817
18808261 3
18808297 75
18808303 993
18808337 27
18808337 7368
18808417 960
18808417 1415
18808571 13
18808589 15
18808703 1
18808703 4572
18808739 1
18808819 356
18808837 644
18808973 27
18809027 9
18809027 328
18809027 1020
18809093 8511
18809113 72
18809207 373
18809227 7404
18809257 728
18809291 1
18809303 148
18809473 3
18809519 1
18809521 24
18809621 115
18809621 1720
18809657 3720
18809723 1
18809779 41
18809783 1
18809789 4
18809789 111
18809797 8
18809971 720
18810073 8
18810119 49
18810217 3
18810217 15
18810263 40
18810277 1340
18810287 8337
18810353 832
18810371 36
18810403 2373
18810419 1
18810427 57
18810427 108
18810443 1708
18810461 15
18810461 43
18810497 7
18810563 1
18810593 3
18810607 17
18810679 204
18810709 6411
18810851 4708
18810851 4960
18810881 3
18810881 496
18810899 72
18810989 4
18810989 196
18811031 1
18811031 4
18811031 201
18811099 5
18811123 140
18811213 8
18811259 5544
18811291 284
18811291 2981
18811357 12
18811361 2604
18811393 4076
18811409 7
18811453 851
18811549 924
18811549 939
18811679 12
18811813 71
18811883 105
18811997 3520
18812051 13
18812051 129
18812069 4452
18812093 1063
18812093 6295
18812177 7
18812249 15
18812291 1
18812291 181
18812333 7
18812341 24
18812347 453
18812359 945
18812569 107
18812609 15
18812609 171
18812617 519
18812623 248
18812627 13
18812743 8
18812743 1721
18812987 112
18813023 28
18813023 592
18813089 7
18813133 75
18813163 1128
18813191 193
18813307 4197
18813329 3156
18813451 29
18813469 392
18813479 1
18813539 9
18813541 15
18813589 192
18813601 119
18813607 3969
18813689 12
18813731 1701
18813757 3
18813863 4828
18813943 5
18813943 8
18813943 9036
18813983 513
18814063 8
18814151 85
18814193 3
18814273 3
18814331 1
18814487 4728
18814501 3
18814573 720
18814577 12
18814577 48
18814619 1
18814643 1
18814643 361
18814651 965
18814661 1299
18814681 155
18814753 15
18814781 9943
18814811 1
18814813 251
18814819 437
18814891 173
18814909 51
18814973 175
18814979 16
18814979 81
18815009 4695
18815059 5
18815063 117
18815231 9
18815231 96
18815261 8988
18815281 15
18815299 6477
18815309 2500
18815387 348
18815437 39
18815441 7383
18815473 3
18815551 4128
18815591 4
18815659 344
18815659 4109
18815711 36
18815747 28
18815759 457
18815759 1317
18815831 1
18815831 5641
18815873 43
18815893 3648
18815921 840
18816019 20
18816019 24
18816097 8
18816107 133
18816131 1
18816209 7735
18816211 120
18816211 9284
18816223 65
18816341 880
18816359 1
18816367 620
18816397 564
18816397 3440
18816419 24
18816437 4003
18816533 1636
18816559 429
18816667 45
18816667 968
18816667 5180
18816793 27
18816877 87
18816901 95
18816901 99
18816901 320
18816923 13
18816923 28
18817229 31
18817231 69
18817231 441
18817297 480
18817297 4808
18817363 5
18817363 8
18817397 4
18817417 5999
18817507 57
18817517 43
18817577 360
18817661 4
18817751 1
18817763 1
18817831 156
18817859 385
18817871 1
18817919 1
18817943 6388
18817987 12
18818069 4
18818081 28
18818251 428
18818399 1
18818461 3
18818521 120
18818603 37
18818603 121
18818671 5
18818707 6212
18818771 1
18818773 48
18818791 1065
18818857 452
18818923 5
18818923 116
18818939 37
18819013 3
18819043 8
18819179 1105
18819191 6609
18819211 89
18819277 120
18819419 205
18819499 36
18819551 1
18819587 45
18819679 92
18819733 1683
18819769 2471
18819793 960
18819793 9075
18819797 87
18819809 5580
18819887 100
18819991 1961
18820063 5
18820097 3
18820273 63
18820331 5668
18820387 1529
18820427 97
18820433 7
18820433 91
18820493 16
18820573 3
18820573 480
18820591 9
18820603 1265
18820651 168
18820657 72
18820793 3
18820793 108
18820801 3
18820859 4
18820859 6141
18820873 15
18820889 111
18820889 355
18820897 3
18820943 1
18820973 51
18821027 28
18821051 1848
18821063 1
18821071 24
18821083 5
18821083 132
18821141 1095
18821353 3
18821437 3
18821459 1
18821497 59
18821623 41
18821623 417
18821639 1
18821657 12
18821701 23
18821749 636
18821821 336
18821821 8111
18821879 1
18821963 1
18821983 21
18822061 68
18822163 4065
18822173 808
18822283 2541
18822299 1
18822379 29
18822431 1
18822493 11
18822497 1203
18822581 879
18822599 1
18822623 1
18822623 4653
18822637 8
18822721 63
18822767 85
18822773 103
18822781 96
18822917 12
18822959 12
18822959 4261
18823009 4064
18823031 336
18823031 4893
18823163 1
18823219 29
18823219 60
18823229 9435
18823271 108
18823577 192
18823613 3
18823619 21
18823627 149
18823681 876
18823703 21
18823759 5
18823759 12
18823771 5
18823873 963
18823907 8260
18823919 8845
18823969 51
18824087 105
18824093 235
18824093 2412
18824107 8253
18824171 1
18824203 92
18824237 1999
18824243 12
18824249 132
18824261 1615
18824263 296
18824369 9235
18824489 7
18824513 2767
18824629 299
18824639 540
18824737 944
18824779 5
18824881 215
18824951 21
18824999 1
18824999 457
18825041 3
18825041 64
18825047 4
18825047 117
18825047 300
18825133 1548
18825161 3
18825161 7923
18825173 3
18825211 125
18825311 1
18825311 541
18825347 48
18825361 3
18825383 136
18825397 12
18825439 2417
18825449 19
18825451 1329
18825497 7720
18825503 1
18825643 2508
18825659 105
18825757 140
18825767 28
18825797 79
18825839 936
18825899 1
18825899 21
18825907 2120
18825949 11
18825973 92
18826039 1769
18826061 39
18826091 1
18826193 631
18826243 737
18826279 5
18826333 12
18826387 7733
18826459 3444
18826583 13
18826631 21
18826651 4704
18826669 3147
18826783 252
18826879 72
18826901 64
18826943 1
18826993 12
18827009 96
18827063 717
18827063 9697
18827129 51
18827167 353
18827197 368
18827239 840
18827287 929
18827311 9
18827321 3
18827321 4
18827321 28
18827383 281
18827437 24
18827453 16
18827519 4225
18827573 7416
18827591 1
18827621 2304
18827647 629
18827723 1
18827749 119
18827821 204
18827839 336
18827849 24
18827867 120
18827933 3
18827957 715
18827981 36
18828013 2867
18828037 8
18828097 83
18828133 51
18828167 4
18828169 831
18828239 9
18828353 391
18828371 1
18828391 8
18828437 3
18828461 7371
18828479 4
18828547 48
18828587 12
18828613 180
18828637 3
18828701 139
18828701 496
18828757 3
18828827 300
18828923 133
18829003 8
18829021 5955
18829037 2343
18829043 165
18829051 2189
18829073 51
18829087 1344
18829103 1
18829103 357
18829117 8
18829117 87
18829163 517
18829177 420
18829379 4885
18829453 8
18829453 1608
18829487 1260
18829553 75
18829553 2976
18829609 8271
18829631 1
18829639 3096
18829807 72
18829831 8
18829841 3
18829843 5
18829873 3
18830041 3
18830089 1644
18830167 624
18830219 64
18830291 4
18830291 1045
18830359 129
18830359 644
18830369 52
18830389 75
18830401 20
18830401 24
18830473 368
18830579 340
18830633 3
18830687 2469
18830701 11
18830759 4
18830771 1
18830771 2149
18830783 1
18830783 1573
18830897 180
18830989 659
18830989 1536
18831083 1
18831083 13
18831247 117
18831283 233
18831283 1085
18831311 1
18831317 4
18831367 3137
18831419 5836
18831479 301
18831517 2915
18831521 39
18831607 1148
18831607 2768
18831649 11
18831667 20
18831707 2305
18831731 4
18831773 6492
18831781 48
18831829 339
18831851 4
18831887 208
18831959 1
18832031 1
18832031 9
18832213 12
18832213 56
18832337 6840
18832381 36
18832441 8439
18832547 324
18832637 3
18832771 9096
18832799 1
18832813 3
18832867 8
18832937 28
18832973 8155
18832993 227
18832997 163
18833071 5828
18833081 595
18833081 1276
18833117 7
18833141 31
18833147 6997
18833239 7221
18833291 1
18833359 104
18833459 12
18833459 3700
18833459 5520
18833471 33
18833513 40
18833533 732
18833587 1949
18833587 2013
18833651 1
18833657 4459
18833663 1
18833669 111
18833677 9540
18833723 1
18833729 4
18833743 2160
18833831 9
18833897 88
18833897 103
18833897 1888
18833929 107
18833951 21
18833951 24
18833951 364
18833993 76
18833993 223
18834007 632
18834059 1
18834097 800
18834223 125
18834353 3
18834467 1804
18834533 3
18834533 1012
18834551 1
18834583 5
18834583 56
18834619 12
18834707 73
18834713 16
18834713 112
18834743 1
18834779 1
18834797 24
18834821 19
18834847 6380
18834901 504
18834911 1
18834913 692
18834913 1595
18834967 8
18835043 93
18835051 33
18835051 68
18835079 480
18835097 4668
18835127 52
18835127 417
18835217 3
18835279 1049
18835343 1
18835373 12
18835469 9324
18835489 2820
18835513 11
18835543 68
18835543 528
18835559 9
18835559 12
18835571 76
18835571 145
18835571 541
18835667 25
18835667 208
18835667 1657
18835697 3
18835757 4
18835801 3
18835811 424
18835853 112
18835853 2623
18835907 13
18835913 15
18835939 1245
18835951 84
18836039 12
18836047 420
18836063 1
18836099 1
18836099 312
18836123 52
18836131 209
18836137 3
18836177 220
18836327 45
18836327 385
18836329 699
18836483 385
18836509 12
18836509 27
18836539 5
18836551 129
18836551 3008
18836647 24
18836647 417
18836711 1
18836711 33
18836717 295
18836749 11
18836821 3
18836837 1728
18836927 37
18836929 464
18836947 45
18836953 3
18836953 11
18836963 192
18837239 1
18837239 1149
18837257 15
18837323 1
18837347 9
18837353 163
18837359 1
18837373 20
18837373 311
18837383 108
18837383 2808
18837463 20
18837499 140
18837503 1
18837503 12
18837503 21
18837517 4559
18837521 4
18837527 4
18837527 57
18837571 5
18837659 1801
18837761 3
18837803 1
18837809 739
18837811 36
18837857 4
18837859 360
18838021 44
18838021 839
18838031 721
18838199 1
18838199 2569
18838201 3
18838201 960
18838201 7388
18838207 12
18838249 7076
18838271 1
18838277 783
18838277 1543
18838319 3841
18838331 5893
18838381 3
18838409 36
18838553 3
18838649 72
18838723 417
18838753 3
18838789 1191
18838801 6635
18838921 560
18838931 1473
18839011 288
18839059 116
18839063 13
18839071 41
18839081 4
18839101 308
18839141 516
18839141 2836
18839173 531
18839207 324
18839333 36
18839333 7807
18839363 1
18839371 200
18839399 1
18839567 348
18839603 16
18839707 12
18839759 1
18839839 4337
18839861 43
18839867 5020
18839923 8
18839969 4
18840037 3
18840043 332
18840179 1
18840247 153
18840331 8
18840359 1
18840433 3
18840433 156
18840557 135
18840559 1536
18840697 119
18840697 3092
18840707 24
18840707 84
18840721 6023
18840793 36
18840817 720
18840847 8
18840893 7
18840907 9
18841019 1
18841019 277
18841073 12
18841133 612
18841153 3627
18841189 296
18841241 3
18841279 840
18841357 179
18841363 105
18841391 1
18841411 6648
18841517 100
18841633 3
18841633 275
18841699 21
18841721 39
18842009 4
18842111 4
18842177 372
18842177 7387
18842293 656
18842297 4
18842321 219
18842323 3965
18842363 57
18842387 45
18842437 468
18842501 540
18842531 16
18842587 8
18842591 1
18842597 964
18842599 176
18842617 3
18842627 9
18842741 175
18842801 256
18842891 1
18842897 3
18842951 4
18842981 3
18843029 39
18843091 8
18843119 1225
18843137 1252
18843199 152
18843239 1
18843283 12
18843311 4
18843401 3
18843413 16
18843413 312
18843439 9
18843457 35
18843527 9
18843529 87
18843653 207
18843659 1
18843859 21
18843893 7495
18843901 59
18843901 939
18843971 1
18843977 7
18844003 716
18844013 132
18844043 1
18844057 84
18844157 4
18844201 444
18844489 47
18844489 1140
18844493 27
18844499 4
18844499 165
18844499 624
18844667 1668
18844691 1
18844769 852
18844799 1
18844853 7
18844853 2200
18844909 5480
18845003 1
18845153 36
18845159 81
18845227 8
18845339 16
18845501 75
18845531 1
18845531 124
18845591 1
18845719 177
18845851 33
18845951 1
18845963 33
18846001 5384
18846073 383
18846103 12
18846127 5
18846127 1892
18846151 36
18846181 3
18846293 31
18846293 208
18846299 4
18846299 12
18846307 8585
18846313 3327
18846383 717
18846517 12
18846649 12
18846649 32
18846677 123
18846697 15
18846721 15
18846739 140
18846827 37
18846833 3
18846851 9
18846851 1068
18847009 131
18847123 60
18847151 1
18847151 2088
18847219 17
18847321 5100
18847333 12
18847343 37
18847403 12
18847463 1
18847463 445
18847469 40
18847519 180
18847529 4
18847537 3
18847547 88
18847567 9
18847739 1
18847793 3
18847861 168
18847891 3249
18847919 385
18847991 9
18847991 61
18847991 2736
18848029 131
18848077 3
18848107 33
18848113 8
18848213 231
18848227 9
18848237 6283
18848243 1
18848243 33
18848311 1308
18848447 4
18848471 1
18848603 501
18848603 3552
18848717 220
18848723 208
18848723 640
18848737 3
18848759 96
18848759 721
18848803 68
18848803 1817
18848803 4376
18848881 8
18848887 5
18848911 8
18848917 243
18848957 7
18848987 633
18849031 984
18849049 1619
18849091 65
18849133 20
18849211 20
18849239 9664
18849253 3
18849289 1359
18849307 68
18849319 5
18849319 2816
18849359 1
18849407 49
18849451 101
18849511 636
18849527 9324
18849641 3
18849703 1781
18849707 1129
18849707 1924
18849763 1080
18849833 7
18849899 1
18849973 15
18849979 176
18849997 8
18849997 164
18850031 276
18850123 812
18850177 7824
18850219 45
18850219 2280
18850231 7104
18850333 3
18850333 8
18850343 1
18850343 3520
18850439 1
18850471 276
18850471 3024
18850487 64
18850499 60
18850523 1
18850567 20
18850597 48
18850627 77
18850687 372
18850691 1
18850709 67
18850849 1076
18850927 3509
18851083 12
18851263 152
18851269 80
18851269 159
18851297 787
18851297 828
18851297 3912
18851299 21
18851303 1
18851311 45
18851341 8
18851383 17
18851383 105
18851407 1013
18851507 9
18851531 124
18851663 1
18851671 36
18851687 4
18851687 204
18851737 3
18851737 1584
18851737 9803
18851773 11
18851803 56
18851809 840
18851851 233
18851879 1
18851893 3
18851939 5545
18851957 1800
18852077 3
18852077 7479
18852109 1475
18852121 60
18852143 1452
18852151 33
18852173 36
18852191 2776
18852209 91
18852209 391
18852283 492
18852397 12
18852401 4
18852401 835
18852413 3
18852413 28
18852511 5
18852511 1136
18852517 4952
18852551 1
18852551 2725
18852607 1029
18852667 8
18852727 8
18852787 1448
18852809 1939
18852863 16
18852887 3964
18852913 4983
18853067 4
18853139 37
18853147 29
18853193 255
18853333 195
18853333 1980
18853333 3563
18853333 9260
18853369 59
18853369 144
18853381 183
18853381 1211
18853397 4
18853423 2228
18853463 21
18853489 1059
18853501 3195
18853547 253
18853547 280
18853547 664
18853577 3220
18853589 156
18853657 999
18853729 1080
18853781 3
18853781 8443
18853847 213
18853873 123
18853883 1
18853931 1
18853943 693
18854009 16
18854021 291
18854029 24
18854117 3
18854177 24
18854177 28
18854177 3132
18854179 429
18854261 5671
18854359 5
18854371 8
18854387 4117
18854419 12
18854419 4280
18854477 403
18854483 208
18854519 244
18854519 1396
18854533 960
18854651 1
18854747 13
18854767 1169
18854863 332
18854879 1
18854879 100
18854881 371
18854987 3312
18855013 9207
18855029 15
18855047 180
18855071 1
18855079 17
18855079 3420
18855103 1152
18855107 549
18855157 48
18855401 39
18855493 8
18855493 2831
18855509 6516
18855553 11
18855659 1
18855671 4665
18855797 43
18855919 2604
18855937 35
18856031 1
18856049 2944
18856063 17
18856129 15
18856129 36
18856141 3
18856147 792
18856157 948
18856267 152
18856267 168
18856301 36
18856319 1
18856319 484
18856361 6588
18856373 775
18856483 833
18856511 13
18856529 52
18856609 27
18856633 11
18856637 1140
18856639 9
18856709 120
18856709 9780
18856753 2751
18856763 1
18856769 19
18856769 8700
18856913 127
18856963 93
18856969 20
18856979 1
18857081 99
18857099 1
18857129 439
18857243 3976
18857249 19
18857257 8
18857299 492
18857317 663
18857323 576
18857353 11
18857477 72
18857477 375
18857483 1
18857491 9
18857593 23
18857593 68
18857593 2376
18857651 1
18857651 240
18857717 15
18857717 2919
18857737 2504
18857759 1
18857819 21
18857833 20
18857851 1368
18857939 4
18858157 159
18858193 143
18858247 177
18858251 49
18858251 2968
18858293 3
18858293 640
18858503 33
18858649 11
18858649 5439
18858677 4
18858677 6523
18858727 213
18858793 71
18858803 153
18858839 1440
18858877 120
18858907 77
18858907 1185
18858907 5504
18858911 189
18858923 1
18858971 1
18859013 2995
18859111 2001
18859123 1692
18859163 2620
18859213 8
18859259 1
18859271 93
18859277 1123
18859319 409
18859349 7
18859363 8973
18859441 8
18859453 3791
18859583 621
18859597 627
18859637 52
18859637 120
18859649 24
18859649 79
18859651 600
18859741 36
18859777 15
18859777 23
18859777 135
18859781 8839
18859823 1117
18859871 1
18859871 9
18859909 480
18859957 3
18859991 2956
18860111 1
18860159 12
18860159 384
18860297 1908
18860333 148
18860357 27
18860393 3
18860453 3
18860467 905
18860507 105
18860509 192
18860551 5
18860551 20
18860557 875
18860573 3
18860587 8
18860591 1
18860591 9333
18860641 71
18860797 119
18860827 6105
18860839 9
18860843 1
18860899 20
18860903 1
18860903 28
18860923 21
18860923 2585
18860981 3
18860999 892
18861019 21
18861071 2316
18861097 48
18861121 8
18861121 168
18861181 2139
18861181 8675
18861197 312
18861197 4567
18861209 96
18861233 3955
18861307 1553
18861343 4776
18861377 12
18861377 2827
18861407 64
18861461 40
18861499 36
18861499 5577
18861539 1
18861677 4
18861683 13
18861709 1596
18861743 1
18861793 15
18861809 51
18861943 5916
18861949 12
18861949 9032
18862121 4
18862213 3
18862321 3
18862379 1
18862379 177
18862453 2403
18862607 9
18862619 1
18862631 24
18862733 2563
18862757 259
18862873 47
18862889 4
18862897 15
18862897 95
18862913 4972
18862931 9
18862931 33
18862951 153
18863057 795
18863123 33
18863191 8
18863291 1
18863413 8
18863443 8
18863459 1
18863483 436
18863491 173
18863527 264
18863563 12
18863629 60
18863653 11
18863737 3
18863743 3945
18863759 4869
18863773 3867
18863797 48
18863843 1
18863879 1
18863879 12
18863963 216
18863987 1917
18864023 21
18864037 27
18864119 1
18864119 2401
18864179 292
18864217 152
18864217 3339
18864221 4
18864259 200
18864361 495
18864383 33
18864491 1
18864613 288
18864667 149
18864743 1
18864743 2668
18864749 1384
18864773 3
18864787 12
18864803 1
18864809 60
18864809 76
18864809 399
18864841 1464
18864971 1
18865027 8
18865097 27
18865103 292
18865139 184
18865213 27
18865229 39
18865247 72
18865307 532
18865321 75
18865331 256
18865351 21
18865369 207
18865373 36
18865547 4
18865607 57
18865619 2632
18865673 352
18865697 3
18865709 1432
18865741 531
18865799 1
18865799 4956
18865831 2456
18865909 1424
18865939 161
18865939 2825
18866083 20
18866117 4
18866363 33
18866363 4380
18866401 35
18866431 140
18866521 71
18866579 9
18866587 5
18866587 45
18866773 9428
18866801 39
18866851 164
18866933 15
18866959 9
18867031 1089
18867049 11
18867071 1
18867113 168
18867143 1
18867143 12
18867143 141
18867253 3047
18867269 7771
18867283 2493
18867367 53
18867403 48
18867403 585
18867439 12
18867479 1
18867547 8
18867593 3087
18867599 181
18867617 63
18867617 232
18867707 6369
18867767 13
18867767 888
18867917 4
18867917 495
18867973 3
18868063 36
18868097 720
18868133 7
18868139 9
18868207 2444
18868301 3375
18868361 9328
18868469 1459
18868489 264
18868511 1
18868511 1369
18868511 9528
18868523 1
18868523 2977
18868601 1603
18868601 3384
18868697 7755
18868757 7
18868757 15
18868769 4
18868777 632
18868783 5
18868789 251
18868859 141
18868867 5
18868877 220
18868931 1
18868939 1917
18868961 4935
18868961 7888
18869017 12
18869027 129
18869041 128
18869051 645
18869063 28
18869063 600
18869083 8900
18869089 131
18869153 3
18869161 35
18869171 1
18869171 1216
18869209 20
18869209 944
18869239 21
18869239 221
18869351 453
18869423 1
18869429 3555
18869429 3699
18869503 8
18869573 3
18869579 169
18869639 4
18869639 61
18869651 229
18869651 301
18869693 28
18869761 15
18869791 4601
18869797 3
18869849 1231
18869891 1
18869927 37
18869953 7127
18870023 1
18870109 255
18870161 268
18870161 2388
18870169 104
18870191 1
18870197 7
18870277 1347
18870343 32
18870361 3
18870367 524
18870479 1
18870521 111
18870571 6681
18870611 1825
18870647 277
18870727 104
18870811 81
18870883 12
18870893 3816
18870913 15
18870949 15
18870949 6452
18870959 9
18871031 1
18871031 2248
18871079 76
18871081 20
18871081 8280
18871103 12
18871121 151
18871121 3660
18871133 7
18871211 1
18871213 96
18871217 27
18871217 180
18871231 684
18871261 551
18871291 5
18871291 108
18871301 19
18871379 16
18871469 1731
18871481 79
18871481 2611
18871519 1016
18871571 1
18871571 468
18871639 20
18871747 57
18871861 8
18871903 173
18871913 28
18871943 1
18872053 6923
18872059 9
18872059 744
18872219 1
18872219 72
18872279 9
18872299 45
18872309 7
18872317 15
18872407 12
18872411 1
18872411 913
18872419 9
18872537 2667
18872603 1
18872603 112
18872653 176
18872773 3
18872779 344
18872801 4
18873109 20
18873131 1
18873131 7924
18873299 4
18873307 885
18873319 3225
18873331 3669
18873473 5695
18873499 257
18873527 3168
18873529 179
18873551 1
18873551 25
18873611 1
18873691 45
18873703 32
18873703 113
18873721 9603
18873779 1
18873887 25
18873889 3171
18874003 5
18874019 9
18874061 223
18874061 3160
18874067 8232
18874073 103
18874183 72
18874183 780
18874241 9160
18874321 3
18874367 4
18874417 8448
18874433 388
18874591 7056
18874987 5
18874991 1
18875081 160
18875149 972
18875159 172
18875231 561
18875393 316
18875399 1
18875399 112
18875443 3053
18875603 73
18875669 231
18875761 60
18875803 20
18875821 2564
18875851 8
18875851 329
18876019 96
18876019 1065
18876049 1232
18876073 320
18876083 225
18876157 1184
18876157 3699
18876217 3
18876227 13
18876227 208
18876229 20
18876233 496
18876259 5
18876317 24
18876439 1044
18876461 43
18876479 364
18876503 1
18876547 788
18876553 3
18876569 1551
18876631 9
18876631 401
18876701 556
18876743 1
18876829 696
18876881 3
18876943 557
18877037 3
18877039 5
18877081 3180
18877091 1
18877373 543
18877447 5
18877447 53
18877553 3
18877571 1
18877679 1
18877717 3
18877741 8
18877883 861
18877883 5572
18877997 3
18877997 63
18877997 315
18878003 681
18878023 5
18878089 51
18878129 3579
18878173 20
18878207 4
18878221 3
18878227 1580
18878263 257
18878291 1
18878383 12
18878383 285
18878437 15
18878467 5
18878549 3372
18878663 1717
18878719 884
18878773 12
18878807 732
18878833 536
18878933 72
18878939 1
18879001 215
18879019 24
18879037 8
18879037 35
18879037 144
18879037 5223
18879083 61
18879143 21
18879143 385
18879239 3261
18879257 1863
18879353 147
18879431 4
18879433 35
18879457 120
18879491 1
18879599 1
18879617 40
18879631 6336
18879661 51
18879671 1
18879677 3
18879703 21
18879703 53
18879799 4332
18879811 596
18879859 5361
18879869 19
18879893 12
18879907 5
18880019 21
18880451 1
18880469 19
18880469 220
18880513 1548
18880517 67
18880583 1
18880691 4
18880733 280
18880733 492
18880739 180
18880739 1357
18880789 39
18880789 84
18880847 28
18880909 1316
18880937 4
18881039 265
18881129 4
18881141 195
18881167 5
18881227 692
18881273 6487
18881287 8
18881329 96
18881381 4
18881389 1295
18881461 5360
18881539 5
18881641 11
18881693 27
18881693 108
18881777 307
18881777 1135
18881809 87
18881861 1671
18881867 9
18881909 520
18881983 5
18881999 5304
18882037 24
18882049 740
18882119 25
18882163 4520
18882221 4
18882293 7
18882337 719
18882341 16
18882389 7
18882407 52
18882671 4
18882671 2845
18882679 5
18882679 9
18882737 43
18882757 2048
18882761 16
18882803 81
18882821 2703
18882841 8
18882959 1
18883013 7
18883013 1092
18883013 4228
18883043 1
18883043 12
18883153 356
18883201 275
18883279 777
18883301 3
18883339 785
18883351 93
18883463 1968
18883523 9925
18883633 167
18883661 19
18883703 505
18883841 136
18883849 80
18883913 12
18883927 12
18883933 243
18883973 7
18884051 505
18884051 585
18884137 3
18884237 483
18884291 1
18884629 3896
18884693 3
18884699 21
18884699 49
18884759 4
18884791 9
18884809 2015
18884839 36
18884839 3705
18884891 4
18884927 4
18884939 1669
18884951 96
18885103 1920
18885121 1043
18885149 16
18885233 88
18885253 3
18885329 100
18885329 240
18885367 5
18885367 185
18885421 3
18885469 120
18885473 27
18885497 7
18885511 5088
18885613 3
18885673 351
18885749 1212
18885751 44
18885773 7
18885773 4252
18885857 4
18885883 21
18885983 1
18886079 84
18886079 1089
18886157 3
18886229 24
18886267 8
18886367 13
18886403 108
18886411 5
18886489 776
18886573 75
18886607 57
18886619 117
18886799 1
18886871 9484
18886883 4177
18886927 1992
18887039 4
18887039 292
18887123 417
18887189 6064
18887189 6627
18887201 204
18887201 2824
18887237 3
18887237 144
18887261 43
18887287 9
18887377 12
18887483 33
18887639 84
18887681 648
18887789 19
18887983 8
18888011 249
18888011 4756
18888013 8
18888017 7
18888043 1560
18888043 1788
18888049 20
18888113 3
18888113 483
18888151 1841
18888157 2528
18888169 267
18888257 40
18888257 579
18888281 64
18888383 16
18888403 1620
18888421 3
18888431 100
18888431 2244
18888461 4
18888593 7
18888631 5
18888671 9
18888671 85
18888671 8253
18888697 35
18888733 11
18888763 5
18888811 5
18888839 1
18888871 1785
18888949 1556
18888973 3
18889133 16
18889231 21
18889291 5
18889309 47
18889313 55
18889369 3224
18889391 9
18889391 601
18889457 7
18889483 4868
18889517 4
18889517 12
18889631 1
18889649 4
18889679 532
18889747 17
18889747 609
18889799 4
18889973 7
18890033 43
18890057 7
18890063 25
18890093 15
18890147 2224
18890177 4
18890203 4037
18890257 1527
18890329 3399
18890371 381
18890413 255
18890477 120
18890479 125
18890537 3567
18890581 3
18890603 1
18890603 57
18890671 108
18890671 1940
18890741 3
18890741 1240
18890747 4
18890747 328
18890759 525
18890801 4059
18890813 5800
18890909 316
18890953 3
18890969 16
18891017 4
18891023 1
18891083 8125
18891109 6972
18891113 3531
18891143 253
18891193 2556
18891311 1
18891317 4
18891361 404
18891409 87
18891449 4
18891449 7
18891449 9856
18891527 57
18891659 37
18891689 4
18891689 87
18891701 3
18891727 5
18891737 8088
18891737 8227
18891781 96
18891787 353
18891853 1115
18891869 3811
18891877 32
18891919 44
18891991 21
18892121 4
18892129 35
18892141 3
18892199 1
18892259 1
18892259 4
18892259 1080
18892259 1692
18892343 1
18892373 1155
18892439 36
18892481 3
18892501 248
18892501 1956
18892561 8
18892597 335
18892663 17
18892673 2740
18892697 159
18892739 1
18892739 36
18892739 477
18892799 1
18892799 9
18892799 49
18892799 8184
18892801 3
18892801 11
18892843 213
18892943 633
18892987 33
18892999 9
18893003 4548
18893027 1464
18893053 3071
18893111 441
18893219 1
18893219 7360
18893221 36
18893233 3
18893377 12
18893431 8853
18893447 540
18893491 7260
18893593 87
18893593 272
18893621 3
18893669 36
18893669 171
18893711 1
18893821 3
18893873 7
18893873 372
18893887 920
18893977 588
18893977 1104
18894199 317
18894223 7760
18894269 1480
18894277 3
18894277 1124
18894277 7727
18894301 3
18894301 23
18894319 12
18894319 569
18894443 1
18894503 652
18894571 600
18894581 6823
18894583 228
18894583 981
18894671 1
18894677 3
18894767 12
18894767 345
18894791 408
18894847 33
18894857 6264
18894917 283
18894947 204
18894947 8292
18894971 145
18895039 5820
18895117 299
18895157 4260
18895183 6392
18895207 29
18895343 9468
18895379 1
18895433 3207
18895463 1
18895469 2527
18895511 76
18895529 51
18895621 20
18895691 765
18895703 1
18895819 29
18895819 501
18895829 856
18895873 11
18895873 296
18895889 211
18895889 2871
18895889 7671
18895951 8
18895991 1
18896243 1
18896257 228
18896257 1743
18896399 9
18896399 1969
18896411 1
18896417 1992
18896477 600
18896489 72
18896539 4680
18896623 5
18896629 2715
18896743 96
18896833 495
18896939 1
18896993 307
18897017 55
18897019 89
18897031 20
18897139 9
18897157 348
18897233 360
18897247 125
18897317 48
18897317 607
18897331 7188
18897391 204
18897469 84
18897503 196
18897517 6848
18897563 1
18897581 3
18897581 4
18897673 95
18897691 5
18897709 3207
18897737 7
18897757 99
18897779 1
18897797 15
18897797 6463
18897889 4451
18897947 865
18898133 1872
18898289 7
18898403 1
18898403 16
18898409 7
18898639 9
18898657 120
18898657 4428
18898777 228
18898811 1
18898819 6021
18898829 12
18898843 17
18898843 56
18898861 300
18898931 1
18898961 3628
18898969 9887
18899021 8983
18899047 17
18899131 713
18899263 8
18899263 77
18899351 4
18899351 513
18899381 4
18899381 8400
18899519 1
18899533 27
18899533 276
18899549 51
18899591 21
18899591 36
18899591 2289
18899609 4
18899659 9884
18899701 8
18899789 5596
18899821 3
18899843 37
18899939 37
18899941 3
18899941 5936
18899977 12
18899981 2628
18899989 20
18899999 16
18900053 2551
18900059 321
18900071 1
18900071 21
18900103 2117
18900113 67
18900127 9
18900127 2960
18900407 145
18900419 1
18900437 3
18900487 8
18900529 11
18900569 199
18900613 3
18900613 56
18900647 13
18900737 4
18900853 3
18900853 155
18900857 12
18900881 103
18900929 15
18900971 169
18901079 1
18901079 277
18901133 31
18901153 3
18901247 9
18901349 4
18901391 1
18901391 36
18901439 1
18901453 3276
18901457 1072
18901483 261
18901511 1
18901667 2772
18901717 179
18901763 1
18901877 3963
18901957 764
18902047 12
18902089 144
18902173 3
18902197 6155
18902371 4709
18902399 196
18902423 40
18902431 176
18902431 188
18902483 45
18902531 1
18902537 75
18902557 27
18902557 44
18902593 60
18902629 411
18902683 60
18902699 4
18902731 21
18902837 987
18902879 2016
18902903 840
18903013 443
18903037 15
18903163 9828
18903193 4403
18903323 1
18903323 117
18903343 393
18903343 1472
18903373 6875
18903491 1
18903517 3
18903517 104
18903553 2187
18903601 5040
18903611 301
18903649 51
18903649 144
18903667 680
18903683 61
18903719 24
18903733 3
18903739 1461
18903947 12
18903959 4
18903971 1
18904019 145
18904033 32
18904037 132
18904103 636
18904111 53
18904309 1475
18904313 5976
18904421 4
18904423 108
18904489 119
18904499 4
18904573 48
18904573 375
18904681 200
18904777 135
18904783 20
18904789 356
18904871 1
18904889 411
18904913 3
18904913 1435
18904939 1572
18905143 5
18905147 4189
18905179 1424
18905219 1
18905317 72
18905431 36
18905543 1
18905603 2557
18905611 789
18905737 24
18905743 5
18905749 324
18905923 5
18905923 33
18905963 16
18905963 1617
18906049 6984
18906203 1
18906203 85
18906263 45
18906353 351
18906383 1
18906467 97
18906557 3
18906581 1731
18906599 144
18906659 24
18906659 7836
18906697 663
18906707 337
18906721 923
18906733 1731
18906761 916
18906841 11
18906917 6804
18907013 3
18907103 85
18907153 12
18907237 48
18907237 5363
18907283 3985
18907297 2103
18907319 1
18907319 297
18907331 1
18907351 224
18907439 1
18907439 129
18907463 16
18907463 40
18907463 105
18907517 3
18907597 3
18907619 172
18907841 699
18907849 395
18907901 19
18907901 771
18907943 12
18907963 2076
18907979 1
18907979 132
18908083 56
18908107 5
18908111 1
18908111 4
18908159 5572
18908237 855
18908243 1
18908303 1
18908399 1
18908399 16
18908411 40
18908411 2340
18908441 16
18908441 255
18908453 3
18908459 84
18908467 137
18908509 11
18908521 228
18908563 92
18908579 1
18908581 8
18908621 40
18908639 5620
18908663 1
18908717 388
18908753 8248
18908797 1604
18908849 72
18908927 6009
18909053 55
18909053 60
18909053 8568
18909089 4
18909089 195
18909097 8
18909113 7
18909133 2808
18909223 5
18909239 1
18909259 249
18909283 1532
18909311 1
18909311 76
18909347 37
18909403 945
18909431 405
18909493 336
18909509 1752
18909521 148
18909529 1295
18909589 507
18909623 1
18909691 1428
18909727 33
18909743 1
18909757 15
18909791 1
18909853 8156
18909901 3
18909901 2259
18909901 5403
18909937 3
18909937 44
18909983 1
18910181 3
18910223 213
18910237 3
18910421 3
18910447 20
18910447 405
18910487 4
18910601 460
18910609 8184
18910649 427
18910657 1727
18910673 12
18910691 4
18910721 84
18910729 236
18910753 27
18910777 24
18910781 16
18910781 1059
18911027 4
18911041 23
18911041 188
18911059 629
18911111 21
18911111 2380
18911111 5868
18911119 81
18911141 79
18911237 79
18911309 1047
18911311 101
18911311 168
18911381 3
18911413 140
18911549 456
18911549 1251
18911591 360
18911623 20
18911677 2580
18911743 8
18911743 113
18911747 7777
18911797 35
18911843 121
18911861 19
18911917 87
18911941 3204
18911969 16
18912059 1
18912071 2100
18912119 1
18912251 9
18912251 69
18912269 3756
18912331 9
18912367 132
18912419 1384
18912461 19
18912499 4329
18912529 567
18912529 4200
18912547 5
18912547 245
18912617 4
18912643 180
18912731 169
18912763 1976
18912779 1
18912779 4
18912781 828
18912799 104
18912811 113
18912851 1
18912893 3
18912893 3435
18912919 5
18912937 767
18912983 1
18913073 247
18913109 24
18913273 195
18913273 615
18913369 1239
18913403 1
18913519 209
18913523 12
18913667 4
18913667 5257
18913781 111
18913781 5256
18913819 792
18913841 4204
18913891 861
18913907 73
18913927 129
18913969 240
18913991 1
18914059 476
18914111 1
18914111 181
18914179 17
18914299 404
18914327 325
18914459 1
18914503 21
18914543 1
18914563 1620
18914603 637
18914627 33
18914627 232
18914639 1
18914639 2260
18914663 1
18914669 1860
18914719 29
18914729 19
18914741 15
18914741 7404
18914801 3
18914801 1200
18914803 332
18914843 612
18914893 12
18914923 728
18914963 1
18914963 12
18915037 95
18915059 144
18915077 3
18915107 4
18915121 3080
18915187 1353
18915199 24
18915343 132
18915359 1
18915371 300
18915389 19
18915389 1104
18915419 1
18915419 40
18915419 220
18915439 12
18915503 1
18915581 28
18915623 1
18915643 8
18915731 1
18915817 579
18915857 784
18915937 8
18916031 1
18916181 291
18916217 3
18916241 4
18916243 5
18916243 500
18916307 892
18916351 6896
18916409 1615
18916409 5635
18916441 8
18916453 72
18916463 33
18916489 60
18916501 20
18916501 696
18916553 31
18916577 3472
18916633 2451
18916691 3468
18916693 7332
18916739 1
18916739 4
18916763 1
18916811 1
18916811 4
18916811 325
18916883 276
18916897 15
18916907 448
18916967 84
18916979 6564
18917057 3
18917069 1276
18917081 4
18917203 5
18917207 2904
18917273 3
18917303 48
18917351 1
18917351 2833
18917491 5
18917531 576
18917611 161
18917653 107
18917663 196
18917809 99
18917849 124
18917867 1264
18917917 72
18917981 2836
18918019 264
18918071 1
18918071 121
18918101 6484
18918233 1627
18918313 11
18918313 20
18918539 157
18918619 341
18918791 220
18918829 440
18918923 1
18918931 20
18918931 2364
18918961 636
18919007 4
18919057 363
18919189 7367
18919379 121
18919451 1
18919451 2364
18919499 4
18919499 316
18919507 1224
18919541 1996
18919591 3416
18919643 1192
18919717 3
18919727 13
18919739 1
18919739 160
18919757 3
18919807 5
18919841 688
18919907 64
18919907 1617
18919969 6375
18920003 700
18920051 4
18920071 20
18920089 12
18920203 237
18920233 27
18920287 33
18920327 1105
18920347 924
18920567 9
18920569 12
18920663 748
18920807 7437
18920821 3240
18920849 5731
18920857 6939
18920879 1
18920899 1121
18920921 63
18920921 2311
18920939 1
18920959 21
18920959 281
18921013 527
18921029 231
18921029 679
18921043 117
18921047 300
18921107 4
18921109 591
18921109 659
18921167 13
18921179 1
18921181 35
18921233 475
18921317 3
18921337 432
18921431 1
18921449 4
18921449 12
18921457 35
18921523 5577
18921569 4
18921649 444
18921691 3161
18921719 21
18921719 84
18921899 24
18921953 3400
18922019 37
18922069 4655
18922129 2060
18922237 3512
18922273 15
18922301 99
18922301 208
18922301 495
18922327 5
18922327 357
18922363 12
18922367 13
18922367 24
18922367 45
18922417 399
18922427 688
18922427 2145
18922433 7
18922511 1
18922573 615
18922621 491
18922637 19
18922723 5
18922723 72
18922733 7
18922747 2357
18922753 2580
18922759 20
18922759 29
18922763 1
18922823 265
18922909 32
18922931 4636
18923123 708
18923143 1541
18923147 12
18923189 420
18923197 3
18923231 1
18923291 1
18923293 35
18923293 555
18923323 12
18923389 284
18923459 156
18923543 520
18923551 104
18923627 64
18923767 20
18923767 473
18923783 1
18923831 13
18923833 35
18923851 24
18923851 5849
18923911 113
18924011 1
18924023 1
18924041 31
18924047 88
18924161 4
18924197 3
18924197 39
18924271 1688
18924277 7515
18924473 36
18924481 84
18924481 744
18924497 15
18924599 1
18924599 5356
18924611 16
18924641 1443
18924793 3
18924793 12
18924793 96
18924803 1
18924803 37
18924949 15
18924949 32
18925037 1980
18925087 69
18925111 1320
18925211 33
18925219 29
18925219 180
18925229 159
18925321 8
18925321 84
18925367 2193
18925447 9
18925483 2865
18925513 1707
18925523 393
18925553 12
18925553 87
18925589 2424
18925663 8
18925663 4572
18925663 9828
18925703 325
18925721 51
18925807 3497
18925871 201
18925871 8685
18925877 40
18925889 12
18925897 12
18925927 8393
18925931 289
18925979 1
18926021 3
18926077 3
18926077 92
18926077 3872
18926081 51
18926137 372
18926231 4
18926239 7016
18926279 1
18926291 1
18926431 80
18926441 3
18926441 16
18926443 32
18926519 1617
18926521 6156
18926617 12
18926681 40
18926681 1675
18926731 8
18926813 12
18926813 4563
18926819 772
18926849 4732
18926851 216
18926893 56
18926903 1
18926917 695
18926993 4788
18927113 43
18927131 85
18927193 12
18927197 39
18927269 339
18927347 25
18927347 8973
18927361 1400
18927371 1
18927379 65
18927431 4
18927451 156
18927451 1185
18927499 264
18927599 832
18927617 7
18927631 9
18927641 3
18927661 11
18927721 36
18927791 21
18927791 2233
18927823 7896
18927983 1
18927989 115
18928027 9
18928033 15
18928043 1
18928121 88
18928121 228
18928159 32
18928223 1
18928339 101
18928409 16
18928421 39
18928421 2536
18928421 2559
18928477 888
18928487 25
18928489 215
18928499 1996
18928501 11
18928549 6447
18928577 2580
18928627 432
18928691 21
18928691 36
18928703 81
18928739 2089
18928739 4597
18928751 1
18928781 88
18928823 1
18928859 60
18928913 1020
18928937 3
18928951 2165
18928957 3
18928957 608
18929051 1321
18929059 4644
18929077 719
18929171 1
18929173 3
18929179 20
18929191 228
18929227 1289
18929233 2916
18929363 1
18929441 15
18929447 12
18929473 1640
18929479 129
18929531 48
18929531 189
18929569 6095
18929611 3156
18929689 287
18929693 651
18929699 76
18929717 3
18929753 516
18929773 3
18929773 6663
18929843 45
18929887 12
18929971 164
18929983 548
18930013 15
18930031 9
18930071 1
18930071 2040
18930101 271
18930167 12
18930167 705
18930193 132
18930203 817
18930253 23
18930371 1
18930427 20
18930467 9
18930529 71
18930623 52
18930623 612
18930683 541
18930731 9
18930731 13
18930731 4500
18930893 3
18930893 8992
18930907 8477
18930991 345
18931019 1
18931019 4
18931019 36
18931027 24
18931079 1
18931079 3340
18931117 1827
18931181 388
18931207 888
18931243 8796
18931313 48
18931349 135
18931351 573
18931499 769
18931589 39
18931603 17
18931699 44
18931877 12
18931879 6777
18931963 5
18932003 1
18932029 732
18932141 3
18932161 423
18932161 2555
18932213 7
18932219 4
18932231 21
18932233 12
18932233 507
18932261 15
18932261 75
18932261 1716
18932299 29
18932357 420
18932423 232
18932471 1
18932471 153
18932471 901
18932483 93
18932483 196
18932483 7200
18932497 12
18932561 64
18932579 1
18932609 4
18932609 7
18932609 1944
18932609 7996
18932633 43
18932717 3
18932729 4
18932741 4
18932741 84
18932741 336
18932743 8
18932761 51
18932803 1016
18932807 745
18932813 60
18932813 2895
18932861 39
18932891 13
18932929 119
18932993 7
18933169 32
18933179 5896
18933193 83
18933221 3
18933221 664
18933269 87
18933407 4
18933449 4
18933503 88
18933503 805
18933511 24
18933517 3075
18933521 103
18933521 2628
18933533 7
18933539 1
18933589 104
18933589 699
18933601 15
18933617 112
18933637 15
18933689 39
18933737 964
18933737 8452
18933799 8036
18933947 5713
18934031 364
18934177 27
18934177 59
18934189 5367
18934199 4
18934231 933
18934259 4
18934283 288
18934301 1159
18934337 315
18934463 1
18934463 97
18934463 7321
18934529 4795
18934637 4
18934649 15
18934673 67
18934673 472
18934679 757
18934801 23
18934847 2188
18934847 4752
18934967 3765
18935291 1
18935321 9336
18935359 3800
18935383 5
18935429 4
18935489 15
18935557 3
18935663 2280
18935669 4
18935669 31
18935669 751
18935767 8
18935767 24
18935789 7
18935821 2684
18935881 8
18935933 1087
18935941 9348
18935941 9879
18936023 13
18936037 240
18936083 3897
18936149 135
18936149 459
18936157 9960
18936191 9
18936233 88
18936271 33
18936271 45
18936311 1
18936311 2160
18936409 692
18936431 996
18936433 788
18936557 2364
18936601 3
18936611 1
18936647 9
18936683 640
18936703 36
18936721 20
18936767 4
18936767 37
18936811 21
18936811 189
18936821 4
18936893 48
18936917 7960
18936991 3101
18937111 308
18937273 3
18937273 8552
18937279 2616
18937309 1296
18937313 507
18937343 372
18937361 304
18937397 1543
18937463 1377
18937481 4
18937553 3
18937571 1
18937571 280
18937577 60
18937637 6699
18937693 4460
18937697 403
18937703 1
18937703 537
18937799 1
18937819 461
18937871 1
18937913 40
18937939 5
18937981 8
18937991 276
18937991 436
18937991 2316
18938057 2764
18938057 3352
18938063 1
18938063 5796
18938081 979
18938083 53
18938093 16
18938107 8
18938147 4
18938281 1196
18938281 3711
18938299 581
18938443 5
18938443 17
18938443 1032
18938477 3
18938581 3
18938639 2665
18938671 1329
18938677 24
18938723 360
18938809 6159
18938879 1
18938903 60
18938947 525
18938977 4967
18938993 2160
18939013 2456
18939031 36
18939043 12
18939061 6204
18939161 3
18939163 32
18939211 365
18939329 4
18939367 8
18939367 804
18939439 29
18939439 36
18939443 1
18939457 15
18939457 524
18939457 2675
18939491 1
18939491 9
18939577 488
18939611 285
18939653 31
18939691 9
18939721 236
18939757 140
18939793 71
18939797 808
18939841 8
18939859 9
18939863 1
18939937 20
18939953 3220
18939983 1
18939997 3
18940007 9
18940037 15
18940079 9
18940241 195
18940307 4
18940309 2855
18940379 2896
18940409 9856
18940459 21
18940463 177
18940489 1236
18940553 3
18940573 1451
18940609 704
18940609 752
18940627 9
18940693 335
18940751 4
18940751 168
18940843 68
18940871 4441
18940931 1
18940949 555
18941011 381
18941023 56
18941063 60
18941063 61
18941149 7647
18941177 3
18941201 636
18941357 823
18941359 44
18941387 25
18941477 7
18941623 1332
18941731 5
18941921 7179
18941933 327
18941969 424
18941969 1011
18941981 63
18941999 1
18942083 1
18942149 60
18942169 11
18942169 71
18942251 1
18942251 9
18942281 1303
18942349 12
18942367 9
18942439 560
18942479 4
18942569 36
18942569 3384
18942569 9519
18942659 3841
18942769 5747
18942769 6699
18942769 7800
18942851 1
18942883 5
18942899 52
18942907 65
18942949 5807
18942967 33
18943079 1
18943087 9
18943097 732
18943103 1
18943121 151
18943129 4427
18943159 12
18943187 12
18943217 3
18943229 12
18943291 1176
18943381 183
18943481 208
18943501 264
18943501 9396
18943541 4843
18943579 264
18943591 8604
18943637 27
18943643 25
18943663 33
18943747 24
18943747 345
18943783 57
18943807 5
18943811 4
18943829 7
18943829 244
18943849 7196
18943853 916
18943871 1
18943913 27
18943937 28
18943957 3
18943957 35
18943957 239
18943999 32
18944033 72
18944039 1
18944063 1
18944129 172
18944201 3
18944231 1
18944269 36
18944339 105
18944339 177
18944363 948
18944413 140
18944507 12
18944533 176
18944537 4
18944591 1
18944621 4
18944623 36
18944659 21
18944659 1001
18944693 7
18944759 1
18944839 9
18944867 184
18944927 4
18945013 2172
18945023 1525
18945037 3
18945053 172
18945079 129
18945233 3
18945233 87
18945449 39
18945469 5376
18945529 15
18945659 1
18945659 60
18945811 44
18945893 2055
18945917 7
18945917 79
18945937 275
18945947 48
18945947 3393
18946009 87
18946013 76
18946099 9
18946111 3944
18946307 1465
18946357 3
18946373 783
18946379 45
18946511 4368
18946511 7461
18946513 356
18946579 2240
18946643 1
18946693 132
18946723 3321
18946751 1
18946777 3
18946793 1023
18946799 1
18946799 21
18946799 285
18946883 5188
18946919 1
18946919 24
18946999 152
18947017 827
18947041 116
18947087 13
18947141 3
18947183 25
18947213 151
18947311 2633
18947429 124
18947611 344
18947633 6972
18947717 3
18947813 3
18947827 5
18947827 165
18947827 392
18947849 219
18947897 4
18948029 7
18948031 24
18948031 381
18948089 7
18948133 176
18948211 20
18948311 1
18948311 280
18948359 112
18948383 1
18948407 717
18948541 83
18948541 324
18948563 1
18948563 93
18948569 4867
18948647 49
18948649 24
18948653 1756
18948679 249
18948697 39
18948791 16
18948791 36
18948823 356
18948823 6417
18948869 120
18948877 312
18948949 99
18949057 47
18949081 84
18949081 336
18949109 187
18949157 3
18949159 216
18949181 5439
18949211 16
18949321 36
18949349 952
18949351 44
18949351 180
18949367 105
18949367 5409
18949417 12
18949417 263
18949417 1943
18949457 3
18949531 89
18949537 687
18949639 9
18949643 96
18949739 40
18949751 1
18949751 1476
18949753 120
18949867 5
18950027 349
18950069 4675
18950117 3
18950153 7
18950153 12
18950219 805
18950221 419
18950237 288
18950273 3
18950273 48
18950279 1
18950339 1
18950363 45
18950389 87
18950389 167
18950453 415
18950489 39
18950513 7
18950527 2372
18950557 1224
18950753 1587
18950761 3
18950773 3
18950791 188
18950791 444
18950879 4
18950963 205
18951071 21
18951131 33
18951217 92
18951269 204
18951271 20
18951397 12
18951397 44
18951397 1500
18951397 3483
18951487 2925
18951623 2140
18951637 3
18951671 1
18951671 285
18951743 1
18951853 248
18952027 5480
18952081 11
18952081 239
18952097 3
18952097 5164
18952133 183
18952147 2177
18952189 99
18952267 108
18952403 1
18952471 8
18952657 879
18952673 307
18952799 1
18952819 665
18952877 7
18952961 79
18953041 3
18953041 8
18953083 645
18953131 9
18953189 135
18953251 29
18953309 2676
18953323 80
18953329 75
18953381 16
18953381 940
18953479 77
18953533 8
18953537 7
18953569 195
18953639 1
18953719 29
18953899 2661
18953911 8
18953923 8
18954017 4
18954017 340
18954041 771
18954049 32
18954107 85
18954161 2523
18954193 3
18954203 1
18954203 385
18954263 1
18954307 152
18954319 57
18954329 1072
18954329 8239
18954437 1455
18954497 4
18954503 825
18954557 295
18954613 243
18954721 7395
18954797 1495
18954811 5
18954839 1
18954853 15
18955093 135
18955099 21
18955169 1036
18955207 657
18955301 4
18955379 1116
18955463 1
18955471 1293
18955481 3844
18955511 333
18955583 13
18955591 4496
18955619 1
18955619 4
18955627 320
18955661 579
18955681 744
18955693 8
18955693 1992
18955751 229
18955801 3
18955987 5
18955987 272
18956191 5988
18956237 3
18956261 1864
18956291 684
18956297 507
18956297 667
18956317 179
18956323 56
18956437 72
18956449 11
18956449 27
18956461 3
18956501 171
18956573 471
18956579 1
18956711 1
18956711 24
18956771 1
18956771 4
18956771 2085
18956771 7561
18956789 4
18956789 7
18956831 1
18956867 385
18956897 4
18956963 1597
18957013 96
18957131 1
18957139 1617
18957223 8
18957247 29
18957247 9837
18957251 4
18957259 164
18957413 2535
18957439 224
18957481 528
18957527 85
18957553 3
18957571 305
18957637 8
18957691 165
18957707 93
18957721 3
18957767 40
18957803 900
18957823 5
18957863 1
18957863 177
18957863 1293
18957889 239
18957889 855
18957893 640
18957919 65
18957931 41
18957973 3
18957989 3960
18958013 12
18958013 591
18958013 1008
18958073 1080
18958091 1
18958091 4
18958099 5864
18958151 1
18958237 2207
18958271 61
18958271 3421
18958297 48
18958301 3
18958301 64
18958309 15
18958351 1529
18958369 4475
18958487 4797
18958501 3843
18958603 5
18958651 9173
18958703 132
18958787 177
18958937 3
18958937 855
18958957 128
18958981 5651
18958991 1
18958991 25
18959023 12
18959051 1
18959077 24
18959123 1
18959123 613
18959177 115
18959221 44
18959221 1700
18959257 1008
18959333 43
18959333 855
18959357 15
18959363 156
18959483 1
18959491 8
18959639 12
18959729 52
18959813 2728
18959851 9
18959869 47
18960107 5713
18960131 13
18960131 400
18960133 3
18960199 437
18960247 68
18960307 125
18960311 181
18960413 3
18960413 16
18960421 1116
18960433 32
18960449 6195
18960467 4
18960563 1
18960607 308
18960607 357
18960619 2292
18960757 224
18960757 408
18960839 76
18960839 4245
18960857 28
18960857 2284
18960857 5368
18960923 7900
18960959 705
18961009 47
18961169 4
18961169 256
18961193 448
18961321 60
18961417 3740
18961441 3159
18961483 1296
18961567 17
18961571 609
18961589 8160
18961643 1
18961643 40
18961661 1651
18961771 1953
18961793 12
18961807 53
18961807 1124
18961933 68
18961949 1419
18962017 12
18962059 57
18962221 11
18962309 52
18962353 3
18962431 5
18962473 3
18962533 11
18962579 1956
18962681 1299
18962719 12
18962737 23
18962737 27
18962831 153
18962891 909
18962929 155
18962929 492
18962941 95
18963011 4
18963011 813
18963107 37
18963107 253
18963179 1
18963179 1132
18963281 243
18963337 95
18963401 9639
18963491 2896
18963557 39
18963563 2685
18963617 5604
18963629 2196
18963751 2880
18963761 4
18963787 740
18963827 4204
18963947 304
18963977 120
18963979 21
18964003 293
18964003 1481
18964039 20
18964039 741
18964069 932
18964093 11
18964097 15
18964097 64
18964111 48
18964151 1153
18964151 4648
18964237 8
18964277 1852
18964291 5
18964423 20
18964471 8
18964481 3
18964549 851
18964559 196
18964559 265
18964657 3
18964681 555
18964691 1
18964709 2220
18964859 1744
18964873 2940
18964879 1917
18964931 1
18964931 9
18964969 2379
18964973 7
18964987 5
18965069 4
18965153 5247
18965203 137
18965371 1665
18965381 796
18965407 33
18965407 1532
18965519 52
18965621 2631
18965647 12
18965651 105
18965677 24
18965759 4
18965759 69
18965773 47
18965789 171
18965803 4317
18965839 225
18965887 1028
18965909 612
18965929 11
18965981 24
18966011 1
18966037 119
18966043 4257
18966113 15
18966223 8760
18966251 24
18966253 71
18966287 49
18966341 720
18966461 4
18966463 12
18966539 1
18966581 399
18966601 123
18966707 57
18966707 4137
18966757 119
18966793 8
18966793 56
18966797 388
18966901 408
18966901 755
18967099 1097
18967139 5785
18967211 1
18967391 1
18967451 1
18967457 403
18967471 441
18967493 91
18967541 2043
18967589 36
18967607 4
18967609 380
18967657 1499
18967727 7272
18967891 344
18967967 4
18967967 45
18967967 93
18967973 91
18968207 72
18968219 9856
18968231 4
18968419 65
18968449 6387
18968489 352
18968561 4
18968567 37
18968569 2576
18968671 9
18968671 5328
18968749 5571
18968779 269
18968843 36
18968843 5788
18968861 295
18968921 3
18968969 2740
18969077 7
18969091 5
18969257 4108
18969259 29
18969289 200
18969473 231
18969487 77
18969647 1888
18969803 1
18969877 3
18969877 6303
18969901 15
18969913 255
18969913 2555
18969931 69
18969947 153
18969959 1
18970001 168
18970019 4
18970019 12
18970019 1401
18970051 309
18970229 7
18970361 43
18970433 295
18970513 56
18970517 300
18970519 1497
18970519 6965
18970541 15
18970733 7
18970739 1
18970771 48
18970789 335
18970807 8
18970811 1
18970841 64
18970877 172
18970943 1
18970943 13
18970943 552
18970943 720
18970951 3248
18970961 2535
18971009 7
18971059 2981
18971083 432
18971087 3889
18971087 9352
18971111 4
18971111 865
18971149 47
18971149 459
18971203 5
18971347 5
18971383 32
18971569 20
18971599 44
18971621 15
18971759 1
18971789 15
18971851 353
18971857 3
18971867 13
18971917 44
18971917 7415
18972077 3
18972077 375
18972097 387
18972103 257
18972179 4
18972229 11
18972269 40
18972271 5
18972367 69
18972419 25
18972449 964
18972451 3248
18972581 4
18972661 8
18972797 4
18972827 4224
18972857 1555
18972893 3
18972973 1436
18972977 15
18972991 120
18973049 655
18973159 137
18973249 3032
18973373 51
18973399 4089
18973553 4828
18973589 7
18973729 27
18974009 7
18974063 781
18974093 3
18974099 345
18974129 3235
18974147 768
18974173 203
18974237 24
18974339 49
18974383 341
18974519 1
18974519 9280
18974539 101
18974551 128
18974561 3
18974591 1
18974591 9
18974639 1
18974693 6643
18974719 29
18974731 321
18974743 36
18974783 81
18974783 676
18974899 1569
18974929 12
18974929 1479
18974947 29
18974951 1
18974983 8
18975101 1219
18975163 308
18975233 36
18975269 64
18975283 5
18975311 1
18975419 1
18975449 6159
18975499 1289
18975511 1533
18975511 2205
18975569 4
18975571 360
18975653 7
18975653 5952
18975767 520
18975787 12
18975797 907
18975821 5604
18975881 36
18975991 3353
18976039 2505
18976049 567
18976073 2103
18976073 4428
18976159 7101
18976171 4565
18976289 16
18976319 724
18976417 5139
18976483 81
18976549 492
18976549 2711
18976609 275
18976753 27
18976753 207
18976757 4
18976843 5925
18976873 120
18976873 1916
18976883 1948
18976939 45
18976939 65
18976999 152
18977011 2829
18977027 33
18977081 4
18977141 4
18977141 4951
18977197 23
18977209 2024
18977269 135
18977279 1
18977303 1
18977311 56
18977351 1
18977351 9
18977359 437
18977471 25
18977473 8
18977473 591
18977533 11
18977533 167
18977639 1
18977639 4
18977731 5
18977753 9583
18977863 408
18977873 3
18977879 1
18977879 9
18978053 3
18978053 12
18978073 20
18978097 3
18978097 8
18978109 471
18978119 1
18978161 3
18978161 408
18978163 60
18978163 4821
18978191 1
18978191 7009
18978301 1091
18978313 68
18978313 95
18978329 3136
18978403 17
18978461 19
18978481 15
18978493 3
18978497 40
18978529 20
18978571 9
18978637 1139
18978649 60
18978691 6393
18978761 4
18978779 1
18978779 4
18978871 21
18978893 60
18978917 7
18978917 2224
18979003 153
18979027 8
18979031 1489
18979067 37
18979087 12
18979087 204
18979087 320
18979171 5
18979217 7
18979217 1944
18979267 24
18979267 2609
18979313 103
18979313 331
18979319 156
18979333 15
18979487 3325
18979511 4
18979579 24
18979579 44
18979637 4
18979691 228
18979931 4
18979951 7400
18980047 9
18980053 8
18980053 27
18980077 7175
18980099 1
18980099 24
18980167 5
18980231 1
18980237 79
18980263 173
18980341 3
18980387 12
18980387 3400
18980431 5
18980441 4
18980597 2452
18980603 1
18980659 21
18980659 7125
18980693 576
18980783 88
18980807 6097
18980813 1435
18980869 2691
18980987 4
18980987 8209
18980989 92
18980989 5780
18981023 1
18981029 64
18981191 24
18981329 12
18981433 11
18981451 68
18981511 33
18981583 53
18981649 20
18981751 9485
18981773 3
18981821 24
18981871 8
18981899 1
18981899 16
18981929 580
18981953 2835
18981959 4
18981961 6215
18981997 3
18981997 35
18982141 60
18982151 9
18982259 4
18982267 20
18982283 6360
18982297 144
18982331 64
18982391 9
18982391 48
18982433 232
18982493 3696
18982553 540
18982627 5
18982643 12
18982669 224
18982801 8160
18982841 40
18982853 148
18982883 1176
18982949 259
18982963 2768
18982979 709
18982987 108
18983039 4
18983161 803
18983171 1
18983201 939
18983221 395
18983297 15
18983297 219
18983351 13
18983387 4377
18983389 2736
18983401 296
18983417 15
18983473 423
18983507 1893
18983521 4019
18983557 119
18983567 309
18983707 5
18983707 12
18983729 5172
18983759 4
18983761 1644
18983801 4
18983801 648
18983837 19
18983891 45
18983957 3528
18983999 1
18983999 912
18984011 4
18984013 36
18984029 259
18984029 6099
18984083 1
18984149 4
18984347 337
18984397 32
18984403 8
18984437 3
18984437 4
18984437 588
18984451 21
18984533 1156
18984611 25
18984613 1995
18984697 1559
18984703 153
18984793 5580
18984859 132
18984899 4
18984899 112
18984907 32
18984941 2691
18984943 4017
18984947 1653
18984967 180
18984983 1140
18985007 1065
18985007 3160
18985081 11
18985093 608
18985163 1
18985207 345
18985207 2693
18985259 1
18985261 35
18985261 119
18985387 8
18985537 3
18985537 359
18985559 12
18985559 85
18985559 309
18985567 5
18985619 1
18985657 459
18985667 69
18985667 613
18985679 441
18985781 4
18985793 3463
18985849 11
18985849 35
18985867 2408
18985877 244
18985909 5307
18985937 7
18986057 135
18986057 388
18986083 612
18986171 1
18986183 9501
18986207 4
18986237 4
18986309 8136
18986347 45
18986423 28
18986423 85
18986533 1791
18986579 189
18986651 1
18986689 891
18986699 1
18986699 81
18986791 141
18986791 7908
18986797 3
18986873 12
18986887 33
18986887 192
18986953 8
18986953 12
18986963 1
18987047 25
18987131 1
18987131 13
18987131 829
18987139 377
18987161 16
18987161 3648
18987233 52
18987301 2100
18987313 687
18987337 8
18987347 4
18987347 1744
18987481 24
18987491 1
18987541 8
18987559 5
18987559 272
18987583 461
18987641 4
18987641 88
18987649 639
18987739 200
18987763 8933
18987791 1
18987803 1
18987853 11
18987889 11
18987907 252
18987959 1
18987959 6349
18987967 332
18987967 6857
18988003 317
18988037 12
18988097 3
18988117 20
18988267 9
18988267 8897
18988273 1340
18988357 3
18988601 24
18988601 55
18988621 1188
18988793 2952
18988819 12
18988867 24
18988867 69
18988877 6735
18988897 107
18988927 89
18988927 117
18988943 121
18988967 252
18989039 40
18989039 2680
18989071 224
18989141 663
18989161 3
18989161 3408
18989203 93
18989219 1
18989291 1
18989291 13
18989489 27
18989491 44
18989501 3
18989501 5011
18989501 5139
18989533 131
18989539 1680
18989587 2060
18989627 1428
18989671 8
18989687 12
18989687 6913
18989777 3583
18989791 20
18989827 9
18989837 1335
18989837 2283
18989851 9
18989879 784
18989897 1167
18989933 7
18989939 9
18990079 105
18990143 52
18990227 4
18990227 3637
18990233 307
18990239 385
18990247 1988
18990311 201
18990313 503
18990353 16
18990353 136
18990359 45
18990359 109
18990373 275
18990469 1079
18990539 1
18990541 24
18990599 1
18990607 5
18990607 1949
18990613 1047
18990619 5601
18990623 105
18990781 48
18990793 3
18990809 4059
18990869 36
18990883 3912
18990973 768
18990991 4508
18991039 317
18991067 4
18991081 51
18991139 1756
18991177 3
18991319 4
18991417 63
18991429 20
18991627 1944
18991633 32
18991757 27
18991783 17
18991783 4032
18991867 5
18991867 120
18991891 2240
18991919 1
18991949 1564
18991981 120
18992093 1203
18992123 157
18992161 960
18992261 4
18992279 4
18992297 4
18992299 21
18992357 399
18992377 152
18992461 176
18992537 9472
18992591 1
18992591 2253
18992669 391
18992683 513
18992797 8
18992993 8772
18993001 216
18993047 24
18993089 4
18993119 1204
18993263 136
18993277 7988
18993319 9
18993341 3
18993343 17
18993371 3828
18993397 60
18993413 36
18993493 15
18993563 1
18993563 13
18993563 25
18993599 1
18993647 4
18993647 33
18993697 639
18993721 15
18993721 368
18993827 789
18993853 15
18993881 16
18993889 15
18993907 53
18993911 1
18993911 105
18993911 381
18993911 1300
18993971 100
18993983 357
18994037 1539
18994051 4385
18994051 5936
18994069 140
18994069 651
18994141 111
18994147 12
18994163 28
18994163 153
18994181 3
18994379 1
18994453 5792
18994463 28
18994487 13
18994597 3
18994771 8
18994823 1
18994841 3
18994861 5339
18994883 12
18994979 4
18995047 2468
18995189 8116
18995213 1183
18995287 12
18995287 1068
18995299 32
18995303 40
18995329 531
18995329 1335
18995357 4
18995369 3840
18995419 125
18995507 4905
18995513 196
18995527 33
18995533 3
18995533 8171
18995597 88
18995621 19
18995623 12
18995719 56
18995719 69
18995887 5
18995897 463
18995909 15
18995923 1085
18995929 992
18996011 1
18996077 3
18996077 24
18996223 152
18996311 1
18996311 49
18996337 47
18996539 4
18996589 2036
18996613 1700
18996721 11
18996721 59
18996721 519
18996833 7
18996839 25
18996881 3771
18996953 7
18996959 1057
18997019 1
18997031 1
18997031 9
18997073 256
18997229 8412
18997339 65
18997343 1
18997361 4
18997421 48
18997427 9
18997453 180
18997481 3
18997631 9
18997631 84
18997679 4
18997723 7593
18997799 4
18997837 24
18997973 27
18997997 547
18998149 6152
18998159 1
18998173 36
18998173 2915
18998491 8
18998519 144
18998557 15
18998557 119
18998593 203
18998699 745
18998699 2637
18998801 180
18998873 36
18998893 296
18998909 31
18998921 16
18998921 36
18998933 3427
18998957 4
18999007 20
18999017 3
18999151 24
18999161 4836
18999247 5252
18999427 5
18999427 768
18999467 129
18999503 1
18999517 39
18999517 948
18999551 1
18999577 8
18999667 5
18999709 3480
18999821 19
18999889 3795
18999919 245
18999979 17
