10500013 12
10500013 23
10500037 204
10500137 5040
10500143 48
10500157 159
10500361 848
10500421 75
10500431 33
10500449 16
10500463 216
10500491 1
10500533 76
10500547 72
10500569 7
10500587 9
10500613 15
10500757 15
10500757 27
10500773 3
10500779 1
10500779 4
10500779 436
10500817 1380
10500817 3072
10500839 1
10500851 1
10500851 49
10500923 1
10500991 93
10500991 2873
10501201 8
10501241 15
10501373 595
10501373 3928
10501399 1685
10501441 356
10501441 1128
10501613 3
10501693 3
10501697 19
10501769 2787
10501793 7
10501793 9331
10501807 32
10501807 492
10501837 60
10501919 64
10501921 3
10501949 147
10501949 1951
10501951 7761
10501993 1215
10502083 5
10502083 137
10502101 36
10502101 2595
10502113 408
10502113 5987
10502207 937
10502221 4640
10502399 1
10502419 36
10502489 15
10502489 19
10502507 9
10502537 3
10502537 48
10502543 1
10502543 52
10502543 105
10502581 3
10502581 224
10502647 8
10502659 5
10502741 463
10502749 216
10502759 4
10502771 33
10502873 3
10502951 1
10503047 4
10503193 4691
10503289 1524
10503323 201
10503323 9628
10503377 6520
10503397 1124
10503413 12
10503461 123
10503491 4
10503491 1020
10503509 195
10503553 36
10503587 4980
10503659 1
10503683 33
10503719 1
10503719 4
10503719 132
10503803 297
10503863 61
10503877 8
10503877 159
10503923 177
10503989 15
10504007 9
10504007 73
10504019 3084
10504027 137
10504051 8
10504097 43
10504097 2968
10504121 24
10504157 843
10504211 1
10504331 4
10504331 13
10504349 7
10504391 156
10504451 1
10504469 4
10504471 224
10504493 12
10504523 96
10504553 3
10504561 999
10504561 5735
10504573 3
10504573 56
10504679 7381
10504717 155
10504751 1
10504903 312
10504903 336
10504933 3
10504969 56
10505129 7
10505137 995
10505141 1351
10505263 8
10505353 1392
10505387 925
10505477 79
10505483 1
10505483 16
10505531 1
10505531 4
10505597 7
10505617 3
10505731 1205
10505749 5832
10505767 1332
10505777 379
10505837 3
10505851 44
10505851 93
10505939 9
10505987 8829
10506079 1269
10506173 36
10506257 1540
10506263 60
10506311 156
10506343 56
10506359 6552
10506407 5152
10506481 444
10506481 476
10506499 461
10506523 1220
10506523 8696
10506541 419
10506541 1239
10506611 73
10506637 923
10506689 1332
10506703 428
10506707 4
10506707 3348
10506767 25
10506841 23
10506841 104
10506857 19
10506863 976
10506907 3405
10506917 19
10506949 12
10506949 720
10506983 505
10507027 4173
10507031 9
10507043 1
10507061 208
10507151 1
10507163 1
10507243 7356
10507267 524
10507267 932
10507313 67
10507313 4551
10507319 1
10507319 3909
10507381 96
10507397 244
10507451 9
10507457 4027
10507463 4005
10507463 6273
10507493 151
10507559 1
10507631 1
10507643 232
10507733 6235
10507771 68
10507813 20
10507879 21
10507897 5804
10507993 80
10508021 703
10508051 1
10508059 81
10508093 28
10508203 20
10508279 4
10508293 8
10508339 97
10508359 357
10508479 7584
10508521 195
10508579 1
10508579 24
10508579 436
10508579 4720
10508647 653
10508651 1
10508699 36
10508789 19
10508801 4
10508801 28
10508891 6868
10508977 3
10508977 12
10509013 372
10509173 75
10509181 11
10509203 1
10509241 188
10509241 4808
10509251 420
10509371 1
10509371 13
10509503 1
10509503 2221
10509523 17
10509533 7
10509559 36
10509559 7421
10509563 1
10509563 105
10509649 1895
10509661 63
10509677 7
10509683 1801
10509691 81
10509797 3
10509799 12
10509799 212
10509839 2560
10509937 227
10509991 53
10510067 1969
10510079 1
10510091 4
10510111 5
10510387 1764
10510421 63
10510421 640
10510427 2257
10510463 1
10510559 237
10510631 1
10510631 69
10510663 777
10510663 3632
10510681 3
10510691 1
10510691 573
10510691 589
10510699 129
10510699 272
10510699 9072
10510711 5868
10510723 441
10510723 5096
10510919 72
10510919 196
10510943 1
10510991 4
10511099 16
10511113 2816
10511153 16
10511159 1224
10511183 1
10511183 57
10511227 80
10511231 520
10511233 47
10511233 251
10511257 224
10511279 9
10511279 321
10511317 39
10511317 92
10511317 4919
10511323 2865
10511353 3291
10511377 3
10511411 408
10511467 140
10511471 25
10511507 1060
10511549 3859
10511591 1
10511591 21
10511609 9064
10511639 1
10511647 8
10511681 3
10511719 5
10511749 56
10511803 5
10511803 621
10511857 68
10511863 8
10511881 99
10511939 1
10511951 216
10512011 13
10512013 71
10512043 333
10512269 811
10512461 8740
10512479 1
10512479 12
10512571 5
10512611 124
10512617 3
10512617 27
10512617 339
10512629 7
10512629 27
10512641 3436
10512673 1500
10512713 240
10512743 1677
10512809 240
10512809 387
10512829 59
10512829 1436
10512883 48
10512883 116
10512907 12
10512977 3
10512977 15
10512991 845
10513127 4897
10513127 6969
10513163 528
10513169 2199
10513177 32
10513351 48
10513367 400
10513417 15
10513417 83
10513417 108
10513421 715
10513423 672
10513453 747
10513487 4
10513511 9
10513523 192
10513523 5208
10513537 3
10513537 44
10513549 15
10513577 415
10513583 745
10513603 80
10513639 12
10513721 931
10513739 25
10513831 213
10513879 24
10513879 60
10513879 3105
10513889 111
10513903 428
10513969 4740
10514003 2496
10514017 27
10514017 468
10514039 9
10514051 64
10514069 7
10514071 9
10514171 1473
10514261 888
10514293 315
10514293 395
10514407 5
10514411 1
10514423 88
10514459 1
10514503 8
10514513 7
10514513 448
10514513 6591
10514587 8
10514593 11
10514593 12
10514593 5108
10514627 369
10514717 775
10514729 4
10514743 408
10514827 9
10514839 5
10514843 21
10514869 75
10514873 63
10514873 103
10514873 7008
10514927 124
10514939 9889
10514963 16
10515007 9
10515017 388
10515053 3
10515053 2512
10515077 3
10515133 3
10515133 6827
10515191 160
10515247 4317
10515251 505
10515383 1
10515403 132
10515409 60
10515443 508
10515551 1
10515599 9
10515601 756
10515731 1
10515773 3
10515773 6688
10515787 3189
10515811 5
10515821 160
10515907 1533
10515929 12
10515931 1349
10515937 12
10515977 7
10515977 3324
10516007 25
10516021 15
10516043 1
10516087 5
10516091 4
10516127 9
10516171 44
10516171 8160
10516199 1
10516249 120
10516301 3
10516301 5191
10516321 248
10516361 51
10516411 24
10516463 133
10516603 701
10516619 1
10516619 1041
10516771 573
10516771 6240
10516799 1
10516801 3623
10516817 12
10516889 4
10516943 3828
10516993 12
10517167 9
10517201 3
10517201 696
10517207 2844
10517293 476
10517303 2736
10517359 5
10517383 8
10517411 1
10517471 1
10517527 464
10517539 5
10517567 9
10517579 1
10517699 4
10517699 69
10517783 33
10517833 488
10517957 583
10518031 404
10518031 1028
10518043 521
10518043 1832
10518119 4204
10518197 4
10518217 35
10518217 684
10518283 2933
10518293 952
10518311 1
10518311 45
10518349 27
10518401 43
10518491 4
10518491 60
10518551 1
10518551 508
10518671 4
10518689 16
10518719 1
10518737 480
10518743 1
10518743 1101
10518803 1
10518817 1400
10518853 995
10518877 459
10518947 613
10518979 192
10519021 116
10519031 4
10519031 165
10519037 3
10519043 3672
10519207 12
10519241 3
10519241 91
10519343 1
10519343 4288
10519499 1
10519577 5947
10519589 2371
10519601 376
10519631 13
10519631 6988
10519637 3
10519643 1
10519679 81
10519799 265
10519813 56
10519843 21
10519913 60
10519973 403
10520117 15
10520143 56
10520189 4
10520189 8995
10520383 296
10520431 600
10520651 4
10520651 64
10520743 17
10520743 273
10520777 4
10520857 8
10520879 180
10520893 20
10520899 44
10520929 24
10521001 1040
10521089 8524
10521101 324
10521107 325
10521169 1115
10521239 1
10521253 11
10521253 35
10521289 11
10521449 55
10521503 1
10521587 352
10521587 1045
10521607 320
10521761 39
10521761 60
10521761 4683
10521779 1
10521859 1524
10521887 4
10521941 3
10521941 583
10521947 45
10522007 4857
10522049 3115
10522069 2447
10522093 15
10522103 16
10522123 152
10522123 405
10522163 13
10522277 175
10522289 5952
10522327 17
10522397 5275
10522441 3
10522471 69
10522489 1415
10522493 27
10522531 7425
10522549 20
10522549 5291
10522597 27
10522613 3
10522613 7
10522613 1312
10522619 1
10522627 5
10522627 17
10522669 11
10522777 24
10522817 2203
10522843 1268
10522859 1
10522913 2283
10522943 72
10522951 33
10522951 269
10522951 7833
10522973 3
10522973 12
10523021 4
10523021 199
10523077 12
10523081 3100
10523081 8575
10523083 5
10523113 8
10523113 6971
10523141 15
10523141 16
10523197 860
10523197 1128
10523209 32
10523377 59
10523497 888
10523509 32
10523531 4
10523599 144
10523641 8
10523657 72
10523671 1460
10523671 1653
10523699 36
10523699 3481
10523729 15
10523759 3112
10523783 1
10523797 219
10523837 6720
10523881 51
10523959 84
10523977 20
10524001 3
10524049 32
10524049 99
10524053 7
10524077 19
10524127 2360
10524131 1
10524197 3
10524251 1089
10524299 4
10524299 4204
10524313 11
10524313 32
10524313 872
10524359 12
10524383 337
10524491 60
10524541 2283
10524583 68
10524583 1896
10524599 1
10524667 113
10524739 1196
10524769 236
10524799 5
10524863 1
10524893 288
10524893 1876
10524929 624
10524977 15
10525013 3247
10525037 4
10525043 25
10525043 2712
10525061 4
10525079 204
10525087 5657
10525093 3
10525093 11
10525181 3
10525189 51
10525199 1
10525241 15
10525301 3
10525301 31
10525343 1221
10525481 795
10525511 4
10525553 783
10525553 2956
10525553 5448
10525589 7
10525607 3124
10525657 603
10525721 4
10525859 732
10525883 297
10525897 284
10525919 1
10525919 564
10525939 161
10525939 7712
10525961 196
10526147 324
10526251 60
10526287 249
10526317 2172
10526423 1
10526431 125
10526459 1164
10526561 4
10526569 15
10526597 1948
10526599 5
10526657 12
10526687 2965
10526699 1
10526717 3
10526783 1
10526783 13
10526821 44
10526827 5
10526827 17
10526837 735
10526849 7
10526851 1905
10526861 2544
10526891 1
10526899 5
10526899 561
10526941 203
10526951 376
10527017 4
10527017 7
10527043 2936
10527047 4744
10527071 7725
10527149 4
10527221 3
10527227 4
10527373 1847
10527379 20
10527401 4
10527431 1
10527589 4280
10527613 3
10527617 15
10527731 168
10527793 7956
10527851 1
10527863 577
10527917 67
10527917 1404
10527967 933
10528031 4
10528057 8
10528121 7819
10528123 8
10528619 25
10528619 565
10528643 1
10528649 12
10528657 3
10528691 40
10528691 1705
10528751 1
10528753 3
10528811 1
10528811 1060
10528867 8
10528867 3009
10528879 4404
10528897 512
10528961 3
10528997 3
10529107 9
10529221 20
10529231 1
10529237 3
10529237 24
10529263 33
10529303 1
10529329 1095
10529411 201
10529411 6484
10529413 380
10529437 15
10529437 1652
10529459 37
10529471 1
10529507 4
10529557 500
10529569 11
10529621 8323
10529689 5256
10529723 37
10529767 9
10529803 5
10529807 5832
10529879 25
10529899 77
10529903 301
10529923 5
10529923 1340
10529923 2201
10530043 2616
10530073 8315
10530077 412
10530077 2220
10530097 6939
10530119 9204
10530133 335
10530187 333
10530197 12
10530211 180
10530269 51
10530281 8640
10530329 5044
10530367 8
10530467 28
10530479 1
10530521 4
10530521 840
10530529 7212
10530557 7
10530557 28
10530629 7
10530629 5491
10530629 7396
10530631 240
10530647 4
10530673 231
10530703 48
10530929 5791
10531013 31
10531063 3273
10531099 24
10531139 16
10531139 961
10531151 1369
10531271 1
10531271 4
10531303 336
10531307 4
10531363 9065
10531373 51
10531429 2220
10531457 12
10531513 8
10531523 1
10531639 29
10531649 4
10531649 235
10531751 1
10531813 6927
10531849 2015
10531849 2955
10531877 7
10531883 13
10531883 21
10531979 4
10532029 6536
10532063 1620
10532083 2856
10532131 60
10532167 1857
10532227 500
10532243 33
10532293 36
10532303 1
10532339 1
10532453 16
10532453 312
10532569 9972
10532579 4
10532581 20
10532603 1
10532603 45
10532603 73
10532611 2400
10532623 5600
10532629 144
10532633 3
10532633 75
10532633 132
10532657 3
10532657 375
10532693 100
10532891 1
10532903 76
10532923 57
10533073 231
10533139 1904
10533143 28
10533247 8
10533343 177
10533359 1
10533407 4
10533407 1444
10533431 1
10533431 16
10533437 664
10533599 16
10533661 183
10533709 275
10533737 4
10533751 5
10533763 20
10533767 540
10533791 1
10533833 3
10533857 43
10533959 1
10534031 28
10534039 36
10534211 4
10534211 25
10534211 105
10534247 700
10534247 2208
10534259 1
10534301 1624
10534369 36
10534397 3
10534547 4
10534567 12
10534567 365
10534619 904
10534661 3
10534787 12
10534787 37
10534787 508
10534837 3500
10535023 7865
10535059 377
10535111 24
10535111 520
10535159 4
10535183 4228
10535251 684
10535293 135
10535303 1360
10535309 8107
10535339 4
10535339 21
10535351 1
10535377 948
10535429 7
10535471 84
10535479 4760
10535593 3
10535593 123
10535659 1544
10535669 1524
10535719 1029
10535813 7
10535867 349
10535881 8
10535963 1
10535977 8
10536023 1
10536109 1227
10536271 156
10536289 20
10536293 463
10536307 89
10536359 1
10536371 1
10536371 49
10536391 276
10536437 24
10536457 407
10536473 48
10536473 307
10536479 60
10536503 1
10536529 24
10536551 1
10536649 32
10536709 20
10536727 57
10536739 101
10536781 171
10536817 8
10536899 1
10536907 605
10536997 44
10537339 440
10537409 4
10537421 1443
10537441 603
10537441 780
10537463 1
10537481 19
10537517 7
10537561 7899
10537663 5
10537753 147
10537801 8
10537843 12
10537871 93
10537907 25
10537957 1344
10537987 512
10538009 79
10538023 36
10538153 51
10538183 1677
10538237 1815
10538257 99
10538257 7512
10538287 57
10538321 3
10538413 476
10538471 1
10538477 3
10538491 69
10538491 4376
10538509 171
10538551 41
10538663 1116
10538683 21
10538779 9
10538813 43
10538873 4468
10538887 8
10538933 7
10538959 5
10538981 108
10538981 2544
10539013 32
10539059 1
10539097 224
10539127 4505
10539149 39
10539149 376
10539223 20
10539241 363
10539247 5124
10539251 21
10539259 81
10539317 15
10539317 19
10539443 405
10539443 952
10539481 135
10539481 2871
10539493 3587
10539511 149
10539539 261
10539563 1
10539619 576
10539691 5
10539833 72
10539877 1827
10539929 27
10539929 8572
10539979 189
10540063 2192
10540081 2171
10540109 204
10540121 8988
10540169 376
10540199 1
10540199 4
10540379 25
10540379 96
10540379 2532
10540381 60
10540423 12
10540457 1167
10540513 152
10540571 1
10540571 21
10540571 1833
10540661 144
10540741 48
10540757 4
10540781 16
10540781 24
10540807 1137
10540811 1
10540811 16
10540841 4
10540841 1291
10540843 120
10540889 36
10540903 8493
10541017 123
10541077 3144
10541093 7
10541171 25
10541203 4937
10541243 45
10541243 4041
10541423 1
10541549 159
10541617 528
10541731 33
10541759 60
10541833 48
10541833 51
10541917 35
10542011 9
10542031 1944
10542041 3
10542223 4412
10542269 2100
10542281 4
10542401 15
10542401 3823
10542407 4
10542419 1
10542419 72
10542443 1
10542443 25
10542443 657
10542491 1
10542661 8463
10542761 103
10542773 492
10542773 595
10542799 5
10542803 7473
10542823 273
10542923 1
10542923 13
10542923 16
10542923 337
10542923 556
10543033 3
10543097 8524
10543121 19
10543121 48
10543163 1
10543189 260
10543229 115
10543229 1936
10543259 376
10543307 48
10543307 244
10543339 1880
10543387 113
10543399 125
10543433 2152
10543433 3540
10543487 12
10543523 1
10543541 183
10543619 5700
10543699 1260
10543747 1317
10543787 9
10543807 324
10543829 4344
10543861 96
10543909 11
10544003 21
10544003 300
10544077 99
10544113 743
10544117 3
10544129 555
10544129 4519
10544141 3
10544147 3085
10544153 196
10544173 3
10544173 6887
10544243 61
10544243 297
10544243 460
10544243 2365
10544249 4
10544251 60
10544279 1
10544351 1
10544381 156
10544381 244
10544461 8
10544483 1
10544483 1653
10544489 211
10544507 88
10544543 1
10544543 5461
10544759 4
10544803 60
10544803 240
10544839 29
10544861 3039
10544939 1
10545043 101
10545137 4
10545167 13
10545257 15
10545289 15
10545313 11
10545443 292
10545443 621
10545517 3
10545539 1
10545581 99
10545581 2128
10545659 1
10545727 1608
10545737 3
10545749 180
10545803 1
10545823 996
10545827 148
10545833 9672
10545911 1
10546009 836
10546021 119
10546087 5
10546181 4
10546199 1
10546243 8
10546247 2677
10546271 1
10546301 1276
10546331 1
10546337 3
10546363 8
10546379 1
10546391 1
10546391 760
10546399 12
10546429 1056
10546439 4
10546441 80
10546453 72
10546493 7
10546559 1
10546573 8
10546619 1
10546637 3867
10546661 31
10546687 5
10546693 3
10546703 1
10546703 2172
10546771 4473
10546793 12
10546901 168
10546951 9
10546973 7
10546973 55
10547093 5388
10547239 4437
10547267 1272
10547267 2677
10547279 1
10547279 3421
10547297 4
10547297 15
10547323 1133
10547357 1080
10547377 1443
10547393 1215
10547419 5
10547423 12
10547441 4663
10547461 8
10547507 25
10547539 816
10547651 1
10547653 11
10547653 687
10547671 33
10547681 3043
10547711 1
10547729 4
10547749 192
10547819 112
10547903 2332
10548019 101
10548023 21
10548061 20
10548073 240
10548089 87
10548121 128
10548227 33
10548227 1444
10548229 27
10548269 7
10548271 1116
10548299 1
10548299 997
10548319 20
10548331 5
10548341 1051
10548451 165
10548479 2236
10548509 7
10548511 8
10548563 9321
10548583 213
10548599 4
10548679 1485
10548701 2076
10548763 1625
10548793 35
10548893 2443
10549043 1
10549043 4096
10549093 15
10549151 4
10549151 3549
10549169 19
10549171 80
10549267 5
10549271 1
10549289 7
10549307 2065
10549321 3
10549321 776
10549321 779
10549339 944
10549463 1
10549471 29
10549531 3929
10549589 715
10549607 3045
10549633 555
10549711 5
10549771 21
10549813 411
10549837 8
10549867 5
10549919 25
10549927 525
10549943 1
10549969 311
10549999 2012
10550003 1
10550003 3265
10550027 825
10550087 1192
10550101 351
10550131 5
10550131 21
10550131 24
10550147 129
10550147 4009
10550159 1
10550269 24
10550273 9028
10550297 7
10550333 5152
10550363 1
10550411 1
10550483 1
10550531 1380
10550543 181
10550549 112
10550641 3
10550641 4520
10550647 9
10550713 3
10550713 7140
10550723 660
10550741 111
10550753 5620
10550773 8351
10550791 624
10550807 60
10550921 24
10550971 1701
10551007 1209
10551017 39
10551019 429
10551119 1
10551119 4
10551119 136
10551301 164
10551341 19
10551341 103
10551397 3
10551467 69
10551487 48
10551511 1104
10551553 12
10551689 16
10551701 316
10551731 649
10551743 28
10551799 197
10551839 1
10551839 12
10551839 21
10551847 204
10551913 20
10551953 3
10552007 4189
10552037 2032
10552037 3324
10552057 4044
10552097 8719
10552117 204
10552271 1
10552319 1164
10552397 360
10552523 1
10552747 2612
10552813 15
10552823 25
10552873 11
10552873 32
10552873 351
10552891 21
10552909 7040
10552951 8645
10552963 5
10552991 4
10552991 16
10553009 4
10553009 15
10553161 80
10553171 1
10553233 12
10553233 551
10553281 3
10553281 24
10553281 876
10553317 8
10553317 2220
10553461 36
10553467 20
10553467 44
10553579 4
10553663 13
10553693 3
10553717 27
10553717 8059
10553839 20
10553951 2353
10554023 1
10554023 93
10554199 224
10554209 16
10554209 232
10554283 225
10554319 17
10554419 4
10554419 144
10554437 99
10554547 17
10554547 857
10554613 3
10554683 1
10554683 13
10554689 4
10554697 3
10554701 4
10554703 32
10554757 3
10554757 2403
10554763 161
10554763 665
10554793 5868
10554799 216
10554821 175
10554857 39
10554857 40
10554871 5
10555007 1233
10555009 296
10555009 7212
10555121 4
10555157 87
10555199 16
10555211 1
10555231 7401
10555271 1
10555387 1784
10555399 5
10555403 96
10555403 1573
10555417 2264
10555429 284
10555481 31
10555547 24
10555613 3
10555747 8
10555763 13
10555771 69
10555823 40
10555823 88
10555877 4
10555927 5
10555931 100
10555949 67
10555949 76
10556017 80
10556017 1487
10556033 87
10556047 5493
10556123 361
10556171 1204
10556171 2088
10556179 21
10556207 9
10556207 40
10556207 357
10556279 9
10556281 716
10556291 8449
10556309 15
10556363 1
10556363 12
10556363 36
10556387 528
10556389 12
10556423 100
10556423 5568
10556459 4
10556489 12
10556489 2124
10556503 8
10556503 12
10556509 75
10556569 80
10556617 135
10556713 3
10556827 5
10556873 31
10556873 528
10556891 1
10556927 153
10556939 316
10557101 3
10557259 657
10557431 96
10557433 1856
10557473 871
10557497 204
10557509 15
10557509 7752
10557571 5
10557619 44
10557641 40
10557641 151
10557643 5
10557773 3
10557773 7155
10557791 1
10557857 3
10557923 325
10557931 20
10557959 124
10557959 825
10557959 5581
10557979 6837
10557983 325
10558027 3789
10558087 3000
10558157 2260
10558189 267
10558193 3
10558193 196
10558201 3
10558397 40
10558421 64
10558421 183
10558423 8
10558423 120
10558423 4145
10558477 843
10558489 15
10558529 4
10558567 972
10558577 187
10558601 424
10558733 492
10558747 9
10558799 589
10558831 153
10558991 1
10559027 1573
10559051 1
10559083 5
10559111 69
10559113 3
10559113 327
10559113 4383
10559147 129
10559149 71
10559207 4
10559249 1975
10559387 49
10559489 4
10559519 1
10559539 44
10559603 1
10559729 280
10559767 9
10559767 57
10559807 85
10559831 4
10559833 336
10559849 7
10559881 303
10559903 12
10559929 27
10560073 63
10560079 1161
10560113 187
10560139 1044
10560227 864
10560227 6300
10560419 9
10560461 4
10560461 7171
10560479 1
10560479 157
10560521 159
10560527 12
10560601 60
10560619 105
10560623 12
10560623 28
10560653 31
10560659 1
10560743 3792
10560773 12
10560817 2672
10560839 1
10560839 3976
10560871 5544
10560911 4
10560917 3
10560917 7
10560967 53
10560967 65
10561013 103
10561039 24
10561039 597
10561121 3
10561127 4
10561139 852
10561157 1599
10561237 228
10561237 267
10561261 3644
10561279 92
10561339 249
10561349 4
10561387 612
10561409 4
10561451 2373
10561513 11
10561543 5
10561561 135
10561571 1
10561571 120
10561633 3
10561633 623
10561643 1
10561883 157
10561921 24
10561933 312
10561963 656
10562029 72
10562033 460
10562053 15
10562093 87
10562191 20
10562197 20
10562213 3
10562231 1
10562243 1
10562243 33
10562261 3
10562339 9
10562339 109
10562371 8
10562401 59
10562411 1
10562411 13
10562417 8295
10562437 1268
10562533 2156
10562581 60
10562659 1065
10562677 8
10562677 2735
10562687 72
10562731 164
10562771 4
10562813 3
10562941 3
10562941 143
10562963 28
10563037 3
10563089 4144
10563089 9439
10563131 4
10563149 55
10563193 12
10563229 1940
10563247 2880
10563257 3
10563407 4
10563407 49
10563457 35
10563491 1
10563491 825
10563557 448
10563559 24
10563587 3288
10563599 37
10563649 476
10563667 9
10563667 44
10563671 1
10563719 4
10563799 5
10563803 1
10563863 1
10563887 33
10563913 72
10563997 1892
10564097 7
10564189 815
10564201 3
10564403 5772
10564409 3927
10564451 24
10564471 1916
10564523 3745
10564537 3
10564537 8
10564637 2800
10564643 1
10564643 12
10564679 1
10564679 24
10564691 6004
10564693 23
10564733 52
10564781 24
10564849 456
10564901 3
10564901 891
10564993 3
10564993 1980
10564997 4
10565021 91
10565047 9
10565053 3420
10565131 24
10565173 3
10565201 940
10565329 1259
10565339 12
10565339 804
10565341 75
10565341 1428
10565377 588
10565393 1080
10565407 189
10565411 3021
10565417 24
10565453 12
10565519 1
10565561 24
10565567 4
10565587 813
10565623 705
10565669 7
10565719 129
10565759 1
10565771 36
10565783 1
10565861 24
10565869 96
10565879 4
10565879 429
10565887 5
10565899 60
10565909 12
10565909 64
10565969 835
10565969 1059
10566001 20
10566001 39
10566029 52
10566043 137
10566047 132
10566103 5145
10566187 20
10566209 7
10566217 3
10566263 1300
10566277 432
10566341 4
10566389 2556
10566403 336
10566403 341
10566463 5156
10566511 84
10566511 264
10566539 360
10566607 65
10566613 27
10566617 3
10566649 2376
10566767 4
10566779 1
10566893 15
10566929 4
10566953 3
10566967 8
10566967 12
10566967 4773
10566967 8592
10567009 27
10567019 12
10567093 243
10567181 16
10567201 471
10567243 5
10567253 3
10567253 67
10567267 3068
10567343 13
10567343 217
10567399 1004
10567411 8
10567541 1716
10567541 5979
10567597 3
10567619 9
10567679 21
10567717 20
10567721 460
10567729 936
10567811 4
10567811 21
10567811 336
10567813 60
10567987 1769
10568003 1
10568087 4932
10568219 117
10568249 1195
10568287 80
10568333 3
10568353 512
10568449 315
10568471 36
10568471 925
10568479 24
10568501 1035
10568507 988
10568653 11
10568659 9
10568681 3
10568681 399
10568801 4
10568801 1375
10568911 221
10569151 353
10569227 777
10569343 645
10569379 2480
10569599 577
10569617 3
10569661 60
10569821 28
10569821 1419
10569899 12
10569913 3
10569913 87
10570033 11
10570081 168
10570097 132
10570177 200
10570201 8
10570211 1
10570223 13
10570223 813
10570247 148
10570331 1
10570367 4
10570369 11
10570433 7
10570477 7463
10570577 319
10570601 1983
10570603 5
10570603 2300
10570697 4
10570741 4095
10570757 7
10570757 352
10570793 15
10570801 396
10570913 12
10570921 8
10570927 9
10571023 7893
10571063 1
10571063 12
10571063 877
10571111 1
10571123 633
10571179 5
10571179 156
10571219 1
10571269 39
10571299 6024
10571347 993
10571357 3844
10571371 5
10571389 12
10571437 3
10571441 5284
10571453 3
10571453 8496
10571471 205
10571497 408
10571521 3
10571531 21
10571597 4155
10571653 35
10571767 65
10571777 324
10571833 1136
10571867 13
10571887 8
10571887 9165
10571903 1
10572053 51
10572061 1311
10572083 2940
10572091 20
10572091 81
10572143 1
10572143 6060
10572179 100
10572251 3036
10572253 128
10572299 4
10572311 1
10572389 84
10572409 404
10572421 1920
10572451 29
10572511 20
10572637 824
10572839 1
10572839 357
10572889 20
10572931 705
10572971 4
10572973 308
10573027 129
10573027 429
10573051 33
10573193 7
10573193 36
10573223 12
10573267 29
10573273 8
10573319 205
10573319 957
10573357 8
10573361 120
10573363 348
10573463 2572
10573517 139
10573691 1
10573691 109
10573741 3
10573741 3516
10573753 12
10573811 705
10573811 781
10573819 45
10573819 149
10573841 3
10573841 619
10573931 4405
10573961 3
10573987 5
10574099 1
10574171 1
10574197 3
10574413 32
10574471 1753
10574573 303
10574611 2628
10574623 20
10574633 1167
10574657 7
10574699 16
10574699 301
10574749 440
10574789 355
10574791 401
10574857 2259
10574857 2588
10574869 147
10574939 1
10574989 1571
10575011 2028
10575011 3576
10575043 165
10575091 36
10575091 693
10575121 3
10575121 3524
10575181 11
10575181 15
10575203 1
10575217 3
10575349 3059
10575349 3252
10575353 3
10575359 1
10575373 36
10575431 1
10575577 3
10575613 623
10575661 3
10575767 229
10575793 15
10575881 324
10575931 44
10575931 420
10575973 9360
10576031 184
10576099 24
10576121 28
10576129 380
10576183 3053
10576187 1945
10576199 1
10576211 1
10576259 1
10576289 1384
10576393 1260
10576403 372
10576507 9
10576507 33
10576523 1
10576591 165
10576613 40
10576637 15
10576639 9
10576679 1
10576679 4
10576829 24
10576829 2395
10576837 48
10576877 4
10576879 2040
10576957 215
10576963 9701
10577087 160
10577197 3504
10577291 1
10577321 3
10577321 924
10577407 8
10577429 1096
10577503 572
10577533 23
10577563 272
10577573 12
10577599 4380
10577711 9
10577711 504
10577747 12
10577747 2212
10577783 505
10577849 1464
10577969 4
10577971 5
10577977 7667
10578103 53
10578133 15
10578259 5
10578389 4
10578391 2348
10578401 4
10578521 88
10578521 228
10578569 420
10578569 1920
10578587 4
10578671 1
10578679 17
10578679 69
10578679 92
10578691 3644
10578727 1197
10578761 3
10578809 27
10578809 67
10578847 17
10578871 636
10578961 179
10578977 4
10579031 1
10579031 813
10579033 3
10579073 55
10579157 12
10579187 1173
10579193 60
10579259 1
10579259 325
10579357 8
10579363 8
10579363 3068
10579433 3
10579433 795
10579451 1
10579483 417
10579493 103
10579549 644
10579553 7
10579567 8
10579573 23
10579643 988
10579643 2581
10579721 468
10579819 21
10579837 8
10579843 5
10579847 6369
10579853 4212
10579861 3
10579861 9636
10580159 265
10580197 3
10580201 3
10580203 8
10580237 3
10580237 4
10580257 524
10580363 13
10580399 60
10580429 3639
10580441 9759
10580503 137
10580539 57
10580657 3
10580683 12
10580683 257
10580683 3473
10580723 33
10580849 7
10580849 175
10580893 20
10580971 2393
10581037 159
10581041 451
10581047 457
10581061 96
10581061 3168
10581257 7
10581479 1
10581521 5316
10581577 47
10581629 619
10581661 440
10581671 1
10581707 69
10581811 9
10581847 20
10582043 52
10582051 476
10582081 2379
10582133 3472
10582151 136
10582163 1
10582207 29
10582241 4
10582261 159
10582339 12
10582471 9
10582471 164
10582613 495
10582613 780
10582751 340
10582841 1204
10582877 5044
10583021 63
10583051 4
10583099 1
10583123 157
10583149 11
10583239 209
10583273 8512
10583297 3
10583329 180
10583341 23
10583459 1
10583459 12
10583563 65
10583563 4320
10583567 48
10583567 1960
10583569 851
10583609 40
10583609 547
10583681 4
10583701 1148
10583711 1
10583711 45
10583711 7984
10583761 23
10583761 111
10583761 719
10583857 39
10583897 4300
10583983 1088
10584011 1
10584019 4616
10584029 139
10584073 3
10584089 760
10584103 920
10584107 160
10584131 181
10584139 9
10584173 696
10584181 120
10584253 27
10584367 53
10584443 1
10584443 25
10584481 8
10584533 112
10584799 321
10584803 216
10584809 24
10584839 1
10584851 1
10584883 968
10584911 1
10584983 88
10584983 4272
10585111 1601
10585139 49
10585241 1471
10585273 183
10585297 3
10585307 24
10585307 652
10585321 719
10585321 2735
10585331 2076
10585343 576
10585343 6537
10585349 1039
10585499 292
10585529 4
10585541 36
10585559 1
10585583 1
10585621 2543
10585699 1424
10585703 1
10585723 5
10585741 8
10585807 53
10585829 15
10585859 325
10585859 2824
10585969 20
10585969 39
10586057 15
10586057 1960
10586071 381
10586111 1
10586197 99
10586207 64
10586269 92
10586357 652
10586357 3387
10586419 297
10586449 47
10586501 4
10586549 4
10586707 24
10586759 1
10586759 37
10586777 24
10586809 95
10586809 6596
10586837 399
10586867 3589
10586879 9
10586951 1
10586957 67
10586993 12
10587037 24
10587043 8936
10587067 5
10587067 5717
10587091 9
10587119 1
10587131 4
10587149 112
10587149 684
10587179 1
10587193 56
10587251 88
10587323 45
10587419 312
10587419 817
10587443 1
10587469 11
10587487 72
10587487 8448
10587539 1
10587539 49
10587611 45
10587631 33
10587631 144
10587631 441
10587649 3635
10587739 221
10587743 1
10587767 397
10587839 1417
10587859 204
10587887 108
10588033 27
10588033 63
10588033 3551
10588037 4
10588189 20
10588247 4
10588411 860
10588463 988
10588517 319
10588531 281
10588547 649
10588631 60
10588649 9160
10588651 864
10588769 36
10588777 644
10588843 8
10588913 3
10588967 252
10588967 1297
10588979 24
10588979 3825
10588987 137
10588997 19
10589003 1
10589069 12
10589071 5
10589071 96
10589077 239
10589087 117
10589087 472
10589093 3796
10589167 9
10589431 9
10589431 644
10589477 4
10589489 79
10589519 144
10589531 7804
10589543 9537
10589561 240
10589743 3393
10589779 77
10589791 29
10589837 3
10590023 21
10590109 92
10590119 1
10590233 3
10590343 237
10590347 1204
10590389 355
10590421 3
10590533 3
10590533 31
10590533 6387
10590571 68
10590691 113
10590731 9
10590781 3
10590781 459
10590781 851
10590841 3
10590851 1
10590941 360
10590959 9
10591033 20
10591129 1395
10591271 1
10591277 7059
10591327 372
10591363 608
10591411 29
10591487 432
10591513 8
10591517 15
10591517 1015
10591703 136
10591787 3568
10591837 3687
10591849 1292
10591951 428
10592017 1848
10592137 3
10592137 35
10592149 296
10592171 1
10592171 2005
10592269 539
10592299 56
10592299 4481
10592327 85
10592353 3
10592353 375
10592353 3531
10592369 180
10592383 8
10592567 12
10592567 13
10592567 8377
10592651 1
10592707 20
10592707 548
10592761 788
10592789 3675
10592797 3
10592843 1
10592843 5313
10592929 12
10592999 57
10592999 4905
10593017 4
10593139 1025
10593181 11
10593229 35
10593263 1
10593277 3
10593277 1323
10593299 1816
10593301 80
10593307 9
10593371 160
10593449 1155
10593461 3168
10593463 96
10593503 16
10593559 3444
10593629 36
10593629 292
10593629 1600
10593701 3
10593719 21
10593761 3
10593853 152
10593899 1
10593911 1
10593911 316
10593923 1
10594079 3417
10594127 13
10594351 180
10594379 1260
10594393 9188
10594439 4
10594439 45
10594481 16
10594489 6792
10594531 48
10594531 849
10594547 4
10594547 5992
10594603 21
10594669 1160
10594679 45
10594699 9
10594699 1196
10594847 4
10594847 165
10594873 11
10594949 76
10594949 159
10594957 3
10594999 144
10595041 608
10595059 24
10595093 1831
10595107 2685
10595159 1
10595171 1
10595191 4260
10595201 180
10595303 13
10595303 28
10595309 19
10595309 211
10595323 105
10595359 620
10595359 4992
10595413 3
10595513 3
10595551 2829
10595621 15
10595677 23
10595677 68
10595723 1
10595771 1
10595833 1328
10595993 51
10596071 109
10596101 3
10596181 71
10596211 3320
10596227 12
10596293 76
10596403 132
10596437 4
10596437 63
10596463 68
10596473 100
10596473 5115
10596497 139
10596563 1
10596569 4
10596611 1
10596779 1
10596799 12
10596857 3
10596863 1
10596863 25
10596893 3828
10596923 1
10597109 39
10597123 5
10597159 161
10597259 4
10597259 21
10597259 1021
10597271 1
10597277 255
10597289 24
10597289 87
10597313 132
10597397 187
10597439 1
10597451 36
10597453 251
10597529 759
10597571 61
10597597 23
10597603 60
10597711 4665
10597739 1
10597781 7728
10597841 36
10597883 1
10597903 165
10597943 117
10598011 36
10598041 128
10598051 1
10598051 25
10598051 436
10598069 12
10598113 147
10598141 64
10598281 888
10598363 528
10598437 180
10598479 21
10598501 3103
10598537 2119
10598573 7015
10598579 1
10598669 7
10598681 36
10598729 19
10598729 967
10598729 4179
10598737 4952
10598813 7
10598813 315
10598849 15
10598881 23
10598897 4
10598911 53
10598927 3432
10598947 377
10599013 1356
10599037 35
10599161 528
10599161 7048
10599187 1793
10599203 1
10599203 477
10599209 231
10599257 28
10599319 69
10599557 3
10599557 1447
10599569 160
10599637 4220
10599697 3587
10599749 24
10599749 1384
10599817 3
10600147 165
10600147 209
10600151 1
10600151 265
10600207 165
10600277 195
10600319 1
10600349 4
10600393 63
10600409 7
10600409 132
10600459 41
10600561 164
10600567 12
10600567 537
10600621 2600
10600663 5
10600739 37
10600757 3
10600781 99
10600781 639
10600813 2235
10600813 2415
10600831 9
10600873 140
10600883 1
10600951 5
10600951 149
10600957 3
10600957 1448
10600963 48
10600969 2975
10601023 2525
10601051 64
10601053 200
10601053 6147
10601093 3
10601099 1
10601131 308
10601207 400
10601207 4684
10601233 951
10601243 253
10601347 209
10601359 2801
10601377 179
10601377 348
10601609 2124
10601641 156
10601641 168
10601663 28
10601663 265
10601671 308
10601671 621
10601671 3824
10601771 1
10601777 975
10602047 9
10602107 4
10602107 12
10602113 1708
10602127 3032
10602143 5652
10602157 8
10602211 1913
10602211 3873
10602233 3
10602377 5499
10602409 219
10602413 187
10602413 216
10602499 104
10602607 737
10602653 60
10602673 68
10602803 1
10602803 21
10602829 36
10602863 1
10602877 200
10602881 9264
10602913 9795
10602947 25
10603003 77
10603003 3212
10603063 7085
10603111 1908
10603213 140
10603231 881
10603261 60
10603363 5180
10603409 15
10603493 55
10603513 740
10603517 408
10603583 1
10603603 1745
10603753 171
10603961 16
10604059 5
10604177 160
10604197 3
10604207 4
10604239 20
10604257 524
10604339 5884
10604411 93
10604417 15
10604417 43
10604519 16
10604519 21
10604623 5
10604653 1220
10604687 9
10604833 1016
10605029 7
10605121 20
10605121 5795
10605187 12
10605187 1820
10605187 7524
10605251 2220
10605281 40
10605281 91
10605289 32
10605299 40
10605313 1095
10605383 1
10605383 1581
10605383 1845
10605443 13
10605443 8680
10605451 5
10605479 37
10605487 9
10605487 45
10605701 868
10605703 12
10605817 2568
10605923 13
10605949 876
10605961 63
10606021 59
10606081 3
10606081 128
10606109 7
10606109 4632
10606229 12
10606259 1
10606361 4
10606363 17
10606451 1
10606471 5
10606471 6785
10606483 36
10606517 123
10606517 435
10606571 4
10606613 243
10606789 51
10606801 20
10606801 5291
10606811 1
10606873 3840
10606993 3
10606993 7220
10607041 3
10607057 507
10607081 3
10607173 447
10607227 69
10607227 197
10607237 175
10607413 3
10607431 9
10607437 1272
10607447 57
10607447 8304
10607489 735
10607501 619
10607521 83
10607581 8
10607581 35
10607581 836
10607593 12
10607621 3
10607621 40
10607651 4
10607699 1
10607869 587
10607903 1
10607953 1020
10608079 12
10608133 75
10608133 95
10608161 15
10608161 571
10608173 16
10608193 336
10608239 1
10608329 79
10608329 5671
10608347 2920
10608371 1
10608379 5696
10608443 1
10608679 605
10608683 1
10608743 60
10608841 3
10608841 776
10608863 33
10608907 33
10608947 1420
10608979 720
10609007 45
10609219 5
10609219 225
10609289 4039
10609337 7
10609369 1947
10609541 3
10609579 12
10609591 8
10609727 165
10609727 1425
10609741 15
10609813 75
10609889 5472
10609897 24
10609981 1671
10609987 2180
10610051 1
10610179 5
10610233 3
10610381 2344
10610389 92
10610389 96
10610393 12
10610399 1
10610419 6165
10610423 1
10610459 5301
10610489 4
10610573 12
10610627 72
10610651 1
10610657 7
10610657 9375
10610671 9
10610693 28
10610953 11
10611031 45
10611047 33
10611047 8473
10611103 1925
10611157 3
10611241 3
10611319 420
10611323 3853
10611371 1
10611397 212
10611397 908
10611409 12
10611457 464
10611479 1
10611493 32
10611521 3
10611611 5404
10611617 7864
10611697 12
10611701 111
10611751 5516
10611779 669
10611803 45
10611803 1360
10611847 2000
10611911 1
10611919 5
10611919 312
10611949 239
10612001 28
10612159 5
10612187 153
10612213 375
10612391 1
10612391 205
10612421 36
10612493 91
10612523 1
10612523 3568
10612543 108
10612559 1
10612603 956
10612643 1
10612663 1196
10612711 24
10612711 4056
10612717 2348
10612717 8703
10612739 396
10612751 9753
10612759 177
10612759 9120
10612769 7
10612801 68
10612859 1
10612897 35
10612933 3
10612997 7
10613027 48
10613041 491
10613063 13
10613167 20
10613233 8
10613341 243
10613359 9
10613363 21
10613411 1
10613467 5
10613579 4
10613611 5
10613633 43
10613633 1128
10613633 3223
10613683 6428
10613693 3
10613693 708
10613747 1492
10613767 5
10613777 24
10613851 9
10613903 576
10613929 36
10613929 215
10614011 325
10614067 9
10614067 633
10614083 1
10614089 12
10614089 1759
10614139 60
10614181 3
10614187 524
10614211 5
10614221 160
10614343 12
10614467 9600
10614587 40
10614649 35
10614719 4
10614727 680
10614731 1
10614731 2220
10614853 23
10614869 19
10614911 48
10614959 1
10615019 4
10615039 20
10615079 1
10615093 840
10615127 13
10615141 1571
10615261 3
10615303 321
10615343 280
10615349 4
10615393 11
10615439 1
10615439 456
10615439 1957
10615477 12
10615487 28
10615571 1
10615571 4
10615643 40
10615727 108
10615729 827
10615751 1
10615757 4927
10615817 4
10615853 12
10615853 1203
10615859 1
10615933 12
10615933 623
10615951 3093
10615999 104
10615999 9720
10616051 1
10616071 3705
10616093 340
10616251 20
10616297 7
10616323 213
10616339 49
10616393 175
10616423 12
10616467 2073
10616533 1955
10616561 3
10616587 24
10616591 1
10616717 19
10616939 1
10616999 1
10617031 8
10617083 33
10617091 501
10617107 4
10617121 4919
10617209 396
10617241 911
10617251 93
10617337 4668
10617361 8
10617403 356
10617527 1092
10617539 1
10617569 16
10617667 357
10617833 3
10617913 71
10617913 108
10617989 1512
10617991 5
10617991 96
10618007 9
10618039 4616
10618063 828
10618063 1997
10618117 2288
10618163 12
10618163 5896
10618199 1
10618211 2881
10618247 9
10618339 17
10618357 8007
10618427 12
10618429 1512
10618477 3
10618481 3
10618561 8
10618583 9480
10618589 3352
10618633 23
10618649 12
10618781 148
10618793 7
10618859 12
10618969 15
10619003 136
10619051 1
10619159 45
10619179 21
10619243 1
10619341 263
10619341 6140
10619381 3
10619393 327
10619573 36
10619599 24
10619641 3
10619723 1
10619729 4
10619783 1
10619899 737
10619911 5
10619911 2100
10619923 20
10619923 45
10619971 20
10620007 12
10620041 3
10620041 4
10620067 248
10620133 8183
10620157 963
10620157 1728
10620289 35
10620317 7
10620317 223
10620397 9087
10620473 756
10620521 15
10620541 531
10620559 272
10620587 4
10620587 97
10620611 1
10620611 9
10620653 16
10620671 1
10620689 3480
10620691 24
10620721 3
10620811 5780
10620847 240
10620853 311
10620853 2327
10620881 1084
10620881 2455
10620977 27
10620977 39
10620991 140
10621063 92
10621063 8273
10621139 4
10621157 4003
10621187 13
10621187 480
10621327 33
10621487 4
10621489 11
10621579 980
10621687 5117
10621693 3
10621777 12
10621789 644
10621843 57
10621843 1437
10621843 9545
10621927 5
10621967 1009
10622099 1
10622137 8
10622147 73
10622177 4080
10622231 1
10622279 12
10622279 4200
10622309 75
10622453 3
10622489 1132
10622509 11
10622531 13
10622561 8223
10622747 2512
10622779 1941
10622923 68
10623013 3
10623023 253
10623029 4
10623083 1
10623131 1
10623143 1
10623191 369
10623241 71
10623341 16
10623341 99
10623341 2875
10623341 5356
10623427 504
10623461 3
10623461 2299
10623491 1
10623499 1812
10623581 88
10623649 4800
10623857 2859
10623859 36
10623911 1
10623973 12
10623973 47
10624057 20
10624067 2268
10624151 1
10624153 176
10624199 8629
10624223 256
10624247 9
10624259 1
10624259 21
10624261 939
10624279 744
10624319 1
10624331 1
10624343 1
10624403 1
10624417 44
10624499 316
10624531 3200
10624571 1
10624619 7584
10624697 2008
10624721 3
10624727 6148
10624799 4
10624951 41
10624951 828
10624979 1
10624981 24
10624987 269
10624987 1269
10625003 1
10625003 3393
10625071 53
10625093 7
10625143 8
10625159 3360
10625213 1188
10625239 17
10625347 8
10625413 15
10625413 4040
10625423 5728
10625473 95
10625533 3
10625557 1620
10625633 72
10625717 24
10625809 200
10625939 16
10625941 3
10626013 2127
10626113 2643
10626127 264
10626127 4244
10626169 11
10626169 20
10626169 7859
10626193 203
10626223 8
10626223 3033
10626227 277
10626251 1
10626271 1176
10626271 2961
10626347 4
10626349 1919
10626361 656
10626443 657
10626467 24
10626599 16
10626607 5
10626617 1504
10626787 5
10626809 184
10626883 5
10627117 3740
10627259 9
10627273 27
10627283 1
10627307 57
10627333 4535
10627367 7237
10627387 44
10627447 897
10627447 2085
10627447 6233
10627453 9840
10627457 8544
10627571 28
10627571 93
10627577 123
10627583 2181
10627619 1
10627681 23
10627691 1
10627691 933
10627697 147
10627753 12
10627787 777
10627871 1
10628081 16
10628081 3340
10628099 4737
10628131 1929
10628141 43
10628159 21
10628197 327
10628207 1065
10628309 7
10628557 3
10628573 7
10628641 83
10628641 111
10628659 5
10628659 437
10628663 525
10628729 351
10628747 172
10628777 4
10628837 3
10628843 13
10628861 8515
10628941 60
10628983 1973
10629007 8
10629053 247
10629061 15
10629071 7825
10629079 5
10629103 45
10629103 57
10629103 417
10629121 8
10629217 15
10629253 11
10629259 36
10629287 112
10629319 1332
10629329 15
10629337 119
10629337 8000
10629391 168
10629407 1453
10629461 3
10629491 1
10629533 2811
10629583 5
10629629 4
10629629 40
10629691 20
10629761 759
10629779 1
10629877 1140
10629881 1600
10629881 3079
10629937 32
10630001 4
10630079 109
10630079 420
10630091 828
10630093 87
10630121 48
10630171 24
10630171 4376
10630261 11
10630283 808
10630297 23
10630297 24
10630309 11
10630309 99
10630337 4
10630337 39
10630337 120
10630397 4
10630397 235
10630441 75
10630537 35
10630537 2687
10630573 15
10630591 20
10630619 1
10630651 5
10630651 305
10630681 468
10630811 1
10630811 73
10630817 8952
10630979 21
10630993 3
10631009 39
10631077 815
10631087 4
10631123 1
10631167 8
10631167 12
10631213 91
10631213 372
10631281 275
10631377 1044
10631471 613
10631519 37
10631519 480
10631549 4
10631561 3
10631561 4
10631573 375
10631573 1896
10631591 1
10631591 349
10631639 1
10631683 5
10631683 8
10631683 668
10631737 3
10631767 1140
10631767 3572
10631771 21
10631837 15
10631867 597
10631903 21
10631941 195
10632019 21
10632053 96
10632071 513
10632103 5
10632119 1
10632131 645
10632133 47
10632133 180
10632317 279
10632329 91
10632467 69
10632493 23
10632529 311
10632547 92
10632551 96
10632709 2039
10632767 25
10632829 51
10632859 72
10632887 289
10632931 1016
10632943 245
10632959 7785
10632991 20
10632991 24
10633003 12
10633067 229
10633079 4
10633079 9
10633079 3996
10633219 1665
10633283 12
10633297 1647
10633303 8
10633307 24
10633417 92
10633463 481
10633477 627
10633481 3
10633523 1
10633657 15
10633657 68
10633657 7220
10633757 687
10633757 972
10633811 64
10633817 3
10633817 52
10633841 183
10633907 165
10633913 7
10633919 1
10633921 3
10633999 125
10634087 48
10634123 301
10634297 79
10634339 1
10634363 1
10634363 132
10634363 225
10634383 372
10634389 8396
10634411 1
10634417 75
10634587 8
10634587 252
10634587 3837
10634597 27
10634627 100
10634627 324
10634629 47
10634641 4739
10634653 35
10634693 15
10634747 4
10634747 397
10634753 2340
10634753 2907
10634777 3
10634777 112
10634807 9
10634849 5964
10634863 12
10634863 20
10634951 1
10634951 33
10634971 36
10635011 1
10635043 17
10635091 8
10635103 96
10635197 804
10635271 345
10635299 2505
10635343 140
10635343 2516
10635377 52
10635473 1380
10635503 253
10635529 519
10635689 172
10635791 13
10635797 372
10635799 17
10635827 24
10635847 1632
10635847 5289
10635917 3
10635941 180
10635941 295
10635979 72
10635979 84
10635997 464
10636061 7743
10636091 1
10636139 177
10636231 5180
10636253 243
10636253 6756
10636259 21
10636267 1212
10636321 56
10636337 4
10636337 39
10636349 7
10636453 56
10636469 4
10636489 576
10636519 237
10636651 44
10636709 4035
10636739 1
10636783 6621
10636793 3
10636799 36
10636831 9113
10636861 9720
10636909 80
10636909 5319
10636943 21
10636957 3
10637101 15
10637233 15
10637273 7
10637273 132
10637273 151
10637303 1
10637317 32
10637351 85
10637357 4
10637357 367
10637411 1
10637423 180
10637423 796
10637467 104
10637479 260
10637659 9
10637677 6600
10637689 740
10637713 7776
10637771 1
10637831 8236
10637873 76
10637897 2308
10637911 29
10637917 35
10637989 675
10638037 15
10638137 615
10638161 3
10638161 4
10638323 88
10638337 24
10638479 2829
10638517 1868
10638517 3843
10638571 2156
10638577 99
10638697 3
10638697 48
10638751 1400
10638769 12
10638781 20
10638883 21
10638893 43
10638959 9
10638977 724
10638977 1587
10639001 4
10639003 8
10639099 4629
10639099 5132
10639141 8
10639147 417
10639157 19
10639157 64
10639157 312
10639177 3
10639217 6552
10639261 804
10639397 828
10639429 75
10639481 379
10639523 1
10639523 21
10639561 276
10639631 1
10639633 3
10639691 1
10639693 23
10639703 1
10639703 1236
10639763 1
10639763 12
10639859 205
10639891 5
10639931 13
10639931 85
10639949 12
10640009 16
10640029 4104
10640051 9
10640143 461
10640173 3
10640257 3
10640263 152
10640281 96
10640281 228
10640309 4
10640309 1567
10640321 31
10640369 859
10640603 1
10640603 25
10640633 4555
10640671 164
10640671 576
10640761 8
10640831 9276
10640899 1392
10640911 8681
10640923 5
10640923 65
10640947 240
10640957 1119
10641041 6919
10641053 52
10641053 1231
10641077 244
10641077 4339
10641143 36
10641187 9
10641193 3
10641227 2397
10641271 36
10641307 624
10641331 116
10641361 1895
10641377 4
10641413 55
10641419 6252
10641503 13
10641557 3
10641563 1
10641593 15
10641661 1203
10641667 117
10641689 72
10641703 501
10641703 3572
10641707 132
10641731 1
10641731 4
10641731 13
10641737 2715
10641791 1
10641797 15
10641901 35
10641901 224
10641901 563
10641929 4
10641929 259
10642103 13
10642103 276
10642117 1103
10642127 9204
10642129 116
10642129 267
10642211 1
10642253 91
10642259 1
10642283 36
10642301 19
10642367 4093
10642369 1031
10642381 1115
10642469 4
10642483 1100
10642501 24
10642573 4631
10642637 3
10642649 220
10642649 987
10642661 4
10642669 360
10642811 4
10642823 1
10642843 5
10642843 60
10642949 304
10642949 5776
10642987 29
10643023 392
10643023 828
10643027 349
10643041 68
10643053 72
10643111 469
10643159 4
10643201 55
10643329 11
10643351 153
10643359 2625
10643389 71
10643389 660
10643441 31
10643449 299
10643459 1
10643467 165
10643467 8757
10643543 2193
10643561 4
10643561 3324
10643657 4
10643657 84
10643701 1403
10643849 5116
10643903 52
10643903 460
10643929 80
10643929 2664
10643939 1
10643981 859
10644163 60
10644229 32
10644323 817
10644373 8903
10644383 1
10644449 747
10644661 855
10644677 4
10644691 3309
10644857 7
10644857 327
10644913 3
10644971 4036
10645039 929
10645207 48
10645223 1
10645277 3
10645277 7
10645357 104
10645409 3259
10645423 257
10645447 5
10645471 45
10645477 12
10645489 704
10645511 1404
10645543 12
10645559 1
10645559 12
10645577 7
10645577 87
10645577 372
10645577 780
10645637 4
10645709 4
10645717 15
10645717 39
10645717 75
10645879 177
10645891 140
10645919 1
10646081 159
10646089 56
10646093 3
10646143 213
10646197 1095
10646221 3
10646221 35
10646221 59
10646221 3696
10646257 267
10646257 6839
10646281 23
10646281 3695
10646297 3
10646297 4
10646387 352
10646443 2240
10646473 3
10646473 47
10646483 1
10646483 36
10646533 36
10646563 705
10646579 9
10646579 2505
10646617 8
10646651 21
10646651 36
10646749 11
10646789 19
10646819 9
10646891 49
10646899 729
10646941 8
10646959 3812
10646969 535
10647023 13
10647113 7
10647181 3
10647191 4
10647313 11
10647341 2871
10647409 12
10647493 2363
10647499 104
10647523 588
10647529 15
10647557 847
10647589 56
10647607 132
10647613 23
10647673 2232
10647683 28
10647751 129
10647851 4
10647863 1
10647943 8
10648199 1
10648199 36
10648199 160
10648213 11
10648213 155
10648217 3
10648229 7
10648229 1387
10648229 2059
10648247 48
10648357 3
10648357 27
10648381 5196
10648439 1
10648439 16
10648439 81
10648507 8
10648507 9
10648523 1
10648619 120
10648619 157
10648619 937
10648697 2112
10648727 24
10648819 69
10648843 17
10648843 21
10648943 628
10648997 3
10649011 56
10649033 27
10649039 409
10649129 4
10649129 471
10649173 6171
10649189 76
10649407 44
10649447 4
10649453 3
10649489 864
10649491 705
10649581 260
10649629 24
10649663 2881
10649711 1
10649711 105
10649843 1
10649867 4
10649893 20
10649923 105
10649959 221
10650023 13
10650067 965
10650077 247
10650077 2859
10650113 3
10650151 420
10650179 1
10650187 228
10650193 540
10650239 1
10650251 16
10650331 20
10650377 724
10650401 19
10650421 360
10650427 5
10650439 36
10650473 51
10650581 60
10650593 571
10650599 57
10650691 1233
10650737 148
10650779 400
10650793 4140
10650821 3
10650839 217
10650877 8
10650881 3
10650907 5
10650907 149
10650911 1
10650977 64
10650979 24
10650979 77
10651051 116
10651097 108
10651117 975
10651159 69
10651247 5905
10651327 9
10651331 1
10651373 771
10651391 1
10651423 2513
10651499 4
10651541 3
10651541 4
10651549 884
10651567 213
10651577 12
10651643 28
10651643 2797
10651661 24
10651699 17
10651793 15
10651933 36
10651937 8259
10651981 183
10651999 20
10652021 3
10652029 27
10652029 840
10652039 1
10652053 4760
10652063 1593
10652107 1229
10652119 212
10652287 17
10652351 129
10652357 48
10652419 12
10652423 1
10652449 1232
10652549 4
10652549 15
10652617 1620
10652641 3
10652651 2101
10652699 1
10652699 16
10652729 27
10652797 8
10652819 1
10652839 216
10652927 12
10652959 57
10653011 1
10653011 4
10653011 13
10653023 901
10653043 1925
10653073 36
10653073 60
10653079 4289
10653157 8
10653197 184
10653199 12
10653199 149
10653277 15
10653287 85
10653343 8
10653359 9
10653397 1203
10653403 1772
10653523 1848
10653613 3
10653667 80
10653683 1
10653719 40
10653751 41
10653751 236
10653943 17
10653977 3
10653977 1387
10654081 935
10654103 1
10654103 132
10654151 1
10654181 199
10654213 11
10654213 63
10654249 12
10654337 627
10654363 2837
10654363 7112
10654379 1
10654387 20
10654417 8
10654439 61
10654463 1
10654519 852
10654603 5
10654691 1
10654769 192
10654817 12
10654909 195
10654981 771
10654981 3359
10654993 891
10655009 516
10655027 148
10655033 28
10655033 508
10655123 132
10655251 2108
10655261 4
10655273 3
10655327 33
10655423 1
10655429 84
10655501 2376
10655503 36
10655507 688
10655521 60
10655551 68
10655581 51
10655587 29
10655627 9
10655633 3
10655633 16
10655653 9332
10655791 8
10655791 56
10655807 9
10655833 3
10655837 4
10655851 261
10655857 3
10655863 68
10655867 4
10655921 4
10655921 76
10655947 5
10655947 8
10655947 7109
10655951 1
10655977 32
10656043 20
10656043 4817
10656097 68
10656181 11
10656353 75
10656377 3495
10656379 5
10656421 3
10656421 20
10656449 1927
10656469 11
10656479 1
10656509 7375
10656599 1
10656599 21
10656617 415
10656727 29
10656817 180
10656817 1304
10656823 312
10657033 1235
10657057 495
10657063 120
10657063 320
10657121 76
10657133 3
10657151 1
10657247 129
10657247 253
10657327 4137
10657331 1
10657331 3568
10657333 6855
10657463 1
10657477 24
10657519 5
10657649 4
10657649 91
10657649 6780
10657687 12
10657753 75
10657799 1
10657837 15
10657847 37
10657849 552
10657957 4932
10658059 420
10658149 335
10658233 3
10658261 160
10658287 17
10658287 5925
10658363 36
10658369 76
10658369 2584
10658387 1005
10658467 317
10658471 25
10658497 12
10658533 3663
10658537 4
10658581 3
10658581 20
10658581 408
10658663 1
10658743 5
10658773 152
10658789 12
10658789 67
10658819 9
10658827 29
10658831 1896
10658899 12
10658953 1220
10658971 384
10658971 2228
10659029 4
10659157 27
10659167 1980
10659191 196
10659251 240
10659421 11
10659421 24
10659431 1
10659431 421
10659433 20
10659461 48
10659479 1
10659487 8
10659487 45
10659497 160
10659563 1
10659563 25
10659643 8
10659659 69
10659667 5
10659851 1
10659853 128
10659973 6240
10659977 48
10659977 303
10659997 3
10660031 4309
10660099 80
10660129 936
10660163 2740
10660171 8
10660217 4
10660217 12
10660291 33
10660427 4
10660453 2067
10660549 12
10660553 2731
10660567 5
10660567 33
10660597 5292
10660631 1
10660669 15
10660679 1
10660709 7
10660757 139
10660757 363
10660763 1
10660823 1
10660907 12
10660933 1076
10660939 4061
10661039 7749
10661089 399
10661171 4540
10661177 3
10661177 115
10661177 300
10661191 7860
10661219 1
10661243 1
10661333 8152
10661383 3617
10661423 145
10661479 56
10661503 68
10661543 1
10661543 40
10661543 88
10661569 35
10661597 420
10661611 3285
10661683 960
10661741 6684
10661789 64
10661843 4557
10661887 53
10661939 1
10661971 8
10661971 2696
10662049 1011
10662083 181
10662131 1
10662131 9
10662139 84
10662187 5
10662209 4
10662241 3
10662277 255
10662329 580
10662359 21
10662391 81
10662413 7
10662413 4927
10662479 8005
10662527 4
10662653 7
10662653 1023
10662677 2784
10662683 28
10662763 252
10662763 1220
10662803 1
10662917 3988
10662959 1
10663033 11
10663033 96
10663069 12
10663073 7
10663087 7973
10663111 9
10663139 5649
10663223 180
10663319 1
10663379 1260
10663381 1896
10663493 2100
10663493 3280
10663517 4
10663529 696
10663571 5604
10663577 28
10663603 1625
10663717 440
10663739 9
10663739 1809
10663823 252
10663841 3
10663847 12
10663847 168
10663931 1
10663951 116
10663979 24
10664011 9356
10664023 177
10664041 3
10664051 1
10664051 5329
10664053 27
10664053 35
10664179 5
10664221 8036
10664267 4
10664477 4
10664513 255
10664561 3
10664699 4
10664707 180
10664711 4
10664741 4
10664741 1575
10664747 228
10664761 104
10664783 7668
10664791 141
10664791 756
10664869 11
10664891 1
10664957 199
10664957 612
10664963 1
10665041 60
10665049 192
10665101 3
10665113 3
10665113 7
10665133 3
10665163 257
10665173 552
10665191 1
10665199 24
10665199 624
10665311 6076
10665427 408
10665433 8
10665437 3
10665469 695
10665527 24
10665563 1
10665563 600
10665679 9
10665737 267
10665761 8940
10665779 385
10666003 7433
10666129 9224
10666169 75
10666169 3076
10666309 11
10666417 92
10666441 20
10666493 7
10666529 7
10666547 1077
10666559 49
10666589 4
10666597 3
10666673 12
10666673 147
10666741 15
10666829 2824
10666919 1
10666919 229
10666921 1071
10667021 4
10667039 4
10667171 1360
10667191 48
10667201 3
10667207 25
10667297 120
10667351 60
10667407 137
10667467 4004
10667491 1056
10667491 1841
10667633 40
10667659 465
10667663 205
10667693 15
10667717 52
10667771 181
10667819 1101
10667869 891
10667897 120
10667927 7708
10667933 87
10667971 69
10667971 105
10668023 1
10668037 3
10668089 160
10668089 364
10668137 792
10668149 4
10668149 7
10668169 431
10668277 3
10668631 8
10668641 156
10668641 4488
10668643 17
10668703 125
10668751 288
10668761 3
10668851 193
10668887 733
10668971 3921
10669007 549
10669019 1
10669019 120
10669027 5
10669091 1
10669097 3
10669111 5
10669213 20
10669213 27
10669213 596
10669273 71
10669349 180
10669381 3
10669381 119
10669459 341
10669511 1
10669531 53
10669597 120
10669597 215
10669613 12
10669649 12
10669669 84
10669691 4
10669739 4
10669751 1
10669831 53
10669847 3424
10669969 24
10670003 13
10670029 44
10670047 368
10670053 108
10670071 6116
10670123 1
10670141 31
10670189 4
10670311 545
10670531 1
10670531 1656
10670587 5
10670591 1
10670623 17
10670651 6640
10670677 59
10670719 101
10670731 20
10670749 1004
10670771 1
10670797 8
10670809 1232
10670843 1
10670857 260
10670879 1
10670887 564
10670939 9
10670981 568
10670993 3
10671049 351
10671049 1316
10671097 3
10671119 1
10671119 3705
10671127 9288
10671191 1
10671191 13
10671197 7
10671203 1
10671253 143
10671277 8160
10671277 9359
10671301 180
10671329 7
10671329 9867
10671377 7
10671403 8
10671433 11
10671487 9
10671541 15
10671587 13
10671587 772
10671637 8
10671659 84
10671737 3
10671877 4559
10671893 76
10671917 124
10671959 1
10672019 69
10672019 412
10672019 1492
10672033 63
10672043 108
10672063 12
10672121 4
10672147 32
10672201 375
10672217 3
10672217 2280
10672237 8847
10672267 185
10672279 9
10672279 216
10672279 785
10672283 61
10672297 224
10672297 1907
10672301 3
10672301 4
10672331 1
10672373 48
10672397 7
10672397 187
10672427 192
10672457 1659
10672579 6021
10672633 8
10672681 3
10672691 1
10672693 60
10672693 371
10672709 5731
10672723 12
10672741 11
10672777 3
10672847 5988
10672891 45
10672939 105
10673009 112
10673011 9
10673051 88
10673129 96
10673129 796
10673177 7
10673261 2755
10673293 8
10673339 57
10673387 4
10673413 1191
10673423 1
10673477 880
10673623 437
10673669 51
10673669 420
10673743 248
10673809 4095
10673879 2304
10673903 276
10673941 59
10674121 3
10674151 144
10674197 3
10674229 15
10674263 1
10674403 6557
10674421 2264
10674431 9120
10674511 8513
10674533 463
10674539 1
10674659 517
10674689 2452
10674733 1431
10674823 8
10674847 1229
10674857 324
10674857 919
10674913 236
10674919 44
10674959 9
10674977 183
10674991 213
10675003 68
10675003 105
10675019 1
10675079 1
10675097 3
10675121 60
10675127 40
10675187 25
10675271 1
10675319 16
10675459 5
10675459 12
10675477 23
10675513 5928
10675547 25
10675589 7
10675589 124
10675601 3
10675733 172
10675757 55
10675759 5
10675759 1076
10675831 305
10675859 1
10675877 3195
10675883 1
10675927 44
10675927 912
10675961 4
10675963 1316
10675969 119
10676131 24
10676201 495
10676203 5
10676213 88
10676213 8467
10676219 16
10676257 239
10676279 1
10676279 424
10676329 27
10676329 192
10676371 573
10676401 23
10676401 3764
10676417 3868
10676467 929
10676543 13
10676573 52
10676591 945
10676639 1
10676749 12
10676753 52
10676777 652
10676789 600
10676789 1627
10676921 144
10676923 225
10676987 12
10677047 457
10677049 2232
10677077 3
10677089 1284
10677211 5
10677323 1213
10677367 5
10677551 1041
10677559 4665
10677599 1
10677731 133
10677757 23
10677757 84
10677809 4
10677817 179
10677839 1
10677839 141
10677881 400
10677913 8
10677913 3567
10677983 1
10677983 3381
10678009 1184
10678027 245
10678103 1
10678127 5412
10678207 4893
10678331 40
10678331 220
10678379 1
10678411 9
10678489 3212
10678511 9
10678579 9
10678609 11
10678609 24
10678631 1
10678649 4
10678709 811
10678813 6812
10678859 1
10678891 3468
10678919 292
10678963 60
10678963 6285
10678981 3
10678991 1
10678991 13
10679041 3
10679069 4
10679167 6180
10679171 268
10679183 1
10679183 57
10679219 1
10679233 4851
10679239 60
10679369 9639
10679371 101
10679443 8
10679533 287
10679579 376
10679663 1096
10679671 1073
10679707 5
10679731 1161
10679731 2124
10679771 1
10679771 2433
10679789 27
10679863 792
10679887 84
10679897 4
10679899 9
10679983 33
10680053 7
10680101 123
10680203 1
10680209 19
10680221 199
10680227 3748
10680251 328
10680359 316
10680409 287
10680661 3
10680667 53
10680701 4
10680701 3828
10680731 1
10680737 7
10680737 504
10680821 340
10680871 7001
10680919 3524
10680959 1
10680959 4
10681043 88
10681043 1036
10681093 2700
10681147 485
10681159 5
10681159 24
10681241 24
10681241 388
10681303 20
10681303 108
10681337 9900
10681381 3
10681399 12
10681417 539
10681421 4
10681481 3
10681523 1
10681523 12
10681523 588
10681523 741
10681529 124
10681571 1
10681597 287
10681603 32
10681603 420
10681687 8345
10681711 8
10681711 768
10681747 48
10681829 7
10681897 24
10681903 4208
10681963 8
10681973 36
10681973 235
10682029 300
10682209 12
10682219 72
10682227 44
10682267 1593
10682293 4268
10682303 3672
10682311 969
10682317 3
10682429 9151
10682479 821
10682501 60
10682561 168
10682587 12
10682629 3344
10682641 68
10682689 5471
10682779 8612
10682831 60
10682887 5
10682897 84
10682929 179
10682999 1
10683067 849
10683097 3
10683097 155
10683103 45
10683193 9455
10683271 21
10683271 164
10683317 63
10683349 152
10683349 276
10683349 567
10683433 3
10683467 4
10683611 4684
10683773 7
10683791 1
10683791 1504
10683929 16
10683931 2504
10683989 96
10683991 41
10683997 263
10684073 1728
10684073 8971
10684127 1909
10684237 8
10684433 103
10684451 1
10684501 23
10684537 3
10684579 9
10684613 127
10684679 2077
10684703 1
10684727 105
10684781 3
10684799 12
10684871 429
10685033 3363
10685057 19
10685057 148
10685057 1095
10685071 36
10685107 5
10685131 9
10685149 15
10685249 7
10685273 7
10685293 287
10685329 624
10685357 4
10685387 132
10685453 1660
10685459 16
10685551 2769
10685579 45
10685599 1376
10685621 4
10685723 1113
10685729 1384
10685879 1
10685879 9
10685893 6455
10685981 4071
10686023 1
10686127 1817
10686187 57
10686293 16
10686293 291
10686359 1
10686419 1
10686419 2200
10686419 5337
10686427 33
10686461 39
10686509 4
10686647 8088
10686653 3
10686653 192
10686653 8947
10686779 1
10686817 8
10686817 12
10686887 3052
10686889 912
10686889 5360
10686899 1
10686917 1899
10686983 465
10687007 457
10687013 123
10687049 4
10687081 83
10687081 195
10687081 9476
10687093 3
10687223 361
10687231 21
10687309 12
10687333 3
10687381 8
10687423 20
10687489 180
10687603 300
10687613 7
10687643 145
10687667 45
10687681 3
10687727 33
10687889 15
10687903 5736
10687997 40
10688039 3612
10688107 128
10688107 1097
10688221 3
10688239 3012
10688287 8
10688323 45
10688339 1
10688479 177
10688497 519
10688519 1
10688611 516
10688651 1
10688681 48
10688687 24
10688851 5
10688857 3059
10688891 385
10688941 8
10688981 3
10688981 6840
10688999 12
10689011 1
10689047 4
10689067 1677
10689071 1
10689071 225
10689083 1
10689097 264
10689103 3917
10689127 8
10689293 703
10689347 3165
10689359 4
10689383 1
10689439 132
10689551 1
10689563 3120
10689577 1964
10689589 95
10689737 3
10689769 435
10689827 1245
10689911 1
10689961 8
10689967 12
10690007 1792
10690123 41
10690123 77
10690159 5
10690213 3
10690223 85
10690249 7104
10690301 64
10690301 300
10690409 87
10690579 5
10690579 3672
10690583 1
10690613 87
10690639 5
10690747 8
10690751 7221
10690781 3
10690871 3565
10690903 92
10690997 60
10690997 9103
10691099 85
10691101 288
10691117 3
10691143 12
10691183 133
10691267 57
10691279 9
10691279 424
10691399 1
10691399 2617
10691431 8
10691501 148
10691539 644
10691591 1
10691591 160
10691647 8
10691713 3
10691713 432
10691731 5
10691771 861
10691777 3
10691777 279
10691789 3775
10691797 855
10691801 1740
10691809 4256
10691831 4
10691833 132
10691881 168
10691887 9504
10691903 3696
10691911 48
10691917 27
10691953 3
10691953 1595
10691957 24
10692067 1464
10692127 533
10692131 1
10692131 265
10692131 429
10692161 3
10692161 4
10692161 8803
10692169 339
10692169 867
10692191 201
10692229 59
10692233 12
10692233 76
10692233 4060
10692323 1
10692361 123
10692397 20
10692499 36
10692499 1365
10692587 333
10692587 1105
10692683 1
10692701 4
10692743 61
10692757 1043
10692809 4
10692833 1635
10692911 1
10692947 304
10692959 24
10693027 8
10693049 1980
10693147 5408
10693159 7145
10693201 939
10693301 1416
10693307 2173
10693307 3060
10693339 45
10693339 212
10693351 6144
10693363 717
10693421 544
10693469 19
10693477 12
10693531 24
10693549 20
10693583 1
10693673 127
10693679 4
10693679 37
10693747 309
10693783 81
10693811 16
10693831 189
10693877 3
10693909 267
10693909 1932
10693987 77
10694009 792
10694009 871
10694029 32
10694059 9752
10694063 477
10694141 3
10694161 3
10694219 1
10694219 4221
10694231 4
10694249 124
10694303 1
10694381 4
10694381 24
10694429 7
10694531 1
10694531 6273
10694561 19
10694561 24
10694639 2656
10694641 3
10694779 5945
10694821 15
10694851 1184
10694869 1151
10694899 1160
10694903 1
10695059 40
10695121 3
10695149 27
10695149 187
10695149 8560
10695151 8880
10695199 21
10695239 25
10695281 375
10695281 1075
10695323 1
10695353 207
10695389 120
10695473 12
10695473 28
10695473 960
10695473 4495
10695497 99
10695599 4
10695599 216
10695673 1443
10695673 2288
10695677 3
10695683 1
10695733 3
10695761 195
10695781 4415
10695823 141
10695869 4
10695953 55
10695959 1
10695973 11
10696181 348
10696193 291
10696193 663
10696199 9
10696199 2436
10696211 4
10696313 175
10696423 105
10696571 1
10696571 40
10696681 179
10696709 7
10696727 117
10696747 80
10696883 1
10696883 2328
10696951 21
10696997 19
10697041 351
10697051 9
10697051 121
10697053 311
10697081 3
10697101 3
10697243 133
10697251 1373
10697261 4
10697299 9
10697339 1
10697353 36
10697353 56
10697413 3
10697413 2327
10697419 45
10697441 384
10697459 37
10697521 35
10697537 3
10697651 1
10697651 280
10697657 15
10697681 4488
10697789 3864
10697831 1
10697849 15
10697917 8
10697917 267
10697941 444
10697963 73
10697963 1321
10697963 3441
10697977 12
10698019 65
10698043 896
10698047 340
10698173 3
10698221 15
10698407 1773
10698449 79
10698599 2496
10698613 35
10698697 3063
10698707 432
10698757 195
10698811 2993
10698911 1
10698971 4
10698977 4
10698977 4840
10698983 37
10699019 1672
10699043 252
10699121 75
10699211 1
10699291 5
10699343 1
10699361 16
10699411 1833
10699517 5232
10699627 2793
10699649 76
10699841 5736
10699859 25
10699901 28
10699957 668
10699957 5247
10699961 663
10699979 40
10700023 5552
10700033 595
10700047 5
10700047 113
10700051 1
10700147 60
10700227 69
10700257 923
10700281 11
10700311 693
10700357 19
10700357 63
10700377 84
10700407 44
10700411 1
10700419 24
10700617 3
10700617 72
10700621 28
10700663 1
10700663 13
10700699 1
10700717 1147
10700719 57
10700791 321
10700831 1
10700869 351
10700897 24
10700909 31
10700981 4
10701011 1
10701059 1
10701059 4
10701217 3
10701269 915
10701337 44
10701407 4
10701437 7987
10701491 93
10701499 225
10701599 1
10701637 1163
10701637 2724
10701661 3
10701661 215
10701671 1173
10701673 3
10701673 5712
10701689 52
10701773 3
10701773 36
10701773 988
10701787 5
10701799 461
10701829 552
10701839 4
10701863 1
10701863 25
10701869 75
10701881 211
10701931 65
10701961 3
10702039 3000
10702079 661
10702147 173
10702151 1
10702183 6132
10702193 3
10702193 27
10702249 2904
10702283 1
10702387 1244
10702397 3
10702397 220
10702441 828
10702493 16
10702519 1484
10702649 244
10702687 2057
10702691 1
10702691 168
10702717 2940
10702807 20
10702807 2672
10702957 404
10703107 8
10703107 8960
10703159 292
10703177 408
10703369 112
10703369 1912
10703411 1
10703503 888
10703513 87
10703519 1
10703519 16
10703527 29
10703629 8216
10703633 7
10703741 1144
10703741 1419
10703741 3991
10703899 9
10703899 117
10703971 33
10704053 220
10704073 3
10704077 183
10704077 672
10704149 4276
10704247 3809
10704347 328
10704383 1600
10704479 81
10704479 220
10704511 4929
10704539 40
10704671 4
10704797 3235
10704937 1403
10705033 387
10705061 3
10705117 84
10705117 3087
10705129 1595
10705181 9684
10705183 105
10705241 4
10705241 15
10705391 1873
10705433 12
10705459 29
10705579 4389
10705619 1
10705661 1044
10705687 80
10705693 20
10705703 1
10705763 1
10705817 52
10705823 45
10705831 93
10705837 2495
10705897 980
10705897 2112
10705939 17
10706021 16
10706023 17
10706231 4
10706239 4124
10706261 3
10706261 664
10706281 183
10706287 53
10706387 37
10706429 15
10706543 6888
10706573 31
10706639 1
10706677 2400
10706711 1
10706723 2380
10706767 197
10706803 8
10706849 1027
10706851 245
10706921 415
10707017 3
10707019 324
10707077 3
10707077 72
10707077 100
10707079 12
10707149 64
10707247 92
10707247 6989
10707253 3
10707329 12
10707343 5
10707349 3539
10707401 523
10707401 603
10707413 2007
10707449 135
10707457 759
10707461 3
10707479 1
10707491 1
10707517 1487
10707577 260
10707611 264
10707623 2013
10707661 3
10707691 41
10707701 43
10707701 271
10707743 996
10707761 100
10707769 2579
10707787 9
10707877 1784
10707899 381
10707937 20
10707953 36
10707979 20
10707997 3
10708069 419
10708097 67
10708099 5
10708099 749
10708111 20
10708171 20
10708171 89
10708199 12
10708241 3
10708261 3
10708319 105
10708319 4269
10708403 1
10708403 693
10708483 17
10708549 1944
10708549 2364
10708549 4187
10708553 43
10708553 1768
10708631 21
10708927 105
10708931 13
10708931 60
10708969 3995
10708979 5601
10709051 21
10709093 3
10709113 83
10709113 135
10709197 3
10709249 4
10709411 1
10709423 1
10709431 1713
10709579 309
10709599 32
10709603 1
10709603 5137
10709639 9669
10709641 1095
10709669 4
10709681 1683
10709773 3
10709827 8693
10709873 31
10709873 127
10709873 807
10709879 1
10709879 145
10709987 277
10709989 4247
10709989 6360
10709999 16
10710079 29
10710079 84
10710079 7316
10710113 2371
10710223 80
10710233 3
10710239 1
10710277 3
10710277 23
10710361 4844
10710409 11
10710409 2867
10710409 4416
10710431 1
10710443 1
10710473 40
10710607 6084
10710653 7531
10710653 9612
10710659 1
10710659 180
10710703 1397
10710757 159
10710839 1
10710937 92
10710961 260
10710983 3876
10711007 2872
10711013 7
10711039 8340
10711069 80
10711153 32
10711187 960
10711199 1
10711249 84
10711271 1473
10711277 52
10711289 4
10711289 519
10711369 236
10711387 1500
10711409 16
10711453 32
10711501 11
10711559 1
10711567 29
10711711 65
10711829 316
10711843 3165
10711861 435
10711919 8952
10711931 1
10711979 1
10712011 381
10712021 3
10712101 1463
10712137 35
10712293 3315
10712311 44
10712353 11
10712423 3201
10712459 4
10712459 100
10712467 5
10712473 11
10712483 1
10712587 6972
10712623 3197
10712651 88
10712651 256
10712657 4443
10712659 12
10712659 36
10712699 1
10712699 4
10712717 112
10712761 3
10712761 44
10712791 1601
10712797 572
10712813 343
10712909 1915
10712957 7
10712987 64
10713067 5
10713083 336
10713127 48
10713223 5
10713271 20
10713301 5603
10713421 3
10713421 3108
10713581 16
10713611 1
10713611 21
10713617 12
10713727 45
10713733 3
10713761 1764
10713779 177
10713797 3
10713797 12
10713851 145
10713881 6540
10713917 3
10713931 1376
10713953 4840
10714013 3
10714057 35
10714061 9820
10714103 1
10714103 36
10714103 3036
10714133 300
10714211 1
10714411 153
10714493 31
10714513 12
10714513 327
10714519 6141
10714531 128
10714567 9
10714597 8
10714603 908
10714661 1356
10714661 1560
10714699 909
10714733 627
10714831 6120
10714859 1
10714859 9
10714877 559
10714877 1527
10714889 4
10714897 24
10714901 4
10714903 20
10714943 1
10715017 15
10715021 4
10715129 235
10715141 60
10715141 63
10715143 60
10715147 477
10715197 140
10715203 128
10715273 3
10715317 60
10715317 99
10715479 6632
10715519 21
10715531 1
10715647 137
10715701 984
10715711 4261
10715717 3
10715737 1179
10715777 372
10715807 4
10715839 344
10715897 3280
10716011 1
10716023 13
10716023 8185
10716059 84
10716061 348
10716067 2540
10716119 1
10716143 40
10716143 516
10716191 16
10716203 1
10716203 3693
10716257 15
10716259 12
10716313 3
10716353 6655
10716373 11
10716373 363
10716439 44
10716439 296
10716481 939
10716493 35
10716533 7
10716577 3
10716577 168
10716599 12
10716637 39
10716637 4488
10716659 1
10716659 661
10716677 55
10716677 112
10716737 4
10716887 52
10716943 8288
10717001 55
10717001 456
10717067 1380
10717073 7
10717073 6300
10717127 12
10717129 240
10717169 39
10717169 100
10717243 197
10717283 2881
10717319 1
10717411 29
10717451 2541
10717571 1
10717591 9
10717673 1155
10717697 12
10717709 51
10717709 840
10717727 28
10717783 77
10717823 1312
10717841 123
10717859 1
10717859 12
10717969 11
10717981 8
10717981 140
10717981 531
10717991 1
10718063 12
10718107 6132
10718159 1
10718171 1
10718173 12
10718203 36
10718237 12
10718237 2427
10718273 1276
10718333 136
10718377 1379
10718399 1
10718549 564
10718563 401
10718579 645
10718599 144
10718611 4244
10718623 173
10718623 561
10718677 3
10718681 63
10718693 28
10718693 171
10718779 9
10718779 29
10718887 33
10718899 21
10718909 2764
10718947 8
10718947 12
10719077 1744
10719109 11
10719119 1
10719139 9
10719139 60
10719143 12
10719187 5
10719187 20
10719239 5316
10719329 1491
10719419 1
10719497 103
10719497 1660
10719607 9
10719613 72
10719671 1
10719671 3888
10719691 269
10719721 108
10719721 1020
10719749 1260
10719827 73
10719881 3
10719883 5
10719883 12
10719883 8240
10719889 60
10719913 15
10719913 236
10719967 8
10720019 1
10720027 7868
10720033 51
10720033 603
10720043 1
10720043 6936
10720091 1
10720091 3960
10720189 12
10720189 675
10720247 444
10720289 232
10720289 820
10720483 1356
10720487 1189
10720511 340
10720519 224
10720583 217
10720663 17
10720709 219
10720733 847
10720793 5748
10720799 1
10720873 1127
10720877 1588
10720943 1
10721057 7
10721089 324
10721159 1
10721159 84
10721219 1
10721261 160
10721267 940
10721297 7420
10721323 32
10721351 1
10721419 9
10721419 1256
10721461 39
10721461 335
10721471 28
10721489 27
10721549 507
10721587 17
10721621 208
10721653 4067
10721723 1
10721731 561
10721743 21
10721759 1
10721759 292
10721761 11
10721771 1149
10721803 2120
10721807 4
10721881 3
10721903 216
10721911 1844
10721999 1
10722037 4995
10722139 1845
10722143 1
10722169 4431
10722287 408
10722293 43
10722317 2208
10722553 3
10722619 24
10722653 2047
10722659 12
10722703 5
10722727 3653
10722739 9
10722793 2307
10722797 72
10722797 99
10722827 9
10722827 108
10722839 12
10722839 337
10722863 1
10722863 36
10722923 1
10723051 1704
10723109 87
10723121 91
10723157 1524
10723171 5544
10723183 233
10723187 4537
10723217 4
10723217 684
10723247 609
10723249 27
10723261 56
10723369 260
10723399 20
10723463 360
10723463 925
10723463 1585
10723523 5641
10723577 3
10723579 21
10723637 72
10723703 1
10723763 1
10723807 420
10723859 1
10723871 1
10723913 1216
10723963 5
10723963 8
10724081 4
10724177 2260
10724237 8847
10724249 4399
10724251 3621
10724251 7044
10724321 3124
10724369 67
10724369 531
10724377 164
10724381 4
10724381 168
10724437 12
10724437 75
10724537 12
10724617 60
10724627 52
10724629 12
10724629 464
10724633 3
10724639 1
10724641 7844
10724677 20
10724713 1556
10724929 2460
10724947 164
10724953 71
10724953 75
10724953 7116
10724963 336
10724971 20
10724971 8945
10725059 1
10725131 36
10725131 1060
10725137 4
10725179 4
10725191 69
10725257 3
10725269 24
10725269 6240
10725307 12
10725371 36
10725397 87
10725439 9
10725499 5
10725577 1539
10725647 4
10725647 6400
10725697 3
10725719 1
10725727 8
10725739 221
10725779 1
10725857 1968
10725931 104
10725959 1
10725959 2232
10726043 1
10726043 325
10726129 3996
10726283 1
10726283 1300
10726447 4028
10726477 3
10726477 8
10726567 17
10726619 1
10726627 24
10726627 504
10726687 68
10726721 4383
10726817 4752
10726861 1188
10726861 1800
10726943 21
10727011 4925
10727021 3
10727063 40
10727099 141
10727239 204
10727251 24
10727251 8964
10727287 3392
10727293 3
10727341 3240
10727417 12
10727417 48
10727443 1085
10727471 1
10727537 408
10727627 4
10727693 340
10727747 45
10727807 600
10727809 1920
10727831 1
10727831 9
10727863 33
10727869 56
10727869 279
10727869 3819
10728017 103
10728043 5
10728061 71
10728073 3
10728083 1
10728127 308
10728197 28
10728239 4
10728251 1
10728259 177
10728287 28
10728329 672
10728499 7605
10728623 16
10728713 36
10728797 3
10728799 1220
10728937 104
10728943 36
10728959 4
10728959 9204
10729093 32
10729153 176
10729153 251
10729177 1167
10729219 3477
10729387 5
10729387 8
10729421 340
10729487 1464
10729529 7
10729571 1
10729619 1
10729657 2583
10729837 3
10729843 7460
10729871 1
10730021 139
10730023 297
10730047 945
10730047 2184
10730227 252
10730353 3
10730353 15
10730413 20
10730413 36
10730569 11
10730591 60
10730639 660
10730683 17
10730729 1551
10730737 779
10730747 9
10730873 4140
10730887 5
10730891 9429
10730917 2259
10730959 5
10730989 20
10731079 141
10731113 3051
10731121 303
10731139 29
10731187 57
10731191 1
10731191 625
10731241 408
10731263 681
10731269 6460
10731283 233
10731283 765
10731407 4
10731529 24
10731577 63
10731577 2747
10731601 75
10731661 6375
10731701 496
10731703 956
10731703 1593
10731781 24
10731781 3200
10731841 495
10731883 557
10731899 160
10731899 825
10731937 152
10731953 12
10731997 3
10732021 3
10732103 1
10732153 36
10732171 29
10732223 1
10732223 880
10732273 308
10732339 872
10732343 1
10732357 8
10732433 7
10732433 31
10732441 3
10732441 216
10732459 9
10732487 13
10732613 3
10732681 84
10732751 1
10732751 13
10732793 28
10732793 447
10732817 444
10732819 129
10732819 380
10732837 8283
10733039 1
10733039 265
10733039 469
10733167 5
10733167 84
10733201 1540
10733243 196
10733279 1
10733323 12
10733351 1
10733351 600
10733381 124
10733399 1
10733483 1
10733483 201
10733669 4419
10733711 1680
10733731 96
10733761 180
10733761 480
10733969 2407
10734071 13
10734127 17
10734161 4791
10734187 48
10734187 1652
10734233 231
10734239 69
10734319 372
10734331 2604
10734343 17
10734343 80
10734343 3605
10734359 12
10734359 16
10734371 25
10734371 220
10734371 8068
10734433 12
10734589 4131
10734613 60
10734623 1
10734623 37
10734671 9
10734697 8
10734709 87
10734799 2537
10734877 155
10734937 803
10734953 48
10734967 8
10734979 9
10735001 16
10735027 189
10735037 4
10735103 1356
10735213 231
10735213 443
10735253 7887
10735421 2296
10735433 9271
10735441 35
10735441 2999
10735489 11
10735559 4
10735577 328
10735633 635
10735651 24
10735717 128
10735729 3396
10735757 588
10735759 20
10735811 16
10735831 1289
10735831 5069
10735859 124
10735867 9
10735903 72
10735937 84
10735937 1288
10735979 4
10736029 20
10736087 12
10736161 60
10736161 291
10736161 1376
10736189 6195
10736269 4736
10736317 95
10736381 295
10736519 81
10736519 157
10736669 24
10736723 1
10736723 157
10736773 12
10736849 12
10736849 1620
10736863 213
10736893 3
10736897 24
10737173 15
10737173 52
10737257 9243
10737283 248
10737329 5571
10737347 4
10737347 25
10737359 685
10737371 8029
10737383 28
10737409 1731
10737491 1
10737521 3880
10737533 36
10737533 100
10737539 1
10737589 32
10737689 1107
10737703 221
10737791 660
10737821 523
10737893 1023
10737901 275
10737911 720
10737953 36
10737953 1635
10738061 3
10738139 24
10738139 181
10738151 1
10738223 1
10738241 984
10738243 2016
10738303 20
10738313 48
10738319 1
10738319 45
10738337 1168
10738393 872
10738561 411
10738639 5757
10738681 56
10738703 33
10738751 1
10738757 163
10738823 373
10738891 801
10738901 91
10739041 15
10739063 132
10739081 331
10739101 1316
10739129 39
10739191 9
10739219 1
10739219 60
10739219 781
10739221 96
10739353 567
10739479 252
10739591 24
10739611 569
10739611 2636
10739639 4
10739639 96
10739639 1341
10739647 92
10739681 15
10739737 6312
10739783 1
10739783 225
10739791 1601
10739803 8
10739803 120
10739819 1
10739893 695
10739933 4768
10739941 228
10739941 1236
10740019 24
10740083 1
10740127 5
10740127 572
10740221 136
10740307 17
10740307 497
10740307 665
10740337 12
10740461 3780
10740493 191
10740557 3
10740791 61
10741037 3
10741039 32
10741039 7061
10741079 1
10741117 255
10741123 6720
10741151 1
10741189 2096
10741219 1329
10741231 1100
10741243 3333
10741259 1
10741277 1188
10741301 4
10741319 9
10741387 9849
10741447 5
10741463 1
10741579 77
10741597 48
10741651 116
10741651 1184
10741741 23
10741751 1
10741751 321
10741811 4
10741823 100
10741853 7300
10741879 3984
10741883 12
10741901 60
10741901 2376
10741949 16
10741963 680
10742111 16
10742129 36
10742129 75
10742197 3
10742197 2228
10742231 129
10742231 1900
10742257 4995
10742269 80
10742279 697
10742293 8880
10742299 5937
10742363 6696
10742387 24
10742483 1008
10742597 19
10742639 4
10742651 4
10742717 9172
10742887 8
10742887 3285
10742903 1216
10742933 60
10742951 4
10742993 535
10743059 1
10743241 431
10743263 1
10743319 12
10743331 725
10743389 99
10743443 25
10743443 112
10743521 4959
10743641 883
10743661 63
10743743 112
10743757 719
10743773 12
10743787 84
10743923 12
10743923 93
10743961 36
10744043 1
10744141 3
10744147 273
10744159 45
10744159 929
10744189 39
10744189 44
10744189 5304
10744199 1
10744207 125
10744211 81
10744219 221
10744229 136
10744277 1608
10744369 4572
10744387 380
10744403 1
10744411 2541
10744411 7925
10744429 279
10744441 8
10744477 1604
10744477 4928
10744537 3
10744537 80
10744673 48
10744673 543
10744673 3175
10744757 4
10744859 1
10744871 28
10744873 8168
10744897 35
10744997 715
10744997 1464
10745041 3
10745099 1
10745219 1
10745233 2291
10745297 2652
10745477 7
10745489 52
10745633 4431
10745671 7269
10745711 1
10745783 1
10745971 5
10745993 7
10745993 103
10746011 69
10746053 3
10746161 4608
10746163 837
10746163 8357
10746247 12
10746341 1519
10746389 7
10746401 4
10746473 3
10746487 9
10746487 164
10746487 248
10746563 1
10746641 531
10746679 9
10746713 112
10746731 100
10746763 932
10746823 68
10746829 395
10746889 2067
10746899 21
10746899 52
10746943 5
10746977 100
10746977 1119
10747069 12
10747151 1
10747223 156
10747229 159
10747259 1
10747271 9
10747271 33
10747273 12
10747333 36
10747333 203
10747351 264
10747367 13
10747391 228
10747391 6244
10747423 8280
10747433 3615
10747507 468
10747547 12
10747547 444
10747567 24
10747579 56
10747679 109
10747687 80
10747733 72
10747771 185
10747771 716
10747903 36
10747937 1243
10747963 1557
10747963 3345
10747963 7121
10747973 4912
10747991 1
10748099 1
10748099 304
10748099 4792
10748113 15
10748113 147
10748159 1705
10748161 3
10748197 27
10748197 159
10748201 1204
10748303 96
10748333 312
10748449 419
10748501 435
10748513 3
10748533 8
10748579 4
10748651 24
10748671 33
10748687 465
10748693 7
10748713 3
10748783 1836
10748807 13
10748869 12
10748869 531
10748893 36
10748897 103
10748917 140
10748923 408
10748957 4
10748987 4
10749071 1
10749107 5629
10749143 1
10749143 37
10749161 240
10749191 1
10749197 19
10749197 135
10749241 476
10749373 116
10749391 8
10749587 9804
10749659 72
10749659 8520
10749677 6432
10749679 1901
10749679 1917
10749853 3
10749857 7
10749863 28
10749863 5292
10749983 1
10750031 2604
10750037 100
10750037 1183
10750057 272
10750099 12
10750099 56
10750141 3
10750303 816
10750303 1073
10750429 3831
10750517 39
10750529 136
10750543 7796
10750547 585
10750603 17
10750603 4745
10750669 1820
10750669 2052
10750693 120
10750709 7
10750717 3
10750717 183
10750759 20
10750799 24
10750811 208
10750813 3
10750879 12
10751003 1
10751009 27
10751023 137
10751047 548
10751047 9744
10751099 1
10751099 157
10751119 20
10751173 3
10751183 1
10751231 1
10751329 272
10751329 2072
10751353 831
10751399 177
10751417 12
10751417 99
10751479 585
10751479 3017
10751519 1
10751537 55
10751537 87
10751567 28
10751597 1680
10751617 84
10751729 7
10751857 4820
10751981 64
10752023 1
10752023 13
10752031 5
10752031 41
10752037 564
10752059 4
10752059 52
10752149 604
10752191 1
10752277 39
10752397 3
10752403 180
10752403 8205
10752463 8
10752503 1
10752503 16
10752541 36
10752563 16
10752617 1440
10752617 3228
10752647 9
10752647 3544
10752647 3804
10752671 1
10752673 27
10752757 32
10752853 3
10752953 1896
10752961 9899
10753007 2949
10753007 4705
10753073 51
10753073 232
10753079 1
10753133 3
10753157 855
10753201 224
10753201 248
10753277 4
10753277 2407
10753291 584
10753307 13
10753321 300
10753339 29
10753349 7
10753423 20
10753499 1
10753499 204
10753619 216
10753681 480
10753759 4829
10753759 9380
10753763 1
10753763 573
10753879 536
10753879 552
10753937 2524
10753997 7
10754021 148
10754039 2320
10754059 956
10754119 84
10754129 75
10754173 12
10754197 27
10754203 12
10754213 96
10754213 643
10754297 159
10754297 3543
10754329 1044
10754339 1
10754369 9820
10754453 1552
10754467 9
10754467 104
10754509 2076
10754603 1
10754641 23
10754641 24
10754729 19
10754759 1
10754759 69
10754771 13
10754819 1
10754819 4
10754941 459
10754941 9968
10754957 1672
10754959 5
10755011 1
10755089 976
10755091 305
10755137 7
10755149 51
10755167 49
10755181 51
10755181 315
10755359 1
10755361 99
10755379 132
10755379 6032
10755413 100
10755439 1320
10755439 2397
10755497 108
10755553 3
10755709 5435
10755779 1297
10755821 3
10755841 491
10755847 8
10755923 21
10755949 1527
10755967 105
10755991 600
10756001 19
10756049 3451
10756079 5520
10756139 57
10756217 3
10756217 4
10756327 7104
10756351 89
10756517 627
10756607 12
10756723 56
10756777 24
10756777 1775
10756777 7160
10756813 15
10756919 316
10756979 4
10756979 9
10757147 4
10757147 9
10757177 12
10757189 3655
10757213 3
10757309 7
10757317 168
10757339 3217
10757371 153
10757371 360
10757389 2400
10757443 5
10757543 625
10757557 4835
10757597 12
10757599 45
10757633 3
10757633 820
10757653 68
10757717 180
10757771 241
10757893 972
10757909 4
10757909 280
10757953 812
10758019 509
10758061 48
10758073 192
10758221 4
10758239 21
10758281 2431
10758283 105
10758283 840
10758329 2115
10758361 11
10758361 9356
10758383 1
10758413 135
10758431 1
10758431 48
10758479 1
10758491 13
10758533 415
10758563 1
10758571 96
10758571 141
10758589 27
10758607 9
10758619 5
10758677 247
10758691 8
10758719 1
10758757 87
10758757 183
10758833 7
10758833 96
10758961 3
10758983 1
10759003 32
10759027 89
10759037 5272
10759109 159
10759129 56
10759157 264
10759169 3487
10759271 4
10759271 3589
10759391 28
10759393 1827
10759409 39
10759409 300
10759559 664
10759781 280
10759799 1
10759873 36
10759877 3
10759877 4
10760041 3
10760063 6481
10760111 201
10760231 1
10760287 92
10760413 23
10760437 8
10760549 4
10760591 1
10760671 909
10760767 89
10760801 4
10760809 56
10760839 3752
10760873 3
10760873 36
10760873 3775
10760887 17
10760887 465
10760909 7
10760927 9
10760927 132
10760957 255
10761013 3
10761013 3336
10761041 3
10761041 439
10761293 75
10761299 4
10761299 52
10761307 65
10761307 80
10761409 15
10761451 1896
10761451 3945
10761671 4
10761701 7219
10761937 75
10761973 3
10761973 12
10761973 35
10761983 12
10762039 44
10762061 3
10762069 95
10762097 7
10762097 27
10762097 3792
10762211 1
10762211 5488
10762267 2084
10762351 5
10762373 12
10762397 367
10762397 520
10762399 176
10762403 1
10762447 2828
10762447 9413
10762481 28
10762511 4
10762511 3033
10762519 560
10762559 4
10762559 21
10762559 2625
10762571 748
10762613 16
10762621 119
10762747 8
10762747 2352
10762783 621
10762789 380
10762793 168
10762883 1
10762933 1611
10762937 1720
10762937 6583
10762991 4948
10763069 7
10763083 8
10763111 144
10763111 2389
10763117 4
10763213 16
10763219 4
10763257 635
10763327 37
10763359 920
10763383 153
10763461 1688
10763537 43
10763551 5
10763591 1
10763647 72
10763657 3
10763657 1899
10763719 12
10763729 52
10763741 3
10763759 100
10763891 1
10763891 13
10763911 21
10763939 1
10763939 4
10763939 9
10763969 1444
10763983 12
10763983 33
10764053 3
10764053 112
10764073 8
10764167 25
10764211 5
10764311 1720
10764371 1
10764371 4
10764443 1
10764443 28
10764473 427
10764503 1
10764541 35
10764547 5
10764709 579
10764709 1739
10764779 6316
10764869 3580
10764953 672
10764973 3
10764997 3
10765031 9
10765043 73
10765057 1667
10765067 4
10765067 85
10765147 53
10765169 139
10765189 980
10765309 192
10765361 3
10765361 2535
10765427 105
10765427 252
10765439 205
10765451 1
10765481 3
10765481 840
10765543 165
10765543 3065
10765577 39
10765613 1932
10765619 4
10765639 896
10765669 1695
10765687 84
10765763 1
10765763 148
10765831 20
10765877 24
10765889 36
10765919 189
10765921 15
10765939 36
10765939 197
10765991 8784
10766057 124
10766057 459
10766089 7124
10766111 1
10766123 1257
10766213 2512
10766213 3091
10766299 1652
10766303 181
10766381 31
10766411 13
10766531 61
10766557 3
10766617 27
10766629 9624
10766669 7
10766803 12
10766941 20
10767023 1
10767041 439
10767061 3
10767061 2936
10767161 48
10767173 88
10767193 27
10767203 240
10767247 44
10767271 1716
10767287 133
10767349 12
10767403 101
10767499 3525
10767521 31
10767607 5
10767607 9
10767641 4
10767689 7
10767767 184
10767791 204
10767811 8
10767829 11
10767857 52
10767971 4
10767971 16
10767973 3
10767997 120
10768027 60
10768213 291
10768271 9
10768283 7141
10768319 4
10768453 11
10768477 15
10768529 16
10768559 1
10768559 40
10768579 3924
10768697 192
10768697 2512
10768717 8
10768799 1
10768799 21
10768847 4
10768859 424
10768903 45
10768907 9
10768943 112
10769021 16
10769021 8788
10769047 189
10769069 8979
10769131 24
10769243 1
10769243 37
10769281 228
10769383 48
10769413 3
10769461 1244
10769659 2609
10769807 724
10769807 5392
10769851 176
10769873 28
10769879 1
10769879 16
10769939 1
10769939 132
10769999 4
10770029 2271
10770101 103
10770161 16
10770407 33
10770457 47
10770497 7
10770523 261
10770527 13
10770583 8
10770583 3036
10770649 107
10770653 91
10770667 5
10770703 2501
10770779 4
10770779 1809
10770833 12
10770839 4
10770839 9
10770883 453
10770887 4
10771039 9
10771049 976
10771087 152
10771133 675
10771139 721
10771141 5724
10771177 3
10771177 288
10771237 1839
10771289 40
10771297 1127
10771331 1
10771391 1
10771391 40
10771417 320
10771433 7
10771451 1876
10771463 16
10771483 657
10771513 68
10771681 164
10771681 180
10771703 1
10771711 5
10771793 51
10771811 1668
10771949 4051
10771997 187
10772017 555
10772017 579
10772039 249
10772057 3
10772057 7
10772081 39
10772093 3
10772171 861
10772243 1
10772243 85
10772309 1780
10772371 9996
10772497 60
10772497 467
10772527 53
10772527 152
10772581 15
10772599 116
10772647 129
10772647 180
10772647 2000
10772701 4628
10772813 255
10772821 2475
10772831 1
10772837 9580
10772887 12
10772893 3
10772899 1632
10773013 15
10773013 275
10773023 1
10773071 33
10773083 12
10773127 5
10773137 19
10773187 17
10773187 1817
10773251 13
10773319 9
10773377 3
10773443 1
10773443 8385
10773457 647
10773487 4940
10773493 11
10773493 1196
10773541 6224
10773583 1500
10773617 1332
10773617 3747
10773677 27
10773691 524
10773713 51
10773797 660
10773853 23
10773911 4
10773947 357
10773989 4
10774079 1
10774087 6768
10774219 36
10774229 19
10774241 31
10774261 15
10774271 4
10774331 33
10774409 3460
10774427 57
10774493 7
10774531 29
10774537 8
10774559 1
10774559 120
10774567 513
10774627 104
10774657 84
10774661 3
10774681 1104
10774681 2879
10774721 3
10774721 435
10774783 5
10774783 165
10774783 357
10774783 936
10774853 15
10774859 1
10774909 15
10774927 204
10775003 1
10775131 201
10775159 697
10775183 12
10775189 4
10775203 8
10775203 113
10775243 12
10775243 1501
10775291 9
10775389 35
10775437 659
10775449 6419
10775519 1
10775519 16
10775533 71
10775561 9148
10775657 243
10775659 20
10775663 25
10775663 301
10775683 8
10775683 177
10775719 89
10775759 49
10775777 4
10775777 108
10775789 436
10775861 4
10775861 231
10775881 8
10775881 36
10775939 801
10775951 4
10775957 8935
10776043 773
10776109 11
10776109 5835
10776223 20
10776229 35
10776257 3
10776257 1095
10776373 68
10776373 236
10776373 9851
10776433 116
10776539 1
10776607 48
10776611 1
10776611 16
10776641 4
10776641 16
10776641 111
10776653 3
10776659 1
10776679 605
10776683 585
10776707 708
10776791 21
10776853 140
10777001 168
10777007 1185
10777369 27
10777447 60
10777451 1
10777463 1
10777607 25
10777607 208
10777631 1
10777661 271
10777681 11
10777703 1
10777717 1604
10777721 31
10777751 1
10777787 9
10777853 31
10777919 45
10777973 3
10778057 2832
10778093 72
10778101 216
10778107 488
10778123 1
10778249 831
10778267 13
10778303 2100
10778387 9
10778389 3380
10778407 17
10778429 4
10778441 3
10778473 23
10778539 32
10778587 5
10778587 20
10778627 1473
10778653 7332
10778657 48
10778659 305
10778671 56
10778671 4061
10778687 45
10778687 165
10778773 47
10778783 1
10778819 1
10778849 40
10778869 20
10778869 87
10778983 3305
10778993 7
10779011 24
10779047 24
10779047 693
10779047 2940
10779049 599
10779049 975
10779059 2616
10779133 480
10779133 7043
10779179 1
10779191 4
10779199 212
10779317 4
10779323 6520
10779389 124
10779401 4
10779443 637
10779473 40
10779473 1495
10779499 72
10779521 40
10779521 1104
10779551 1
10779577 24
10779731 1
10779767 1228
10779941 123
10779959 1
10779961 455
10780093 5715
10780139 64
10780213 123
10780213 6948
10780321 399
10780447 12
10780447 8364
10780453 3
10780519 9
10780559 3009
10780699 5
10780717 3768
10780751 1
10780751 1756
10780753 87
10780879 8312
10780933 143
10780969 284
10780969 800
10781063 1
10781107 5
10781161 236
10781161 5231
10781233 15
10781321 6048
10781327 4252
10781423 1
10781479 1857
10781539 129
10781651 1
10781741 24
10781821 60
10781821 111
10781821 119
10781839 12
10781839 104
10781839 4964
10781857 48
10781867 4
10781891 1
10781929 36
10781957 3
10782011 21
10782041 4
10782067 4568
10782077 63
10782089 2895
10782119 1
10782119 285
10782119 1440
10782257 403
10782263 21
10782263 685
10782371 1
10782407 45
10782407 1408
10782433 3680
10782491 40
10782509 12
10782601 2243
10782643 536
10782697 3
10782697 2507
10782731 1
10782731 384
10782839 9
10782857 7
10782901 119
10782911 169
10782911 904
10782971 4
10783121 4984
10783271 1
10783313 8452
10783453 1467
10783541 8940
10783589 540
10783589 739
10783657 675
10783657 999
10783741 23
10783741 1316
10783783 8336
10783807 29
10783907 25
10783931 3928
10783957 15
10783973 3
10783991 60
10784017 20
10784083 3272
10784087 97
10784087 2053
10784177 3
10784233 56
10784233 108
10784329 755
10784483 172
10784563 108
10784563 2441
10784597 12
10784699 1
10784699 16
10784699 37
10784729 4
10784759 1
10784831 4
10784903 136
10784933 447
10784957 12
10784981 444
10784981 1003
10785031 8
10785077 4
10785143 556
10785161 3
10785161 568
10785161 2823
10785301 23
10785311 1
10785319 12
10785343 2541
10785371 1
10785371 4
10785431 1
10785433 1688
10785469 2660
10785557 48
10785557 79
10785557 903
10785563 52
10785713 3103
10785757 3
10785809 36
10785811 5
10785839 16
10785857 19
10785857 168
10785869 12
10785989 39
10786037 12
10786049 300
10786067 453
10786079 3520
10786151 6268
10786187 153
10786187 528
10786207 333
10786283 1
10786283 2665
10786291 5064
10786331 165
10786367 925
10786417 924
10786519 732
10786603 125
10786673 5356
10786703 1
10786709 4
10786757 3
10786781 3
10787047 4488
10787053 3
10787081 136
10787081 1579
10787081 9640
10787083 317
10787099 1
10787123 1
10787173 2631
10787291 1
10787297 3
10787303 37
10787321 3
10787509 12
10787531 21
10787599 329
10787599 596
10787629 591
10787663 1
10787731 216
10787837 648
10787869 7116
10787923 5
10787923 8
10787951 268
10787999 36
10788059 60
10788059 2509
10788199 216
10788247 9
10788259 5
10788293 235
10788307 17
10788317 4
10788317 28
10788317 40
10788359 1
10788383 1
10788391 1604
10788469 2991
10788593 3
10788593 12
10788601 15
10788611 1
10788619 1952
10788649 3851
10788689 199
10788749 12
10788821 583
10788857 1003
10788871 8
10788871 1749
10788881 3
10788971 16
10789217 280
10789243 48
10789243 1313
10789379 1132
10789411 224
10789451 1
10789483 8
10789483 180
10789483 1868
10789487 273
10789529 16
10789529 39
10789529 1771
10789609 12
10789621 3488
10789637 3
10789637 4
10789637 340
10789651 84
10789673 1815
10789763 888
10789817 808
10790099 1
10790179 1920
10790321 3640
10790327 1753
10790327 5769
10790389 200
10790389 231
10790399 1
10790467 3840
10790497 203
10790567 9
10790621 9256
10790653 363
10790671 5949
10790693 43
10790771 1
10790771 5025
10790779 504
10790833 876
10790837 7
10790881 3
10790881 23
10790881 104
10790881 8724
10790911 20
10790963 1
10791023 1
10791133 167
10791197 15
10791203 21
10791283 80
10791293 2496
10791299 1
10791299 40
10791307 5760
10791343 308
10791359 1
10791419 1
10791427 9
10791427 7172
10791511 5
10791511 845
10791533 211
10791673 155
10791769 20
10791793 8
10791961 3
10792003 813
10792081 15
10792091 1
10792139 1
10792139 57
10792141 6380
10792217 52
10792343 1
10792343 477
10792381 80
10792489 431
10792559 37
10792571 1
10792631 4
10792643 12
10792643 4165
10792711 9
10792721 28
10792757 223
10792889 2652
10792979 1
10792979 8196
10792987 8
10793201 3
10793213 7756
10793309 112
10793369 19
10793369 175
10793459 2017
10793527 17
10793551 8
10793581 428
10793591 1
10793779 45
10793791 8
10793801 591
10793833 27
10793851 2568
10794001 75
10794013 12
10794037 15
10794073 3
10794101 3
10794131 108
10794181 971
10794181 2784
10794313 15
10794319 945
10794319 9789
10794359 1729
10794391 8
10794401 3
10794461 76
10794559 9
10794611 1
10794611 93
10794611 1264
10794671 93
10794673 11
10794691 5
10794703 641
10794703 1980
10794733 3
10794799 5
10794809 1227
10794937 8
10794943 173
10794961 3
10794991 204
10794991 624
10794991 2396
10795019 1
10795019 2604
10795091 1
10795111 8
10795117 3
10795159 201
10795219 5
10795283 325
10795297 3
10795481 256
10795529 12
10795567 285
10795613 703
10795691 21
10795787 2440
10795913 55
10795919 1
10795957 5055
10796117 1432
10796209 2492
10796231 1
10796273 823
10796287 5
10796287 92
10796297 627
10796321 3
10796321 84
10796393 96
10796393 2191
10796431 476
10796431 8928
10796551 236
10796567 6228
10796623 56
10796641 155
10796647 9
10796701 104
10796719 3072
10796873 3
10796873 231
10796881 1836
10796963 168
10796969 4
10796977 9447
10797131 16
10797307 9
10797349 7007
10797359 72
10797359 1792
10797389 2316
10797403 21
10797463 260
10797713 192
10797811 69
10797841 8
10797841 11
10797847 5
10797847 765
10797847 1160
10797869 4
10797931 24
10797973 3
10797979 5
10798091 4
10798219 56
10798243 1325
10798267 5
10798301 16
10798301 40
10798321 671
10798321 2123
10798351 500
10798397 64
10798439 4
10798481 264
10798573 63
10798573 128
10798573 1940
10798607 160
10798639 5
10798639 21
10798639 1056
10798693 483
10798693 923
10798717 3
10798717 107
10798741 455
10798789 596
10798811 889
10798871 1
10798889 67
10798919 1680
10799027 12
10799141 31
10799161 3
10799207 12
10799209 12
10799219 1
10799231 1
10799263 108
10799279 1
10799287 573
10799291 45
10799291 3981
10799309 91
10799309 2572
10799357 3
10799363 1
10799387 49
10799431 8
10799431 68
10799431 1125
10799491 873
10799549 4
10799557 27
10799791 996
10799827 528
10799827 6485
10799927 60
10799993 8812
10800007 5
10800109 87
10800137 1023
10800173 6271
10800191 10000
10800211 309
10800211 8796
10800241 1283
10800373 12
10800373 32
10800407 5337
10800487 24
10800533 5880
10800641 399
10800641 403
10800677 3
10800703 33
10800737 3
10800737 24
10800871 2360
10800893 1032
10800913 480
10800913 6200
10800997 23
10800997 252
10801013 7
10801031 93
10801031 868
10801031 7749
10801033 11
10801057 7428
10801073 55
10801111 29
10801249 3431
10801267 3420
10801289 2340
10801321 8
10801339 5
10801339 6521
10801403 1
10801403 21
10801411 20
10801429 24
10801459 1064
10801499 4
10801517 7068
10801529 4
10801541 784
10801561 363
10801603 41
10801621 3
10801627 329
10801639 20
10801649 5475
10801667 52
10801667 168
10801711 29
10801751 69
10801793 4291
10801799 1
10801799 49
10801801 1299
10801831 2945
10801859 12
10801933 56
10801961 4
10801969 2547
10802023 161
10802093 8632
10802117 283
10802213 2967
10802237 495
10802243 1
10802333 4011
10802359 300
10802401 2900
10802411 1
10802411 3033
10802443 6552
10802447 4
10802447 1908
10802459 4
10802581 1100
10802591 1
10802591 1464
10802593 3
10802629 299
10802677 12
10802719 5
10802783 1
10802821 7028
10802929 11
10802929 4340
10802969 216
10802983 41
10802983 428
10802999 1
10802999 8064
10803017 4
10803017 868
10803029 7
10803047 25
10803047 5008
10803059 1
10803059 37
10803119 7689
10803127 5
10803127 3789
10803137 127
10803193 627
10803217 39
10803217 60
10803253 3
10803311 1
10803323 40
10803349 35
10803413 571
10803427 17
10803433 12
10803461 1311
10803461 8788
10803493 23
10803493 6983
10803503 1
10803581 3
10803589 215
10803613 48
10803659 1
10803659 145
10803659 477
10803673 6167
10803733 1767
10803809 676
10803839 1
10803839 105
10803911 1
10803943 968
10803983 96
10804019 1
10804049 7
10804049 255
10804063 3228
10804069 11
10804093 696
10804099 32
10804133 67
10804159 21
10804247 100
10804349 4
10804349 555
10804373 351
10804397 43
10804429 1239
10804471 300
10804529 436
10804589 7
10804603 12
10804631 589
10804663 3276
10804699 24
10804789 39
10804793 663
10804819 5
10804819 92
10804883 1
10805059 197
10805077 3
10805111 1
10805141 1471
10805177 7
10805177 4560
10805209 15
10805237 100
10805303 1
10805303 312
10805303 1753
10805309 175
10805317 8
10805321 3
10805321 31
10805323 345
10805411 96
10805467 593
10805507 12
10805551 293
10805551 5201
10805563 8
10805573 1332
10805633 87
10805651 21
10805657 8347
10805783 1
10805819 4
10805843 1
10805843 100
10805843 636
10805891 1
10805939 9501
10805959 5
10805983 17
10806023 1477
10806127 693
10806127 1332
10806137 3
10806163 9348
10806227 4
10806233 7
10806311 1
10806337 8748
10806353 9447
10806377 4
10806437 447
10806443 1
10806443 25
10806449 4
10806449 315
10806511 413
10806533 75
10806539 1
10806563 645
10806571 9
10806599 1
10806623 1
10806637 3
10806751 8
10806907 17
10807001 4
10807157 199
10807213 267
10807259 1
10807273 11
10807337 3844
10807361 3
10807411 48
10807429 11
10807439 1380
10807453 15
10807457 243
10807649 75
10807649 1140
10807661 3
10807717 80
10807817 15
10807859 1
10807859 9
10807883 1
10807897 3
10807913 8400
10807957 9200
10807967 25
10808047 12
10808087 2760
10808089 3944
10808129 8616
10808233 1491
10808267 9
10808381 96
10808467 45
10808467 200
10808471 849
10808653 1535
10808669 1179
10808671 5
10808671 2724
10808723 37
10808729 1975
10808747 364
10808747 489
10808771 1
10808771 16
10808887 168
10808899 9
10808899 12
10808911 140
10809047 100
10809077 3
10809089 16
10809089 4132
10809101 400
10809133 72
10809151 20
10809269 219
10809277 672
10809283 153
10809283 980
10809299 9
10809299 261
10809301 3
10809307 308
10809391 260
10809391 5948
10809401 3700
10809443 12
10809443 688
10809493 3
10809523 452
10809529 104
10809619 177
10809683 81
10809703 41
10809709 2136
10809769 3240
10809787 8
10809791 1513
10809923 1432
10809961 243
10810013 283
10810021 1188
10810043 1
10810061 96
10810139 1
10810171 9
10810199 109
10810211 1941
10810223 16
10810273 20
10810321 11
10810339 44
10810343 613
10810343 8128
10810441 456
10810451 1
10810489 12
10810507 8
10810577 7
10810607 7353
10810693 3
10810763 1
10810763 13
10810763 2352
10810853 52
10810889 475
10810901 3
10810907 64
10810937 3
10810937 1708
10810951 60
10811027 9
10811027 45
10811041 24
10811041 1668
10811123 21
10811131 276
10811237 88
10811237 1747
10811239 2124
10811243 300
10811327 9
10811327 24
10811377 504
10811419 1545
10811431 1820
10811459 85
10811539 2520
10811597 3
10811597 520
10811639 1
10811699 2077
10811729 7
10811729 15
10811737 3
10811761 23
10811767 60
10811803 53
10811803 4092
10811831 1
10811921 240
10811923 45
10812023 57
10812059 61
10812059 184
10812143 1
10812143 832
10812167 144
10812203 96
10812227 3585
10812239 1
10812239 9
10812239 5320
10812253 1227
10812283 836
10812317 3
10812317 43
10812401 403
10812419 1
10812551 1
10812587 7468
10812619 2480
10812779 1
10812821 7131
10812839 1
10812839 64
10812859 5
10812859 21
10812887 1048
10812913 815
10812937 507
10812943 5
10813021 3
10813057 3024
10813093 15
10813093 32
10813111 29
10813163 7276
10813189 2300
10813199 1
10813237 399
10813399 80
10813457 7
10813499 1
10813499 61
10813529 64
10813631 5280
10813633 11
10813681 3
10813813 3
10813931 2461
10813937 475
10814017 2880
10814047 188
10814077 23
10814107 704
10814149 8484
10814233 888
10814281 324
10814351 1
10814399 1
10814411 28
10814423 145
10814473 3
10814521 23
10814579 160
10814579 184
10814581 8
10814603 1
10814633 3
10814659 4529
10814681 348
10814701 3
10814717 39
10814729 76
10814729 664
10814779 9
10814813 60
10814813 6771
10814833 12
10814927 4
10814927 73
10814987 849
10815017 7
10815019 17
10815061 171
10815097 8799
10815107 28
10815157 768
10815197 7
10815197 2539
10815251 1609
10815263 1
10815319 5
10815319 9476
10815377 15
10815397 9384
10815443 2680
10815473 511
10815487 1445
10815487 1548
10815517 83
10815517 92
10815599 4
10815601 51
10815619 12
10815641 39
10815641 700
10815671 28
10815691 20
10815697 183
10815709 84
10815709 260
10815719 1
10815719 45
10815799 9
10815809 36
10815809 591
10815853 1056
10815863 21
10815991 5
10816031 1
10816051 161
10816051 233
10816079 16
10816153 2472
10816189 1599
10816193 3
10816361 19
10816499 4
10816501 3
10816511 1
10816511 253
10816549 3192
10816633 947
10816651 48
10816669 11
10816669 119
10816763 12
10816889 72
10816943 6508
10817161 35
10817167 8
10817179 36
10817281 2880
10817293 8148
10817299 1872
10817371 2244
10817437 63
10817447 12
10817519 1
10817519 132
10817531 4
10817531 9
10817561 16
10817663 25
10817689 12
10817689 7736
10817699 501
10817711 1
10817743 56
10817803 452
10817893 3752
10817903 1
10817927 4
10817927 117
10817951 105
10818043 797
10818109 1436
10818179 9189
10818233 2803
10818233 8196
10818293 3
10818323 1
10818371 1
10818371 1020
10818517 3
10818569 1476
10818683 1
10818683 177
10818719 1
10818881 1483
10818937 3084
10819057 24
10819139 36
10819163 1
10819181 1275
10819229 15
10819241 3
10819241 3571
10819309 947
10819433 31
10819469 4
10819643 13
10819643 2577
10819649 316
10819687 5
10819691 1
10819691 7636
10819727 4
10819741 2796
10819747 8
10819843 8
10819877 252
10819889 139
10820053 3
10820093 1047
10820113 7647
10820141 3
10820179 896
10820213 832
10820323 5
10820339 1
10820377 8
10820399 24
10820489 579
10820503 20
10820561 16
10820591 64
10820617 1859
10820651 1
10820737 12
10820737 432
10820981 3579
10821001 203
10821037 24
10821043 653
10821121 231
10821133 8
10821137 984
10821179 1
10821179 4
10821199 45
10821287 97
10821287 5644
10821329 231
10821331 9
10821331 56
10821347 48
10821361 24
10821373 3
10821373 11
10821389 279
10821389 2719
10821463 20
10821527 277
10821529 12
10821541 156
10821757 279
10821763 168
10821829 12
10821851 24
10821913 135
10821931 29
10821947 6684
10821997 3
10822027 57
10822099 69
10822127 85
10822271 1
10822277 3
10822291 5
10822291 9
10822291 45
10822297 20
10822411 5
10822411 48
10822433 111
10822433 6960
10822507 33
10822649 4
10822663 1148
10822753 396
10822817 3
10822873 71
10822961 139
10822961 256
10823159 72
10823209 371
10823251 33
10823299 137
10823327 49
10823471 1
10823531 25
10823563 2433
10823563 2625
10823563 2772
10823567 493
10823671 440
10823719 5
10823767 24
10823789 6384
10823821 116
10823851 1328
10823903 21
10823921 496
10823941 416
10824049 7031
10824127 2640
10824127 4112
10824127 6089
10824139 120
10824173 1536
10824251 1
10824277 32
10824377 2019
10824379 1592
10824497 7
10824503 28
10824581 60
10824581 2548
10824677 3
10824707 48
10824787 12
10824787 84
10824787 7760
10824839 1
10824841 635
10824911 33
10825043 1
10825043 9072
10825049 672
10825093 8
10825147 5
10825151 9
10825153 1208
10825183 5
10825183 333
10825211 96
10825237 3
10825279 2232
10825333 27
10825411 629
10825499 1
10825547 4
10825547 45
10825669 1196
10825673 3
10825699 65
10825807 93
10825807 129
10825807 6464
10825817 67
10825817 220
10825979 852
10825987 8
10826003 73
10826117 4
10826131 6081
10826147 4
10826149 75
10826177 3315
10826209 315
10826209 8936
10826287 1844
10826377 3
10826429 19
10826479 924
10826507 4489
10826509 15
10826521 584
10826593 128
10826701 4275
10826723 1
10826741 31
10826819 96
10826833 12
10826899 189
10826899 740
10826899 2861
10826917 23
10826953 3
10826971 8
10826971 564
10827023 2721
10827119 69
10827251 9
10827307 1524
10827361 5595
10827373 2411
10827389 76
10827491 13
10827517 12
10827539 996
10827613 6588
10827629 60
10827647 4
10827659 3309
10827679 24
10827721 3
10827749 667
10827749 1036
10827833 6940
10827913 12
10827923 1
10827923 48
10827941 8431
10827983 28
10827983 1317
10828019 1
10828063 7392
10828073 483
10828117 35
10828177 27
10828241 880
10828291 405
10828427 93
10828427 1180
10828463 561
10828481 1224
10828501 3
10828627 432
10828627 3237
10828667 133
10828667 660
10828681 3
10828739 1
10828739 21
10828739 64
10828739 2740
10828787 1173
10828931 1
10828943 141
10829023 1368
10829101 4491
10829191 144
10829219 4
10829333 1723
10829333 2047
10829339 12
10829341 155
10829461 5103
10829473 4448
10829479 1757
10829501 1255
10829519 60
10829669 91
10829669 4324
10829717 4
10829717 1084
10829719 29
10829921 63
10829957 27
10829971 84
10829999 1
10829999 61
10830103 5
10830103 156
10830181 3056
10830187 248
10830203 1
10830203 52
10830227 73
10830293 28
10830293 316
10830301 239
10830509 1719
10830527 25
10830527 7477
10830607 32
10830619 2045
10830619 4689
10830641 3
10830667 20
10830697 5232
10830713 27
10830713 5128
10830871 888
10830913 11
10830917 1524
10830943 1508
10830947 1072
10830991 5
10830991 248
10831063 116
10831201 116
10831213 9435
10831283 1
10831423 792
10831433 207
10831433 747
10831477 3
10831487 28
10831511 61
10831511 1681
10831607 52
10831609 11
10831637 43
10831727 4
10831727 5164
10831811 1
10832039 1476
10832123 25
10832123 85
10832161 56
10832189 135
10832249 12
10832249 271
10832273 7
10832273 156
10832303 1
10832347 8
10832411 1
10832411 261
10832461 20
10832467 4088
10832477 168
10832537 3
10832567 8557
10832693 1491
10832711 4
10832753 48
10832771 325
10832837 415
10832867 4
10832953 8
10833013 36
10833083 1
10833113 228
10833209 1344
10833209 8592
10833241 20
10833271 5
10833271 8
10833323 1372
10833331 620
10833379 5
10833461 36
10833509 355
10833533 3
10833551 1
10833551 93
10833611 1
10833659 1720
10833659 2724
10833659 6801
10833731 1
10833773 252
10833793 5492
10833847 24
10833863 28
10833883 1485
10833887 57
10833941 3
10834037 4
10834051 4124
10834079 1
10834133 5812
10834141 3
10834147 92
10834181 231
10834223 1
10834339 12
10834361 499
10834477 3
10834507 5
10834507 500
10834511 3945
10834597 23
10834597 6608
10834643 193
10834643 385
10834651 360
10834651 693
10834723 5
10834799 3316
10834829 6751
10834849 116
10834853 2760
10834871 208
10834939 3201
10834963 717
10834963 840
10834973 336
10834973 1735
10834987 1140
10835101 3
10835243 1
10835417 12
10835663 1
10835677 27
10835813 7623
10835831 528
10835917 12
10836073 192
10836097 3
10836263 1
10836277 3
10836311 88
10836313 3
10836359 1
10836383 12
10836407 117
10836407 1672
10836421 15
10836439 104
10836443 333
10836487 7949
10836491 1
10836541 20
10836541 899
10836541 2211
10836613 11
10836629 804
10836643 17
10836689 135
10836779 1
10836811 21
10836827 25
10836851 1
10836869 4
10836869 184
10836869 7320
10836877 23
10837091 1
10837261 35
10837349 39
10837373 943
10837397 339
10837403 3561
10837423 17
10837523 1
10837613 55
10837613 132
10837621 35
10837637 3
10837679 1
10837699 309
10837699 2700
10837819 29
10837873 2243
10838029 2439
10838029 2736
10838183 1
10838239 2856
10838287 53
10838287 7973
10838291 2788
10838293 252
10838371 60
10838407 8
10838459 105
10838519 97
10838539 84
10838627 109
10838689 20
10838693 7452
10838699 1
10838701 611
10838771 1
10838771 1624
10838827 5784
10838869 435
10838897 43
10838897 84
10838941 3311
10839077 123
10839079 6485
10839091 21
10839109 152
10839131 13
10839163 5
10839223 12
10839223 3296
10839229 20
10839263 81
10839271 6773
10839341 3804
10839343 140
10839377 124
10839419 16
10839419 681
10839467 4
10839611 1
10839683 1
10839701 39
10839809 295
10839817 3
10839817 23
10839869 1104
10839889 2339
10839943 4697
10839979 585
10839979 7964
10839991 5
10839991 36
10840057 7847
10840087 7484
10840163 1
10840183 605
10840243 5
10840259 25
10840259 2389
10840321 416
10840331 1924
10840369 11
10840513 2427
10840603 21
10840603 80
10840657 1592
10840703 21
10840727 57
10840799 1
10840799 21
10840877 7
10840927 12
10840927 2052
10840931 1165
10840937 7
10840961 3
10841023 5
10841063 1672
10841137 80
10841147 1108
10841213 7
10841213 112
10841251 153
10841263 5400
10841317 228
10841401 4715
10841423 1
10841483 1
10841483 360
10841527 5
10841527 9
10841531 313
10841549 132
10841587 8
10841587 9
10841641 3
10841693 3
10841693 43
10841783 940
10841797 4064
10841833 15
10841933 3
10842001 9299
10842061 24
10842067 3608
10842109 320
10842109 419
10842113 927
10842119 156
10842137 4408
10842193 11
10842193 32
10842193 47
10842193 1407
10842199 5
10842241 3
10842257 8463
10842389 4
10842431 1
10842431 13
10842437 3
10842437 7
10842589 71
10842593 36
10842619 945
10842619 3104
10842659 540
10842659 585
10842679 749
10842691 1149
10842697 3
10842743 1
10842773 5295
10842773 6672
10842779 429
10842803 1
10842823 1992
10842833 43
10842989 60
10843103 1
10843193 715
10843207 24
10843219 9
10843223 16
10843241 4
10843241 91
10843291 6036
10843307 1069
10843309 11
10843337 12
10843337 148
10843411 200
10843423 836
10843457 1599
10843463 1
10843517 7239
10843541 2536
10843541 3544
10843559 1
10843579 465
10843607 4273
10843667 4
10843681 1560
10843801 899
10843801 4596
10843871 40
10843907 12
10843933 51
10843979 1
10844039 4
10844111 21
10844257 3
10844257 84
10844287 5
10844291 16
10844297 4
10844303 1965
10844329 96
10844359 12
10844429 4
10844437 660
10844467 3332
10844591 13
10844593 4215
10844831 4329
10844923 12
10845001 3
10845053 163
10845139 512
10845187 1005
10845221 3
10845221 3256
10845229 311
10845239 1
10845281 64
10845281 1615
10845287 4
10845383 640
10845421 1188
10845437 2175
10845577 27
10845649 2075
10845781 3
10845787 3233
10845823 1140
10845871 21
10845959 1
10846007 4
10846013 3
10846067 900
10846103 372
10846109 7336
10846193 1908
10846193 2167
10846193 3843
10846343 2101
10846343 3732
10846351 8
10846403 1
10846441 123
10846453 3
10846469 756
10846499 8685
10846607 132
10846607 1345
10846651 65
10846709 36
10846727 3408
10846733 3
10846889 999
10846897 1020
10846903 168
10846921 111
10846921 876
10846933 20
10846933 3887
10846939 5
10846987 5
10847069 400
10847101 471
10847141 780
10847147 105
10847171 9
10847279 1
10847279 4
10847293 83
10847311 9
10847311 93
10847311 681
10847381 3
10847393 148
10847503 17
10847527 2052
10847677 20
10847701 131
10847747 4
10847777 2743
10847783 85
10847833 48
10847833 87
10847867 69
10847939 1
10847939 232
10847957 247
10847983 1473
10848119 717
10848181 63
10848181 435
10848223 365
10848251 16
10848251 69
10848413 76
10848469 647
10848529 8679
10848611 1
10848671 1
10848683 1
10848769 15
10848823 1013
10848863 1
10848947 2044
10849001 160
10849121 3
10849193 7
10849283 61
10849301 51
10849387 5
10849427 1489
10849453 12
10849453 1416
10849463 1
10849603 3513
10849607 5500
10849669 35
10849673 3
10849759 281
10849793 2515
10849819 6732
10849837 3627
10849933 5655
10849957 140
10849999 797
10850017 9539
10850051 1
10850071 9
10850071 65
10850087 9
10850171 76
10850173 1263
10850179 12
10850183 13
10850221 51
10850221 339
10850239 5
10850309 40
10850327 52
10850327 69
10850383 5
10850419 72
10850461 551
10850473 12
10850579 1
10850629 996
10850683 597
10850761 24
10850813 16
10850869 3515
10850911 4389
10850927 4132
10850933 15
10850933 1536
10850989 15
10850999 4
10851041 171
10851047 1300
10851263 745
10851301 891
10851329 700
10851343 8
10851343 780
10851343 5321
10851367 813
10851439 869
10851551 1
10851551 9
10851551 85
10851553 120
10851611 61
10851613 143
10851671 1
10851691 161
10851707 13
10851719 252
10851733 32
10851739 605
10851749 12
10851761 3
10851779 9697
10851809 172
10851817 15
10851857 24
10851913 2460
10851937 3
10851937 224
10852027 344
10852027 473
10852033 3
10852033 87
10852033 228
10852087 9
10852099 141
10852123 1320
10852223 1
10852223 33
10852223 40
10852229 7
10852301 75
10852313 3
10852381 63
10852403 45
10852483 21
10852607 864
10852657 383
10852657 9348
10852717 20
10852739 1
10852739 4
10852739 9
10852747 9
10852889 55
10852979 21
10853023 8
10853041 3
10853053 48
10853083 420
10853149 552
10853251 8141
10853267 169
10853341 80
10853347 5
10853347 944
10853347 1925
10853363 117
10853399 61
10853399 441
10853399 9772
10853411 1
10853509 275
10853593 183
10853651 9
10853651 36
10853653 408
10853657 8703
10853683 41
10853737 35
10853761 3
10853771 64
10853911 120
10853911 4313
10853963 1
10853963 933
10854059 61
10854059 64
10854131 1
10854131 109
10854163 33
10854163 1001
10854169 11
10854253 3
10854307 9
10854511 1229
10854541 3
10854581 1404
10854611 153
10854731 9
10854763 12
10854763 7352
10854797 3
10854797 6148
10854821 195
10854859 9
10854901 716
10854923 1
10854923 372
10855069 219
10855087 1824
10855123 4445
10855223 28
10855223 3108
10855249 1800
10855259 1
10855337 1344
10855343 1
10855349 7711
10855409 231
10855433 7
10855457 12
10855489 39
10855489 296
10855613 1087
10855643 468
10855667 12
10855667 37
10855727 49
10855841 3
10855847 385
10855853 7
10855853 187
10855879 92
10855967 193
10855997 808
10856093 3660
10856119 5
10856141 184
10856159 1
10856213 1675
10856347 68
10856369 12
10856399 1
10856471 429
10856471 3568
10856567 37
10856647 8
10856711 21
10856717 4
10856717 9055
10856737 32
10856819 1
10856869 1304
10856977 3
10857059 2004
10857137 19
10857139 1784
10857191 1
10857193 63
10857337 23
10857359 400
10857359 3609
10857361 96
10857437 3
10857443 1
10857443 217
10857503 1
10857521 24
10857677 4584
10857871 9
10857937 335
10858027 2657
10858031 1
10858031 4
10858051 9
10858079 1
10858103 28
10858193 28
10858249 11
10858273 96
10858297 3
10858297 375
10858361 1836
10858381 24
10858391 645
10858447 104
10858543 5
10858559 1
10858609 2091
10858637 12
10858637 72
10858643 1
10858697 124
10858697 1599
10858703 1
10858703 16
10858717 3
10858717 1179
10858753 3
10858769 1711
10858817 3
10858817 28
10858867 8
10858877 7827
10858901 5428
10858957 3615
10858987 17
10858997 24
10859033 52
10859099 85
10859131 705
10859179 9
10859179 80
10859221 23
10859257 188
10859257 444
10859309 15
10859333 3
10859347 4245
10859351 1
10859357 4
10859357 103
10859377 12
10859399 1
10859437 3407
10859449 92
10859489 312
10859603 1
10859677 60
10859731 96
10859731 149
10859731 324
10859731 7845
10859767 269
10859831 100
10859831 229
10859903 1
10859903 333
10859939 1384
10859987 12
10860067 1505
10860079 9
10860167 189
10860197 279
10860233 15
10860251 9
10860281 3
10860299 1
10860313 788
10860319 9
10860397 27
10860427 12
10860481 11
10860557 1503
10860583 128
10860701 3
10860701 28
10860709 15
10860727 20
10860791 4
10860793 2108
10860797 259
10860911 1
10861049 40
10861063 2840
10861093 516
10861127 57
10861139 1
10861211 1
10861211 4
10861271 1
10861273 47
10861307 4
10861427 112
10861531 8781
10861549 47
10861567 5
10861577 3
10861577 744
10861583 1
10861583 45
10861601 136
10861601 904
10861633 260
10861693 11
10861693 255
10861859 1
10861937 2328
10861993 1575
10862009 2884
10862011 104
10862011 204
10862021 316
10862041 323
10862113 1463
10862149 24
10862161 15
10862261 3
10862323 32
10862339 52
10862339 5256
10862347 17
10862381 735
10862441 3
10862587 20
10862587 6665
10862591 1
10862681 3
10862723 1
10862723 28
10862759 1
10862759 760
10862857 3
10862857 59
10862897 4435
10863019 2156
10863043 1845
10863067 5
10863067 1833
10863121 468
10863239 4
10863239 276
10863317 12
10863409 455
10863427 8
10863443 28
10863451 5
10863451 200
10863473 15
10863623 1
10863623 117
10863623 777
10863631 204
10863683 1
10863701 156
10863767 40
10863791 196
10863841 195
10863859 12
10863871 1440
10863883 72
10863883 6852
10863899 1
10863899 841
10863913 3
10863943 5
10863943 65
10863943 260
10863947 9
10863949 120
10863973 68
10864121 31
10864121 36
10864123 2357
10864127 93
10864157 4
10864157 7860
10864369 320
10864393 20
10864397 3
10864397 4884
10864429 20
10864499 412
10864559 1
10864559 72
10864577 364
10864627 24
10864669 296
10864691 721
10864703 13
10864739 772
10864813 15
10864817 507
10864831 2136
10864951 5
10865021 3
10865047 4253
10865167 33
10865191 5
10865243 1
10865251 9261
10865279 1
10865291 76
10865341 555
10865347 557
10865429 16
10865429 99
10865557 12
10865629 9107
10865639 49
10865641 59
10865671 1884
10865759 1
10865759 3817
10865773 8
10865773 5216
10865783 28
10865783 3580
10865797 27
10865801 4
10865857 5999
10865887 9
10865893 3
10865951 333
10865999 1
10865999 124
10865999 6837
10866017 4
10866017 232
10866073 27
10866073 56
10866131 13
10866137 3
10866137 4
10866139 5
10866161 4
10866173 4875
10866199 324
10866211 5
10866227 288
10866227 328
10866227 1429
10866253 71
10866301 3
10866403 20
10866407 112
10866533 52
10866577 44
10866631 69
10866631 365
10866671 1
10866761 2715
10866799 125
10866839 9
10866839 409
10866883 17
10866883 93
10866929 27
10866953 7
10866959 6732
10866991 693
10867079 244
10867163 1
10867177 59
10867187 13
10867193 9255
10867277 7
10867277 39
10867379 4
10867397 7207
10867429 36
10867469 12
10867469 2524
10867631 2185
10867733 3
10867733 31
10867733 2463
10867853 1776
10867889 24
10867907 1204
10867919 1
10867931 169
10867933 432
10867933 8183
10867963 5
10868009 12
10868059 2172
10868177 1032
10868189 4
10868189 487
10868201 9724
10868353 4836
10868447 4
10868519 1
10868531 1
10868537 4
10868603 1
10868617 12
10868617 399
10868647 140
10868651 376
10868659 137
10868773 12
10868777 27
10868843 1
10868911 8
10868911 288
10868951 24
10868971 41
10868993 3
10869011 1804
10869029 72
10869091 1896
10869107 105
10869119 1
10869119 72
10869119 232
10869143 1
10869227 28
10869247 4253
10869289 15
10869289 4932
10869323 25
10869503 501
10869541 44
10869553 3
10869569 7819
10869571 1013
10869631 1869
10869697 35
10869701 4
10869791 204
10869839 21
10869889 39
10869913 2436
10869973 8
10870009 11
10870009 291
10870031 1
10870031 21
10870031 4200
10870039 1937
10870061 16
10870061 43
10870061 535
10870073 3
10870091 40
10870159 17
10870183 596
10870183 7353
10870201 408
10870241 1375
10870373 7
10870397 15
10870411 216
10870439 97
10870441 15
10870441 1203
10870501 344
10870571 1
10870571 4
10870577 1863
10870591 5
10870747 17
10870807 212
10870829 39
10870921 39
10870999 845
10871011 1305
10871017 27
10871039 12
10871099 4
10871149 1392
10871213 7
10871227 1112
10871291 1
10871299 5
10871321 24
10871321 7180
10871411 1
10871411 4
10871411 36
10871411 1096
10871507 3405
10871537 24
10871681 676
10871681 879
10871813 12
10871813 1092
10871869 9756
10871881 260
10871881 3020
10871941 24
10871951 1
10872053 187
10872073 1548
10872079 3572
10872131 1
10872139 12
10872179 9544
10872193 75
10872193 587
10872203 85
10872203 133
10872223 5
10872223 12
10872259 105
10872341 5031
10872359 85
10872403 41
10872523 5
10872581 219
10872611 88
10872671 1461
10872703 872
10872919 144
10872929 36
10872949 159
10873039 81
10873061 31
10873061 63
10873087 9444
10873091 1
10873091 64
10873097 3
10873123 905
10873141 5040
10873193 136
10873207 8
10873207 1800
10873271 4
10873381 1271
10873381 2403
10873441 8520
10873451 13
10873451 588
10873543 200
10873601 3
10873669 272
10873903 3573
10874047 6068
10874119 1632
10874131 465
10874191 384
10874207 1708
10874233 8
10874393 3
10874443 5
10874453 3
10874489 19
10874497 3
10874551 9
10874621 5848
10874627 385
10874639 1
10874711 1
10874723 1
10874749 5780
10874879 1
10874887 420
10874993 951
10875013 3
10875071 129
10875083 8725
10875089 2239
10875149 2539
10875157 23
10875169 2864
10875191 3129
10875199 21
10875247 24
10875253 3
10875341 1723
10875443 1
10875457 3
10875479 1
10875511 2513
10875569 12
10875671 1
10875673 8
10875673 1571
10875679 245
10875703 728
10875713 7
10875721 3
10875727 1665
10875727 2657
10875791 13
10875827 4
10875833 76
10875857 24
10875901 4815
10876003 180
10876031 693
10876097 7795
10876147 9
10876181 4
10876199 817
10876199 1152
10876253 4683
10876259 1
10876259 2292
10876433 100
10876499 1
10876699 140
10876729 359
10876739 3177
10876919 1
10876919 1300
10876951 513
10876967 13
10876969 407
10877033 3
10877033 55
10877033 496
10877171 1153
10877179 8265
10877189 120
10877189 4171
10877201 183
10877203 5
10877203 8
10877303 196
10877327 177
10877353 12
10877353 95
10877357 2995
10877411 1
10877473 3
10877543 33
10877563 365
10877567 4
10877567 292
10877579 1
10877623 21
10877623 173
10877819 6052
10877843 37
10877851 161
10877857 267
10877863 41
10878193 3
10878233 160
10878239 9
10878289 812
10878299 1
10878319 81
10878323 88
10878323 237
10878359 3592
10878503 1
10878541 3
10878577 479
10878599 1
10878617 7
10878631 5
10878631 8
10878641 63
10878661 3
10878671 1
10878883 2645
10878913 87
10879049 24
10879051 4568
10879079 4
10879081 1659
10879223 1456
10879241 931
10879273 72
10879331 1
10879331 369
10879339 9
10879447 132
10879471 8
10879487 7584
10879499 1
10879511 604
10879613 40
10879651 5
10879679 105
10879679 1489
10879691 9
10879721 400
10879789 444
10879819 17
10879861 23
10879879 716
10879909 36
10879909 1271
10879987 80
10880057 64
10880071 1701
10880231 73
10880251 5
10880273 7
10880281 63
10880321 3
10880327 1488
10880329 4596
10880347 29
10880347 2393
10880437 3108
10880447 12
10880447 24
10880461 1131
10880461 1799
10880531 88
10880651 1
10880687 13
10880717 12
10880717 232
10880717 688
10880743 657
10880767 248
10880927 57
10880929 399
10880959 32
10880993 232
10881019 597
10881131 48
10881137 775
10881137 3823
10881191 9
10881257 183
10881287 112
10881331 636
10881349 56
10881349 156
10881371 1
10881371 484
10881379 24
10881379 389
10881427 129
10881551 1
10881613 2667
10881617 60
10881781 455
10881791 1
10881877 3
10881877 147
10881929 5496
10881953 208
10881953 2488
10881971 1
10882021 3
10882021 131
10882049 4
10882049 399
10882093 3
10882133 4372
10882211 1
10882211 40
10882327 564
10882349 1795
10882357 3
10882433 3
10882433 87
10882523 1
10882523 456
10882591 156
10882759 1140
10882783 53
10882819 5
10882853 6456
10882901 16
10882919 1
10882969 12
10882981 3
10883051 84
10883051 3336
10883123 76
10883129 39
10883129 1224
10883137 24
10883141 3
10883177 43
10883261 28
10883357 1543
10883441 4
10883527 5
10883527 29
10883533 2408
10883563 1853
10883617 3363
10883629 51
10883641 603
10883647 8
10883651 4
10883651 981
10883699 84
10883777 55
10883783 1
10883797 524
10883857 8
10883857 159
10883857 4320
10883863 5636
10883923 312
10884011 2860
10884091 264
10884149 12
10884187 12
10884187 33
10884241 131
10884257 3
10884277 3
10884287 25
10884409 11
10884469 135
10884493 23
10884493 372
10884509 16
10884509 420
10884509 7672
10884551 1
10884553 936
10884563 1
10884563 52
10884569 7
10884649 4119
10884677 15
10884691 2073
10884749 144
10884761 19
10884761 36
10884827 4
10885027 120
10885027 164
10885109 24
10885139 861
10885163 345
10885211 1
10885211 289
10885313 36
10885447 993
10885447 7292
10885453 60
10885471 965
10885471 4421
10885487 1492
10885517 423
10885813 8
10885907 4
10885943 277
10886027 4
10886179 4892
10886303 1
10886333 723
10886389 147
10886401 15
10886401 51
10886467 5904
10886483 1
10886489 31
10886531 24
10886591 4
10886651 24
10886653 27
10886663 1
10886663 256
10886663 9180
10886669 75
10886719 5
10886737 404
10886767 140
10886807 9
10886807 120
10886807 412
10886807 517
10886879 105
10886963 12
10887007 5
10887007 8
10887013 15
10887061 44
10887077 3
10887077 115
10887077 6520
10887199 1685
10887223 672
10887223 677
10887403 81
10887473 115
10887511 8
10887581 1015
10887619 200
10887757 72
10887797 3
10887839 37
10887881 91
10887881 516
10887917 3
10887997 263
10887997 659
10888043 33
10888043 4341
10888061 1140
10888081 191
10888081 1940
10888181 4
10888301 135
10888303 8
10888343 57
10888357 4860
10888393 7172
10888457 63
10888529 15
10888597 59
10888597 120
10888673 7
10888673 52
10888723 5
10888727 4
10888741 11
10888751 73
10888763 2697
10888769 144
10888769 832
10888777 8
10888817 4
10888831 245
10888873 2340
10888921 228
10888921 2760
10889017 327
10889023 7277
10889059 7545
10889093 468
10889111 1
10889111 1144
10889119 96
10889119 3360
10889201 2499
10889227 20
10889233 1460
10889243 9708
10889273 7
10889321 3136
10889357 3
10889371 116
10889377 4167
10889393 703
10889393 1647
10889509 96
10889513 7
10889573 43
10889573 295
10889579 60
10889591 9
10889591 181
10889609 7
10889687 672
10889713 8
10889779 32
10889917 503
10889953 4595
10889981 16
10889981 288
10890023 1
10890023 381
10890037 348
10890073 35
10890073 180
10890221 63
10890241 15
10890317 12
10890329 60
10890371 1
10890389 3199
10890413 268
10890479 1
10890479 4
10890547 20
10890563 57
10890563 88
10890613 128
10890623 1
10890637 2775
10890697 8
10890697 2120
10890697 7787
10890701 4
10890731 3660
10890773 3
10890791 21
10890791 1228
10890977 72
10890977 3775
10890989 4
10891039 5312
10891099 84
10891157 4
10891157 7
10891157 40
10891253 427
10891301 3031
10891399 65
10891399 1656
10891487 1924
10891583 1536
10891667 4
10891667 9
10891667 325
10891667 1684
10891723 1068
10891723 1197
10891789 44
10891817 3
10891843 213
10891847 69
10891879 5612
10891987 5
10891987 53
10892003 13
10892107 72
10892117 4
10892237 184
10892249 231
10892251 33
10892269 39
10892293 3
10892309 4
10892309 132
10892309 1176
10892527 197
10892569 435
10892633 3
10892701 11
10892747 52
10892753 16
10892753 2247
10892857 60
10892887 917
10892923 17
10892957 4
10893019 5
10893031 6281
10893163 548
10893173 3
10893187 9
10893359 441
10893433 32
10893439 4125
10893457 23
10893457 1463
10893611 1
10893797 4
10893797 312
10893797 7920
10893811 825
10893887 432
10893893 1860
10893907 108
10893919 5
10894031 21
10894189 32
10894189 5276
10894319 261
10894319 1252
10894321 8
10894393 216
10894427 73
10894451 1
10894511 1
10894519 24
10894601 4
10894673 5080
10894729 92
10894747 44
10894753 6248
10894777 764
10894817 612
10894861 3
10894883 12
10894901 48
10894907 4
10894931 49
10894967 705
10894979 9
10894979 5505
10894987 5160
10895063 1
10895081 568
10895089 15
10895107 105
10895191 5
10895219 744
10895233 12
10895243 1
10895273 12
10895333 3747
10895389 27
10895459 4
10895519 5797
10895543 1
10895597 540
10895609 7
10895611 128
10895639 1
10895639 36
10895639 3156
10895653 71
10895671 53
10895777 3063
10895809 11
10895867 49
10895893 75
10895921 1668
10895953 27
10896007 20
10896073 3
10896091 3800
10896113 31
10896121 131
10896203 165
10896289 180
10896313 1695
10896521 220
10896553 3
10896617 4
10896653 2835
10896659 1
10896659 16
10896659 292
10896701 3
10896791 16
10896793 15
10896803 205
10896829 6135
10896863 21
10896869 7
10896877 27
10896889 11
10896911 21
10896911 136
10896961 123
10897037 3
10897093 3687
10897157 3
10897303 68
10897433 600
10897451 141
10897541 691
10897559 1
10897603 1197
10897681 311
10897687 33
10897693 8
10897693 9956
10897741 1016
10897879 5
10897891 5
10897927 53
10897927 60
10897979 1
10898119 120
10898141 780
10898189 319
10898291 1
10898299 24
10898383 12
10898431 8
10898431 2225
10898441 96
10898467 593
10898483 13
10898483 37
10898483 7296
10898509 5172
10898597 7
10898621 3
10898627 1284
10898653 867
10898653 2907
10898663 1
10898749 71
10898821 4575
10898857 3
10898861 639
10898879 4
10898959 9
10898999 9
10898999 2536
10899047 48
10899061 15
10899101 1095
10899121 471
10899121 948
10899181 6348
10899191 16
10899271 48
10899283 80
10899299 1
10899299 412
10899379 3336
10899439 56
10899463 233
10899463 837
10899529 11
10899649 39
10899689 447
10899701 144
10899731 4
10899731 24
10899743 1
10899751 8
10899767 60
10899773 7
10899869 232
10899869 279
10899871 5
10899887 165
10899989 259
10900007 2029
10900031 156
10900037 4
10900051 2225
10900067 105
10900291 48
10900369 512
10900391 24
10900399 5
10900481 24
10900511 1
10900541 48
10900577 3
10900741 8099
10900753 96
10900819 5
10900847 13
10900907 888
10901069 4
10901173 3
10901173 1431
10901207 4
10901237 399
10901239 237
10901281 588
10901323 65
10901323 2477
10901339 1
10901393 1192
10901399 61
10901479 5
10901551 1001
10901567 60
10901591 1
10901599 140
10901647 29
10901741 3
10901741 3624
10901827 5
10901827 1685
10901851 29
10901861 388
10901887 984
10901887 3117
10901911 5
10901963 1060
10902007 513
10902019 6096
10902119 1
10902149 27
10902209 16
10902211 708
10902217 155
10902239 1
10902361 48
10902373 512
10902373 1688
10902431 781
10902511 9
10902517 1187
10902539 1
10902557 7
10902587 192
10902611 196
10902629 39
10902629 40
10902659 4
10902757 3
10902803 1
10902923 1761
10903063 797
10903121 103
10903121 1144
10903199 2541
10903199 3961
10903231 5
10903279 612
10903337 1243
10903339 237
10903393 3
10903439 1
10903463 1533
10903481 40
10903561 2420
10903583 45
10903589 72
10903601 15
10903603 17
10903667 3064
10903687 5
10903721 51
10903831 6165
10903843 48
10903877 4383
10903877 4515
10903979 1
10903993 1536
10904063 5385
10904107 5
10904149 1575
10904207 204
10904213 7
10904249 27
10904249 211
10904279 1
10904287 4208
10904353 6915
10904371 825
10904431 1853
10904489 12
10904513 12
10904561 4
10904563 257
10904573 12
10904573 340
10904627 493
10904629 1212
10904639 45
10904639 8281
10904683 12
10904779 284
10904791 108
10904801 136
10904827 8420
10904851 36
10904891 93
10904951 1
10905017 4
10905049 3824
10905061 176
10905091 56
10905133 356
10905253 3
10905253 608
10905263 1645
10905319 20
10905497 7
10905533 28
10905623 132
10905637 20
10905683 1
10905701 160
10905779 297
10905803 1
10905889 827
10905907 8
10905929 3655
10905953 7
10906003 2096
10906069 12
10906087 129
10906109 1800
10906111 5
10906121 36
10906177 8
10906211 69
10906223 1
10906267 8
10906409 264
10906457 4
10906463 12
10906481 15
10906529 60
10906529 912
10906631 9
10906733 3
10906751 1
10906787 3328
10906849 11
10907011 629
10907027 1233
10907051 1744
10907077 3
10907077 1683
10907093 96
10907173 1331
10907177 2307
10907207 12
10907207 3345
10907213 7
10907263 5
10907291 25
10907329 236
10907357 3
10907483 1
10907579 1
10907627 160
10907627 445
10907651 1
10907759 189
10907789 960
10907821 8
10907987 24
10907993 280
10908061 3
10908103 32
10908113 1020
10908113 1891
10908119 1
10908143 232
10908151 21
10908181 15
10908257 28
10908349 3780
10908431 1
10908473 672
10908587 5728
10908593 1368
10908809 4
10908851 1
10908851 1716
10908871 684
10908979 17
10908979 120
10909139 4
10909147 17
10909169 151
10909369 2591
10909433 240
10909541 871
10909741 255
10909763 1
10909817 3
10909823 1
10909823 1141
10909939 36
10909949 172
10909963 8
10909963 957
10910051 1
10910051 88
10910071 8
10910093 8271
10910099 8065
10910113 135
10910167 245
10910167 300
10910167 6233
10910197 23
10910287 4220
10910363 153
10910363 513
10910477 7
10910479 9
10910479 12
10910491 8753
10910513 96
10910531 28
10910531 8208
10910593 8
10910639 1497
10910639 6544
10910659 12
10910677 6903
10910741 399
10910747 2209
10910759 145
10910831 1
10910881 36
10910881 59
10911011 1
10911013 11
10911013 120
10911053 3
10911053 715
10911079 1745
10911107 1272
10911143 1
10911181 3080
10911193 135
10911193 231
10911211 1568
10911217 8
10911247 17
10911323 912
10911359 1
10911359 37
10911463 68
10911479 1
10911601 36
10911779 1
10911851 36
10911997 5003
10912009 1571
10912043 1
10912063 20
10912177 12
10912177 107
10912243 41
10912277 12
10912367 217
10912409 7
10912427 28
10912427 405
10912459 45
10912481 3
10912493 436
10912543 8
10912543 1196
10912553 60
10912607 4488
10912637 99
10912637 1468
10912661 39
10912661 1404
10912831 24
10912871 1
10912939 240
10912943 1
10912943 48
10913041 224
10913081 8124
10913117 1608
10913141 3736
10913173 15
10913173 48
10913213 892
10913219 1
10913233 35
10913263 7992
10913311 5
10913393 15
10913411 4
10913411 73
10913471 1
10913471 9
10913527 3117
10913531 1
10913533 995
10913633 655
10913633 9355
10913647 12
10913663 6172
10913671 3828
10913783 1
10913801 859
10913807 268
10913839 9729
10913899 165
10913921 3
10914083 1
10914133 27
10914133 855
10914133 2003
10914311 1
10914311 2989
10914373 20
10914383 1
10914401 4
10914457 27
10914503 57
10914503 1900
10914521 4
10914571 2049
10914599 4
10914671 1516
10914703 216
10914727 8
10914737 103
10914773 3
10914793 111
10914793 516
10914803 1
10914803 16
10914829 975
10914847 5
10914847 68
10914859 45
10914859 4092
10914863 156
10914919 1580
10914919 4424
10914931 1116
10915031 1
10915039 2256
10915057 132
10915169 12
10915169 19
10915187 4
10915217 787
10915243 192
10915319 1249
10915319 1536
10915361 51
10915393 3
10915417 4547
10915433 67
10915447 9
10915447 3728
10915477 24
10915733 67
10915741 80
10915741 3963
10915759 12
10915771 204
10915901 4
10915901 159
10915901 8644
10915903 105
10915903 612
10915973 7
10916029 80
10916063 1
10916149 72
10916183 1
10916197 3
10916219 9
10916231 484
10916287 1145
10916449 1275
10916497 1359
10916573 103
10916573 9468
10916603 5268
10916713 207
10916753 120
10916777 115
10916809 20
10916897 4
10916897 3772
10916909 1416
10917017 3
10917061 4151
10917083 1
10917083 265
10917121 3
10917139 9
10917209 4
10917211 2369
10917299 3292
10917329 19
10917461 4
10917481 51
10917499 1536
10917503 1
10917527 4
10917551 33
10917551 228
10917593 4627
10917631 8
10917649 716
10917679 432
10917679 1025
10917713 3
10917733 51
10917749 160
10917779 1
10917887 477
10917889 8615
10917899 1
10917911 1
10917971 4
10918043 21
10918081 2631
10918081 2756
10918081 5003
10918163 5365
10918279 5885
10918289 19
10918321 3579
10918351 5
10918351 24
10918381 3
10918393 6647
10918409 144
10918409 756
10918433 1815
10918447 509
10918447 1889
10918447 5688
10918507 332
10918507 1400
10918543 45
10918547 24
10918547 5812
10918561 3
10918577 3175
10918637 867
10918657 15
10918681 2504
10918753 800
10918769 12
10918771 5
10918781 3
10918847 1569
10918883 5176
10918889 120
10918903 3921
10918907 48
10918933 11
10918937 603
10918991 1
10918991 84
10919011 108
10919011 9213
10919017 455
10919017 1215
10919093 655
10919131 2049
10919141 51
10919149 44
10919149 1847
10919177 4
10919197 932
10919201 243
10919201 255
10919239 41
10919297 24
10919299 5
10919371 1784
10919383 20
10919429 2811
10919561 16
10919609 4
10919621 7644
10919681 24
10919879 6441
10919959 5
10919971 708
10919977 3
10919983 93
10919989 147
10920017 6223
10920031 68
10920053 3
10920131 4
10920131 24
10920131 25
10920179 9
10920181 3
10920181 8696
10920233 3
10920337 180
10920353 451
10920353 571
10920457 7304
10920493 132
10920499 144
10920599 361
10920619 1721
10920641 4
10920731 4
10920731 2560
10920737 4
10920787 5
10920913 3
10921033 1671
10921087 260
10921103 1
10921121 4
10921121 8971
10921177 495
10921247 309
10921367 4
10921367 168
10921451 1
10921459 9
10921499 1
10921499 2889
10921591 8
10921693 3
10921747 108
10921783 228
10921831 9
10921861 2331
10921961 163
10921961 2119
10921997 8919
10921997 9360
10922027 2368
10922059 5
10922221 15
10922221 2279
10922231 1
10922339 1
10922383 2532
10922389 387
10922419 29
10922459 1
10922489 147
10922521 9776
10922567 4108
10922581 2388
10922617 35
10922617 839
10922623 1040
10922651 1261
10922683 1857
10922699 57
10922741 4
10922803 21
10922803 476
10922893 591
10922921 556
10922987 48
10923023 1
10923023 2193
10923113 3
10923131 13
10923149 75
10923149 6384
10923239 12
10923239 40
10923287 25
10923329 16
10923389 16
10923431 1
10923431 1353
10923433 60
10923443 13
10923457 47
10923457 339
10923541 4076
10923569 36
10923581 1935
10923611 1
10923617 1572
10923617 7528
10923629 115
10923659 4
10923719 457
10923751 21
10923779 1
10923797 3
10923839 12
10923839 2929
10923929 4
10924007 13
10924009 47
10924061 19
10924091 21
10924093 215
10924253 1408
10924313 888
10924321 3
10924339 2232
10924391 129
10924393 15
10924393 140
10924447 9
10924453 351
10924469 7
10924469 7539
10924481 351
10924577 727
10924681 8531
10924691 1896
10924723 648
10924763 12
10924763 717
10924811 1
10924913 895
10924937 4
10924937 6819
10924939 45
10924951 2313
10925011 20
10925309 7
10925351 28
10925351 625
10925363 81
10925389 99
10925413 3
10925459 1
10925459 57
10925521 683
10925567 273
10925567 1644
10925591 1
10925597 3
10925597 4
10925599 21
10925633 963
10925657 7
10925659 137
10925659 240
10925689 284
10925699 1
10925701 60
10925731 105
10925753 1407
10925801 43
10925813 100
10925821 3
10925821 171
10925861 4
10925861 183
10925867 4
10925867 1873
10925879 9
10925881 123
10925911 4524
10925947 1488
10925963 1
10925987 2305
10926029 5784
10926067 125
10926163 41
10926169 36
10926199 21
10926233 12
10926241 1815
10926329 64
10926361 6900
10926397 20
10926401 3
10926401 28
10926467 1233
10926473 5031
10926521 51
10926523 12
10926547 4248
10926583 32
10926613 1127
10926743 1
10926743 732
10926779 1029
10926791 21
10926793 32
10926809 3552
10926821 1224
10926847 33
10926871 8
10926893 36
10926899 2065
10926901 96
10926941 40
10926941 1368
10926989 60
10927013 28
10927079 1
10927177 203
10927237 80
10927237 300
10927351 9
10927351 188
10927351 5256
10927363 9801
10927429 120
10927561 1488
10927571 1
10927571 541
10927613 12
10927639 104
10927733 15
10927747 5
10927747 392
10927789 152
10927811 1
10927909 140
10927919 1
10927919 4797
10927949 1131
10927997 223
10927999 677
10928053 12
10928083 5145
10928201 484
10928293 5520
10928429 84
10928471 396
10928531 1
10928531 85
10928549 79
10928551 44
10928677 252
10928677 2207
10928713 615
10928761 8
10928761 11
10928803 8
10928843 1
10928861 2908
10928861 4044
10928947 12
10928999 57
10929041 43
10929043 5
10929089 4
10929091 5
10929119 57
10929179 4
10929371 1
10929377 3
10929403 17
10929407 304
10929421 656
10929517 87
10929599 1
10929629 3804
10929637 192
10929637 7040
10929661 15
10929661 944
10929673 416
10929767 300
10929817 279
10929817 8475
10929851 2853
10929901 275
10930109 51
10930109 151
10930279 185
10930307 297
10930369 8316
10930417 992
10930457 495
10930531 53
10930607 37
10930627 29
10930637 348
10930687 8
10930691 60
10930741 39
10930747 5664
10930793 7
10930861 815
10930963 5
10930963 12
10931009 15
10931131 36
10931131 485
10931147 6909
10931177 64
10931381 76
10931399 3925
10931411 1
10931411 4
10931449 24
10931471 4
10931471 64
10931513 3
10931617 9443
10931659 9236
10931671 44
10931671 981
10931827 120
10931849 4
10931903 3372
10931989 12
10932073 27
10932073 2747
10932203 1
10932221 283
10932221 2959
10932223 2877
10932301 51
10932319 12
10932409 39
10932451 21
10932451 549
10932503 1
10932629 232
10932821 864
10932827 457
10932839 40
10932841 1299
10933061 1204
10933067 24
10933201 3
10933207 12
10933249 95
10933271 1
10933289 31
10933369 15
10933369 771
10933393 4263
10933451 1
10933453 12
10933459 5
10933519 24
10933591 9
10933597 3
10933603 9288
10933639 972
10933753 188
10933859 7665
10934017 3
10934089 32
10934113 828
10934141 4
10934207 9
10934207 904
10934263 2196
10934303 337
10934309 72
10934423 252
10934447 285
10934509 12
10934593 3
10934603 93
10934719 5
10934761 3
10934831 3564
10934839 21
10934939 1
10934939 124
10935031 9
10935037 684
10935049 12
10935191 264
10935227 4
10935299 1
10935359 12
10935359 1180
10935377 255
10935413 3
10935517 3
10935517 8
10935517 344
10935593 28
10935623 61
10935679 20
10935679 584
10935713 3
10935761 3
10935863 1
10935863 16
10935863 2100
10935937 8
10935989 1267
10936021 960
10936031 4
10936069 11
10936199 1
10936223 1
10936259 1
10936283 1
10936337 40
10936361 4
10936427 5160
10936439 121
10936481 4
10936487 4
10936489 131
10936537 3
10936537 2663
10936553 1008
10936561 8
10936561 23
10936579 5
10936703 676
10936703 5077
10936727 9
10936781 100
10936789 884
10936819 5505
10936843 65
10936949 36
10936969 2312
10936969 3344
10937011 36
10937039 1
10937039 4
10937039 2172
10937077 3
10937099 1
10937107 737
10937153 9043
10937161 8
10937183 1
10937347 3009
10937411 828
10937419 8700
10937441 651
10937441 6324
10937461 116
10937527 45
10937543 25
10937639 1
10937671 608
10937677 1008
10937777 7
10937777 564
10937821 135
10937911 9941
10938023 1
10938143 28
10938163 336
10938223 56
10938251 504
10938341 460
10938391 9
10938439 957
10938457 9939
10938523 3045
10938583 4332
10938607 57
10938671 5688
10938679 17
10938679 132
10938709 15
10938751 56
10938839 1
10938839 196
10939043 9925
10939057 47
10939081 3
10939091 73
10939139 1
10939139 12
10939163 1
10939163 36
10939207 245
10939259 877
10939277 259
10939319 352
10939339 41
10939339 285
10939361 28
10939361 75
10939363 5
10939363 3248
10939447 12
10939447 53
10939499 36
10939529 240
10939667 232
10939703 988
10939723 2780
10939739 1
10939793 15
10939813 3
10939829 4
10939829 1572
10939843 497
10939849 71
10939871 1
10939967 4
10939979 1
10940053 11
10940063 1
10940077 4563
10940131 9
10940159 1
10940201 40
10940243 6253
10940297 3
10940309 115
10940357 2959
10940417 1152
10940443 6341
10940467 44
10940491 20
10940513 76
10940651 144
10940837 279
10940849 1476
10940851 29
10940873 7
10940927 228
10940929 692
10940959 9
10940959 69
10941001 635
10941043 260
10941067 8
10941089 84
10941101 28
10941103 7745
10941121 51
10941163 3576
10941179 1
10941179 4
10941187 12
10941191 1401
10941193 252
10941199 24
10941199 1712
10941211 5
10941241 216
10941361 123
10941457 8
10941527 4668
10941551 96
10941607 12
10941643 1821
10941649 2064
10941649 2180
10941653 3
10941653 52
10941653 60
10941653 711
10941719 1
10941743 2256
10941769 59
10941781 36
10941803 2073
10941869 72
10941901 4715
10941979 3192
10942031 48
10942049 7
10942103 96
10942133 208
10942147 1769
10942177 84
10942187 49
10942207 4725
10942223 136
10942229 4
10942391 1
10942391 24
10942391 28
10942501 263
10942573 1415
10942703 1
10942703 660
10942913 267
10942933 8
10942937 703
10942949 2379
10942979 1
10942999 9
10942999 221
10943021 4179
10943099 1
10943111 1
10943111 1320
10943171 1
10943197 8
10943201 16
10943287 45
10943287 48
10943287 452
10943329 24
10943381 3844
10943473 15
10943489 199
10943501 4
10943519 196
10943519 1912
10943587 632
10943617 3
10943623 48
10943641 1080
10943671 956
10943683 420
10943923 12
10944047 129
10944097 20
10944097 32
10944121 3596
10944169 147
10944169 755
10944211 101
10944211 629
10944257 15
10944287 64
10944299 1
10944299 321
10944331 68
10944391 5
10944391 68
10944391 4421
10944421 56
10944433 1428
10944449 9084
10944469 276
10944509 771
10944523 4277
10944587 69
10944599 2556
10944611 1
10944641 3919
10944649 207
10944673 27
10944743 1
10944761 60
10944847 12
10944851 13
10944911 1
10944917 7
10944943 1197
10945037 40
10945043 12
10945049 24
10945061 64
10945087 120
10945153 3
10945153 87
10945163 12
10945211 1
10945261 5583
10945279 6717
10945343 73
10945379 52
10945397 207
10945411 9
10945439 1
10945531 6149
10945559 1
10945633 803
10945643 1408
10945651 69
10945663 8
10945699 8280
10945721 3
10945733 16
10945741 3
10945763 28
10945799 1
10945829 40
10945871 1785
10945897 3335
10945927 5
10945937 1228
10946009 235
10946041 8523
10946051 376
10946099 4636
10946129 4
10946129 12
10946153 43
10946179 980
10946233 47
10946233 6431
10946281 80
10946291 636
10946297 19
10946359 29
10946359 249
10946399 1
10946399 141
10946399 385
10946483 1500
10946497 1260
10946557 3
10946557 260
10946581 224
10946671 8
10946693 228
10946843 1
10946879 1
10946879 1885
10946893 3
10946989 12
10947023 81
10947029 52
10947151 56
10947199 260
10947257 27
10947311 4
10947311 33
10947329 76
10947353 108
10947383 292
10947571 8
10947631 816
10947653 256
10947653 1552
10947791 1
10947791 21
10947809 2691
10947841 39
10947947 33
10948013 3
10948043 57
10948079 2740
10948139 945
10948211 4
10948211 7765
10948277 67
10948277 819
10948291 876
10948297 2828
10948307 1417
10948331 85
10948331 2116
10948339 300
10948367 4
10948367 348
10948367 4585
10948409 27
10948409 159
10948409 339
10948439 1
10948451 976
10948477 644
10948489 1371
10948499 1
10948499 165
10948499 864
10948601 100
10948643 1
10948657 2327
10948771 60
10948783 932
10948823 1
10948831 1056
10948831 8645
10948841 3771
10948843 20
10948879 9
10948913 2907
10948937 1743
10948991 924
10949131 3245
10949131 8864
10949137 3
10949227 17
10949243 25
10949243 165
10949273 196
10949273 2331
10949291 384
10949303 1
10949363 33
10949401 8040
10949459 2221
10949459 7977
10949473 12
10949483 105
10949509 255
10949527 4092
10949569 27
10949579 1
10949593 236
10949599 20
10949639 1
10949663 1
10949723 1
10949737 23
10949737 8784
10949753 51
10949753 5311
10949773 51
10949779 849
10949803 533
10949903 412
10949903 1116
10949923 5
10949933 147
10949933 916
10950007 672
10950103 2280
10950109 11
10950109 119
10950109 8892
10950151 44
10950229 1260
10950283 461
10950343 2540
10950361 95
10950437 4
10950463 5
10950497 3
10950613 11
10950617 27
10950623 1
10950713 931
10950733 200
10950763 8
10950769 1460
10950871 9
10950911 1
10950917 4
10950971 40
10951249 776
10951301 4
10951301 64
10951313 1780
10951331 1
10951333 11
10951333 147
10951453 212
10951453 1095
10951471 5
10951483 5
10951483 633
10951511 549
10951547 4
10951561 20
10951597 87
10951597 7187
10951609 275
10951747 8
10951747 480
10951777 8
10951777 224
10951781 544
10951823 1
10951873 296
10951903 1992
10951939 104
10951939 1560
10951951 5
10951957 3
10951991 1
10952009 4
10952059 36
10952119 32
10952147 72
10952159 1
10952159 1549
10952203 392
10952231 9
10952237 4
10952239 641
10952327 37
10952387 7045
10952479 5
10952497 123
10952519 3637
10952621 4
10952657 4
10952663 1
10952663 196
10952671 24
10952671 2540
10952687 93
10952693 832
10952717 27
10952723 580
10952723 6045
10952801 300
10952849 84
10952891 1
10953001 4496
10953031 6788
10953127 32
10953179 1
10953179 3412
10953181 888
10953197 1099
10953223 33
10953247 9
10953251 4
10953263 12
10953391 5
10953391 20
10953413 192
10953461 4
10953463 440
10953521 775
10953521 936
10953581 895
10953703 4316
10953751 9
10953769 104
10953779 1
10953781 356
10953907 44
10953941 4
10953959 25
10953991 1284
10954019 1
10954057 735
10954133 2260
10954147 225
10954159 1169
10954259 1
10954303 65
10954313 111
10954457 7104
10954483 2636
10954499 4
10954549 120
10954631 1
10954679 177
10954777 3372
10954781 9736
10954813 140
10954871 1
10954871 313
10954907 4
10954967 2209
10955003 160
10955003 525
10955017 3
10955041 2460
10955081 43
10955117 4800
10955129 16
10955171 9
10955311 21
10955311 1673
10955311 5640
10955363 1
10955423 213
10955453 223
10955467 5
10955467 944
10955491 9
10955491 105
10955551 309
10955579 1
10955687 12
10955687 13
10955911 348
10955983 2813
10956037 95
10956089 64
10956133 1071
10956139 132
10956173 3
10956221 3
10956227 157
10956251 1
10956251 28
10956251 84
10956373 23
10956433 35
10956509 319
10956509 2424
10956527 4
10956601 2951
10956629 67
10956677 3
10956679 336
10956689 195
10956689 256
10956739 1505
10956793 32
10956817 6003
10956821 4
10956833 3520
10956839 1
10956839 36
10956853 8
10956853 116
10956853 147
10956899 4
10956931 464
10956937 132
10956941 1299
10956991 2228
10957087 5489
10957169 696
10957181 231
10957207 120
10957211 21
10957213 36
10957267 12
10957267 4013
10957277 3
10957283 1
10957451 1
10957451 1653
10957543 32
10957631 1
10957753 4896
10957777 3
10957781 4
10957801 1236
10957847 24
10957951 1200
10958009 6555
10958021 36
10958063 1
10958113 6408
10958137 7292
10958147 4
10958153 12
10958173 5660
10958291 1540
10958293 20
10958341 20
10958461 4799
10958509 11
10958527 33
10958527 1884
10958639 9
10958657 7
10958677 2240
10958683 21
10958713 3
10958807 40
10958807 1605
10958819 1
10958977 8
10959061 35
10959149 379
10959163 3848
10959167 168
10959217 1820
10959359 2176
10959383 13
10959607 8
10959607 1520
10959667 129
10959703 2348
10959769 27
10959847 209
10959889 39
10959913 720
10960049 51
10960139 1
10960361 1303
10960379 1249
10960387 4652
10960423 2076
10960441 195
10960451 1
10960493 55
10960501 3
10960583 1
10960583 21
10960601 231
10960619 1
10960681 80
10960687 224
10960727 72
10960799 1861
10960847 4
10960849 35
10960871 1681
10960889 7
10960889 160
10960889 1227
10961117 112
10961207 28
10961297 15
10961389 27
10961399 1
10961399 4
10961417 4
10961417 52
10961491 1665
10961491 4665
10961521 1080
10961659 269
10961663 45
10961707 8
10961711 1
10961711 133
10961759 1
10961789 231
10961807 12
10961807 7737
10961827 8
10961933 12
10961969 4
10962013 27
10962131 21
10962151 168
10962151 4725
10962179 9
10962181 36
10962241 780
10962383 1
10962431 25
10962509 76
10962509 139
10962509 315
10962617 7
10962631 5
10962727 20
10962733 8
10962793 8
10963201 819
10963207 5520
10963291 741
10963297 144
10963301 103
10963301 411
10963301 8820
10963307 3877
10963307 8032
10963319 24
10963319 97
10963489 7304
10963637 5368
10963723 536
10963747 44
10963763 12
10963889 24
10963913 3
10963913 3628
10963991 1020
10964047 1565
10964053 3
10964071 128
10964087 33
10964087 69
10964119 1224
10964227 60
10964227 317
10964251 2340
10964267 772
10964279 12
10964333 135
10964351 9
10964411 4
10964411 9
10964431 8
10964461 116
10964479 20
10964579 9
10964651 405
10964773 12
10964873 943
10964879 1
10964981 28
10965049 32
10965049 1775
10965107 13
10965107 2805
10965139 77
10965191 1
10965191 5985
10965203 33
10965233 28
10965433 11
10965433 735
10965481 20
10965533 31
10965533 2920
10965583 176
10965613 20
10965763 176
10965767 564
10965769 524
10965803 1
10965943 192
10966001 3
10966001 108
10966019 1
10966079 4
10966093 3
10966093 11
10966199 5665
10966201 84
10966237 3
10966259 60
10966273 3
10966273 20
10966273 252
10966301 76
10966339 260
10966451 13
10966451 8029
10966457 3
10966499 40
10966511 460
10966621 36
10966633 6963
10966679 1104
10966687 17
10966789 15
10966801 3
10966807 17
10966807 20
10966811 1
10966877 15
10966877 6495
10966903 12
10966913 3
10966939 9
10966939 305
10966957 512
10966997 75
10967063 1
10967093 3
10967137 3
10967137 327
10967171 33
10967267 129
10967323 297
10967353 3
10967461 20
10967609 7
10967633 7
10967633 160
10967647 5
10967647 8
10967701 3
10967701 2208
10967753 7
10967773 3
10967783 1000
10967783 2716
10967819 1249
10967837 604
10967843 12
10967911 945
10967939 1056
10967969 15
10967969 120
10967969 691
10967993 463
10968019 1721
10968103 21
10968103 48
10968137 3
10968143 780
10968211 8
10968211 284
10968229 92
10968229 971
10968233 91
10968239 4
10968241 431
10968241 659
10968259 84
10968329 664
10968371 1
10968371 3348
10968379 9
10968421 3
10968473 3
10968497 40
10968511 5
10968523 1688
10968563 1
10968623 8605
10968653 3
10968653 1008
10968817 27
10968829 2336
10968877 740
10968889 72
10968911 973
10968943 17
10969019 1
10969043 1
10969043 201
10969121 4
10969129 27
10969177 3
10969177 15
10969177 108
10969193 3
10969193 7
10969201 3
10969201 543
10969241 3
10969271 4
10969271 1588
10969373 3
10969493 96
10969493 520
10969549 32
10969577 144
10969577 928
10969577 1204
10969619 21
10969661 4
10969733 15
10969769 535
10969883 1
10969921 11
10969921 1311
10969951 3080
10970023 141
10970081 4
10970081 55
10970081 615
10970137 3
10970137 488
10970147 28
10970191 249
10970209 12
10970231 105
10970233 252
10970257 8
10970257 315
10970263 108
10970279 285
10970279 4056
10970291 28
10970347 1277
10970369 7
10970369 2739
10970539 765
10970569 27
10970639 1
10970669 12
10970767 3540
10970777 607
10970917 20
10970969 1395
10971013 792
10971017 12
10971017 8128
10971071 1
10971071 85
10971143 1
10971211 29
10971347 4
10971349 84
10971383 132
10971419 1
10971439 5
10971547 8
10971557 795
10971563 3297
10971601 3
10971637 48
10971791 49
10971791 2341
10971791 4425
10971841 3
10971841 3351
10971899 189
10971899 1021
10971931 140
10971931 7385
10971959 1
10972001 168
10972183 60
10972217 1044
10972217 8848
10972417 5927
10972571 1209
10972583 1428
10972603 645
10972649 5424
10972651 341
10972651 4013
10972699 380
10972711 6468
10972877 3
10972919 1
10973033 376
10973197 3
10973243 1
10973273 123
10973273 523
10973293 2316
10973297 1512
10973371 5
10973429 39
10973539 17
10973561 151
10973569 300
10973591 1300
10973617 2168
10973639 1
10973657 3
10973657 4623
10973663 36
10973681 24
10973681 579
10973759 7804
10973777 2263
10973791 44
10973797 3
10973843 1
10973927 8188
10973939 2172
10974037 12
10974043 837
10974181 5291
10974199 5
10974199 77
10974239 4309
10974349 15
10974349 732
10974361 1835
10974371 184
10974409 159
10974409 1376
10974479 4
10974521 448
10974637 95
10974643 756
10974737 19
10974751 105
10974827 220
10974833 2803
10974863 21
10974941 3804
10975031 1561
10975171 6620
10975177 9587
10975189 1140
10975219 572
10975243 2420
10975309 9120
10975493 7
10975513 56
10975529 8271
10975583 3472
10975661 3
10975681 300
10975709 1215
10975729 39
10975751 4
10975751 1069
10975777 1059
10975997 3
10975997 12
10976041 3
10976089 479
10976099 1
10976099 2476
10976107 29
10976111 6244
10976159 1012
10976159 3085
10976269 11
10976321 1108
10976327 60
10976327 97
10976369 6312
10976411 1
10976411 13
10976429 4
10976429 1215
10976447 73
10976461 411
10976473 11
10976507 9697
10976663 132
10976723 1
10976723 25
10976731 24
10976741 99
10976783 1
10976837 144
10976843 840
10976887 720
10976899 6297
10976939 4
10976939 6757
10977059 21
10977061 3515
10977067 740
10977073 1956
10977137 139
10977181 68
10977289 635
10977311 1
10977319 404
10977403 492
10977539 681
10977553 660
10977623 1
10977671 1
10977677 3
10977719 21
10977727 633
10977737 67
10977779 1
10977779 565
10977779 1860
10977797 27
10977821 231
10977833 196
10977899 1
10977899 4
10977977 4
10978003 860
10978111 7308
10978129 11
10978129 1611
10978133 12
10978133 112
10978139 9
10978183 176
10978229 12
10978237 68
10978267 5
10978313 1680
10978343 1
10978477 3
10978537 32
10978601 2551
10978663 72
10978663 1892
10978673 3
10978679 1
10978699 9
10978699 200
10978739 1912
10978763 1
10978811 1
10978819 5
10978937 763
10979009 36
10979041 3
10979051 1
10979077 315
10979083 1113
10979149 1136
10979173 8
10979291 9
10979291 16
10979413 1995
10979459 4
10979483 1
10979519 3825
10979543 21
10979543 3093
10979567 4
10979597 3
10979597 4879
10979627 3849
10979651 1
10979737 12
10979747 268
10979767 5
10979783 160
10979819 141
10979831 24
10979833 1488
10979867 4
10979867 9709
10979971 125
10979971 2160
10980133 188
10980133 1895
10980143 1
10980247 24
10980253 120
10980287 4
10980287 109
10980287 8769
10980373 36
10980383 1
10980433 1107
10980433 7451
10980439 72
10980443 12
10980457 63
10980491 241
10980493 2148
10980517 8
10980539 16
10980611 3433
10980611 4161
10980653 3
10980701 16
10980709 15
10980721 2043
10980773 7
10980833 448
10980869 4
10980869 7
10980869 5556
10980881 63
10980941 9660
10980967 9
10980967 12
10981027 273
10981063 317
10981129 36
10981141 11
10981207 5285
10981231 8
10981301 43
10981429 12
10981457 6487
10981513 8
10981543 2121
10981549 27
10981559 1
10981561 3
10981561 83
10981573 3791
10981673 7
10981681 11
10981681 23
10981693 48
10981703 21
10981801 6488
10981889 4
10981907 1797
10981931 1
10981951 33
10981951 2085
10981987 185
10982053 3
10982099 97
10982099 1761
10982117 1035
10982143 5
10982173 608
10982189 7
10982297 924
10982317 3
10982341 1059
10982347 693
10982407 53
10982417 127
10982483 1
10982507 172
10982507 325
10982563 45
10982591 45
10982737 3
10982771 265
10982813 1360
10982869 2220
10982963 1
10982963 336
10982999 429
10983107 2229
10983113 28
10983127 9
10983127 8729
10983131 4
10983149 31
10983211 56
10983211 389
10983277 12
10983277 2340
10983277 2868
10983347 273
10983347 1032
10983347 4848
10983353 12
10983403 5
10983403 977
10983521 3
10983521 255
10983551 4
10983593 3
10983671 1
10983761 15
10983803 412
10983809 4
10983839 121
10983839 3460
10983883 5
10983899 16
10983899 205
10983937 440
10984003 3356
10984021 3
10984031 4
10984073 856
10984151 156
10984189 296
10984283 1
10984333 3
10984361 3
10984459 1524
10984471 168
10984507 80
10984553 2140
10984609 951
10984627 72
10984661 216
10984661 463
10984661 1324
10984667 1320
10984711 381
10984741 320
10984741 3416
10984751 1
10984769 91
10984781 3288
10984889 84
10984889 267
10984889 7587
10984891 9
10984921 24
10984927 785
10984931 1
10985047 5
10985047 9113
10985057 99
10985197 15
10985207 13
10985321 756
10985341 476
10985437 443
10985441 3
10985479 5
10985531 1
10985531 129
10985567 2233
10985609 12
10985647 240
10985657 3
10985659 17
10985699 1
10985731 21
10985771 9
10985813 3736
10985833 4536
10985959 5
10985981 3
10986007 549
10986013 131
10986049 15
10986049 7371
10986127 29
10986187 969
10986247 80
10986251 48
10986377 8487
10986407 4884
10986589 915
10986623 1
10986659 1
10986659 985
10986667 9
10986739 357
10986751 24
10986779 12
10986797 4
10986797 2427
10986917 1240
10986929 300
10987043 3048
10987063 3737
10987177 3
10987177 12
10987181 4
10987267 149
10987267 380
10987267 2312
10987313 151
10987391 513
10987523 1
10987541 3
10987601 48
10987687 12
10987931 4
10987961 3
10987973 3055
10987979 4
10988009 4
10988017 195
10988051 4
10988077 3
10988111 40
10988161 2736
10988203 5757
10988249 2800
10988267 157
10988281 180
10988281 9579
10988311 7713
10988363 1
10988407 12
10988569 180
10988591 1
10988639 1
10988689 411
10988717 3
10988717 600
10988819 1
10988863 801
10988903 1248
10988933 67
10989079 84
10989109 80
10989151 713
10989269 4
10989287 69
10989299 40
10989299 420
10989299 1920
10989367 1772
10989389 9160
10989397 884
10989403 1092
10989409 3251
10989427 29
10989427 32
10989431 3045
10989659 1
10989659 36
10989659 969
10989817 899
10989857 1144
10989857 1347
10989889 2231
10989889 2772
10989899 757
10989941 3951
10989971 1
10989991 165
10990013 3
10990093 248
10990141 36
10990237 255
10990261 3
10990457 3
10990489 4871
10990519 4880
10990541 220
10990547 9
10990631 105
10990703 8841
10990751 4
10990783 3465
10990901 976
10990909 224
10990937 5187
10990963 2061
10991003 541
10991069 19
10991077 15
10991077 20
10991077 104
10991077 528
10991077 7695
10991159 36
10991161 119
10991207 24
10991213 171
10991237 3759
10991249 16
10991249 432
10991339 1
10991381 99
10991429 4
10991459 4
10991573 7
10991573 1620
10991597 4123
10991611 8
10991653 191
10991663 1
10991663 828
10991699 1365
10991791 273
10991801 24
10991833 3575
10991839 140
10991863 32
10991863 5912
10991909 2544
10991983 20
10992049 56
10992053 15
10992277 3
10992379 5
10992379 12
10992473 3
10992473 16
10992491 216
10992497 7
10992539 1240
10992547 1484
10992599 9432
10992629 4
10992803 928
10992803 1501
10992823 8928
10992847 84
10992853 452
10992893 4347
10992893 9471
10992911 1
10993019 100
10993049 180
10993133 3
10993139 280
10993193 16
10993211 133
10993217 7
10993319 1
10993439 1
10993439 1497
10993579 1056
10993583 1
10993637 1164
10993729 9392
10993739 1
10993897 468
10993897 3359
10993967 108
10994003 205
10994149 12
10994183 1
10994201 15
10994201 636
10994339 316
10994363 13
10994383 2316
10994441 123
10994441 159
10994447 672
10994497 528
10994539 5
10994539 489
10994573 36
10994653 132
10994681 4
10994693 283
10994777 3
10994821 3
10994849 64
10994881 231
10994899 36
10994899 4152
10994911 29
10995001 3
10995001 195
10995043 725
10995071 9
10995197 8224
10995211 24
10995269 196
10995269 2016
10995289 71
10995349 1100
10995443 1
10995451 168
10995511 8
10995599 1
10995599 301
10995599 460
10995613 3
10995701 4
10995797 1528
10995827 312
10995827 649
10995871 8
10995871 789
10996019 1
10996087 168
10996091 1
10996201 335
10996207 285
10996309 11
10996319 1
10996319 105
10996319 340
10996339 2444
10996339 4805
10996379 4
10996379 9
10996411 2249
10996417 3
10996439 16
10996471 93
10996627 5
10996669 4140
10996697 12
10996729 7484
10996831 8
10996871 4
10996871 9
10996883 300
10996933 47
10996957 6383
10997081 1156
10997137 12
10997149 15
10997279 156
10997279 352
10997291 21
10997369 31
10997369 1792
10997387 85
10997387 5208
10997407 72
10997491 29
10997513 15
10997513 27
10997513 283
10997533 11
10997543 1
10997573 856
10997603 333
10997711 1
10997747 1828
10997761 11
10997771 285
10997771 1573
10997851 5
10997879 1
10997879 189
10997879 9189
10998011 1248
10998023 13
10998179 4
10998179 3721
10998191 1
10998199 56
10998259 5
10998259 12
10998263 633
10998307 1557
10998307 2624
10998391 536
10998409 479
10998433 3612
10998433 9135
10998469 720
10998523 113
10998551 1
10998563 93
10998601 20
10998607 108
10998703 8
10998703 48
10998737 55
10998811 8
10998943 8
10998973 3
10998973 8
10998997 9708
10999057 300
10999057 2364
10999063 257
10999097 64
10999147 108
10999181 4
10999211 1
10999253 31
10999273 3
10999273 731
10999283 1
10999379 9
10999379 12
10999427 753
10999453 32
10999463 1
10999501 3
10999507 5
10999721 15
10999721 1119
10999811 1
10999829 75
10999837 72
10999843 372
10999871 1729
10999987 60
10999997 28
