12500003 21
12500071 201
12500077 23
12500077 4047
12500087 1453
12500227 17
12500227 60
12500251 125
12500263 9812
12500359 24
12500419 92
12500519 84
12500539 44
12500599 3680
12500603 16
12500603 340
12500767 1988
12500821 39
12500953 287
12500953 3527
12500977 299
12501043 168
12501191 93
12501311 49
12501311 1440
12501331 2616
12501353 3
12501353 43
12501371 16
12501473 400
12501527 4
12501607 12
12501623 1
12501659 4
12501739 852
12501823 188
12501887 4765
12501899 1
12501911 1408
12501991 5
12501991 20
12502013 48
12502027 33
12502031 40
12502033 3
12502079 1
12502151 9
12502153 3
12502297 152
12502439 157
12502643 1
12502681 351
12502747 993
12502759 9
12502759 17
12502943 1
12503017 9108
12503131 453
12503149 467
12503149 1259
12503219 12
12503297 319
12503341 9168
12503371 8
12503417 3040
12503429 144
12503461 8
12503549 699
12503549 3591
12503641 135
12503671 2481
12503683 5
12503723 1
12503723 28
12503749 87
12503753 28
12503759 1
12503759 9
12503759 1164
12503903 13
12504001 915
12504001 2304
12504029 7
12504119 12
12504263 25
12504269 12
12504287 309
12504517 164
12504533 7
12504553 11
12504559 92
12504581 1968
12504647 4
12504649 380
12504803 4741
12504841 51
12504851 3181
12504889 4124
12504923 1
12504923 1221
12504929 7
12505039 5
12505069 6900
12505093 1127
12505151 1
12505189 899
12505231 1001
12505247 828
12505267 33
12505271 24
12505271 2349
12505291 21
12505331 1
12505457 40
12505579 176
12505627 2144
12505631 1
12505637 3
12505639 1784
12505709 12
12505709 2452
12505711 33
12505763 1
12505769 9379
12505903 36
12506027 6904
12506029 752
12506147 24
12506233 3
12506233 8
12506239 81
12506303 556
12506341 8
12506383 5
12506393 2068
12506393 2728
12506537 5683
12506573 1143
12506699 52
12506737 39
12506771 1
12506771 4
12506869 12
12506869 24
12506929 15
12506933 1552
12506941 20
12506983 2085
12507059 489
12507107 45
12507137 7
12507181 15
12507197 7
12507251 1
12507269 2056
12507329 4
12507389 19
12507403 2381
12507449 4
12507503 97
12507559 84
12507559 8237
12507571 80
12507571 624
12507589 107
12507667 149
12507697 1428
12507701 720
12507701 1768
12507763 3248
12507769 231
12507827 4
12507863 117
12507863 513
12507863 1092
12507889 15
12507923 153
12507977 268
12507977 1200
12508079 9
12508117 3
12508151 108
12508201 1800
12508337 4
12508361 3
12508373 40
12508373 187
12508417 4224
12508453 2600
12508537 27
12508633 123
12508633 4176
12508673 3
12508679 12
12508703 1
12508823 1
12508823 48
12508879 581
12508927 9
12508927 309
12508943 1
12509099 184
12509131 5045
12509197 1059
12509221 6164
12509249 640
12509251 213
12509269 84
12509279 1
12509291 1
12509291 33
12509291 105
12509291 256
12509291 1449
12509327 132
12509347 29
12509363 1
12509377 8
12509381 16
12509579 4
12509683 5
12509687 40
12509699 1
12509741 264
12509837 4
12510167 628
12510209 3156
12510233 1003
12510287 64
12510331 5
12510409 552
12510427 20
12510461 4
12510517 3
12510541 11
12510541 3156
12510649 36
12510871 428
12510937 3
12510947 4
12511003 32
12511043 5245
12511097 520
12511199 1
12511207 29
12511357 515
12511357 4443
12511361 811
12511453 12
12511463 1
12511463 48
12511579 24
12511621 3
12511703 36
12511757 3
12511777 3
12511777 27
12511777 195
12511777 9024
12511853 303
12511901 895
12512039 1
12512063 1
12512077 3
12512083 12
12512231 213
12512237 135
12512239 204
12512267 169
12512287 213
12512303 1
12512371 368
12512389 11
12512413 1155
12512443 197
12512509 20
12512579 1
12512593 983
12512639 1
12512723 1
12512813 63
12512821 636
12512839 4412
12512911 8
12512911 9509
12512953 3
12512971 60
12513023 25
12513029 4635
12513101 3
12513203 12
12513203 6565
12513209 7
12513209 31
12513209 5299
12513269 115
12513317 19
12513331 3480
12513373 1088
12513401 3
12513463 836
12513469 2867
12513563 168
12513607 5564
12513617 3388
12513653 12
12513701 4
12513763 668
12513847 7017
12513953 40
12514003 3585
12514009 24
12514009 740
12514043 552
12514189 24
12514207 108
12514207 4065
12514213 87
12514213 851
12514213 1911
12514219 1545
12514223 1
12514259 5680
12514387 249
12514391 405
12514417 420
12514451 1
12514459 912
12514571 1
12514589 55
12514727 3313
12514751 1
12514781 216
12514891 2481
12514933 51
12514949 4587
12514973 1707
12514981 3
12515023 12
12515081 108
12515117 679
12515183 361
12515311 105
12515317 3
12515329 2444
12515387 612
12515453 148
12515467 104
12515527 44
12515539 12
12515539 69
12515543 33
12515549 4
12515551 41
12515603 1
12515603 172
12515663 453
12515681 243
12515687 9
12515747 9
12515759 1
12515779 72
12515903 1
12515917 3323
12515963 1
12515963 2712
12516011 4
12516011 633
12516059 4
12516169 11
12516169 39
12516211 9
12516253 72
12516263 28
12516379 5
12516401 24
12516419 84
12516473 16
12516571 21
12516571 44
12516613 3
12516659 1
12516689 7
12516701 4
12516793 3
12516793 8
12516859 5
12516863 1
12516887 8284
12516929 55
12516979 20
12517033 75
12517073 451
12517097 255
12517103 52
12517133 15
12517133 2431
12517159 332
12517163 253
12517231 9
12517277 520
12517301 96
12517339 9
12517339 92
12517493 907
12517667 4
12517679 1
12517691 4
12517691 313
12517849 632
12517909 540
12517913 1372
12517931 148
12517943 1
12517943 196
12517969 32
12517969 144
12518021 123
12518047 705
12518083 452
12518083 1316
12518087 85
12518119 101
12518159 756
12518197 500
12518267 157
12518267 2857
12518329 3287
12518351 1
12518383 648
12518411 9
12518423 16
12518483 1
12518521 1911
12518573 75
12518657 7
12518711 1
12518747 249
12518801 4
12518867 2284
12518879 16
12519113 6595
12519181 9455
12519203 36
12519229 1631
12519229 2871
12519239 4
12519239 2100
12519317 148
12519349 1472
12519349 2720
12519421 3
12519421 4008
12519449 87
12519487 5
12519511 5184
12519581 3
12519581 16
12519581 955
12519593 232
12519733 1052
12519743 28
12519743 7200
12519779 1
12519791 1
12519817 48
12519833 232
12519847 597
12519893 7
12519911 1
12519911 4
12519919 24
12519971 1
12520003 1577
12520043 16
12520043 2748
12520099 72
12520159 161
12520163 61
12520169 619
12520247 12
12520337 420
12520351 9
12520379 1
12520447 29
12520451 1
12520477 47
12520499 2925
12520507 5
12520531 185
12520603 1421
12520643 1
12520643 28
12520691 1
12520723 4436
12520777 3
12520777 48
12520811 1
12520883 1
12520883 1288
12520927 29
12520979 276
12520987 5
12521053 8048
12521083 2312
12521101 3
12521141 4
12521203 4977
12521233 3
12521309 24
12521339 1
12521339 1824
12521357 4
12521479 24
12521581 3
12521699 57
12521903 1
12522011 129
12522017 3
12522023 33
12522031 5
12522043 60
12522043 177
12522079 320
12522131 1629
12522137 40
12522137 43
12522137 432
12522157 3
12522173 3
12522173 2235
12522269 4
12522271 41
12522277 8
12522379 9
12522401 403
12522401 1288
12522427 9
12522439 80
12522541 335
12522563 1
12522599 12
12522619 144
12522739 60
12522743 1
12522841 11
12522907 53
12522953 100
12522967 4724
12522973 231
12523073 367
12523097 7
12523151 1
12523241 4
12523243 5
12523393 6428
12523417 3
12523481 3
12523499 1
12523499 4
12523499 9
12523507 24
12523519 369
12523549 80
12523559 1
12523583 88
12523607 4497
12523669 5444
12523681 3
12523739 1
12523801 363
12523877 4
12523909 12
12523981 84
12523999 381
12524111 2601
12524117 252
12524233 900
12524233 2400
12524263 77
12524299 9
12524299 156
12524321 19
12524333 12
12524333 151
12524339 16
12524399 1
12524453 3
12524453 12
12524453 232
12524467 8
12524497 24
12524503 53
12524509 144
12524539 1380
12524641 159
12524641 383
12524647 32
12524663 1
12524851 273
12524893 35
12524923 7676
12525113 3
12525127 737
12525137 72
12525157 300
12525157 4479
12525217 108
12525257 4
12525257 100
12525301 3
12525347 3612
12525451 8
12525533 27
12525563 1
12525563 133
12525637 59
12525637 848
12525661 1784
12525673 51
12525697 1488
12525761 4
12525763 372
12525841 35
12525859 9
12525881 3
12525911 33
12525977 4
12526039 5
12526049 16
12526049 4615
12526051 8
12526159 1385
12526183 1340
12526247 84
12526249 107
12526259 1
12526291 5976
12526307 9
12526307 13
12526309 516
12526343 393
12526357 12
12526363 173
12526439 60
12526537 3
12526537 1332
12526561 3
12526571 1
12526571 681
12526583 1
12526589 19
12526621 3
12526799 360
12526919 12
12526961 3
12526961 6039
12527089 140
12527093 3183
12527183 6048
12527257 27
12527309 3895
12527369 6271
12527377 59
12527381 76
12527381 4563
12527447 160
12527467 12
12527477 228
12527573 3
12527573 3180
12527651 49
12527651 69
12527659 1880
12527687 4
12527807 25
12527831 109
12527959 65
12528037 3299
12528067 113
12528067 3653
12528107 4
12528161 3
12528211 228
12528259 20
12528331 233
12528349 3815
12528379 165
12528419 2784
12528449 4
12528457 1380
12528553 3347
12528559 77
12528559 89
12528563 1
12528641 384
12528653 3
12528653 268
12528683 12
12528713 12
12528793 480
12528871 3225
12528913 8
12528937 368
12529021 8
12529021 15
12529021 35
12529093 1031
12529193 295
12529271 1
12529351 1868
12529471 60
12529547 45
12529631 1
12529681 2004
12529789 5507
12529927 29
12529961 28
12529981 23
12530039 24
12530039 7285
12530099 1
12530123 1
12530137 12
12530149 1584
12530159 1
12530183 1
12530303 57
12530311 53
12530351 28
12530393 15
12530429 84
12530429 951
12530467 288
12530569 32
12530569 380
12530701 303
12530729 16
12530783 1
12530801 4
12530807 52
12530821 11
12530867 45
12530873 28
12530927 49
12531007 20
12531041 3
12531053 192
12531131 1
12531131 229
12531149 4972
12531221 40
12531301 771
12531307 5324
12531331 9
12531349 200
12531391 20
12531637 23
12531661 8
12531661 819
12531671 1
12531689 87
12531767 25
12531809 231
12531833 7
12531833 75
12531889 15
12531913 15
12531919 32
12531977 243
12531977 3475
12532103 2013
12532301 43
12532337 1035
12532337 1584
12532369 95
12532469 36
12532537 9747
12532577 739
12532579 45
12532591 33
12532591 65
12532643 16
12532747 377
12532763 1
12532783 8
12532829 4
12532831 69
12532931 13
12532981 6300
12533023 72
12533039 441
12533051 1
12533117 3
12533117 4
12533123 1
12533123 97
12533149 15
12533291 9
12533309 831
12533327 249
12533329 11
12533377 23
12533441 3
12533447 48
12533447 573
12533501 4
12533501 16
12533509 584
12533561 5008
12533663 45
12533693 12
12533693 31
12533753 4351
12533831 1
12533831 24
12533839 12
12533869 36
12533869 2864
12534037 728
12534059 16
12534143 1
12534143 5013
12534191 189
12534239 1
12534251 288
12534283 21
12534307 20
12534311 1
12534539 9
12534569 3039
12534637 3
12534721 675
12534869 511
12534937 480
12534953 183
12535087 12
12535087 188
12535091 25
12535093 140
12535331 4
12535331 24
12535333 20
12535357 3
12535357 6743
12535373 3
12535373 151
12535373 871
12535423 80
12535493 3175
12535583 40
12535643 1
12535651 60
12535751 1
12535807 29
12535823 1
12535843 8
12535843 48
12535871 1
12535883 12
12535883 25
12536003 252
12536011 185
12536011 648
12536047 20
12536113 1956
12536131 1773
12536159 1
12536159 3121
12536239 2204
12536291 4
12536291 1348
12536339 1
12536339 2401
12536347 5
12536351 1
12536411 16
12536507 1809
12536507 1920
12536533 1131
12536539 5
12536539 21
12536539 281
12536597 228
12536621 843
12536627 13
12536627 1513
12536879 12
12536879 657
12536891 84
12536891 2068
12536891 8005
12536893 47
12536911 65
12536999 21
12537013 3
12537089 7
12537101 4
12537167 37
12537227 1197
12537253 483
12537271 104
12537331 2256
12537407 1192
12537419 141
12537443 1
12537443 28
12537493 672
12537601 3
12537631 5
12537683 1
12537713 3
12537719 1
12537719 4
12537751 20
12537869 364
12537887 48
12538073 111
12538109 4
12538117 8
12538133 576
12538223 73
12538277 739
12538283 1
12538283 1525
12538307 12
12538307 652
12538319 4
12538343 1
12538343 192
12538363 3072
12538439 1
12538439 8821
12538517 4
12538517 15
12538541 91
12538543 737
12538633 120
12538649 1419
12538679 1725
12538811 1
12538811 88
12538829 3151
12538921 9159
12538931 1
12538931 61
12538957 912
12538963 21
12538969 24
12538987 9
12539003 1
12539039 8712
12539167 5
12539167 12
12539173 32
12539231 4
12539249 16
12539363 397
12539369 331
12539383 8472
12539509 8052
12539663 13
12539783 28
12539797 1920
12539819 8701
12539843 1
12539843 2028
12539951 6045
12540043 77
12540119 117
12540127 6980
12540217 1928
12540263 1
12540329 7
12540331 276
12540347 309
12540377 1279
12540449 8344
12540491 1
12540503 52
12540653 3
12540733 3
12540751 105
12540769 236
12540769 1215
12540791 33
12540809 211
12540809 279
12540961 7419
12540989 111
12541037 4
12541037 7
12541103 12
12541129 680
12541211 1
12541237 680
12541247 13
12541283 1
12541303 621
12541351 56
12541439 1
12541493 3
12541513 80
12541513 92
12541541 3
12541567 4217
12541603 368
12541603 4725
12541667 1800
12541673 63
12541751 1
12541799 1
12541799 4840
12541811 1
12541829 12
12541967 6517
12542069 495
12542099 4
12542099 241
12542143 125
12542227 9272
12542317 3
12542323 377
12542359 21
12542401 3
12542401 11
12542459 3597
12542477 483
12542479 41
12542611 24
12542639 1
12542639 205
12542639 8169
12542723 1
12542731 140
12542737 63
12542773 92
12542773 323
12542809 212
12542839 9
12542897 7
12542897 112
12542917 3
12542917 9464
12542921 3
12542939 16
12542939 5089
12542951 1
12542951 93
12542989 1079
12543071 1
12543071 241
12543071 2640
12543107 52
12543191 4
12543191 424
12543277 155
12543301 1356
12543337 308
12543337 5459
12543347 4
12543347 28
12543353 7
12543449 39
12543449 276
12543449 300
12543463 8
12543473 2791
12543497 88
12543521 3
12543551 49
12543593 3
12543593 148
12543607 29
12543653 31
12543653 132
12543677 6483
12543683 13
12543691 629
12543767 105
12543767 1588
12543787 92
12543833 88
12543859 1392
12543911 1
12543929 519
12543929 579
12543959 1
12543959 432
12543967 2429
12543989 4
12544033 3
12544109 7
12544111 5
12544139 1
12544157 4
12544157 4555
12544183 396
12544201 15
12544219 1896
12544241 3
12544303 21
12544309 44
12544321 2304
12544379 2412
12544423 21
12544423 516
12544447 12
12544447 1248
12544451 33
12544513 3
12544513 11
12544529 7
12544549 75
12544549 3980
12544577 123
12544603 2156
12544603 2480
12544613 3
12544613 16
12544669 1680
12544799 16
12544877 3
12544943 1
12544943 45
12544999 5
12545177 19
12545233 12
12545237 12
12545341 471
12545389 219
12545413 3
12545447 12
12545459 4
12545459 84
12545587 8280
12545633 100
12545633 147
12545641 5016
12545747 2632
12545773 8
12545773 1787
12545843 1332
12545861 19
12545993 40
12546011 1000
12546073 156
12546113 2023
12546179 1
12546253 27
12546269 19
12546269 687
12546301 7059
12546361 15
12546397 39
12546463 8
12546463 128
12546463 140
12546467 493
12546491 328
12546559 12
12546571 189
12546643 561
12546773 631
12546883 7113
12546917 4
12546917 12
12546923 1
12547057 24
12547081 551
12547159 20
12547237 6027
12547247 297
12547267 860
12547319 1
12547321 243
12547421 2584
12547441 435
12547441 8004
12547499 1
12547609 236
12547789 4067
12547831 9
12547841 31
12547861 6300
12547957 6047
12548059 65
12548171 1461
12548177 24
12548219 76
12548257 8
12548267 4317
12548321 3
12548383 8
12548411 4
12548411 13
12548413 2903
12548423 460
12548467 9
12548479 560
12548659 44
12548699 1
12548713 8072
12548827 33
12549013 8
12549073 71
12549113 108
12549113 7123
12549127 20
12549133 11
12549217 20
12549217 44
12549289 1227
12549293 7
12549331 93
12549343 2940
12549413 3408
12549461 475
12549487 324
12549527 997
12549539 4
12549619 5
12549673 23
12549701 3
12549701 5736
12549707 49
12549809 972
12549847 24
12549857 24
12549857 460
12549907 288
12550001 303
12550049 4
12550061 196
12550061 1104
12550169 27
12550169 55
12550259 385
12550441 48
12550523 1
12550589 4
12550619 1
12550619 72
12550639 5
12550751 21
12550787 277
12550931 1
12550957 9567
12550991 1428
12551003 100
12551009 4
12551351 1
12551387 1612
12551417 3
12551447 1408
12551479 7557
12551501 124
12551507 4
12551557 15
12551603 37
12551641 56
12551689 4547
12551711 6504
12551753 3
12551783 1
12551857 1395
12551881 3
12551881 339
12551911 9
12551939 40
12552037 68
12552079 9
12552187 164
12552193 6972
12552223 2117
12552311 1
12552311 4
12552311 73
12552311 76
12552377 628
12552577 3
12552581 75
12552599 3097
12552607 9
12552677 8655
12552719 1
12552907 20
12552959 1
12552973 3
12553001 9196
12553039 24
12553063 4313
12553067 349
12553069 956
12553069 2420
12553141 476
12553207 2373
12553213 291
12553241 4
12553309 3464
12553309 8904
12553379 145
12553403 85
12553403 216
12553451 1
12553477 12
12553477 75
12553493 76
12553511 1
12553511 76
12553511 5236
12553529 135
12553553 4123
12553631 1
12553637 4
12553669 35
12553753 140
12553829 532
12553901 60
12553909 11
12554093 55
12554093 175
12554131 20
12554147 52
12554147 180
12554161 3
12554167 12
12554173 72
12554189 415
12554233 8
12554233 5687
12554299 176
12554309 40
12554317 8
12554317 12
12554317 8048
12554363 121
12554369 15
12554387 9
12554453 492
12554461 3
12554461 75
12554461 3464
12554501 28
12554501 103
12554533 3
12554557 95
12554579 1
12554699 4
12554701 60
12554723 37
12554777 7
12554809 3627
12554821 3
12554851 1224
12554879 1
12554887 200
12554939 21
12554939 3237
12554957 39
12554977 48
12554981 168
12555041 160
12555071 184
12555071 1900
12555077 163
12555083 1
12555121 15
12555149 595
12555199 2304
12555241 6600
12555281 3
12555281 379
12555311 1
12555349 1091
12555353 703
12555353 2571
12555359 1
12555397 3639
12555467 33
12555479 1
12555479 441
12555547 9
12555581 136
12555593 40
12555703 113
12555743 1
12555757 3
12555757 704
12555833 1003
12555847 20
12555847 33
12555931 9200
12555989 264
12556067 9
12556067 37
12556087 2244
12556099 2604
12556139 1
12556241 84
12556261 99
12556309 1491
12556309 2456
12556331 33
12556393 3
12556429 3587
12556463 213
12556469 127
12556469 9724
12556483 156
12556499 1
12556547 520
12556571 69
12556573 11
12556613 12
12556613 40
12556637 4
12556637 652
12556697 7
12556697 4948
12556699 536
12556699 4649
12556751 801
12556759 29
12556769 15
12556867 32
12556933 315
12556963 8
12556963 96
12557107 72
12557141 276
12557177 7
12557213 12
12557227 1788
12557291 3016
12557317 3500
12557549 12
12557659 1505
12557693 112
12557711 1
12557719 5
12557819 1
12557819 880
12557851 281
12557933 3
12557933 7
12558041 19
12558043 137
12558061 1320
12558109 5736
12558127 113
12558151 36
12558251 13
12558289 759
12558361 819
12558367 9
12558419 300
12558419 376
12558527 4
12558569 4
12558571 5
12558593 115
12558599 1
12558599 829
12558671 1
12558671 85
12558779 1
12558787 9
12558787 24
12558809 12
12558809 955
12558941 3
12559069 11
12559087 9
12559093 72
12559093 2387
12559231 36
12559231 324
12559279 5
12559373 12
12559381 3
12559381 6383
12559423 1712
12559427 9
12559471 44
12559501 744
12559531 56
12559531 168
12559543 4368
12559601 1659
12559601 1944
12559609 500
12559621 3
12559691 1
12559739 84
12559739 6456
12559849 11
12559949 496
12560017 635
12560081 511
12560087 9
12560101 2735
12560201 4
12560203 8
12560209 656
12560293 11
12560341 24
12560437 8259
12560441 36
12560497 260
12560699 1
12560753 352
12560759 1
12560819 4
12560839 21
12560893 3
12560893 111
12560893 3768
12560903 241
12560963 237
12560969 12
12560987 1968
12561007 5
12561091 1296
12561127 5
12561139 17
12561163 4056
12561187 17
12561221 2224
12561301 11
12561313 35
12561383 1
12561491 976
12561509 91
12561509 100
12561511 4404
12561551 1
12561551 4
12561551 9
12561599 16
12561701 115
12561799 5
12561863 6205
12561883 20
12561883 221
12561883 272
12561917 1512
12561971 193
12561973 1307
12562009 15
12562009 452
12562051 20
12562073 48
12562111 84
12562111 108
12562169 7
12562367 9
12562369 287
12562391 261
12562447 53
12562619 12
12562723 2612
12562841 4
12562841 123
12562919 144
12562937 3
12562937 4
12562981 119
12562987 5
12562993 543
12563077 767
12563093 1915
12563099 9
12563099 264
12563101 3
12563101 36
12563113 3
12563137 24
12563143 593
12563189 7
12563189 1012
12563209 11
12563321 144
12563333 8923
12563363 340
12563381 19
12563443 1052
12563557 3
12563591 1
12563591 21
12563591 1336
12563669 16
12563687 9
12563689 47
12563689 59
12563737 23
12563821 8
12563839 36
12563977 44
12563977 183
12564017 259
12564121 1391
12564143 1
12564169 1407
12564281 7444
12564401 39
12564413 7
12564439 2592
12564467 12
12564521 99
12564613 8
12564613 383
12564731 49
12564749 4
12564767 57
12564781 231
12564791 1
12564803 1
12564821 1540
12564847 65
12564883 4245
12564899 4
12564971 1
12564977 3
12564977 2019
12565097 355
12565097 1224
12565139 1
12565169 936
12565211 4
12565277 4632
12565361 4
12565513 863
12565541 660
12565549 320
12565603 81
12565727 52
12565747 5
12565747 2337
12565811 373
12565831 209
12565853 16
12565853 112
12565871 256
12565871 1108
12565919 1404
12565937 7
12565991 1
12565991 4
12565991 1645
12566003 1
12566003 228
12566023 5
12566101 4055
12566243 40
12566243 96
12566297 3
12566321 4
12566329 75
12566419 4836
12566473 131
12566473 212
12566509 99
12566509 984
12566537 4
12566627 7188
12566639 72
12566669 16
12566693 3
12566759 1
12566797 792
12566819 1
12566819 289
12566821 3624
12566837 4
12566863 116
12566933 1672
12566971 53
12566977 39
12567091 29
12567101 16
12567173 7
12567173 268
12567187 17
12567259 1049
12567323 372
12567323 8877
12567397 5564
12567419 1900
12567587 4
12567587 84
12567623 5221
12567629 16
12567677 3
12567761 3
12567761 28
12567791 136
12567823 57
12567851 1
12567857 172
12567917 63
12568021 6708
12568037 460
12568079 1
12568103 1
12568141 131
12568147 9
12568159 29
12568247 57
12568289 139
12568307 220
12568307 520
12568331 1
12568331 909
12568363 3321
12568417 63
12568489 755
12568531 5484
12568553 7
12568613 40
12568613 975
12568723 581
12568727 4
12568727 1860
12568757 15
12568793 4891
12568807 108
12568811 1116
12568813 8
12568931 613
12569047 852
12569129 7
12569131 5
12569131 440
12569131 621
12569153 88
12569197 2147
12569261 4
12569363 1
12569413 516
12569461 11
12569471 1
12569471 3769
12569497 3
12569503 561
12569509 1476
12569587 9
12569587 32
12569591 9628
12569593 32
12569699 1
12569719 96
12569719 7709
12569723 12
12569831 1
12569863 8
12569941 348
12569969 2284
12570037 1512
12570043 53
12570073 3
12570119 1
12570119 3345
12570179 1
12570179 12
12570241 299
12570247 6980
12570263 1
12570307 2849
12570403 93
12570451 41
12570461 100
12570517 8
12570529 4095
12570539 249
12570553 8
12570689 15
12570689 55
12570703 56
12570809 19
12570839 1524
12570863 940
12570881 19
12570881 2580
12570923 1093
12570947 40
12570947 49
12570997 3
12571127 4
12571183 800
12571199 1
12571319 1
12571327 5
12571387 497
12571417 3
12571421 280
12571457 867
12571469 4
12571469 715
12571541 3
12571583 168
12571583 2001
12571583 6288
12571621 1076
12571651 33
12571693 252
12571697 40
12571697 775
12571723 896
12571739 12
12571753 15
12571843 8
12571843 2576
12571847 4
12571847 2020
12571859 1
12571921 8
12571943 1
12571991 4921
12572057 28
12572059 5
12572137 3
12572207 133
12572249 4
12572291 1
12572311 5073
12572321 388
12572321 871
12572377 3
12572419 101
12572533 56
12572629 8252
12572663 1
12572671 20
12572687 5493
12572767 8
12572909 7
12573059 1
12573173 12
12573173 63
12573173 6168
12573221 3255
12573277 143
12573277 332
12573359 141
12573359 345
12573361 9216
12573391 5
12573391 48
12573437 3
12573437 2244
12573529 47
12573601 3
12573637 8
12573641 3219
12573661 3
12573661 1059
12573779 85
12573779 6921
12573809 7
12573857 372
12573917 3
12573959 1
12573959 484
12573971 289
12573971 5341
12573989 1804
12574039 17
12574063 53
12574063 4577
12574099 192
12574141 51
12574141 779
12574253 180
12574253 295
12574283 37
12574321 8
12574451 13
12574459 324
12574501 504
12574531 1340
12574633 831
12574649 6204
12574687 117
12574699 9
12574733 7
12574769 75
12574843 968
12574873 35
12575047 3384
12575149 572
12575263 5
12575279 2625
12575281 144
12575293 83
12575293 1488
12575309 7
12575317 3
12575323 120
12575327 13
12575399 2376
12575471 1
12575527 188
12575569 1755
12575653 3
12575659 872
12575711 1213
12575741 168
12575831 1
12576023 1
12576023 441
12576191 901
12576191 7168
12576229 20
12576241 20
12576259 44
12576287 493
12576313 32
12576313 215
12576313 4515
12576427 257
12576491 1
12576587 3297
12576611 1
12576623 3640
12576763 41
12576961 5811
12576989 279
12577049 4
12577063 1121
12577063 1572
12577079 621
12577087 17
12577099 12
12577099 1104
12577181 279
12577193 12
12577193 4623
12577211 13
12577223 5700
12577507 8
12577577 4
12577577 855
12577657 60
12577673 6060
12577727 12
12577781 16
12577787 28
12577913 3
12577913 768
12577931 1
12578029 1859
12578063 1
12578089 15
12578161 7200
12578201 28
12578341 591
12578341 1619
12578359 104
12578407 9
12578413 56
12578441 280
12578441 2200
12578477 483
12578549 4
12578593 3
12578593 15
12578603 1
12578681 3
12578767 33
12578897 88
12578921 3
12578947 1209
12578959 9
12579023 385
12579071 144
12579101 6340
12579113 16
12579163 396
12579209 7
12579209 24
12579209 36
12579239 1
12579239 1476
12579271 69
12579353 8452
12579403 65
12579517 1284
12579587 13
12579587 85
12579617 19
12579641 751
12579647 28
12579647 52
12579673 11
12579713 148
12579757 27
12579773 3
12579773 7
12579797 7
12579929 7
12579947 4
12579967 140
12579971 96
12579991 5
12580049 72
12580063 773
12580081 3
12580207 9
12580231 21
12580231 24
12580273 12
12580273 23
12580279 5
12580303 4248
12580361 504
12580367 4
12580433 12
12580433 60
12580487 45
12580499 4
12580507 725
12580571 349
12580571 1489
12580591 20
12580681 6119
12580781 2803
12580783 1721
12580837 3
12580837 35
12580871 1
12580927 20
12580937 5692
12580993 60
12580993 192
12581047 312
12581053 3
12581083 5
12581089 315
12581111 1
12581117 7
12581183 1
12581291 1
12581329 8571
12581339 1
12581341 4895
12581449 899
12581453 31
12581467 117
12581537 375
12581551 153
12581557 3
12581693 3
12581879 1
12581977 3
12581993 187
12582263 1
12582343 21
12582347 177
12582457 4608
12582461 24
12582593 916
12582637 12
12582659 1
12582707 9
12582761 288
12582761 1120
12582797 4
12582799 5
12582841 3
12582841 1623
12582853 75
12582967 8
12583061 15
12583171 2304
12583177 92
12583183 113
12583211 1
12583237 39
12583327 5
12583379 1
12583379 229
12583397 12
12583397 555
12583409 36
12583463 1
12583481 183
12583499 21
12583511 4
12583523 1
12583523 600
12583573 227
12583583 1
12583591 209
12583607 4
12583609 32
12583721 19
12583841 3
12583853 3
12583889 31
12583891 45
12583891 3428
12583939 360
12583979 1
12583981 60
12583997 4164
12584071 2028
12584119 164
12584219 1
12584263 581
12584353 9635
12584371 185
12584393 27
12584399 184
12584399 1200
12584443 353
12584449 72
12584449 9032
12584531 1
12584597 1227
12584609 76
12584629 95
12584629 7911
12584633 3
12584651 4
12584659 417
12584711 2340
12584717 4
12584717 192
12584731 4964
12584801 1711
12584833 440
12584837 15
12584899 17
12585007 1157
12585061 3
12585077 12
12585091 4493
12585137 8319
12585161 48
12585169 84
12585179 4
12585193 300
12585211 1856
12585241 936
12585329 99
12585329 484
12585359 4
12585359 577
12585421 564
12585493 3
12585499 12
12585553 608
12585679 12
12585731 1
12585787 9005
12585817 75
12586019 1
12586051 140
12586097 15
12586169 4
12586199 4
12586207 5912
12586213 12
12586243 5
12586243 56
12586309 156
12586397 7
12586397 4968
12586489 344
12586499 172
12586523 1
12586523 57
12586537 243
12586547 7345
12586571 1
12586571 40
12586571 229
12586619 9
12586619 784
12586621 5495
12586661 3135
12586753 3
12586799 4
12586807 333
12586901 6931
12586967 712
12586979 3925
12586997 4
12587009 51
12587077 524
12587087 232
12587111 1
12587153 67
12587219 1
12587303 1
12587501 39
12587521 3
12587579 12
12587629 539
12587629 4407
12587713 8
12587713 75
12587843 1
12587843 120
12587873 472
12587903 1
12587903 8380
12587951 1
12588053 1908
12588197 3
12588239 1
12588287 285
12588311 1
12588343 801
12588421 8
12588421 251
12588493 20
12588553 452
12588559 185
12588683 436
12588727 8
12588791 9169
12588841 2484
12588899 121
12588937 32
12588941 79
12588941 2115
12589051 2673
12589141 5748
12589169 15
12589189 1200
12589237 35
12589261 3
12589273 252
12589319 4
12589439 4
12589439 552
12589471 5
12589481 244
12589483 17
12589543 5
12589721 4
12589807 1137
12589859 157
12589861 236
12589919 2800
12589949 720
12590041 15
12590059 5
12590107 5
12590107 108
12590261 1699
12590447 4
12590449 236
12590537 4
12590639 4
12590647 1029
12590723 13
12590723 88
12590819 9
12590951 1
12590983 72
12590987 1077
12590987 1908
12591023 372
12591043 216
12591197 67
12591283 648
12591317 4
12591343 9620
12591413 196
12591427 9
12591431 1
12591479 1
12591493 15
12591493 20
12591503 1
12591563 1
12591583 12
12591617 88
12591671 328
12591773 27
12591937 2147
12591977 3
12591977 703
12592171 24
12592243 1112
12592253 111
12592273 47
12592277 3028
12592313 483
12592369 516
12592403 1
12592403 21
12592451 6000
12592457 4
12592457 307
12592537 20
12592577 12
12592577 19
12592577 144
12592627 2040
12592709 67
12592817 619
12592823 9316
12592889 120
12592907 33
12592907 192
12592997 3
12592997 6247
12593051 1
12593101 3
12593117 132
12593123 1
12593159 1
12593173 3
12593201 3
12593239 29
12593291 121
12593293 27
12593293 1172
12593293 1991
12593297 60
12593363 1
12593363 13
12593377 4503
12593381 255
12593419 237
12593467 144
12593473 3
12593473 8708
12593527 4760
12593531 1141
12593689 11
12593689 207
12593689 224
12593689 1935
12593723 700
12593731 4904
12593761 24
12593803 480
12593953 11
12594067 24
12594067 648
12594083 52
12594089 4
12594107 57
12594107 2989
12594137 4
12594143 13
12594203 13
12594223 5
12594233 51
12594299 220
12594367 8
12594431 4
12594437 43
12594563 1
12594563 57
12594661 1044
12594677 4
12594683 81
12594683 1365
12594767 417
12594779 1
12594781 2456
12594839 1
12594859 269
12595031 1
12595213 27
12595279 5
12595327 72
12595327 660
12595327 1617
12595357 60
12595357 5627
12595411 408
12595439 12
12595447 8
12595477 3
12595501 108
12595571 1
12595607 4
12595633 63
12595637 1828
12595711 7164
12595787 7177
12595813 3
12595883 52
12595883 3937
12595909 12
12595937 4
12595937 60
12595991 336
12596093 7
12596113 1076
12596123 1
12596153 2655
12596197 84
12596219 1
12596431 8
12596431 5160
12596431 6536
12596483 292
12596497 35
12596543 1
12596543 7453
12596579 1
12596599 12
12596627 49
12596651 3304
12596657 7504
12596671 9140
12596681 43
12596693 15
12596719 44
12596809 2739
12596839 5
12596839 716
12596849 15
12596869 900
12596879 4
12596879 141
12596929 27
12596959 9
12596999 1
12597029 480
12597337 15
12597401 39
12597413 387
12597421 2408
12597499 5
12597521 99
12597547 5
12597553 7007
12597653 12
12597679 2592
12597713 2620
12597757 3984
12597821 160
12597889 96
12597899 1
12597911 1
12597971 1
12598057 68
12598067 217
12598127 228
12598127 1900
12598133 7
12598213 1016
12598361 124
12598373 67
12598403 1
12598423 101
12598517 1848
12598517 6783
12598541 3
12598601 4563
12598739 1
12598739 84
12598769 412
12598793 43
12598823 1
12598823 12
12598823 4248
12598829 8544
12598903 32
12598951 5
12598967 1512
12598979 1
12598979 37
12598979 424
12599047 24
12599077 680
12599131 29
12599131 4049
12599179 276
12599183 300
12599221 3
12599231 3169
12599297 6819
12599309 7
12599333 7
12599359 81
12599371 44
12599371 60
12599371 89
12599371 713
12599381 1275
12599393 316
12599399 1
12599399 3112
12599459 1
12599497 524
12599513 27
12599519 4936
12599557 15
12599579 1
12599597 1092
12599599 612
12599633 87
12599651 496
12599761 1515
12599813 55
12599843 1
12599843 16
12599957 463
12600001 1695
12600023 1
12600037 207
12600101 5071
12600191 829
12600223 6128
12600241 3
12600271 5
12600283 821
12600283 2525
12600359 1
12600361 344
12600373 8
12600403 81
12600443 1
12600443 721
12600449 5191
12600473 15
12600491 1489
12600521 51
12600563 12
12600563 1060
12600701 4
12600719 1
12600751 8
12600773 711
12600779 1152
12601013 36
12601027 672
12601031 1
12601073 36
12601117 227
12601181 228
12601231 44
12601271 1
12601273 3
12601273 6992
12601327 5
12601357 8
12601357 5423
12601361 4
12601363 1257
12601489 15
12601543 5
12601559 1
12601559 805
12601621 423
12601621 1008
12601657 3
12601663 8
12601703 97
12601931 24
12601933 63
12601943 1
12602189 7
12602197 600
12602281 3
12602431 8
12602449 36
12602537 1623
12602561 19
12602581 836
12602651 4
12602651 201
12602651 3993
12602683 153
12602717 12
12602747 13
12602927 433
12602951 1
12602971 80
12602987 4
12602987 1672
12602987 7288
12603109 11
12603133 3
12603133 8
12603133 68
12603193 51
12603221 580
12603247 617
12603259 44
12603259 1337
12603299 564
12603337 35
12603361 11
12603497 4
12603533 96
12603533 1987
12603551 3445
12603611 400
12603667 297
12603727 20
12603809 7
12603827 60
12604001 1204
12604057 479
12604217 219
12604303 176
12604349 1120
12604351 600
12604421 31
12604421 148
12604451 1
12604453 11
12604489 24
12604549 12
12604549 2532
12604561 3
12604561 603
12604577 3
12604597 3827
12604703 1
12604783 56
12604829 7
12604841 1324
12604841 9136
12604853 100
12604931 9
12604957 27
12605137 3
12605137 84
12605191 36
12605191 8645
12605261 303
12605273 3
12605317 23
12605317 299
12605323 20
12605363 36
12605423 721
12605557 3
12605591 1
12605707 72
12605707 105
12605783 1
12605851 1325
12605867 505
12605867 1212
12605897 4560
12606127 9
12606161 88
12606161 939
12606239 337
12606241 108
12606247 3828
12606383 1
12606427 464
12606563 1
12606593 16
12606661 1815
12606733 1127
12606887 1060
12606961 11
12606989 4
12607009 92
12607009 2144
12607019 5965
12607033 3
12607043 1
12607093 5516
12607099 65
12607129 60
12607157 3
12607159 5
12607271 4
12607277 40
12607369 260
12607379 1
12607403 1
12607403 172
12607513 20
12607559 1
12607559 12
12607577 7
12607597 1919
12607619 177
12607631 1
12607667 4
12607667 984
12607747 77
12607781 15
12607781 43
12607801 515
12607823 1
12607831 5
12607831 8
12607843 228
12608021 120
12608059 72
12608059 836
12608171 1
12608171 13
12608249 87
12608291 13
12608293 3
12608371 288
12608467 5
12608489 7719
12608501 1468
12608711 21
12608789 24
12608803 12
12608803 792
12609029 40
12609173 207
12609271 2013
12609323 1
12609353 16
12609367 12
12609367 1188
12609367 2148
12609433 8
12609439 252
12609439 297
12609491 481
12609551 384
12609643 876
12609647 5325
12609659 1
12609659 85
12609689 124
12609731 1
12609757 243
12609781 11
12609823 8
12609853 3
12609889 39
12610043 13
12610079 1
12610111 521
12610151 1
12610201 3
12610201 8
12610333 32
12610349 12
12610373 7
12610441 8
12610511 1
12610511 61
12610517 3
12610517 4428
12610589 4
12610613 468
12610723 8
12610777 35
12610781 3199
12610817 3
12610861 3
12610867 992
12610919 1
12611051 1
12611069 4
12611111 1828
12611167 20
12611173 851
12611177 244
12611197 219
12611267 33
12611299 324
12611303 7780
12611351 4
12611351 25
12611353 3
12611363 1
12611411 40
12611453 51
12611471 1
12611519 1
12611581 3
12611581 996
12611747 57
12611749 539
12611821 116
12611831 9
12611917 48
12611927 12
12611939 84
12611987 13
12612001 3
12612001 35
12612001 264
12612221 756
12612311 1
12612311 4
12612343 8
12612367 2649
12612407 189
12612473 3
12612491 9
12612503 1
12612557 15
12612557 535
12612557 3715
12612559 161
12612703 188
12612727 60
12612749 316
12612749 487
12612757 228
12612757 6044
12612773 1908
12612791 1
12612797 4
12612829 11
12612851 1
12612851 9
12612923 3625
12612959 1
12613123 4077
12613171 5
12613171 21
12613171 29
12613243 21
12613301 88
12613313 720
12613313 1335
12613333 6527
12613379 4
12613459 176
12613547 45
12613553 7287
12613567 5
12613567 20
12613619 1
12613619 24
12613721 4
12613721 196
12613837 24
12613871 1
12613897 3
12613897 4292
12613999 24
12614029 984
12614033 187
12614113 23
12614209 15
12614267 229
12614339 40
12614401 791
12614417 4
12614509 9020
12614599 9
12614639 1
12614671 29
12614671 189
12614671 365
12614687 5389
12614729 5976
12614747 12
12614821 15
12614863 36
12614929 11
12614963 1
12614989 132
12614989 2172
12614999 1
12615079 476
12615079 8456
12615191 1
12615199 17
12615257 112
12615257 240
12615287 40
12615287 2257
12615329 12
12615353 7
12615451 176
12615451 5033
12615457 84
12615457 132
12615467 4
12615509 324
12615571 2153
12615611 1
12615613 12
12615653 27
12615731 4
12615737 28
12615781 3
12615781 188
12615803 196
12615833 15
12615851 249
12615851 1680
12615923 1
12615929 196
12615931 5
12615997 72
12616007 28
12616027 12
12616031 49
12616103 25
12616181 3
12616181 6708
12616199 4
12616271 16
12616327 1197
12616453 495
12616463 1792
12616523 12
12616559 21
12616621 3
12616649 3192
12616739 1
12616739 3445
12616777 15
12616787 64
12616829 196
12616829 552
12616841 103
12616843 5
12616843 621
12616847 13
12616847 132
12616979 1
12616997 1567
12617023 12
12617039 4
12617071 5
12617141 136
12617161 3
12617161 168
12617203 8
12617219 1
12617221 63
12617221 659
12617251 4605
12617257 24
12617357 19
12617443 21
12617453 15
12617483 112
12617509 951
12617509 1119
12617537 4
12617569 4196
12617597 52
12617597 55
12617669 940
12617677 228
12617699 24
12617719 9
12617719 29
12617747 4
12617771 1
12617771 1900
12617783 868
12617821 176
12617921 4
12617921 16
12618127 480
12618157 4467
12618173 7131
12618259 6401
12618323 1
12618373 203
12618449 2199
12618547 813
12618569 4
12618569 27
12618649 152
12618653 67
12618763 3836
12618769 60
12618773 76
12618803 1
12618883 740
12619093 3
12619177 348
12619199 36
12619319 12
12619337 115
12619351 9813
12619421 3
12619421 1368
12619531 9
12619543 405
12619643 1
12619757 5268
12619807 92
12619889 4
12619889 736
12620057 79
12620057 100
12620141 3
12620149 159
12620221 624
12620263 708
12620323 57
12620323 528
12620383 45
12620417 159
12620479 6825
12620561 3
12620563 221
12620567 28
12620603 1
12620623 8
12620789 31
12620891 81
12620963 1
12621047 472
12621047 7180
12621067 7620
12621241 3
12621241 731
12621307 129
12621373 95
12621373 9431
12621379 140
12621391 1920
12621419 3040
12621421 1035
12621649 339
12621659 1
12621671 16
12621731 21
12621731 2740
12621767 12
12621767 49
12621781 3015
12621787 17
12621787 1509
12621877 3
12621887 52
12621911 4
12621977 3
12622033 3
12622073 48
12622079 1
12622079 1405
12622133 3
12622171 8
12622189 1412
12622271 4
12622339 20
12622339 5340
12622457 4
12622457 580
12622559 385
12622667 4
12622667 3133
12622817 4
12622817 375
12622829 3915
12622849 36
12622937 84
12622937 1008
12622943 168
12622949 339
12622979 1
12623077 3
12623077 2939
12623089 2231
12623329 1344
12623423 585
12623441 3
12623621 4
12623621 5359
12623627 24
12623713 8
12623713 12
12623713 291
12623759 37
12623839 396
12623857 1292
12623869 1196
12623869 5612
12623981 184
12624049 60
12624127 1580
12624163 113
12624257 3
12624277 2259
12624301 3
12624331 8
12624427 57
12624431 13
12624461 4
12624571 8
12624587 3153
12624617 3
12624617 495
12624737 24
12624749 4
12624751 24
12624791 1
12624847 9257
12625043 1
12625051 20
12625051 1365
12625073 3
12625097 4
12625099 2336
12625111 8
12625133 87
12625241 523
12625259 1861
12625331 1
12625331 13
12625363 36
12625447 3384
12625471 8
12625507 297
12625523 1
12625559 97
12625601 184
12625631 5376
12625687 393
12625693 11
12625741 3
12625741 20
12625741 371
12625801 8
12625853 423
12625903 5
12625973 12
12625979 2916
12625999 21
12626093 3531
12626099 9337
12626101 39
12626129 4
12626147 349
12626261 43
12626293 552
12626311 21
12626311 33
12626357 3
12626371 744
12626377 48
12626533 3867
12626557 8
12626567 4
12626617 315
12626759 2605
12626777 255
12626791 461
12626797 8
12626851 696
12626857 195
12626881 3728
12626891 1
12626909 40
12626909 3276
12626921 531
12626923 12
12626987 360
12627011 336
12627049 36
12627211 9069
12627233 27
12627257 24
12627259 2732
12627301 8
12627313 3
12627361 6563
12627401 664
12627401 2695
12627451 6464
12627547 125
12627581 15
12627721 20
12627721 180
12627779 25
12627907 48
12627931 636
12627941 3
12627971 1
12627983 9985
12628001 43
12628009 15
12628019 1
12628171 60
12628181 1216
12628199 3636
12628207 108
12628207 312
12628223 1
12628223 373
12628321 15
12628379 4
12628381 3
12628463 1
12628579 7064
12628747 1572
12628843 5
12628859 1
12628907 73
12628919 16
12629003 25
12629027 28
12629039 4
12629119 632
12629153 120
12629213 123
12629233 308
12629329 687
12629381 1140
12629411 85
12629483 1
12629527 8
12629527 1988
12629569 11
12629621 3
12629629 36
12629689 56
12629731 56
12629731 360
12629777 12
12629807 1848
12629833 3
12629843 1
12629873 348
12629899 9
12629899 65
12629909 6780
12629909 7984
12629951 85
12629971 24
12629983 9440
12630011 1
12630019 9
12630067 84
12630073 3567
12630077 7500
12630143 4321
12630161 84
12630203 2296
12630217 12
12630217 84
12630251 1
12630301 48
12630311 25
12630367 12
12630367 1848
12630379 344
12630379 4245
12630461 444
12630481 396
12630509 12
12630521 4
12630539 1
12630559 12
12630619 9
12630641 3
12630647 289
12630731 84
12630767 609
12630799 57
12630851 1
12631001 4
12631169 55
12631183 5
12631261 3
12631261 4991
12631279 45
12631337 40
12631373 3
12631373 12
12631387 113
12631511 1
12631511 81
12631519 5
12631573 35
12631583 1156
12631583 2197
12631679 996
12631781 28
12631783 156
12631783 9401
12631831 36
12631831 120
12631873 15
12631877 7
12631889 19
12631999 900
12632161 80
12632177 4
12632297 12
12632299 3584
12632357 340
12632357 4099
12632413 3
12632423 45
12632441 111
12632443 5
12632537 7
12632591 1
12632591 2400
12632629 11
12632629 24
12632639 25
12632639 8341
12632657 67
12632713 6636
12632759 12
12632821 3
12632821 791
12632857 12
12632861 199
12632897 15
12632899 140
12632899 176
12632999 4
12633007 84
12633059 1096
12633077 1647
12633143 172
12633149 7
12633191 4
12633191 24
12633311 420
12633359 37
12633359 4285
12633367 173
12633367 224
12633409 15
12633419 1465
12633503 1
12633521 4
12633521 31
12633547 68
12633559 9
12633563 1
12633563 45
12633623 157
12633629 1071
12633707 13
12633707 1029
12633707 5764
12633713 75
12633853 96
12633899 1
12633899 565
12633911 8901
12633931 9
12634007 112
12634067 28
12634091 1
12634099 20
12634099 465
12634121 580
12634121 4783
12634151 1
12634187 105
12634207 5400
12634253 3
12634339 1421
12634361 24
12634439 6072
12634537 3
12634547 13
12634547 97
12634651 8
12634651 8784
12634697 7
12634711 1308
12634729 104
12634729 512
12634777 867
12634781 31
12634877 5784
12634901 24
12634967 9
12634967 2617
12635033 3
12635159 1
12635159 5592
12635219 45
12635221 3
12635341 20
12635341 116
12635353 11
12635377 3
12635377 15
12635411 4
12635453 283
12635587 29
12635599 105
12635599 2172
12635603 981
12635629 3032
12635653 188
12635669 2167
12635681 4
12635713 131
12635729 411
12635801 51
12635801 1939
12635803 1565
12635839 4217
12635933 403
12635963 33
12635963 57
12635989 1271
12636017 15
12636037 27
12636103 1388
12636103 1620
12636149 4935
12636259 8841
12636263 13
12636293 1615
12636329 31
12636397 72
12636397 747
12636523 17
12636599 96
12636607 312
12636607 1065
12636641 16
12636731 105
12636781 80
12636791 141
12636853 11
12636853 8007
12636931 141
12636973 1307
12636983 1
12636983 388
12637003 2468
12637013 1263
12637067 4305
12637139 285
12637193 3
12637193 487
12637201 3
12637333 4860
12637363 32
12637481 6499
12637507 8
12637619 252
12637621 3971
12637637 64
12637727 6052
12637763 1
12637789 3980
12637811 1
12637847 4
12637847 64
12637847 313
12637847 973
12637871 225
12637901 4
12637901 1368
12637951 5
12637951 1869
12637973 1531
12637991 1
12638023 80
12638023 2796
12638027 4
12638189 15
12638273 8508
12638309 15
12638333 6883
12638369 31
12638501 15
12638501 1500
12638503 5
12638533 227
12638543 13
12638663 2953
12638671 201
12638683 1605
12638741 3
12638761 3
12638767 620
12638807 7608
12638849 847
12638893 8
12638893 23
12638897 363
12638903 1
12638957 7
12639019 1232
12639181 5723
12639229 12
12639247 5
12639283 180
12639329 4
12639359 1
12639359 132
12639379 725
12639461 531
12639469 35
12639481 324
12639577 932
12639637 1328
12639701 15
12639701 64
12639791 1393
12639827 2917
12639839 4
12639881 4
12639923 1
12640021 15
12640091 21
12640093 87
12640211 4
12640211 9
12640307 85
12640399 104
12640429 1076
12640477 59
12640477 767
12640489 1364
12640499 1
12640513 420
12640513 711
12640517 75
12640561 24
12640601 4
12640699 5
12640699 44
12640703 1
12640709 5331
12640763 1
12640841 1440
12640879 84
12640889 16
12640931 13
12640951 44
12641017 3
12641017 1527
12641051 9
12641063 25
12641063 480
12641147 784
12641147 973
12641171 121
12641177 3
12641257 3
12641323 237
12641381 3871
12641411 4420
12641537 55
12641539 12
12641567 12
12641617 35
12641663 48
12641749 35
12641779 345
12641801 3
12641963 973
12641971 36
12641977 3
12641983 60
12642001 8
12642001 15
12642041 43
12642059 12
12642059 40
12642131 36
12642191 13
12642211 44
12642283 3212
12642293 1011
12642293 1407
12642299 1
12642299 1212
12642317 3243
12642367 2133
12642397 12
12642491 1
12642533 36
12642541 23
12642569 7
12642589 312
12642691 8
12642691 888
12642701 876
12642703 3885
12642793 5156
12642827 4
12642853 12
12642857 4
12642919 5049
12642979 864
12643003 20
12643021 36
12643109 2952
12643187 420
12643193 3
12643193 160
12643201 3
12643201 24
12643283 1
12643469 115
12643511 1
12643541 15
12643549 1116
12643613 3
12643613 88
12643643 1
12643669 411
12643793 975
12643837 3
12643901 36
12644041 11
12644041 464
12644041 2475
12644059 1716
12644077 243
12644077 407
12644119 20
12644147 4
12644167 17
12644189 1851
12644197 8
12644207 409
12644213 7
12644213 51
12644237 28
12644299 2225
12644353 932
12644393 1947
12644459 1
12644459 4
12644473 9087
12644477 187
12644477 1435
12644483 13
12644789 51
12644789 76
12644857 588
12644857 1715
12645043 3021
12645047 897
12645091 5
12645107 117
12645169 227
12645277 8
12645287 4
12645319 9
12645359 1
12645371 1
12645383 1941
12645383 3528
12645389 27
12645389 112
12645403 32
12645487 228
12645509 540
12645623 1
12645667 24
12645833 268
12645859 221
12645901 5484
12645911 1
12645979 5
12646019 189
12646057 23
12646087 92
12646111 645
12646177 8
12646411 5
12646411 56
12646411 609
12646463 21
12646463 373
12646519 9677
12646549 24
12646583 1
12646727 13
12646769 15
12646771 60
12646841 2475
12646883 25
12646937 84
12646939 9
12646969 27
12647093 1276
12647093 6108
12647143 1013
12647197 24
12647197 252
12647249 24
12647279 1
12647317 1220
12647357 340
12647357 1084
12647363 57
12647399 1
12647399 4
12647489 204
12647513 3
12647513 5640
12647561 39
12647581 428
12647611 9
12647617 3
12647627 3552
12647671 821
12647777 4
12647819 1
12647819 4
12647989 4884
12648001 560
12648019 57
12648019 164
12648019 1640
12648047 1909
12648107 24
12648157 15
12648173 12
12648173 2007
12648257 1147
12648271 44
12648329 9240
12648347 165
12648631 8
12648631 189
12648659 1
12648673 20
12648683 36
12648719 1
12648719 12
12648749 1156
12648809 127
12648943 8
12648973 8
12648983 1
12649141 804
12649171 9348
12649199 4
12649201 263
12649213 3
12649213 588
12649223 1
12649223 112
12649253 7
12649253 655
12649297 1328
12649313 28
12649313 187
12649391 9
12649391 8524
12649487 6028
12649531 5
12649531 1833
12649583 1
12649589 4
12649601 7195
12649613 3711
12649619 25
12649639 9
12649789 6215
12649807 8
12649823 1
12649873 15
12649937 204
12650273 3775
12650317 27
12650353 20
12650359 1440
12650459 97
12650501 6880
12650639 1
12650711 16
12650711 33
12650747 597
12650753 3
12650761 39
12650767 1208
12650923 41
12650999 4
12651019 32
12651053 3
12651053 51
12651059 849
12651091 48
12651161 3
12651161 4
12651227 93
12651251 1
12651313 3
12651371 69
12651389 16
12651389 532
12651407 153
12651407 3313
12651427 29
12651533 132
12651581 3
12651619 425
12651659 1
12651659 9
12651697 84
12651713 351
12651733 3
12651767 13
12651803 13
12651953 103
12651953 2091
12652069 359
12652109 3784
12652163 33
12652163 1260
12652253 40
12652253 208
12652307 4
12652331 1
12652337 1363
12652397 3
12652427 204
12652459 69
12652517 88
12652567 344
12652571 769
12652597 24
12652597 120
12652663 80
12652687 1749
12652813 1328
12652847 309
12652859 4
12652859 2772
12652891 48
12653009 7
12653009 75
12653009 300
12653093 115
12653093 148
12653111 1
12653119 45
12653131 21
12653141 3
12653153 3
12653191 180
12653191 1128
12653281 456
12653477 3
12653503 8
12653533 183
12653551 9
12653551 128
12653603 1
12653603 156
12653617 8
12653623 5
12653723 88
12653759 36
12653761 20
12653801 16
12653827 12
12653903 600
12653917 32
12654127 53
12654149 39
12654157 3
12654371 1
12654517 7488
12654539 1
12654557 15
12654563 1
12654721 3
12654721 720
12654721 7044
12654737 3
12654751 168
12654781 63
12654833 7
12654841 68
12654923 1
12654923 61
12654949 12
12654979 9
12655003 5
12655117 3068
12655303 1913
12655333 11
12655333 35
12655333 7616
12655367 1032
12655421 48
12655481 3
12655553 96
12655561 56
12655561 1100
12655619 4
12655651 320
12655751 4
12655777 428
12655829 4
12655897 15
12655897 2412
12655999 29
12655999 41
12656023 2417
12656051 1
12656051 5973
12656101 3
12656101 24
12656129 4
12656227 404
12656227 3132
12656239 12
12656239 209
12656239 929
12656243 1
12656251 5
12656291 9529
12656297 3
12656297 28
12656323 5
12656333 7
12656387 4
12656561 7603
12656563 3513
12656591 9
12656639 9
12656783 181
12656783 217
12656801 268
12656873 15
12656873 1435
12657013 56
12657077 9315
12657131 813
12657167 25
12657187 32
12657191 16
12657209 120
12657353 3
12657527 4
12657527 28
12657569 436
12657599 832
12657607 449
12657611 1
12657611 16
12657637 84
12657691 21
12657739 144
12657791 1
12657803 1
12657863 1
12657943 3740
12658153 11
12658193 2628
12658357 3
12658357 27
12658357 7055
12658397 12
12658411 173
12658493 76
12658507 5
12658517 4
12658517 7
12658553 4731
12658619 6112
12658631 1
12658631 261
12658637 24
12658643 12
12658643 133
12658729 27
12658777 8
12658837 3
12658861 3
12658951 5
12658967 3873
12659021 3939
12659029 140
12659159 76
12659219 1
12659429 51
12659473 4395
12659593 732
12659593 6551
12659597 7
12659617 288
12659701 11
12659723 1
12659771 1
12659791 8748
12659813 363
12659837 208
12659963 1
12660173 72
12660191 360
12660229 240
12660283 128
12660283 161
12660299 1624
12660337 39
12660337 44
12660341 163
12660341 1884
12660353 31
12660377 240
12660413 28
12660523 8597
12660721 3
12660721 80
12660743 16
12660797 24
12660811 84
12660941 1011
12660961 476
12660979 80
12660983 28
12661021 3
12661043 16
12661091 4
12661273 8
12661321 44
12661357 59
12661591 500
12661613 336
12661613 3391
12661633 3
12661699 9
12661699 489
12661699 1512
12661721 31
12661721 3243
12661723 12
12661741 1344
12661769 219
12661819 9
12661837 908
12661877 3
12661949 204
12661973 2475
12662033 7
12662047 24
12662057 4
12662123 1797
12662173 8616
12662191 1125
12662257 47
12662257 5028
12662333 31
12662347 33
12662623 8
12662641 531
12662651 1
12662659 84
12662681 231
12662731 9
12662803 5
12663023 1
12663029 5152
12663089 304
12663127 65
12663143 52
12663191 1
12663191 60
12663193 47
12663193 68
12663197 67
12663239 4
12663239 9477
12663241 3
12663247 473
12663251 1
12663359 24
12663389 4
12663397 432
12663397 1503
12663451 33
12663493 12
12663493 32
12663653 223
12663743 1
12663743 72
12663769 51
12663787 173
12663883 3680
12663919 9449
12663949 6732
12663971 81
12663977 3028
12664079 40
12664079 1252
12664109 4
12664181 399
12664217 87
12664247 105
12664319 81
12664319 996
12664343 21
12664357 6128
12664499 1
12664511 6900
12664529 7
12664537 543
12664579 1916
12664681 8
12664699 21
12664741 3
12664807 573
12664871 1
12664877 88
12664913 3
12664913 7
12664961 15
12664997 27
12665069 159
12665123 1
12665167 33
12665183 1
12665183 4468
12665207 13
12665297 15
12665363 25
12665377 140
12665423 1
12665441 4
12665449 75
12665531 1
12665669 4
12665669 135
12665669 615
12665687 73
12665687 2457
12665713 4592
12665777 543
12665869 512
12665869 5400
12665941 375
12665959 5
12666167 40
12666239 157
12666263 292
12666263 4437
12666299 1
12666389 79
12666413 3
12666427 8
12666427 329
12666439 21
12666539 1
12666539 180
12666607 1304
12666671 13
12666701 3
12666821 160
12666851 1
12666851 2028
12666911 1
12667001 108
12667001 8431
12667019 1
12667093 7335
12667153 3
12667223 1
12667331 1
12667339 1221
12667339 7112
12667351 21
12667373 3487
12667381 1115
12667387 5
12667439 1125
12667441 44
12667559 1
12667559 769
12667619 9
12667643 16
12667777 3
12667789 747
12667789 3432
12667817 100
12667841 3
12667877 208
12667877 4180
12667883 1
12667937 840
12667943 1
12667987 125
12667997 3
12667997 7
12667997 15
12667997 1764
12668039 1
12668039 280
12668081 6939
12668087 4
12668191 8
12668263 6176
12668287 8
12668287 2888
12668399 1329
12668413 3815
12668413 7752
12668449 3272
12668483 1
12668483 5352
12668489 7
12668569 11
12668641 15
12668729 291
12668729 7515
12668731 5
12668771 4
12668771 73
12668797 48
12668809 9291
12668819 1
12668819 21
12668857 1763
12668891 1
12668891 36
12668917 72
12668917 303
12668933 8248
12668947 5
12668951 1
12668983 45
12669079 5
12669161 6735
12669193 200
12669197 240
12669229 3471
12669263 1
12669383 1
12669431 28
12669439 29
12669571 6968
12669617 5184
12669653 312
12669689 2815
12669847 2049
12669851 1
12669859 5
12669863 21
12669949 420
12669991 1013
12670003 53
12670027 5
12670039 549
12670039 821
12670061 3
12670061 31
12670081 1316
12670139 1
12670183 5
12670247 45
12670319 1
12670319 2184
12670421 643
12670433 12
12670499 9
12670507 4265
12670547 4
12670547 12
12670621 6744
12670639 72
12670717 215
12670783 117
12670877 4
12670919 21
12670961 4888
12670997 7
12671023 6381
12671027 12
12671041 83
12671089 200
12671177 4
12671177 15
12671221 444
12671249 72
12671249 312
12671317 8
12671333 223
12671339 1
12671377 4992
12671473 107
12671479 101
12671479 7412
12671531 756
12671531 7944
12671573 343
12671587 60
12671587 468
12671587 4680
12671599 2721
12671677 203
12671849 300
12671849 384
12671861 3
12671881 3
12671887 800
12671921 3891
12671959 497
12671969 6876
12672053 1000
12672083 1
12672131 45
12672161 748
12672161 3015
12672169 8867
12672223 2628
12672493 20
12672559 9
12672587 24
12672607 8000
12672619 2112
12672691 24
12672823 2361
12672853 3
12672857 300
12672889 2579
12672929 7
12672967 5
12673051 5801
12673081 15
12673081 1664
12673099 1200
12673123 413
12673151 13
12673163 1
12673163 12
12673403 37
12673523 108
12673649 4
12673651 180
12673681 359
12673697 7
12673709 231
12673751 1
12673751 148
12673799 1
12673847 4
12673919 16
12673987 252
12674003 1
12674003 156
12674023 432
12674069 1824
12674099 5905
12674171 33
12674191 48
12674227 24
12674237 3
12674237 63
12674243 117
12674279 1
12674279 4
12674327 4
12674341 5336
12674377 8
12674447 3348
12674477 4
12674477 7
12674507 12
12674527 6320
12674531 261
12674533 3
12674593 12
12674659 3461
12674687 24
12674719 5
12674719 221
12674777 3427
12674803 12
12674807 4
12674807 117
12674807 7657
12674989 4115
12675107 57
12675161 4764
12675199 45
12675203 1
12675241 1251
12675361 111
12675367 8
12675391 8
12675587 537
12675713 40
12675791 228
12675791 6700
12675799 1880
12675823 360
12675823 4332
12675833 7
12675913 8
12675979 5
12675979 9
12676019 1
12676031 4
12676039 5
12676043 1
12676061 3
12676121 8644
12676133 235
12676133 600
12676217 859
12676259 1
12676259 4
12676297 275
12676379 4
12676423 12
12676423 501
12676423 1716
12676597 104
12676603 800
12676619 4
12676619 3036
12676627 1245
12676633 87
12676687 45
12676691 736
12676733 15
12676757 72
12676801 8
12676847 28
12676879 1109
12676891 93
12676919 9
12676927 5
12676991 1
12677011 3941
12677033 96
12677099 337
12677309 604
12677363 13
12677369 24
12677417 3
12677417 9423
12677429 576
12677477 208
12677537 40
12677657 2955
12677671 5
12677677 264
12677711 40
12677711 744
12677719 5
12677719 12
12677741 3
12677741 5371
12677851 276
12677867 289
12677887 468
12677933 63
12677947 8
12677953 7695
12677957 4
12678053 607
12678089 184
12678089 267
12678103 137
12678103 2756
12678119 1
12678119 5785
12678131 1
12678151 2709
12678181 9863
12678199 104
12678251 13
12678251 945
12678353 36
12678361 84
12678361 200
12678371 1
12678427 864
12678433 11
12678517 887
12678517 1848
12678527 469
12678563 2436
12678637 20
12678637 528
12678649 116
12678709 492
12678739 81
12678839 1
12678847 117
12678863 313
12678929 4
12678931 6576
12678979 341
12679087 68
12679129 36
12679157 48
12679157 1348
12679171 48
12679193 55
12679253 135
12679267 5057
12679283 76
12679313 16
12679369 107
12679369 884
12679379 1
12679411 5
12679423 32
12679507 9
12679523 300
12679529 7119
12679691 9
12679753 1208
12679811 4
12679811 9
12679811 4908
12679871 4045
12679903 53
12679957 27
12679991 5068
12680179 5
12680183 316
12680243 1
12680263 72
12680273 1767
12680287 5505
12680329 240
12680341 11
12680341 84
12680359 425
12680359 2516
12680411 1
12680441 3
12680533 47
12680537 4899
12680573 7
12680579 1
12680593 1920
12680597 3
12680641 11
12680711 1
12680821 239
12680959 2181
12680971 44
12681103 2388
12681127 329
12681233 1420
12681247 5
12681299 6024
12681421 11
12681437 252
12681601 959
12681619 4760
12681631 156
12681707 2725
12681709 516
12681743 2185
12681743 6477
12681793 192
12681871 9
12681871 41
12681871 45
12681931 5
12682097 15
12682171 21
12682183 3605
12682199 1
12682273 3
12682273 23
12682301 3
12682337 4
12682337 895
12682399 164
12682421 163
12682451 1
12682451 4
12682511 36
12682597 3
12682597 12
12682619 25
12682619 165
12682639 864
12682643 1
12682723 8
12682723 312
12682757 3
12682849 15
12682849 51
12682951 5
12682991 1
12683113 195
12683113 1308
12683243 385
12683299 117
12683311 1020
12683329 11
12683339 2520
12683357 183
12683401 3
12683417 43
12683501 136
12683537 87
12683591 549
12683651 69
12683689 99
12683807 520
12683831 124
12683857 12
12683863 5280
12683917 75
12683999 1
12684037 2039
12684083 180
12684241 1616
12684277 68
12684323 1
12684389 4
12684409 51
12684449 487
12684449 1072
12684493 2540
12684541 56
12684541 980
12684557 15
12684557 7368
12684583 372
12684643 132
12684701 4
12684773 3
12684773 1056
12684829 11
12684943 8
12685019 4
12685033 75
12685051 5
12685051 44
12685051 65
12685063 33
12685069 5639
12685097 43
12685181 411
12685199 1
12685261 48
12685273 3
12685313 156
12685411 785
12685433 8160
12685447 3428
12685457 40
12685481 3
12685501 3
12685643 1
12685667 13
12685681 44
12685763 1
12685837 2832
12685861 3
12685891 3528
12685991 4540
12685991 6180
12686039 1
12686039 441
12686059 20
12686081 3
12686111 1
12686147 12
12686189 735
12686207 49
12686213 7
12686299 20
12686321 199
12686321 9660
12686341 380
12686389 20
12686389 36
12686393 447
12686431 56
12686491 1661
12686521 2919
12686581 20
12686587 12
12686627 4005
12686629 332
12686759 1
12686759 312
12686881 5048
12686939 177
12686951 1044
12686969 420
12686977 3195
12686987 4
12686987 204
12687011 9
12687019 132
12687047 4
12687067 29
12687119 121
12687379 17
12687379 2636
12687439 4416
12687533 7
12687551 4
12687599 1
12687599 4285
12687607 9
12687659 4452
12687683 1
12687803 1
12687803 525
12687821 16
12687821 1576
12687847 5
12687853 95
12687869 235
12687887 4
12687943 8
12687971 1
12688079 417
12688133 91
12688177 3
12688177 423
12688201 51
12688217 40
12688297 8
12688297 188
12688303 113
12688303 752
12688411 9
12688411 29
12688471 60
12688609 1187
12688693 3
12688727 4
12688729 180
12688729 324
12688829 7
12688859 109
12688927 5
12688993 140
12689003 1
12689051 9
12689057 3
12689081 171
12689147 13
12689263 5
12689263 20
12689297 4
12689309 1651
12689401 3
12689423 1036
12689581 3
12689609 480
12689639 1
12689657 520
12689657 1035
12689711 1
12689731 33
12689731 176
12689783 1
12689821 411
12689821 584
12689863 5
12689863 1421
12689923 2120
12690017 7
12690017 3220
12690059 4
12690061 3
12690077 39
12690121 215
12690263 1
12690281 216
12690343 36
12690401 259
12690401 856
12690427 708
12690473 3
12690511 20
12690581 4
12690679 125
12690731 1
12690763 312
12690817 1944
12690833 316
12690901 23
12690901 408
12690907 648
12690907 7368
12690971 1
12691033 348
12691043 28
12691079 16
12691093 323
12691093 8280
12691213 860
12691213 6008
12691223 1
12691337 64
12691361 100
12691361 351
12691379 4
12691417 7452
12691501 284
12691541 1564
12691621 8
12691621 2115
12691631 1
12691691 1
12691691 180
12691697 3
12691697 12
12691717 3
12691823 2020
12691909 2000
12691997 88
12692059 3117
12692089 8984
12692101 168
12692137 23
12692179 5
12692213 48
12692333 96
12692503 8
12692521 4679
12692621 99
12692621 123
12692623 5
12692663 136
12692663 145
12692663 5692
12692707 1973
12692861 8179
12692921 3
12692993 7615
12693013 1191
12693013 7340
12693019 584
12693019 1937
12693029 951
12693113 195
12693139 12
12693139 3617
12693173 103
12693179 16
12693193 3
12693221 3
12693223 8
12693253 8
12693469 1280
12693497 9127
12693599 1
12693649 215
12693671 1
12693727 9
12693749 40
12693817 332
12693929 7
12693991 1644
12694013 1860
12694013 8535
12694037 12
12694063 17
12694207 44
12694217 99
12694247 192
12694259 12
12694439 16
12694439 889
12694439 6889
12694463 117
12694573 3
12694637 3588
12694777 2615
12694813 3
12694823 181
12694991 1
12694991 4
12694991 9
12694991 1500
12695131 225
12695203 12
12695269 240
12695321 4
12695377 395
12695411 2436
12695611 20
12695693 48
12695759 12
12695759 217
12695777 1024
12695783 1
12695789 511
12695863 8
12695909 4
12695909 6736
12695911 33
12695911 885
12695959 9
12695959 957
12696139 3176
12696179 8749
12696193 3
12696283 840
12696301 44
12696301 48
12696311 1
12696311 2560
12696323 25
12696371 760
12696377 627
12696413 1003
12696449 31
12696449 2979
12696449 7672
12696451 885
12696469 11
12696491 93
12696493 3
12696493 9167
12696527 117
12696553 7028
12696557 19
12696641 156
12696709 1575
12696781 2843
12696857 340
12696899 1
12696917 3
12696917 48
12696923 1
12697037 24
12697043 1
12697063 128
12697121 124
12697123 3645
12697151 180
12697189 20
12697193 123
12697343 4773
12697367 309
12697393 1047
12697463 1
12697543 33
12697609 11
12697609 5027
12697627 3032
12697703 1
12697717 8180
12697721 16
12697777 1428
12697777 3135
12697787 12
12697901 7639
12697931 1
12697973 1035
12697999 20
12698033 15
12698089 404
12698123 1
12698123 4420
12698207 4
12698207 1089
12698219 6769
12698321 136
12698339 4716
12698359 21
12698359 104
12698503 77
12698503 80
12698579 1
12698731 101
12698743 53
12698753 151
12698759 16
12698771 6664
12698849 16
12698911 693
12698951 1
12698969 4
12698969 52
12699023 112
12699073 95
12699073 1451
12699079 852
12699079 1364
12699139 285
12699229 2411
12699311 1060
12699341 16
12699343 5
12699347 109
12699359 1
12699389 8847
12699431 4
12699443 1
12699461 3
12699517 1104
12699551 1
12699607 9
12699607 285
12699719 1341
12699779 72
12699811 41
12699829 51
12699857 39
12699877 8588
12699989 196
12700031 9240
12700067 300
12700069 1040
12700087 12
12700087 113
12700087 2412
12700087 9324
12700123 248
12700141 23
12700141 56
12700159 305
12700397 3663
12700469 1075
12700477 8
12700477 23
12700489 15
12700489 60
12700507 29
12700573 15
12700643 1
12700687 2508
12700711 2573
12700823 6220
12700913 40
12700937 135
12700969 159
12701069 5047
12701111 9
12701111 33
12701153 327
12701251 1125
12701341 83
12701441 4
12701453 7
12701527 864
12701527 1452
12701569 2079
12701581 7871
12701917 3
12701921 3544
12701939 45
12701963 36
12701963 81
12702161 3
12702181 3
12702197 3
12702289 11
12702311 1
12702323 2037
12702353 975
12702373 3
12702419 1
12702419 4477
12702491 4
12702619 17
12702623 25
12702691 176
12702763 5
12702779 84
12702797 3
12702827 4429
12702913 5111
12702941 943
12702959 480
12703057 23
12703081 20
12703081 3800
12703307 12
12703307 64
12703307 124
12703357 3
12703357 35
12703541 3
12703541 1396
12703589 4
12703597 15
12703633 231
12703633 4136
12703651 104
12703763 1
12703807 5
12703813 12
12703813 147
12703813 443
12703861 503
12703871 1029
12703907 4828
12704093 3
12704129 40
12704213 535
12704231 1
12704239 92
12704273 16
12704299 1860
12704309 27
12704317 563
12704347 5
12704353 11
12704387 73
12704507 325
12704507 3468
12704551 21
12704551 65
12704777 4
12704837 363
12704843 60
12704903 1
12704903 16
12704927 9885
12704959 117
12704999 220
12705041 3
12705061 3
12705101 2544
12705113 40
12705127 377
12705127 408
12705127 6333
12705211 5
12705229 459
12705289 36
12705313 395
12705397 3
12705397 5508
12705403 8
12705419 1
12705523 180
12705569 16
12705587 1300
12705617 39
12705773 3016
12705811 29
12705811 681
12705923 552
12705997 12
12705997 2160
12706007 4192
12706033 155
12706069 771
12706139 1
12706237 47
12706261 39
12706261 9480
12706313 2440
12706333 572
12706471 5
12706471 1724
12706493 2076
12706517 3127
12706567 1980
12706601 3
12706627 177
12706691 1
12706691 4
12706703 1
12706703 277
12706711 380
12706711 2484
12706721 264
12706783 4896
12706829 4
12706937 7
12706937 2628
12706957 443
12706961 256
12706987 45
12706987 68
12706997 100
12707003 256
12707047 149
12707099 2509
12707147 825
12707237 12
12707269 11
12707323 33
12707341 243
12707351 1
12707351 681
12707399 304
12707413 3
12707507 7600
12707521 11
12707521 44
12707521 9755
12707567 12
12707567 585
12707603 21
12707633 27
12707659 5
12707801 4
12707801 19
12707837 244
12707837 5620
12707899 665
12708023 1
12708023 3900
12708079 92
12708079 405
12708139 4277
12708149 27
12708229 80
12708281 4996
12708331 161
12708337 3
12708337 39
12708373 8
12708389 4
12708403 12
12708403 1316
12708413 103
12708491 1
12708491 1800
12708569 75
12708589 1947
12708623 1
12708629 4
12708629 19
12708671 4
12708743 1
12708803 1
12708823 5
12708823 12
12708823 41
12709063 5
12709097 3
12709097 2227
12709127 4
12709199 120
12709211 1
12709219 9485
12709513 11
12709573 32
12709601 3
12709601 4608
12709633 2172
12709633 9411
12709673 15
12709799 4
12709817 4
12709883 1
12709883 36
12709913 1567
12709919 1
12709943 1
12709997 220
12710003 1
12710051 61
12710077 3
12710077 20
12710119 5996
12710177 4
12710189 496
12710393 40
12710437 1464
12710447 4
12710479 264
12710521 1631
12710531 1
12710557 48
12710591 36
12710597 19
12710603 28
12710603 4513
12710641 6128
12710683 273
12710701 3
12710707 6209
12710759 4
12710759 5097
12710813 636
12710857 995
12710947 9
12710959 429
12711011 325
12711011 753
12711071 84
12711079 2505
12711151 33
12711163 12
12711217 104
12711269 16
12711269 912
12711277 144
12711371 1
12711401 88
12711403 201
12711431 525
12711443 601
12711481 24
12711487 1085
12711553 51
12711577 4728
12711613 12
12711619 5969
12711697 15
12711737 3
12711737 187
12711739 2556
12711749 2500
12711749 9319
12711791 1
12711901 1056
12711929 9000
12711943 320
12712069 72
12712079 1
12712223 1
12712283 13
12712289 15
12712313 5431
12712351 300
12712373 3
12712373 8575
12712433 3
12712433 96
12712433 7455
12712487 28
12712619 1612
12712663 413
12712727 288
12712741 819
12712823 141
12712823 673
12712927 45
12712963 60
12712969 11
12712979 49
12713011 2028
12713153 3
12713159 757
12713219 1
12713219 4
12713243 1
12713243 148
12713279 1
12713329 380
12713333 7143
12713353 20
12713431 185
12713507 1593
12713521 39
12713537 15
12713557 3
12713573 1728
12713593 80
12713609 27
12713609 187
12713647 440
12713663 1
12713713 15
12713713 815
12713749 495
12713761 6888
12713783 468
12713797 372
12713819 9
12713849 4
12713863 737
12713867 3709
12713881 39
12713891 1113
12713993 511
12714089 324
12714089 364
12714089 1500
12714127 1745
12714127 1877
12714133 3
12714137 3
12714137 60
12714157 5363
12714253 12
12714253 6888
12714257 1812
12714259 1929
12714263 1
12714277 32
12714293 1023
12714293 7095
12714349 672
12714353 7
12714353 48
12714379 5
12714397 419
12714461 96
12714479 4
12714479 2185
12714517 23
12714529 2727
12714593 475
12714631 2205
12714671 1
12714683 1
12714701 3
12714701 168
12714727 5
12714773 7
12714803 196
12714881 96
12714941 219
12714941 1843
12714967 1857
12714979 45
12714983 1
12715037 255
12715063 21
12715093 636
12715127 28
12715147 44
12715151 160
12715211 1
12715259 1
12715271 1
12715379 12
12715397 3
12715397 7
12715397 6148
12715447 789
12715477 48
12715529 9735
12715537 23
12715631 564
12715649 15
12715691 1
12715691 9
12715727 4
12715751 1
12715817 7
12715817 27
12715909 315
12715931 1
12715979 40
12715993 32
12716087 264
12716113 3
12716159 172
12716159 3184
12716177 4
12716279 1
12716359 8684
12716467 140
12716593 1983
12716633 31
12716699 1
12716701 2396
12716773 3
12716773 15
12716897 4888
12717041 79
12717077 3
12717169 716
12717193 3
12717247 5
12717247 9
12717259 36
12717277 8
12717311 2749
12717319 56
12717443 120
12717487 5
12717491 40
12717491 48
12717539 1389
12717557 3
12717557 27
12717559 20
12717559 1224
12717563 1
12717563 580
12717583 93
12717619 101
12717671 4
12717697 1904
12717703 5
12717703 8
12717703 3192
12717709 11
12717709 5604
12717773 148
12717797 1135
12717857 39
12717917 3
12717917 2727
12717953 3
12717983 1
12718009 147
12718019 97
12718157 3
12718187 324
12718249 300
12718249 384
12718273 11
12718291 80
12718403 40
12718403 2233
12718451 73
12718483 12
12718493 3
12718513 875
12718513 1235
12718523 1
12718547 9
12718603 1232
12718613 7
12718613 55
12718663 20
12718679 1
12718879 197
12719029 51
12719159 1
12719159 189
12719191 1140
12719243 1
12719243 145
12719249 91
12719249 4372
12719261 511
12719297 4
12719387 24
12719419 5
12719419 5840
12719459 3757
12719461 3383
12719521 3
12719533 1028
12719557 3
12719611 29
12719639 1
12719671 408
12719741 48
12719747 148
12719767 3689
12719771 1
12719771 4
12719809 287
12719867 148
12719929 6560
12720047 3729
12720061 108
12720083 1
12720083 12
12720179 1144
12720179 2320
12720439 36
12720511 68
12720559 5
12720593 148
12720713 556
12720751 53
12720751 1385
12720769 15
12720779 1780
12720787 44
12720839 2464
12720847 24
12720889 2600
12720941 3
12720941 135
12720977 19
12721043 168
12721043 1681
12721087 9
12721207 72
12721211 1
12721213 8
12721213 216
12721217 4
12721271 109
12721271 1440
12721391 1
12721391 516
12721417 3
12721523 432
12721529 4
12721529 204
12721651 173
12721693 875
12721693 9260
12721739 1
12721739 9
12721799 1
12721799 2149
12722009 112
12722011 204
12722053 5763
12722089 11
12722107 5
12722141 3
12722167 1593
12722179 5
12722189 16
12722233 276
12722257 99
12722261 1123
12722293 5387
12722321 4
12722459 4
12722599 5
12722653 20
12722693 7
12722707 5
12722873 16
12722903 108
12722903 1393
12722903 3876
12722911 153
12722917 128
12722921 91
12722993 3
12722993 2023
12723019 660
12723101 3
12723101 1608
12723107 1425
12723167 9
12723203 45
12723239 1
12723239 9
12723253 4616
12723307 1625
12723311 1
12723379 485
12723419 141
12723457 48
12723517 8
12723533 4852
12723727 77
12723917 3
12723941 580
12723947 84
12723947 213
12724009 7227
12724021 80
12724039 21
12724057 104
12724223 1
12724273 116
12724351 5
12724421 6760
12724441 11
12724519 5
12724553 148
12724567 20
12724627 3740
12724739 16
12724739 156
12724759 132
12724799 220
12724871 2584
12724879 4692
12724909 431
12724951 3260
12724981 3
12724981 9828
12725029 60
12725051 4
12725057 3
12725093 451
12725177 28
12725201 343
12725213 3
12725239 92
12725249 27
12725281 1140
12725351 1
12725389 1256
12725413 116
12725429 4
12725441 79
12725483 2052
12725491 9
12725501 43
12725513 48
12725561 15
12725597 4
12725819 201
12725837 315
12725971 44
12726037 3
12726059 9
12726059 16
12726073 476
12726283 5
12726299 264
12726367 7577
12726433 3
12726433 27
12726457 23
12726457 107
12726529 4175
12726589 8727
12726719 36
12726787 188
12726811 29
12726817 363
12726817 2772
12726907 8
12726929 607
12726937 23
12727007 9
12727063 5
12727069 792
12727123 60
12727139 897
12727139 1392
12727243 492
12727291 468
12727399 5780
12727427 145
12727439 4
12727483 3125
12727499 64
12727501 4715
12727597 123
12727601 76
12727621 119
12727651 329
12727697 115
12727721 91
12727817 3
12727831 744
12727843 17
12727877 7
12727987 8
12727987 597
12727987 3624
12728033 223
12728069 499
12728113 36
12728123 1
12728123 925
12728159 12
12728227 29
12728227 557
12728267 4768
12728363 1
12728377 12
12728503 93
12728609 4
12728711 1
12728713 15
12728759 1
12728759 625
12729061 11
12729091 281
12729133 3
12729133 528
12729179 1
12729193 471
12729217 1268
12729239 3064
12729323 1
12729329 100
12729359 384
12729553 32
12729571 240
12729611 1
12729611 69
12729641 15
12729653 7
12729653 2935
12729679 2937
12729727 660
12729779 1
12729851 9
12729947 552
12730033 20
12730051 524
12730097 195
12730283 40
12730283 8052
12730303 293
12730309 371
12730313 15
12730321 3
12730379 1
12730379 4
12730409 87
12730423 12
12730439 8952
12730453 807
12730493 831
12730519 12
12730567 357
12730573 2955
12730621 1044
12730631 5905
12730657 648
12730657 800
12730673 7
12730691 1
12730717 47
12730777 3
12730819 9
12730819 977
12730853 3
12730979 1
12730979 121
12731003 516
12731023 33
12731023 4232
12731039 1
12731051 40
12731099 2800
12731237 6792
12731399 1
12731399 169
12731401 476
12731417 3
12731429 4
12731431 324
12731447 69
12731449 11
12731449 1160
12731549 507
12731599 140
12731629 20
12731633 220
12731639 424
12731681 4
12731681 16
12731681 124
12731681 180
12731683 125
12731723 1
12731779 60
12731909 184
12731911 48
12731911 1124
12731921 3024
12731969 52
12731987 28
12731989 15
12732007 4349
12732061 836
12732113 63
12732143 1
12732221 3804
12732277 3
12732277 104
12732301 656
12732311 9
12732383 1
12732383 40
12732431 1
12732431 4
12732431 36
12732431 3576
12732563 1
12732563 900
12732589 3135
12732647 288
12732689 7896
12732697 32
12732697 224
12732739 224
12732749 4
12732763 5
12732821 4
12732821 40
12732829 15
12732833 28
12732959 1
12733027 93
12733043 12
12733067 4
12733067 385
12733067 3637
12733151 1
12733159 1572
12733207 29
12733223 100
12733229 7
12733297 47
12733333 60
12733333 987
12733433 1332
12733447 9
12733537 420
12733603 4313
12733691 1
12733703 201
12733733 12
12733771 1965
12733801 5579
12733841 99
12733937 384
12733997 3
12734017 8
12734017 23
12734081 4
12734107 1965
12734129 15
12734131 3728
12734171 1
12734243 28
12734303 13
12734317 1292
12734369 784
12734369 3232
12734453 187
12734467 8
12734539 1332
12734551 5
12734573 3
12734591 1140
12734591 1921
12734621 16
12734621 3871
12734629 27
12734629 59
12734669 699
12734677 7784
12734749 191
12734783 1
12734783 12
12734809 279
12734863 8
12734947 5
12734971 308
12734971 576
12735061 48
12735083 165
12735143 60
12735251 36
12735269 1756
12735299 2329
12735343 720
12735419 1
12735539 1
12735551 49
12735713 3
12735739 36
12735743 1
12735743 16
12735743 40
12735923 33
12735937 3
12735973 692
12735979 732
12736027 200
12736063 948
12736067 100
12736079 1
12736123 240
12736151 1
12736151 16
12736159 5621
12736169 19
12736223 856
12736277 307
12736279 17
12736279 656
12736309 24
12736309 60
12736429 20
12736489 11
12736571 1
12736613 9883
12736639 120
12736679 1
12736679 4
12736679 24
12736727 1489
12736799 2496
12736837 23
12736883 588
12736943 1
12737093 9012
12737099 1
12737099 24
12737111 16
12737111 21
12737243 1
12737243 12
12737243 36
12737279 916
12737281 191
12737327 4
12737327 268
12737357 4
12737447 217
12737587 17
12737597 759
12737639 1
12737689 147
12737693 223
12737759 1
12737759 64
12737759 1924
12737773 3
12737789 615
12737833 83
12737863 497
12737867 849
12737899 3024
12737903 153
12737969 27
12738001 1235
12738043 41
12738043 2057
12738059 1
12738149 7
12738169 5544
12738301 80
12738311 73
12738347 24
12738367 5
12738367 8
12738367 24
12738367 2444
12738371 1
12738443 1
12738469 11
12738499 3857
12738623 1
12738623 21
12738623 468
12738641 96
12738647 4
12738673 3
12738811 236
12738821 16
12738881 64
12738959 1
12738959 4
12739037 147
12739141 3
12739141 56
12739159 45
12739229 7
12739229 12
12739249 404
12739271 1
12739271 229
12739289 439
12739289 9279
12739403 676
12739513 11
12739603 1112
12739673 211
12739691 1
12739717 120
12739717 9860
12739763 1
12739799 1
12739801 36
12739841 64
12739873 156
12739897 204
12739897 1220
12739939 29
12739943 2176
12740059 8120
12740081 8223
12740129 331
12740201 4
12740201 151
12740291 60
12740297 319
12740297 1032
12740303 820
12740339 4
12740363 45
12740363 112
12740363 3793
12740369 547
12740423 13
12740423 33
12740461 8
12740467 12
12740503 20
12740591 69
12740603 1
12740671 413
12740699 1
12740711 4
12740747 49
12740809 1964
12740891 4
12740911 153
12740933 48
12740933 268
12740953 1115
12740977 312
12740989 164
12740999 52
12741167 252
12741173 7
12741263 3397
12741299 504
12741367 4692
12741367 5244
12741401 36
12741401 111
12741401 2431
12741427 45
12741433 12
12741467 4
12741503 40
12741503 1492
12741503 9972
12741523 473
12741539 1
12741539 621
12741569 295
12741769 312
12741779 1
12741811 1680
12741923 385
12741983 1
12742003 5
12742007 7084
12742043 181
12742111 744
12742117 128
12742139 1
12742151 13
12742189 27
12742189 216
12742189 3536
12742237 39
12742259 25
12742259 364
12742357 12
12742361 84
12742481 3
12742481 60
12742553 7
12742553 108
12742553 8895
12742633 15
12742633 32
12742679 1
12742679 141
12742699 5
12742699 32
12742703 352
12742771 140
12742771 3768
12742777 3
12742811 1
12742817 4
12742871 1
12742883 1
12743119 44
12743191 8
12743191 41
12743197 2259
12743309 540
12743323 293
12743347 5588
12743359 9021
12743443 456
12743447 4
12743477 4
12743477 7
12743527 5
12743543 1
12743543 13
12743543 100
12743543 957
12743611 120
12743641 8
12743663 1
12743663 72
12743677 3
12743701 3
12743827 248
12743837 15
12743911 1436
12743977 239
12744049 1332
12744049 1427
12744167 2065
12744209 151
12744247 12
12744283 17
12744377 1423
12744397 1292
12744437 3
12744527 64
12744569 276
12744581 3
12744581 468
12744629 4
12744871 33
12744871 105
12744871 9488
12744929 6304
12744947 1909
12745009 680
12745021 71
12745063 41
12745081 3
12745177 3
12745259 1
12745283 1
12745283 277
12745283 640
12745331 1876
12745361 40
12745361 163
12745363 4176
12745541 1104
12745583 732
12745583 4597
12745613 7140
12745639 5
12745639 1920
12745919 85
12745921 836
12745961 84
12745973 247
12746089 1800
12746113 2711
12746159 21
12746171 1
12746171 28
12746197 3
12746197 80
12746233 3
12746263 321
12746273 540
12746291 1408
12746471 21
12746483 336
12746509 9324
12746543 1
12746543 52
12746639 1936
12746653 60
12746653 840
12746653 1412
12746711 1
12746737 272
12746837 27
12746879 69
12746879 537
12746893 27
12746911 20
12746939 165
12747029 4
12747131 1
12747179 712
12747239 1
12747239 4
12747239 16
12747257 88
12747257 2455
12747281 4
12747323 1
12747323 117
12747379 12
12747419 1
12747421 8
12747421 7880
12747503 1
12747503 112
12747703 6197
12747751 84
12747767 4497
12747863 45
12747883 161
12747941 3
12747941 655
12748117 8
12748163 1
12748193 60
12748247 3945
12748277 3
12748289 999
12748289 2736
12748369 2319
12748427 4584
12748447 12
12748493 3
12748583 1
12748643 1
12748643 60
12748649 72
12748679 2100
12748699 3801
12748733 91
12748837 60
12748837 240
12748859 12
12748919 2520
12748933 335
12749063 85
12749239 9
12749293 11
12749311 960
12749447 60
12749447 85
12749489 172
12749593 12
12749593 27
12749593 108
12749617 1023
12749663 96
12749689 75
12749753 468
12749783 1
12749827 69
12749857 387
12749861 4
12749953 15
12750011 1
12750161 64
12750161 271
12750239 1
12750239 24
12750247 2112
12750371 2805
12750383 385
12750443 1
12750497 3
12750511 89
12750511 1425
12750637 2567
12750637 3207
12750719 4
12750737 3
12750743 33
12750811 2096
12750851 301
12750911 1
12751007 4
12751007 28
12751009 1100
12751043 12
12751043 88
12751099 140
12751133 3
12751339 9
12751381 108
12751397 228
12751397 232
12751397 628
12751517 232
12751559 1
12751573 3
12751577 3
12751589 931
12751601 51
12751639 2612
12751727 73
12751769 7
12751771 80
12751777 80
12751811 24
12751877 5800
12751883 141
12751901 4
12751901 5479
12751927 44
12751931 1284
12752017 39
12752063 157
12752137 792
12752167 9
12752231 4
12752279 4
12752291 244
12752339 1
12752339 49
12752471 1
12752503 32
12752503 396
12752521 255
12752539 120
12752539 6120
12752609 4
12752689 27
12752951 1
12752969 7
12753001 2435
12753073 12
12753073 5691
12753113 7
12753113 220
12753131 1
12753187 5
12753317 3
12753407 192
12753421 3
12753449 7120
12753457 20
12753511 9
12753511 4100
12753557 28
12753577 32
12753589 15
12753589 71
12753613 600
12753773 1932
12753869 4
12753869 2296
12753877 20
12753899 6469
12753907 8
12753907 152
12754067 57
12754067 273
12754081 4775
12754151 1
12754151 21
12754151 865
12754153 8
12754297 3
12754337 247
12754373 1051
12754457 139
12754457 1243
12754463 76
12754493 40
12754559 1
12754579 137
12754661 3
12754663 825
12754717 1152
12754783 3912
12754817 12
12754831 168
12754843 1733
12754849 311
12754943 2136
12754997 3
12755053 1620
12755123 12
12755131 36
12755131 260
12755153 3
12755153 283
12755207 4
12755233 1451
12755243 16
12755341 3
12755359 117
12755399 3297
12755453 976
12755461 20
12755591 6549
12755609 1644
12755671 549
12755693 9568
12755749 3111
12755759 204
12755767 77
12755807 2589
12755837 3
12755837 240
12755843 1
12755927 4
12755957 115
12756031 5
12756047 13
12756059 4
12756119 172
12756151 3048
12756193 4911
12756203 1
12756229 24
12756313 2420
12756343 6912
12756343 9108
12756389 1287
12756463 1196
12756479 1
12756479 57
12756589 20
12756659 705
12756673 216
12756713 3
12756713 2508
12756967 357
12756977 864
12757049 7
12757057 1559
12757091 1
12757097 87
12757201 8360
12757219 5624
12757247 573
12757301 3
12757309 164
12757313 163
12757331 33
12757333 15
12757421 15
12757441 8
12757483 5
12757517 175
12757517 5323
12757583 1
12757583 33
12757741 3
12757861 723
12757891 36
12757891 468
12757951 5
12757993 3548
12758051 1
12758111 1213
12758167 24
12758183 1
12758191 69
12758287 45
12758387 45
12758411 1
12758413 692
12758549 7
12758563 5
12758591 1
12758597 3
12758597 40
12758741 3
12758791 24
12758791 33
12758839 552
12758873 1135
12758929 252
12758957 40
12758981 24
12758981 148
12759023 105
12759023 345
12759023 7168
12759029 7
12759119 2356
12759133 183
12759143 696
12759277 3080
12759293 768
12759353 3
12759353 7447
12759359 1
12759361 488
12759479 4
12759499 161
12759511 1721
12759557 3
12759611 556
12759629 4
12759679 32
12759679 896
12759713 132
12759727 344
12759749 4
12759781 528
12759823 12
12759827 412
12759833 507
12759881 28
12759991 2801
12760031 1
12760157 3063
12760243 201
12760249 171
12760277 7
12760291 1016
12760309 1011
12760481 231
12760511 36
12760511 7224
12760613 208
12760661 1983
12760673 172
12760679 16
12760691 24
12760721 264
12760817 6327
12760879 200
12760879 2700
12760889 7
12760889 736
12760907 24
12760907 60
12760939 60
12760991 1
12761009 16
12761083 6725
12761123 297
12761171 16
12761171 328
12761201 4
12761201 4635
12761219 1
12761317 3
12761321 36
12761387 72
12761459 1
12761459 225
12761503 17
12761533 5847
12761561 63
12761591 9
12761603 1
12761647 5
12761647 3572
12761657 15
12761741 16
12761761 1715
12761797 204
12761797 212
12761851 120
12761867 73
12761867 3892
12761893 12
12761909 939
12761911 69
12761911 84
12762011 48
12762017 3
12762031 45
12762031 840
12762119 97
12762119 2176
12762161 5983
12762187 8
12762247 2069
12762283 17
12762311 1
12762311 153
12762317 3544
12762377 3
12762377 259
12762377 5128
12762391 5
12762391 41
12762419 1
12762419 4320
12762487 444
12762499 9
12762499 12
12762553 8
12762593 1687
12762649 1167
12762649 2756
12762727 6809
12762751 125
12762781 495
12762863 13
12762881 3
12762947 469
12762949 119
12763033 60
12763169 12
12763171 33
12763171 2421
12763207 9
12763207 1149
12763241 679
12763297 168
12763327 129
12763343 145
12763381 8
12763511 1
12763511 381
12763603 1725
12763697 4
12763703 1
12763717 15
12763727 45
12763769 532
12763903 17
12764039 1
12764051 241
12764051 1545
12764099 36
12764173 3
12764201 4063
12764317 20
12764317 72
12764357 19
12764387 517
12764417 4
12764449 495
12764461 2211
12764623 60
12764651 1
12764651 4
12764711 168
12764711 5661
12764723 1
12764737 3
12764737 8
12764761 1971
12764831 1
12764831 76
12764849 9676
12764879 1
12764911 528
12764923 5
12764957 223
12765029 16
12765031 5
12765073 6411
12765097 204
12765101 715
12765101 8500
12765127 968
12765139 20
12765143 1
12765143 7020
12765293 88
12765301 140
12765383 1
12765427 5708
12765433 6527
12765463 212
12765541 56
12765541 108
12765559 7844
12765581 3
12765581 31
12765619 41
12765619 177
12765619 477
12765787 252
12765803 1
12765881 4
12765919 185
12765941 4336
12765947 129
12766001 28
12766009 71
12766027 9
12766087 8
12766121 3
12766151 45
12766153 3927
12766199 1
12766217 727
12766291 1493
12766307 1020
12766367 88
12766373 151
12766441 15
12766463 73
12766549 12
12766549 39
12766549 1175
12766553 3
12766553 1227
12766561 20
12766561 44
12766577 1443
12766667 12
12766667 37
12766667 648
12766681 3
12766681 8
12766681 879
12766763 1
12766777 8
12766937 4548
12766991 601
12767039 21
12767039 117
12767137 224
12767203 296
12767263 57
12767267 345
12767299 29
12767299 44
12767389 12
12767393 556
12767539 105
12767549 4
12767683 713
12767747 28
12767759 9
12767789 1324
12767813 7
12767897 5700
12767957 79
12767957 4720
12768023 1
12768031 9
12768047 4
12768101 5575
12768103 8372
12768121 11
12768191 1
12768191 45
12768229 12
12768251 9
12768251 21
12768269 867
12768313 27
12768341 664
12768383 57
12768419 265
12768449 7
12768449 75
12768449 447
12768583 45
12768583 80
12768713 4000
12768733 3
12768761 3
12768761 1236
12768799 132
12768809 5884
12768851 24
12768857 60
12768881 3
12768971 1
12768971 28
12768997 4479
12769039 12
12769039 620
12769049 2535
12769067 4
12769067 5637
12769079 3144
12769103 1
12769103 768
12769139 369
12769171 489
12769199 2316
12769213 356
12769213 1620
12769259 301
12769307 4
12769307 45
12769319 1312
12769331 1
12769331 84
12769331 1113
12769333 200
12769391 4
12769417 3
12769441 3
12769441 2463
12769451 25
12769451 721
12769457 3339
12769517 3
12769517 4563
12769693 135
12769709 12
12769739 112
12769781 3
12769787 108
12769789 3755
12769829 15
12769943 1
12769949 4
12769973 48
12769993 11
12770053 48
12770053 972
12770059 140
12770189 4
12770189 1344
12770201 1003
12770209 5579
12770363 1
12770389 20
12770423 1
12770431 8
12770447 73
12770447 204
12770447 880
12770479 585
12770479 624
12770507 4
12770551 381
12770579 4
12770711 1
12770711 36
12770731 1989
12770749 11
12770837 147
12770861 3199
12770897 79
12770959 276
12770969 7
12770971 209
12771023 12
12771023 1588
12771041 3
12771041 40
12771041 1939
12771191 1
12771191 5781
12771419 4
12771431 1
12771457 3
12771487 1112
12771491 1
12771491 4
12771497 4
12771527 2908
12771547 2645
12771547 5340
12771593 708
12771653 4056
12771719 1
12771761 556
12771763 648
12771853 7272
12771883 1020
12771883 5253
12771931 68
12771949 12
12772013 127
12772091 4368
12772171 404
12772231 5
12772259 349
12772349 31
12772349 64
12772367 52
12772381 2708
12772393 848
12772433 3
12772453 72
12772553 147
12772603 53
12772649 2335
12772691 7488
12772709 7
12772717 584
12772757 4779
12772817 300
12772871 1
12772871 4200
12772987 5
12772993 2660
12773003 1692
12773011 264
12773161 24
12773219 12
12773221 3
12773287 3144
12773297 592
12773359 5
12773381 5844
12773459 1
12773549 7804
12773549 8644
12773557 224
12773597 268
12773653 168
12773701 1095
12773737 288
12773777 3
12773861 4
12773869 2579
12773879 1
12773951 1
12774059 40
12774101 15
12774133 8903
12774211 260
12774227 9028
12774299 1
12774301 99
12774317 52
12774401 4
12774467 33
12774467 1332
12774491 204
12774539 109
12774547 3377
12774617 235
12774673 2711
12774677 579
12774677 5595
12774841 7259
12774991 24
12775099 60
12775123 941
12775153 3
12775181 3516
12775289 4
12775303 8052
12775319 3304
12775337 4
12775337 112
12775337 895
12775363 2408
12775463 1
12775621 3
12775783 8
12775783 17
12775849 639
12775913 448
12775943 1
12776011 104
12776053 12
12776059 296
12776111 1
12776143 2312
12776167 29
12776167 1565
12776173 8
12776251 185
12776441 808
12776471 9
12776513 868
12776579 4
12776579 1396
12776623 1272
12776641 11
12776711 49
12776723 1
12776723 1416
12776773 56
12776783 7417
12776821 296
12776879 84
12776921 3
12776941 35
12776957 1072
12776993 4600
12777113 12
12777113 2535
12777133 3
12777133 588
12777151 20
12777203 1
12777299 1521
12777341 76
12777451 1373
12777461 2395
12777509 900
12777517 3
12777517 3419
12777521 4
12777547 12
12777547 17
12777563 688
12777643 900
12777649 75
12777889 59
12777979 24
12777979 6816
12778001 1564
12778037 108
12778037 120
12778063 728
12778079 61
12778079 409
12778109 4
12778121 271
12778151 61
12778151 4773
12778163 1365
12778187 52
12778201 3
12778229 364
12778277 315
12778277 6432
12778291 5
12778319 1
12778351 1356
12778391 60
12778433 4140
12778453 27
12778477 3
12778481 4
12778517 27
12778643 28
12778691 1
12778691 24
12778693 6216
12778741 356
12778771 8565
12778933 47
12778993 3
12779017 59
12779017 5760
12779083 7385
12779149 5507
12779177 3175
12779287 2925
12779303 5473
12779309 1780
12779369 15
12779387 844
12779687 12
12779707 5
12779707 68
12779713 63
12779831 1
12779861 91
12779939 1
12779947 29
12779953 23
12780139 9
12780143 465
12780197 3
12780539 1
12780553 60
12780557 28
12780557 187
12780611 1
12780611 4
12780637 3
12780689 112
12780697 3
12780731 1
12780797 60
12780877 3
12780917 3864
12780973 1476
12781007 1453
12781339 5
12781411 9
12781421 3
12781429 956
12781441 6195
12781541 3
12781541 4
12781541 39
12781541 48
12781553 1432
12781589 112
12781607 4248
12781619 52
12781649 591
12781669 236
12781669 344
12781669 1391
12781723 752
12781753 563
12781781 3
12781799 1
12781817 3
12781823 1
12781823 280
12781849 87
12781871 1
12781871 16
12781877 8344
12781897 15
12782213 27
12782219 1
12782251 156
12782311 101
12782333 1047
12782333 3271
12782599 1040
12782683 2240
12782689 1791
12782713 63
12782717 3
12782717 79
12782741 2751
12782831 60
12782851 36
12782867 9
12782867 12
12782873 3
12782879 1
12782893 5391
12782897 12
12782921 88
12782941 3815
12782989 351
12782993 7
12783041 19
12783041 171
12783077 3792
12783091 588
12783161 99
12783217 12
12783217 20
12783217 275
12783283 72
12783293 60
12783293 63
12783307 5
12783367 477
12783383 1
12783457 2448
12783493 3
12783497 12
12783503 1488
12783557 4
12783593 108
12783647 4
12783731 2964
12783737 19
12783817 3
12783839 1
12783851 4
12783853 4023
12783887 148
12783973 3
12783973 71
12783977 3
12783977 2280
12784007 945
12784091 1
12784097 15
12784133 7
12784147 4305
12784199 4
12784217 28
12784231 4940
12784361 3924
12784379 1
12784547 4513
12784609 551
12784637 27
12784643 1
12784771 1016
12784823 28
12784843 461
12784847 12
12784897 3
12784951 684
12784999 621
12785089 20
12785089 407
12785107 17
12785189 4
12785203 7152
12785257 363
12785303 12
12785369 919
12785407 2964
12785407 3045
12785407 9005
12785413 668
12785449 8244
12785449 9579
12785483 712
12785503 5
12785519 4149
12785603 81
12785621 136
12785627 33
12785627 93
12785653 3
12785653 20
12785681 3
12785693 3
12785701 39
12785711 13
12785741 24
12785741 75
12785741 495
12785761 99
12785777 3
12785779 45
12785779 72
12785807 48
12785807 2308
12785821 2799
12785821 4595
12785939 1
12785939 40
12786089 15
12786097 3
12786253 467
12786311 1
12786379 32
12786451 5
12786457 47
12786457 1124
12786469 59
12786479 1
12786509 792
12786619 24
12786619 141
12786649 39
12786649 471
12786649 4047
12786649 8936
12786871 5
12786889 107
12786937 279
12787051 9
12787051 101
12787127 1972
12787147 228
12787157 1212
12787183 3741
12787189 107
12787267 5
12787319 1
12787321 20
12787373 16
12787373 115
12787409 4
12787409 40
12787421 783
12787499 3876
12787547 4
12787639 5
12787693 56
12787781 3
12787783 5
12787783 12
12787799 45
12787823 12
12787877 1299
12787897 20
12787997 60
12788117 3
12788123 1
12788129 4
12788227 212
12788261 7023
12788263 21
12788353 15
12788431 20
12788431 1485
12788497 2324
12788543 13
12788563 21
12788563 53
12788579 129
12788603 1
12788617 6540
12788707 20
12788869 179
12788891 6505
12788959 5585
12788977 48
12788999 1
12789167 325
12789187 1029
12789269 1027
12789323 1
12789347 4
12789397 6728
12789419 16
12789419 1032
12789433 611
12789463 20
12789467 813
12789503 37
12789503 121
12789599 1
12789611 4336
12789677 3
12789677 4
12789677 15
12789757 135
12789767 12
12789823 5
12789823 65
12789859 657
12789871 3521
12789911 1
12789919 9
12789943 837
12789947 108
12789977 75
12789979 104
12790009 860
12790039 4664
12790091 24
12790147 1853
12790159 29
12790163 36
12790177 8
12790177 1628
12790361 4
12790429 35
12790487 73
12790487 2665
12790487 3232
12790499 96
12790559 1
12790571 4
12790703 1
12790763 1
12790847 24
12790889 7
12790889 360
12790931 1
12790931 2176
12790957 3552
12790993 15
12790997 3
12790997 7
12791033 660
12791039 1
12791131 80
12791131 504
12791137 8
12791137 23
12791173 2055
12791183 1
12791201 3
12791257 48
12791399 2392
12791459 1
12791533 3
12791533 47
12791563 3312
12791593 12
12791593 516
12791687 8688
12791773 48
12791789 144
12791869 12
12791869 227
12791869 1344
12791951 1
12791983 8
12792011 4
12792083 25
12792083 5253
12792107 117
12792179 1
12792179 12
12792179 1365
12792217 600
12792271 8
12792271 209
12792331 6368
12792337 3
12792359 204
12792361 8
12792379 5
12792401 3
12792401 19
12792419 276
12792421 36
12792431 1
12792463 32
12792463 1893
12792469 956
12792523 21
12792679 17
12792763 2973
12792803 1
12792817 24
12792847 1653
12792869 1840
12792961 75
12793007 4
12793093 1263
12793093 2720
12793117 1812
12793229 7
12793279 132
12793279 2057
12793283 1
12793301 2016
12793303 1217
12793303 1265
12793307 4
12793337 4
12793343 5556
12793351 29
12793409 7
12793409 75
12793411 321
12793463 1
12793463 141
12793579 9
12793603 4940
12793609 447
12793663 117
12793691 1
12793751 1
12793757 112
12793849 707
12793871 1
12793889 8395
12793933 171
12793969 4692
12793997 3792
12793999 5
12794039 3865
12794051 1
12794071 24
12794101 20
12794101 6636
12794167 9
12794281 84
12794281 1055
12794303 33
12794303 117
12794461 71
12794461 2163
12794477 4
12794479 41
12794519 4
12794519 12
12794519 177
12794641 15
12794671 8
12794701 20
12794731 80
12794737 212
12794807 4
12794921 3
12794921 6148
12795121 200
12795131 1
12795131 5385
12795187 2220
12795311 9
12795361 3
12795443 28
12795443 196
12795479 16
12795511 96
12795617 3
12795617 139
12795677 223
12795847 5
12795859 132
12795877 39
12795973 8
12795997 2079
12796081 3
12796081 15
12796103 361
12796111 240
12796213 4347
12796351 8
12796391 61
12796403 1
12796403 16
12796417 1148
12796447 9
12796463 33
12796577 60
12796613 3
12796639 456
12796649 987
12796727 52
12796739 9
12796781 15
12796813 200
12796871 121
12796921 180
12796957 27
12796957 1764
12796957 8664
12796981 3288
12797069 4
12797171 2596
12797173 327
12797219 12
12797237 4
12797237 9355
12797353 3
12797417 3
12797417 28
12797569 9300
12797593 3
12797623 8
12797633 423
12797879 12
12797971 6401
12797999 6520
12798029 2095
12798073 1632
12798073 1787
12798301 15
12798311 1324
12798463 57
12798479 1
12798491 64
12798613 1652
12798661 644
12798727 1157
12798839 4
12798881 2308
12798997 83
12799091 340
12799097 39
12799139 1120
12799219 9
12799229 9484
12799231 269
12799313 3
12799349 4
12799399 164
12799541 3
12799573 3
12799607 9172
12799741 483
12799769 7
12799811 28
12799811 165
12799819 2661
12799837 155
12799867 72
12800071 1548
12800087 9325
12800147 33
12800171 100
12800171 4033
12800267 1780
12800279 60
12800287 5
12800299 5
12800299 36
12800311 5
12800327 88
12800387 28
12800429 7
12800771 3813
12800783 253
12800831 1
12800941 3
12800981 135
12801083 1
12801127 269
12801203 7140
12801359 12
12801361 7995
12801413 7
12801443 225
12801449 7
12801479 1
12801479 21
12801533 63
12801533 8236
12801563 25
12801571 21
12801577 3
12801589 96
12801647 4
12801661 8
12801773 391
12801821 4
12801863 121
12801913 707
12801923 1
12801923 460
12801923 796
12801967 257
12802063 2688
12802171 8
12802171 1109
12802193 3
12802199 1
12802201 4956
12802289 1920
12802403 1
12802417 6543
12802487 112
12802529 91
12802571 424
12802571 3073
12802583 28
12802583 1165
12802709 27
12802759 24
12802759 29
12802781 3
12802781 223
12802793 3
12802799 444
12802931 184
12802987 69
12803033 2583
12803047 1589
12803071 5
12803083 57
12803213 180
12803407 8
12803449 9219
12803489 2472
12803491 705
12803611 9
12803783 40
12803851 1173
12803867 64
12803897 4
12803909 727
12803933 43
12803933 156
12803983 717
12803983 5477
12804007 9
12804041 4
12804061 39
12804061 204
12804229 15
12804251 1
12804251 2653
12804289 27
12804343 132
12804371 1
12804397 8
12804433 3
12804527 33
12804607 5
12804661 575
12804731 549
12804761 15
12804787 8
12804787 48
12804809 12
12804877 432
12804907 53
12804949 1115
12805027 33
12805033 47
12805081 44
12805129 11
12805147 609
12805187 60
12805217 180
12805217 2272
12805279 5
12805339 917
12805349 4
12805349 16
12805427 160
12805459 357
12805469 456
12805603 8
12805627 597
12805703 1
12805763 1
12805823 1
12805861 20
12805967 6565
12805973 7
12805973 931
12805993 812
12805993 5036
12806041 5451
12806099 1
12806111 13
12806111 153
12806111 184
12806173 3
12806203 45
12806249 7
12806351 105
12806351 2076
12806383 8
12806459 9
12806527 5372
12806597 3
12806617 7875
12806657 7
12806683 8
12806713 80
12806863 468
12806891 324
12806957 63
12806971 149
12807013 3
12807127 5
12807127 7952
12807131 1
12807139 9
12807191 1
12807191 108
12807191 3045
12807203 76
12807203 1257
12807229 12
12807233 7
12807373 32
12807491 93
12807497 4
12807517 32
12807563 1
12807583 1160
12807601 3
12807671 9
12807721 3
12807727 9
12807727 357
12807799 5
12807799 149
12807799 1101
12807799 3344
12807857 3
12807859 5
12807859 4905
12807943 5
12807961 8
12807961 176
12807961 411
12808049 76
12808091 1
12808151 24
12808183 1220
12808241 39
12808283 1
12808283 817
12808319 1
12808319 12
12808511 1
12808511 664
12808583 1
12808661 5779
12808739 1
12808777 80
12808801 2468
12808819 132
12808847 6700
12808937 7
12808979 1
12809009 6579
12809101 3
12809149 11
12809149 612
12809149 635
12809281 135
12809557 3
12809627 148
12809627 453
12809633 127
12809711 640
12809747 9
12809747 253
12809761 1776
12809969 19
12809983 948
12810013 695
12810023 112
12810071 1
12810079 17
12810079 405
12810079 3116
12810121 779
12810169 12
12810191 1
12810191 1024
12810229 11
12810229 1476
12810247 408
12810283 33
12810293 531
12810353 3
12810377 247
12810433 272
12810529 15
12810569 2859
12810631 1005
12810647 325
12810709 1539
12810773 8232
12810821 1095
12810949 3284
12811079 9
12811177 48
12811223 360
12811231 24
12811241 55
12811241 315
12811303 225
12811343 1
12811369 24
12811373 3492
12811397 183
12811397 220
12811493 2376
12811499 1
12811499 9
12811511 1
12811571 3040
12811597 1055
12811661 6523
12811679 1
12811691 28
12811691 276
12811703 1
12811789 9464
12811811 4
12811867 4028
12811873 56
12811873 5232
12811927 8
12811937 3
12811937 15
12811961 39
12811973 628
12811973 2131
12811991 21
12811991 25
12812071 413
12812117 4
12812119 20
12812183 1
12812227 77
12812291 1
12812297 4
12812419 32
12812489 4
12812537 135
12812567 4
12812647 29
12812729 184
12812777 4
12812963 45
12812981 5040
12813023 1
12813149 2296
12813167 52
12813169 24
12813181 2996
12813253 80
12813413 7
12813487 5
12813497 564
12813523 8
12813569 439
12813601 2831
12813629 19
12813649 720
12813653 387
12813667 8
12813701 4851
12813833 8095
12813893 43
12813901 3
12813901 1224
12813959 1
12813959 57
12813959 369
12813973 3
12813989 1584
12814019 97
12814063 48
12814117 12
12814147 1164
12814169 172
12814187 597
12814237 3
12814273 2291
12814337 72
12814343 28
12814343 937
12814507 45
12814537 1112
12814567 737
12814679 1425
12814751 556
12814871 124
12814937 3739
12815017 3
12815017 60
12815027 69
12815053 23
12815107 312
12815137 3
12815137 20
12815149 2619
12815167 377
12815207 2257
12815237 163
12815251 20
12815267 12
12815437 567
12815533 7131
12815611 5
12815681 15
12815681 196
12815717 4
12815723 85
12815837 12
12815839 12
12815857 260
12815969 4
12816131 13
12816131 1893
12816169 59
12816179 1
12816191 81
12816191 696
12816269 51
12816343 81
12816389 9855
12816437 3
12816437 12
12816457 3
12816481 20
12816499 5
12816499 305
12816569 987
12816581 8748
12816607 9
12816607 48
12816677 1059
12816703 65
12816719 181
12816871 129
12816871 261
12816907 5
12816989 87
12817073 7
12817093 116
12817111 24
12817111 65
12817151 4
12817307 2352
12817339 77
12817373 7
12817471 444
12817529 1500
12817579 1485
12817631 244
12817733 3
12817759 32
12817759 1320
12817759 7004
12817801 968
12817807 20
12817823 1
12817841 40
12817841 1015
12817853 36
12817859 4992
12817867 69
12817907 57
12817943 1
12817967 64
12818111 49
12818111 2184
12818189 184
12818227 252
12818227 2772
12818231 1
12818329 492
12818447 69
12818471 64
12818473 1512
12818621 120
12818623 12
12818623 108
12818671 1496
12818699 1
12818851 408
12818879 45
12818879 49
12818879 4192
12818887 260
12818929 11
12819017 447
12819041 79
12819061 3
12819083 4893
12819197 3
12819197 640
12819383 16
12819403 57
12819413 4255
12819439 9
12819551 28
12819643 12
12819707 972
12819899 57
12819923 1
12819929 1824
12819953 40
12819959 1
12819971 45
12819971 321
12819971 324
12819971 1288
12820037 7
12820043 13
12820043 25
12820127 504
12820151 36
12820151 1276
12820219 9
12820229 7
12820259 316
12820289 16
12820289 40
12820337 28
12820529 4
12820547 60
12820559 352
12820583 33
12820583 4656
12820657 12
12820693 851
12820723 180
12820799 1
12820799 4
12820849 71
12820937 675
12820979 5280
12821021 7039
12821047 8
12821059 12
12821141 183
12821227 45
12821293 3
12821293 240
12821329 900
12821381 295
12821449 11
12821449 8340
12821477 4
12821491 2669
12821521 723
12821531 1
12821551 1260
12821581 3
12821623 128
12821701 3
12821701 303
12821717 3
12821717 43
12821747 1344
12821933 183
12821953 80
12822011 28
12822059 1
12822059 4
12822059 1281
12822067 5
12822079 360
12822079 809
12822101 4
12822181 75
12822203 1
12822203 37
12822287 4
12822323 165
12822349 47
12822373 11
12822373 120
12822503 1
12822599 1
12822631 2585
12822679 5985
12822731 21
12822827 24
12822877 92
12822973 111
12822973 231
12822973 423
12823021 44
12823079 37
12823099 497
12823193 1336
12823229 64
12823267 389
12823277 43
12823319 4
12823333 143
12823409 1524
12823427 457
12823453 3
12823453 3600
12823493 3
12823511 121
12823633 23
12823717 3
12823799 5064
12823859 1
12823859 909
12823859 6289
12823871 88
12823901 64
12824047 249
12824051 4
12824117 7
12824131 1925
12824167 5
12824197 8
12824249 15
12824249 319
12824263 780
12824303 1
12824303 72
12824321 931
12824323 873
12824347 5
12824347 488
12824347 3869
12824389 96
12824453 427
12824543 1
12824543 588
12824683 92
12824743 8
12824743 9237
12824807 9093
12824837 60
12824857 219
12824881 3
12824891 1
12824899 9
12824909 2691
12824983 3021
12825011 4
12825011 100
12825023 1
12825023 5532
12825083 1
12825107 12
12825149 4
12825179 12
12825217 803
12825427 69
12825469 212
12825517 75
12825581 3436
12825583 72
12825619 696
12825623 1
12825623 8568
12825679 2252
12825691 8
12825707 492
12825811 41
12825821 124
12826081 104
12826097 7528
12826141 2736
12826193 16
12826237 8
12826327 9
12826327 44
12826397 55
12826507 2604
12826523 25
12826543 2937
12826631 1
12826733 1563
12826763 397
12826811 1
12826859 1504
12826871 981
12826921 716
12826951 4008
12827081 4491
12827107 20
12827159 1
12827159 24
12827209 11
12827233 3
12827257 24
12827281 80
12827291 1
12827293 276
12827317 27
12827327 2533
12827387 132
12827387 7077
12827411 1
12827461 111
12827579 24
12827609 51
12827669 3799
12827693 3
12827693 3775
12827729 816
12827747 7228
12827891 1
12827891 1753
12827953 3
12827977 63
12827987 913
12828037 819
12828083 216
12828197 40
12828259 504
12828293 652
12828377 1495
12828407 9
12828461 2148
12828463 5
12828601 3
12828611 33
12828611 8596
12828619 9
12828719 1
12828719 3292
12828787 108
12828793 2183
12828797 63
12828841 588
12828911 4
12828911 9
12828923 436
12828923 3268
12828983 12
12828983 45
12828983 1848
12829031 40
12829039 36
12829087 68
12829097 12
12829097 9568
12829129 24
12829129 395
12829163 1
12829247 144
12829303 2628
12829387 44
12829451 2524
12829457 3
12829457 187
12829471 129
12829483 45
12829489 4131
12829493 36
12829501 3
12829573 35
12829573 96
12829601 2976
12829717 4212
12829717 5463
12829829 147
12829889 16
12829909 380
12829961 1824
12829967 945
12829967 6745
12829987 4448
12830029 15
12830047 12
12830161 68
12830203 36
12830327 52
12830351 1
12830479 12
12830537 2052
12830591 676
12830593 2576
12830651 28
12830677 87
12830693 291
12830729 31
12830729 540
12830743 48
12830911 9
12830957 3
12831059 21
12831067 5
12831067 444
12831083 381
12831083 4773
12831097 12
12831131 4
12831149 5211
12831293 4840
12831331 9
12831347 7677
12831359 24
12831383 652
12831419 1
12831449 91
12831457 32
12831461 43
12831463 8
12831487 197
12831653 27
12831701 396
12831739 96
12831743 12
12831857 63
12831881 1231
12831887 708
12831911 1
12831961 3
12832003 53
12832037 19
12832067 1588
12832111 5
12832147 2873
12832247 60
12832279 200
12832279 836
12832349 15
12832483 5
12832541 4
12832583 13
12832649 7
12832669 807
12832697 2224
12832741 15
12832801 23
12832817 3
12832817 120
12832823 1312
12832829 64
12832829 424
12832843 92
12832843 441
12832871 1
12832973 7
12833063 1
12833063 112
12833239 6569
12833269 807
12833273 1083
12833279 604
12833383 257
12833383 1545
12833489 3427
12833507 124
12833537 112
12833539 5
12833549 4
12833593 696
12833603 1
12833617 1155
12833789 7480
12833957 7
12833983 4796
12834001 3
12834053 7
12834071 144
12834083 945
12834187 8
12834187 17
12834191 45
12834229 339
12834257 1512
12834347 909
12834359 504
12834359 2292
12834401 3
12834407 25
12834509 156
12834551 1
12834607 93
12834611 13
12834649 15
12834649 6135
12834817 3
12834959 4
12834977 5979
12834977 6955
12835019 1
12835021 20
12835061 4
12835061 39
12835103 652
12835117 12
12835129 20
12835133 63
12835177 3
12835201 8
12835213 792
12835223 3105
12835463 865
12835567 1004
12835573 9251
12835651 68
12835729 3591
12835807 8
12835819 72
12835883 180
12835939 5
12836053 3
12836063 277
12836069 2455
12836141 31
12836189 412
12836251 3096
12836353 2931
12836371 329
12836459 1
12836459 276
12836491 5
12836543 13
12836617 1599
12836777 1507
12836869 75
12836869 1299
12836899 81
12836909 180
12836953 3
12837001 275
12837017 3
12837017 303
12837073 15
12837089 231
12837191 21
12837229 807
12837241 11
12837247 153
12837277 5460
12837371 141
12837437 144
12837493 8
12837547 2277
12837569 252
12837569 516
12837571 5160
12837577 3
12837599 141
12837653 60
12837653 163
12837661 3
12837719 1
12837739 285
12837743 633
12837743 1353
12837761 204
12837893 3
12837893 27
12837931 105
12837991 41
12838079 1
12838079 76
12838151 4
12838201 3
12838201 15
12838219 20
12838327 900
12838337 4
12838477 12
12838549 104
12838571 33
12838591 165
12838597 3
12838601 136
12838613 283
12838613 687
12838643 1
12838643 7881
12838751 1
12838751 1885
12838877 412
12838921 11
12838933 560
12838937 7
12838993 87
12838997 1983
12839147 124
12839149 11
12839201 303
12839201 3595
12839261 55
12839279 340
12839287 1280
12839293 3
12839381 4
12839381 1536
12839443 12
12839501 3
12839557 123
12839579 6925
12839627 40
12839677 504
12839677 7032
12839689 860
12839699 949
12839747 589
12839767 3444
12839809 11
12839863 485
12839863 4505
12840007 8
12840203 1
12840211 8
12840299 445
12840319 32
12840319 261
12840367 860
12840383 3661
12840539 1
12840547 4677
12840551 28
12840613 227
12840679 17
12840689 399
12840761 16
12840791 1
12840799 656
12840811 1424
12840811 5328
12840859 41
12840871 5
12840871 233
12840871 1913
12840931 2265
12840931 9293
12840943 1088
12841033 3
12841043 28
12841063 116
12841079 981
12841091 1
12841201 3
12841259 1
12841363 20
12841363 77
12841369 951
12841559 16
12841571 4
12841571 25
12841583 1
12841589 15
12841637 828
12841637 2548
12841727 313
12841883 1
12841909 44
12841921 2531
12841949 16
12841949 5520
12841991 564
12842051 1
12842069 112
12842083 240
12842083 981
12842107 5
12842183 1
12842209 3791
12842237 3
12842311 329
12842317 3
12842437 8
12842491 5
12842503 116
12842521 56
12842567 9
12842591 1
12842699 1
12842719 9
12842771 420
12842779 1272
12842783 1
12842821 11
12842849 15
12842861 4
12842887 44
12842957 7
12842971 684
12842987 60
12842989 7820
12843073 3
12843101 3
12843133 1367
12843191 1221
12843203 1
12843253 3
12843287 13
12843307 849
12843343 413
12843343 1361
12843409 6012
12843421 11
12843599 1
12843953 3
12843983 1
12843991 3416
12843991 8753
12844049 16
12844049 1215
12844049 4647
12844087 8
12844087 45
12844253 127
12844259 477
12844283 1
12844283 57
12844339 141
12844379 100
12844417 3
12844417 288
12844453 3
12844547 72
12844609 1052
12844621 8835
12844631 69
12844631 213
12844697 120
12844763 1
12844781 3144
12844807 180
12844903 9588
12844961 235
12844987 9
12844987 113
12845069 16
12845227 2529
12845291 1
12845291 4
12845291 168
12845309 7
12845381 124
12845461 188
12845509 59
12845509 299
12845513 1120
12845537 63
12845537 6763
12845647 149
12845717 7
12845743 833
12845803 3465
12845821 195
12845831 1680
12845839 5
12845939 61
12845939 124
12845939 880
12845951 313
12846019 845
12846131 1
12846131 81
12846133 3
12846151 21
12846151 161
12846191 1560
12846199 920
12846319 89
12846343 20
12846347 1077
12846419 1
12846419 1336
12846439 144
12846481 8
12846607 9
12846607 6665
12846619 44
12846629 5391
12846649 215
12846649 8699
12846667 2349
12846689 1656
12846751 740
12846773 1312
12846791 1
12846791 69
12846833 211
12846871 3105
12846887 2817
12846893 123
12846931 5
12846931 1748
12847007 49
12847007 1032
12847031 4
12847111 5241
12847139 1216
12847277 3
12847279 9
12847433 3
12847433 40
12847441 56
12847453 156
12847453 188
12847507 9
12847531 669
12847559 1
12847603 57
12847613 351
12847727 337
12847727 6409
12847771 44
12847859 1224
12847871 1
12847871 945
12847921 15
12847999 12
12848023 77
12848023 636
12848029 87
12848041 3
12848041 375
12848051 1
12848051 3885
12848159 4
12848261 3
12848321 55
12848333 915
12848377 164
12848383 1365
12848399 736
12848417 15
12848417 64
12848417 2223
12848431 233
12848461 399
12848543 28
12848543 36
12848557 8
12848557 228
12848557 1895
12848557 4760
12848573 7
12848597 495
12848599 1400
12848609 9115
12848659 572
12848669 4
12848669 12
12848777 3
12848809 996
12848837 2148
12848897 4
12848897 7
12848903 1
12848939 297
12848947 8
12848989 1364
12849007 180
12849013 3
12849041 3
12849071 1381
12849077 640
12849173 3115
12849181 36
12849181 3339
12849191 4
12849227 12
12849257 9895
12849259 9
12849293 91
12849311 1
12849311 124
12849503 1
12849649 47
12849653 12
12849673 23
12849713 3
12849713 163
12849721 59
12849799 2756
12849827 3364
12849857 1027
12849857 4384
12849883 1577
12849911 1
12849913 3536
12849973 276
12850043 240
12850043 2737
12850051 9
12850091 1
12850349 4
12850381 8
12850423 5
12850429 4067
12850477 48
12850499 49
12850573 71
12850597 3
12850601 4
12850769 7692
12850777 3
12850811 9
12850811 160
12850853 228
12850907 93
12850909 11
12851029 996
12851029 1224
12851039 12
12851057 3
12851117 3703
12851129 192
12851129 5712
12851141 3
12851177 4
12851233 63
12851249 124
12851261 1720
12851261 1840
12851323 57
12851339 60
12851357 4
12851357 5787
12851417 795
12851479 5
12851551 728
12851561 3
12851681 16
12851717 52
12851749 20
12851753 3
12851753 7
12851753 43
12851767 3900
12851791 89
12851831 1
12851831 1305
12851851 309
12851897 168
12851903 40
12851929 1904
12851939 36
12851981 3
12852067 8984
12852137 4
12852157 12
12852317 1819
12852601 1220
12852673 9552
12852779 121
12852787 885
12852809 2875
12852869 159
12852877 3
12852899 957
12852919 60
12852919 80
12852937 968
12853117 9528
12853121 1071
12853133 3
12853147 57
12853199 9589
12853303 36
12853303 65
12853403 201
12853439 1512
12853471 8
12853553 8323
12853579 45
12853579 56
12853657 99
12853693 35
12853693 995
12853693 8132
12853877 123
12853991 213
12854027 9
12854117 48
12854131 965
12854147 4
12854147 208
12854167 5
12854183 1717
12854267 49
12854287 5
12854287 465
12854311 20
12854383 5276
12854411 9
12854417 7
12854417 1540
12854483 1
12854551 7016
12854561 3
12854693 7
12854693 2635
12854719 2244
12854741 4
12854747 9
12854747 4660
12854759 4869
12854833 7740
12854837 7
12854903 201
12854951 3421
12855041 4
12855041 468
12855041 759
12855103 168
12855127 32
12855131 1
12855187 57
12855239 796
12855287 2244
12855307 12
12855347 508
12855407 12
12855463 17
12855481 4523
12855593 91
12855617 28
12855721 23
12855721 920
12855751 48
12855809 4531
12855833 3
12855851 1
12855877 3
12855877 8319
12855889 8892
12855929 7
12855929 39
12855967 5
12856021 3
12856037 12
12856099 8192
12856153 11
12856163 1
12856171 1293
12856219 545
12856231 45
12856231 2145
12856339 20
12856373 43
12856523 81
12856589 7
12856639 5
12856691 1
12856703 1
12856757 7
12856859 1
12856859 852
12856859 8604
12857017 1592
12857021 1128
12857057 264
12857087 48
12857087 204
12857107 152
12857107 245
12857209 15
12857279 61
12857279 141
12857431 2409
12857629 636
12857651 76
12857771 49
12857843 1
12857843 736
12857951 7464
12858017 4
12858067 5
12858067 24
12858227 7693
12858257 912
12858271 2900
12858323 5037
12858337 39
12858343 57
12858343 8937
12858367 57
12858407 57
12858427 224
12858437 603
12858533 207
12858569 424
12858607 140
12858607 224
12858743 1
12858847 12
12858847 2657
12858929 15
12858971 1
12859031 84
12859031 1236
12859051 21
12859069 15
12859097 19
12859177 8
12859211 1
12859271 13
12859321 203
12859321 240
12859331 760
12859381 3204
12859381 6408
12859417 1860
12859589 12
12859589 564
12859589 1432
12859631 316
12859697 19
12859793 3
12859841 76
12859853 15
12859879 36
12859879 257
12859879 5489
12859883 520
12859933 32
12859933 1976
12860033 3
12860051 1
12860077 3668
12860179 5
12860219 21
12860227 660
12860293 80
12860293 8727
12860317 2300
12860333 12
12860363 1
12860377 1743
12860459 4
12860501 3
12860539 125
12860557 20
12860597 4
12860597 340
12860723 1
12860747 5064
12860759 1
12860759 564
12860819 1
12861047 2149
12861091 24
12861223 45
12861227 4
12861281 3
12861319 5601
12861337 372
12861377 1519
12861379 5
12861419 4
12861467 244
12861467 808
12861517 8
12861517 528
12861701 856
12861743 1
12861791 160
12861847 8
12861889 27
12861949 32
12862019 5340
12862097 180
12862193 16
12862207 9
12862301 19
12862301 1995
12862357 267
12862357 584
12862583 481
12862621 1743
12862823 1
12862849 516
12862901 3
12862951 2420
12863023 1397
12863113 11
12863173 27
12863177 207
12863251 24
12863251 165
12863297 3
12863297 439
12863353 8
12863369 312
12863429 4
12863429 1515
12863467 3180
12863483 313
12863483 348
12863633 187
12863671 7485
12863723 1
12863737 8
12863743 12
12863839 80
12863927 13
12863953 51
12863999 21
12863999 585
12864031 8
12864097 12
12864167 64
12864191 1
12864227 48
12864233 1360
12864421 8795
12864491 4
12864541 3
12864623 1
12864701 943
12864707 7897
12864749 36
12864757 12
12864827 109
12864851 21
12864851 3033
12864941 48
12864959 4
12864959 352
12865001 1504
12865001 9748
12865003 45
12865003 1940
12865019 64
12865087 117
12865157 4
12865309 35
12865309 36
12865319 1096
12865367 2140
12865373 60
12865409 7540
12865477 459
12865519 377
12865709 679
12865757 7
12865883 7513
12865927 93
12865927 108
12865939 29
12865939 837
12865967 469
12866069 16
12866167 128
12866167 4964
12866197 1047
12866219 1
12866311 33
12866339 216
12866339 8461
12866351 1
12866353 503
12866573 55
12866593 3
12866627 2268
12866753 907
12866753 4092
12866803 5
12866827 7620
12866831 1
12866831 4221
12866873 3
12866879 420
12866939 4
12866939 840
12867031 1133
12867059 1
12867059 1165
12867103 8
12867187 9948
12867223 8
12867227 4
12867229 12
12867289 44
12867301 444
12867311 1
12867367 129
12867433 15
12867443 1
12867443 141
12867473 55
12867577 8772
12867581 196
12867587 148
12867593 12
12867611 1
12867683 2748
12867719 1
12867719 2605
12867719 5481
12867779 1
12867779 4
12867781 3
12867839 4
12867839 201
12867901 11
12867901 6611
12868039 1904
12868103 61
12868283 168
12868283 4225
12868307 33
12868319 1
12868319 372
12868321 44
12868343 1
12868363 176
12868393 632
12868411 5
12868411 116
12868411 2904
12868463 1
12868517 84
12868517 567
12868561 15
12868591 20
12868591 273
12868613 15
12868657 5612
12868697 7
12868729 6027
12868787 12
12868787 97
12868811 124
12868979 549
12868991 4
12869063 357
12869111 40
12869141 1284
12869177 247
12869177 708
12869209 215
12869209 704
12869209 2540
12869209 7544
12869261 31
12869261 76
12869267 2713
12869273 211
12869333 7
12869413 3
12869429 220
12869501 1275
12869567 4
12869603 33
12869671 108
12869671 240
12869671 684
12869837 868
12869837 6084
12869851 5
12869891 28
12869891 1596
12869893 887
12869933 16
12869993 7
12869993 4147
12870079 5
12870101 9795
12870227 28
12870289 279
12870313 8
12870313 20
12870349 147
12870371 4
12870401 2800
12870421 1383
12870449 7492
12870457 95
12870457 959
12870457 7340
12870497 4
12870511 9
12870541 3
12870551 21
12870563 420
12870647 589
12870661 351
12870773 5460
12870839 237
12870839 429
12870899 1
12870919 2556
12870959 1224
12870971 1
12871031 88
12871031 213
12871051 84
12871129 12
12871181 9163
12871241 175
12871247 52
12871361 15
12871429 11
12871429 396
12871451 1
12871511 1444
12871583 1
12871613 3
12871631 4
12871643 28
12871751 4
12871753 1407
12871787 24
12871799 69
12871799 220
12871891 2688
12872003 1
12872039 1
12872081 3
12872081 535
12872149 11
12872231 21
12872423 1
12872441 88
12872449 44
12872473 87
12872597 187
12872611 408
12872627 4
12872687 69
12872687 597
12872701 2684
12872711 1804
12872749 180
12872831 4684
12872863 56
12872863 332
12872869 15
12872869 60
12872933 3
12872941 8
12872963 756
12872987 4
12873019 257
12873041 3
12873079 44
12873083 1
12873173 60
12873193 87
12873197 15
12873197 43
12873197 3403
12873319 696
12873337 23
12873337 32
12873337 119
12873407 4
12873473 88
12873481 476
12873499 441
12873517 3
12873517 1023
12873551 1
12873689 5047
12873691 4449
12873781 284
12873793 228
12873803 1
12874009 96
12874159 336
12874163 2461
12874171 633
12874223 1
12874223 12
12874327 5
12874327 9
12874439 1300
12874573 8
12874633 3
12874633 132
12874793 7
12874793 523
12874847 48
12874973 336
12875003 1
12875021 304
12875081 79
12875113 467
12875129 7
12875129 36
12875249 420
12875251 9
12875279 229
12875497 8
12875497 168
12875617 5783
12875669 7
12875689 51
12875689 296
12875771 1
12875857 15
12875893 4808
12875903 1
12875903 3388
12875911 8
12875911 65
12876103 5348
12876139 45
12876161 3
12876179 1
12876181 44
12876211 5
12876229 3272
12876239 4
12876271 65
12876313 32
12876313 8703
12876349 3315
12876401 1515
12876467 13
12876469 1440
12876473 403
12876491 1
12876559 117
12876587 13
12876587 48
12876649 24
12876659 1
12876707 4
12876707 4813
12876713 7
12876739 57
12876839 124
12876887 28
12876887 120
12876923 216
12876953 7
12876959 780
12876961 1244
12876977 43
12876989 2364
12877181 7819
12877223 1
12877379 1
12877391 9
12877393 8
12877477 3735
12877507 5
12877547 105
12877603 2705
12877703 1
12877703 61
12877831 8
12877883 1
12877883 240
12877951 573
12877981 3
12878039 16
12878101 80
12878111 1
12878119 20
12878119 1016
12878147 88
12878161 519
12878267 28
12878297 7279
12878357 163
12878377 7019
12878483 1
12878519 136
12878519 3124
12878669 679
12878729 12
12878743 560
12878773 951
12878783 21
12878851 21
12878851 141
12878851 173
12878851 624
12878863 2772
12878891 2700
12878963 493
12879007 1584
12879019 161
12879049 1647
12879107 13
12879239 1
12879239 4
12879257 3
12879257 48
12879257 372
12879301 440
12879301 2135
12879313 3431
12879389 312
12879409 12
12879437 379
12879437 640
12879481 3
12879499 9
12879499 1529
12879623 1
12879667 7100
12879679 32
12879707 9
12879707 285
12879773 1540
12879859 861
12879883 17
12879943 33
12879947 13
12880151 1
12880151 4
12880183 72
12880261 1703
12880279 2316
12880331 4
12880331 1989
12880411 2513
12880447 1193
12880523 552
12880691 1
12880691 21
12880691 24
12880711 5
12880811 16
12880913 103
12880919 1
12880927 3429
12881117 108
12881131 6296
12881171 1
12881299 5
12881329 20
12881329 1287
12881347 9
12881369 1512
12881371 20
12881371 113
12881471 3648
12881543 13
12881543 97
12881543 1572
12881657 28
12881663 1
12881689 1191
12881773 8
12881773 15
12881777 3
12881783 493
12881839 2145
12881899 969
12881941 20
12881993 288
12882011 13
12882043 12
12882059 1
12882097 4047
12882109 15
12882131 501
12882161 103
12882187 7500
12882223 12
12882299 4
12882509 159
12882533 607
12882539 45
12882539 6076
12882707 48
12882721 60
12882731 9
12882781 56
12882781 203
12882799 149
12882847 20
12882847 32
12882847 269
12882847 3113
12882973 9491
12882977 5263
12882983 1
12883001 1188
12883103 13
12883193 592
12883303 456
12883303 668
12883439 1
12883439 169
12883439 549
12883439 8332
12883477 60
12883571 1
12883571 385
12883573 4427
12883643 13
12883757 439
12883777 44
12883811 556
12883813 395
12883861 264
12883951 44
12884017 12
12884041 5315
12884051 1
12884057 7
12884077 3
12884077 27
12884119 80
12884197 1227
12884371 2693
12884461 3
12884471 1
12884593 47
12884611 2288
12884629 71
12884659 5
12884771 1
12884779 105
12884803 3716
12884857 3200
12884887 8
12884891 4
12884891 6321
12884923 17
12884939 4
12885013 20
12885013 5543
12885053 75
12885149 12
12885149 267
12885203 121
12885203 2617
12885247 9
12885263 1
12885263 133
12885319 3801
12885343 161
12885349 575
12885419 1
12885419 4
12885421 464
12885443 1
12885463 2060
12885493 6908
12885527 45
12885539 352
12885569 12
12885581 3
12885683 232
12885827 4
12885913 5088
12885923 13
12885937 6939
12885941 3
12885941 1551
12885959 1
12886007 9
12886061 63
12886169 192
12886169 207
12886213 75
12886217 4
12886217 204
12886241 3
12886241 24
12886301 7275
12886453 3
12886589 160
12886651 6869
12886661 3
12886723 6141
12886771 9
12886771 113
12886781 603
12886843 33
12886849 800
12886919 52
12886927 648
12886931 1
12886949 7
12886963 21
12886987 3885
12887059 605
12887101 3
12887113 1812
12887117 84
12887177 3
12887341 3
12887389 59
12887389 411
12887461 4359
12887587 20
12887603 1
12887621 3
12887627 24
12887713 3
12887761 120
12887869 15
12887873 7
12887893 2060
12887933 28
12888067 20
12888131 1
12888143 1
12888163 5
12888217 443
12888241 8
12888277 3
12888283 41
12888311 1
12888313 3852
12888319 105
12888319 3092
12888427 20
12888451 429
12888503 1
12888511 21
12888511 108
12888527 4
12888539 1
12888583 240
12888643 441
12888709 20
12888749 27
12888749 219
12888749 660
12888769 2127
12888779 1036
12888793 1107
12888797 3804
12888803 72
12888851 33
12888917 4348
12888971 1
12889001 3
12889001 460
12889013 2592
12889091 60
12889133 1123
12889147 53
12889159 161
12889169 27
12889237 15
12889423 561
12889469 19
12889517 3
12889589 7
12889589 5031
12889607 348
12889627 1680
12889649 4
12889649 475
12889783 17
12889783 80
12889783 533
12889819 5
12889823 1
12889883 700
12889991 16
12890027 373
12890099 49
12890099 60
12890099 76
12890107 29
12890147 72
12890147 144
12890179 57
12890179 404
12890219 1
12890287 5
12890287 8
12890291 1
12890363 33
12890387 289
12890431 404
12890483 3172
12890489 171
12890567 12
12890597 7
12890653 1431
12890677 20
12890723 1
12890783 297
12890821 51
12890893 12
12890903 381
12891173 3396
12891211 80
12891223 1152
12891353 7
12891409 44
12891409 72
12891433 3
12891479 1
12891497 63
12891533 3
12891533 148
12891553 2595
12891553 3080
12891653 3
12891731 1
12891737 2467
12891751 320
12891751 1925
12891761 9819
12891803 1
12891803 576
12891881 24
12891973 356
12892027 8
12892093 75
12892181 4
12892189 1175
12892261 59
12892261 7980
12892331 1
12892349 3376
12892361 8851
12892387 5
12892403 4020
12892447 33
12892447 5369
12892483 3180
12892513 3
12892513 15
12892513 60
12892541 3
12892541 4
12892543 701
12892547 28
12892657 44
12892703 1
12892703 472
12892723 8
12892729 47
12892799 2365
12892829 52
12892843 2841
12892927 677
12892927 1613
12892927 1760
12892981 171
12893029 1232
12893071 4860
12893099 1
12893203 2405
12893219 2664
12893233 200
12893233 272
12893261 2923
12893281 2736
12893291 1
12893297 235
12893299 20
12893347 17
12893471 4
12893473 456
12893483 1
12893527 9
12893597 7
12893677 3
12893677 87
12893707 8537
12893791 341
12893819 3940
12893857 140
12893891 9
12893921 4
12893927 189
12894043 468
12894107 37
12894187 1688
12894263 1
12894341 483
12894383 1
12894433 75
12894457 2747
12894499 3980
12894499 8400
12894593 60
12894593 1251
12894641 4303
12894671 1
12894703 20
12894709 27
12894757 63
12894803 1
12894839 1
12894859 1104
12894923 1
12894971 4
12894991 36
12895079 1
12895177 2175
12895193 223
12895193 1227
12895213 188
12895261 63
12895301 5643
12895303 1476
12895331 1
12895439 1
12895451 1
12895513 8
12895529 187
12895541 40
12895609 9732
12895667 25
12895717 4655
12895763 40
12895777 8
12895777 2052
12895789 44
12895849 11
12895901 3
12895919 484
12896021 1216
12896153 1108
12896159 12
12896159 6772
12896309 27
12896309 616
12896309 3055
12896311 5
12896311 9836
12896347 5820
12896407 5
12896473 3
12896501 91
12896519 1
12896579 21
12896579 37
12896579 61
12896599 24
12896621 844
12896669 1735
12896707 729
12896773 915
12896833 60
12896921 3664
12896927 348
12897011 1213
12897037 20
12897163 516
12897191 253
12897251 9
12897251 24
12897259 2417
12897263 453
12897331 21
12897383 1
12897383 1012
12897427 9
12897623 141
12897667 3944
12897697 104
12897769 11
12897803 1
12897809 319
12897847 1593
12897847 7773
12897869 40
12897971 1
12898037 5760
12898157 48
12898229 387
12898261 48
12898261 1551
12898339 209
12898373 3147
12898441 44
12898471 4656
12898517 84
12898519 2061
12898541 288
12898643 1228
12898657 5712
12898763 6660
12898789 84
12898799 1
12898871 61
12898931 481
12899077 3
12899083 6773
12899149 299
12899149 9527
12899167 5172
12899189 7
12899437 3
12899473 168
12899483 1
12899501 19
12899501 183
12899531 1
12899539 429
12899713 12
12899737 24
12899737 1128
12899737 3404
12899737 3803
12899743 273
12899759 2397
12899773 11
12899837 7
12899869 332
12899869 2651
12899897 3783
12899977 219
12900001 20
12900001 2004
12900011 1
12900073 12
12900211 569
12900311 1
12900317 88
12900317 8715
12900323 132
12900367 113
12900403 81
12900469 1395
12900529 11
12900529 200
12900541 6276
12900551 1
12900551 769
12900553 2295
12900599 1
12900661 504
12900803 37
12900803 4237
12900809 444
12900809 1876
12900859 96
12900859 432
12900887 13
12900959 4
12900959 1260
12901037 123
12901081 3
12901103 885
12901157 483
12901223 28
12901237 3
12901277 19
12901307 5997
12901327 4317
12901337 19
12901381 11
12901403 16
12901541 55
12901571 1
12901573 143
12901579 56
12901633 1572
12901699 5
12901699 8829
12901717 23
12901871 13
12901957 68
12901979 1
12902117 3
12902117 388
12902237 48
12902237 87
12902339 16
12902363 25
12902363 96
12902401 51
12902423 1
12902423 2941
12902437 23
12902569 15
12902647 1632
12902783 1
12902849 15
12902867 4
12902873 136
12902891 648
12902959 192
12902959 500
12902993 3
12903001 3111
12903049 7032
12903067 8
12903067 428
12903067 864
12903133 152
12903133 183
12903179 1
12903179 4
12903181 3
12903287 700
12903313 3540
12903377 135
12903379 84
12903421 56
12903431 1
12903497 1287
12903503 1
12903559 116
12903559 3197
12903563 1917
12903587 445
12903587 2808
12903593 3
12903599 4
12903613 3
12903647 12
12903703 20
12903721 348
12903739 9
12903739 1712
12903763 33
12903791 1
12903973 123
12904049 1107
12904103 1
12904117 3
12904187 25
12904187 685
12904189 119
12904253 3
12904271 1
12904291 5
12904337 40
12904337 1732
12904469 387
12904481 3
12904537 8
12904603 12
12904631 1
12904631 225
12904637 24
12904643 16
12904691 21
12904693 3
12904813 3000
12904883 1
12904883 97
12904883 172
12904967 253
12904993 452
12905041 3
12905111 9
12905131 2528
12905183 192
12905183 648
12905219 21
12905423 1
12905423 201
12905437 1604
12905549 76
12905573 3171
12905603 1
12905699 1
12905699 204
12905701 3
12905713 80
12905723 1
12905723 13
12905773 3
12905861 3
12905903 1248
12905923 3285
12905969 7
12905969 16
12905999 9
12906001 4119
12906029 2812
12906041 135
12906053 36
12906067 785
12906133 8
12906193 171
12906287 4
12906287 13
12906287 349
12906287 1240
12906329 4
12906329 24
12906347 117
12906371 28
12906403 77
12906463 593
12906511 125
12906577 3
12906767 13
12906767 52
12906767 129
12906767 633
12906823 281
12906857 27
12906857 99
12906863 1
12907079 741
12907183 120
12907183 2156
12907241 15
12907259 1
12907259 352
12907273 4827
12907319 1
12907351 920
12907451 1
12907493 231
12907553 27
12907571 1
12907627 1977
12907649 639
12907711 5060
12907717 59
12907793 535
12907801 99
12907841 988
12907883 1
12907903 8
12907927 5
12908039 4
12908039 9
12908123 148
12908131 8
12908143 2817
12908167 5357
12908171 25
12908173 5591
12908279 9
12908323 425
12908437 27
12908531 9
12908531 16
12908549 1092
12908579 1
12908633 31
12908639 105
12908699 5832
12908713 723
12908963 1
12909097 323
12909131 1
12909131 25
12909139 2952
12909173 36
12909179 21
12909217 1568
12909241 3
12909251 4
12909283 65
12909319 5
12909343 12
12909467 4
12909551 1
12909551 1048
12909587 4
12909623 1
12909643 221
12909653 43
12909667 20
12909667 317
12909679 645
12909773 15
12909839 1
12909839 136
12909887 3165
12909893 76
12909907 9
12909997 143
12909997 3387
12910013 1375
12910147 309
12910147 1700
12910193 87
12910193 1663
12910207 9432
12910213 11
12910279 17
12910351 21
12910369 32
12910369 3660
12910411 21
12910433 7
12910553 7600
12910657 179
12910801 3536
12910813 71
12910873 3
12910873 111
12910943 168
12910951 65
12910957 24
12910987 8
12911053 56
12911057 403
12911071 368
12911081 15
12911117 3
12911117 4
12911123 36
12911161 5519
12911263 216
12911281 143
12911287 9
12911287 200
12911341 168
12911341 371
12911363 25
12911399 1
12911519 36
12911527 785
12911527 1940
12911623 893
12911683 116
12911711 1
12911711 7896
12911741 3180
12911777 4315
12911819 1
12911819 21
12911851 608
12911851 1185
12912041 4519
12912043 33
12912103 272
12912203 33
12912241 596
12912241 8415
12912293 171
12912301 3
12912331 33
12912353 15
12912391 9
12912437 3
12912479 1
12912527 52
12912589 4620
12912677 4
12912719 25
12912773 955
12912853 8
12912899 1
12912901 15
12912967 4868
12913003 8
12913003 17
12913039 36
12913163 12
12913169 4
12913181 295
12913231 9
12913457 859
12913471 5
12913543 5
12913651 48
12913751 9
12913793 7
12913819 101
12913819 3569
12913843 21
12913843 132
12913871 25
12913921 15
12913981 4028
12913991 1
12914021 63
12914059 324
12914059 1020
12914081 399
12914087 4
12914149 51
12914149 1179
12914171 1
12914173 15
12914189 1947
12914273 51
12914399 336
12914401 699
12914417 7
12914437 455
12914453 51
12914557 15
12914617 3639
12914651 16
12914659 356
12914761 6419
12914771 1
12914771 48
12914771 165
12914929 20
12915013 443
12915037 3
12915043 21
12915101 4
12915101 40
12915131 1
12915187 5
12915209 52
12915281 1444
12915281 5623
12915283 140
12915323 1
12915361 3
12915373 8115
12915391 4700
12915439 3212
12915559 437
12915593 2220
12915653 3
12915653 135
12915757 168
12915901 539
12915989 84
12916003 360
12916051 68
12916063 8840
12916157 204
12916217 27
12916247 25
12916289 4
12916331 1
12916331 249
12916417 3
12916499 4
12916507 57
12916507 224
12916511 1
12916679 1
12916741 3
12916843 2148
12916847 265
12916901 3
12917083 56
12917087 349
12917089 116
12917119 17
12917119 8772
12917123 1
12917183 132
12917291 4
12917291 25
12917357 3655
12917453 7
12917479 116
12917503 8
12917507 4
12917563 53
12917581 24
12917581 2343
12917609 180
12917609 255
12917627 72
12917627 300
12917633 1243
12917657 175
12917657 499
12917741 120
12917783 12
12917999 700
12918013 56
12918127 945
12918127 2100
12918259 6812
12918263 1
12918277 3707
12918287 1237
12918319 12
12918349 24
12918371 1
12918371 280
12918391 21
12918457 20
12918491 1
12918509 4
12918583 93
12918677 240
12918683 688
12918707 12
12918721 60
12918721 119
12918757 3
12918757 39
12918769 20
12918811 7004
12918907 44
12918923 1837
12919001 4
12919013 231
12919051 56
12919057 2667
12919097 3
12919097 2047
12919103 1
12919117 1488
12919163 1
12919211 4
12919211 301
12919211 1900
12919241 3
12919243 81
12919339 12
12919367 405
12919381 3
12919381 23
12919397 240
12919429 12
12919451 9
12919463 1
12919483 21
12919499 1
12919513 1475
12919513 1512
12919553 1375
12919559 1
12919567 24
12919717 1323
12919817 2680
12919843 12
12919883 1
12919889 24
12919927 93
12919987 545
12920003 1
12920023 6048
12920071 860
12920183 121
12920239 5
12920249 244
12920249 267
12920267 205
12920291 3316
12920381 3
12920407 5
12920443 480
12920461 3663
12920491 749
12920669 19
12920737 659
12920857 5127
12920903 2901
12920933 3
12921049 20
12921163 9777
12921179 1
12921179 105
12921179 7684
12921281 43
12921299 1
12921397 87
12921407 144
12921527 12
12921583 845
12921589 36
12921599 4420
12921611 180
12921673 8
12921679 161
12921829 107
12921829 191
12921833 40
12921911 960
12922027 5
12922103 1
12922171 9
12922229 5247
12922237 99
12922237 219
12922279 597
12922289 99
12922369 1295
12922433 27
12922501 588
12922577 3
12922579 3557
12922597 759
12922597 6444
12922739 864
12922801 11
12922801 2280
12922813 32
12922813 947
12922817 15
12922853 148
12922967 225
12923153 3
12923191 81
12923203 596
12923227 200
12923243 1
12923243 16
12923257 12
12923257 24
12923279 1
12923297 2755
12923371 129
12923387 769
12923453 12
12923461 63
12923527 2753
12923549 7
12923549 492
12923627 28
12923717 120
12923777 55
12923777 132
12923797 32
12923849 19
12923849 660
12923903 1
12923909 15
12924001 6435
12924133 300
12924173 436
12924181 3363
12924203 33
12924217 624
12924217 3447
12924221 43
12924221 139
12924257 24
12924259 21
12924259 80
12924259 1061
12924283 5265
12924323 156
12924323 3760
12924347 4
12924391 4481
12924449 1459
12924449 2620
12924563 1
12924563 1093
12924701 240
12924713 91
12924721 68
12924761 115
12924763 8417
12924797 12
12924797 67
12924817 3
12924841 44
12924841 68
12924971 13
12925019 1
12925061 28
12925079 160
12925093 87
12925139 24
12925169 19
12925207 8
12925267 588
12925421 4
12925501 839
12925637 3
12925697 723
12925697 1939
12925709 5167
12925807 293
12925811 25
12925943 16
12925943 976
12926003 1
12926119 65
12926119 165
12926159 1
12926159 57
12926159 229
12926219 816
12926293 407
12926339 4984
12926393 1003
12926461 44
12926567 52
12926609 451
12926623 740
12926729 4
12926737 8
12926803 56
12926803 425
12926819 45
12926863 2297
12926939 36
12926939 100
12926951 8905
12926981 2760
12927029 6915
12927119 52
12927151 9
12927329 51
12927331 8
12927373 3
12927401 4
12927437 4
12927503 1
12927631 9
12927641 28
12927661 168
12927671 1
12927671 33
12927671 348
12927703 17
12927721 56
12927721 144
12927781 1079
12927787 20
12927793 75
12927829 227
12927853 12
12927983 1
12927983 196
12928031 16
12928031 288
12928043 28
12928043 352
12928067 13
12928067 97
12928087 9
12928087 57
12928121 8508
12928127 72
12928439 1
12928459 21
12928477 32
12928501 15
12928501 519
12928561 276
12928613 3
12928631 1
12928637 27
12928697 1060
12928711 113
12928723 233
12928733 192
12928739 1372
12928753 12
12928813 11
12928813 15
12928813 1572
12928841 303
12928843 2300
12928843 2640
12928897 3
12929009 7
12929047 5
12929047 264
12929051 1
12929117 9043
12929149 3320
12929167 2033
12929207 4
12929207 108
12929221 39
12929221 71
12929303 1
12929339 172
12929383 161
12929419 17
12929591 256
12929591 7828
12929617 1292
12929729 60
12929729 132
12929729 4500
12929729 8715
12929779 21
12929779 161
12929941 3
12929947 8177
12929951 1
12929957 3
12929957 67
12929981 43
12930019 5129
12930059 64
12930077 4804
12930079 764
12930119 1
12930133 3
12930161 15
12930287 33
12930289 44
12930299 1
12930367 2772
12930419 1
12930443 672
12930461 28
12930479 1
12930479 4
12930479 361
12930493 6227
12930497 3912
12930787 9
12930889 2792
12930889 6720
12930923 13
12930947 517
12930979 77
12931091 1
12931091 4
12931103 4921
12931111 5
12931181 1663
12931199 1
12931223 3868
12931253 31
12931379 5832
12931411 2333
12931459 32
12931553 327
12931601 3
12931621 3
12931631 1
12931739 1
12931861 56
12931937 159
12932077 35
12932083 5025
12932107 189
12932123 37
12932131 6681
12932149 195
12932219 12
12932281 59
12932383 2145
12932441 823
12932443 2448
12932453 3
12932527 464
12932599 12
12932629 24
12932641 8
12932669 1212
12932677 24
12932687 85
12932707 8
12932839 96
12932867 4
12932879 1
12932879 1672
12932951 4
12932957 555
12933013 920
12933031 1844
12933203 705
12933227 112
12933269 7
12933269 111
12933341 223
12933341 280
12933359 4
12933439 60
12933443 1
12933493 275
12933523 5
12933523 12
12933523 3353
12933563 108
12933593 7
12933593 16
12933611 1
12933611 589
12933611 3664
12933671 996
12933827 25
12933827 948
12933829 80
12933829 299
12933931 329
12933941 84
12933941 400
12933967 120
12933997 819
12934021 35
12934021 279
12934123 8
12934153 123
12934183 1805
12934247 9609
12934301 3
12934333 2196
12934391 4
12934457 4
12934457 180
12934457 264
12934489 27
12934543 2040
12934549 35
12934613 36
12934613 1675
12934627 5
12934633 788
12934673 87
12934723 68
12934849 11
12935173 87
12935291 4
12935341 3
12935399 21
12935441 1288
12935491 45
12935519 1
12935563 1176
12935579 4924
12935617 60
12935617 84
12935621 19
12935627 388
12935737 6428
12935761 195
12935761 2708
12935771 1
12935771 244
12935801 4623
12935807 4
12935833 7391
12935887 120
12935939 60
12935947 44
12935999 1
12936023 1
12936109 3216
12936113 27
12936149 160
12936173 3
12936191 676
12936191 1045
12936221 151
12936221 183
12936221 355
12936449 4
12936461 3783
12936529 5099
12936653 51
12936659 1
12936709 11
12936713 940
12936769 15
12936817 467
12936877 3
12936901 491
12936919 504
12937019 1
12937019 841
12937021 99
12937021 4835
12937027 5
12937027 509
12937193 8428
12937237 9803
12937241 216
12937259 264
12937381 63
12937433 76
12937469 387
12937511 1785
12937543 12
12937543 3636
12937597 1040
12937601 3
12937621 23
12937621 6095
12937667 4
12937723 65
12937739 8697
12937817 3147
12937877 7380
12937931 1305
12937949 840
12937963 4185
12937987 173
12938041 8
12938041 11
12938137 3
12938231 1
12938239 9
12938273 12
12938273 171
12938279 21
12938281 36
12938323 296
12938483 8845
12938617 7527
12938689 179
12938711 64
12938741 3
12938831 208
12938851 21
12938851 2676
12938879 1
12938879 4
12938923 5
12938941 75
12938987 4
12939007 1053
12939061 3
12939167 48
12939197 28
12939203 1
12939257 748
12939359 69
12939613 536
12939637 3
12939637 3735
12939659 25
12939683 1
12939683 33
12939697 20
12939701 1396
12939727 9
12939851 1
12939919 404
12939929 4
12940001 19
12940073 316
12940079 1
12940117 6068
12940129 20
12940163 1377
12940201 11
12940223 1
12940223 97
12940229 7716
12940243 53
12940289 144
12940381 5523
12940429 32
12940469 675
12940523 1
12940541 3748
12940541 4959
12940769 7
12940769 315
12940847 2464
12940897 4844
12940903 360
12940937 55
12941057 292
12941077 48
12941077 468
12941087 4
12941087 24
12941101 3
12941129 96
12941197 263
12941293 491
12941311 21
12941399 9417
12941417 15
12941429 7
12941483 1732
12941491 105
12941531 1845
12941549 19
12941561 4
12941561 1020
12941597 39
12941629 51
12941639 1
12941639 5505
12941647 2313
12941771 9
12941843 1
12941909 4
12941923 588
12941927 4
12941959 56
12941963 1
12942067 5
12942109 812
12942121 3
12942179 1
12942179 12
12942233 16
12942331 1965
12942373 12
12942481 3
12942481 20
12942487 444
12942487 753
12942539 4
12942539 3117
12942571 3869
12942641 111
12942641 4900
12942659 45
12942691 1961
12942739 209
12942751 921
12942791 1
12942949 735
12942959 97
12942983 1
12942983 337
12943031 4
12943033 3
12943109 39
12943111 29
12943187 25
12943207 4977
12943223 1
12943369 75
12943417 8
12943507 69
12943531 8
12943573 3
12943573 20
12943603 5
12943603 32
12943621 3815
12943627 5
12943633 3
12943639 3504
12943729 1560
12943739 12
12943739 597
12943751 1
12943751 841
12943781 855
12943829 147
12943873 3
12943901 39
12943961 4
12943961 160
12943981 83
12944093 3712
12944119 3185
12944119 3464
12944153 12
12944153 2568
12944159 1
12944209 11
12944231 1
12944297 4
12944311 1313
12944369 984
12944509 227
12944587 8
12944587 369
12944593 12
12944641 431
12944651 49
12944669 5871
12944717 3
12944761 3
12944831 16
12944873 12
12944873 28
12944873 43
12944891 4
12944891 69
12944891 1861
12944891 6088
12944959 80
12944977 20
12944977 164
12944977 255
12944977 9323
12944999 4
12944999 36
12945001 3
12945001 3248
12945029 3087
12945047 4
12945047 373
12945077 7
12945077 12
12945077 108
12945157 200
12945157 2799
12945377 79
12945377 2032
12945391 5
12945467 9084
12945469 15
12945587 1093
12945607 17
12945677 4
12945739 20
12945787 5
12945841 3
12945853 2196
12945871 5828
12945931 1616
12945979 9
12946013 1651
12946013 1843
12946019 1
12946097 3
12946097 4555
12946123 285
12946133 3
12946133 12
12946147 29
12946169 475
12946177 1232
12946183 440
12946229 2095
12946229 5167
12946237 1760
12946289 2035
12946319 1
12946459 977
12946463 160
12946519 12
12946603 5
12946603 537
12946607 9928
12946649 156
12946663 6632
12946721 19
12946721 211
12946777 3
12946859 4
12946883 1
12946931 1
12946987 5
12946991 1
12946991 28
12947041 1379
12947041 6675
12947069 4
12947071 5
12947167 108
12947167 389
12947191 1284
12947237 4
12947261 4
12947261 39
12947351 4
12947381 3
12947401 2195
12947411 1
12947461 111
12947461 128
12947587 240
12947639 1
12947867 6393
12947881 4223
12947903 76
12947903 465
12948097 1544
12948209 12
12948211 45
12948217 287
12948223 5
12948349 72
12948371 1
12948371 21
12948427 8
12948707 2649
12948773 487
12948827 285
12948857 24
12948961 24
12949067 13
12949199 2725
12949267 752
12949273 1511
12949357 72
12949357 95
12949361 39
12949373 3895
12949373 5731
12949439 1
12949439 76
12949471 5
12949501 3
12949511 1
12949523 1
12949603 525
12949679 3621
12949679 7905
12949691 9
12949787 9
12949787 93
12949877 7
12949877 1200
12949883 1
12949931 4
12949931 28
12950017 4920
12950023 48
12950023 156
12950023 4577
12950083 7925
12950101 48
12950129 16
12950129 159
12950131 80
12950177 3487
12950183 1453
12950221 8
12950221 60
12950221 143
12950263 6953
12950291 1
12950291 4
12950299 32
12950303 1
12950339 117
12950339 2632
12950579 1
12950621 3
12950669 36
12950669 1632
12950831 1
12950843 1237
12950891 1
12951007 5
12951061 15
12951109 24
12951163 657
12951199 105
12951227 172
12951359 697
12951431 9
12951431 156
12951431 576
12951563 1
12951677 1747
12951751 540
12951761 7480
12951853 3
12951871 2436
12951889 36
12951907 9
12951907 1253
12951959 1
12951959 7509
12951973 4688
12952099 1976
12952103 13
12952229 7
12952567 3533
12952573 236
12952591 2669
12952607 132
12952633 543
12952649 112
12952669 171
12952729 12
12952729 275
12952799 1
12952799 49
12952853 7
12952999 9900
12953069 2995
12953113 2243
12953113 2376
12953119 77
12953137 168
12953159 1
12953189 2556
12953243 2208
12953333 12
12953399 1
12953399 36
12953653 8
12953929 1871
12953977 1068
12954047 64
12954077 6783
12954091 89
12954157 119
12954203 76
12954203 493
12954239 21
12954299 1
12954299 180
12954367 80
12954377 639
12954427 5
12954443 1432
12954463 8
12954569 1287
12954611 1
12954709 35
12954719 1
12954749 231
12954779 861
12954791 45
12954829 20
12954871 5
12954883 5
12954961 6416
12954971 33
12954971 81
12955067 4665
12955087 5
12955109 2551
12955121 1128
12955133 7
12955147 8
12955147 72
12955171 24
12955183 53
12955231 21
12955253 28
12955259 1
12955273 3
12955297 104
12955351 4029
12955361 19
12955531 5
12955531 141
12955637 7
12955637 163
12955639 9
12955681 423
12955687 9152
12955711 8
12955783 72
12955829 27
12955889 5251
12955933 116
12955961 136
12956003 5713
12956137 75
12956149 20
12956303 61
12956351 28
12956389 36
12956399 9
12956399 1021
12956597 352
12956701 119
12956731 8
12956731 1416
12956759 1
12956759 637
12956773 3
12956773 8
12956863 681
12956903 1
12956927 24
12956953 1436
12957013 4383
12957023 6217
12957037 15
12957137 1807
12957137 9004
12957149 4
12957223 12
12957253 83
12957253 216
12957253 1967
12957293 7
12957337 120
12957361 24
12957389 64
12957401 4
12957401 540
12957401 2880
12957419 1
12957433 15
12957443 52
12957457 3
12957463 8612
12957509 19
12957509 64
12957611 1
12957667 192
12957667 389
12957739 7220
12957839 1
12957839 12
12957911 1
12957911 4
12957911 313
12958061 60
12958181 2859
12958237 83
12958261 623
12958289 15
12958313 43
12958349 3604
12958357 9324
12958397 3
12958397 4
12958411 9
12958433 3
12958481 4
12958483 20
12958529 3240
12958577 235
12958691 1
12958691 193
12958807 9
12958859 1
12958919 1
12958919 81
12958919 816
12958921 3
12959017 2763
12959047 573
12959071 9
12959087 28
12959099 744
12959123 1
12959129 4
12959129 15
12959153 1263
12959183 1
12959183 157
12959351 1
12959377 144
12959399 1
12959489 1039
12959503 21
12959521 11
12959533 71
12959561 280
12959561 9696
12959579 4
12959579 9
12959587 84
12959591 49
12959659 5
12959677 420
12959801 4
12959801 16
12959809 116
12959819 1
12959819 3769
12959927 9
12959939 1
12959981 135
12960047 9
12960119 12
12960163 5
12960191 1
12960197 55
12960217 75
12960319 41
12960359 2556
12960457 1340
12960509 36
12960617 4
12960643 4697
12960719 1
12960781 35
12960781 9959
12960839 229
12960877 24
12960877 455
12960901 3
12960923 2425
12960929 4
12960929 15
12960971 2661
12961033 4680
12961079 4
12961187 12
12961253 52
12961349 4
12961367 180
12961381 275
12961423 5
12961499 1
12961499 36
12961499 5401
12961561 8
12961567 5
12961567 605
12961577 15
12961583 12
12961691 1
12961709 67
12961709 640
12961717 5939
12961727 3045
12961757 3
12961843 8
12961867 17
12961901 124
12961919 1
12961943 820
12961967 4
12961967 2212
12961987 9
12961987 69
12962003 1
12962069 4
12962093 12
12962119 9
12962197 192
12962197 4728
12962233 176
12962251 8421
12962377 63
12962419 32
12962491 233
12962497 524
12962497 1955
12962533 492
12962591 13
12962671 8888
12962701 9879
12962837 559
12962933 3
12962951 505
12962981 291
12963103 8
12963103 8660
12963133 92
12963143 1
12963277 1247
12963317 7215
12963407 4
12963619 89
12963679 60
12963679 5525
12963733 12
12963761 5224
12963817 164
12963883 372
12963943 1997
12963967 557
12964001 4
12964037 207
12964079 1
12964087 1020
12964123 225
12964123 308
12964181 3859
12964261 3
12964271 1
12964271 25
12964271 145
12964283 100
12964493 3
12964499 1
12964577 4
12964597 8
12964619 436
12964667 2017
12964717 3
12964751 1
12964751 4
12964753 47
12964781 351
12964817 52
12964817 4620
12964823 1
12964841 660
12964843 12
12964871 369
12964907 4
12964907 3928
12964967 1272
12965041 1860
12965053 3
12965063 1308
12965159 1
12965171 1
12965177 4
12965219 1
12965257 2067
12965263 1365
12965287 1373
12965527 272
12965633 4036
12965779 2465
12965783 1
12965783 1180
12965789 4
12965789 51
12965957 108
12965983 32
12966007 125
12966007 348
12966071 1
12966131 13
12966179 3205
12966269 7827
12966271 65
12966377 7
12966449 415
12966497 195
12966557 195
12966593 175
12966661 8
12966661 3519
12966851 1
12966929 4
12966929 7
12966929 39
12967061 3
12967121 55
12967133 3
12967151 1
12967237 2615
12967459 1461
12967523 1005
12967571 84
12967573 11
12967573 228
12967609 71
12967627 5489
12967679 1
12967679 9
12967679 49
12967687 12
12967733 27
12967763 157
12967819 444
12967841 3
12967841 4
12967841 3783
12967853 331
12967859 1
12968077 3
12968143 2760
12968209 15
12968209 4715
12968213 7
12968273 1200
12968273 2475
12968339 456
12968339 7404
12968383 1845
12968407 3420
12968479 45
12968503 8
12968519 1
12968533 3
12968551 2624
12968563 488
12968581 636
12968651 4
12968699 364
12968797 3
12968903 7621
12969043 480
12969083 1
12969083 13
12969157 3
12969197 7
12969403 20
12969431 589
12969433 176
12969491 13
12969547 80
12969547 2165
12969587 4137
12969679 9
12969751 920
12969821 19
12969839 1
12969839 205
12969893 952
12969919 260
12969937 912
12969941 3
12969941 15
12969949 27
12970033 8
12970037 4
12970037 5887
12970039 356
12970039 572
12970051 5
12970127 4
12970151 1
12970211 1
12970249 11
12970249 80
12970273 12
12970273 32
12970277 328
12970333 3
12970403 33
12970469 4
12970471 461
12970577 3
12970579 1389
12970651 81
12970651 84
12970667 12
12970681 144
12970691 16
12970693 36
12970709 160
12970733 976
12970753 2208
12970819 12
12970823 1
12970879 180
12970933 3
12970981 3
12970987 9
12971069 6159
12971111 1
12971137 4040
12971141 79
12971197 47
12971219 169
12971261 123
12971279 625
12971347 12
12971351 1
12971411 1
12971437 3023
12971447 373
12971447 577
12971551 5
12971599 5
12971599 12
12971611 1476
12971617 1407
12971641 1935
12971657 3
12971887 33
12971993 3
12972067 5
12972097 872
12972103 120
12972233 256
12972257 312
12972293 2196
12972301 23
12972461 3
12972461 6963
12972521 39
12972563 301
12972571 324
12972577 3
12972577 59
12972629 55
12972697 23
12972703 17
12972703 20
12972703 233
12972703 3177
12972721 684
12972803 1
12972871 36
12972959 1
12973013 7
12973039 416
12973157 48
12973187 4
12973211 1
12973223 1
12973241 75
12973309 692
12973399 12
12973399 6032
12973423 245
12973427 4
12973463 1
12973463 72
12973483 12
12973511 7420
12973529 996
12973577 4
12973613 472
12973651 8496
12973781 24
12973801 8
12973871 1
12973931 4
12973931 5008
12973937 4119
12973949 2851
12973973 340
12974147 1345
12974243 25
12974251 1089
12974267 4
12974279 265
12974279 496
12974341 23
12974431 413
12974443 20
12974501 4
12974503 21
12974627 7420
12974641 228
12974669 7
12974693 700
12974711 1
12974831 1
12974839 5
12974839 9
12974851 96
12974909 4
12974959 45
12974959 4256
12974993 7
12975091 5
12975101 2715
12975113 3
12975113 595
12975401 3
12975439 32
12975491 1
12975533 3
12975533 51
12975563 1
12975563 13
12975649 39
12975667 24
12975707 12
12975707 2484
12975779 52
12975797 3
12975877 32
12975877 348
12975953 3
12975961 176
12975983 57
12975983 4300
12976013 7
12976037 4207
12976039 1361
12976099 32
12976141 51
12976339 56
12976339 3464
12976367 40
12976417 23
12976451 21
12976511 4
12976511 9
12976657 12
12976681 63
12976727 592
12976793 3
12976793 16
12976819 84
12976877 3
12976877 4
12977059 4736
12977119 1184
12977141 39
12977219 312
12977233 3
12977243 141
12977381 4264
12977407 5145
12977411 1
12977411 13
12977411 36
12977411 8529
12977479 549
12977507 112
12977521 3
12977537 463
12977617 203
12977753 12
12977803 8
12977807 9
12977831 1
12977831 28
12977863 5
12977869 11
12977927 4
12977927 289
12977989 264
12977999 1
12978059 45
12978067 5829
12978073 423
12978373 20
12978401 3
12978409 111
12978419 37
12978431 1
12978487 8
12978499 312
12978611 300
12978659 1
12978683 1
12978809 595
12978829 111
12978829 215
12978829 399
12978851 1
12978853 3
12978853 171
12978883 8
12978899 304
12978899 396
12978929 4
12978929 984
12979063 1632
12979091 13
12979093 1020
12979123 33
12979129 20
12979139 4
12979139 741
12979151 13
12979303 12
12979423 1320
12979433 3
12979453 3
12979529 91
12979529 319
12979601 3
12979643 1
12979651 764
12979783 12
12979801 3
12979801 36
12979819 3141
12979847 7093
12979877 7
12979919 12
12979961 543
12980089 56
12980117 1843
12980189 7
12980269 2912
12980393 3
12980399 36
12980431 104
12980449 3251
12980459 661
12980467 413
12980479 497
12980519 9760
12980557 20
12980557 23
12980563 125
12980633 16
12980677 4107
12980677 8463
12980689 195
12980729 19
12980729 27
12980783 16
12981011 1
12981083 13
12981107 1564
12981167 12
12981197 64
12981253 3
12981307 108
12981377 3
12981403 5
12981481 759
12981539 1
12981599 1825
12981643 60
12981679 1577
12981691 216
12981733 3
12981737 75
12981797 79
12981911 49
12981967 353
12982007 1848
12982031 1
12982037 3
12982037 88
12982037 3984
12982043 21
12982049 12
12982141 3
12982141 8
12982157 747
12982181 4
12982243 12
12982261 11
12982261 123
12982331 1
12982351 81
12982471 3876
12982477 3
12982507 5
12982559 156
12982573 3
12982709 19
12982903 12
12982973 8176
12982999 12
12983051 45
12983111 4
12983161 3
12983167 33
12983249 12
12983249 1624
12983261 96
12983281 83
12983381 76
12983471 33
12983489 4
12983489 552
12983713 72
12983713 9728
12983759 1
12983771 16
12983771 109
12983819 9
12983819 4621
12983833 20
12983959 3296
12983987 4
12983987 492
12983987 2152
12984017 1492
12984031 5
12984053 91
12984053 420
12984089 16
12984149 24
12984149 552
12984211 65
12984217 819
12984347 249
12984359 3120
12984427 9
12984457 3
12984497 28
12984509 16
12984527 25
12984527 69
12984527 292
12984563 1
12984571 33
12984599 12
12984599 84
12984649 1436
12984689 4
12984689 147
12984689 4015
12984703 1593
12984707 1729
12984767 33
12984791 4
12984869 87
12984871 408
12984871 3705
12984913 68
12984931 8
12984973 7896
12985043 16
12985043 4132
12985057 27
12985079 16
12985123 5
12985123 12
12985139 1
12985157 27
12985163 1
12985177 3
12985177 8
12985319 1
12985381 3
12985447 2177
12985667 48
12985703 5112
12985799 1
12985801 548
12985867 737
12985891 2261
12985969 35
12986003 1012
12986023 3008
12986027 13
12986027 729
12986027 7624
12986221 3
12986357 19
12986377 1739
12986399 1
12986399 49
12986509 887
12986579 1
12986579 45
12986707 20
12986719 429
12986837 12
12986863 6117
12986879 436
12986951 1
12987059 1
12987071 64
12987097 212
12987151 668
12987179 45
12987217 1203
12987319 21
12987329 39
12987367 29
12987379 5
12987397 20
12987409 6771
12987413 1611
12987497 3
12987509 1299
12987509 1560
12987581 115
12987581 1356
12987599 1
12987889 12
12988007 4
12988007 9
12988207 5688
12988219 92
12988273 3
12988301 96
12988301 364
12988487 4
12988511 36
12988511 1569
12988637 5500
12988643 1428
12988757 7
12988883 1
12988931 1
12989023 8
12989023 348
12989083 4497
12989111 1
12989111 84
12989117 5608
12989209 2804
12989261 295
12989281 3
12989287 5
12989297 3
12989299 20
12989299 7800
12989321 3
12989321 24
12989351 21
12989351 64
12989441 3
12989441 55
12989453 435
12989539 24
12989591 621
12989677 888
12989681 3
12989747 688
12989783 2752
12989803 197
12989881 3
12990079 2864
12990097 12
12990151 8
12990179 1
12990311 40
12990371 9
12990427 605
12990427 1500
12990473 7
12990479 25
12990479 97
12990479 444
12990493 5871
12990557 859
12990583 8
12990583 6365
12990587 4
12990587 37
12990587 172
12990647 24
12990667 5
12990689 27
12990701 24
12990701 160
12990701 180
12990749 7
12990833 2316
12990853 15
12990871 84
12990899 1
12990979 9
12990979 117
12991061 136
12991061 196
12991073 235
12991103 1
12991127 48
12991157 3
12991331 13
12991427 4
12991427 177
12991439 117
12991453 3191
12991541 4
12991543 1637
12991571 1
12991603 1121
12991609 219
12991613 63
12991673 3
12991679 1
12991703 1
12991733 132
12991733 4600
12991799 4
12991813 3
12991931 1
12991939 9
12991969 12
12992003 13
12992093 43
12992123 1
12992129 355
12992141 4
12992141 39
12992141 8496
12992153 348
12992159 76
12992197 15
12992303 16
12992323 93
12992327 88
12992339 261
12992417 24
12992461 48
12992479 5217
12992489 999
12992501 19
12992519 7797
12992527 9
12992543 1
12992591 180
12992611 60
12992653 1140
12992663 12
12992687 28
12992761 80
12992797 3
12992831 73
12992851 96
12992851 1808
12992867 168
12993037 72
12993059 1
12993191 436
12993259 584
12993289 8055
12993317 4
12993481 1103
12993499 1664
12993599 45
12993613 3
12993613 95
12993613 1887
12993641 4
12993677 847
12993703 105
12993719 1
12993719 201
12993727 4353
12993731 1
12993731 469
12993737 7
12993821 1215
12993847 1493
12993889 12
12993917 132
12993947 33
12993971 3685
12993979 20
12994031 13
12994097 115
12994151 16
12994151 120
12994243 77
12994297 375
12994343 1
12994391 1
12994391 4
12994453 335
12994483 1268
12994493 1152
12994507 29
12994529 51
12994529 1575
12994601 100
12994679 36
12994687 68
12994757 4504
12994823 1
12994873 1731
12994897 6504
12994913 15
12994939 24
12994973 300
12994999 504
12994999 572
12995083 5
12995083 821
12995141 4
12995153 67
12995243 1
12995243 261
12995273 16
12995287 5
12995287 177
12995291 21
12995459 1
12995459 40
12995459 6741
12995519 1
12995663 1
12995687 12
12995707 29
12995747 220
12995797 75
12995821 476
12995887 8
12995887 129
12995903 1320
12996013 8247
12996023 21
12996043 233
12996059 45
12996059 5064
12996229 132
12996239 1
12996271 1709
12996271 2801
12996301 2631
12996341 4
12996341 36
12996359 1
12996433 3
12996433 623
12996547 5
12996637 84
12996637 1140
12996667 165
12996733 4596
12996751 41
12996761 39
12996773 9952
12996803 16
12996803 4513
12996827 165
12996859 5
12996871 5
12996923 76
12996941 2775
12997003 77
12997009 24
12997009 191
12997069 6251
12997151 1
12997151 28
12997157 4
12997217 3
12997253 3
12997279 12
12997289 4
12997289 36
12997399 1925
12997421 2200
12997433 240
12997477 104
12997477 279
12997483 8
12997483 56
12997513 2208
12997631 9
12997651 321
12997651 329
12997679 604
12997801 3
12997801 6039
12997847 717
12997937 928
12998053 3
12998099 16
12998131 941
12998317 75
12998389 4731
12998417 4
12998417 55
12998449 20
12998459 4
12998597 387
12998683 3501
12998707 1268
12998719 29
12998809 11
12998819 1
12998861 175
12998977 7295
12998987 4
12998987 12
12999061 8
12999083 9948
12999143 156
12999149 255
12999241 3168
12999313 8
12999379 21
12999421 279
12999421 515
12999421 3663
12999473 1363
12999479 4
12999521 4128
12999563 376
12999641 19
12999677 15
12999731 513
12999799 261
12999929 4
12999937 555
12999937 1044
12999947 1105
12999953 103
12999997 32
