27500003 1728
27500023 8
27500093 3228
27500107 84
27500107 5484
27500167 4185
27500281 3
27500281 903
27500281 2336
27500303 1
27500303 12
27500303 732
27500303 5040
27500321 91
27500329 1376
27500401 8
27500563 3848
27500651 9
27500719 3576
27500723 97
27500723 256
27500723 2428
27500741 3
27500777 160
27500783 1
27500857 3
27500899 1869
27500929 132
27501017 2140
27501043 96
27501049 155
27501263 16
27501281 2019
27501361 3
27501389 19
27501437 4
27501451 56
27501473 40
27501499 549
27501521 36
27501613 3
27501757 3
27501757 59
27501757 2027
27501769 12
27501769 27
27501769 119
27501863 16
27501917 7
27502001 3
27502099 9
27502099 185
27502147 5912
27502151 165
27502183 48
27502219 9
27502289 67
27502369 56
27502381 3
27502427 12
27502429 11
27502439 1
27502451 24
27502463 1
27502471 24
27502471 2525
27502483 20
27502511 1
27502591 5
27502619 1
27502649 19
27502703 757
27502703 957
27502721 1791
27502723 156
27502781 76
27503011 60
27503029 107
27503029 204
27503123 1
27503143 5
27503213 300
27503219 1
27503219 9
27503219 325
27503221 68
27503249 16
27503303 1
27503309 27
27503419 21
27503521 3
27503599 84
27503633 3
27503633 12
27503669 24
27503669 2560
27503689 75
27503689 2147
27503797 575
27503813 723
27503893 107
27503893 1820
27503893 4260
27503897 4
27503953 8
27504007 113
27504049 1356
27504091 1080
27504149 655
27504157 528
27504167 84
27504187 9
27504221 195
27504227 3069
27504247 53
27504289 135
27504311 1
27504311 241
27504413 3
27504413 15
27504413 4728
27504461 3
27504461 343
27504599 1300
27504611 9
27504769 1131
27504787 7469
27504791 216
27504853 3
27504853 15
27504859 21
27504881 571
27504889 7464
27504923 1
27504923 12
27504931 2445
27505007 13
27505007 532
27505057 5424
27505057 7500
27505061 243
27505129 1559
27505147 5
27505147 533
27505147 8253
27505211 9
27505271 5604
27505297 39
27505403 16
27505411 108
27505411 2033
27505421 15
27505433 7
27505523 345
27505531 65
27505561 59
27505561 176
27505567 209
27505637 7824
27505651 2033
27505697 52
27505727 1480
27505759 92
27505771 20
27505799 1
27505831 84
27505871 1
27505879 17
27505903 45
27505927 5
27505943 412
27505969 72
27505981 8
27505991 9
27505997 895
27506033 3
27506077 80
27506159 625
27506159 1476
27506173 1820
27506177 79
27506179 9
27506179 5156
27506191 3125
27506267 1728
27506273 36
27506287 5
27506329 119
27506359 77
27506411 1
27506411 4
27506497 47
27506569 3852
27506621 5944
27506693 592
27506707 128
27506807 580
27506863 1272
27506881 2631
27506881 5891
27506959 5
27506977 12
27506981 3
27507083 13
27507439 96
27507503 73
27507577 528
27507619 17
27507673 11
27507677 99
27507691 629
27507707 13
27507869 3099
27507911 1
27507937 59
27507947 1824
27507967 8
27507967 3312
27507971 1
27508009 95
27508049 400
27508049 436
27508051 5
27508051 1284
27508163 2772
27508189 80
27508267 6053
27508277 972
27508291 3561
27508543 320
27508571 1
27508589 235
27508609 3927
27508627 120
27508681 368
27508693 3
27508697 7899
27508711 8
27508721 624
27508721 2944
27508801 35
27508829 4
27508829 112
27508969 119
27509039 1
27509039 4
27509107 3953
27509113 15
27509129 7
27509161 123
27509203 33
27509239 345
27509381 919
27509479 5
27509479 149
27509527 2933
27509543 36
27509567 28
27509567 217
27509623 7481
27509683 2325
27509767 7584
27509837 24
27509843 217
27509939 1
27509947 5
27510013 92
27510017 4
27510149 15
27510163 36
27510247 3605
27510257 3
27510487 12
27510491 1
27510491 3096
27510493 123
27510521 31
27510601 3
27510601 104
27510611 1
27510661 3
27510677 7764
27510761 2631
27510779 1204
27510793 120
27510793 4448
27510797 12
27510871 201
27511021 2043
27511037 79
27511199 9
27511223 1
27511277 4
27511283 1
27511391 1
27511573 15
27511597 1160
27511699 69
27511751 1
27511777 8
27511817 24
27511871 1
27511931 28
27511961 64
27511969 44
27512047 1224
27512063 1
27512197 188
27512269 2331
27512333 5527
27512431 213
27512473 216
27512473 2447
27512473 9267
27512483 1
27512509 24
27512539 1289
27512557 3
27512609 1564
27512629 9915
27512633 27
27512689 11
27512767 2613
27512831 28
27512833 96
27512843 117
27512843 540
27512861 1599
27512861 2875
27512957 447
27513097 203
27513113 3
27513113 55
27513119 1
27513119 9
27513149 12
27513203 1
27513271 41
27513331 5
27513443 1
27513467 633
27513467 3709
27513509 732
27513527 28
27513527 528
27513641 96
27513677 2388
27513737 303
27513749 1815
27513821 31
27513947 4908
27514027 260
27514139 76
27514183 8
27514351 609
27514351 5181
27514363 8
27514427 28
27514429 15
27514433 220
27514631 4
27514637 3
27514651 80
27514691 85
27514691 2625
27514727 72
27514807 33
27514867 72
27514919 4
27514961 3
27514999 545
27515009 7
27515017 35
27515017 3944
27515041 11
27515123 16
27515123 76
27515167 5
27515219 1
27515263 8
27515263 12
27515273 76
27515303 465
27515381 40
27515437 672
27515641 3
27515647 2132
27515689 3620
27515717 52
27515759 1
27515759 592
27515903 1
27515951 1
27515951 193
27515959 81
27516011 1
27516133 2363
27516133 6428
27516179 1
27516241 71
27516323 541
27516337 3
27516341 15
27516403 365
27516413 28
27516443 153
27516451 6881
27516521 3
27516529 60
27516539 1
27516539 16
27516631 93
27516649 539
27516677 120
27516739 5
27516791 109
27516793 3
27516851 1
27516913 3
27516913 15
27516953 3
27516953 3460
27516989 640
27516989 3192
27517079 4
27517079 492
27517121 91
27517163 1
27517211 1188
27517241 55
27517313 27
27517403 1
27517559 1
27517559 16
27517573 23
27517573 7428
27517597 140
27517631 1
27517703 12
27517703 88
27517741 635
27517811 1
27517843 521
27517843 9321
27517859 1
27517937 75
27518081 3
27518107 5024
27518159 145
27518311 1236
27518383 65
27518459 4
27518459 21
27518531 1
27518599 17
27518629 20
27518657 3
27518683 17
27518683 317
27518719 449
27518773 11
27518797 2112
27518809 7404
27518837 3
27518837 52
27518993 1191
27519139 5
27519161 2583
27519199 137
27519251 1324
27519307 4865
27519307 8064
27519319 4925
27519341 55
27519343 48
27519403 36
27519419 3409
27519469 32
27519469 195
27519473 403
27519491 1
27519493 8
27519517 8
27519517 39
27519641 4
27519641 3648
27519649 12
27519839 3421
27519841 276
27519893 5508
27519949 44
27519949 1952
27519953 4620
27520013 12
27520081 48
27520099 269
27520109 271
27520109 307
27520139 9
27520169 4
27520201 3
27520201 44
27520279 936
27520289 855
27520319 1
27520447 152
27520477 8
27520477 179
27520477 7272
27520517 3
27520517 243
27520543 12
27520543 4568
27520567 108
27520589 124
27520651 281
27520763 1
27520789 2075
27520819 2280
27520837 1259
27520861 3236
27520919 2497
27520973 3
27520973 88
27521159 217
27521287 317
27521311 593
27521321 4
27521387 117
27521393 7
27521393 16
27521399 9
27521399 97
27521413 107
27521471 2064
27521579 1
27521581 3
27521597 3
27521807 2020
27521863 5
27521863 41
27521891 4
27522083 532
27522151 9
27522151 65
27522179 37
27522181 9639
27522233 4803
27522251 1
27522263 1
27522263 253
27522289 312
27522343 53
27522347 9
27522359 1
27522419 697
27522427 533
27522499 32
27522553 3
27522557 3
27522569 4
27522631 5060
27522701 28
27522721 23
27522721 911
27522721 2163
27522721 2888
27522727 3285
27522797 43
27522799 56
27522821 1984
27522841 171
27522841 1851
27523021 8300
27523033 15
27523091 1
27523091 753
27523109 64
27523211 1
27523241 28
27523333 900
27523337 1332
27523367 885
27523393 11
27523411 5
27523427 12
27523439 1
27523511 1
27523651 48
27523733 2215
27523823 1
27523831 5
27523841 16
27523849 275
27523919 469
27523933 3
27523933 27
27524059 17
27524131 8
27524177 4
27524347 12
27524401 3
27524401 71
27524527 3144
27524593 15
27524611 3860
27524647 89
27524677 3
27524737 408
27524743 545
27524831 1
27524843 180
27524881 1220
27524909 339
27524923 65
27524963 220
27524971 125
27524971 360
27525013 12
27525079 785
27525097 27
27525137 3
27525137 7027
27525143 1
27525247 60
27525247 420
27525301 15
27525301 20
27525361 804
27525371 36
27525383 45
27525383 52
27525383 60
27525419 1
27525439 17
27525527 12
27525671 1
27525697 12
27525713 1656
27525761 24
27525769 11
27525769 9371
27525791 1
27525803 28
27525821 84
27525829 372
27525863 1
27525893 220
27525929 12
27525931 5
27525931 1361
27525947 529
27526073 36
27526091 1
27526139 1
27526141 51
27526141 624
27526229 72
27526253 16
27526267 164
27526333 56
27526393 5643
27526507 48
27526507 8657
27526531 8
27526531 128
27526589 4564
27526589 5572
27526601 43
27526747 12
27526813 111
27526831 21
27526903 12
27526931 1
27526943 1032
27526957 20
27526957 27
27526979 1
27527069 4
27527107 104
27527107 693
27527153 3
27527183 40
27527191 5
27527191 96
27527191 1400
27527207 9
27527231 1888
27527243 1
27527243 3196
27527249 12
27527341 2895
27527399 240
27527503 21
27527503 56
27527537 7
27527557 728
27527663 13
27527701 8
27527701 11
27527749 1944
27527791 305
27527813 3652
27527891 124
27527891 129
27527939 1
27527953 3
27527953 1907
27527959 9684
27528001 44
27528071 1
27528233 3111
27528239 1
27528239 1780
27528271 9
27528313 8
27528317 39
27528367 17
27528379 5
27528379 1397
27528433 155
27528437 112
27528443 1
27528469 44
27528499 17
27528779 1
27528827 9
27528881 871
27528881 2403
27528937 3
27528937 1100
27528983 33
27529013 415
27529013 7012
27529111 36
27529129 12
27529181 4
27529241 144
27529297 3
27529301 723
27529303 21
27529319 1
27529343 1
27529507 5
27529507 449
27529553 235
27529661 4
27529661 148
27529769 111
27529811 529
27529837 147
27529889 111
27529937 748
27529969 36
27530039 1
27530059 5
27530227 3584
27530273 55
27530299 80
27530339 4
27530339 316
27530339 3160
27530359 12
27530441 55
27530491 80
27530507 145
27530527 368
27530533 63
27530603 1
27530617 3
27530617 863
27530651 996
27530693 148
27530749 1175
27530929 3767
27530941 99
27530963 460
27530983 5
27531013 108
27531113 2787
27531149 520
27531407 2965
27531431 33
27531473 1228
27531499 924
27531523 77
27531533 148
27531641 3663
27531683 5253
27531743 1
27531743 1512
27531769 15
27531781 80
27531827 33
27531839 157
27531853 8
27531971 4
27532019 1
27532093 212
27532093 543
27532093 776
27532301 511
27532363 4857
27532399 17
27532447 360
27532471 84
27532559 225
27532613 115
27532693 7127
27532723 32
27532859 12
27532859 5472
27532931 1
27532993 563
27533087 9
27533087 148
27533111 1
27533111 36
27533279 1
27533293 36
27533321 108
27533381 3084
27533417 108
27533479 2132
27533533 3
27533551 476
27533551 1620
27533581 4719
27533677 48
27533677 168
27533687 1108
27533801 175
27533861 8811
27533867 52
27533881 5111
27533899 2661
27533953 1196
27533993 9696
27534007 44
27534041 1000
27534109 380
27534167 4
27534193 48
27534217 8
27534251 9
27534257 4
27534257 39
27534301 8
27534341 1948
27534389 127
27534421 24
27534431 4
27534469 12
27534583 5
27534653 7968
27534677 48
27534691 8
27534901 2771
27534911 1
27535003 20
27535031 1
27535031 625
27535031 1024
27535063 12
27535063 33
27535129 1812
27535171 44
27535229 99
27535337 7
27535367 13
27535379 121
27535451 1
27535451 48
27535463 1
27535513 3
27535601 123
27535661 3
27535679 24
27535691 105
27535777 1095
27535793 1420
27535811 3525
27535909 360
27535913 40
27536053 12
27536081 15
27536147 28
27536207 48
27536207 393
27536213 3
27536213 1188
27536281 720
27536423 1
27536513 36
27536519 1717
27536603 13
27536609 5440
27536671 5061
27536759 724
27536777 52
27536807 4
27536903 1
27536903 1501
27536939 1276
27537073 6503
27537089 3031
27537101 4
27537149 159
27537179 1
27537193 68
27537203 21
27537239 1
27537241 3
27537313 8
27537319 12
27537343 5
27537343 20
27537373 72
27537457 3
27537529 251
27537557 3
27537577 15
27537577 23
27537611 873
27537613 1040
27537661 3
27537661 6563
27537667 65
27537677 2368
27537689 16
27537781 8
27537787 269
27537949 20
27538151 1
27538177 1268
27538187 388
27538241 4
27538241 163
27538289 207
27538319 1
27538333 6987
27538369 24
27538499 1
27538583 7440
27538703 3240
27538769 415
27538783 5
27538837 3
27538837 12
27538879 9
27538879 249
27538897 180
27538897 3599
27538919 1
27538991 1
27538991 108
27539021 36
27539021 5655
27539051 9
27539053 3
27539107 92
27539111 1
27539111 1813
27539273 3
27539273 15
27539279 1
27539279 969
27539293 47
27539333 252
27539381 316
27539399 16
27539461 3
27539573 12
27539591 1
27539719 44
27539801 24
27539801 63
27539903 1
27539917 444
27539989 47
27540011 13
27540067 297
27540103 192
27540109 92
27540133 1460
27540133 1568
27540181 11
27540203 76
27540257 67
27540281 19
27540281 2463
27540311 1156
27540347 85
27540467 109
27540497 3
27540563 1
27540577 12
27540599 1
27540599 249
27540607 1085
27540631 8
27540641 844
27540659 1
27540701 195
27540701 831
27540791 1
27540791 4
27540847 12
27540857 1348
27540883 17
27540991 36
27541057 383
27541099 89
27541177 335
27541193 15
27541231 5
27541301 7084
27541363 5
27541363 2912
27541433 60
27541441 2756
27541567 3129
27541573 291
27541667 12
27541739 369
27541771 6885
27541841 3751
27541897 188
27541903 737
27541937 4
27541957 44
27541957 48
27542219 1197
27542239 1001
27542297 3
27542311 273
27542377 8
27542399 217
27542401 35
27542401 395
27542429 36
27542453 7
27542483 40
27542513 40
27542579 1
27542579 6280
27542699 1
27542729 75
27542759 1
27542783 1
27542789 6439
27542813 3
27542819 1032
27542831 1
27542843 37
27542899 6600
27542929 7715
27543017 3
27543041 4935
27543073 36
27543073 71
27543137 667
27543203 1
27543311 1
27543323 3573
27543353 5367
27543361 5295
27543449 4
27543479 852
27543491 25
27543547 5
27543569 4
27543569 5671
27543617 48
27543721 3
27543773 615
27543877 15
27543911 4
27543911 124
27543959 1
27544031 156
27544073 3
27544189 335
27544241 36
27544273 1215
27544277 40
27544373 156
27544459 2769
27544529 24
27544549 731
27544567 68
27544591 9
27544633 63
27544651 5
27544669 9591
27544787 2457
27544831 9
27544831 293
27544859 1
27544901 3076
27544919 4
27545039 4
27545059 60
27545171 76
27545249 40
27545251 5
27545261 4
27545351 4
27545351 9
27545387 48
27545429 36
27545537 3
27545537 7
27545543 1
27545549 16
27545549 559
27545549 2979
27545597 15
27545647 333
27545761 108
27545803 8
27545803 4116
27545821 1535
27545951 1
27545993 307
27545993 1387
27546193 2207
27546229 1715
27546269 2512
27546329 9735
27546377 3
27546419 1
27546553 8
27546553 371
27546577 3
27546587 48
27546641 3
27546679 9
27546719 1
27546719 145
27546719 592
27546721 3
27546731 156
27546809 987
27546821 148
27546931 2669
27546947 9
27547049 4
27547109 3135
27547139 1
27547139 12
27547141 3
27547153 23
27547153 7676
27547213 4640
27547229 7
27547249 144
27547297 3243
27547363 533
27547381 11
27547441 8
27547441 1604
27547529 1516
27547571 1873
27547577 15
27547693 80
27547763 1
27547799 192
27547829 96
27547831 21
27548033 3
27548077 3
27548099 1
27548123 153
27548201 3760
27548267 808
27548321 51
27548329 11
27548357 3
27548357 127
27548369 4096
27548377 3
27548489 6136
27548501 4
27548513 3
27548513 472
27548519 1
27548527 9
27548557 363
27548557 692
27548581 3
27548581 515
27548581 651
27548593 2516
27548621 319
27548723 93
27548771 1
27548777 112
27548819 1
27548819 45
27548887 428
27548897 3
27548903 637
27548981 96
27549017 600
27549023 1
27549023 13
27549121 8
27549143 1
27549233 1791
27549323 1
27549437 28
27549451 5
27549647 877
27549721 63
27549737 1519
27549757 9908
27549761 424
27549761 835
27549869 4
27549881 60
27549881 168
27549967 8
27549997 3
27550027 5
27550111 33
27550129 1719
27550141 3
27550169 4420
27550213 1167
27550213 6836
27550283 1
27550291 2385
27550499 4
27550499 21
27550511 1
27550529 12
27550577 19
27550583 28
27550639 5
27550669 35
27550717 8
27550717 1428
27550753 120
27550777 147
27550799 61
27550801 6516
27550871 421
27550871 1621
27550877 5388
27550889 24
27550979 4
27550997 3
27551099 1
27551191 21
27551243 36
27551267 2829
27551371 8
27551371 4785
27551417 3
27551473 27
27551473 2280
27551477 3
27551581 60
27551651 853
27551707 5
27551759 1
27551831 148
27551833 3071
27551899 56
27551903 1413
27551929 71
27552067 113
27552089 439
27552127 89
27552127 365
27552251 805
27552443 172
27552479 1720
27552557 115
27552619 140
27552619 2169
27552653 3
27552743 7800
27552787 12
27552839 1
27552851 1
27552883 57
27552923 1
27552923 1813
27552923 6156
27552979 24
27552989 79
27553003 21
27553069 291
27553117 8
27553157 88
27553171 2936
27553171 8493
27553181 3
27553213 95
27553307 40
27553373 3088
27553381 35
27553387 20
27553387 285
27553387 1332
27553387 2273
27553417 20
27553441 8
27553441 8351
27553453 107
27553501 3
27553501 11
27553543 7581
27553579 9
27553601 1288
27553613 451
27553621 3
27553627 17
27553717 3
27553717 35
27553847 9
27553961 4
27553969 380
27553979 1
27553979 69
27553987 45
27554041 591
27554081 4
27554287 425
27554339 16
27554339 36
27554339 5632
27554369 4
27554453 16
27554497 3
27554497 6875
27554551 5
27554551 401
27554561 5416
27554651 1
27554699 1
27554707 353
27554707 437
27554783 1
27554837 4
27554867 4
27554893 311
27554903 1
27554927 9
27554927 589
27554999 24
27555013 2751
27555097 24
27555179 1
27555193 23
27555197 112
27555197 8148
27555211 1476
27555233 247
27555257 1287
27555329 24
27555361 1071
27555397 23
27555401 76
27555401 220
27555421 3
27555509 4
27555653 9108
27555673 12
27555673 1587
27555743 61
27555779 1492
27555823 620
27555877 183
27555901 3
27555989 124
27555989 1707
27556019 1
27556037 4
27556037 235
27556037 1063
27556073 3
27556097 4
27556267 5
27556297 8
27556297 2835
27556471 5
27556511 276
27556589 2679
27556619 84
27556619 225
27556721 2319
27556769 115
27556819 77
27557077 32
27557083 8
27557099 4
27557099 16
27557099 397
27557129 4
27557209 1524
27557317 5420
27557329 2487
27557351 256
27557461 11
27557461 15
27557461 380
27557503 2636
27557513 28
27557591 1
27557681 3
27557741 4
27557741 88
27557773 348
27557819 1
27557821 8
27557939 4
27557939 1972
27557963 1
27557963 13
27557963 376
27558127 17
27558131 448
27558233 7
27558263 1
27558263 7000
27558269 4
27558269 631
27558317 1068
27558319 80
27558383 37
27558457 24
27558467 793
27558467 1029
27558523 345
27558529 7631
27558667 5
27558679 141
27558697 95
27558793 228
27558877 119
27558877 4667
27558877 9632
27558931 581
27558931 1373
27558997 12
27559079 1
27559111 3713
27559211 9
27559247 28
27559283 5305
27559307 3757
27559321 488
27559379 1
27559379 856
27559409 4
27559459 57
27559583 105
27559583 253
27559639 609
27559643 633
27559643 2281
27559871 4
27559897 20
27559949 87
27559949 2299
27559997 4
27560011 1305
27560081 51
27560131 984
27560243 208
27560287 68
27560303 592
27560303 4065
27560303 4617
27560387 1029
27560441 919
27560443 1812
27560453 7588
27560579 1
27560629 3359
27560633 3
27560633 7
27560677 2012
27560681 4
27560681 40
27560681 64
27560683 213
27560711 3573
27560737 123
27560833 2831
27560921 223
27560983 8
27560987 52
27560989 795
27560999 3316
27561013 36
27561073 92
27561103 96
27561161 3
27561161 4
27561161 804
27561257 163
27561293 6127
27561299 1449
27561353 60
27561353 1380
27561371 328
27561433 1251
27561439 264
27561439 1649
27561463 45
27561619 92
27561649 104
27561767 5725
27561823 248
27561907 1413
27561931 21
27561931 140
27561949 1572
27561959 1
27562033 3588
27562061 6091
27562177 948
27562229 3879
27562333 9800
27562363 93
27562411 21
27562411 6521
27562427 4
27562427 12
27562427 157
27562433 3183
27562439 396
27562439 2584
27562517 3
27562583 1
27562643 7500
27562679 4
27562681 800
27562747 1253
27562753 12
27562757 7
27562819 2576
27562819 5664
27562837 3819
27562883 1
27563279 64
27563293 767
27563293 2792
27563353 8
27563383 837
27563383 2981
27563447 7620
27563527 5372
27563587 44
27563597 3
27563611 4196
27563639 1
27563771 9
27563801 15
27563803 68
27563881 144
27563881 6108
27563951 69
27563971 5
27563999 1
27564037 15
27564077 3
27564077 48
27564179 16
27564221 1764
27564311 2100
27564331 8
27564337 1808
27564343 3108
27564391 56
27564517 12
27564539 472
27564631 705
27564643 92
27564643 2448
27564809 19
27564809 1540
27564913 36
27564937 135
27565039 5481
27565081 8
27565099 7205
27565189 3096
27565199 1
27565199 441
27565273 476
27565277 4
27565309 279
27565319 1
27565357 8
27565427 4828
27565469 7
27565471 284
27565487 3064
27565621 24
27565723 240
27565873 3
27565873 9687
27565957 6312
27565987 5
27566051 13
27566057 12
27566101 3
27566173 4308
27566219 16
27566243 1
27566243 168
27566243 7981
27566293 87
27566419 377
27566603 292
27566687 4
27566687 1713
27566867 1144
27566867 2752
27566879 1
27566879 8092
27566899 9
27566927 72
27566927 544
27566989 24
27567167 7788
27567187 1008
27567203 93
27567227 8728
27567259 5
27567307 164
27567443 21
27567511 4185
27567559 4761
27567569 1735
27567577 1848
27567599 604
27567607 8633
27567623 1
27567677 5052
27567697 215
27567733 3
27567751 5
27567833 327
27567899 184
27567899 2901
27567901 803
27567937 8
27567971 1
27568039 881
27568043 1
27568043 12
27568091 1
27568097 4
27568127 129
27568127 157
27568139 897
27568181 3559
27568319 1
27568319 57
27568361 24
27568433 7263
27568439 37
27568447 8888
27568481 3
27568553 7347
27568573 3
27568613 112
27568637 3
27568721 343
27568733 28
27568733 151
27568939 2609
27569029 860
27569039 1
27569039 244
27569039 1440
27569099 4
27569099 25
27569123 277
27569293 3
27569293 11
27569369 7
27569483 60
27569519 1
27569527 9
27569771 1
27569821 6084
27569849 15
27569891 1
27569959 21
27569959 8345
27570043 392
27570227 85
27570241 971
27570251 4
27570337 12
27570337 239
27570383 105
27570397 32
27570401 3
27570437 3
27570443 1
27570541 108
27570551 1
27570551 2701
27570667 57
27570671 741
27570679 3201
27570733 135
27570863 12
27570899 24
27570899 3060
27571073 60
27571139 4
27571139 61
27571139 552
27571157 39
27571157 823
27571249 387
27571303 8
27571321 1103
27571343 1
27571367 69
27571483 53
27571499 1
27571541 3
27571651 273
27571667 24
27571673 31
27571681 3788
27571759 4064
27571783 5
27571783 1757
27571847 277
27571847 9145
27571861 11
27571981 908
27572053 720
27572123 1
27572197 1460
27572257 155
27572267 9
27572323 9212
27572341 195
27572341 7443
27572357 48
27572399 517
27572539 5
27572603 172
27572603 3388
27572651 1
27572663 48
27572681 168
27572681 531
27572737 1028
27572777 832
27572777 1087
27572887 9
27572959 69
27572983 353
27573059 4
27573193 212
27573209 31
27573263 9228
27573289 27
27573373 1635
27573383 7761
27573401 4
27573401 16
27573509 231
27573523 92
27573523 1277
27573529 1139
27573583 60
27573629 327
27573671 1
27573701 19
27573781 3
27573781 8
27573901 39
27574117 155
27574163 25
27574201 8
27574201 11
27574207 12
27574259 324
27574259 7020
27574291 5
27574333 95
27574423 777
27574457 195
27574511 1
27574517 3
27574549 4467
27574559 1
27574601 4
27574601 6171
27574633 2075
27574637 3
27574753 11
27574763 2533
27574913 28
27574993 2643
27575011 608
27575021 55
27575117 79
27575131 68
27575227 189
27575357 87
27575473 3
27575473 1703
27575591 1
27575591 33
27575591 3333
27575621 5284
27575651 1
27575711 205
27575789 8299
27575809 27
27575909 7
27575917 8
27575983 212
27576037 15
27576041 4
27576041 420
27576041 483
27576047 28
27576047 364
27576119 1
27576251 21
27576323 193
27576323 5632
27576347 12
27576449 232
27576683 1
27576707 492
27576727 188
27576929 8280
27577007 33
27577007 105
27577049 1360
27577097 1687
27577157 40
27577223 1
27577223 1192
27577339 9660
27577357 59
27577393 140
27577477 6179
27577499 1
27577499 132
27577523 1
27577567 9
27577609 380
27577657 99
27577799 49
27577853 52
27577919 1
27577999 5
27578009 1792
27578027 397
27578027 673
27578069 387
27578077 188
27578263 240
27578263 2052
27578279 756
27578293 20
27578371 24
27578371 93
27578371 2436
27578377 32
27578401 611
27578423 21
27578423 360
27578543 12
27578599 29
27578611 924
27578701 488
27578753 496
27578779 5
27578819 25
27578977 8
27579011 2989
27579061 8
27579073 2075
27579179 1
27579197 4
27579197 67
27579263 208
27579263 217
27579269 7
27579301 788
27579329 19
27579329 55
27579353 276
27579379 641
27579397 180
27579479 45
27579499 3120
27579547 149
27579653 235
27579857 4
27579857 1720
27579857 4879
27579901 3
27579931 228
27579983 12
27579983 36
27579983 108
27580009 2207
27580019 4
27580019 180
27580051 41
27580093 3
27580093 15
27580099 72
27580183 2505
27580253 1527
27580261 63
27580337 520
27580339 5
27580339 17
27580391 1
27580529 51
27580561 399
27580561 1376
27580639 21
27580667 1777
27580697 220
27580697 5548
27580853 7495
27580867 2028
27580901 3
27580901 75
27580937 3
27580957 3
27580991 49
27580991 156
27581063 1260
27581087 2653
27581087 7324
27581161 3
27581221 5915
27581263 753
27581297 79
27581329 152
27581363 285
27581399 69
27581401 383
27581417 367
27581471 7881
27581579 1
27581579 81
27581683 96
27581753 352
27581759 1
27581767 68
27581797 120
27581927 1213
27581941 1583
27581951 1
27581993 7
27582001 3
27582097 2543
27582179 1
27582229 495
27582251 1
27582367 8045
27582413 3
27582481 51
27582481 140
27582521 4
27582523 33
27582557 39
27582563 1
27582637 1383
27582733 3
27582767 132
27582803 420
27582811 45
27582899 285
27582943 165
27582953 36
27583001 28
27583069 287
27583271 1
27583319 244
27583331 1
27583343 1
27583427 12
27583441 15
27583541 3
27583711 48
27583837 6992
27583847 84
27583873 11
27583883 1
27583883 421
27583931 1
27583931 25
27583951 416
27584213 3172
27584231 9
27584243 921
27584309 79
27584339 1
27584363 1
27584471 13
27584471 5773
27584507 57
27584633 247
27584681 3
27584701 5471
27584773 15
27584807 1789
27584839 1964
27584861 3
27584867 925
27584881 11
27584933 931
27584951 4
27584959 12
27584987 4
27585001 24
27585007 29
27585013 312
27585029 4
27585079 24
27585079 164
27585097 119
27585161 328
27585199 164
27585263 100
27585277 1559
27585331 44
27585353 3223
27585379 417
27585401 2803
27585419 225
27585419 1356
27585421 23
27585421 135
27585433 75
27585463 3512
27585499 936
27585589 39
27585617 307
27585697 47
27585791 1
27585791 1513
27585839 1
27585839 84
27585881 76
27585911 241
27585911 2956
27585937 9924
27585953 255
27586021 8
27586037 1488
27586159 56
27586199 1
27586241 19
27586253 3
27586267 9
27586303 492
27586343 1
27586439 1
27586441 191
27586469 5020
27586523 21
27586589 51
27586589 256
27586673 1336
27586747 140
27586787 192
27586789 1155
27586861 44
27586861 2876
27586957 3
27586957 2984
27586981 63
27586991 1
27586991 4
27587071 2381
27587129 196
27587129 375
27587251 2520
27587267 84
27587293 48
27587299 12
27587309 259
27587341 35
27587341 696
27587501 3
27587513 3
27587513 67
27587579 4
27587611 416
27587647 12
27587723 1
27587723 52
27587723 6268
27587881 575
27587887 869
27587887 6573
27588023 1
27588089 4
27588097 143
27588167 3805
27588181 3
27588221 2400
27588259 237
27588271 281
27588307 8
27588307 12
27588479 1
27588479 9
27588521 24
27588553 3
27588553 483
27588557 544
27588601 20
27588607 5
27588607 44
27588677 4
27588679 29
27588679 105
27588887 1044
27588917 2455
27588971 225
27589033 3
27589069 3720
27589223 288
27589229 115
27589253 7527
27589301 480
27589343 1
27589391 9
27589417 95
27589459 36
27589591 9
27589631 84
27589631 4600
27589633 8
27589717 12
27589739 36
27589769 24
27589787 25
27589823 1
27589831 9
27589831 656
27589831 1620
27589927 5
27589937 3
27589937 4
27589973 192
27589979 24
27590077 24
27590119 5
27590119 12
27590119 21
27590119 449
27590159 37
27590183 168
27590191 56
27590207 2365
27590257 3
27590257 147
27590273 28
27590357 43
27590411 456
27590411 609
27590429 19
27590471 1
27590471 168
27590531 9
27590617 8
27590653 2471
27590723 45
27590741 3
27590741 4
27590791 89
27590839 24
27590887 9048
27590933 3
27590933 16
27590933 268
27590947 5
27591019 756
27591253 3
27591413 16
27591449 192
27591449 1200
27591481 35
27591481 1268
27591503 237
27591521 3
27591533 15
27591583 41
27591587 697
27591587 4348
27591601 20
27591611 25
27591797 3
27591797 1215
27591871 89
27592031 21
27592297 3863
27592307 4
27592339 5
27592363 8285
27592429 60
27592441 36
27592441 140
27592457 3
27592633 207
27592637 7
27592667 12
27592667 2977
27592729 11
27592777 3
27592777 24
27593003 457
27593011 276
27593021 1479
27593087 840
27593119 5
27593119 261
27593191 3824
27593341 8
27593389 12
27593437 3675
27593479 245
27593509 3051
27593519 657
27593617 8
27593633 3540
27593639 16
27593639 37
27593641 95
27593641 3048
27593693 900
27593693 4227
27593711 28
27593837 3
27593857 695
27593981 919
27594131 13
27594169 11
27594209 99
27594209 132
27594293 3
27594299 1
27594313 3
27594313 12
27594317 3
27594377 55
27594439 1685
27594449 16
27594467 24
27594467 64
27594467 712
27594473 88
27594527 109
27594569 7531
27594583 113
27594613 23
27594649 11
27594661 111
27594673 4443
27594703 185
27594703 1388
27594709 44
27594727 5
27594731 16
27594773 228
27594857 3
27594857 19
27594899 9
27594901 84
27594977 4
27595219 44
27595231 441
27595273 15
27595313 15
27595361 4
27595367 4
27595453 12
27595537 59
27595643 1
27595769 127
27595853 3
27595937 7
27596029 4532
27596053 1128
27596059 189
27596111 1
27596137 20
27596279 1
27596291 1
27596323 257
27596347 24
27596447 9
27596659 432
27596761 2508
27596771 1549
27596867 12
27596867 4728
27596903 1
27596909 15
27597029 19
27597029 76
27597043 873
27597049 1071
27597113 7
27597113 768
27597181 1763
27597197 124
27597281 3931
27597313 5555
27597389 4
27597389 132
27597391 5753
27597419 12
27597433 3
27597491 1
27597541 108
27597541 395
27597553 3
27597599 1
27597599 2200
27597673 36
27597767 12
27597809 4
27597841 3
27597863 1548
27597943 21
27598007 25
27598007 40
27598007 1372
27598139 1
27598139 45
27598159 92
27598159 261
27598331 1
27598331 3604
27598331 8376
27598349 4
27598471 108
27598523 1
27598679 4
27598679 3192
27598759 9117
27598799 60
27598859 1
27599051 1
27599053 68
27599171 4
27599317 2487
27599357 7
27599357 928
27599357 1875
27599417 439
27599431 2628
27599543 1
27599573 7
27599599 317
27599623 141
27599651 1
27599657 4
27599657 27
27599659 125
27599731 5
27599807 85
27599807 649
27599809 12
27599809 5795
27599867 72
27599899 6485
27599921 3
27599981 3
27600029 7
27600037 27
27600037 60
27600071 1
27600077 5464
27600119 1
27600127 9
27600143 1
27600143 525
27600173 12
27600191 280
27600203 1
27600241 3735
27600347 9297
27600361 4343
27600389 567
27600389 1000
27600451 33
27600451 465
27600553 155
27600553 3632
27600607 20
27600679 285
27600733 12
27600733 2052
27600823 17
27600827 205
27600847 12
27600847 77
27600857 2679
27600919 21
27600959 1
27601003 72
27601019 4
27601031 4
27601031 13
27601031 481
27601033 11
27601051 9
27601051 44
27601051 1553
27601103 1
27601103 33
27601103 9793
27601117 207
27601169 879
27601177 4004
27601213 3
27601229 396
27601237 215
27601289 55
27601333 11
27601349 12
27601351 180
27601753 2003
27601841 15
27601883 1521
27601883 1548
27601891 221
27601891 3569
27602027 6324
27602051 1
27602077 3
27602083 3533
27602149 387
27602161 504
27602177 28
27602221 23
27602303 1
27602357 87
27602411 169
27602423 1
27602423 13
27602467 9
27602479 200
27602537 7
27602557 3687
27602591 153
27602657 3
27602657 304
27602719 3104
27602791 465
27602797 35
27602797 983
27602807 6844
27602831 1
27602873 2391
27602891 4
27602893 51
27602903 52
27603031 5
27603031 21
27603047 13
27603179 109
27603187 53
27603187 2964
27603203 12
27603259 29
27603281 16
27603287 4
27603413 43
27603419 1
27603553 1907
27603553 6887
27603601 311
27603601 7455
27603607 65
27603677 7
27603683 48
27603689 27
27603731 1
27603791 1
27603809 4
27603839 120
27603883 57
27603977 3
27603977 48
27604033 1596
27604091 141
27604099 960
27604319 9
27604349 7
27604487 9
27604589 15
27604649 9807
27604751 1
27604751 120
27604769 319
27604831 53
27604901 3
27604901 99
27604961 3
27604981 3
27605009 1327
27605021 76
27605057 7123
27605063 21
27605111 1669
27605111 1896
27605117 19
27605203 2985
27605287 5
27605299 764
27605317 3
27605323 177
27605353 12
27605371 1200
27605443 20
27605597 15
27605707 5
27605707 32
27605741 1255
27605777 4
27605777 7
27605849 39
27605861 91
27605869 395
27605887 152
27605927 9028
27605953 32
27605983 45
27606071 93
27606083 25
27606083 7153
27606091 9
27606091 176
27606119 1
27606143 13
27606251 33
27606253 35
27606323 12
27606401 31
27606413 720
27606443 928
27606451 236
27606497 7
27606517 60
27606583 5
27606599 1
27606671 9241
27606727 8
27606863 1
27606863 1068
27606871 1148
27606893 7
27606977 3639
27607049 15
27607079 277
27607157 3
27607169 160
27607243 2756
27607253 7
27607253 2472
27607343 36
27607381 3
27607493 3
27607631 1
27607649 36
27607691 1
27607691 1800
27607871 28
27607973 4027
27608057 27
27608059 6600
27608099 1
27608213 987
27608353 11
27608419 209
27608419 1577
27608447 1197
27608587 9
27608591 9060
27608617 35
27608753 6412
27608821 9971
27608857 2015
27608939 4
27608963 1
27608963 2208
27609133 3
27609143 1
27609191 1369
27609221 60
27609341 24
27609383 1
27609383 156
27609389 2079
27609443 1
27609443 88
27609469 12
27609529 116
27609577 2943
27609619 720
27609671 1345
27609713 1023
27609961 44
27609961 824
27609971 625
27609971 820
27609977 4
27609991 168
27610229 19
27610241 19
27610417 3
27610447 873
27610481 1900
27610487 3717
27610537 3612
27610811 1
27610811 369
27610823 181
27610931 1
27610939 5
27610963 53
27610969 11
27610981 1608
27611033 7
27611069 7
27611239 12
27611317 359
27611387 37
27611387 1533
27611401 104
27611473 60
27611489 6859
27611539 9
27611561 64
27611659 1949
27611699 4
27611699 25
27611803 1448
27611813 7
27611851 8
27611851 893
27611851 5105
27611981 4788
27612023 1
27612023 57
27612023 201
27612047 8833
27612163 80
27612163 300
27612239 1
27612253 8
27612307 5820
27612307 7380
27612373 8
27612401 715
27612419 1500
27612439 161
27612449 1824
27612511 293
27612511 6461
27612551 1
27612569 4
27612583 21
27612589 4607
27612731 1
27612749 2067
27612773 3508
27612773 4620
27612779 1
27612779 6229
27612839 9
27612869 12
27612953 252
27612979 360
27612997 24
27613031 129
27613093 135
27613247 73
27613451 33
27613493 523
27613511 1
27613571 9
27613577 400
27613603 5
27613843 360
27613919 72
27614071 1781
27614123 1
27614143 113
27614311 789
27614501 4
27614501 15
27614711 1
27614711 2233
27614813 135
27614959 876
27614969 4
27615121 248
27615199 672
27615199 1964
27615199 8084
27615229 167
27615233 1228
27615251 1
27615251 121
27615257 3
27615257 372
27615299 1
27615317 7
27615317 24
27615391 2873
27615397 3
27615397 12
27615403 588
27615409 147
27615443 1
27615487 5
27615517 3
27615631 5
27615631 156
27615647 13
27615671 13
27615767 4452
27615779 1
27615779 36
27615779 1696
27615799 3240
27615839 1
27615881 423
27615971 24
27615971 1308
27616013 712
27616037 4
27616093 12
27616187 9
27616219 761
27616223 196
27616223 4297
27616243 17
27616273 947
27616331 1
27616361 1819
27616397 3523
27616441 155
27616471 645
27616471 2648
27616577 312
27616637 1387
27616681 39
27616681 83
27616783 7836
27616811 1
27616811 8805
27616873 143
27616873 4943
27616909 87
27616909 4212
27617069 4
27617071 393
27617099 1
27617099 4080
27617267 28
27617377 5255
27617587 152
27617593 915
27617617 20
27617671 29
27617701 63
27617767 72
27617797 263
27617819 1
27617867 4
27617867 93
27617927 13
27617971 4925
27617983 5
27617983 281
27618011 1
27618011 49
27618023 1
27618023 1281
27618023 2392
27618029 36
27618029 120
27618037 12
27618067 789
27618103 2540
27618223 33
27618263 1
27618263 2980
27618509 36
27618587 13
27618593 1051
27618649 951
27618757 123
27618763 180
27618769 836
27618803 421
27618869 15
27618869 300
27618901 119
27619043 1
27619051 68
27619051 7353
27619061 6483
27619243 132
27619309 6536
27619387 1637
27619387 3729
27619411 1164
27619429 47
27619451 1
27619453 71
27619463 36
27619499 229
27619541 31
27619621 135
27619643 97
27619663 4176
27619681 59
27619727 2008
27619733 240
27619811 300
27619811 7749
27619859 4
27619873 240
27619913 12
27620081 19
27620081 5488
27620123 588
27620141 199
27620323 1257
27620363 1
27620407 2849
27620449 12
27620573 2023
27620687 144
27620693 3
27620717 7
27620743 65
27620753 3
27620881 60
27620893 12
27621019 1716
27621313 800
27621397 327
27621397 1008
27621439 5
27621439 1184
27621511 36
27621641 151
27621673 3
27621677 3
27621691 5
27621701 276
27621731 4
27621761 84
27621829 60
27621871 2453
27621883 245
27621887 153
27621983 976
27622013 7
27622061 3
27622097 1975
27622183 20
27622193 3
27622213 12
27622223 1
27622261 39
27622363 416
27622403 612
27622477 1308
27622631 1
27622669 2219
27622729 132
27622733 3
27622853 3
27622873 731
27622901 4
27622901 811
27622957 515
27622967 12
27622967 2653
27622997 2263
27623009 1380
27623021 3
27623111 1
27623111 1581
27623119 140
27623149 155
27623159 72
27623159 309
27623203 7908
27623231 1
27623237 115
27623257 3
27623293 203
27623311 80
27623443 68
27623489 60
27623489 1356
27623591 1
27623593 192
27623807 49
27623831 1
27623917 3
27624011 1
27624263 48
27624263 7837
27624293 976
27624293 3595
27624341 4
27624341 7003
27624343 56
27624349 39
27624367 29
27624383 40
27624517 8
27624517 120
27624539 1
27624547 20
27624563 133
27624589 4107
27624637 3
27624671 5020
27624811 5
27624889 399
27624943 3008
27625043 1
27625057 12
27625079 1
27625079 820
27625099 720
27625109 4
27625127 5209
27625229 312
27625271 1
27625337 24
27625337 543
27625537 7412
27625541 288
27625547 24
27625583 1
27625583 241
27625649 520
27625657 924
27625657 4188
27625721 231
27625781 28
27625781 1395
27625789 3516
27625817 43
27625861 3
27625861 1344
27625919 69
27625979 4
27626021 3
27626021 4
27626021 88
27626051 1
27626051 5884
27626113 296
27626129 16
27626143 17
27626143 525
27626189 576
27626231 4
27626257 3575
27626369 391
27626407 105
27626453 27
27626453 183
27626591 1528
27626639 1
27626639 2509
27626719 9
27626737 132
27626759 9
27626873 16
27626891 73
27626891 5265
27626903 45
27627001 11
27627013 1187
27627029 91
27627203 673
27627451 488
27627473 976
27627473 3303
27627511 24
27627553 1511
27627599 1
27627617 999
27627619 5
27627661 195
27627671 28
27627689 55
27627731 4320
27627791 349
27627877 3
27627917 4
27627931 9396
27628019 9
27628061 3
27628061 16
27628061 216
27628141 3
27628141 2303
27628171 401
27628193 531
27628217 15
27628259 5164
27628297 287
27628297 3728
27628309 11
27628361 4
27628361 48
27628493 15
27628511 1
27628631 3508
27628649 2980
27628771 5133
27628771 6108
27628877 4912
27628883 1
27628883 1236
27629111 1
27629221 659
27629293 3
27629321 19
27629323 453
27629333 16
27629347 45
27629351 33
27629419 45
27629419 2597
27629443 4277
27629443 5760
27629461 1115
27629519 16
27629593 4887
27629593 9168
27629617 32
27629653 3
27629677 5435
27629731 21
27629747 853
27629867 13
27629891 1
27629911 1668
27629963 1
27629999 421
27630019 5
27630077 43
27630079 405
27630203 1
27630217 27
27630223 68
27630241 168
27630257 2919
27630259 44
27630319 9
27630341 3
27630371 40
27630373 116
27630413 28
27630419 696
27630419 3352
27630509 1071
27630637 3
27630767 9
27630809 19
27630853 3
27630893 3
27630893 12
27630929 4
27630991 33
27630991 209
27631003 57
27631031 1
27631039 72
27631181 3
27631183 5
27631189 35
27631217 1267
27631223 1
27631249 452
27631259 4
27631291 44
27631309 192
27631313 3
27631337 3
27631343 1513
27631381 11
27631381 48
27631469 2644
27631469 5071
27631553 40
27631559 1
27631561 3
27631619 1
27631673 15
27631679 669
27631739 1
27631823 753
27631823 4936
27631873 35
27631873 972
27631931 1
27631969 44
27631997 4
27632009 1872
27632047 137
27632071 525
27632093 3
27632113 12
27632167 12
27632183 1
27632219 1
27632233 3
27632351 5101
27632393 3
27632411 1
27632459 4
27632459 9
27632597 15
27632641 8
27632653 20
27632791 80
27632797 3
27632833 135
27632887 8
27632887 669
27632963 225
27632971 9608
27632999 1
27633083 157
27633083 777
27633103 12
27633119 4
27633119 537
27633127 65
27633233 3
27633233 235
27633251 1
27633253 3
27633293 616
27633407 9
27633421 171
27633539 492
27633589 3672
27633623 37
27633629 8352
27633637 2580
27633707 2788
27633779 1
27633863 1
27633917 643
27633929 2052
27634099 5
27634267 45
27634267 444
27634289 4
27634289 1540
27634331 4
27634349 12
27634363 293
27634421 160
27634511 109
27634511 129
27634511 2008
27634513 8
27634559 816
27634613 12
27634643 13
27634723 116
27634771 9
27634793 3
27634793 220
27634823 1
27634927 9173
27634991 1
27635051 13
27635051 501
27635053 36
27635059 476
27635141 216
27635143 3056
27635269 1191
27635339 1624
27635339 3472
27635429 31
27635429 91
27635453 1167
27635549 4
27635549 36
27635551 1781
27635593 3
27635609 15
27635617 20
27635689 71
27635791 264
27635831 544
27635851 524
27635917 15
27635957 2604
27635957 8440
27635963 277
27636031 1820
27636061 48
27636079 5021
27636137 3
27636157 24
27636163 21
27636163 336
27636181 3
27636197 447
27636319 1769
27636341 2859
27636353 31
27636379 12
27636403 12
27636461 5115
27636481 2703
27636527 6840
27636563 493
27636571 341
27636571 861
27636647 2733
27636667 189
27636667 1949
27636683 1
27636683 2265
27636703 677
27636727 153
27636733 3
27636761 15
27636767 12
27636767 5572
27636769 44
27636769 4200
27636859 29
27636907 117
27636907 129
27636943 36
27636977 15
27636977 1183
27637067 4
27637097 7
27637097 39
27637199 3321
27637271 36
27637271 3733
27637273 23
27637339 84
27637361 163
27637451 1
27637501 48
27637501 59
27637537 32
27637549 120
27637591 8
27637607 1284
27637619 4
27637657 3
27637657 7160
27637747 732
27637759 869
27637843 80
27637847 2077
27638041 479
27638047 32
27638057 3
27638057 247
27638173 3
27638173 20
27638251 2189
27638309 52
27638339 1
27638339 4
27638339 169
27638389 7311
27638417 3180
27638441 48
27638449 884
27638473 1131
27638543 16
27638713 8
27638713 171
27638717 228
27638717 5964
27638729 324
27638731 56
27638813 7
27638837 3
27638987 4
27639047 4
27639047 13
27639061 11
27639061 80
27639061 111
27639203 28
27639203 1396
27639203 6517
27639251 2133
27639253 8
27639473 51
27639473 2587
27639533 27
27639541 1556
27639587 40
27639593 1075
27639683 16
27639719 4329
27639839 52
27639839 2820
27639883 48
27639949 1220
27639971 45
27640051 2148
27640157 112
27640159 5
27640163 1912
27640199 1
27640211 2193
27640297 23
27640303 176
27640339 744
27640373 568
27640387 24
27640387 33
27640423 21
27640429 12
27640433 100
27640471 20
27640493 663
27640553 1287
27640633 6015
27640663 5
27640667 33
27640673 5043
27640859 141
27640883 1381
27640919 1
27641017 495
27641111 1
27641111 4
27641111 76
27641129 7
27641161 71
27641161 7163
27641179 9
27641197 3
27641209 11
27641227 117
27641309 112
27641483 1
27641501 3
27641521 123
27641527 72
27641591 1
27641591 45
27641657 12
27641753 3
27641821 420
27641879 1
27641879 96
27641897 3
27641897 7
27641921 15
27641921 103
27641921 135
27642019 272
27642019 2004
27642151 20
27642161 55
27642193 735
27642281 28
27642299 376
27642301 11
27642301 536
27642317 592
27642383 1
27642467 1909
27642541 56
27642551 1
27642553 35
27642617 603
27642649 519
27642707 40
27642859 552
27642869 36
27642919 5
27642931 441
27642973 23
27642977 6360
27643169 1471
27643223 5880
27643279 261
27643331 1
27643339 5045
27643361 16
27643459 264
27643531 344
27643543 5
27643543 56
27643543 101
27643571 1
27643571 4
27643639 9
27643669 12
27643741 8
27643829 2400
27643831 8
27643871 5604
27644021 63
27644039 4
27644087 13
27644231 1
27644237 6724
27644251 6441
27644333 3712
27644497 803
27644521 3
27644681 1575
27644699 361
27644711 9
27644711 1101
27644713 32
27644759 1
27644927 4
27644971 1496
27644987 57
27645041 28
27645239 12
27645329 832
27645413 75
27645511 8
27645547 17
27645559 345
27645593 447
27645763 5316
27645799 5
27645799 684
27645799 5445
27645799 8664
27645809 171
27645883 6845
27645923 492
27645983 12
27645983 48
27646027 920
27646093 71
27646163 1
27646181 75
27646181 340
27646211 300
27646247 24
27646313 7
27646343 2856
27646379 36
27646441 15
27646441 71
27646517 60
27646547 24
27646609 6272
27646613 55
27646753 35
27646793 103
27646799 1
27646841 3
27646841 7980
27646849 20
27646873 72
27646891 5
27646907 37
27646939 1940
27647003 1
27647003 352
27647003 6180
27647041 384
27647159 981
27647167 24
27647167 57
27647183 1
27647201 4
27647203 65
27647267 12
27647273 7
27647387 28
27647461 3
27647531 9109
27647687 532
27647749 47
27647819 76
27647849 96
27647861 1648
27647957 4
27647957 64
27647987 13
27648077 4
27648077 3759
27648151 8
27648163 5
27648193 3
27648199 5
27648217 1212
27648301 23
27648407 984
27648419 856
27648449 2152
27648469 15
27648529 4707
27648539 16
27648611 33
27648619 116
27648619 152
27648623 1
27648623 1476
27648631 9
27648631 524
27648641 8863
27648661 11
27648739 4697
27648739 9081
27648767 124
27648779 57
27648793 752
27648847 3072
27648913 3
27648917 4627
27649051 1448
27649051 6741
27649073 3
27649073 168
27649247 9
27649247 1657
27649273 555
27649277 4
27649283 1
27649333 8
27649343 1
27649393 3
27649399 92
27649439 21
27649439 52
27649451 9
27649529 991
27649561 11
27649571 13
27649597 3279
27649649 180
27649679 1
27649681 1491
27649747 584
27649829 4
27649957 72
27649961 6760
27649987 440
27650033 3
27650101 2795
27650131 221
27650159 1
27650167 2268
27650201 1188
27650267 60
27650269 104
27650269 3024
27650281 183
27650327 12
27650341 3
27650341 24
27650383 876
27650443 5376
27650489 3499
27650521 5724
27650713 143
27650771 4
27650771 313
27650773 768
27650801 3
27650893 8
27650893 996
27650957 567
27651059 1
27651119 1
27651161 3
27651203 36
27651209 52
27651269 235
27651341 5023
27651431 625
27651487 12
27651599 40
27651607 593
27651653 732
27651661 51
27651713 3
27651733 3
27651787 53
27651803 1
27651847 12
27651863 1
27651863 40
27651893 415
27651919 981
27651937 8
27651937 63
27651959 16
27651961 516
27651991 5868
27652073 7588
27652151 1
27652351 905
27652439 52
27652507 65
27652517 3192
27652549 8852
27652553 676
27652643 1
27652649 84
27652699 12
27652711 7724
27652717 12
27652721 3
27652817 4
27652817 280
27652939 20
27652991 1
27652997 639
27653053 15
27653141 3
27653161 320
27653267 13
27653281 536
27653317 423
27653387 148
27653399 789
27653453 3
27653453 27
27653503 5
27653537 4
27653597 8655
27653711 301
27653771 1
27653777 3
27653777 7
27653783 3492
27653807 157
27653807 5925
27653819 1
27653819 112
27653893 5067
27654061 740
27654083 1
27654127 5
27654127 8
27654127 1097
27654173 40
27654191 189
27654199 1469
27654239 1
27654239 45
27654307 284
27654307 2073
27654311 1
27654323 25
27654331 81
27654331 161
27654439 3012
27654457 3
27654457 260
27654463 45
27654469 44
27654559 21
27654629 7
27654637 20
27654707 4
27654751 41
27654791 9
27654791 21
27654833 3
27654877 3
27654877 4280
27654889 8987
27654943 5
27654953 12
27654959 4
27654959 24
27654961 60
27654983 2296
27654989 1132
27655091 1
27655091 4
27655091 48
27655093 3
27655097 5080
27655267 32
27655267 68
27655289 9012
27655343 112
27655349 295
27655487 5040
27655543 68
27655619 1
27655633 20
27655703 1
27655703 613
27655757 103
27655843 852
27655891 5
27655891 8
27655919 96
27655919 1429
27656003 1
27656107 5
27656117 7
27656117 220
27656137 7575
27656149 1935
27656197 8
27656219 21
27656333 7
27656341 8
27656471 4
27656479 3824
27656567 9357
27656627 364
27656659 1920
27656669 24
27656803 12
27656857 312
27656903 2137
27656911 1665
27656939 480
27657029 75
27657067 24
27657139 3281
27657199 152
27657391 5
27657397 8
27657397 24
27657451 3825
27657499 116
27657587 4660
27657601 3
27657671 1
27657779 4
27657857 19
27657871 5
27657953 228
27658087 293
27658139 4
27658153 3
27658157 4
27658207 5
27658229 7
27658247 9
27658247 33
27658261 8
27658273 3
27658297 15
27658297 3392
27658369 1247
27658403 12
27658403 772
27658447 68
27658451 1
27658451 9
27658469 1776
27658493 531
27658529 51
27658583 2596
27658613 7
27658651 776
27658667 4
27658679 1
27658703 1
27658747 8
27658867 20
27658931 1
27658937 19
27658957 3
27658979 1
27658999 261
27659039 1
27659059 321
27659147 6465
27659207 1512
27659207 3033
27659249 55
27659273 3
27659473 36
27659479 884
27659483 136
27659507 28
27659563 12
27659713 32
27659783 1
27659783 16
27659893 3
27659917 3368
27660001 123
27660019 72
27660097 23
27660097 59
27660097 384
27660107 5304
27660131 1
27660131 4465
27660133 492
27660151 93
27660263 13
27660289 15
27660317 600
27660491 1
27660517 3
27660517 63
27660533 1720
27660629 136
27660701 1168
27660709 572
27660709 8127
27660767 8397
27660851 121
27660977 5587
27661013 63
27661219 29
27661229 39
27661247 4
27661343 13
27661367 9
27661399 5081
27661483 117
27661519 129
27661541 108
27661541 159
27661561 23
27661631 1
27661643 165
27661691 4
27661729 12
27661759 2024
27661789 36
27661793 3
27661819 5
27661859 84
27661861 3
27661861 4028
27661883 33
27662017 20
27662021 48
27662023 8
27662039 1
27662101 3
27662101 75
27662113 896
27662171 1
27662171 64
27662207 24
27662269 4271
27662279 1
27662279 525
27662279 1141
27662303 12
27662303 1660
27662333 3
27662333 1287
27662477 180
27662521 239
27662617 27
27662711 1
27662711 520
27662753 3
27662801 4
27662801 868
27662863 581
27662909 4
27662909 232
27662909 3319
27662911 9
27662963 7621
27663007 60
27663011 1
27663017 4467
27663023 33
27663047 97
27663079 200
27663149 1132
27663239 4
27663239 84
27663263 1
27663289 32
27663299 36
27663341 148
27663343 476
27663367 644
27663481 1431
27663529 27
27663529 59
27663541 39
27663553 8
27663611 676
27663661 123
27663689 16
27663719 1
27663731 88
27663803 1
27663851 564
27663877 3
27663899 4
27663967 80
27663967 3948
27663973 23
27664139 1
27664177 39
27664177 399
27664177 2664
27664213 3
27664243 45
27664243 1161
27664313 12
27664339 41
27664409 4
27664411 341
27664453 1656
27664541 3
27664541 175
27664541 3223
27664601 3
27664601 276
27664639 17
27664639 156
27664673 3600
27664697 40
27664751 748
27664751 5296
27664877 427
27664951 5
27664961 3
27664961 76
27664991 1
27665063 1
27665153 843
27665177 19
27665219 1
27665347 33
27665347 105
27665371 20
27665377 15
27665461 120
27665549 1495
27665551 9
27665551 9353
27665597 67
27665717 288
27665773 3
27665773 1955
27665791 429
27665801 3648
27665821 200
27665831 1
27665933 1231
27665969 8044
27666011 85
27666131 45
27666131 6948
27666239 1
27666257 663
27666311 1
27666391 9
27666467 13
27666467 184
27666557 24
27666563 1
27666571 8948
27666589 1895
27666757 644
27666833 8511
27667061 123
27667063 36
27667141 3
27667141 143
27667243 137
27667253 31
27667309 36
27667373 3
27667397 3
27667501 2483
27667513 3
27667529 4
27667543 2232
27667589 7
27667669 1395
27667681 644
27667693 255
27667751 1
27667813 3
27667847 105
27667853 52
27667859 1
27667859 477
27667973 12
27668029 6984
27668107 3720
27668141 1051
27668171 3345
27668293 396
27668353 15
27668357 628
27668357 4728
27668411 4
27668549 36
27668671 65
27668749 11
27668749 1056
27668777 1239
27668821 3
27668831 1
27668867 24
27668897 3
27668897 88
27668917 3
27668941 2691
27669011 100
27669029 7
27669029 156
27669029 936
27669029 1500
27669077 28
27669077 67
27669079 7892
27669113 592
27669179 1
27669179 492
27669223 3072
27669307 177
27669311 108
27669403 36
27669431 1
27669431 805
27669431 2053
27669457 5987
27669463 32
27669493 20
27669613 27
27669721 1428
27669809 9687
27669853 68
27669923 1
27670009 231
27670057 3
27670057 2163
27670103 8781
27670231 624
27670231 7440
27670337 7
27670459 264
27670471 5
27670477 3
27670499 4525
27670519 116
27670537 492
27670579 380
27670651 5
27670673 16
27670673 195
27670739 4
27670787 1948
27670837 1860
27670873 1295
27671029 132
27671107 1932
27671129 2532
27671131 21
27671279 1
27671311 33
27671311 84
27671321 63
27671339 205
27671339 3801
27671341 3
27671341 7308
27671383 105
27671417 19
27671417 1435
27671513 28
27671521 60
27671537 6555
27671557 9627
27671617 47
27671621 4
27671641 435
27671647 65
27671681 571
27671711 1
27671797 107
27671803 32
27671849 15
27671899 5
27671899 9
27671899 164
27671929 279
27671983 108
27672191 4
27672193 35
27672371 1
27672383 1
27672389 27
27672391 5
27672391 1088
27672397 912
27672431 709
27672443 177
27672487 20
27672511 21
27672649 491
27672679 369
27672761 60
27672761 711
27672763 72
27672769 836
27672959 1
27672959 9
27673013 16
27673013 420
27673109 399
27673133 67
27673241 40
27673423 8
27673469 1792
27673507 9
27673543 1785
27673549 39
27673549 1211
27673703 12
27673703 121
27673727 669
27673759 596
27673771 4553
27673787 1009
27673787 2680
27673871 288
27673871 3085
27673889 4
27673889 2079
27673967 160
27673993 3
27674027 37
27674107 5
27674161 59
27674161 324
27674177 1888
27674191 9
27674209 1127
27674219 12
27674281 3
27674293 383
27674341 11
27674341 9540
27674459 81
27674567 4
27674609 256
27674683 60
27674693 3
27674767 12
27674797 2232
27674807 1345
27674809 11
27674821 1239
27674891 1
27674893 1932
27674897 7
27674897 139
27674947 132
27675059 40
27675059 220
27675107 549
27675121 20
27675143 13
27675199 5
27675211 5
27675211 29
27675217 44
27675239 1
27675253 12
27675259 17
27675283 1017
27675299 1
27675383 1
27675491 1
27675491 4
27675493 27
27675581 9060
27675649 587
27675649 644
27675673 8
27675721 375
27675721 2055
27675731 1
27675737 927
27675737 2815
27675841 3
27675841 884
27675841 3360
27675899 1
27675941 4059
27676001 4
27676009 15
27676031 613
27676039 29
27676057 4244
27676079 4
27676139 1
27676139 9
27676139 4716
27676147 105
27676177 1284
27676177 7508
27676193 96
27676223 6076
27676301 3
27676339 5
27676541 40
27676807 5
27676807 12
27676807 969
27676811 4
27676813 27
27676919 4
27676919 1632
27677051 4
27677051 40
27677297 12
27677317 75
27677323 32
27677329 7859
27677399 1
27677399 4
27677399 309
27677401 311
27677477 7
27677483 273
27677543 3657
27677557 3
27677567 13
27677567 877
27677569 12
27677569 3075
27677593 3251
27677609 15
27677641 3
27677701 44
27677723 81
27677801 4375
27677807 13
27677821 9923
27677833 7335
27677849 72
27677863 221
27677891 1893
27677959 12
27677959 32
27677981 4
27678047 4
27678061 483
27678089 12
27678163 45
27678311 4
27678311 6300
27678353 3
27678353 480
27678353 1603
27678419 9
27678449 1755
27678449 4171
27678457 219
27678463 161
27678467 73
27678473 7
27678473 180
27678487 84
27678491 8961
27678503 1
27678503 2437
27678509 7
27678743 12
27678851 1
27678887 1569
27679061 120
27679103 1
27679103 3537
27679117 3
27679123 20
27679153 3
27679163 148
27679199 1
27679331 28
27679331 8020
27679339 452
27679391 96
27679403 6333
27679411 353
27679411 1205
27679493 1320
27679537 2247
27679537 4463
27679541 5620
27679567 93
27679567 3269
27679579 77
27679661 15
27679667 228
27679733 3
27679763 13
27679763 336
27679829 7
27679871 60
27679871 1288
27679901 28
27679913 1452
27679991 873
27680057 1423
27680087 7084
27680111 1
27680129 19
27680137 63
27680183 217
27680189 15
27680231 4
27680299 405
27680299 1164
27680459 1
27680459 21
27680479 5
27680533 9935
27680591 16
27680669 60
27680689 15
27680689 7424
27680759 25
27680771 69
27680771 73
27680881 3
27680881 120
27680903 1
27680903 12
27680903 48
27681037 507
27681077 3
27681187 17
27681187 132
27681223 41
27681289 1860
27681331 209
27681331 213
27681427 3825
27681671 748
27681721 296
27681737 3
27681743 1
27681751 9
27681767 3673
27681779 12
27681827 1573
27681887 9
27681887 25
27681961 8
27682049 19
27682049 384
27682051 273
27682079 1
27682097 1903
27682121 3
27682121 28
27682121 91
27682199 1689
27682313 12
27682313 60
27682381 675
27682399 20
27682463 1
27682481 475
27682513 8
27682513 4311
27682517 3
27682517 1555
27682519 5
27682519 1857
27682537 275
27682537 347
27682537 1547
27682553 76
27682573 492
27682643 16
27682703 868
27682709 7
27682727 3685
27682751 1
27682763 2092
27682769 2316
27682807 140
27682861 111
27682903 33
27682937 4
27682979 52
27682979 3492
27683003 2173
27683009 4
27683017 3
27683017 459
27683069 39
27683069 4972
27683083 21
27683083 648
27683129 4
27683129 15
27683263 8
27683321 19
27683351 325
27683483 1
27683501 75
27683521 48
27683549 87
27683723 1
27683729 1075
27683729 1872
27683767 89
27683771 8236
27683801 4
27683809 9080
27683849 651
27683977 644
27684079 17
27684089 19
27684119 1
27684233 1971
27684257 412
27684317 3
27684317 55
27684329 12
27684353 996
27684359 340
27684359 696
27684413 1332
27684439 36
27684529 11
27684659 1
27684703 9045
27684719 36
27684737 7
27684791 1
27684809 15
27684851 4
27684929 1111
27684931 5
27684947 208
27684947 1329
27684967 57
27684971 1
27685039 2061
27685067 2412
27685193 52
27685193 1852
27685193 9952
27685309 51
27685439 1609
27685453 3
27685457 3
27685499 1
27685499 4
27685523 1
27685523 45
27685613 3
27685613 31
27685661 19
27685753 3308
27685781 519
27685799 1
27685799 1149
27685909 195
27685913 7
27685913 1120
27685939 5
27685939 72
27685939 165
27686179 156
27686203 2025
27686203 2213
27686207 13
27686293 8
27686339 1
27686339 64
27686371 9
27686447 285
27686473 56
27686507 1212
27686573 27
27686573 75
27686579 9
27686579 177
27686623 836
27686699 1
27686759 1
27686777 40
27686837 3
27686951 69
27687053 55
27687131 136
27687151 776
27687173 268
27687391 81
27687391 156
27687481 3
27687529 15
27687689 27
27687689 9615
27687707 2953
27687857 60
27687923 1
27687931 69
27687983 1
27688009 1227
27688103 1
27688183 20
27688183 2136
27688369 380
27688429 659
27688457 3412
27688519 4277
27688589 4
27688601 4
27688669 107
27688679 1
27688679 25
27688873 63
27688873 2060
27688993 5487
27689017 72
27689017 5615
27689069 24
27689237 259
27689269 12
27689279 1452
27689393 28
27689423 117
27689449 215
27689483 1456
27689491 60
27689513 63
27689581 75
27689611 5
27689611 36
27689639 2325
27689759 720
27689771 1
27689813 3
27689941 383
27690077 307
27690077 1224
27690193 48
27690199 57
27690233 3
27690283 293
27690337 639
27690449 4
27690449 5584
27690547 5
27690547 9
27690557 1683
27690673 1691
27690721 7571
27690791 4
27690811 824
27691003 1068
27691019 16
27691043 1
27691063 20
27691067 4
27691297 12
27691297 528
27691297 1880
27691337 4
27691337 7
27691343 1
27691357 20
27691357 23
27691357 495
27691361 196
27691369 44
27691369 600
27691451 165
27691537 440
27691541 19
27691553 12
27691639 21
27691813 1388
27691891 80
27691927 5
27691973 15
27691991 1
27691991 264
27692009 7
27692011 29
27692087 228
27692153 51
27692173 1683
27692257 8
27692257 3455
27692297 4
27692351 28
27692449 12
27692501 36
27692531 1
27692531 313
27692543 1
27692573 3
27692603 1
27692603 9276
27692663 1
27692663 1540
27692837 39
27692869 15
27692939 4
27692939 349
27692953 516
27692993 5736
27693019 101
27693031 45
27693049 27
27693059 4
27693079 177
27693103 177
27693103 180
27693223 1188
27693229 771
27693229 6416
27693251 1
27693389 4
27693389 279
27693563 1
27693563 37
27693593 2560
27693607 68
27693623 1
27693623 13
27693623 37
27693733 1323
27693803 57
27693823 77
27693893 783
27693899 1
27694031 93
27694109 156
27694123 3416
27694141 3
27694157 15
27694169 484
27694171 284
27694213 711
27694283 72
27694291 44
27694307 117
27694307 253
27694349 4
27694363 8
27694363 1541
27694487 297
27694529 160
27694559 1
27694561 99
27694619 16
27694741 3
27694747 269
27694871 1
27694871 4704
27694883 105
27694963 8
27694963 3908
27694987 8
27694993 476
27695137 47
27695231 60
27695231 2920
27695257 7163
27695263 5
27695347 617
27695389 1227
27695411 9
27695411 3520
27695491 293
27695531 661
27695621 3
27695909 7171
27695923 300
27696047 33
27696049 135
27696083 1
27696143 1
27696143 117
27696211 2621
27696283 56
27696307 92
27696307 524
27696323 148
27696407 2448
27696407 6592
27696457 3
27696463 1772
27696469 7272
27696521 156
27696569 7
27696659 1
27696731 48
27696731 156
27696731 8616
27696817 512
27696833 343
27696913 1440
27696923 48
27696931 5
27697051 665
27697177 35
27697223 1
27697247 52
27697261 219
27697333 2616
27697393 1575
27697447 7260
27697511 1
27697517 39
27697561 663
27697561 999
27697567 20
27697603 21
27697619 1
27697643 1
27697643 88
27697679 1
27697717 27
27697771 69
27697799 205
27697807 5
27697841 3835
27697931 1
27697979 1
27697979 9
27697979 36
27697997 9372
27698131 1853
27698191 21
27698197 3
27698207 529
27698239 4416
27698243 1
27698261 4
27698261 4216
27698261 5340
27698441 1915
27698443 153
27698467 33
27698483 273
27698521 3
27698521 1988
27698563 392
27698773 8
27698849 4
27698887 129
27698999 1
27699101 1615
27699163 4932
27699241 44
27699241 111
27699323 1036
27699433 35
27699433 8316
27699467 5704
27699509 12
27699517 23
27699571 368
27699593 132
27699599 1
27699653 5656
27699767 432
27699821 51
27699823 1613
27699863 1
27699871 6320
27699911 1
27700003 20
27700009 984
27700033 92
27700033 156
27700111 7001
27700139 1477
27700199 60
27700261 15
27700273 2283
27700273 4263
27700331 1
27700333 72
27700403 697
27700417 227
27700493 147
27700529 67
27700657 3
27700657 12
27700703 1
27700723 432
27700733 7
27700891 21
27700919 64
27700931 5529
27700991 73
27701173 1503
27701209 92
27701231 544
27701239 9
27701251 1404
27701251 8696
27701291 1521
27701393 115
27701413 1055
27701447 57
27701519 1
27701519 1701
27701539 41
27701539 81
27701543 1
27701543 45
27701617 107
27701629 159
27701651 3133
27701671 5
27701671 44
27701689 96
27701717 252
27701759 2289
27701809 27
27701909 3747
27701963 300
27702029 12
27702131 2500
27702167 2845
27702331 308
27702331 309
27702331 5900
27702341 15
27702343 8
27702371 1
27702391 9
27702397 8
27702397 59
27702497 735
27702509 231
27702539 1
27702539 5341
27702553 663
27702581 3
27702607 332
27702617 7
27702733 2688
27702733 7403
27702769 2792
27702781 39
27702803 1
27702811 104
27702821 6520
27702869 12
27702869 75
27702901 3
27703079 1
27703097 720
27703111 276
27703111 2036
27703141 24
27703177 5604
27703229 151
27703231 8468
27703241 3
27703241 580
27703327 32
27703433 3
27703451 1
27703589 9331
27703619 1
27703619 1857
27703681 60
27703717 932
27703747 9
27703751 1
27703769 7
27703769 231
27703777 9588
27703811 1
27703811 73
27703813 240
27703867 144
27703867 4664
27703883 1
27703901 48
27703979 1
27704093 1075
27704123 1
27704143 8
27704207 45
27704207 472
27704227 12
27704293 216
27704293 620
27704357 3
27704363 33
27704491 20
27704491 24
27704491 101
27704503 5
27704557 15
27704557 80
27704597 4
27704609 172
27704659 9
27704681 63
27704687 4
27704753 12
27704753 15
27704867 489
27705091 96
27705109 92
27705109 8159
27705149 67
27705169 807
27705203 93
27705229 44
27705311 1
27705311 2089
27705323 3301
27705361 7335
27705383 36
27705421 6399
27705449 4
27705479 60
27705479 232
27705481 3
27705493 1608
27705569 172
27705571 41
27705581 6028
27705641 24
27705653 391
27705659 1
27705703 288
27705913 12
27705913 1107
27705949 4467
27706001 159
27706079 1137
27706087 332
27706177 167
27706177 219
27706291 9
27706321 15
27706331 1
27706391 1
27706409 4
27706417 752
27706423 32
27706429 72
27706429 192
27706477 132
27706487 9
27706487 108
27706517 3
27706573 3
27706573 5588
27706649 19
27706661 3
27706703 352
27706717 1392
27706771 6000
27706799 1
27706817 183
27706859 1
27706859 76
27706967 4
27707023 5
27707023 440
27707023 2337
27707041 15
27707051 484
27707083 8
27707089 3864
27707107 3585
27707159 1
27707333 3
27707419 2481
27707423 1
27707429 4
27707447 28
27707531 4
27707539 5565
27707551 164
27707611 1961
27707819 1
27707819 16
27707819 6604
27707873 3
27707879 9
27708053 183
27708101 4
27708101 496
27708119 1
27708173 132
27708257 1603
27708293 12
27708323 1188
27708371 1
27708377 1272
27708481 24
27708503 1465
27708649 380
27708719 9
27708797 2787
27708841 23
27708871 48
27708881 420
27708881 8488
27708913 11
27708977 6660
27709001 384
27709081 35
27709139 4
27709247 84
27709289 1335
27709307 117
27709403 1
27709447 5
27709447 4632
27709459 29
27709463 325
27709477 3
27709477 1508
27709579 636
27709639 41
27709681 260
27709723 48
27709777 3
27709817 39
27709849 15
27709849 824
27709861 1583
27709919 1
27709967 4
27709967 69
27710083 800
27710083 1553
27710099 12
27710107 1113
27710129 171
27710141 4
27710173 951
27710183 1
27710191 605
27710201 4
27710201 40
27710201 420
27710279 1
27710279 4
27710387 88
27710387 4572
27710413 75
27710413 1083
27710437 404
27710483 360
27710591 1
27710609 4
27710717 3
27710717 1672
27710779 21
27710783 1
27710821 480
27710843 57
27710857 2399
27710887 12
27710887 1265
27710953 3648
27711001 276
27711007 105
27711011 13
27711023 12
27711023 3117
27711083 1
27711091 8
27711157 3744
27711163 4476
27711197 5932
27711239 60
27711239 100
27711287 25
27711287 7345
27711349 191
27711379 5
27711451 2033
27711473 51
27711511 113
27711553 263
27711577 3
27711661 24
27711667 264
27711679 177
27711689 27
27711707 88
27711721 3
27711743 937
27711809 7
27711953 3
27711961 23
27712021 36
27712031 61
27712039 36
27712043 6600
27712067 4
27712219 24
27712219 345
27712231 765
27712409 291
27712427 8020
27712639 216
27712739 1
27712807 17
27712813 3
27712877 7
27712877 9768
27712913 3
27712961 3388
27712973 7
27712981 95
27712987 137
27713041 4319
27713047 3213
27713053 156
27713071 29
27713269 1500
27713377 59
27713393 16
27713479 9
27713561 244
27713603 33
27713639 4
27713641 3
27713669 4
27713671 185
27713683 8
27713831 45
27713839 197
27713899 965
27713981 679
27713993 12
27714023 1
27714119 1
27714119 72
27714257 103
27714257 3004
27714259 12
27714259 29
27714397 8
27714397 12
27714409 11
27714433 2520
27714457 35
27714569 5800
27714671 1
27714733 191
27714803 1
27714821 64
27714821 180
27714847 77
27714881 103
27714943 116
27714971 4516
27714983 793
27715001 259
27715021 615
27715021 6788
27715087 8
27715087 357
27715141 560
27715231 2016
27715283 1
27715351 924
27715439 69
27715459 7581
27715517 7
27715613 7
27715687 192
27715711 20
27715717 8
27715747 140
27715903 5
27715949 532
27715973 3303
27715999 180
27716027 4
27716093 27
27716303 1
27716393 3
27716413 191
27716453 4120
27716471 1584
27716641 3423
27716671 33
27716671 1221
27716677 1283
27716743 5
27716797 188
27716807 12
27716807 385
27716873 7
27716873 67
27716879 1
27716879 1497
27716891 1
27716891 280
27716951 9124
27716999 1
27716999 225
27717023 1
27717023 112
27717043 101
27717097 123
27717113 196
27717161 63
27717161 2455
27717199 20
27717223 20
27717233 3
27717247 29
27717299 4
27717311 9
27717311 148
27717449 2179
27717493 143
27717511 2568
27717563 16
27717731 1
27717821 24
27717983 93
27718001 19
27718037 60
27718039 8612
27718049 6652
27718183 32
27718237 7107
27718277 12
27718333 752
27718351 536
27718351 4785
27718357 20
27718451 1
27718451 1564
27718499 1
27718589 31
27718633 228
27718643 673
27718729 6120
27718807 57
27718879 1016
27718921 3
27719077 23
27719077 207
27719089 12
27719141 16
27719183 105
27719189 7
27719269 159
27719303 13
27719303 61
27719303 697
27719353 71
27719359 12
27719429 7
27719491 548
27719491 2645
27719501 3108
27719507 277
27719647 329
27719647 7533
27719663 13
27719683 5
27719789 111
27719819 1
27719819 4
27719831 133
27719833 51
27719849 544
27719897 4
27719897 784
27720097 2663
27720211 653
27720263 1
27720263 673
27720323 1
27720347 5425
27720419 4777
27720467 60
27720499 20
27720571 1089
27720593 3
27720617 6592
27720673 135
27720683 1
27720683 21
27720799 12
27720799 6960
27720841 7340
27720923 1
27720937 80
27720967 525
27720983 13
27721061 1624
27721069 200
27721081 24
27721081 95
27721147 2357
27721151 1180
27721201 11
27721217 27
27721231 6264
27721259 9
27721259 184
27721619 4
27721753 3812
27721783 132
27721829 184
27721919 3885
27721919 8664
27721933 56
27721973 3895
27721979 1
27722047 6092
27722111 624
27722129 399
27722171 1
27722183 7528
27722221 3
27722281 155
27722371 53
27722419 12
27722419 716
27722441 24
27722533 2211
27722561 75
27722593 60
27722593 2912
27722599 189
27722627 4
27722701 224
27722837 2124
27722867 33
27722921 4
27722987 4
27722987 12
27722987 225
27722999 16
27723013 56
27723053 708
27723067 20
27723127 248
27723131 673
27723139 2205
27723161 16
27723191 13
27723251 16
27723253 8
27723281 3
27723431 1
27723431 9
27723491 1
27723497 984
27723539 12
27723557 352
27723557 1800
27723643 45
27723659 4
27723659 8436
27723673 5232
27723727 1217
27723791 1
27723791 49
27723791 120
27723833 3
27723847 9
27723959 1
27724019 1
27724139 57
27724153 468
27724183 72
27724183 3785
27724327 2360
27724457 75
27724471 5
27724547 172
27724699 21
27724747 8
27724771 5064
27724799 1
27724901 48
27724967 60
27724997 3
27724997 1248
27725021 268
27725083 12
27725083 20
27725119 3705
27725263 36
27725267 48
27725267 2169
27725273 7
27725309 1012
27725459 21
27725549 172
27725597 64
27725609 100
27725671 5
27725681 3
27725683 48
27725699 5437
27725773 1403
27725777 100
27725779 21
27725851 285
27725909 72
27725909 120
27725909 1156
27725917 3
27725941 3
27725993 75
27726011 169
27726011 1369
27726143 240
27726173 15
27726277 1148
27726299 16
27726299 384
27726313 7280
27726317 744
27726331 9
27726331 81
27726403 6080
27726421 155
27726449 4
27726607 8
27726659 997
27726703 7152
27726739 12
27726773 3
27726773 7
27726773 547
27726893 1432
27726917 40
27726977 288
27727027 1233
27727129 2460
27727163 1
27727163 1248
27727163 4512
27727307 829
27727339 56
27727379 1
27727409 67
27727421 3880
27727589 19
27727643 52
27727709 72
27727723 21
27727871 9708
27727961 1263
27728069 4
27728081 19
27728159 1
27728189 2616
27728189 5907
27728231 1
27728231 8373
27728369 4
27728413 15
27728417 1612
27728431 5
27728473 3
27728629 24
27728629 3756
27728671 1553
27728713 95
27728773 63
27728917 300
27729043 7616
27729043 9057
27729047 105
27729073 3903
27729179 4
27729203 516
27729287 13
27729349 11
27729353 12
27729413 1587
27729509 3280
27729517 32
27729659 1
27729677 7
27729787 5
27729833 3
27729847 5
27729847 245
27729847 572
27729901 11
27730097 319
27730097 3148
27730127 1813
27730147 9
27730163 13
27730163 1428
27730189 80
27730231 105
27730331 93
27730379 1
27730477 3
27730477 8
27730561 231
27730589 36
27730589 64
27730601 3156
27730631 109
27730667 213
27730687 8
27730687 4425
27730751 429
27730763 253
27730763 1036
27730889 12
27730903 12
27730903 32
27730943 1953
27730943 2053
27730973 75
27731023 57
27731101 51
27731161 63
27731177 124
27731183 2593
27731219 1
27731303 1
27731309 1779
27731323 677
27731371 20
27731371 473
27731401 543
27731419 300
27731423 52
27731441 5343
27731531 4
27731633 27
27731633 2607
27731653 35
27731653 56
27731729 91
27731789 4
27731797 564
27731831 1
27731831 13
27731911 5
27731953 683
27731969 15
27732013 68
27732059 1
27732071 69
27732071 229
27732097 1595
27732169 711
27732337 3
27732401 1620
27732403 5168
27732449 72
27732493 171
27732493 1268
27732623 1
27732767 12
27732791 1
27732827 4
27732829 864
27732937 2795
27733133 1575
27733159 44
27733169 4
27733267 1385
27733289 844
27733333 1992
27733397 187
27733403 81
27733427 373
27733439 64
27733513 572
27733571 549
27733603 168
27733603 368
27733721 39
27733763 1
27733763 2025
27733777 15
27733781 4
27733963 5
27733997 4
27733997 2907
27734009 9187
27734107 129
27734111 336
27734117 187
27734219 4
27734309 67
27734407 3960
27734459 84
27734479 4149
27734743 5
27734753 295
27734783 1
27734783 16
27734891 1
27734891 4
27735023 1
27735077 3
27735151 129
27735199 92
27735247 29
27735259 5
27735259 744
27735299 1
27735319 5
27735373 27
27735427 300
27735431 105
27735443 756
27735637 3
27735637 152
27735641 108
27735689 5736
27735749 7
27735797 3
27735811 3213
27735833 376
27735833 4908
27735863 1
27735881 3
27735899 7420
27735941 3
27735949 47
27735971 1
27736039 1400
27736109 1792
27736153 3
27736153 63
27736171 9
27736297 1652
27736301 63
27736307 40
27736343 1
27736369 12
27736427 564
27736451 1020
27736601 4
27736613 3
27736613 1243
27736619 1
27736679 1
27736679 36
27736679 124
27736733 72
27736739 16
27736747 945
27736777 32
27736811 1
27736811 144
27736817 159
27736823 21
27736837 3
27736837 144
27736853 3
27736949 4
27736981 8
27737027 9904
27737071 1328
27737147 60
27737147 745
27737147 1153
27737147 7080
27737233 3
27737291 1
27737291 21
27737329 47
27737429 75
27737483 1
27737509 27
27737509 107
27737513 7456
27737527 464
27737579 9
27737581 80
27737627 25
27737639 61
27737639 6732
27737711 1
27737713 111
27737713 1467
27737713 3756
27737741 4
27737741 480
27737807 13
27737911 381
27738047 1020
27738047 5469
27738077 7
27738143 457
27738163 2085
27738167 100
27738251 13
27738283 21
27738323 597
27738383 1
27738433 8
27738551 4
27738551 4989
27738553 27
27738553 48
27738589 140
27738589 1164
27738589 1859
27738617 183
27738677 4864
27738709 6852
27738757 24
27738757 408
27738847 5
27738881 4
27738881 1095
27738967 1220
27738967 5009
27739009 47
27739009 84
27739013 216
27739037 4692
27739133 87
27739199 8149
27739379 4
27739379 21
27739433 132
27739433 523
27739483 17
27739619 1
27739681 219
27739711 5
27739711 4121
27739727 6237
27739871 13
27739919 1
27739919 4
27739951 8
27739969 252
27740023 32
27740051 81
27740129 352
27740201 15
27740263 8
27740263 41
27740291 1
27740303 73
27740333 8376
27740341 2040
27740407 48
27740459 36
27740467 17
27740519 1
27740579 952
27740731 5
27740903 1
27740917 119
27741061 3
27741061 543
27741061 4211
27741137 24
27741137 2124
27741137 7927
27741209 7
27741227 468
27741251 393
27741257 19
27741281 48
27741319 429
27741319 5052
27741341 3
27741341 180
27741353 3
27741353 135
27741359 1
27741359 4
27741383 2476
27741401 1155
27741449 64
27741517 419
27741517 779
27741547 44
27741731 4
27741731 3444
27741781 8
27741803 6157
27741907 9
27741907 17
27741907 84
27741911 1
27741983 105
27741983 4356
27742157 3
27742159 96
27742219 125
27742343 1
27742349 19
27742397 67
27742447 5
27742447 1805
27742471 176
27742493 100
27742493 676
27742529 6327
27742597 300
27742703 16
27742811 1
27742811 2188
27742837 1739
27742931 1
27743011 129
27743189 4
27743189 7
27743239 5
27743239 9
27743297 7
27743351 1
27743399 1
27743453 2812
27743533 3
27743563 2288
27743567 28
27743603 1
27743621 376
27743641 6975
27743657 24
27743671 8225
27743699 501
27743701 3
27743893 3
27743939 1
27743939 24
27743939 1044
27743951 373
27744019 2505
27744217 3
27744217 8
27744377 3
27744421 11
27744421 1284
27744443 1
27744449 5307
27744557 748
27744581 4
27744623 6132
27744637 128
27744637 479
27744653 7188
27744667 20
27744701 88
27744713 3
27744733 11
27744757 12
27744853 11
27744863 1
27744887 9
27744961 48
27745013 931
27745051 21
27745051 2849
27745273 3
27745327 1472
27745391 1
27745409 12
27745427 493
27745559 1
27745577 972
27745633 320
27745687 1400
27745703 1
27745709 235
27745709 4647
27745727 1453
27745741 464
27745769 2556
27745891 129
27745937 1243
27745957 20
27745957 92
27746149 51
27746177 2208
27746239 341
27746357 303
27746387 1989
27746413 51
27746413 363
27746489 7
27746489 271
27746531 1945
27746557 8
27746573 540
27746597 3
27746639 1936
27746639 7756
27746723 1
27746819 1
27746959 65
27746959 7041
27747059 1
27747121 3260
27747199 464
27747311 1
27747311 4
27747323 6765
27747329 19
27747331 2289
27747431 1
27747547 1124
27747563 1
27747571 29
27747613 8163
27747659 1252
27747781 11
27747781 671
27747793 7083
27747829 287
27747871 8
27748009 1596
27748031 2028
27748067 3193
27748073 103
27748129 416
27748307 153
27748339 12
27748397 652
27748451 40
27748489 71
27748571 16
27748579 549
27748601 36
27748661 103
27748691 1
27748729 27
27748729 4032
27748781 156
27748789 824
27748871 9
27748901 223
27748901 4575
27748933 11
27748933 51
27748967 13
27748997 4
27748997 40
27749011 20
27749191 168
27749207 268
27749257 3
27749257 983
27749353 5247
27749383 156
27749387 4
27749483 1
27749489 5179
27749651 1
27749669 559
27749699 4
27749713 1103
27749717 7
27749803 141
27750077 343
27750091 45
27750097 3
27750101 160
27750139 5
27750197 7
27750211 44
27750253 5087
27750263 1
27750271 60
27750311 4
27750367 8
27750379 20
27750383 133
27750383 1161
27750451 321
27750553 347
27750601 3
27750601 8
27750661 96
27750661 240
27750683 1
27750689 12
27750707 48
27750713 3
27750713 7
27750923 1
27750937 5532
27751019 1
27751033 3
27751049 4
27751109 4
27751159 17
27751223 97
27751249 5391
27751319 1
27751337 220
27751349 156
27751351 5804
27751397 879
27751459 6201
27751483 8
27751561 3
27751589 39
27751643 156
27751751 76
27751781 903
27751819 5
27751819 80
27751849 1020
27751853 207
27751901 3
27751987 33
27751987 5637
27752047 240
27752051 1
27752057 8667
27752093 67
27752093 1272
27752171 1
27752189 4
27752189 160
27752209 207
27752213 3
27752303 1
27752311 9
27752489 4
27752489 27
27752489 276
27752497 879
27752677 152
27752737 3
27752831 3345
27752831 5256
27752903 192
27752903 8517
27752957 375
27752969 9100
27753101 3
27753113 3640
27753113 4920
27753251 4
27753287 2569
27753301 3
27753373 51
27753373 147
27753419 1
27753499 3021
27753581 4
27753631 353
27753647 57
27753653 432
27753743 4401
27753827 4
27753827 60
27753833 52
27753853 72
27753853 807
27754159 24
27754159 3101
27754187 12
27754187 13
27754229 15
27754271 84
27754373 756
27754373 5232
27754481 103
27754627 309
27754717 32
27754747 2889
27754799 1
27754799 169
27754843 8
27754913 3
27755009 24
27755023 233
27755191 9
27755191 21
27755243 1
27755243 2125
27755347 12
27755359 5036
27755459 1
27755471 25
27755617 159
27755699 1
27755753 12
27755771 1
27755857 12
27755879 5677
27755927 37
27755999 1
27755999 24
27756041 8223
27756143 1
27756151 48
27756181 56
27756269 3255
27756329 567
27756347 60
27756409 32
27756593 28
27756593 43
27756593 232
27756643 77
27756679 8304
27756737 267
27756787 308
27756847 225
27756851 4
27756991 161
27757003 12
27757007 3297
27757091 1041
27757193 1771
27757349 1096
27757397 3
27757427 24
27757463 45
27757463 1588
27757507 8
27757601 2343
27757781 36
27757823 88
27757859 97
27757949 2695
27757967 24
27758011 41
27758039 1
27758041 5264
27758099 1
27758293 3
27758303 1
27758327 4
27758363 328
27758441 1236
27758531 573
27758683 408
27758711 21
27758729 2059
27758891 1
27758911 5
27758989 612
27758993 7
27759047 9157
27759049 35
27759131 1
27759157 15
27759157 923
27759163 5
27759191 13
27759301 11
27759307 897
27759581 111
27759587 9
27759659 621
27759661 3
27759679 201
27759737 84
27759883 521
27759923 1
27759959 4
27760021 83
27760111 9
27760129 36
27760129 1467
27760129 8432
27760169 220
27760169 1035
27760189 360
27760253 3
27760331 60
27760331 381
27760391 4
27760451 1
27760493 27
27760529 19
27760547 6684
27760571 1
27760571 5440
27760631 45
27760657 12
27760657 327
27760669 24
27760669 324
27760697 52
27760849 492
27760937 519
27761003 1
27761081 3
27761099 4
27761117 559
27761197 1367
27761297 7
27761431 84
27761431 2429
27761467 12
27761467 117
27761521 11
27761593 51
27761609 2104
27761689 2259
27761887 8
27761927 25
27761941 203
27761947 68
27761977 3
27761999 1
27761999 105
27762199 236
27762239 12
27762239 1300
27762281 1099
27762341 4
27762431 1
27762443 7497
27762641 3
27762739 2009
27762809 8424
27762881 100
27762893 288
27762983 1521
27763031 1296
27763037 1660
27763117 3
27763117 12
27763117 275
27763147 65
27763247 6244
27763297 20
27763297 224
27763297 315
27763327 9
27763327 108
27763327 2432
27763331 1
27763331 285
27763399 8940
27763429 1835
27763447 692
27763451 4
27763451 9
27763531 7985
27763621 1976
27763649 427
27763741 8
27763781 24
27763831 7908
27763849 1187
27763867 33
27763877 55
27763919 4
27763927 8
27763937 3
27763963 1148
27763969 192
27764057 7
27764057 583
27764069 24
27764117 19
27764123 1
27764123 2121
27764203 3545
27764239 225
27764273 1236
27764287 8
27764449 479
27764531 1
27764537 172
27764543 1
27764543 177
27764563 1128
27764591 1
27764593 3
27764593 63
27764753 268
27764797 3
27764843 1321
27764881 3
27764881 1043
27764903 1
27764917 284
27764941 75
27764941 755
27765007 213
27765011 21
27765041 691
27765043 5
27765083 4717
27765191 1
27765247 317
27765277 600
27765349 80
27765359 1
27765443 1
27765443 13
27765467 2169
27765533 3
27765533 4567
27765541 15
27765613 1488
27765691 4881
27765763 5
27765791 1
27765833 16
27765833 1956
27765869 7
27765887 4
27765887 13
27766027 9225
27766157 55
27766157 1399
27766177 255
27766187 13
27766279 7920
27766357 1760
27766381 3
27766439 144
27766547 12
27766579 921
27766633 83
27766643 192
27766649 5971
27766747 260
27766813 155
27766883 1
27766883 528
27767027 4
27767063 28
27767063 157
27767093 3
27767093 5212
27767107 929
27767107 4700
27767119 6989
27767149 7311
27767167 5
27767167 29
27767191 248
27767231 1
27767251 33
27767251 81
27767329 2855
27767381 28
27767449 47
27767543 37
27767563 41
27767611 5
27767611 584
27767617 503
27767651 1
27767653 68
27767653 1052
27767713 12
27767713 308
27767713 6795
27767801 3
27767917 80
27767917 675
27767941 3
27767989 459
27768007 32
27768017 67
27768161 1071
27768203 516
27768347 13
27768353 316
27768379 717
27768401 331
27768401 1216
27768407 1120
27768487 1572
27768577 600
27768589 11
27768607 5957
27768679 21
27768721 2760
27768791 193
27768857 40
27768877 284
27768943 8
27768943 6576
27768997 540
27769069 252
27769081 15
27769097 3
27769103 1
27769253 2356
27769331 1
27769331 28
27769361 40
27769367 37
27769447 33
27769447 48
27769633 11
27769633 1020
27769657 59
27769723 17
27769723 692
27769867 5
27769867 12
27769879 180
27769919 37
27769927 425
27769949 351
27769961 1875
27769979 177
27769991 9
27769991 1453
27770087 8460
27770111 1
27770219 240
27770261 615
27770261 691
27770273 7
27770339 4
27770363 13
27770363 4416
27770399 1
27770411 21
27770557 12
27770579 7912
27770621 79
27770627 93
27770641 119
27770663 880
27770713 123
27770731 561
27770851 5
27770929 11
27770929 24
27770933 3663
27770999 1
27771049 9504
27771119 1
27771119 516
27771167 12
27771199 8525
27771221 3
27771239 1
27771361 4220
27771371 4
27771377 15
27771377 67
27771397 332
27771461 271
27771479 1
27771533 516
27771773 3183
27771791 3385
27771817 3
27771853 2412
27771853 6876
27772007 4
27772013 7
27772027 65
27772027 920
27772207 5972
27772313 168
27772313 1743
27772331 468
27772331 1909
27772337 12
27772337 15
27772403 48
27772463 1
27772483 1145
27772579 60
27772627 44
27772729 575
27772763 21
27772793 9292
27772963 68
27772963 117
27773077 3
27773111 333
27773149 144
27773171 1
27773201 4
27773243 1
27773411 256
27773467 5448
27773531 9
27773579 1
27773579 2409
27773633 12
27773633 51
27773639 12
27773659 9
27773659 12
27773777 7
27773777 132
27773777 324
27773777 3387
27773813 5640
27773821 1679
27773827 17
27773881 8148
27773897 759
27773897 4819
27773917 27
27773917 104
27773947 17
27774023 12
27774031 60
27774283 2121
27774353 3
27774359 2800
27774473 91
27774521 55
27774569 627
27774577 68
27774587 169
27774673 3
27774709 672
27774919 5
27774919 17
27774959 129
27774997 939
27775117 6672
27775213 72
27775249 32
27775249 104
27775367 40
27775439 1
27775487 57
27775529 2287
27775577 19
27775619 121
27775691 16
27775733 3
27775861 11
27775873 3
27775931 621
27775931 2349
27775999 9
27776041 3
27776041 6800
27776057 88
27776083 3032
27776131 24
27776141 4
27776141 16
27776261 3
27776429 9339
27776473 3
27776513 3
27776599 344
27776741 3
27776747 568
27776783 1
27776807 13
27776891 1
27776909 52
27776971 309
27776999 1
27777119 6336
27777179 25
27777227 1065
27777391 80
27777413 1476
27777443 1
27777443 25
27777479 316
27777481 11
27777569 4
27777577 15
27777637 12
27777641 19
27777661 20
27777733 8
27777749 1176
27777907 8120
27777947 9304
27778039 21
27778039 1157
27778067 2652
27778087 9
27778097 19
27778151 4
27778169 12
27778189 155
27778277 3
27778339 5
27778349 316
27778367 672
27778369 27
27778397 424
27778483 41
27778483 1293
27778529 15
27778529 972
27778643 112
27778651 953
27778693 708
27778813 35
27778819 36
27778841 136
27778889 6987
27778979 4
27778979 2137
27778987 117
27779137 8
27779249 4
27779287 8
27779291 4
27779299 3452
27779359 3669
27779369 700
27779393 3
27779393 12
27779533 1803
27779569 360
27779573 672
27779641 2244
27779663 148
27779663 7077
27779681 3
27779701 2724
27779707 8
27779707 9
27779707 593
27779707 1872
27779863 20
27779893 152
27779963 268
27780037 524
27780043 68
27780073 3
27780127 149
27780131 736
27780217 228
27780281 843
27780373 1295
27780391 176
27780491 1
27780539 4896
27780593 196
27780611 913
27780631 221
27780707 360
27780707 5752
27780733 1272
27780761 88
27780763 1553
27780769 596
27780773 192
27780773 1672
27780853 87
27781031 1249
27781049 136
27781049 1432
27781069 119
27781087 192
27781087 965
27781129 216
27781207 1020
27781393 7800
27781409 540
27781423 21
27781423 36
27781459 44
27781471 1596
27781547 612
27781613 1135
27781651 1793
27781697 12
27781697 24
27781697 315
27781703 1
27781879 20
27781937 63
27781937 120
27781939 9
27781993 7443
27782003 60
27782057 7
27782057 487
27782059 317
27782081 99
27782099 736
27782129 4
27782129 72
27782141 4
27782147 133
27782173 68
27782173 2955
27782399 5712
27782467 12
27782477 252
27782501 5988
27782501 7075
27782533 8
27782537 3
27782549 19
27782591 1
27782663 76
27782753 12
27782801 148
27782801 175
27782917 8
27782917 15
27783059 4
27783059 16
27783071 1
27783071 16
27783071 33
27783089 12
27783109 72
27783227 4
27783271 36
27783361 903
27783449 6084
27783451 56
27783523 645
27783617 67
27783617 100
27783641 4
27783641 36
27783647 124
27783799 356
27783803 1
27783851 165
27783863 1
27783863 445
27783907 45
27783911 1
27783911 4
27783913 111
27783913 5691
27783971 13
27784073 16
27784189 84
27784271 1
27784303 5
27784313 4336
27784399 24
27784417 1308
27784433 952
27784439 1
27784513 11
27784577 24
27784609 815
27784703 1
27784781 3
27784949 31
27784993 15
27785033 2187
27785119 5
27785281 3
27785281 219
27785291 8901
27785297 3387
27785309 1212
27785339 1
27785339 9
27785341 131
27785363 1
27785447 49
27785447 148
27785473 3
27785489 495
27785591 13
27785603 13
27785623 5
27785677 23
27785677 192
27785713 372
27785731 8
27785767 105
27785887 177
27785897 147
27785983 5
27786103 221
27786179 109
27786271 245
27786359 1
27786377 2767
27786613 15
27786613 48
27786623 1
27786641 19
27786713 7
27786713 892
27786713 1923
27786743 1
27786743 36
27786763 93
27786953 3
27786991 8
27787103 13
27787141 644
27787189 35
27787213 8
27787271 196
27787283 1
27787283 145
27787393 8
27787421 208
27787429 152
27787447 17
27787489 3807
27787549 27
27787577 12
27787691 984
27787891 8
27787913 52
27787939 1524
27787957 2507
27788021 304
27788041 36
27788083 53
27788129 31
27788197 23
27788197 612
27788219 81
27788219 120
27788237 60
27788237 1932
27788263 8
27788263 21
27788273 108
27788297 43
27788339 501
27788417 8980
27788419 3089
27788429 16
27788479 4212
27788603 160
27788603 261
27788701 11
27788753 3
27788779 401
27788951 1
27789053 1075
27789061 8
27789061 35
27789143 88
27789193 3
27789263 1
27789283 8
27789283 137
27789319 1824
27789367 8
27789367 1548
27789401 4
27789557 712
27789617 3588
27789683 1
27789869 127
27789869 360
27789991 900
27790153 372
27790183 68
27790211 1
27790261 3
27790487 25
27790501 3
27790501 44
27790523 28
27790523 1225
27790571 9
27790667 24
27790669 44
27790747 984
27790769 7
27790769 16
27790781 136
27790963 5
27790963 12
27791069 112
27791069 1011
27791087 24
27791117 3
27791161 3
27791161 443
27791207 12
27791233 543
27791249 76
27791249 180
27791293 3
27791297 423
27791299 12
27791353 2027
27791371 5
27791371 44
27791411 1
27791453 5772
27791497 20
27791627 13
27791677 3
27791693 8611
27791833 915
27791977 1524
27792001 203
27792047 1393
27792067 53
27792067 2052
27792071 1
27792071 153
27792157 2403
27792221 7311
27792223 53
27792223 3125
27792253 8136
27792313 9615
27792409 119
27792419 1
27792503 1
27792509 4627
27792559 12
27792673 23
27792673 27
27792691 105
27792827 12
27792851 1560
27792889 2096
27792997 1107
27793037 2128
27793099 21
27793111 1188
27793169 15
27793169 3879
27793243 1236
27793261 56
27793291 48
27793343 45
27793399 12
27793399 32
27793459 1524
27793471 728
27793477 503
27793693 3
27793741 3
27793741 1299
27793769 160
27793841 15
27793847 1033
27793921 11
27793921 1520
27793957 39
27794021 39
27794021 640
27794071 465
27794119 17
27794171 1
27794183 1
27794339 121
27794411 1
27794411 9
27794411 145
27794519 4
27794519 61
27794519 5005
27794593 8283
27794681 3
27794873 1651
27794951 1
27794953 3
27794953 395
27794999 6729
27795049 459
27795191 9
27795191 1593
27795223 92
27795239 24
27795367 524
27795367 4353
27795379 2741
27795539 1
27795539 4
27795583 21
27795583 68
27795617 79
27795721 9599
27795773 7
27795863 792
27796019 1
27796033 8
27796261 11
27796331 4
27796339 92
27796403 1
27796441 296
27796453 527
27796477 107
27796477 164
27796523 705
27796537 4760
27796579 140
27796631 4
27796633 3
27796651 68
27796679 1
27796723 308
27796777 27
27796793 216
27796799 4
27796799 8932
27796823 21
27796841 63
27796891 5088
27796931 9
27796933 272
27796961 4
27797093 2236
27797113 11
27797117 39
27797183 1
27797183 12
27797233 3
27797239 5
27797347 6144
27797353 3
27797369 19
27797381 1336
27797411 1
27797527 9
27797603 1
27797603 1117
27797647 3597
27797657 43
27797879 9045
27798013 3
27798013 332
27798019 5
27798131 1
27798139 7920
27798301 3
27798313 12
27798391 36
27798481 23
27798481 1979
27798607 8
27798607 600
27798623 1
27798629 4
27798739 21
27798739 329
27798787 4977
27798817 32
27798829 84
27798929 7
27798931 624
27799007 48
27799021 440
27799021 6908
27799091 48
27799091 909
27799151 1
27799151 24
27799217 4
27799259 1
27799297 2408
27799307 120
27799427 4
27799427 88
27799441 11
27799459 741
27799459 2184
27799483 5
27799483 32
27799669 60
27799741 236
27799741 1619
27799747 2769
27799757 12
27799969 11
27799969 132
27800089 2712
27800099 8364
27800137 15
27800153 283
27800207 25
27800207 132
27800251 213
27800327 13
27800393 43
27800407 5
27800411 1
27800411 28
27800527 9
27800573 72
27800603 2077
27800611 164
27800659 20
27800677 795
27800687 97
27800693 96
27800699 12
27800783 16
27800803 20
27800873 3
27800891 8760
27801029 19
27801031 8
27801031 3204
27801031 3584
27801049 1932
27801083 1
27801133 3
27801133 60
27801173 12
27801173 175
27801311 1189
27801337 12
27801407 220
27801439 9
27801469 60
27801469 8504
27801533 3
27801551 25
27801589 15
27801661 2156
27801661 3516
27801677 55
27801713 1623
27801757 3200
27801757 5187
27801857 3
27801857 159
27801913 8
27801941 300
27801989 31
27802067 409
27802067 1792
27802067 8269
27802121 24
27802129 15
27802139 16
27802171 204
27802273 11
27802273 27
27802273 108
27802351 5348
27802417 24
27802433 88
27802433 1168
27802447 5
27802451 4
27802451 25
27802457 3
27802457 4
27802457 4167
27802571 28
27802583 1
27802673 48
27802727 12
27802729 12
27802741 335
27802847 4
27802927 17
27802927 32
27802933 12
27802979 36
27802981 3600
27803077 32
27803077 228
27803081 276
27803117 3
27803131 6216
27803189 7071
27803351 13
27803351 405
27803357 4
27803383 12
27803491 248
27803519 1
27803603 1
27803759 4
27803771 448
27803827 8
27803827 164
27803851 1929
27803887 1112
27803903 1
27803947 1500
27803947 2064
27803999 1
27804019 21
27804071 1
27804347 4
27804457 212
27804461 3
27804463 132
27804509 180
27804563 196
27804599 16
27804709 27
27804743 1
27804773 495
27804817 3
27804869 7
27804869 144
27804901 3
27805049 6231
27805123 72
27805139 21
27805273 15
27805273 195
27805307 4
27805307 12
27805307 2140
27805313 3
27805363 12
27805423 281
27805439 1
27805439 21
27805501 35
27805619 1
27805663 2061
27805819 1785
27805823 48
27805859 1
27805891 68
27805891 365
27805891 1320
27805891 2525
27805951 2276
27805963 45
27805963 437
27806029 884
27806123 1
27806143 53
27806243 732
27806257 128
27806417 492
27806501 111
27806521 56
27806627 1309
27806797 3
27806813 12
27806833 335
27806873 3
27806879 1
27806957 40
27806981 3
27806981 16
27807001 3
27807037 3
27807119 1
27807119 36
27807119 40
27807119 100
27807229 1052
27807293 483
27807331 9
27807371 516
27807463 12
27807487 9
27807551 121
27807601 2904
27807617 4
27807653 43
27807677 252
27807743 1
27807803 1
27808003 188
27808007 8160
27808069 11
27808117 2879
27808177 3
27808213 503
27808217 12
27808223 1
27808241 9199
27808483 7952
27808507 2417
27808579 44
27808601 64
27808681 3
27808699 2565
27808777 3
27808813 11
27808853 316
27808877 28
27809017 308
27809069 4
27809113 392
27809191 65
27809291 1
27809291 16
27809329 32
27809359 3501
27809363 1
27809447 13
27809557 3
27809633 1008
27809647 1152
27809687 28
27809701 339
27810067 1793
27810089 27
27810143 4900
27810161 4180
27810257 3283
27810329 4
27810329 940
27810331 773
27810331 3033
27810371 1
27810371 4
27810371 13
27810467 477
27810499 45
27810533 496
27810539 105
27810593 1420
27810683 1
27810683 12
27810821 4
27810877 3
27810877 2460
27810977 4
27811033 3
27811037 99
27811093 11
27811093 408
27811139 1
27811141 8
27811141 75
27811213 3
27811213 171
27811229 55
27811237 308
27811271 1
27811559 1197
27811691 1
27811787 37
27811799 1
27811897 588
27811939 9
27811997 1872
27812009 39
27812033 12
27812107 104
27812209 320
27812231 1
27812321 159
27812339 172
27812339 3397
27812377 123
27812381 195
27812383 180
27812399 9
27812417 3
27812417 9159
27812441 3
27812453 16
27812573 7
27812633 3
27812633 231
27812639 1
27812689 11
27812879 16
27812891 1
27812893 12
27812899 21
27812933 72
27812963 13
27812963 241
27813089 796
27813103 5
27813109 24
27813113 811
27813151 308
27813167 1317
27813221 123
27813251 105
27813323 1
27813437 100
27813439 4625
27813593 207
27813623 13
27813641 4
27813671 2376
27813757 1787
27813757 3828
27813833 432
27813943 641
27813953 76
27814001 3
27814009 464
27814009 1491
27814027 5
27814027 404
27814067 609
27814123 153
27814123 6945
27814139 4
27814139 4492
27814147 3308
27814183 320
27814183 9657
27814211 1
27814211 8008
27814247 3685
27814333 60
27814333 216
27814573 231
27814663 2660
27814753 32
27814777 63
27814793 91
27814811 4
27814811 33
27814883 1785
27814921 15
27814921 36
27814999 729
27815003 45
27815017 3
27815017 68
27815057 40
27815057 387
27815071 5
27815129 7
27815191 8
27815201 4128
27815267 4
27815327 40
27815387 997
27815419 416
27815423 7233
27815467 117
27815531 9
27815633 3
27815633 15
27815693 1152
27815699 1
27815699 2604
27815719 105
27815743 5
27815759 1
27815759 121
27815803 5
27815803 156
27815849 24
27815863 188
27815863 8972
27815987 1357
27816001 236
27816007 108
27816007 329
27816109 27
27816121 3
27816143 1
27816221 4971
27816377 4
27816443 1
27816559 29
27816587 112
27816619 5
27816839 4
27816857 60
27816911 4
27816923 1
27816977 48
27816979 209
27817063 8
27817099 32
27817289 24
27817301 2508
27817397 27
27817469 4
27817523 12
27817579 885
27817619 9
27817711 8
27817711 669
27817759 12
27817807 9
27817817 75
27817837 164
27817913 43
27817921 251
27817997 2188
27818039 1
27818053 95
27818053 4268
27818471 1
27818473 123
27818473 2951
27818543 52
27818591 16
27818611 20
27818657 12
27818669 75
27818699 21
27818701 23
27818729 907
27818737 240
27818741 31
27818837 4
27818863 4301
27818899 161
27818933 816
27819019 372
27819053 555
27819061 863
27819109 1056
27819109 3572
27819199 44
27819257 2728
27819299 4
27819331 404
27819371 7264
27819437 7
27819509 144
27819509 316
27819511 24
27819563 1
27819563 157
27819563 4860
27819587 784
27819593 3496
27819601 1751
27819677 7
27819683 37
27819683 72
27819703 381
27819707 3984
27819797 7
27819907 1172
27819937 348
27819959 1
27819977 4
27820021 8
27820043 1617
27820063 393
27820141 7959
27820153 131
27820229 207
27820229 4219
27820277 120
27820369 156
27820393 23
27820393 983
27820511 4873
27820543 1460
27820607 465
27820783 2880
27820783 9545
27820901 448
27820909 15
27820937 4
27821317 7719
27821393 48
27821413 2168
27821461 83
27821471 1
27821471 360
27821579 345
27821597 828
27821693 12
27821693 2923
27821777 504
27821879 265
27821929 84
27822001 824
27822059 285
27822071 1
27822199 24
27822241 3
27822259 21
27822287 297
27822293 16
27822331 2549
27822331 4641
27822349 867
27822437 127
27822491 1
27822491 84
27822533 648
27822539 496
27822643 101
27822647 1188
27822667 57
27822667 1964
27822703 2060
27822719 1
27822737 15
27822799 17
27822937 8
27822943 1853
27822947 1089
27822953 183
27822989 4
27823097 252
27823127 13
27823171 629
27823249 27
27823333 23
27823349 27
27823363 137
27823507 8
27823511 1
27823589 2512
27823603 5
27823603 21
27823603 200
27823637 639
27823637 3955
27823661 28
27823661 411
27823759 3800
27823759 7601
27823787 40
27823823 57
27823903 36
27823909 15
27823931 1
27823931 4
27823949 40
27823969 2619
27823969 5055
27824009 12
27824057 4
27824063 1
27824107 5
27824243 1
27824287 3497
27824299 236
27824347 2069
27824491 3933
27824507 24
27824593 1335
27824647 12
27824653 3
27824653 6291
27824663 1
27824677 23
27824809 272
27824897 4
27824897 147
27824941 39
27824941 320
27824981 360
27824981 1063
27825023 1
27825067 5
27825131 1
27825157 72
27825163 545
27825179 4
27825179 12
27825289 11
27825289 59
27825431 1
27825509 60
27825571 9
27825599 1
27825613 3
27825613 47
27825613 75
27825683 4893
27825793 3
27825799 6320
27825829 51
27825871 20
27825913 3
27825949 11
27825983 73
27825983 693
27826121 111
27826133 52
27826147 2744
27826157 72
27826181 736
27826223 1
27826243 17
27826243 96
27826361 279
27826367 192
27826387 3633
27826417 48
27826423 20
27826489 4175
27826511 1
27826529 4
27826649 31
27826691 1
27826699 1361
27826753 63
27826753 83
27826873 3
27826873 516
27826927 17
27826927 372
27826991 160
27826993 5255
27827017 2303
27827027 253
27827099 1
27827117 4
27827141 31
27827159 37
27827179 29
27827183 40
27827221 324
27827273 3
27827329 104
27827339 1
27827341 555
27827411 9
27827497 267
27827573 40
27827603 1
27827699 37
27827729 24
27827741 3
27827753 5520
27827753 6472
27827867 1297
27827879 1
27827887 12
27827957 79
27828011 1
27828109 3231
27828131 1165
27828161 4
27828169 36
27828209 91
27828347 4
27828347 1812
27828467 28
27828481 15
27828491 1
27828497 7
27828529 7800
27828533 1455
27828679 12
27828733 1047
27828737 3
27828743 1
27828883 1797
27828989 4684
27829073 3
27829079 21
27829147 5
27829147 269
27829199 49
27829271 2896
27829387 12
27829393 5243
27829457 159
27829463 1
27829601 148
27829619 8160
27829631 16
27829721 144
27829733 1416
27829741 44
27829751 8028
27829757 2104
27829777 3
27829777 27
27829819 584
27830057 3
27830171 1
27830171 4
27830261 3
27830261 15
27830303 1
27830329 191
27830347 1469
27830501 55
27830609 7
27830639 597
27830791 69
27830821 476
27830917 8
27830947 9
27830951 340
27831119 4
27831203 1
27831217 8
27831217 12
27831239 81
27831367 17
27831481 8
27831571 4893
27831607 209
27831641 3
27831767 28
27831781 3
27831821 4
27831823 17
27831823 41
27831833 2631
27831871 2156
27831901 464
27831913 176
27831931 260
27832019 1
27832069 2199
27832081 3008
27832151 1
27832151 556
27832151 2604
27832171 825
27832241 3
27832271 453
27832279 692
27832379 1
27832421 268
27832423 21
27832543 5
27832603 476
27832643 1
27832643 57
27832681 99
27832741 1235
27832741 9539
27832787 1549
27832793 196
27832817 15
27832867 5
27832867 2457
27832877 412
27832907 52
27832907 1257
27832919 189
27832919 1056
27832963 137
27832979 1
27833021 1164
27833107 104
27833147 589
27833203 9905
27833291 4
27833329 36
27833363 1
27833363 48
27833363 216
27833371 341
27833453 3
27833453 411
27833483 1
27833503 360
27833521 11
27833521 1499
27833521 2144
27833527 4992
27833557 35
27833557 527
27833557 2907
27833693 9312
27833809 411
27833843 1360
27833891 4
27833969 100
27833983 48
27833987 285
27834061 600
27834073 1055
27834077 3
27834119 3205
27834161 3784
27834281 16
27834377 3
27834407 973
27834551 153
27834553 32
27834557 4104
27834641 43
27834641 540
27834671 1
27834671 33
27834731 1
27834757 612
27834881 100
27834959 1
27834959 21
27834997 8
27834997 663
27835081 104
27835091 1
27835151 744
27835183 57
27835207 120
27835207 9248
27835271 1
27835271 9
27835289 15
27835369 140
27835463 2233
27835469 556
27835471 720
27835531 236
27835573 207
27835573 308
27835607 73
27835631 1
27835651 309
27835693 336
27835697 4027
27835699 9
27835909 552
27835981 20
27835981 2904
27836153 28
27836161 1623
27836213 27
27836323 21
27836359 45
27836383 8
27836461 188
27836527 5
27836591 4740
27836639 1
27836741 1591
27836761 1616
27836779 41
27836779 8412
27836813 3
27836833 3
27836929 735
27836933 2076
27836947 1205
27837037 87
27837077 3
27837221 160
27837259 9516
27837353 55
27837353 1111
27837379 3132
27837409 35
27837409 71
27837461 739
27837571 2081
27837581 820
27837587 25
27837587 313
27837611 1
27837643 140
27837673 68
27837737 3
27837779 1
27837881 748
27837917 27
27837961 15
27837973 1035
27837991 6749
27838001 3
27838087 12
27838103 13
27838201 24
27838277 127
27838301 120
27838351 9
27838373 28
27838379 441
27838451 1
27838507 404
27838691 21
27838703 1
27838871 49
27838949 819
27838957 7440
27838981 8
27839027 2212
27839093 15
27839107 20
27839117 700
27839137 3
27839191 20
27839219 1
27839239 9
27839243 3361
27839297 1159
27839299 5
27839299 252
27839323 8
27839443 32
27839479 12
27839479 381
27839491 4208
27839509 4427
27839527 272
27839599 5
27839641 3
27839753 28
27839771 1
27839771 16
27839783 1
27839827 1260
27839879 4
27839927 604
27839951 21
27840047 12
27840047 40
27840089 504
27840151 5
27840199 449
27840257 3
27840257 4
27840287 433
27840457 35
27840457 195
27840499 60
27840523 80
27840661 3
27840661 83
27840749 15
27840803 597
27840863 12
27840887 37
27840919 2912
27840991 713
27841127 409
27841183 5
27841183 236
27841211 2976
27841217 312
27841217 447
27841361 3651
27841399 77
27841519 5
27841571 45
27841643 21
27841679 1
27841679 2040
27841729 1815
27841741 60
27841771 33
27841771 573
27841789 12
27841861 15
27841901 5775
27841951 93
27842021 84
27842161 215
27842203 1400
27842237 7
27842251 9
27842293 20
27842293 135
27842299 120
27842299 3725
27842317 3
27842411 16
27842459 1
27842473 936
27842501 1579
27842561 3
27842593 1571
27842621 319
27842663 48
27842663 108
27842723 13
27842729 40
27842777 3
27842797 3
27842819 1
27843071 4
27843083 1
27843131 1
27843131 4
27843181 4140
27843281 508
27843281 2275
27843323 40
27843329 4672
27843337 39
27843367 9
27843443 12
27843503 1
27843553 143
27843601 11
27843631 5
27843707 24
27843707 33
27843719 4
27843719 925
27843749 31
27843769 3276
27843853 183
27843863 13
27843883 8493
27843953 1995
27843971 1
27844001 19
27844057 5288
27844067 57
27844109 6912
27844123 21
27844129 131
27844189 4551
27844241 24
27844277 3
27844301 3
27844307 13
27844343 1
27844343 241
27844381 308
27844393 180
27844403 1
27844403 112
27844409 175
27844409 1704
27844409 8275
27844543 125
27844547 9
27844547 268
27844777 32
27844837 24
27844841 108
27844879 80
27844879 605
27844889 7624
27844907 1113
27845057 7
27845071 629
27845107 44
27845107 65
27845107 1224
27845137 1992
27845141 3
27845143 465
27845429 16
27845429 564
27845449 107
27845513 28
27845551 8
27845647 845
27845729 3399
27845743 156
27845743 7665
27845791 581
27845899 12
27845989 12
27845989 872
27846149 7
27846197 4
27846223 177
27846337 299
27846337 3443
27846341 19
27846347 4
27846349 15
27846569 36
27846617 63
27846617 100
27846727 6284
27846779 24
27846803 3528
27846817 32
27846823 612
27846899 4
27846899 21
27846919 45
27846941 4
27846961 3
27846961 755
27846961 1023
27846971 1
27846971 2505
27847019 1
27847033 3
27847069 11
27847069 164
27847093 8
27847093 147
27847189 59
27847387 144
27847397 568
27847427 6817
27847447 2157
27847481 84
27847591 200
27847591 533
27847639 69
27847639 177
27847661 283
27847741 8
27847793 12
27847847 988
27847957 8
27848027 24
27848063 1
27848089 1740
27848089 7227
27848221 24
27848237 4
27848257 6444
27848291 24
27848351 13
27848351 28
27848399 61
27848449 75
27848489 19
27848507 4
27848507 97
27848539 9237
27848609 159
27848759 1
27848921 1863
27848939 6697
27848959 480
27849007 12
27849023 1
27849071 1
27849091 5
27849167 2629
27849187 60
27849233 3288
27849233 6072
27849313 3
27849323 2101
27849403 36
27849403 228
27849463 8468
27849583 93
27849697 8
27849697 135
27849761 703
27849923 880
27849959 4
27849967 132
27850013 547
27850243 33
27850321 408
27850327 9
27850337 9240
27850351 2940
27850373 3
27850373 12
27850379 4
27850391 1
27850391 49
27850397 1155
27850441 1391
27850477 144
27850489 6195
27850499 277
27850577 12
27850583 6997
27850619 460
27850661 63
27850721 4
27850841 184
27850847 3244
27850871 145
27850937 3
27850937 3460
27850939 17
27851003 1
27851011 6893
27851027 925
27851039 1
27851041 60
27851059 5780
27851111 1
27851111 121
27851149 399
27851203 72
27851293 36
27851407 12
27851489 844
27851501 15
27851503 5
27851611 8501
27851633 3
27851633 3595
27851711 253
27851711 304
27851741 8668
27851771 108
27851771 741
27851783 1
27851819 1
27851897 595
27852049 44
27852131 2709
27852197 3
27852313 96
27852361 2531
27852371 1
27852373 3
27852431 24
27852437 12
27852521 40
27852589 155
27852641 3
27852641 528
27852707 7413
27852743 1
27852791 13
27852907 120
27852943 132
27852943 5600
27852983 121
27853013 1576
27853103 181
27853139 52
27853139 2241
27853153 92
27853169 7
27853247 24
27853279 860
27853289 7
27853289 267
27853421 279
27853481 3
27853481 3820
27853523 432
27853523 2673
27853589 5280
27853697 3
27853799 265
27853817 787
27853849 387
27853853 15
27853853 52
27853873 8
27853877 708
27853963 80
27853967 252
27854017 3
27854023 2388
27854069 340
27854149 7476
27854159 1
27854159 16
27854249 4
27854249 31
27854269 15
27854269 35
27854287 1245
27854317 608
27854447 4
27854479 29
27854579 9
27854579 5085
27854611 21
27854639 1
27854639 277
27854713 3
27854807 3424
27854851 20
27854851 1788
27854951 1
27854963 4248
27854999 37
27855017 12
27855137 3
27855173 3
27855253 36
27855253 87
27855361 8
27855379 5
27855427 8
27855593 112
27855613 8
27855623 777
27855623 3801
27855731 1
27855871 5
27855923 1
27855923 4200
27855929 772
27855991 156
27856123 33
27856139 21
27856229 807
27856253 3
27856277 427
27856291 240
27856291 7433
27856331 1
27856399 45
27856441 1451
27856441 8796
27856649 4
27856723 5
27856729 155
27856789 1539
27856799 12
27856867 465
27856943 1
27856963 456
27856993 2895
27857111 4
27857161 159
27857227 5
27857257 1772
27857261 3
27857447 9328
27857449 60
27857569 39
27857579 1
27857581 3
27857587 1673
27857677 348
27857723 1
27857783 1
27857959 980
27857993 72
27858013 8
27858043 3096
27858049 596
27858049 819
27858091 93
27858091 2208
27858139 12
27858191 369
27858319 96
27858421 6299
27858437 4
27858449 7
27858449 40
27858463 20
27858511 44
27858581 3
27858581 16
27858583 32
27858619 12
27858653 1720
27858659 3292
27858683 12
27858697 12
27858811 2756
27858839 1
27858871 120
27858889 15
27858923 1
27858989 7
27859031 1
27859061 16
27859061 48
27859231 8
27859259 1
27859283 156
27859309 84
27859309 311
27859411 21
27859411 185
27859439 1
27859439 189
27859511 1
27859511 33
27859547 4
27859547 8968
27859621 560
27859679 1
27859679 12
27859679 165
27859703 12
27859709 7
27859763 1180
27859879 45
27859883 1
27859907 189
27860051 2253
27860233 3
27860233 15
27860353 11
27860359 9
27860363 1
27860381 3
27860389 24
27860389 432
27860453 1300
27860453 3051
27860579 801
27860611 116
27860683 1068
27860699 1
27860717 3
27860717 4
27860761 120
27860831 4
27860849 4
27860887 672
27860891 4
27860891 13
27860891 3448
27860929 15
27860933 36
27860939 1
27860939 1924
27860953 207
27860983 5
27860983 236
27860983 276
27861059 85
27861091 6533
27861187 213
27861209 115
27861227 772
27861233 460
27861313 12
27861313 191
27861313 200
27861433 15
27861433 60
27861433 108
27861433 2735
27861469 75
27861497 3
27861637 8
27861737 2763
27861803 1
27861853 551
27861859 681
27861949 51
27861971 1941
27862007 48
27862019 4
27862019 9816
27862057 360
27862061 991
27862061 5899
27862157 547
27862181 4
27862181 51
27862193 496
27862267 17
27862283 1
27862283 40
27862391 9
27862433 28
27862487 573
27862561 3
27862579 20
27862613 1308
27862699 9
27862799 1
27862819 5
27862819 45
27862837 99
27862931 1
27862981 3
27863111 25
27863309 4
27863351 1
27863351 3589
27863401 371
27863413 3
27863413 800
27863467 1680
27863551 168
27863587 525
27863587 1809
27863597 40
27863669 39
27863669 76
27863711 1
27863711 169
27863713 95
27863777 3
27863963 1
27863987 945
27864047 9
27864059 1
27864077 4812
27864097 680
27864119 580
27864253 11
27864299 5325
27864323 25
27864359 1
27864359 544
27864553 875
27864631 8
27864653 115
27864671 16
27864671 349
27864709 32
27864713 7
27864719 1
27864839 9
27864839 21
27864857 8403
27864919 4157
27864971 4
27865003 12
27865021 15
27865073 1408
27865111 180
27865133 3
27865273 3
27865319 1344
27865391 9
27865421 4
27865531 21
27865531 221
27865543 1617
27865577 43
27865619 1
27865619 69
27865751 4
27865751 136
27865801 59
27865813 60
27865823 1
27865889 511
27865973 456
27866057 252
27866099 16
27866207 4560
27866221 8
27866221 11
27866273 1147
27866329 47
27866339 1081
27866387 1357
27866389 5739
27866471 88
27866491 8
27866549 952
27866687 3117
27866843 85
27866897 424
27866897 2743
27866903 2496
27866933 3
27867101 475
27867121 444
27867127 125
27867143 177
27867143 1281
27867197 15
27867209 675
27867251 24
27867251 181
27867251 261
27867353 3
27867407 432
27867431 1
27867443 448
27867527 1480
27867557 3
27867557 19
27867683 352
27867689 67
27867731 33
27867733 155
27867797 208
27867799 2984
27867839 1
27867923 16
27867929 15
27867929 87
27868073 640
27868073 2487
27868103 52
27868121 15
27868147 8
27868177 275
27868361 156
27868447 3084
27868483 8
27868483 1008
27868487 4
27868657 248
27868679 217
27868769 6844
27868861 384
27868903 65
27868903 1377
27868931 1
27868949 4
27869027 25
27869057 3
27869111 4
27869111 105
27869173 143
27869173 300
27869173 303
27869201 3
27869297 27
27869297 427
27869339 1
27869339 4204
27869351 9
27869411 1684
27869483 9028
27869503 788
27869533 47
27869581 3
27869581 299
27869591 16
27869591 400
27869711 4
27869759 2472
27869759 3577
27869819 1
27869819 277
27869921 31
27869927 49
27870091 56
27870109 135
27870113 1308
27870179 1
27870179 64
27870179 105
27870203 3661
27870211 8
27870239 1
27870289 9032
27870371 1
27870383 1
27870391 5
27870413 480
27870443 1
27870467 13
27870467 360
27870539 192
27870559 5
27870571 425
27870691 44
27870691 53
27870691 3489
27870707 7845
27870757 12
27870809 15
27870851 1
27870851 1000
27870863 1
27870883 1257
27870989 4732
27871031 201
27871049 51
27871093 6531
27871153 143
27871159 336
27871189 132
27871229 4855
27871231 21
27871243 1097
27871297 3083
27871379 876
27871391 1
27871447 20
27871447 317
27871601 3
27871643 1
27871661 43
27871663 420
27871667 69
27871747 212
27871751 13
27871829 5731
27871843 1448
27871843 6261
27871861 9168
27871889 51
27871957 267
27871967 33
27871979 1
27872093 228
27872153 43
27872233 3
27872413 51
27872459 1
27872459 141
27872489 19
27872519 24
27872561 168
27872599 12
27872633 12
27872651 1
27872657 19
27872699 100
27872699 2764
27872893 131
27872903 25
27872909 4
27872921 15
27872947 33
27873011 1
27873239 4
27873257 99
27873499 5
27873569 7
27873647 37
27873721 11
27873737 3
27873793 392
27873851 85
27873947 12
27873947 229
27874031 4
27874069 96
27874111 21
27874111 156
27874199 520
27874207 572
27874261 8
27874261 435
27874361 808
27874361 2704
27874391 1
27874391 40
27874391 49
27874519 69
27874531 1056
27874541 1311
27874591 89
27874591 4569
27874601 3
27874603 657
27874927 5
27874937 3
27875017 83
27875093 55
27875219 61
27875227 48
27875311 93
27875311 704
27875321 999
27875347 6408
27875411 21
27875411 4824
27875431 429
27875437 3
27875437 428
27875501 40
27875513 291
27875537 7
27875539 44
27875539 89
27875539 5477
27875579 1
27875587 8
27875693 348
27875737 5219
27875797 24
27875891 340
27875891 9996
27875993 7
27876007 5
27876007 1340
27876031 233
27876041 24
27876041 715
27876113 12
27876127 1437
27876137 2604
27876181 3
27876181 15
27876361 48
27876377 3
27876377 4
27876419 1
27876419 2977
27876461 4
27876467 3157
27876637 452
27876731 1
27876803 1036
27876833 463
27876853 3
27876883 8001
27876911 2073
27876983 1
27876983 601
27876997 380
27877049 12
27877049 1804
27877079 76
27877079 601
27877103 1
27877177 1440
27877271 45
27877301 420
27877309 59
27877387 20
27877471 5
27877583 16
27877607 13
27877621 279
27877669 1080
27877669 1107
27877763 1
27877799 1
27877823 480
27877867 5
27877867 9
27877879 3957
27878009 96
27878177 40
27878177 207
27878197 123
27878219 25
27878261 1308
27878359 2097
27878423 1
27878467 8264
27878527 897
27878611 2400
27878687 64
27878801 5199
27878843 1
27878927 112
27878941 3
27878993 3
27879011 1
27879079 6240
27879097 564
27879191 1
27879191 4
27879253 35
27879287 4
27879287 253
27879311 4
27879343 1017
27879359 4
27879361 8
27879443 1
27879493 216
27879557 108
27879661 11
27879671 105
27879721 248
27879809 4396
27879823 5
27879823 20
27879899 1
27880093 3
27880147 305
27880159 1685
27880189 15
27880231 5
27880243 156
27880331 7189
27880417 3
27880417 39
27880417 47
27880421 28
27880421 84
27880427 12
27880511 1
27880511 1780
27880609 27
27880621 8
27880639 497
27880667 4
27880793 75
27880841 4
27880871 253
27880927 8
27880939 357
27881047 12
27881201 3
27881263 6825
27881291 316
27881323 1521
27881533 1448
27881591 1540
27881621 375
27881699 12
27881851 21
27881897 4
27881969 2431
27882061 15
27882191 1
27882191 25
27882199 44
27882223 4848
27882259 21
27882269 4
27882269 612
27882313 236
27882319 452
27882479 1
27882493 191
27882523 3416
27882523 6732
27882539 1
27882539 2052
27882559 1209
27882593 7
27882607 5
27882607 60
27882641 4
27882643 3933
27882677 7
27882677 40
27882731 25
27882731 393
27882773 7
27882853 27
27882893 63
27882901 123
27882901 420
27883133 228
27883147 8
27883147 12
27883147 585
27883187 249
27883187 312
27883397 8383
27883501 3
27883631 13
27883633 336
27883693 3651
27883699 236
27883847 568
27883871 1
27883871 3789
27884023 5
27884179 5
27884237 3
27884249 280
27884287 1545
27884459 1
27884459 16
27884513 268
27884567 4720
27884581 3
27884627 2077
27884693 28
27884699 124
27884699 240
27884711 1
27884749 56
27884803 128
27884887 20
27884917 299
27884999 1
27885061 480
27885071 4
27885071 484
27885259 201
27885283 941
27885317 367
27885397 372
27885401 15
27885437 412
27885509 732
27885527 1525
27885541 2103
27885553 23
27885589 1092
27885619 6744
27885659 4
27885743 165
27885829 1512
27885859 5345
27885947 4
27885989 7
27886021 20
27886039 5
27886093 36
27886093 6975
27886193 72
27886223 397
27886343 1
27886343 3952
27886361 4675
27886399 9129
27886483 20
27886501 296
27886541 204
27886541 1036
27886559 264
27886561 3
27886561 23
27886631 3796
27886633 27
27886643 1
27886643 3057
27886709 12
27886717 8
27886739 1
27886981 3
27887161 48
27887179 29
27887207 69
27887281 11
27887297 60
27887317 104
27887417 55
27887423 45
27887621 3
27887627 13
27887627 48
27887627 273
27887689 707
27887767 8
27887767 312
27887813 51
27887813 1203
27887843 156
27888073 12
27888079 9
27888089 39
27888097 7803
27888199 9
27888199 3569
27888319 72
27888319 3125
27888331 356
27888331 368
27888439 5
27888439 6969
27888461 3
27888541 2715
27888629 24
27888629 271
27888667 93
27888703 336
27888727 180
27888779 36
27888779 444
27888851 481
27888863 1
27888899 4981
27888943 5
27888943 1445
27888989 2712
27889007 48
27889177 39
27889273 2871
27889319 220
27889349 7
27889349 544
27889441 3
27889457 160
27889523 1
27889541 148
27889591 989
27889613 471
27889669 96
27889679 12
27889703 192
27889703 6777
27889733 6927
27889861 56
27889921 24
27889943 1
27890069 360
27890123 48
27890147 4
27890147 1324
27890179 17
27890281 35
27890311 1409
27890339 1
27890399 1
27890477 5424
27890519 37
27890549 460
27890567 4
27890677 188
27890749 36
27890771 1
27890923 308
27890981 163
27891023 28
27891077 123
27891109 1947
27891119 1
27891121 176
27891151 5
27891239 1
27891293 3
27891293 3288
27891517 5124
27891529 5720
27891553 3
27891581 4
27891587 129
27891629 4
27891937 3
27891937 44
27892001 79
27892037 1420
27892097 183
27892211 4
27892211 5740
27892331 216
27892379 1
27892441 63
27892441 179
27892481 4
27892493 7
27892493 16
27892493 180
27892517 27
27892619 1
27892633 3576
27892637 3
27892729 204
27892829 339
27892919 24
27893009 31
27893009 1912
27893207 57
27893213 3
27893291 1
27893303 1
27893323 1997
27893377 60
27893441 988
27893483 325
27893483 417
27893543 1
27893603 268
27893639 1
27893791 1485
27893807 12
27893813 55
27893861 7203
27893947 4937
27893951 1189
27893977 3
27894011 1
27894011 169
27894037 168
27894037 375
27894067 24
27894067 312
27894073 2387
27894121 24
27894131 1
27894137 2104
27894241 8
27894257 55
27894287 13
27894443 697
27894521 28
27894577 87
27894673 35
27894673 1128
27894689 4572
27894697 3
27894701 16
27894709 6260
27894721 95
27894733 8
27894733 128
27894733 2036
27894743 780
27894767 45
27894803 1
27894809 267
27894949 344
27894989 19
27894991 33
27895001 175
27895001 1068
27895057 588
27895229 24
27895237 140
27895277 3
27895279 36
27895321 3
27895327 5
27895411 24
27895421 2823
27895429 2991
27895501 2016
27895547 12
27895601 43
27895601 48
27895601 435
27895643 1
27895729 95
27895871 24
27895873 27
27895943 1
27896017 3
27896329 36
27896377 2483
27896381 3
27896387 133
27896419 12
27896419 521
27896437 39
27896467 5
27896471 4
27896501 16
27896513 163
27896513 343
27896527 9
27896543 153
27896569 47
27896591 16
27896641 3
27896669 244
27896669 7984
27896689 32
27896689 39
27896761 3
27896801 535
27896903 1
27897059 16
27897059 945
27897061 68
27897061 131
27897143 1
27897211 5969
27897281 3
27897307 9
27897407 13
27897407 2169
27897431 1
27897479 1869
27897563 2077
27897599 1
27897637 792
27897659 57
27897677 2827
27897691 5760
27897791 4
27897791 13
27897839 1
27897839 841
27897977 1767
27897983 825
27898049 100
27898051 948
27898133 75
27898151 1
27898151 9
27898159 3101
27898229 1696
27898291 120
27898291 1020
27898301 28
27898369 2075
27898393 7260
27898447 285
27898463 1
27898487 7824
27898531 5820
27898537 3
27898561 39
27898561 320
27898571 1
27898823 1
27898847 3585
27898933 255
27898933 3372
27899173 35
27899177 8604
27899197 180
27899231 76
27899257 312
27899293 3
27899297 64
27899441 199
27899471 768
27899491 9
27899491 21
27899497 228
27899497 3212
27899503 1565
27899519 12
27899579 76
27899611 5
27899699 4
27899699 241
27899701 1083
27899791 780
27899821 8
27899857 3
27899863 5
27899863 12
27899863 17
27899903 1561
27899903 8292
27899957 4
27900011 1
27900011 829
27900137 3
27900157 4715
27900203 4081
27900211 429
27900259 6980
27900277 48
27900289 1571
27900337 2240
27900443 1
27900443 45
27900443 141
27900463 501
27900473 355
27900599 1
27900619 257
27900629 4
27900629 924
27900629 1867
27900781 528
27900793 3
27900853 11
27900959 889
27900979 641
27901021 624
27901067 853
27901073 1783
27901151 1
27901319 52
27901319 105
27901381 75
27901397 1960
27901421 1740
27901463 141
27901501 768
27901561 80
27901603 2817
27901603 3096
27901639 12
27901649 7
27901661 3
27901661 16
27901673 3
27901751 2644
27901781 1555
27901781 2499
27901787 4
27901873 240
27901927 5
27901963 3276
27902111 1
27902249 207
27902267 33
27902297 27
27902353 3
27902453 3231
27902471 13
27902513 375
27902569 2232
27902579 1
27902587 24
27902603 1
27902689 419
27902701 200
27902723 1
27902723 36
27902723 93
27902767 9
27902957 568
27902993 363
27903079 29
27903119 1
27903121 723
27903223 108
27903223 237
27903251 1
27903331 8
27903389 4
27903433 831
27903461 3
27903467 4
27903553 8
27903559 84
27903583 153
27903611 21
27903641 31
27903719 1
27903737 19
27903737 3088
27903791 489
27903797 420
27903823 68
27903857 3
27903871 9
27903877 224
27903907 6204
27903929 52
27903929 1759
27903929 7932
27903971 1
27903983 436
27903983 1092
27904013 31
27904043 1
27904193 28
27904193 3216
27904223 1
27904379 157
27904493 12
27904537 3
27904573 128
27904609 36
27904631 1
27904691 13
27904693 120
27904879 3432
27905021 28
27905063 1
27905081 51
27905081 100
27905081 1315
27905107 20
27905113 1611
27905117 43
27905117 88
27905117 3564
27905123 1
27905123 9657
27905147 612
27905231 1
27905303 1
27905411 1
27905459 1
27905573 27
27905681 79
27905729 19
27905747 165
27905771 1
27905809 9051
27905821 2075
27905863 273
27905963 1
27906157 3
27906161 3
27906187 113
27906209 4
27906239 100
27906301 44
27906301 4244
27906317 183
27906379 3389
27906427 12
27906433 8
27906467 6153
27906553 623
27906569 7
27906577 48
27906677 1012
27906709 99
27906709 236
27906713 3
27906821 31
27906833 16
27906833 67
27906847 80
27906899 1
27906947 73
27906971 1
27906971 300
27906973 347
27906973 7767
27907021 360
27907021 764
27907069 795
27907079 1
27907127 4
27907133 3
27907207 89
27907241 31
27907259 4
27907259 84
27907259 297
27907267 33
27907289 1867
27907343 1
27907351 84
27907357 83
27907381 396
27907391 1
27907403 45
27907427 4060
27907457 1824
27907469 4
27907469 1071
27907507 17
27907553 472
27907609 20
27907631 69
27907753 3
27907753 476
27907753 7856
27907813 35
27907861 3
27907907 9
27907907 2185
27907951 9
27907951 33
27907951 96
27908059 12
27908087 232
27908099 85
27908117 3
27908141 39
27908303 213
27908389 92
27908389 1232
27908429 1696
27908431 189
27908519 265
27908563 540
27908603 1
27908717 999
27908731 9
27908789 556
27908801 3
27908807 6720
27908977 1943
27909029 495
27909031 836
27909109 327
27909127 8
27909127 1349
27909127 7592
27909263 4252
27909289 11
27909311 24
27909527 73
27909547 5
27909577 4940
27909611 1
27909659 1
27909659 4
27909659 16
27909667 65
27909667 2405
27909701 2508
27909797 412
27909863 1
27909953 51
27910079 1
27910081 1251
27910121 4
27910153 71
27910193 48
27910193 55
27910193 115
27910459 5
27910459 17
27910591 21
27910607 1017
27910637 15
27910637 28
27910699 12
27910703 580
27910853 3
27910859 1
27910871 1
27910871 4
27911027 3648
27911069 7096
27911083 5588
27911089 39
27911131 1589
27911131 4016
27911159 24
27911237 12
27911363 5880
27911419 45
27911483 1
27911491 8
27911531 1
27911539 5
27911539 12
27911651 4
27911657 175
27911669 24
27911753 351
27911837 60
27911881 56
27911887 5
27911921 28
27911971 20
27912013 3
27912089 4
27912089 4767
27912119 1
27912151 5
27912169 216
27912211 84
27912223 5
27912329 4
27912331 89
27912331 2708
27912347 153
27912377 8952
27912427 3437
27912481 8
27912509 31
27912527 240
27912551 1
27912707 33
27912743 1
27912799 5
27912799 32
27912847 9
27912889 1811
27913001 39
27913043 1
27913043 28
27913043 817
27913091 4
27913117 5187
27913129 12
27913129 896
27913177 3
27913199 1
27913211 1
27913217 3
27913217 55
27913217 1132
27913241 16
27913241 1735
27913247 73
27913409 2112
27913537 12
27913681 3
27913877 4
27913877 6975
27913937 252
27914023 525
27914063 1
27914171 21
27914177 1032
27914347 1589
27914351 604
27914351 1425
27914441 123
27914461 8
27914567 129
27914633 3
27914633 7447
27914669 651
27914671 956
27914717 4
27914737 803
27914737 1388
27914767 12
27914771 7336
27914807 12
27914827 5
27914863 1233
27914959 45
27914963 628
27914963 1332
27915011 24
27915011 1053
27915149 67
27915191 1384
27915191 7140
27915233 2067
27915269 15
27915311 1
27915317 4
27915401 3
27915401 55
27915409 416
27915409 996
27915413 280
27915493 6540
27915529 12
27915529 56
27915529 432
27915607 65
27915647 12
27915689 3264
27915703 392
27915737 3
27915907 5285
27915941 400
27915967 17
27916051 81
27916051 108
27916051 1028
27916061 31
27916061 4275
27916087 68
27916103 1
27916127 2340
27916129 32
27916177 83
27916211 480
27916237 1004
27916297 39
27916373 2496
27916379 1
27916477 7623
27916571 4
27916571 85
27916591 5
27916607 1369
27916663 32
27916741 20
27916829 280
27916883 21
27916927 80
27916951 21
27916961 24
27917063 1
27917117 967
27917119 5796
27917233 203
27917243 2556
27917339 60
27917339 64
27917387 417
27917467 33
27917579 1
27917623 8
27917629 192
27917629 1704
27917641 164
27917641 1463
27917677 3315
27917719 9
27917741 15
27917777 12
27917777 952
27917789 12
27917819 1
27917819 2725
27917917 3
27917917 5504
27917921 123
27917947 20
27917993 12
27918013 15
27918101 99
27918133 167
27918161 19
27918311 4
27918311 36
27918347 57
27918377 100
27918421 6351
27918463 65
27918493 1236
27918557 3
27918557 15
27918613 20
27918617 244
27918659 1
27918659 604
27918853 6732
27918949 132
27918973 3
27919019 1
27919121 16
27919121 4359
27919327 8
27919433 3
27919433 40
27919487 12
27919487 33
27919511 1
27919537 8
27919537 612
27919583 1
27919583 348
27919643 4596
27919681 735
27919681 6951
27919699 1781
27919753 1112
27919757 28
27919757 2007
27919777 119
27919847 184
27919847 1957
27919849 56
27919889 67
27919981 371
27919981 3083
27920071 929
27920251 41
27920267 108
27920377 39
27920377 63
27920407 389
27920407 2360
27920437 12
27920447 3472
27920461 104
27920471 21
27920471 24
27920531 9141
27920807 280
27920887 8
27920887 2888
27920887 9185
27920909 7
27920929 8595
27921059 1
27921071 6480
27921167 9
27921193 380
27921367 8
27921373 56
27921427 9
27921433 4943
27921433 7791
27921437 328
27921521 235
27921527 288
27921571 813
27921589 27
27921679 72
27921857 64
27921991 29
27921991 233
27922051 104
27922061 196
27922061 7639
27922091 4
27922121 4
27922133 135
27922151 3784
27922171 9
27922171 68
27922247 9
27922247 597
27922291 6804
27922357 8
27922409 24
27922441 884
27922507 4305
27922541 79
27922549 12
27922577 208
27922577 463
27922603 300
27922669 71
27922831 33
27922831 48
27922859 1
27922859 1336
27922877 2163
27922883 1
27922883 1768
27922907 4
27922981 183
27922981 4400
27923101 11
27923149 20
27923171 1000
27923171 3280
27923191 41
27923191 101
27923227 9068
27923257 12
27923257 1088
27923263 17
27923321 3
27923339 25
27923341 36
27923393 132
27923431 2241
27923447 433
27923471 1
27923479 84
27923509 411
27923531 1296
27923603 9708
27923611 248
27923767 65
27923851 5369
27923891 1789
27923921 15
27923999 1
27924041 648
27924049 6764
27924049 8060
27924077 3
27924101 4
27924181 459
27924203 181
27924241 3
27924257 4
27924301 8
27924389 216
27924401 208
27924443 433
27924467 4
27924511 881
27924517 147
27924577 980
27924679 2897
27924779 1
27924833 1132
27924917 607
27924943 5
27924959 421
27924959 1284
27925031 4
27925031 961
27925259 841
27925279 12
27925301 484
27925319 109
27925367 9
27925369 12
27925483 5
27925489 2712
27925553 3627
27925589 31
27925643 1
27925717 35
27925727 4
27925727 3372
27925771 1221
27925873 300
27925889 12
27925901 4
27925949 4
27925957 1787
27925957 2328
27925967 3717
27925987 285
27925987 528
27926033 120
27926099 4
27926099 76
27926191 156
27926273 487
27926477 319
27926497 3
27926497 39
27926519 1149
27926533 351
27926653 1476
27926693 7
27926729 6691
27926747 765
27926783 4912
27926879 9
27926891 580
27926923 5
27927019 65
27927041 3
27927143 1
27927149 40
27927161 1743
27927233 640
27927239 1
27927247 17
27927287 37
27927323 1
27927323 597
27927421 8
27927433 3203
27927439 57
27927479 1
27927539 16
27927547 8
27927659 37
27927721 2496
27927763 12
27927791 793
27927797 4
27927857 3
27927959 817
27927961 24
27927961 7224
27927973 3675
27927983 12
27928039 197
27928091 5709
27928207 297
27928319 229
27928379 4
27928379 864
27928471 96
27928517 4
27928529 856
27928619 84
27928639 17
27928643 1
27928657 60
27928679 4
27928699 5
27928699 60
27928729 20
27928757 12
27928777 3
27928777 132
27928847 4
27928891 276
27928937 235
27929009 184
27929137 143
27929149 860
27929197 15
27929207 393
27929333 3000
27929389 404
27929401 95
27929467 3360
27929467 5313
27929507 57
27929591 3388
27929611 9
27929653 6188
27929669 60
27929711 109
27929711 2233
27929777 15
27929831 13
27929911 8
27929927 12
27929947 228
27929959 3765
27929971 36
27930041 363
27930137 72
27930181 159
27930191 1
27930197 903
27930233 48
27930239 1
27930251 2665
27930359 1
27930391 5
27930467 649
27930517 3
27930517 12
27930593 12
27930593 2455
27930667 1389
27930689 319
27930733 3440
27930829 3216
27930871 1341
27930961 140
27930971 1
27931049 19
27931091 33
27931193 67
27931199 1
27931313 148
27931327 24
27931439 1
27931469 16
27931481 1128
27931507 113
27931513 8
27931523 1
27931597 8
27931621 3
27931693 195
27931733 220
27931763 9621
27931801 3
27931949 7
27932011 3905
27932041 183
27932057 3
27932089 39
27932117 952
27932129 4
27932129 559
27932137 24
27932137 35
27932137 288
27932161 8
27932251 233
27932263 588
27932279 1
27932279 4
27932291 1309
27932353 71
27932389 84
27932417 15
27932491 41
27932497 68
27932533 23
27932549 2079
27932591 8236
27932609 700
27932629 75
27932657 3
27932657 4
27932657 15
27932689 51
27932699 12
27932699 37
27932699 105
27932699 696
27932777 4303
27932791 584
27932803 17
27932837 4720
27932963 216
27932977 23
27932987 33
27933011 36
27933049 947
27933133 3
27933151 21
27933161 715
27933163 8777
27933239 2881
27933277 32
27933277 4604
27933281 3
27933457 12
27933509 4
27933599 21
27933673 2691
27933683 120
27933749 8995
27933803 1
27933863 1
27933881 51
27933959 1
27934003 5
27934033 51
27934037 88
27934117 188
27934183 1820
27934201 2400
27934217 528
27934289 31
27934289 360
27934307 13
27934367 409
27934369 11
27934369 119
27934513 3
27934513 12
27934633 8
27934663 21
27934771 9
27934787 64
27934799 12
27934877 580
27934957 4115
27935077 24
27935077 27
27935077 95
27935183 13
27935183 5680
27935183 9261
27935273 616
27935389 171
27935459 100
27935461 75
27935461 204
27935483 441
27935603 1605
27935627 57
27935627 192
27935659 17
27935749 227
27935753 51
27935783 8248
27935899 7692
27936101 15
27936101 1191
27936131 124
27936133 3627
27936149 19
27936169 119
27936179 2017
27936319 5
27936343 36
27936347 4
27936361 8699
27936473 535
27936613 6635
27936647 124
27936791 1
27936851 1
27937043 13
27937099 57
27937181 43
27937181 55
27937271 1
27937291 668
27937297 3
27937321 2583
27937373 3
27937423 5
27937631 576
27937753 231
27937813 660
27937927 9
27937967 40
27937967 2133
27937967 4737
27937979 1
27938047 6209
27938051 2188
27938149 359
27938159 1
27938159 652
27938243 1
27938279 12
27938279 52
27938387 7873
27938423 853
27938453 31
27938461 3
27938527 9
27938527 1524
27938567 325
27938591 1
27938627 72
27938639 1
27938699 60
27938707 1533
27938707 1745
27938711 24
27938747 924
27938761 3
27938783 1
27938783 288
27938789 487
27938831 1
27938831 16
27938909 55
27938921 343
27939053 2211
27939133 3
27939133 11
27939239 1
27939271 1809
27939421 831
27939473 7
27939511 5
27939631 8
27939679 29
27939713 3
27939913 35
27939971 60
27939971 2056
27939979 3960
27940097 195
27940117 548
27940249 39
27940261 3284
27940309 111
27940321 20
27940321 2624
27940327 405
27940361 499
27940399 84
27940399 269
27940399 329
27940457 1912
27940489 24
27940573 3
27940573 11
27940573 4512
27940657 843
27940663 1481
27940691 1
27940723 20
27940727 1449
27940777 4520
27940931 1
27941029 140
27941029 155
27941201 4219
27941293 372
27941423 1321
27941491 24
27941503 92
27941519 1
27941597 127
27941597 808
27941689 20
27941731 9
27941731 45
27941741 4
27941777 160
27941783 1
27941791 65
27941813 1375
27941839 1241
27941839 1397
27941857 239
27941861 4
27941861 51
27941933 12
27941981 1291
27942043 1221
27942043 2028
27942139 225
27942163 221
27942193 156
27942247 8
27942323 2097
27942371 1
27942371 69
27942419 1
27942419 60
27942419 6201
27942491 21
27942491 93
27942517 1392
27942619 9020
27942653 3
27942731 288
27942757 48
27942757 1803
27942791 4
27942791 8388
27942821 9724
27942829 704
27942829 6536
27942841 48
27942989 7
27943043 28
27943057 3
27943067 4
27943151 88
27943199 1
27943219 24
27943337 3
27943397 7
27943441 8028
27943477 443
27943523 1092
27943549 3095
27943571 145
27943613 48
27943691 1
27943717 23
27943789 87
27943793 7608
27943831 68
27943841 988
27943901 8571
27943913 480
27943957 488
27943957 1695
27943957 4439
27943969 15
27943969 2600
27943999 5
27944017 7448
27944071 473
27944087 72
27944089 12
27944089 1119
27944093 63
27944093 595
27944101 20
27944167 12
27944219 1
27944291 1
27944291 25
27944407 1868
27944407 7992
27944431 81
27944519 1
27944533 243
27944569 39
27944783 52
27944887 48
27944897 15
27944921 3
27944929 1796
27945031 3065
27945053 3
27945221 28
27945271 5
27945283 8
27945329 1515
27945383 1
27945389 1284
27945439 9
27945451 41
27945457 15
27945457 1640
27945607 225
27945661 1439
27945737 4
27945761 4
27945779 652
27945793 27
27945961 240
27945961 2808
27946027 12
27946027 84
27946049 7
27946049 339
27946049 507
27946073 736
27946109 672
27946199 844
27946319 25
27946319 165
27946327 12
27946327 705
27946421 43
27946447 8
27946559 760
27946631 16
27946669 92
27946687 8312
27946703 1
27946703 141
27946769 1092
27946799 1
27946823 1
27946859 2077
27946901 139
27947063 1
27947063 72
27947111 21
27947111 93
27947111 2125
27947137 3315
27947209 3356
27947351 4
27947401 999
27947453 7
27947453 300
27947471 16
27947641 8
27947669 111
27947753 195
27947761 3
27947761 1404
27947797 252
27947809 12
27947809 275
27947819 9
27947867 28
27947873 3
27947897 3
27947897 75
27947971 8016
27947981 235
27947999 1
27948007 9
27948007 24
27948023 1
27948023 97
27948049 195
27948131 4
27948163 21
27948191 129
27948203 48
27948203 3985
27948223 368
27948229 36
27948229 6780
27948233 1356
27948251 13
27948253 3
27948281 903
27948311 1
27948343 5
27948343 296
27948433 1155
27948461 3
27948463 833
27948521 3
27948533 388
27948551 1
27948551 49
27948871 44
27948923 60
27948989 4
27948997 363
27948997 4199
27949027 105
27949087 452
27949177 4644
27949333 3
27949333 2171
27949373 3
27949403 1
27949423 5
27949423 21
27949429 92
27949433 5847
27949451 1
27949487 952
27949543 41
27949553 3
27949633 3420
27949739 9
27949783 1041
27949793 12
27949861 3
27949891 2121
27949973 3
27950123 657
27950297 2635
27950341 3
27950369 96
27950491 9
27950509 4587
27950677 2495
27950683 5
27950803 381
27950849 7
27950849 2812
27950849 6747
27950887 1100
27950921 5764
27950963 1
27951013 180
27951037 7295
27951083 48
27951103 2145
27951107 192
27951221 4
27951257 40
27951263 1
27951373 8
27951433 8
27951551 1
27951551 4
27951659 1
27951659 301
27951667 69
27951691 6269
27951713 120
27951731 4
27951733 12
27951929 552
27951949 32
27952207 224
27952237 3
27952321 260
27952343 12
27952391 165
27952499 1
27952499 396
27952517 19
27952517 40
27952541 5056
27952559 2401
27952583 36
27952637 7
27952643 1
27952643 12
27952643 25
27952831 8
27952849 20
27952973 7
27953059 5
27953171 1
27953179 317
27953221 35
27953231 325
27953251 509
27953293 663
27953293 2903
27953293 3080
27953353 6971
27953411 3829
27953417 7
27953489 4
27953489 631
27953591 1
27953591 4
27953609 232
27953621 340
27953687 37
27953699 1
27953699 681
27953897 28
27953917 4235
27953969 7
27954089 3867
27954107 253
27954389 856
27954413 1467
27954449 4
27954541 24
27954583 633
27954697 404
27954737 103
27954739 7397
27954761 4
27954767 685
27954793 2963
27954917 3
27954931 9
27954937 68
27954961 3
27955033 27
27955111 6713
27955139 1
27955139 4
27955163 9201
27955171 5
27955181 3
27955181 24
27955181 84
27955201 20
27955223 220
27955363 17
27955363 65
27955379 1
27955483 5
27955489 20
27955489 4395
27955519 764
27955619 177
27955717 23
27955771 9
27955841 2259
27955843 936
27955867 29
27955931 13
27955987 45
27955987 872
27956183 81
27956189 15
27956209 11
27956213 568
27956213 1267
27956233 15
27956303 1
27956303 457
27956311 480
27956419 21
27956419 57
27956443 57
27956563 5
27956651 1
27956821 2031
27956827 773
27956843 2308
27956879 40
27956893 12
27956897 3
27956909 2896
27956927 24
27956933 12
27956939 1461
27956953 12
27957001 11
27957011 61
27957119 1
27957221 3
27957263 3465
27957277 3
27957277 60
27957313 8
27957323 1
27957383 157
27957403 8
27957403 333
27957409 15
27957593 12
27957623 1500
27957701 3
27957701 15
27957731 1
27957739 4904
27957749 16
27957751 4536
27957823 8
27957823 501
27957823 5073
27957841 23
27957929 264
27958009 27
27958027 4373
27958097 28
27958123 456
27958157 3
27958243 360
27958361 219
27958493 7
27958499 4
27958649 36
27958649 199
27958663 5
27958673 7
27958759 60
27958769 7
27958789 267
27958883 3060
27958919 1
27959111 1
27959119 9
27959149 251
27959233 8
27959257 8372
27959273 91
27959291 100
27959291 4296
27959291 5596
27959293 11
27959381 84
27959497 2987
27959521 3
27959563 93
27959563 2265
27959579 172
27959647 948
27959653 83
27959719 5
27959819 1
27959819 45
27959843 1
27959863 8
27959993 115
27960011 21
27960011 4341
27960139 5
27960139 32
27960161 28
27960209 7
27960221 4
27960301 3
27960377 108
27960397 23
27960431 93
27960469 687
27960511 89
27960539 165
27960539 280
27960551 2593
27960593 8076
27960613 9536
27960661 204
27960827 24
27960917 4
27960917 15
27960917 2343
27960943 3576
27960991 8
27961019 4981
27961081 11
27961121 28
27961121 2935
27961207 12
27961207 33
27961237 3
27961247 48
27961259 1
27961259 141
27961273 12
27961273 1247
27961333 8
27961357 543
27961361 15
27961361 19
27961361 76
27961387 6300
27961487 2364
27961553 3
27961679 5472
27961849 327
27961891 8
27962021 976
27962057 123
27962183 1
27962257 8
27962267 520
27962327 300
27962329 11
27962329 515
27962359 41
27962387 48
27962443 8
27962449 1079
27962489 360
27962573 736
27962731 4760
27962743 4368
27962839 45
27962839 161
27962881 108
27962929 35
27962929 84
27962939 1
27962951 2229
27963007 128
27963017 5955
27963121 5976
27963127 8312
27963203 1
27963203 28
27963203 1168
27963223 357
27963251 9156
27963293 4192
27963311 1
27963323 12
27963323 3120
27963349 135
27963359 12
27963359 45
27963389 15
27963389 255
27963413 48
27963443 1
27963479 8016
27963499 9692
27963671 1
27963703 5
27963703 137
27963751 5
27963751 60
27963751 3021
27963863 1
27963863 1200
27963911 4
27963931 41
27963937 8700
27963941 775
27963959 1
27964039 57
27964103 1
27964109 1435
27964301 40
27964361 4
27964451 1
27964567 29
27964571 1
27964579 1220
27964679 657
27964691 1
27964723 5
27964753 8
27964819 6857
27964837 3
27964837 900
27964837 1884
27964877 4
27964939 5124
27965039 57
27965083 68
27965111 1
27965111 64
27965117 1132
27965129 7
27965137 15
27965137 224
27965159 4
27965167 80
27965191 9
27965191 20
27965209 44
27965227 33
27965257 3
27965269 8480
27965419 9
27965429 7
27965467 1712
27965471 1
27965477 15
27965519 2605
27965533 728
27965533 2988
27965593 3
27965621 1984
27965699 117
27965759 16
27965783 1
27965783 85
27965783 496
27965843 6060
27965849 15
27965869 3756
27965897 147
27965981 5223
27966101 568
27966131 1
27966143 1
27966161 63
27966161 115
27966161 388
27966181 15
27966181 2591
27966187 17
27966209 1207
27966283 21
27966283 836
27966283 1757
27966313 3
27966509 4
27966517 2832
27966529 32
27966529 1479
27966539 1080
27966541 1343
27966569 435
27966569 6280
27966571 8985
27966583 12
27966599 265
27966611 13
27966677 72
27966703 128
27966721 3
27966733 2672
27966839 1
27966839 4
27966877 2520
27966923 1
27966947 9
27966973 3
27967013 1540
27967253 12
27967309 1772
27967319 3756
27967361 3
27967399 1425
27967403 1
27967421 100
27967439 525
27967493 88
27967531 3425
27967543 153
27967603 113
27967631 1
27967631 45
27967633 96
27967637 168
27967637 5640
27967663 32
27967663 77
27967663 137
27967739 1
27967783 236
27967789 56
27967811 1
27967811 4
27967843 5
27967949 24
27968033 63
27968053 216
27968053 1232
27968071 6920
27968113 5115
27968147 1260
27968159 1
27968351 4309
27968461 3
27968467 9033
27968491 869
27968509 56
27968581 396
27968599 5705
27968609 4
27968671 5
27968729 15
27968767 9
27968861 3483
27968867 4
27968903 1
27968903 52
27968909 535
27968947 12
27968977 1212
27968999 24
27969031 48
27969167 5320
27969191 133
27969269 759
27969377 1147
27969391 44
27969391 7433
27969433 2060
27969611 1
27969629 136
27969671 1
27969761 4
27969769 1259
27969797 72
27969803 1
27969869 19
27969901 3168
27969971 1
27970037 4
27970051 1713
27970097 3480
27970127 97
27970127 3709
27970141 11
27970141 2628
27970249 1875
27970249 3104
27970279 341
27970357 39
27970363 57
27970421 4
27970517 19
27970583 1
27970643 172
27970739 1837
27970741 6063
27970807 24
27970847 112
27971081 28
27971147 4
27971201 976
27971201 4084
27971267 5169
27971291 13
27971309 39
27971309 1284
27971423 8365
27971453 255
27971507 4
27971507 505
27971551 44
27971569 515
27971687 4
27971707 5
27971707 72
27971711 1
27971711 3205
27971731 9809
27971753 3903
27971789 12
27971791 81
27971791 473
27971791 4484
27971837 84
27971893 932
27972029 1224
27972053 2212
27972107 4
27972239 1
27972449 8419
27972563 96
27972653 15
27972697 3
27972727 125
27972767 220
27972781 11
27972809 135
27972869 15
27972911 25
27973027 5
27973027 9764
27973039 20
27973063 8
27973079 1
27973133 832
27973159 5
27973181 96
27973199 4
27973217 15
27973247 9
27973259 1
27973289 412
27973403 21
27973459 5
27973471 980
27973513 12
27973531 1001
27973549 555
27973657 27
27973657 92
27973657 644
27973703 1
27973793 1495
27973817 4
27973879 2520
27973901 3
27973921 23
27973943 1
27973949 19
27973949 79
27974069 192
27974113 300
27974179 21
27974377 12
27974377 168
27974449 9320
27974519 1
27974543 21
27974543 112
27974561 48
27974567 4
27974579 1420
27974581 3
27974641 3
27974651 1
27974743 420
27974753 3
27974759 964
27974759 1797
27974801 4
27974813 955
27974861 36
27974941 20
27975041 1831
27975083 2485
27975089 136
27975203 3552
27975323 1113
27975329 336
27975371 36
27975377 4
27975439 17
27975449 12
27975449 192
27975511 149
27975529 119
27975583 5465
27975631 68
27975631 144
27975709 12
27975709 27
27975709 387
27975719 4
27975823 5
27975911 3856
27975953 31
27975953 480
27975977 19
27976057 1160
27976111 2585
27976163 2517
27976241 100
27976283 21
27976393 8
27976393 11
27976393 996
27976499 97
27976639 3492
27976657 6308
27976693 440
27976859 1
27976859 4
27976889 4
27976913 3
27976919 1
27977029 9875
27977093 3
27977099 4
27977099 1645
27977171 1
27977273 120
27977273 3856
27977317 4163
27977333 3
27977353 4392
27977381 628
27977381 4275
27977399 1
27977399 97
27977471 4264
27977627 64
27977627 720
27977687 40
27977731 5540
27977777 3
27977813 1147
27977839 2592
27977857 3
27977893 588
27978029 27
27978091 1104
27978121 60
27978121 4980
27978193 11
27978319 41
27978319 3069
27978361 63
27978383 901
27978563 1528
27978593 3
27978607 2000
27978701 3
27978701 16
27978701 84
27978749 4
27978763 372
27978857 64
27978871 8621
27978943 9780
27979027 9
27979037 235
27979037 1084
27979057 2220
27979073 327
27979079 1
27979181 40
27979181 55
27979199 1185
27979249 24
27979337 240
27979387 1317
27979489 147
27979559 1
27979643 1
27979643 13
27979643 121
27979649 4
27979717 108
27979717 7167
27979823 121
27979879 56
27979961 120
27980039 4
27980083 5
27980083 21
27980201 19
27980201 88
27980363 1
27980371 21
27980411 1
27980531 1
27980531 4
27980587 792
27980591 1
27980591 165
27980593 11
27980653 71
27980707 749
27980731 53
27980801 3
27980999 1
27981071 1
27981071 2109
27981073 8
27981077 3
27981097 3
27981211 2945
27981263 1
27981293 372
27981377 3
27981383 13
27981407 13
27981413 6615
27981419 9
27981533 51
27981571 176
27981587 88
27981601 2468
27981617 1143
27981619 20
27981641 3
27981697 692
27981727 1044
27981829 120
27981853 5451
27981913 8
27981913 2603
27981931 285
27981971 40
27981971 61
27981977 228
27981991 21
27982109 4
27982183 12
27982217 532
27982247 97
27982247 2200
27982271 1200
27982321 3
27982337 4459
27982523 1
27982613 15
27982673 7456
27982729 71
27982811 4
27982979 16
27983023 12
27983083 41
27983149 2700
27983317 8
27983401 1004
27983429 439
27983531 1
27983531 16
27983531 64
27983633 415
27983639 1
27983687 4
27983723 1
27983723 2581
27983743 2297
27983777 7
27983863 276
27983987 4
27983993 120
27984059 1
27984097 5588
27984157 15
27984157 279
27984163 701
27984221 2763
27984259 456
27984287 9
27984343 48
27984367 5
27984367 1800
27984401 204
27984527 4
27984641 3
27984659 4
27984707 13
27984799 32
27984841 3
27984883 5
27984883 77
27984889 380
27984923 1
27984923 120
27984961 11
27985019 1
27985091 1
27985091 33
27985121 228
27985121 3051
27985159 7320
27985169 135
27985169 211
27985211 2041
27985301 4
27985313 6135
27985367 4
27985367 1288
27985387 1925
27985541 4
27985543 96
27985547 13
27985547 109
27985571 649
27985571 1060
27985619 1
27985631 1225
27985697 4
27985697 160
27985703 72
27985717 3
27985873 3783
27985873 6615
27985933 3
27985933 27
27986011 144
27986033 123
27986053 3071
27986099 1
27986111 1
27986111 7413
27986177 4
27986201 15
27986201 75
27986219 1
27986293 488
27986341 56
27986353 56
27986489 951
27986501 4399
27986549 7
27986551 285
27986801 39
27986801 1896
27986807 144
27986921 15
27986951 1
27986963 4540
27987101 403
27987143 5197
27987331 428
27987331 704
27987341 3
27987359 1
27987467 105
27987493 108
27987529 95
27987541 35
27987601 1035
27987611 1
27987647 160
27987649 6752
27987667 468
27987677 88
27987731 1180
27987769 519
27987781 3
27987809 7
27987901 3
27987937 92
27988091 1
27988091 4
27988099 737
27988153 47
27988157 88
27988223 40
27988223 352
27988231 705
27988403 1
27988537 608
27988589 55
27988591 36
27988591 4541
27988627 9
27988633 15
27988663 717
27988703 1
27988777 288
27988811 2041
27988889 4
27988921 11
27988921 23
27988927 5
27988979 280
27988991 1
27989047 8
27989077 135
27989153 403
27989197 8
27989201 3123
27989231 1
27989231 301
27989239 621
27989287 5
27989287 9
27989303 132
27989303 337
27989363 108
27989491 21
27989491 249
27989513 3
27989569 2084
27989617 123
27989711 1
27989737 528
27989881 7803
27989891 189
27989903 633
27989917 3
27990037 1680
27990047 117
27990071 1
27990071 64
27990091 105
27990113 451
27990343 5
27990533 172
27990541 131
27990541 1620
27990581 3
27990587 52
27990617 3187
27990749 2212
27990761 928
27990811 29
27990863 717
27990877 3
27990929 6076
27990953 3
27990953 303
27990973 656
27991057 3
27991087 45
27991097 807
27991099 6821
27991121 96
27991147 444
27991267 252
27991331 1029
27991399 17
27991399 1376
27991507 33
27991553 615
27991577 867
27991577 1804
27991637 43
27991651 8
27991697 12
27991723 9125
27991727 6649
27991763 1
27991763 16
27991781 100
27992087 2313
27992113 3
27992113 11
27992117 3535
27992161 11
27992161 20
27992171 1
27992203 5
27992383 1517
27992407 17
27992431 5
27992501 396
27992513 576
27992773 4152
27992819 1
27992879 1
27992989 2459
27993011 1
27993011 73
27993029 12
27993079 669
27993209 15
27993223 57
27993269 660
27993281 4
27993313 515
27993359 1
27993391 689
27993397 528
27993491 4
27993541 23
27993547 8
27993583 36
27993677 4
27993689 16
27993727 33
27993839 4504
27993869 112
27993923 12
27994037 15
27994073 60
27994081 11
27994273 36
27994273 7371
27994283 1
27994283 601
27994301 3559
27994331 1
27994403 40
27994481 375
27994531 524
27994553 7
27994609 819
27994639 12
27994667 48
27994667 6465
27994693 171
27994807 125
27994859 49
27994867 1004
27994931 1
27994931 3600
27994943 61
27995003 12
27995041 8
27995101 11
27995101 15
27995203 113
27995291 129
27995339 1
27995339 12
27995351 1
27995399 1
27995437 2639
27995477 112
27995581 255
27995581 363
27995581 456
27995603 493
27995621 3
27995657 64
27995711 421
27995809 9044
27995831 1096
27995833 3
27995921 240
27995977 452
27995977 4743
27995999 40
27996097 23
27996097 48
27996103 56
27996103 545
27996179 721
27996191 1
27996191 3964
27996191 6505
27996259 24
27996373 20
27996389 127
27996389 1311
27996401 100
27996401 691
27996413 7
27996509 7
27996539 1
27996547 32
27996659 1
27996673 3
27996707 9
27996733 3
27996737 195
27996779 1
27996799 2085
27996851 4
27996851 996
27997069 6411
27997103 160
27997199 1
27997243 36
27997259 460
27997297 8
27997297 1199
27997313 387
27997421 1564
27997517 1560
27997559 4
27997559 9520
27997591 9
27997639 140
27997703 168
27997729 224
27997799 337
27997891 1053
27997901 223
27997943 1
27997943 676
27998189 456
27998249 12
27998261 3
27998263 108
27998423 1
27998437 3
27998471 36
27998483 177
27998569 116
27998671 5
27998753 3
27998767 84
27998869 11
27998869 12
27998879 6484
27999151 756
27999319 12
27999353 67
27999371 4768
27999401 5275
27999467 5412
27999481 203
27999509 136
27999539 1
27999551 436
27999577 8
27999583 12
27999599 276
27999617 7
27999619 9
27999791 1
27999791 261
27999883 8
27999883 20
27999887 117
27999899 1
