11000083 816
11000113 3
11000113 56
11000189 171
11000287 480
11000287 9200
11000293 63
11000299 17
11000369 4
11000387 73
11000399 5044
11000401 3
11000401 8
11000419 257
11000419 465
11000461 324
11000603 1
11000651 1
11000719 2796
11000771 4
11000789 139
11000827 3185
11000917 8
11000933 8020
11000959 29
11000993 3
11001007 9
11001031 33
11001131 145
11001139 17
11001181 3
11001181 519
11001217 3
11001301 80
11001443 1
11001443 33
11001451 9
11001569 15
11001623 5841
11001647 52
11001719 1
11001743 1516
11001761 19
11001761 6031
11001841 500
11001961 3
11001961 5160
11001973 11
11002067 2152
11002129 80
11002171 216
11002177 3
11002177 44
11002219 5
11002249 275
11002289 9235
11002301 3
11002301 4
11002301 43
11002457 67
11002499 4
11002517 7
11002543 633
11002549 5739
11002583 1
11002591 305
11002639 317
11002679 1
11002681 3
11002759 1881
11002777 240
11002867 5
11002891 621
11002913 88
11002939 704
11003009 31
11003173 411
11003249 27
11003273 460
11003303 180
11003329 131
11003411 1564
11003411 6709
11003417 5635
11003479 21
11003483 1
11003513 3
11003519 1
11003549 19
11003549 7579
11003617 8
11003753 472
11003767 33
11003771 4
11003771 45
11003857 3
11003899 444
11003903 1
11003929 3507
11003933 7
11003933 432
11003953 3
11004029 484
11004043 3401
11004089 12
11004109 56
11004127 9
11004209 715
11004263 1
11004269 7
11004269 31
11004269 112
11004269 439
11004299 4
11004451 5
11004467 145
11004479 12
11004547 12
11004547 77
11004611 153
11004647 4
11004671 1
11004673 20
11004673 887
11004701 723
11004893 120
11004953 916
11004977 3423
11005019 1
11005067 100
11005081 23
11005153 3
11005153 71
11005153 168
11005157 3220
11005157 6847
11005223 40
11005223 1197
11005259 1
11005277 408
11005283 1
11005321 8
11005327 12
11005327 45
11005387 9
11005387 377
11005399 236
11005433 3
11005513 95
11005571 3204
11005619 1
11005627 5457
11005649 556
11005679 1
11005697 4
11005697 2155
11005751 1
11005811 553
11005949 75
11006011 4124
11006027 1285
11006357 2355
11006473 5076
11006603 1773
11006623 2345
11006707 105
11006741 43
11006777 15
11006971 9
11007001 3
11007067 8
11007067 3404
11007119 49
11007383 1
11007383 36
11007391 93
11007439 105
11007481 3
11007499 701
11007509 3024
11007589 131
11007637 3
11007649 179
11007679 177
11007701 39
11007751 5
11007793 71
11007853 35
11007853 443
11007863 16
11007901 8
11007901 248
11007937 3
11007937 83
11007947 52
11007977 328
11008003 213
11008013 91
11008013 1528
11008169 12
11008363 233
11008411 68
11008427 4
11008453 9480
11008463 108
11008477 32
11008511 1536
11008607 25
11008709 12
11008783 141
11008849 215
11008859 3000
11009029 39
11009039 1237
11009083 2237
11009147 6373
11009153 288
11009171 1
11009267 4
11009267 49
11009293 11
11009407 5
11009501 315
11009527 89
11009599 45
11009627 84
11009639 1
11009729 2116
11009783 420
11009819 1
11009827 993
11009827 7380
11009833 8
11009837 7
11009837 352
11009927 52
11009953 95
11009953 128
11009959 5165
11010007 29
11010211 116
11010247 324
11010287 193
11010287 8988
11010299 16
11010347 57
11010383 1
11010383 8713
11010437 963
11010449 5292
11010541 2028
11010581 403
11010733 3072
11010763 5
11010817 12
11010907 885
11010929 36
11010971 1
11010971 28
11011067 145
11011067 2637
11011081 1664
11011151 1
11011153 8
11011157 67
11011193 16
11011199 1236
11011349 1507
11011369 264
11011381 44
11011381 140
11011409 4
11011499 1
11011499 129
11011501 95
11011523 1
11011661 19
11011667 6888
11011669 500
11011711 9
11011753 3
11011787 1288
11011807 8
11011817 168
11011817 8583
11011867 12
11011883 21
11011883 376
11012017 24
11012041 39
11012251 153
11012251 3056
11012293 1056
11012317 1548
11012479 1085
11012539 36
11012567 1492
11012567 1945
11012621 7135
11012669 31
11012713 8
11012713 12
11012741 3963
11012747 1197
11012767 5729
11012809 11
11012861 139
11012873 112
11012873 2823
11012893 3
11012927 1032
11012933 12
11012933 3435
11012959 3092
11013071 436
11013073 15
11013073 2231
11013077 28
11013131 4
11013157 63
11013173 763
11013173 5868
11013269 1836
11013269 3400
11013271 248
11013329 31
11013371 1
11013397 7424
11013439 885
11013493 20
11013581 928
11013599 1
11013623 3412
11013689 1579
11013713 1776
11013791 4
11013829 5732
11013923 1
11013973 2832
11014001 459
11014043 33
11014043 76
11014097 3
11014141 111
11014169 4
11014187 468
11014231 33
11014277 4
11014277 372
11014291 348
11014379 12
11014429 972
11014457 9844
11014463 1
11014489 720
11014537 132
11014621 39
11014621 884
11014667 649
11014711 321
11014747 8
11014747 9
11014823 8877
11014859 1
11014859 4
11014973 72
11014973 1323
11015023 8
11015131 204
11015131 225
11015141 448
11015293 3
11015351 1
11015399 40
11015401 9084
11015419 9
11015419 609
11015423 1
11015423 868
11015449 47
11015449 135
11015449 2760
11015461 8
11015461 95
11015483 457
11015533 3
11015533 123
11015539 5
11015581 3
11015857 20
11015897 795
11015951 9
11016059 6076
11016059 6625
11016101 3
11016133 48
11016133 3740
11016157 32
11016179 97
11016251 544
11016403 716
11016449 7
11016449 4287
11016463 45
11016487 48
11016559 12
11016559 2576
11016569 4
11016583 36
11016583 180
11016619 24
11016647 117
11016727 5
11016853 8
11016937 2699
11016959 1
11017067 4
11017067 25
11017091 1
11017091 4
11017091 5769
11017109 52
11017243 4056
11017267 132
11017267 804
11017267 9152
11017313 211
11017367 4
11017373 163
11017441 3276
11017471 153
11017499 2505
11017579 69
11017673 3
11017673 43
11017733 232
11017757 147
11017801 4043
11017843 17
11017957 8
11018087 93
11018101 3
11018101 48
11018101 339
11018123 1
11018131 33
11018243 28
11018263 17
11018281 15
11018303 568
11018387 4
11018387 2244
11018453 52
11018453 168
11018471 88
11018479 9
11018573 3
11018687 4
11018723 1
11018741 3
11018747 4
11018767 177
11018809 12
11018809 4520
11018867 13
11018897 4
11018897 2112
11018951 9
11018983 21
11019013 171
11019023 1
11019023 28
11019059 4
11019083 1
11019097 155
11019311 4
11019311 36
11019311 540
11019311 3276
11019313 11
11019319 192
11019343 8
11019469 12
11019509 5559
11019577 87
11019733 4763
11019769 960
11019773 16
11019773 1071
11019817 144
11020001 3
11020039 81
11020081 284
11020091 25
11020249 87
11020253 595
11020291 21
11020297 39
11020357 624
11020363 105
11020393 8952
11020439 3069
11020441 3
11020459 24
11020459 80
11020483 17
11020483 572
11020483 2877
11020523 180
11020567 165
11020601 16
11020621 60
11020699 1005
11020813 3
11020843 5
11020861 84
11020937 5043
11020939 9
11020973 316
11020991 1
11021039 1
11021063 1
11021063 4068
11021081 4
11021113 75
11021119 65
11021119 249
11021249 16
11021249 27
11021261 96
11021281 468
11021291 6024
11021293 608
11021303 1
11021327 4
11021357 3
11021473 3960
11021533 3471
11021611 716
11021639 1
11021687 4
11021741 3
11021741 4
11021839 20
11021867 273
11021873 3
11021903 1
11021929 35
11021939 36
11021981 4
11021993 331
11021993 720
11022073 3
11022097 1739
11022113 276
11022113 2907
11022119 3397
11022139 3929
11022173 15
11022173 3168
11022257 19
11022397 12
11022469 32
11022743 2377
11022799 5
11022827 213
11022857 43
11022859 149
11022923 25
11022943 1001
11022967 44
11023031 4
11023031 169
11023079 1
11023079 61
11023087 5
11023091 1
11023121 16
11023193 3096
11023289 7476
11023367 3217
11023421 24
11023459 12
11023459 56
11023517 4
11023583 2608
11023603 588
11023643 1
11023679 16
11023723 12
11023723 21
11023751 1
11023751 4084
11023787 1648
11023823 37
11023913 3111
11023931 9
11023931 361
11023963 5
11023963 860
11023993 608
11023993 695
11024059 1517
11024081 168
11024183 8148
11024227 72
11024227 168
11024231 501
11024269 72
11024311 204
11024357 9219
11024459 1
11024501 3988
11024593 3615
11024603 1
11024753 5967
11024791 7721
11024821 131
11024887 6813
11024903 76
11024903 4536
11024939 45
11024953 167
11024969 19
11024977 80
11024983 12
11024989 11
11024999 1
11025019 5
11025037 83
11025151 21
11025169 11
11025199 5
11025199 17
11025227 693
11025233 3
11025373 8243
11025457 8
11025457 27
11025473 3
11025473 436
11025551 4
11025559 2700
11025727 5
11025821 244
11025821 5203
11025929 15
11026019 1
11026019 16
11026027 77
11026027 153
11026181 15
11026193 12
11026193 1035
11026193 2056
11026219 932
11026261 548
11026277 559
11026307 528
11026349 7
11026373 187
11026373 1588
11026471 8
11026531 20
11026531 33
11026553 7
11026643 1
11026667 505
11026679 1
11026679 9
11026709 3816
11026751 1
11026831 7760
11026853 15
11026921 836
11026987 8
11027111 1
11027111 33
11027173 1712
11027197 8
11027293 23
11027321 4
11027363 1
11027363 156
11027459 4
11027459 7072
11027503 101
11027609 52
11027633 891
11027777 3
11027903 1
11027903 36
11027911 5
11027963 1
11028001 116
11028023 5925
11028041 1080
11028239 4
11028271 56
11028289 9527
11028301 8
11028419 201
11028449 1075
11028481 111
11028487 5828
11028509 52
11028547 69
11028551 1
11028593 7
11028649 27
11028649 2919
11028751 5
11028751 2085
11028757 2408
11028827 88
11028881 2296
11029033 12
11029043 45
11029043 208
11029043 4621
11029091 16
11029091 4113
11029103 21
11029169 15
11029171 288
11029229 12
11029229 4632
11029241 6159
11029307 4
11029331 673
11029373 183
11029393 47
11029411 209
11029423 8
11029559 804
11029561 3603
11029639 57
11029661 5056
11029727 4
11029751 201
11029783 8
11029867 20
11029877 3
11029927 560
11029999 1940
11030011 2064
11030039 1
11030039 2200
11030039 4404
11030053 5172
11030057 3
11030057 1228
11030137 12
11030197 24
11030221 351
11030273 15
11030273 2395
11030293 636
11030303 1
11030303 801
11030351 4
11030359 56
11030359 1080
11030387 4
11030401 3651
11030407 5
11030407 6984
11030423 1
11030471 1
11030471 105
11030531 1
11030561 1600
11030573 9688
11030587 105
11030633 12
11030633 3427
11030711 1
11030827 5
11030857 35
11030881 1715
11030941 480
11030953 3407
11030953 6128
11031017 43
11031161 4
11031161 48
11031193 3
11031193 3528
11031221 4
11031247 33
11031253 3
11031259 20
11031529 260
11031659 85
11031689 4
11031719 16
11031749 15
11031749 16
11031847 9
11031893 7
11031893 2652
11031961 83
11031983 1
11032127 37
11032163 1
11032213 48
11032237 3
11032339 104
11032349 111
11032397 235
11032423 4940
11032453 155
11032457 303
11032471 120
11032603 5
11032631 7113
11032831 5888
11032841 148
11032883 4281
11032891 128
11033041 3
11033041 180
11033171 2821
11033171 3549
11033263 68
11033279 1
11033333 3
11033383 8
11033411 9
11033417 4
11033443 660
11033483 241
11033507 1837
11033591 1
11033621 4
11033647 164
11033657 3
11033677 8
11033723 1
11033723 48
11033777 27
11033777 220
11033777 855
11033831 96
11033903 1
11033909 24
11033921 4
11033983 416
11034091 1841
11034091 3221
11034209 7
11034277 3
11034281 76
11034299 12
11034301 144
11034301 336
11034379 1769
11034379 1884
11034407 4104
11034409 111
11034467 28
11034559 5
11034599 1
11034599 300
11034701 840
11034739 1236
11034757 3
11034773 28
11034911 9
11034941 75
11034941 904
11034941 5944
11034949 375
11034983 21
11034997 15
11034997 5535
11035081 236
11035097 339
11035103 540
11035127 1869
11035237 107
11035249 692
11035267 209
11035351 20
11035417 284
11035421 39
11035463 1
11035643 1288
11035667 765
11035697 2484
11035697 4228
11035723 5
11035753 72
11035807 677
11035813 20
11035909 380
11035949 4480
11036099 1
11036099 25
11036107 3209
11036401 3
11036401 419
11036401 7316
11036407 12
11036429 36
11036507 3445
11036609 424
11036671 276
11036677 660
11036677 4320
11036687 4
11036687 3837
11036687 9793
11036699 4801
11036743 2493
11036771 1
11036827 4877
11036873 7
11036903 3048
11036959 164
11036981 4
11036981 231
11037083 1
11037109 411
11037133 11
11037149 4
11037167 373
11037193 215
11037289 411
11037311 36
11037391 1541
11037407 4
11037407 349
11037469 1224
11037491 13
11037529 264
11037797 12
11037797 28
11037839 1
11037839 960
11037853 11
11037899 1
11037899 481
11037977 43
11037977 64
11037989 1975
11038073 1303
11038123 185
11038169 24
11038169 52
11038273 12
11038303 252
11038337 4
11038361 159
11038397 180
11038397 775
11038397 4524
11038409 7
11038429 27
11038493 3
11038529 3331
11038541 828
11038541 888
11038619 4
11038667 12
11038669 75
11038669 216
11038739 6025
11038837 63
11038901 1011
11038927 8
11039047 2993
11039047 8904
11039159 2185
11039191 3909
11039251 3129
11039257 20
11039257 272
11039269 4716
11039339 8161
11039429 4
11039429 567
11039461 3
11039521 291
11039521 5603
11039599 3612
11039663 1
11039711 1
11039753 7
11039767 2060
11039887 185
11039887 645
11039929 356
11039933 7
11039933 16
11039993 1227
11040019 101
11040047 45
11040067 9
11040067 209
11040067 7460
11040167 117
11040167 4672
11040181 8
11040181 59
11040181 2240
11040317 4
11040383 577
11040559 36
11040587 4
11040647 205
11040761 115
11040779 37
11040779 256
11040797 24
11040829 875
11040833 3
11040853 12
11040857 43
11040917 2107
11040947 1972
11040983 1
11041039 1329
11041097 1032
11041097 4239
11041111 29
11041157 355
11041159 5
11041189 4040
11041213 863
11041213 2715
11041213 2952
11041249 275
11041297 2372
11041307 12
11041307 145
11041417 3
11041441 3
11041463 45
11041559 4
11041571 1
11041601 3
11041661 76
11041699 540
11041733 31
11041777 15
11041781 2355
11041813 20
11041847 300
11041889 12
11041889 4351
11041951 4824
11042029 24
11042117 232
11042153 7
11042183 1
11042279 745
11042347 6449
11042389 135
11042399 4
11042399 57
11042623 336
11042623 5868
11042657 360
11042671 20
11042683 5
11042683 1965
11042729 60
11042947 549
11042963 60
11043001 11
11043049 2399
11043077 4
11043283 5
11043293 7
11043293 87
11043317 3
11043317 1092
11043317 4003
11043419 1
11043467 3009
11043479 1
11043479 49
11043479 177
11043493 15
11043551 1
11043551 40
11043563 1
11043631 53
11043667 5
11043671 1
11043671 1360
11043737 460
11043821 360
11043853 27
11043937 23
11043953 3
11043953 28
11044001 3
11044001 5760
11044021 135
11044123 276
11044127 397
11044183 576
11044223 1
11044283 468
11044283 4861
11044289 91
11044337 3
11044499 7432
11044541 3
11044549 1820
11044589 807
11044609 35
11044613 7
11044613 36
11044613 2100
11044619 4
11044637 8092
11044697 7
11044729 27
11044729 864
11044763 1
11044819 1164
11044823 8965
11044919 1
11044927 80
11044931 9
11044931 120
11044963 57
11045117 19
11045159 1
11045161 56
11045171 4
11045183 2613
11045239 8984
11045323 17
11045417 115
11045443 3216
11045521 3
11045627 153
11045627 577
11045759 1
11045759 372
11045953 123
11045981 24
11045999 1
11046001 188
11046019 3084
11046023 660
11046037 524
11046127 8
11046241 39
11046271 24
11046289 24
11046349 531
11046349 1664
11046443 1
11046533 1195
11046599 25
11046643 5
11046643 21
11046653 3
11046653 9615
11046691 8
11046797 3
11046799 41
11046803 33
11046811 540
11046911 33
11046913 68
11047013 123
11047073 55
11047079 1
11047171 36
11047187 165
11047241 123
11047241 1539
11047273 168
11047277 3792
11047313 88
11047369 11
11047391 1
11047469 7
11047469 2184
11047537 843
11047559 8721
11047583 1
11047583 6333
11047639 20
11047639 125
11047669 279
11047693 315
11047711 348
11047717 23
11047727 4
11047733 1131
11047763 1
11047763 12
11047763 1056
11047763 1120
11047781 496
11047931 1116
11047973 3
11047973 192
11048041 3
11048041 483
11048069 51
11048117 103
11048143 12
11048143 33
11048143 4160
11048153 67
11048207 4
11048209 131
11048321 4
11048537 3
11048573 3
11048651 4644
11048677 4952
11048729 24
11048749 131
11048837 15
11048837 115
11048867 4
11048879 1
11048953 752
11049011 1
11049079 9
11049079 17
11049161 3
11049257 52
11049289 611
11049307 5333
11049331 20
11049331 105
11049349 60
11049349 140
11049373 708
11049433 12
11049553 15
11049587 504
11049593 48
11049611 285
11049743 1
11049877 68
11049877 80
11049911 24
11049911 88
11049977 123
11049979 17
11050031 85
11050037 28
11050037 39
11050037 327
11050063 5
11050103 1
11050147 5513
11050177 12
11050181 3
11050181 108
11050213 7856
11050297 167
11050297 1088
11050313 43
11050349 3411
11050367 684
11050423 5
11050453 572
11050483 717
11050519 9
11050547 49
11050579 132
11050619 1
11050619 5937
11050693 3
11050693 3227
11050801 2015
11050811 1
11050861 404
11050873 3287
11050903 12
11050903 212
11050927 20
11050939 6461
11050993 27
11050993 291
11051021 4
11051023 3045
11051093 3868
11051107 240
11051203 48
11051213 3
11051213 55
11051267 45
11051267 3072
11051329 56
11051351 76
11051357 55
11051429 16
11051519 4
11051549 15
11051609 4
11051611 5
11051669 484
11051773 12
11051801 88
11051809 80
11051809 1100
11051947 1965
11051959 17
11051959 497
11052059 12
11052071 240
11052269 40
11052317 139
11052331 3776
11052341 444
11052367 2264
11052497 624
11052557 4960
11052563 36
11052611 13
11052611 220
11052619 45
11052637 47
11052707 124
11052721 11
11052791 1
11052809 3972
11052919 21
11052947 40
11052961 3
11052961 2244
11052967 909
11053051 1449
11053061 31
11053153 8
11053169 12
11053201 24
11053249 39
11053253 36
11053291 233
11053337 7719
11053373 3
11053411 2400
11053487 1225
11053517 84
11053543 245
11053543 1512
11053607 1189
11053667 532
11053667 1357
11053717 107
11053741 36
11053817 175
11053979 1
11053981 11
11054041 479
11054047 9
11054047 429
11054093 60
11054093 211
11054111 33
11054117 3
11054177 8332
11054273 12
11054279 25
11054387 949
11054419 32
11054621 168
11054621 595
11054623 12
11054623 408
11054639 4
11054657 4
11054663 40
11054663 177
11054663 1228
11054689 27
11054689 1280
11054723 1
11054723 9168
11054731 801
11054731 9801
11054759 4
11054767 4812
11054773 171
11054783 1
11054951 1
11054951 1485
11055041 1723
11055043 1556
11055089 4
11055167 72
11055167 957
11055167 1228
11055229 32
11055229 636
11055229 3792
11055263 1
11055263 60
11055263 2788
11055277 3
11055277 35
11055419 1
11055419 4
11055487 140
11055493 20
11055523 173
11055553 12
11055719 25
11055749 619
11055787 629
11055817 3
11055953 28
11055983 1
11056051 5
11056079 1
11056207 305
11056301 3
11056403 1
11056471 8
11056589 60
11056621 6356
11056657 20
11056693 3
11056693 8
11056697 3280
11056729 47
11056751 1
11056811 1969
11056819 17
11056819 165
11056823 397
11056831 36
11056831 125
11056853 88
11056867 72
11056907 1033
11056939 5
11056963 8
11057099 1
11057147 1804
11057171 1
11057171 880
11057203 17
11057209 140
11057213 27
11057251 9
11057261 2856
11057269 24
11057269 84
11057269 2492
11057281 728
11057399 25
11057419 381
11057573 16
11057591 40
11057609 3472
11057617 1800
11057689 44
11057777 3
11057863 7008
11057873 280
11057927 57
11057929 15
11058011 1
11058191 33
11058217 275
11058253 3
11058287 13
11058317 675
11058371 1261
11058391 408
11058427 225
11058457 15
11058511 9
11058529 2019
11058539 1
11058539 472
11058587 189
11058623 1
11058637 3
11058737 4
11058739 77
11058863 1
11058871 1344
11058877 15
11058877 24
11058961 3
11058961 144
11058997 659
11059039 5
11059099 17
11059177 27
11059201 8
11059259 1
11059271 589
11059327 12
11059339 60
11059453 87
11059459 321
11059487 97
11059547 24
11059553 7
11059583 132
11059621 696
11059637 15
11059679 1
11059723 2921
11059739 4
11059739 12
11059751 4
11059751 156
11059837 12
11059859 1
11059859 916
11059889 3304
11059913 108
11060053 80
11060089 5195
11060099 60
11060113 456
11060123 1380
11060129 87
11060129 6067
11060143 140
11060209 1224
11060249 24
11060311 89
11060311 3593
11060507 108
11060579 1
11060627 28
11060627 2032
11060627 2332
11060639 184
11060713 6771
11060719 1841
11060759 2244
11060801 3
11060821 11
11060849 16
11060921 51
11060957 195
11060989 27
11061073 48
11061073 188
11061119 1125
11061199 905
11061251 529
11061251 4665
11061257 112
11061269 487
11061317 19
11061359 1
11061371 1
11061371 16
11061397 3
11061433 15
11061437 4
11061437 268
11061541 1715
11061571 53
11061581 1588
11061613 12
11061619 1364
11061623 1
11061623 336
11061671 301
11061719 100
11061727 8
11061727 809
11061773 8163
11061797 4
11061797 5443
11061863 1
11061877 6063
11061881 99
11061881 1884
11061887 117
11062151 300
11062231 68
11062243 548
11062279 29
11062283 1
11062283 12
11062327 32
11062327 68
11062417 5384
11062487 72
11062523 1713
11062561 3
11062591 1056
11062619 1
11062619 3324
11062643 9312
11062687 29
11062687 77
11062697 4
11062729 855
11062823 1
11062897 300
11062991 25
11062993 35
11063009 24
11063009 3204
11063009 7656
11063029 1112
11063057 2532
11063099 1
11063147 12
11063411 1
11063411 636
11063489 567
11063519 3105
11063537 4
11063561 4
11063581 696
11063639 121
11063711 4605
11063729 804
11063737 47
11063737 128
11063749 759
11063797 248
11063837 747
11063849 76
11063849 847
11063861 3
11063977 827
11064017 7
11064019 20
11064049 11
11064071 1
11064083 1
11064323 925
11064323 2781
11064343 17
11064377 1395
11064397 1755
11064419 1
11064437 384
11064701 4
11064701 31
11064709 24
11064761 739
11064791 129
11064791 1081
11064797 3
11064857 5595
11064941 1480
11064941 1615
11064953 315
11065027 5
11065031 585
11065057 3
11065157 3
11065207 57
11065259 1
11065289 40
11065291 3813
11065309 1136
11065361 136
11065423 5
11065447 5
11065471 785
11065529 75
11065567 1317
11065567 3188
11065597 404
11065673 3
11065739 1
11065753 12
11065811 9
11065823 1
11065867 60
11065889 79
11065897 168
11065909 371
11065927 7437
11065933 596
11065937 15
11065991 1
11065991 24
11066063 1
11066063 393
11066117 3684
11066183 1
11066257 87
11066329 51
11066413 96
11066501 144
11066513 2700
11066543 1
11066579 24
11066617 3
11066641 159
11066641 176
11066651 4
11066717 3
11066717 1488
11066819 985
11066819 5917
11066849 3636
11066897 67
11066947 5597
11066963 4233
11066977 7019
11066999 1
11066999 12
11067053 15
11067073 3
11067073 371
11067157 35
11067193 3
11067449 4
11067491 169
11067503 7153
11067541 44
11067569 7611
11067601 56
11067691 21
11067691 1865
11067703 5
11067767 372
11067787 333
11067787 552
11067857 7
11067907 1053
11067919 132
11067997 24
11068009 560
11068151 16
11068163 21
11068201 3795
11068247 37
11068247 604
11068247 1845
11068303 5252
11068349 204
11068373 243
11068373 267
11068391 1
11068391 3384
11068487 3213
11068493 240
11068559 1
11068567 1448
11068571 28
11068597 3087
11068597 5283
11068609 411
11068609 747
11068721 3
11068741 120
11068777 3
11068777 4184
11068787 144
11068793 1288
11068859 4
11068861 1524
11068861 4923
11068919 1
11068973 363
11068991 304
11069011 741
11069027 12
11069041 15
11069053 443
11069183 1
11069237 4
11069237 7
11069251 44
11069281 128
11069291 1
11069293 4935
11069473 11
11069507 48
11069519 189
11069519 960
11069557 27
11069671 3869
11069743 12
11069777 2227
11069783 1
11069783 36
11069783 1096
11069797 6492
11069843 1
11069917 168
11070023 1
11070139 77
11070197 300
11070203 12
11070251 96
11070401 243
11070401 1051
11070439 1584
11070469 15
11070517 528
11070539 1
11070539 4
11070593 51
11070601 3279
11070637 3
11070743 1
11070827 189
11070853 75
11070853 2415
11070979 12
11070979 177
11071279 9
11071283 1
11071331 1
11071363 7557
11071391 1584
11071391 5928
11071451 625
11071507 465
11071513 252
11071631 1
11071631 4
11071631 960
11071673 12
11071741 36
11071741 60
11071751 4
11071787 213
11071793 3
11071807 20
11071807 153
11071943 1
11071943 456
11071969 8280
11071979 1
11072029 299
11072051 88
11072069 7
11072077 360
11072123 1
11072141 520
11072179 69
11072207 1309
11072279 1
11072279 4
11072291 621
11072317 959
11072317 5847
11072333 3
11072333 292
11072473 3
11072599 2324
11072689 9759
11072717 12
11072717 55
11072773 3
11072849 64
11072851 3489
11072863 1941
11072909 7
11072977 6219
11073011 1
11073011 1656
11073011 2604
11073019 1157
11073047 448
11073071 1425
11073163 5
11073187 509
11073187 1932
11073259 84
11073277 432
11073329 15
11073407 865
11073467 925
11073497 55
11073499 905
11073547 1484
11073583 5
11073653 3
11073653 1495
11073659 45
11073677 7
11073773 36
11073773 2247
11073857 12
11073857 675
11073889 324
11073901 3
11073947 1264
11074043 33
11074051 48
11074069 960
11074081 44
11074081 176
11074087 5
11074139 9040
11074163 196
11074243 21
11074243 116
11074333 68
11074351 1941
11074423 12
11074439 1
11074597 3
11074601 31
11074643 1
11074643 5221
11074697 4
11074801 3
11074801 20
11074801 459
11074859 1
11074927 2924
11074993 3
11075023 177
11075059 456
11075059 6584
11075093 63
11075131 420
11075131 864
11075201 63
11075203 113
11075203 2712
11075227 6968
11075237 855
11075257 8
11075263 65
11075297 60
11075327 4
11075333 1516
11075411 24
11075447 12
11075447 9297
11075459 1284
11075501 139
11075611 3080
11075641 131
11075717 232
11075749 15
11075759 21
11075759 9177
11075807 28
11075809 12
11075843 1
11075873 7
11075927 129
11075947 6144
11075951 1
11075951 4288
11075957 15
11076017 15
11076049 104
11076053 27
11076059 1125
11076137 24
11076199 56
11076223 416
11076257 3
11076257 3240
11076287 112
11076287 8457
11076343 608
11076361 15
11076361 6695
11076383 13
11076383 268
11076389 1920
11076419 4
11076479 2464
11076491 1
11076491 7380
11076529 95
11076577 99
11076581 8436
11076607 4193
11076649 447
11076679 21
11076679 57
11076749 7659
11076797 7
11076941 4
11076983 973
11077039 2132
11077201 279
11077271 4
11077457 2103
11077499 1
11077567 17
11077607 93
11077673 315
11077799 6741
11077879 117
11077939 5937
11077991 4
11077991 9
11078251 9
11078297 24
11078317 47
11078321 1584
11078359 2897
11078369 19
11078411 120
11078413 11
11078423 76
11078437 87
11078437 383
11078461 95
11078491 29
11078497 24
11078513 3
11078513 1455
11078527 12
11078527 188
11078531 1
11078659 1460
11078701 23
11078707 5
11078707 89
11078827 32
11078839 4085
11078909 147
11078933 3
11078941 120
11078959 41
11078971 9
11078971 785
11079023 2160
11079119 1
11079241 1239
11079347 120
11079407 13
11079443 453
11079449 76
11079463 5
11079473 2263
11079487 8
11079487 69
11079499 32
11079659 9
11079689 2955
11079781 1683
11079899 4
11079911 4
11080061 3
11080061 159
11080063 2160
11080067 4225
11080093 3
11080133 12
11080169 4
11080217 5304
11080261 104
11080261 3195
11080327 44
11080469 1359
11080499 124
11080499 177
11080499 576
11080543 908
11080571 36
11080571 8908
11080739 1
11080837 1119
11080931 1728
11081033 6480
11081113 1560
11081129 520
11081153 3
11081171 108
11081209 24
11081233 1227
11081249 4
11081249 79
11081299 12
11081309 51
11081311 9
11081387 1765
11081407 3645
11081449 11
11081471 4
11081471 405
11081507 825
11081563 317
11081597 804
11081633 12
11081641 3
11081641 8079
11081737 20
11081827 1604
11081887 17
11081891 1
11081923 8
11082101 280
11082119 1
11082119 264
11082143 28
11082151 161
11082151 993
11082151 1833
11082163 8
11082167 505
11082209 24
11082209 1284
11082233 28
11082289 3675
11082371 1
11082479 1
11082497 303
11082517 3
11082551 9
11082559 5
11082569 711
11082817 224
11082839 1
11082847 69
11082937 12
11082937 47
11082961 1416
11083063 4028
11083139 1
11083159 32
11083187 3069
11083199 8869
11083223 1
11083231 5
11083301 24
11083351 5
11083351 8
11083361 3
11083421 28
11083421 40
11083477 75
11083529 99
11083543 17
11083543 92
11083549 2427
11083561 3
11083573 36
11083613 3
11083627 192
11083651 5
11083679 1
11083733 3
11083733 7
11083741 2664
11083753 3
11083753 128
11083801 468
11083819 129
11083819 440
11083889 211
11083913 7
11083931 1
11083987 188
11083997 28
11084077 107
11084107 780
11084141 4579
11084167 5
11084173 3
11084251 21
11084251 1620
11084251 4665
11084257 44
11084341 3
11084383 21
11084383 72
11084417 7
11084443 5
11084471 1
11084609 4
11084651 16
11084659 17
11084659 60
11084767 2309
11084779 5
11084779 2784
11084797 20
11084803 8493
11084863 5
11085029 9919
11085031 905
11085079 2556
11085101 1311
11085101 2343
11085119 457
11085119 949
11085121 3
11085161 40
11085253 3
11085367 8913
11085407 3220
11085499 77
11085527 57
11085587 72
11085611 1
11085611 3745
11085689 19
11086093 92
11086123 113
11086237 12
11086349 27
11086379 4
11086477 3
11086477 68
11086477 224
11086511 60
11086531 5
11086627 5
11086657 23
11086753 12
11086753 15
11086799 780
11086807 5
11086837 255
11086951 413
11086979 16
11087033 3243
11087053 1443
11087099 4
11087099 36
11087171 1
11087207 4
11087269 15
11087407 609
11087471 24
11087473 288
11087501 3699
11087551 56
11087579 1
11087597 72
11087603 36
11087627 6648
11087707 5
11087711 1
11087731 5
11087731 429
11087819 1
11087819 4
11087837 75
11087933 3
11087953 3
11087957 1359
11087969 67
11088037 8
11088037 44
11088037 4007
11088101 3
11088137 64
11088149 4
11088157 12
11088307 12
11088313 5667
11088377 7
11088547 33
11088547 504
11088613 11
11088613 471
11088617 1384
11088619 149
11088619 5624
11088631 905
11088653 51
11088859 1137
11088923 1
11088971 813
11089037 679
11089037 723
11089061 3
11089123 5696
11089157 3
11089163 141
11089193 27
11089193 775
11089387 8
11089433 451
11089501 195
11089523 201
11089531 3921
11089577 28
11089601 3
11089607 64
11089669 699
11089679 1
11089747 3477
11089811 1
11089811 1333
11089843 1892
11089877 67
11089931 1
11089931 40
11089943 1
11089951 5
11089951 20
11089957 144
11090039 3616
11090143 57
11090237 7
11090263 168
11090291 1
11090363 1
11090381 19
11090389 15
11090399 1
11090411 9
11090473 72
11090483 672
11090663 1417
11090687 28
11090719 125
11090719 417
11090819 1
11090873 7
11090873 31
11090941 2828
11090969 4
11091043 8
11091097 3
11091127 77
11091133 60
11091133 3012
11091163 8
11091167 4
11091167 33
11091173 531
11091181 5424
11091277 128
11091281 24
11091317 292
11091329 12
11091511 2429
11091551 4
11091551 3220
11091581 3
11091593 31
11091593 1255
11091643 32
11091643 441
11091673 1355
11091739 6164
11091757 12
11091757 2600
11091779 1
11091793 56
11091811 300
11091851 1
11091869 52
11091869 711
11091929 132
11091959 9
11092001 484
11092069 371
11092111 428
11092171 329
11092261 2271
11092283 328
11092303 413
11092351 5
11092429 2772
11092493 3
11092537 2835
11092559 4
11092633 1092
11092643 1
11092643 21
11092681 4016
11092691 504
11092747 137
11092841 3
11092841 5575
11092937 24
11093053 3
11093213 7
11093219 117
11093221 7100
11093237 28
11093347 17
11093347 413
11093477 123
11093501 3
11093501 5400
11093501 6051
11093633 136
11093633 700
11093651 1
11093683 8
11093683 273
11093767 17
11093773 75
11093783 48
11093791 2085
11093851 21
11093933 12
11093983 20
11093993 243
11093993 483
11094077 4
11094089 16
11094151 3060
11094203 1
11094203 217
11094289 2055
11094401 3288
11094403 12
11094403 237
11094403 3413
11094427 1089
11094511 81
11094529 1167
11094553 872
11094571 5
11094581 643
11094647 6064
11094703 36
11094793 11
11094871 165
11094899 1
11095103 472
11095103 501
11095187 1212
11095193 3
11095199 97
11095289 360
11095327 12
11095327 33
11095457 4
11095457 199
11095477 23
11095531 24
11095549 60
11095559 16
11095607 12
11095607 2629
11095627 17
11095727 13
11095741 360
11095783 8
11095841 2128
11095907 205
11095919 100
11095979 9
11095991 2401
11096003 13
11096119 1085
11096153 3
11096153 435
11096161 3
11096213 3
11096303 1
11096321 4
11096321 19
11096329 236
11096369 19
11096381 151
11096401 95
11096483 2212
11096507 1000
11096539 336
11096539 684
11096581 24
11096581 1808
11096611 233
11096621 4
11096671 1496
11096689 3252
11096711 4
11096711 24
11096719 5
11096719 9
11096753 3
11096783 61
11096797 3
11096797 1364
11096923 5
11096927 4
11096933 271
11097011 108
11097013 8
11097041 3
11097041 43
11097061 3
11097071 21
11097089 7791
11097221 28
11097239 1
11097377 3
11097377 667
11097613 36
11097643 8
11097643 5565
11097731 1516
11097731 7321
11097761 3
11097761 108
11097769 8919
11097901 3
11097917 5088
11097997 272
11097997 380
11098019 1
11098091 1
11098111 273
11098141 5544
11098193 831
11098201 9131
11098237 488
11098237 543
11098333 503
11098459 1212
11098463 1
11098517 3
11098663 45
11098669 35
11098757 3
11098849 12
11098897 3
11098897 195
11098931 1
11098931 184
11098931 448
11098931 621
11098937 3
11098937 7
11098937 5488
11098951 5
11098979 9
11098981 8
11099063 28
11099107 5
11099129 1591
11099171 324
11099183 1
11099183 768
11099261 196
11099303 1
11099311 45
11099353 351
11099381 3
11099393 3
11099393 4363
11099509 3140
11099609 919
11099717 79
11099791 5
11099791 384
11099831 1
11099833 12
11099899 5
11099947 24
11099983 716
11099993 6888
11100017 87
11100059 1
11100119 45
11100121 8
11100143 1
11100277 3
11100293 27
11100311 561
11100391 36
11100403 248
11100461 15
11100487 9
11100539 156
11100581 3
11100581 2643
11100589 4224
11100613 15
11100613 4391
11100623 1
11100667 2168
11100839 1
11100889 804
11100899 49
11100899 1480
11100907 9
11100941 7831
11101099 17
11101133 172
11101133 3847
11101151 4
11101331 40
11101393 3
11101399 12
11101421 3
11101463 1
11101523 1
11101537 20
11101619 1
11101619 4
11101619 81
11101619 4929
11101661 1500
11101669 452
11101669 2556
11101679 1
11101763 16
11101787 4929
11101793 840
11101877 3
11101891 341
11101921 2159
11101927 3644
11101957 8
11102051 16
11102081 4
11102167 353
11102197 4152
11102219 1
11102227 12
11102249 87
11102323 536
11102323 1517
11102339 4
11102401 56
11102519 4
11102543 4921
11102573 76
11102653 6356
11102687 8677
11102713 3
11102713 2651
11102801 156
11102801 6391
11102809 12
11102837 4
11102837 24
11102869 11
11102893 8
11102933 36
11103013 27
11103077 787
11103077 5875
11103137 48
11103179 4
11103187 1253
11103199 752
11103217 3
11103271 33
11103271 800
11103343 12
11103343 285
11103359 1
11103359 40
11103377 84
11103409 111
11103461 1359
11103481 3
11103481 8
11103509 184
11103509 999
11103539 1
11103569 7771
11103571 24
11103671 1
11103689 4
11103689 76
11103731 13
11103739 5
11103739 32
11103803 1
11103817 87
11103899 1
11103899 52
11103949 1880
11103973 503
11104021 20
11104021 503
11104031 1
11104031 201
11104031 6493
11104039 9
11104039 69
11104117 3
11104117 3359
11104127 57
11104127 304
11104207 528
11104271 28
11104271 241
11104273 3
11104273 8
11104283 1
11104283 1113
11104307 9
11104367 432
11104393 1095
11104411 713
11104627 53
11104631 33
11104633 803
11104663 96
11104679 4
11104729 12
11104729 6051
11104747 69
11104777 479
11104787 4
11104813 512
11104903 12
11104939 1944
11104957 3
11104967 1533
11104991 1
11104991 6141
11104997 43
11105011 8
11105071 7664
11105147 4
11105147 309
11105167 9
11105179 776
11105179 876
11105189 364
11105243 37
11105287 752
11105359 521
11105363 201
11105441 16
11105447 12
11105449 140
11105531 25
11105537 4239
11105569 651
11105603 1161
11105603 3688
11105707 9
11105723 1
11105729 12
11105729 120
11105791 5
11105797 195
11105827 17
11105867 217
11105881 3
11105903 1
11105903 117
11105903 228
11105909 4
11105909 24
11105923 560
11106047 1549
11106071 40
11106071 165
11106103 12
11106103 236
11106131 4
11106131 261
11106133 420
11106143 1
11106167 24
11106229 92
11106281 3
11106281 4
11106281 40
11106299 4
11106299 189
11106323 333
11106409 275
11106547 1313
11106611 48
11106653 2211
11106671 1
11106709 944
11106713 43
11106713 900
11106757 3344
11106793 3
11106853 3
11106923 1
11107013 7
11107037 28
11107079 9
11107079 361
11107093 3
11107133 160
11107189 447
11107219 561
11107247 33
11107247 432
11107247 9628
11107259 1
11107403 1
11107469 5247
11107489 144
11107501 56
11107573 188
11107627 24
11107633 120
11107669 5136
11107697 3
11107741 20
11107763 1
11107763 13
11107847 204
11107847 517
11107891 5
11107937 544
11107939 5
11107969 7875
11108047 768
11108219 961
11108243 12
11108243 576
11108257 48
11108257 344
11108291 1
11108297 8020
11108303 40
11108303 48
11108303 6612
11108329 12
11108347 8
11108389 12
11108411 48
11108423 1
11108423 96
11108431 788
11108441 4
11108441 736
11108543 1
11108651 1
11108651 1413
11108659 9
11108659 189
11108659 1137
11108719 3681
11108753 63
11108821 95
11108821 320
11108821 6855
11108831 160
11108879 2481
11108941 75
11108963 1
11108963 81
11108987 4
11109013 12
11109017 495
11109047 49
11109097 3
11109113 568
11109127 1089
11109181 4544
11109187 32
11109323 36
11109323 97
11109367 9
11109443 133
11109479 4
11109487 8
11109487 9
11109487 329
11109493 47
11109521 4
11109559 5
11109569 1516
11109569 7212
11109577 332
11109587 9
11109611 9436
11109671 496
11109671 553
11109733 3
11109733 143
11109793 735
11109803 97
11109827 1029
11109883 20
11109919 8525
11109949 4331
11109977 64
11109983 13
11110063 488
11110093 1523
11110133 3
11110147 197
11110153 11
11110199 1
11110223 1
11110237 672
11110313 7
11110313 252
11110373 9427
11110399 5
11110439 1
11110439 241
11110441 3
11110457 1548
11110457 2035
11110487 9037
11110523 205
11110591 45
11110613 136
11110669 396
11110717 24
11110889 8064
11110903 45
11111053 3
11111099 1
11111161 15
11111171 4461
11111173 3
11111173 20
11111209 840
11111341 495
11111341 5555
11111407 672
11111417 1287
11111431 9
11111491 2616
11111579 240
11111677 3
11111701 3404
11111747 4
11111747 268
11111753 6412
11111819 649
11111833 3
11111923 5
11111977 20
11112011 1
11112011 900
11112019 20
11112091 56
11112161 3
11112193 4428
11112287 3432
11112317 3
11112317 4335
11112329 60
11112371 1
11112461 808
11112583 5
11112613 11
11112623 1065
11112649 56
11112653 31
11112721 7931
11112733 36
11112733 6275
11112809 415
11112847 45
11112943 17
11112971 4461
11113007 9
11113031 1
11113079 172
11113111 2073
11113153 35
11113237 4160
11113241 43
11113243 41
11113259 124
11113321 2255
11113367 12
11113547 385
11113549 20
11113561 15
11113603 8
11113607 1600
11113673 3888
11113679 4
11113741 303
11113777 3
11113813 3
11113891 108
11113901 420
11114101 3360
11114123 1
11114179 9
11114179 969
11114189 240
11114203 2493
11114371 21
11114371 60
11114387 372
11114417 2332
11114473 23
11114473 48
11114473 4643
11114533 3
11114533 11
11114539 296
11114557 12
11114561 8371
11114591 2841
11114641 68
11114669 27
11114669 75
11114693 148
11114711 1
11114759 4
11114783 1
11114869 39
11114891 45
11114893 15
11114927 49
11114963 1
11115011 1
11115017 4
11115239 3829
11115253 15
11115337 23
11115343 2276
11115473 40
11115479 1
11115499 44
11115499 3696
11115583 9176
11115683 1
11115683 193
11115719 1
11115761 48
11115803 1
11115851 141
11115857 4
11115859 44
11115869 3412
11115913 1676
11115953 15
11115983 57
11116031 1200
11116081 11
11116081 6860
11116099 21
11116139 1
11116151 16
11116219 156
11116307 153
11116361 3
11116381 3383
11116423 332
11116451 181
11116471 3125
11116517 27
11116571 1
11116649 4
11116667 1089
11116711 948
11116811 141
11116829 2092
11116837 815
11116877 7
11116877 6160
11116883 357
11116939 21
11116943 928
11116961 4
11117021 400
11117021 1155
11117101 83
11117417 160
11117459 25
11117503 48
11117549 360
11117593 87
11117629 12
11117653 3263
11117663 28
11117663 120
11117699 1
11117857 9503
11117893 3
11117893 11
11117963 13
11118007 20
11118007 92
11118013 312
11118031 21
11118071 64
11118127 5
11118127 45
11118139 29
11118143 1
11118197 99
11118197 4795
11118251 1
11118251 3969
11118271 48
11118319 69
11118473 43
11118487 245
11118511 2024
11118521 4
11118533 3
11118559 116
11118617 79
11118797 3
11118893 451
11118917 327
11118917 8544
11118937 183
11118967 24
11118979 24
11118979 80
11118979 429
11119001 4
11119021 3
11119103 1
11119109 1660
11119117 104
11119249 716
11119319 1
11119561 24
11119601 591
11119627 5
11119637 5779
11119679 880
11119687 2997
11119727 177
11119817 3
11119817 4
11119837 224
11119859 1
11119931 33
11119939 452
11119957 20
11119973 16
11120077 144
11120147 237
11120171 1
11120171 1249
11120173 15
11120173 3560
11120251 141
11120251 3021
11120279 1105
11120297 7752
11120299 57
11120299 209
11120321 231
11120399 25
11120399 1141
11120479 21
11120579 2100
11120591 1
11120591 324
11120591 964
11120597 3
11120653 1536
11120687 12
11120749 1799
11120777 3
11120779 1517
11120803 65
11120869 39
11120951 13
11120951 613
11120951 3808
11121083 1
11121083 13
11121139 105
11121217 3
11121431 5164
11121463 2820
11121491 9
11121521 1939
11121589 24
11121589 84
11121611 4
11121611 16
11121647 117
11121661 8928
11121667 17
11121709 135
11121731 25
11121767 1204
11121823 2960
11121841 663
11121871 5
11121881 64
11121953 147
11122039 36
11122073 2223
11122187 129
11122289 79
11122387 24
11122393 3
11122393 1551
11122427 9
11122427 5068
11122451 1
11122493 28
11122511 684
11122511 6049
11122561 3
11122561 20
11122877 4
11122883 1
11122927 17
11122997 319
11123011 45
11123023 48
11123039 1
11123071 8
11123129 19
11123143 401
11123173 123
11123201 255
11123243 1
11123393 88
11123507 37
11123599 17
11123599 617
11123639 9
11123689 207
11123767 5
11123773 3
11123851 176
11123851 3024
11124151 5
11124193 27
11124287 1564
11124359 2764
11124439 9
11124467 192
11124517 3
11124517 20
11124517 1019
11124727 32
11124727 272
11124731 1
11124779 4
11124791 7684
11124929 295
11124931 440
11124983 1
11125097 2887
11125129 3687
11125139 4
11125139 421
11125139 525
11125159 396
11125171 5025
11125201 20
11125223 1
11125223 2860
11125319 1
11125343 1
11125369 32
11125369 759
11125379 1
11125613 3823
11125619 1
11125727 4
11125727 12
11125781 3028
11125799 1
11125823 57
11125921 4083
11125991 84
11125991 760
11125991 1404
11126023 8
11126081 19
11126083 1496
11126083 3273
11126113 60
11126173 3
11126189 771
11126309 87
11126321 1819
11126327 5809
11126351 3784
11126417 7
11126471 1
11126473 15
11126497 792
11126617 3
11126681 5299
11126699 4
11126803 36
11126833 4823
11126903 61
11126909 627
11126909 4867
11126953 9147
11126971 1625
11126971 4913
11127023 1
11127059 1
11127131 13
11127131 40
11127241 3
11127241 5384
11127241 7379
11127253 72
11127253 1131
11127257 363
11127379 32
11127409 780
11127421 51
11127461 31
11127547 9425
11127563 1
11127569 7
11127629 16
11127631 29
11127637 1083
11127737 759
11127761 16
11127799 4701
11127817 12
11127817 75
11127839 60
11127887 4633
11127997 3
11128027 252
11128027 933
11128031 1
11128111 176
11128277 15
11128309 212
11128427 9
11128427 97
11128427 493
11128441 3
11128441 420
11128441 2151
11128459 17
11128643 1332
11128673 196
11128687 17
11128687 24
11128687 1460
11128739 1
11128763 1
11128811 1
11128913 540
11128937 2904
11128951 236
11128973 2503
11128979 100
11129017 1727
11129113 275
11129141 4
11129143 60
11129143 320
11129191 21
11129191 44
11129233 48
11129273 12
11129273 268
11129297 1227
11129333 3
11129603 1
11129749 2340
11129759 1452
11129813 7
11129813 8875
11129879 120
11129903 28
11129927 660
11129941 291
11129981 900
11130043 41
11130061 108
11130083 1
11130157 3
11130167 9
11130193 3
11130289 291
11130293 372
11130299 141
11130313 4140
11130323 225
11130347 564
11130433 3480
11130533 9351
11130589 4395
11130611 3928
11130683 1
11130727 29
11130737 6832
11130761 3
11130817 27
11130913 3
11130913 12
11130989 2395
11131079 532
11131163 1
11131187 4
11131187 177
11131229 40
11131231 8
11131231 3104
11131271 1
11131271 25
11131279 116
11131357 2112
11131361 1851
11131391 1
11131391 13
11131391 21
11131469 1536
11131501 276
11131553 3
11131567 153
11131639 29
11131733 15
11131733 792
11131741 3
11131751 21
11131751 100
11131751 249
11131807 137
11131819 7712
11131873 723
11131873 1460
11131979 1
11132113 3
11132123 1077
11132159 4
11132243 12
11132257 1088
11132269 15
11132287 4784
11132311 8096
11132327 1060
11132357 4
11132393 3
11132453 3
11132477 1015
11132477 1123
11132477 2788
11132543 552
11132617 8
11132623 1365
11132623 2093
11132633 207
11132633 3396
11132731 104
11132753 7
11132783 1
11132831 145
11132831 553
11132837 3
11132861 2136
11132903 1
11132941 8
11132959 1092
11133007 5
11133019 4700
11133043 4397
11133077 4
11133179 112
11133179 121
11133191 1
11133191 24
11133193 272
11133203 1
11133217 3
11133257 39
11133271 36
11133281 39
11133347 4
11133413 208
11133443 13
11133467 1348
11133539 1
11133649 1080
11133701 15
11133701 160
11133719 1
11133737 1983
11133737 4872
11133739 12
11133739 29
11133803 805
11133823 945
11133917 67
11133917 100
11133931 113
11133961 3
11134021 4491
11134043 1
11134061 19
11134061 471
11134073 792
11134117 8804
11134153 80
11134153 1427
11134169 295
11134271 561
11134307 28
11134307 333
11134381 48
11134427 1584
11134499 69
11134499 600
11134517 195
11134531 689
11134537 243
11134603 12
11134633 3
11134759 5
11134933 87
11134943 1
11134943 88
11135009 1647
11135087 3105
11135161 3
11135167 68
11135203 300
11135219 1
11135219 9
11135401 3
11135407 12
11135437 3
11135437 6588
11135471 1
11135471 9
11135471 141
11135651 108
11135669 9724
11135687 784
11135699 204
11135701 248
11135791 893
11135809 12
11135863 53
11135963 1
11135981 324
11136017 40
11136017 180
11136017 1575
11136019 5
11136049 1047
11136053 7
11136121 68
11136217 2447
11136283 6888
11136329 4
11136341 3
11136383 3241
11136383 6817
11136431 9904
11136449 259
11136487 53
11136569 31
11136583 6953
11136617 7
11136689 52
11136689 156
11136689 411
11136803 1
11136817 87
11136893 1987
11137013 28
11137031 93
11137033 108
11137033 6891
11137069 111
11137219 9
11137241 16
11137337 543
11137501 3
11137517 108
11137561 56
11137571 9
11137571 456
11137631 1
11137697 3
11137717 504
11137733 3
11137733 8620
11137757 123
11137757 772
11137793 87
11137799 1
11137823 1
11137859 1
11137859 957
11137877 3
11137901 24
11137981 23
11137981 4740
11137993 63
11138033 3
11138033 7
11138159 109
11138167 9177
11138203 20
11138251 3545
11138251 5193
11138263 2625
11138287 3780
11138293 56
11138293 9063
11138363 252
11138377 8
11138423 1
11138453 2011
11138471 28
11138473 2471
11138563 8
11138563 752
11138573 12
11138573 15
11138651 1
11138707 29
11138711 13
11138719 17
11138753 12
11138753 3027
11138843 1
11138891 4
11138983 1413
11138999 4
11139017 4
11139017 7
11139053 60
11139071 40
11139083 16
11139113 5031
11139203 1
11139217 320
11139217 1212
11139341 528
11139367 5
11139493 36
11139493 407
11139511 1361
11139671 3388
11139761 48
11139787 9
11139787 588
11139839 1
11139851 1
11139901 128
11139959 1
11139959 1809
11139991 44
11140021 11
11140079 229
11140093 3
11140141 95
11140183 5
11140273 275
11140273 2495
11140277 219
11140309 35
11140319 5292
11140357 3
11140421 3
11140421 420
11140447 2429
11140477 3
11140489 39
11140511 1
11140513 5952
11140537 407
11140537 9624
11140541 3
11140541 15
11140541 5200
11140639 17
11140639 96
11140709 12
11140721 4
11140721 891
11140747 8277
11140757 1015
11140957 7767
11141003 13
11141023 173
11141047 8
11141063 4380
11141111 7156
11141159 4
11141167 24
11141237 4
11141243 1
11141243 1800
11141327 208
11141393 36
11141401 3
11141401 11
11141401 24
11141437 92
11141441 16
11141489 4395
11141521 8
11141521 9035
11141549 40
11141549 91
11141609 4
11141621 16
11141693 180
11141701 3
11141707 5
11141831 1
11141869 39
11141881 39
11141891 1
11141891 60
11141891 6009
11141929 732
11142011 64
11142013 272
11142107 49
11142223 173
11142223 648
11142251 1
11142251 4
11142311 1
11142317 4
11142317 7
11142331 596
11142359 1
11142371 4
11142377 12
11142401 4
11142413 3
11142449 16
11142457 3
11142479 21
11142479 5509
11142617 4
11142653 1747
11142697 20
11142731 148
11142823 8
11142827 420
11142839 16
11142841 224
11142847 473
11142893 7
11142899 1
11142913 32
11142947 9
11142997 3
11143019 16
11143073 3
11143073 211
11143199 1
11143219 1265
11143283 1
11143283 12
11143351 4661
11143417 3
11143589 3135
11143631 1
11143679 1
11143733 31
11143817 1584
11143871 2068
11143877 3127
11143883 1
11143883 837
11143883 1621
11143903 2328
11143931 3301
11143933 2048
11144011 189
11144053 3
11144053 12
11144057 463
11144219 1
11144339 4
11144347 8
11144429 136
11144479 41
11144501 3
11144501 123
11144509 407
11144527 17
11144663 13
11144677 15
11144677 423
11144797 2472
11144801 4
11144831 6724
11144863 45
11144863 321
11144879 1
11144891 448
11144951 1
11145049 7980
11145059 1
11145059 540
11145061 75
11145073 3
11145073 128
11145109 80
11145143 28
11145143 132
11145161 15
11145161 28
11145187 900
11145221 4
11145247 953
11145289 3719
11145391 185
11145503 1
11145503 540
11145539 1
11145539 3456
11145569 4
11145581 3
11145689 612
11145691 1328
11145697 12
11145697 132
11145787 2580
11145839 1
11145899 177
11145907 392
11145923 12
11145971 273
11146043 1
11146049 4
11146111 1449
11146309 171
11146313 711
11146357 872
11146393 195
11146451 1
11146451 9
11146493 7
11146537 23
11146571 1
11146631 141
11146703 1
11146741 8
11146813 75
11146903 197
11146931 1
11146963 888
11146963 956
11146997 1260
11147069 19
11147141 4
11147179 980
11147219 1
11147219 181
11147231 28
11147263 5
11147303 181
11147347 105
11147429 3816
11147473 123
11147537 139
11147537 3160
11147713 1215
11147753 8236
11147761 8
11147831 4
11147831 3285
11147833 3
11147833 176
11147849 4044
11147863 2460
11147887 3732
11147891 1
11147911 5
11147953 3
11148017 399
11148019 5
11148061 728
11148083 597
11148133 312
11148139 36
11148161 1279
11148239 1
11148283 5
11148287 4273
11148301 231
11148323 1
11148343 1997
11148377 748
11148523 216
11148551 25
11148619 12
11148619 29
11148619 7380
11148701 3
11148707 3705
11148853 8
11148881 819
11148887 1657
11148899 1
11148967 29
11148983 1
11148983 1261
11149009 36
11149109 12
11149123 33
11149241 1639
11149267 7364
11149309 959
11149361 148
11149459 2177
11149483 45
11149493 1335
11149511 1
11149511 9
11149517 4
11149531 65
11149571 1
11149577 3927
11149613 72
11149631 313
11149679 81
11149679 1920
11149727 69
11149811 1
11149811 4
11150033 7
11150063 1
11150071 8
11150071 200
11150071 569
11150099 21
11150099 352
11150099 636
11150141 39
11150141 115
11150171 49
11150177 3
11150177 999
11150231 40
11150257 3
11150281 8544
11150311 9
11150311 345
11150333 987
11150371 141
11150371 273
11150407 288
11150417 60
11150497 128
11150519 57
11150533 83
11150569 419
11150599 20
11150603 1
11150627 544
11150651 1
11150683 1953
11150687 13
11150747 205
11150773 6867
11150863 488
11150903 60
11150947 888
11150959 377
11151073 131
11151131 1
11151143 585
11151181 1700
11151187 5064
11151191 1
11151377 3
11151383 105
11151451 44
11151529 11
11151653 43
11151659 1
11151671 1
11151683 1
11151773 1347
11151773 1551
11151781 3
11151781 56
11151787 237
11151823 53
11151823 221
11151827 2004
11151853 695
11151859 1569
11151871 5
11151887 33
11151947 5292
11151977 492
11152021 8
11152021 83
11152103 1
11152111 189
11152139 4
11152139 61
11152147 5
11152147 3317
11152177 1092
11152189 432
11152213 9975
11152243 773
11152399 5
11152439 6045
11152499 1
11152567 8
11152567 209
11152573 11
11152607 337
11152633 3
11152633 11
11152633 15
11152633 107
11152703 1
11152703 3528
11152727 4
11152789 12
11152837 1820
11152847 28
11152871 1
11152871 13
11152919 1
11152957 1719
11152961 4
11152961 111
11153083 7065
11153099 1
11153201 3
11153201 2371
11153237 3
11153287 5
11153287 3384
11153341 24
11153347 305
11153381 928
11153447 165
11153449 12
11153453 55
11153501 2928
11153579 12
11153783 1117
11153851 8
11153953 203
11153981 840
11154037 12
11154037 47
11154161 2035
11154251 24
11154413 36
11154443 1
11154449 15
11154461 4
11154491 21
11154607 20
11154613 371
11154727 1364
11154757 3599
11154799 861
11154809 12
11154841 788
11154851 1660
11154853 60
11155073 7
11155091 4
11155127 85
11155139 1
11155267 5085
11155279 1161
11155297 23
11155327 69
11155351 425
11155409 967
11155411 65
11155513 15
11155541 771
11155589 7
11155597 15
11155597 119
11155673 3
11155751 9528
11155763 340
11155769 27
11155783 216
11155783 485
11155789 300
11155789 5252
11155867 8
11155931 4
11155951 8
11155957 23
11155993 1247
11155997 388
11156003 25
11156161 204
11156177 2340
11156207 3253
11156309 412
11156381 43
11156399 1
11156413 87
11156423 1
11156489 4
11156489 19
11156527 548
11156549 4
11156707 560
11156731 8
11156731 221
11156731 264
11156837 355
11156923 5
11156941 75
11156989 144
11157053 7
11157061 5144
11157071 16
11157119 9780
11157221 96
11157227 612
11157353 8388
11157379 417
11157403 248
11157403 2892
11157413 16
11157557 12
11157563 93
11157611 4
11157623 1
11157677 28
11157701 1348
11157739 12
11157791 13
11157791 456
11157823 12
11157917 3588
11157919 8265
11157943 1952
11158057 27
11158183 4565
11158267 357
11158297 24
11158297 287
11158331 1
11158333 23
11158337 12
11158363 72
11158373 403
11158393 11
11158403 220
11158429 492
11158489 8919
11158523 232
11158619 16
11158661 19
11158661 3891
11158687 9
11158691 4
11158799 1
11158837 3272
11158859 12
11158877 8343
11158943 73
11158969 864
11158981 11
11158993 96
11159009 7
11159033 7
11159047 204
11159077 3
11159077 24
11159119 5
11159129 4815
11159147 3640
11159177 180
11159233 300
11159261 543
11159371 1424
11159377 12
11159419 5
11159419 120
11159513 7
11159527 5973
11159573 160
11159683 80
11159683 105
11159723 37
11159723 1485
11159789 2755
11160013 3
11160029 364
11160029 1300
11160029 9327
11160131 504
11160137 3
11160139 7197
11160161 355
11160181 239
11160203 21
11160287 3373
11160299 4
11160299 16
11160299 81
11160307 357
11160307 5084
11160329 31
11160329 484
11160439 5
11160439 4869
11160463 36
11160503 1
11160509 2044
11160577 35
11160707 52
11160707 1180
11160839 1
11160841 3
11160859 9
11160901 2271
11160943 576
11161019 889
11161081 1079
11161153 7700
11161159 1320
11161181 4720
11161327 8
11161393 3
11161393 143
11161439 1
11161439 825
11161489 35
11161511 28
11161523 1
11161523 97
11161613 6916
11161771 8
11161783 585
11161789 24
11161807 84
11161867 89
11161921 44
11161939 32
11161993 368
11161993 2243
11161993 5136
11162051 1000
11162093 1495
11162191 465
11162287 9
11162293 32
11162293 6096
11162311 5
11162317 12
11162341 8055
11162351 1
11162377 435
11162461 275
11162497 3
11162551 29
11162639 736
11162707 72
11162743 68
11162773 3
11162777 12
11162873 3735
11162891 1
11162933 4231
11162969 75
11162969 204
11163059 1
11163059 445
11163221 780
11163281 4443
11163283 53
11163283 60
11163311 2416
11163403 188
11163413 3
11163413 31
11163433 2967
11163461 2644
11163497 184
11163557 7
11163557 28
11163599 1
11163653 3
11163667 200
11163683 1
11163721 3
11163731 1
11163731 313
11163791 349
11163851 1
11163853 27
11163959 1369
11163989 315
11164007 33
11164057 3
11164327 77
11164463 385
11164469 159
11164469 1656
11164519 84
11164553 67
11164553 1255
11164687 9
11164721 120
11164759 620
11164793 4228
11164943 1
11164943 1780
11164969 135
11164969 2327
11164981 7391
11165003 88
11165003 112
11165003 1701
11165047 57
11165071 1049
11165123 1
11165137 3
11165153 3
11165171 4
11165221 108
11165411 120
11165519 1
11165543 441
11165639 1
11165657 28
11165677 3
11165689 12
11165779 380
11165779 2069
11165807 2029
11165941 3
11165951 9
11166037 123
11166079 20
11166151 48
11166151 2705
11166187 5
11166187 309
11166271 5
11166277 128
11166329 76
11166329 171
11166343 140
11166377 4
11166403 3380
11166451 1404
11166581 16
11166581 360
11166611 9
11166613 836
11166643 8
11166679 1352
11166679 2540
11166697 35
11166697 947
11166703 7917
11166839 892
11166877 15
11166899 4
11167031 1269
11167033 4743
11167063 45
11167111 5001
11167127 253
11167133 3
11167141 20
11167187 97
11167201 1656
11167271 13
11167313 40
11167337 19
11167391 193
11167391 3108
11167433 796
11167439 1152
11167441 3
11167511 1
11167517 144
11167543 20
11167571 64
11167571 525
11167591 84
11167633 23
11167679 1
11167823 1
11167823 7332
11167889 1575
11167921 819
11168141 19
11168237 819
11168263 8
11168323 6521
11168341 4596
11168351 21
11168387 124
11168453 340
11168461 24
11168461 131
11168537 3
11168537 52
11168569 6495
11168693 336
11168749 276
11168753 235
11168753 960
11168819 9
11168879 1
11168893 8
11168951 384
11168951 2856
11169029 1279
11169043 36
11169071 1
11169091 620
11169163 21
11169173 4131
11169173 5016
11169181 1095
11169311 604
11169377 4
11169419 280
11169427 9
11169463 32
11169479 1420
11169533 2187
11169619 5
11169619 24
11169661 59
11169733 335
11169733 2643
11169737 3
11169749 7
11169749 496
11169913 8
11169913 108
11169931 5
11169941 2100
11170331 1
11170469 511
11170589 4
11170589 9547
11170673 388
11170697 540
11170697 1987
11170813 3
11170979 4
11171063 1
11171137 3
11171243 40
11171243 57
11171267 25
11171309 4
11171323 5757
11171341 1548
11171437 1535
11171597 235
11171623 21
11171659 141
11171659 252
11171663 1893
11171729 147
11171761 3
11171773 416
11171801 1524
11171861 4
11171893 263
11171911 29
11171911 48
11171933 72
11171969 12
11172071 1
11172079 8672
11172199 9
11172233 543
11172251 1420
11172251 4621
11172269 7
11172397 95
11172407 12
11172443 1
11172463 8357
11172479 25
11172479 709
11172481 3
11172481 564
11172607 17
11172659 12
11172659 85
11172671 148
11172677 3
11172677 19
11172697 8243
11172731 33
11172797 12
11172829 7971
11172857 3
11172857 27
11172857 28
11172857 6568
11172911 16
11172979 24
11172979 321
11172979 1020
11173021 3599
11173031 9
11173037 259
11173067 12
11173073 91
11173093 11
11173111 2708
11173229 915
11173303 12
11173303 2648
11173321 11
11173363 8
11173367 640
11173457 2680
11173499 1
11173531 105
11173559 1
11173637 6859
11173751 96
11173769 4
11173801 36
11173801 63
11173873 8192
11173999 21
11173999 1940
11174003 160
11174003 217
11174003 288
11174003 417
11174011 1509
11174027 4
11174047 6608
11174101 480
11174171 1
11174173 47
11174213 2548
11174357 5668
11174381 4
11174437 27
11174459 1
11174459 156
11174473 1028
11174533 672
11174533 5976
11174557 1380
11174689 15
11174699 16
11174743 5
11174827 2093
11174827 6000
11174833 1011
11174959 12
11175029 7
11175167 37
11175169 27
11175223 32
11175253 8
11175253 4908
11175277 732
11175299 109
11175301 2051
11175323 13
11175323 693
11175337 215
11175337 323
11175403 2801
11175457 75
11175481 4176
11175491 1
11175617 279
11175683 13
11175713 1215
11175737 3
11175767 64
11175797 4
11175797 979
11175811 21
11175823 21
11175823 2981
11175937 327
11176093 11
11176147 9
11176211 1
11176289 7
11176289 9636
11176303 1193
11176307 57
11176393 15
11176423 168
11176439 1
11176439 4
11176441 20
11176457 147
11176493 336
11176577 3
11176577 7
11176577 15
11176577 999
11176609 935
11176637 27
11176661 888
11176663 561
11176703 1
11176727 7560
11176801 2103
11176831 140
11176909 39
11176951 1605
11177027 64
11177077 92
11177147 184
11177161 23
11177183 445
11177183 9672
11177323 2676
11177351 33
11177363 1
11177389 180
11177437 332
11177437 3015
11177443 33
11177443 561
11177497 624
11177591 4
11177591 253
11177641 59
11177641 1575
11177641 3135
11177669 231
11177671 645
11177689 11
11177711 1
11177713 51
11177759 1
11177773 3
11177921 43
11177941 15
11177951 1
11177951 25
11177987 4
11177987 108
11178001 71
11178001 315
11178113 72
11178119 3064
11178127 80
11178127 2384
11178157 8
11178313 23
11178331 5
11178373 83
11178407 72
11178443 160
11178473 271
11178491 1540
11178511 6108
11178637 119
11178697 60
11178763 12
11178763 53
11178823 36
11178917 1863
11178971 1
11178971 460
11179037 447
11179109 427
11179111 20
11179121 3
11179171 341
11179171 500
11179229 24
11179271 1
11179307 793
11179331 1
11179417 35
11179417 39
11179451 88
11179451 1801
11179457 4192
11179501 3
11179501 15
11179549 12
11179559 1
11179559 660
11179601 2511
11179691 105
11179741 4859
11179769 64
11179793 2380
11179853 12
11179943 4441
11179951 149
11179963 485
11179963 2952
11179967 393
11179981 2616
11180011 5
11180077 692
11180111 4
11180173 35
11180233 936
11180233 3900
11180329 735
11180359 6476
11180371 5
11180383 33
11180383 1905
11180419 381
11180443 152
11180479 4356
11180591 6688
11180651 1
11180789 156
11180809 24
11180839 5
11180881 588
11180929 627
11180957 39
11180957 1132
11181089 79
11181241 20
11181343 1628
11181349 156
11181377 4
11181409 51
11181431 1
11181431 568
11181491 856
11181493 12
11181539 1
11181551 453
11181553 8
11181601 1848
11181619 849
11181649 12
11181839 981
11181847 137
11181943 188
11181953 91
11181959 1
11182037 43
11182043 1
11182109 432
11182147 369
11182169 96
11182187 64
11182189 1619
11182261 15
11182271 2253
11182307 52
11182307 724
11182343 2245
11182357 3
11182363 1881
11182427 732
11182513 75
11182631 1525
11182729 92
11182729 152
11182733 1687
11182733 3363
11182739 1
11182751 1
11182751 33
11182793 247
11182799 1
11182817 4
11182823 1
11182883 1
11182949 4
11183021 4
11183063 592
11183101 15
11183147 460
11183149 900
11183189 16
11183189 279
11183231 264
11183261 43
11183351 1
11183377 3
11183377 59
11183429 2232
11183461 39
11183479 1841
11183587 165
11183621 2683
11183639 9721
11183713 168
11183729 4
11183759 1
11183759 1864
11183917 303
11183947 1025
11183971 449
11183987 900
11184037 23
11184037 1164
11184083 12
11184083 16
11184091 4389
11184097 35
11184127 5
11184191 561
11184203 16
11184241 468
11184287 93
11184311 1
11184373 3
11184427 9360
11184527 33
11184527 1584
11184539 1
11184557 2115
11184577 3
11184617 7
11184617 192
11184661 3
11184671 1
11184703 5
11184703 4728
11184713 48
11184743 1593
11184791 1
11184839 232
11184839 2989
11184857 879
11184889 2699
11185001 16
11185007 205
11185019 1
11185103 1
11185241 844
11185277 3
11185277 232
11185381 35
11185399 245
11185403 1
11185453 203
11185477 80
11185501 308
11185709 655
11185721 400
11185789 131
11185807 1628
11185817 360
11185829 75
11185871 1
11185901 76
11185921 108
11185931 4
11185969 59
11185973 160
11186039 4
11186107 17
11186111 108
11186113 23
11186129 55
11186207 12
11186213 6976
11186237 3
11186249 4
11186261 435
11186377 80
11186377 804
11186393 12
11186411 88
11186411 216
11186437 1700
11186467 269
11186467 1797
11186501 16
11186519 4
11186519 120
11186531 1
11186531 49
11186621 7740
11186639 4
11186641 3284
11186711 1
11186723 1
11186737 44
11186741 3
11186767 1152
11186821 423
11186951 1
11186951 169
11186983 257
11187019 8157
11187023 1345
11187119 9
11187157 39
11187227 217
11187229 467
11187401 55
11187419 3297
11187509 3235
11187563 16
11187563 148
11187569 36
11187569 139
11187571 5
11187667 5
11187763 2141
11187763 5013
11187773 87
11187877 128
11187983 1
11188013 7
11188033 75
11188139 1
11188183 72
11188231 144
11188231 1536
11188237 15
11188237 5975
11188313 3
11188337 7
11188337 3099
11188339 1152
11188339 3812
11188343 1
11188433 3
11188451 25
11188487 445
11188501 255
11188501 3584
11188537 3
11188657 3
11188673 4395
11188673 4752
11188759 645
11188759 3341
11188951 8
11188951 1733
11188973 3808
11188979 1
11188979 25
11189029 35
11189039 1
11189053 60
11189069 91
11189117 3
11189117 223
11189131 45
11189183 13
11189203 8
11189231 28
11189267 40
11189287 5
11189327 7813
11189369 27
11189393 2203
11189441 3048
11189483 133
11189771 1
11189771 13
11189821 359
11189833 12
11189833 36
11189863 12
11189869 467
11189903 1
11189929 267
11189929 3291
11189939 1357
11189989 47
11190041 2403
11190061 51
11190077 4
11190083 72
11190083 468
11190119 157
11190149 4
11190173 2448
11190299 1
11190341 4
11190341 6796
11190401 4
11190401 3024
11190467 2193
11190533 16
11190533 9387
11190637 3
11190637 368
11190637 1608
11190643 485
11190691 3329
11190737 279
11190769 504
11190799 2360
11190821 7008
11190863 60
11190863 117
11190871 89
11190941 2079
11190961 83
11190997 108
11191099 5
11191099 584
11191177 5100
11191249 12
11191249 1427
11191331 1
11191331 25
11191351 920
11191381 3
11191429 11
11191463 285
11191489 495
11191493 75
11191571 1
11191597 3
11191603 5
11191783 8
11191787 573
11192003 1
11192003 37
11192039 4
11192089 36
11192101 4148
11192117 103
11192117 652
11192243 12
11192243 6736
11192393 27
11192393 43
11192393 8331
11192411 1
11192563 33
11192677 1704
11192683 273
11192711 1
11192809 36
11192849 76
11192939 1
11193011 9
11193023 13
11193059 144
11193187 69
11193199 12
11193271 5508
11193307 744
11193353 7
11193389 3711
11193397 35
11193401 1563
11193437 3
11193437 7
11193487 129
11193487 452
11193493 4256
11193517 3
11193607 1329
11193649 27
11193713 3
11193713 48
11193829 144
11193839 1
11193881 108
11193911 1
11193947 4
11193977 7
11193977 88
11193977 543
11193997 95
11194217 187
11194237 8
11194283 1
11194301 31
11194301 556
11194303 5
11194361 103
11194367 153
11194411 29
11194529 39
11194529 3952
11194679 1
11194679 12
11194679 37
11194679 40
11194679 57
11194747 7988
11194889 12
11194889 8784
11194949 19
11195069 1291
11195069 2059
11195141 15
11195141 540
11195293 8
11195339 1
11195341 3
11195383 7737
11195441 139
11195441 1411
11195543 36
11195543 45
11195603 72
11195603 3901
11195651 81
11195651 168
11195669 52
11195677 347
11195677 3815
11195831 4
11195903 1
11195999 24
11196019 357
11196037 99
11196071 1
11196079 9
11196121 3
11196179 96
11196209 4
11196223 17
11196313 3
11196397 3
11196401 8463
11196539 4
11196539 5520
11196569 31
11196623 1
11196721 540
11196743 1
11196743 1816
11196767 153
11196767 7197
11196799 1701
11196881 123
11196917 844
11197037 2407
11197063 45
11197063 317
11197063 7413
11197111 440
11197117 15
11197117 543
11197117 7215
11197189 11
11197301 420
11197349 4
11197349 27
11197379 1
11197411 5
11197411 284
11197427 9
11197457 1275
11197561 3
11197579 9
11197579 77
11197601 300
11197649 96
11197661 1384
11197819 17
11197829 4800
11197847 525
11197873 5388
11197877 7
11197903 1656
11197943 1
11197943 121
11198003 1
11198003 133
11198003 3253
11198119 2645
11198153 40
11198153 123
11198183 6613
11198227 20
11198227 1097
11198249 3772
11198389 140
11198417 52
11198459 12
11198491 5
11198557 2508
11198567 4
11198569 11
11198587 9
11198687 4420
11198743 821
11198749 524
11198879 1
11198893 3
11198899 2201
11198951 25
11198969 9859
11199031 9
11199079 3056
11199121 35
11199143 16
11199143 240
11199169 24
11199179 4017
11199179 8736
11199313 2075
11199359 4
11199371 49
11199389 244
11199403 5
11199427 384
11199431 4
11199449 52
11199491 1
11199547 2748
11199563 1416
11199581 763
11199581 2839
11199673 3812
11199697 3720
11199809 60
11199857 1864
11199899 1
11199899 7785
11199931 5145
11199977 1048
11199989 2007
11200009 11
11200019 1
11200097 3
11200097 27
11200097 432
11200109 4
11200129 27
11200151 1
11200151 16
11200157 135
11200157 264
11200213 3
11200243 3365
11200247 28
11200303 897
11200391 1
11200451 9
11200459 36
11200487 4
11200487 37
11200531 141
11200531 341
11200571 1
11200577 312
11200627 117
11200627 1440
11200639 77
11200661 751
11200661 5856
11200663 113
11200663 180
11200781 4
11200789 1116
11200843 1232
11200883 1768
11200999 20
11201041 3
11201041 7980
11201111 1
11201119 5
11201119 9
11201119 36
11201119 540
11201123 201
11201129 3172
11201149 704
11201171 1
11201171 28
11201171 3700
11201189 1591
11201189 3120
11201347 5
11201537 1192
11201537 4504
11201549 15
11201551 269
11201653 812
11201767 5
11201767 6144
11201783 1
11201831 1
11201843 1
11201843 9313
11202019 44
11202071 1
11202071 129
11202073 48
11202073 4767
11202209 19
11202209 4695
11202221 2743
11202221 8379
11202283 68
11202547 17
11202673 611
11202791 1
11202839 1
11202853 3
11202853 7932
11202871 9
11202931 5
11202931 116
11202931 4521
11203037 2820
11203039 4116
11203057 6123
11203079 1
11203123 1101
11203151 1
11203151 4
11203163 1
11203219 161
11203243 120
11203273 11
11203273 47
11203393 3
11203421 28
11203427 100
11203447 4260
11203447 4932
11203453 20
11203469 5055
11203481 291
11203523 273
11203547 45
11203547 4605
11203573 552
11203669 111
11203763 1
11203769 75
11203823 1
11203873 1812
11203949 4
11203963 273
11203987 5
11203993 96
11204009 664
11204033 783
11204183 1
11204231 96
11204267 1645
11204293 36
11204399 12
11204407 348
11204449 2447
11204483 8340
11204549 7155
11204587 557
11204923 296
11204953 11
11204957 279
11205031 396
11205119 1
11205127 8313
11205137 7303
11205391 8
11205407 2077
11205443 25
11205461 28
11205463 840
11205503 5892
11205541 3
11205541 84
11205541 935
11205547 608
11205547 3329
11205553 1287
11205563 160
11205619 41
11205697 15
11205721 11
11205721 24
11205739 5
11205863 12
11205863 3141
11205959 1
11206049 4
11206061 259
11206081 39
11206081 504
11206081 7428
11206147 20
11206177 3
11206241 16
11206241 36
11206241 388
11206361 3
11206477 3
11206477 20
11206477 23
11206477 735
11206501 7776
11206511 1
11206513 255
11206583 2392
11206609 152
11206619 1
11206697 1935
11206759 156
11206781 2196
11206807 5
11206807 933
11206807 9693
11206823 7125
11206829 4
11206879 7161
11206883 1072
11207039 1
11207099 16
11207101 24
11207111 33
11207117 28
11207129 184
11207129 219
11207149 227
11207269 536
11207269 1827
11207363 432
11207467 33
11207611 5501
11207657 24
11207711 1
11207711 856
11207723 1
11207731 21
11207731 4640
11207737 3
11207737 6728
11207741 16
11207741 36
11207767 425
11207783 21
11207837 12
11207881 51
11207881 80
11207881 1004
11207887 144
11208091 80
11208091 2304
11208101 3
11208173 31
11208193 2643
11208209 136
11208311 16
11208341 3
11208359 21
11208427 2633
11208433 8
11208433 60
11208433 4136
11208487 104
11208523 137
11208551 4
11208629 180
11208697 3
11208697 48
11208773 8163
11208829 59
11208859 7425
11208913 171
11209061 31
11209063 140
11209097 4
11209127 7104
11209357 284
11209361 4123
11209391 1
11209489 752
11209489 3336
11209493 7
11209519 12
11209591 60
11209591 1481
11209609 159
11209619 1
11209619 4
11209657 12
11209699 137
11209711 156
11209777 47
11209859 12
11209951 5
11209951 9
11209951 348
11209951 2145
11210011 296
11210029 300
11210077 5364
11210081 175
11210141 19
11210167 9
11210167 264
11210201 1068
11210279 4
11210279 2097
11210317 135
11210321 3
11210341 1140
11210377 32
11210377 560
11210383 48
11210383 72
11210411 1
11210503 5
11210503 1073
11210579 9
11210609 19
11210629 4832
11210677 3
11210713 188
11210737 3
11210761 396
11210813 180
11210833 3
11210833 8
11211061 11
11211061 308
11211071 1
11211091 8040
11211133 656
11211229 959
11211287 4
11211377 7
11211383 1
11211383 112
11211469 1896
11211479 292
11211493 132
11211547 29
11211583 12
11211643 17
11211671 1
11211671 84
11211671 1425
11211799 80
11211923 133
11212151 156
11212171 204
11212277 48
11212291 5
11212319 1
11212363 8
11212427 4
11212433 900
11212447 57
11212519 7181
11212573 176
11212577 87
11212631 21
11212633 360
11212667 85
11212687 69
11212687 693
11212711 6873
11212771 41
11212787 249
11212987 44
11213057 4
11213057 3472
11213063 7245
11213071 960
11213093 748
11213113 167
11213201 3099
11213219 144
11213231 1
11213233 9336
11213281 7815
11213381 975
11213513 51
11213513 8500
11213519 1
11213533 72
11213539 5
11213539 32
11213551 1584
11213639 6724
11213711 1
11213759 1
11213773 15
11213827 9
11213957 27
11213977 27
11214043 140
11214107 5604
11214113 112
11214121 764
11214139 5
11214173 5416
11214191 1
11214211 9944
11214221 16
11214221 36
11214241 108
11214431 5560
11214491 1
11214613 15
11214649 267
11214649 1211
11214649 3800
11214733 12
11214751 2316
11214757 32
11214881 631
11215079 1
11215079 1336
11215207 12
11215229 2460
11215349 15
11215411 65
11215411 165
11215439 1
11215481 36
11215483 12
11215483 317
11215507 693
11215549 2915
11215601 24
11215601 76
11215627 5360
11215679 1
11215759 20
11215811 5104
11215823 60
11215933 512
11215933 3935
11215951 24
11215969 456
11215993 12
11216063 4032
11216113 15
11216113 107
11216119 1761
11216123 1
11216171 64
11216173 3
11216201 79
11216239 20
11216279 9
11216347 588
11216357 4
11216383 765
11216393 1356
11216399 4
11216449 500
11216449 2399
11216473 63
11216477 432
11216477 1032
11216521 1079
11216573 3
11216603 1
11216603 1480
11216627 9
11216627 7405
11216629 59
11216633 16
11216713 1127
11216729 12
11216791 329
11216791 573
11216819 1
11216951 1
11216969 3487
11216993 15
11217103 20
11217103 885
11217103 2165
11217121 3
11217121 8
11217181 291
11217181 9720
11217187 353
11217197 27
11217221 216
11217251 9
11217301 296
11217317 1888
11217343 81
11217463 5
11217551 28
11217551 1560
11217571 5
11217587 37
11217599 1
11217599 537
11217737 3
11217799 3252
11217799 7889
11217893 328
11217959 1356
11217991 104
11218049 5359
11218057 3
11218057 659
11218073 55
11218127 12
11218169 7
11218169 31
11218219 12
11218219 32
11218219 89
11218241 916
11218247 49
11218261 2208
11218267 1328
11218381 3843
11218397 7
11218397 2515
11218439 1
11218439 109
11218469 339
11218489 20
11218489 195
11218517 9223
11218619 532
11218633 15
11218633 1395
11218661 76
11218699 9
11218763 12
11218763 160
11218943 1
11218981 2396
11219003 21
11219113 1680
11219171 2329
11219203 60
11219209 11
11219231 4
11219249 7
11219287 813
11219309 5127
11219393 1956
11219401 1191
11219441 135
11219459 1
11219459 1980
11219539 21
11219683 5
11219693 31
11219693 5316
11219713 8
11219713 35
11219731 33
11219749 15
11219759 1
11219759 3736
11219777 3
11219801 88
11219801 3508
11219809 2975
11219891 1
11219891 4
11219891 3189
11219977 359
11220037 723
11220091 5
11220103 3437
11220137 3
11220137 64
11220151 1961
11220199 101
11220227 2244
11220269 15
11220271 1053
11220299 1
11220311 1
11220331 84
11220353 75
11220353 267
11220359 9
11220359 664
11220379 29
11220379 1256
11220541 48
11220551 1
11220553 15
11220641 279
11220653 915
11220707 4
11220761 3
11220817 3
11220817 3219
11220841 3
11220841 8
11220851 1
11220931 5
11220991 584
11220991 5928
11221051 41
11221103 1
11221103 720
11221211 1
11221211 300
11221303 17
11221307 9
11221307 5280
11221333 155
11221367 5325
11221373 7363
11221417 99
11221439 361
11221451 13
11221453 971
11221459 192
11221477 60
11221477 5075
11221489 1419
11221501 7736
11221549 20
11221559 160
11221601 40
11221627 3057
11221643 2772
11221657 3
11221663 56
11221697 67
11221739 1
11221739 4
11221757 4
11221781 3
11221829 87
11221891 80
11221933 15
11221949 15
11221961 16
11221967 57
11221993 3
11222021 4476
11222129 4171
11222177 5047
11222219 1
11222219 21
11222287 69
11222317 4107
11222357 1683
11222429 4
11222447 3493
11222489 4
11222671 2693
11222753 1476
11223007 33
11223007 185
11223071 1
11223073 23
11223101 16
11223101 60
11223101 6264
11223131 940
11223169 2532
11223169 5976
11223263 1
11223263 13
11223347 4
11223361 3
11223361 815
11223419 1
11223437 4
11223461 4
11223461 5323
11223521 120
11223539 1
11223659 1
11223659 12
11223683 1
11223713 3
11223781 1119
11223803 1620
11223811 249
11223811 5129
11223941 231
11223973 27
11223973 615
11224001 19
11224001 63
11224001 676
11224091 16
11224141 731
11224141 3135
11224223 1045
11224243 825
11224243 5141
11224349 280
11224351 4493
11224439 1
11224453 8280
11224513 3
11224513 80
11224513 527
11224517 495
11224589 4
11224597 3
11224597 132
11224613 511
11224721 3
11224781 723
11224789 120
11224799 1
11224831 144
11224891 3689
11224933 8
11225099 1
11225099 4
11225099 361
11225183 1
11225297 328
11225297 8584
11225327 12
11225419 9564
11225437 15
11225437 488
11225437 743
11225437 7463
11225531 1
11225549 532
11225609 471
11225681 3
11225693 2956
11225699 9
11225717 415
11225741 3
11225791 5
11225803 12
11225803 701
11225897 75
11225947 185
11225953 12
11226029 4000
11226031 8
11226041 559
11226067 29
11226071 229
11226077 4
11226157 3
11226221 31
11226223 6368
11226233 3
11226233 16
11226263 1
11226287 4
11226353 40
11226367 248
11226469 72
11226487 8
11226517 48
11226539 9
11226541 179
11226563 1
11226667 29
11226773 3
11226773 283
11226779 3904
11226781 728
11226791 133
11226791 1369
11226869 19
11226871 5
11226899 1
11226959 1
11227019 1392
11227019 4012
11227037 4
11227037 220
11227049 576
11227199 21
11227199 3777
11227213 8
11227247 3429
11227283 1
11227291 48
11227291 288
11227319 1
11227319 640
11227367 7968
11227421 28
11227441 15
11227451 745
11227453 1631
11227457 19
11227507 57
11227511 673
11227511 2581
11227529 60
11227591 2369
11227637 7
11227663 1200
11227693 6756
11227739 60
11227807 44
11227889 292
11227961 3
11227961 160
11227967 13
11227987 1649
11228047 129
11228051 1
11228083 692
11228207 4
11228233 3
11228311 140
11228311 144
11228521 3
11228593 4688
11228611 1589
11228681 4
11228681 15
11228831 313
11228839 500
11228873 3
11228873 388
11228879 1
11228881 3
11228881 2220
11228897 12
11229073 272
11229143 1
11229151 2000
11229187 165
11229341 4
11229377 4000
11229433 60
11229461 108
11229521 2136
11229563 1
11229577 3075
11229629 1191
11229667 68
11229697 3
11229697 875
11229761 171
11229791 1
11229793 35
11230069 407
11230103 517
11230111 8261
11230139 292
11230169 7
11230213 95
11230309 240
11230309 1347
11230313 12
11230343 1
11230357 179
11230441 3
11230451 21
11230553 28
11230553 91
11230699 5
11230777 3
11230777 459
11230781 43
11230781 51
11230787 9697
11230789 11
11230799 1
11230939 41
11231027 28
11231027 832
11231039 4
11231081 351
11231081 520
11231111 9
11231119 12
11231201 60
11231219 37
11231377 3
11231431 5040
11231443 236
11231483 121
11231483 5661
11231513 1816
11231639 1
11231639 9
11231677 35
11231723 1
11231783 7317
11231939 9637
11231959 12
11231959 65
11232017 3
11232029 235
11232031 7433
11232049 1040
11232259 44
11232301 60
11232329 4
11232383 3228
11232409 72
11232433 171
11232619 9
11232709 1751
11232791 1480
11232799 17
11232799 45
11232863 1
11232863 6441
11232883 6345
11232887 57
11232887 240
11232919 344
11232929 439
11232929 1255
11232959 12
11232959 201
11232959 3577
11232997 7667
11233031 1
11233037 43
11233087 804
11233091 1
11233093 3
11233099 5
11233169 4
11233231 1001
11233267 32
11233289 1656
11233331 1
11233331 16
11233373 7
11233451 220
11233513 3
11233603 5
11233603 41
11233627 33
11233723 5
11233723 137
11233813 228
11233837 23
11233919 12
11233993 915
11234033 175
11234159 1
11234159 21
11234159 61
11234213 387
11234233 335
11234351 1
11234351 13
11234423 2745
11234479 305
11234507 9
11234609 12
11234623 12
11234633 940
11234651 1
11234747 1104
11234777 63
11234921 39
11234933 7
11234941 23
11234981 15
11234981 331
11234999 1
11235053 2395
11235067 1148
11235073 23
11235127 9
11235131 1
11235131 4
11235131 7900
11235239 1
11235277 380
11235313 11
11235421 11
11235481 8
11235533 43
11235559 332
11235583 165
11235641 4
11235641 1551
11235727 468
11235737 43
11235737 1264
11235811 5
11235853 3
11235863 1
11235871 536
11235977 24
11236003 932
11236037 895
11236073 7
11236111 33
11236193 156
11236403 145
11236417 20
11236499 2064
11236573 12
11236651 489
11236651 5460
11236679 12
11236751 3708
11236769 7
11236777 20
11237003 1
11237047 6804
11237069 1144
11237203 1373
11237207 477
11237231 1636
11237249 55
11237249 99
11237249 144
11237249 1015
11237279 1
11237293 183
11237339 37
11237393 12
11237533 3
11237579 12
11237579 420
11237591 1
11237621 2359
11237651 1
11237657 4
11237719 44
11237783 1
11237887 44
11237917 84
11237923 473
11237953 3
11237981 7276
11238079 5
11238079 77
11238187 60
11238203 1
11238203 112
11238233 7
11238233 7035
11238257 4299
11238307 392
11238313 2820
11238373 120
11238389 7
11238407 648
11238407 9468
11238413 3
11238413 396
11238463 92
11238629 16
11238737 3
11238749 15
11238749 31
11238761 60
11238763 1332
11238767 6565
11238889 6692
11239003 2820
11239079 1336
11239079 9316
11239103 16
11239117 2487
11239223 13
11239271 1
11239351 9
11239351 5016
11239411 9
11239421 3
11239493 15
11239511 201
11239537 99
11239541 4
11239561 23
11239603 393
11239691 1
11239843 101
11239859 49
11239859 876
11239927 1244
11239927 7113
11239933 3
11239951 165
11239967 4
11239967 9
11239967 189
11239979 4
11239979 57
11239979 100
11239979 2740
11240057 12
11240059 24
11240209 11
11240227 8
11240237 2112
11240323 452
11240423 1
11240483 1
11240561 2940
11240617 3
11240617 35
11240617 648
11240627 28
11240639 1
11240659 684
11240687 4
11240743 45
11240819 1
11240861 79
11240861 171
11240881 8
11240881 179
11240891 273
11240891 1453
11240917 15
11240917 288
11240947 4568
11241053 3
11241053 3027
11241071 4
11241077 48
11241077 4720
11241079 24
11241149 240
11241173 12
11241203 1
11241239 1
11241239 4
11241371 64
11241383 1
11241383 13
11241383 16
11241449 300
11241511 116
11241553 8807
11241631 2096
11241859 5
11241907 6173
11241959 1
11241959 36
11242051 780
11242157 87
11242163 1
11242163 472
11242177 4815
11242279 9
11242379 84
11242417 35
11242417 4683
11242463 5425
11242481 3
11242481 4
11242481 1404
11242481 6103
11242549 12
11242589 4
11242619 4
11242619 5409
11242639 1740
11242681 60
11242681 308
11242717 3
11242717 359
11242817 3
11242843 2708
11242867 105
11242937 343
11242993 3
11242993 72
11242997 3
11243047 2840
11243051 1
11243051 40
11243087 9
11243299 9
11243363 3160
11243411 25
11243447 84
11243563 725
11243593 8
11243627 1648
11243633 6936
11243641 3
11243641 168
11243651 1
11243657 3
11243663 1
11243719 681
11243759 1
11243759 52
11243797 8
11243831 273
11243831 2376
11243867 7180
11243891 1
11243891 9
11243983 221
11244011 148
11244019 705
11244071 1
11244133 5688
11244137 120
11244283 240
11244283 525
11244287 277
11244379 77
11244383 9721
11244403 4028
11244419 1
11244419 376
11244487 8
11244487 540
11244581 36
11244589 27
11244671 2584
11244671 4600
11244689 6379
11244749 4
11244773 1927
11244787 57
11244901 60
11244901 80
11244901 7655
11244913 3432
11244931 773
11244967 2457
11244977 435
11245001 4
11245001 160
11245057 3
11245057 59
11245133 16
11245259 4
11245261 15
11245261 44
11245271 28
11245303 197
11245453 15
11245513 12
11245523 1
11245547 112
11245583 133
11245607 444
11245609 987
11245651 173
11245657 3644
11245679 9081
11245693 375
11245757 3
11245811 76
11245847 37
11245867 89
11245867 3285
11245907 508
11245937 1363
11245973 15
11245973 5091
11245991 1
11246003 52
11246009 780
11246051 73
11246101 315
11246189 1591
11246311 5
11246311 20
11246357 4
11246363 21
11246363 1152
11246413 3
11246437 27
11246491 513
11246899 21
11246899 7857
11246941 3
11246941 24
11247127 1565
11247191 4
11247211 9
11247233 703
11247349 351
11247377 252
11247377 579
11247503 1
11247569 15
11247629 7
11247809 15
11247967 9
11247979 9
11247979 1736
11248021 131
11248043 1
11248043 13
11248093 3
11248187 85
11248261 20
11248283 1
11248301 1204
11248421 84
11248453 8
11248477 2892
11248493 180
11248571 2268
11248571 6721
11248603 17
11248603 860
11248609 891
11248631 1
11248631 400
11248649 2532
11248717 3
11248717 8
11248751 4
11248759 3200
11248819 2216
11248823 61
11248927 8
11248987 20
11248987 1412
11249011 44
11249011 1205
11249033 2895
11249059 885
11249089 24
11249113 540
11249123 7932
11249219 109
11249281 8859
11249347 45
11249377 3
11249377 12
11249383 2133
11249411 1200
11249449 347
11249543 16
11249543 25
11249561 84
11249611 216
11249629 675
11249713 4448
11249741 3
11249809 12
11249827 5
11249951 1
11249977 3
11250007 57
11250011 4
11250011 321
11250089 7
11250101 24
11250137 7
11250251 64
11250271 8
11250271 288
11250287 5092
11250293 427
11250307 732
11250319 5
11250433 2216
11250443 312
11250457 1520
11250457 5384
11250529 11
11250539 12
11250539 24
11250581 15
11250667 5468
11250667 7725
11250667 8348
11250671 1
11250839 1
11250853 8
11250917 52
11250919 9
11250971 504
11251049 55
11251309 9036
11251313 1491
11251351 8
11251379 1
11251379 289
11251421 64
11251621 4548
11251651 168
11251693 3
11251699 444
11251699 4229
11251763 1
11251783 17
11251789 11
11251789 47
11251837 3
11251897 3
11251931 1
11251931 144
11251969 216
11251969 5391
11252023 2541
11252099 169
11252149 4559
11252167 72
11252251 5
11252251 6488
11252341 36
11252431 5
11252447 213
11252459 1
11252459 4200
11252489 9720
11252567 33
11252611 33
11252621 4
11252639 2589
11252669 559
11252677 8
11252677 92
11252701 315
11252723 1
11252771 88
11252779 12
11252789 375
11252867 93
11252933 451
11252947 120
11253041 16
11253103 497
11253103 2097
11253191 1
11253239 1
11253239 9
11253457 1379
11253499 1061
11253503 388
11253559 125
11253617 4
11253673 5147
11253703 188
11253973 3
11254021 408
11254043 40
11254091 4941
11254093 3
11254151 28
11254163 1
11254183 173
11254207 3404
11254283 57
11254283 8988
11254301 3
11254301 4
11254303 6057
11254361 3
11254447 3240
11254489 320
11254513 15
11254583 112
11254601 628
11254609 24
11254769 15
11254819 3885
11254823 357
11255039 4036
11255047 12
11255059 21
11255059 161
11255059 276
11255099 420
11255107 1413
11255113 107
11255117 3
11255149 9371
11255177 4
11255177 132
11255249 7
11255323 77
11255329 159
11255399 1
11255527 17
11255527 9624
11255627 4
11255641 5223
11255681 3
11255773 1440
11255779 20
11255813 15
11255831 201
11255873 336
11255927 213
11255929 72
11256071 1
11256071 3516
11256073 3
11256083 1
11256139 17
11256173 172
11256191 1
11256221 4
11256281 19
11256307 68
11256347 33
11256347 6784
11256481 816
11256517 335
11256517 5615
11256521 24
11256563 153
11256577 179
11256593 168
11256613 171
11256629 52
11256653 7
11256659 3037
11256671 73
11256697 3
11256779 25
11256853 56
11256859 4289
11256977 199
11256983 105
11257019 16
11257031 13
11257079 1
11257079 109
11257151 276
11257151 3120
11257313 51
11257369 8535
11257439 16
11257517 9528
11257627 9
11257663 21
11257679 292
11257751 1
11257759 204
11257801 3
11257837 644
11258047 389
11258047 1500
11258069 52
11258069 235
11258069 1552
11258087 64
11258087 7797
11258123 181
11258141 64
11258141 1300
11258161 3
11258179 225
11258189 1599
11258227 9
11258237 3
11258251 4764
11258281 35
11258491 6473
11258509 116
11258609 7
11258651 1
11258759 1
11258837 583
11258959 56
11258977 879
11258977 1728
11258999 52
11259019 80
11259067 4148
11259181 3
11259203 21
11259233 100
11259329 232
11259377 3
11259401 3
11259481 144
11259683 13
11259683 7797
11259709 4832
11259713 1227
11259757 15
11259757 3668
11259827 889
11259869 39
11259889 4539
11259943 252
11259959 9
11259971 1
11260003 20
11260019 1
11260237 143
11260241 3
11260313 96
11260357 215
11260399 2996
11260429 12
11260429 536
11260429 3659
11260451 589
11260499 1
11260663 5
11260663 12
11260721 328
11260741 3
11260747 137
11260829 31
11260889 9516
11261203 8861
11261219 1
11261231 1
11261233 51
11261279 4
11261291 348
11261317 6507
11261443 5
11261477 24
11261479 5661
11261539 29
11261543 1
11261543 28
11261563 5
11261597 3
11261597 24
11261611 1781
11261611 1808
11261713 8
11261791 728
11261819 121
11261843 13
11261849 99
11261891 1
11261903 205
11261909 679
11261977 63
11261977 6548
11261981 4
11262037 23
11262037 795
11262047 889
11262047 1584
11262061 15
11262061 276
11262061 1148
11262077 144
11262131 1
11262131 9
11262133 3840
11262257 75
11262263 97
11262283 5
11262299 1
11262323 2772
11262439 12
11262509 8391
11262677 7
11262707 4
11262739 56
11262883 8
11262883 48
11262917 12
11262983 16
11263037 9447
11263073 27
11263093 3
11263103 505
11263111 5
11263111 180
11263229 4
11263229 519
11263237 3
11263319 1
11263361 99
11263379 1
11263381 864
11263459 840
11263517 259
11263531 5
11263559 1
11263619 12
11263619 49
11263619 336
11263781 4
11263817 3
11263829 16
11263957 3
11263999 24
11264009 4
11264009 19
11264009 852
11264023 8700
11264051 4
11264051 796
11264111 361
11264159 21
11264159 25
11264177 4
11264177 15
11264189 16
11264213 43
11264311 1133
11264333 7
11264347 929
11264423 28
11264459 229
11264471 1
11264483 177
11264579 1
11264579 9
11264599 105
11264783 1
11264783 768
11264887 9
11264887 572
11264947 144
11264993 8011
11265049 3815
11265071 993
11265161 4
11265161 1015
11265167 1125
11265167 2080
11265167 4708
11265173 3
11265209 1804
11265223 1932
11265223 2816
11265223 3945
11265251 1
11265263 1
11265299 97
11265299 241
11265299 5352
11265367 1512
11265403 56
11265437 195
11265473 16
11265487 57
11265491 1
11265497 4924
11265511 29
11265511 669
11265599 24
11265599 45
11265599 5200
11265643 8
11265703 8
11265763 17
11265889 27
11265901 203
11265911 2848
11265941 2248
11265997 383
11266001 3
11266001 775
11266033 368
11266033 8207
11266091 1
11266097 3
11266127 69
11266141 35
11266207 104
11266207 113
11266219 21
11266457 7
11266523 1
11266613 16
11266663 8
11266663 2045
11266681 3
11266763 1
11266763 61
11266813 227
11266847 4072
11267063 348
11267119 5
11267197 8
11267237 43
11267239 5436
11267293 3228
11267303 1
11267339 1
11267363 328
11267369 39
11267383 5
11267411 1
11267411 153
11267483 721
11267519 1
11267519 4
11267537 63
11267717 19
11267731 224
11267777 28
11267783 1
11267797 27
11267801 691
11267887 8580
11267939 81
11268011 124
11268119 1269
11268209 67
11268431 1
11268571 5
11268581 28
11268599 9
11268613 5175
11268749 60
11268811 9
11268811 989
11268839 4
11268899 1
11268899 265
11269001 4
11269021 5360
11269187 69
11269189 155
11269189 3024
11269211 196
11269267 165
11269381 60
11269409 1227
11269501 8
11269501 24
11269513 83
11269693 3551
11269763 1
11269847 69
11269919 4
11269943 13
11269949 4
11269961 31
11270027 300
11270047 1172
11270131 8684
11270209 1847
11270227 5228
11270317 2619
11270359 129
11270387 48
11270411 1
11270411 21
11270411 220
11270461 891
11270461 1020
11270461 1043
11270513 2160
11270573 48
11270717 4
11270717 12
11270761 83
11270783 1
11270783 100
11270789 27
11270797 3327
11270801 51
11270827 8
11270849 4347
11271019 44
11271061 51
11271077 12
11271097 3
11271193 12
11271223 248
11271263 12
11271467 129
11271473 75
11271593 291
11271661 1004
11271683 8781
11271751 44
11271781 3
11271781 1140
11271851 9
11271851 21
11271853 2100
11271859 561
11271893 3
11271899 1
11271919 32
11272049 8236
11272103 9033
11272229 4
11272237 12
11272249 51
11272259 1
11272279 5
11272279 344
11272367 60
11272379 1
11272399 29
11272451 120
11272463 1
11272523 72
11272523 4840
11272559 3405
11272627 8
11272697 52
11272801 284
11272841 28
11272841 84
11272897 8
11272897 83
11272897 119
11272897 660
11272907 8380
11272927 5
11272973 1015
11272981 1071
11272999 117
11273027 7497
11273029 56
11273077 3
11273089 7067
11273111 49
11273113 167
11273131 3185
11273147 388
11273203 5897
11273209 116
11273231 21
11273233 3
11273263 972
11273281 5543
11273377 35
11273407 48
11273417 39
11273447 33
11273461 95
11273461 563
11273503 152
11273503 3213
11273879 12
11273903 1
11273929 336
11273989 84
11274017 687
11274079 5
11274089 39
11274089 1555
11274091 53
11274103 41
11274283 5
11274283 20
11274287 4
11274379 9
11274379 144
11274379 8976
11274443 897
11274463 45
11274463 72
11274469 2435
11274503 9993
11274517 1239
11274667 92
11274721 2384
11274737 24
11274737 39
11274799 149
11274811 9
11274817 183
11275001 55
11275081 4028
11275087 153
11275087 612
11275093 3
11275133 5355
11275163 52
11275169 207
11275177 120
11275193 3
11275193 6492
11275367 12
11275387 5385
11275463 276
11275477 5927
11275501 36
11275501 240
11275601 3768
11275603 56
11275613 51
11275657 240
11275717 735
11275783 953
11275829 99
11275853 3432
11275871 1
11275871 1285
11275889 3280
11275961 16
11275961 903
11275963 20
11275997 19
11276011 8
11276053 2240
11276071 24
11276081 4
11276081 399
11276113 80
11276207 3097
11276261 79
11276339 1
11276687 184
11276743 32
11276761 36
11276779 1400
11276791 8
11276807 13
11276917 1848
11277037 135
11277121 56
11277151 5
11277271 24
11277289 387
11277353 6372
11277463 2132
11277503 1
11277517 27
11277523 21
11277523 501
11277599 1
11277649 35
11277649 216
11277649 1676
11277671 1
11277733 3
11277743 1
11277881 3
11277881 196
11278061 40
11278061 51
11278213 1287
11278231 5
11278247 13
11278249 1056
11278283 13
11278297 20
11278357 2067
11278439 1
11278483 45
11278507 65
11278537 7128
11278691 9
11278691 189
11278691 7836
11278697 12
11278733 168
11278753 2216
11278777 47
11278829 304
11278859 16
11278879 89
11278879 336
11278889 19
11278903 836
11278921 20
11278933 8
11278979 12
11278979 36
11279017 159
11279033 132
11279137 3
11279137 15
11279423 156
11279441 4
11279441 19
11279503 17
11279657 43
11279669 87
11279713 3236
11279837 4
11279921 16
11280007 425
11280041 5488
11280211 8481
11280223 21
11280253 251
11280337 108
11280341 315
11280413 3
11280427 2537
11280439 960
11280473 8688
11280721 36
11280767 4
11280881 31
11280883 5
11280953 3
11280953 55
11281001 199
11281019 1
11281073 615
11281133 31
11281139 4
11281141 200
11281159 536
11281159 9060
11281177 600
11281177 5580
11281211 1944
11281211 2073
11281253 852
11281267 248
11281271 1
11281289 9700
11281297 8
11281297 272
11281297 867
11281313 208
11281313 3751
11281321 24
11281399 44
11281409 12
11281469 376
11281511 13
11281513 87
11281541 984
11281547 9
11281577 504
11281597 668
11281631 1
11281643 1
11281691 1300
11281717 1875
11281723 300
11281757 4
11281811 1
11281817 4
11281859 1
11281859 2520
11281871 8304
11281883 1
11281903 77
11281967 568
11282017 60
11282111 621
11282291 21
11282291 40
11282291 7728
11282399 529
11282471 1
11282519 4
11282533 5387
11282639 1920
11282651 169
11282657 7
11282657 19
11282659 17
11282671 216
11282759 1
11282837 1099
11282837 2199
11282851 113
11282861 79
11283029 4
11283067 5
11283067 17
11283197 3919
11283263 1
11283299 1221
11283301 123
11283361 8
11283469 11
11283479 4
11283497 7
11283497 19
11283521 1743
11283599 1
11283703 101
11283763 5
11283851 1
11283973 8
11283983 1
11284027 44
11284037 3
11284139 49
11284171 209
11284211 1
11284211 1845
11284241 3
11284253 12
11284319 4
11284319 45
11284333 3
11284363 177
11284367 3289
11284373 36
11284387 80
11284477 1007
11284489 75
11284523 1336
11284529 16
11284529 3360
11284531 48
11284531 2189
11284543 585
11284571 264
11284571 880
11284627 5
11284627 9
11284627 89
11284633 3
11284649 5379
11284739 1
11284759 89
11284769 415
11284781 31
11284921 3
11284981 204
11285063 1
11285159 1
11285171 1
11285189 7552
11285189 9220
11285213 3
11285227 17
11285231 1
11285233 7208
11285243 12
11285273 3
11285299 65
11285447 4
11285471 4
11285503 305
11285513 532
11285609 40
11285609 939
11285633 55
11285657 964
11285689 11
11285717 3
11285749 119
11285831 165
11285903 205
11285903 2397
11285921 96
11285921 123
11285941 3
11285941 300
11286013 155
11286131 48
11286203 1800
11286211 5
11286229 24
11286229 167
11286343 77
11286349 5664
11286371 313
11286427 8
11286557 3
11286557 7260
11286559 9105
11286599 3636
11286679 17
11286719 9
11286719 1645
11286727 177
11286839 1
11286901 264
11286901 804
11286911 1
11286917 3
11286917 3648
11286937 395
11286949 392
11286959 6852
11287051 29
11287103 37
11287117 3
11287117 2219
11287163 1
11287249 11
11287249 84
11287267 3645
11287291 41
11287301 3
11287307 4
11287343 1
11287343 33
11287483 5
11287487 4
11287487 12
11287511 1
11287513 195
11287513 2828
11287531 588
11287579 9
11287579 680
11287589 1600
11287607 9
11287739 184
11287747 8324
11287799 1
11287807 5
11287807 12
11287831 29
11287891 288
11287951 9
11287951 56
11287967 12
11287981 3
11288089 44
11288117 240
11288117 1839
11288177 3
11288213 72
11288213 127
11288213 328
11288237 304
11288267 408
11288341 11
11288509 152
11288611 776
11288623 101
11288723 1
11288773 803
11288857 3
11288923 113
11289121 71
11289191 1
11289233 7
11289247 33
11289247 105
11289247 6888
11289253 252
11289277 3443
11289373 3
11289559 84
11289587 4
11289601 5963
11289647 24
11289647 852
11289791 4
11289793 87
11289793 488
11289809 7
11289841 6228
11289871 24
11289907 24
11289911 181
11289911 300
11289979 5
11289979 9300
11290049 55
11290061 2311
11290093 3
11290117 3
11290133 228
11290183 48
11290187 9
11290247 28
11290277 2008
11290471 5
11290501 3
11290507 5808
11290619 4621
11290637 39
11290717 32
11290859 36
11290901 103
11290901 300
11290931 249
11290943 1
11290973 216
11290991 1
11290991 33
11291011 6000
11291053 8
11291123 8025
11291143 72
11291221 3
11291251 9
11291261 36
11291297 3
11291311 53
11291333 5407
11291381 16
11291381 91
11291431 140
11291507 2260
11291531 1209
11291563 201
11291591 24
11291611 44
11291849 7
11291869 51
11291897 15
11291899 132
11291939 16
11291999 12
11292059 1
11292157 23
11292161 111
11292451 5781
11292473 7
11292521 304
11292559 21
11292577 1388
11292637 12
11292691 68
11292691 120
11292739 5
11292833 4636
11292863 5037
11292923 1
11292923 5052
11293067 73
11293067 288
11293067 1833
11293091 4
11293097 4
11293141 408
11293147 192
11293153 3
11293159 5
11293181 64
11293193 7
11293213 260
11293223 673
11293397 39
11293411 41
11293487 72
11293519 1884
11293531 389
11293537 248
11293537 1043
11293589 52
11293643 1
11293651 5
11293679 292
11293739 1
11293739 517
11293741 3
11293801 531
11293829 72
11293829 715
11293883 1
11294027 9
11294027 72
11294057 27
11294117 319
11294159 52
11294159 1420
11294203 180
11294267 13
11294279 16
11294321 16
11294329 1536
11294359 5
11294399 297
11294407 32
11294483 5748
11294567 12
11294611 9
11294623 57
11294663 1
11294753 6027
11294791 21
11294861 520
11294903 1
11294963 12
11294981 3
11294981 1603
11295023 13
11295029 31
11295029 1624
11295043 57
11295043 5336
11295077 7
11295121 35
11295233 60
11295233 612
11295281 3
11295287 25
11295311 1336
11295511 56
11295577 3
11295589 5619
11295611 4
11295611 4264
11295677 4
11295677 7
11295677 12
11295827 12
11295827 148
11295827 6729
11295833 63
11295917 27
11295923 1
11295959 25
11295959 352
11296031 4
11296031 49
11296069 20
11296099 749
11296169 436
11296213 1095
11296223 1
11296249 1127
11296249 3320
11296291 9120
11296297 3
11296301 76
11296331 1
11296331 796
11296423 57
11296423 4277
11296451 13
11296463 376
11296463 2125
11296477 72
11296589 3456
11296807 53
11296837 152
11296837 1884
11296871 1
11296889 480
11296991 901
11297081 1903
11297119 56
11297149 3416
11297161 215
11297219 4
11297303 676
11297317 752
11297453 91
11297453 112
11297483 1
11297491 156
11297603 288
11297677 12
11297677 92
11297771 13
11297821 324
11297879 1477
11297939 36
11297941 36
11298071 544
11298097 12
11298097 159
11298101 3
11298233 3
11298289 72
11298299 1
11298347 9
11298383 1
11298437 27
11298437 160
11298583 156
11298583 1232
11298811 6033
11298853 80
11298899 25
11298929 19
11299073 3
11299157 52
11299181 123
11299217 19
11299247 4
11299397 43
11299399 21
11299459 3749
11299459 6201
11299499 21
11299507 53
11299507 3720
11299523 1
11299553 7
11299567 29
11299567 129
11299657 75
11299711 84
11299789 36
11299793 531
11299819 45
11299891 41
11299909 32
11299919 1
11299961 420
11300057 27
11300071 113
11300251 8
11300251 269
11300293 3
11300353 8
11300381 4908
11300423 1
11300437 1020
11300489 36
11300629 4035
11300669 1956
11300827 2168
11300899 5
11300917 1835
11300917 7812
11300929 39
11300929 8979
11300963 136
11301071 1
11301109 816
11301151 104
11301247 17
11301319 65
11301341 3
11301419 81
11301421 1428
11301431 1
11301463 188
11301559 9
11301607 105
11301683 21
11301683 3297
11301707 4
11301721 15
11301721 6423
11301767 9
11301847 12
11301971 1824
11301971 2473
11301989 100
11301989 199
11302007 1644
11302009 1611
11302061 3816
11302063 1448
11302121 108
11302129 1095
11302211 28
11302219 29
11302219 1824
11302253 3
11302253 3448
11302261 431
11302289 7
11302387 12
11302387 32
11302457 4
11302457 948
11302463 793
11302541 4
11302541 19
11302559 1452
11302567 33
11302589 172
11302717 3
11302747 132
11302787 832
11302793 15
11302957 260
11302969 20
11303087 768
11303153 2916
11303203 360
11303207 348
11303209 2064
11303221 3
11303293 3728
11303339 1
11303353 6431
11303377 1980
11303441 28
11303471 1
11303471 241
11303527 317
11303543 1
11303549 207
11303563 5
11303573 7
11303573 15
11303639 192
11303693 27
11303731 8
11303783 81
11303863 152
11303989 227
11304001 8
11304001 11
11304001 1703
11304049 4536
11304071 9
11304071 1449
11304101 843
11304103 593
11304149 220
11304169 1511
11304217 95
11304257 3
11304257 12
11304311 8640
11304329 7
11304329 1731
11304343 57
11304361 915
11304401 63
11304413 7
11304457 3
11304467 628
11304613 707
11304617 2260
11304637 132
11304697 3
11304757 3
11304757 455
11304763 5
11304817 3
11304823 5
11304851 1
11304857 19
11304883 57
11304883 2501
11304893 115
11304901 3
11304919 9501
11304959 1
11304989 40
11305139 69
11305139 960
11305183 7100
11305199 76
11305207 108
11305309 27
11305321 3
11305423 5
11305433 4951
11305579 477
11305597 323
11305601 19
11305601 1420
11305631 1
11305631 28
11305753 611
11305883 421
11305891 660
11305933 11
11305939 4236
11305981 8
11305999 840
11306039 136
11306101 531
11306153 3372
11306161 255
11306203 3341
11306209 20
11306299 144
11306299 680
11306357 52
11306381 220
11306389 7511
11306507 4393
11306531 36
11306551 4448
11306563 8
11306573 595
11306579 1
11306579 697
11306591 4
11306753 100
11306927 205
11306927 2997
11306951 13
11306969 16
11306993 7
11306993 6391
11307041 3348
11307061 3
11307133 9551
11307169 659
11307217 263
11307221 603
11307277 3
11307277 8
11307277 15
11307563 1
11307629 36
11307719 4
11307827 5472
11307851 4
11307893 3
11307899 1
11307899 4
11308013 12
11308091 1
11308093 168
11308103 1
11308109 1020
11308181 4480
11308237 132
11308261 111
11308277 424
11308279 12
11308291 5
11308309 131
11308351 2553
11308369 15
11308399 341
11308469 312
11308469 1732
11308547 4
11308567 8
11308673 7887
11308747 20
11308807 5
11308873 1527
11308877 1015
11308879 104
11308883 25
11308903 72
11308991 1
11309021 4
11309021 1039
11309057 7
11309057 15
11309107 69
11309113 3
11309113 155
11309117 504
11309119 936
11309149 735
11309173 11
11309201 28
11309227 260
11309231 40
11309239 257
11309293 8
11309393 100
11309483 228
11309483 3481
11309549 3327
11309759 84
11309759 2632
11309773 3
11309773 255
11309791 45
11309843 1
11309869 1416
11309873 4440
11309899 824
11309933 7
11310017 8508
11310037 1940
11310059 1
11310059 40
11310191 1
11310191 141
11310251 1
11310269 136
11310307 245
11310329 15
11310349 324
11310367 4220
11310391 5
11310511 6164
11310521 36
11310521 771
11310553 3
11310553 107
11310587 57
11310647 4
11310653 336
11310709 47
11310791 85
11310823 12
11310823 332
11310869 31
11310869 84
11310907 8
11310911 9
11310919 89
11311049 12
11311087 3393
11311109 4455
11311133 51
11311297 3
11311297 75
11311297 2028
11311337 64
11311471 5
11311519 300
11311541 3
11311541 3748
11311571 1
11311717 443
11311739 1
11311789 6284
11311799 1
11311813 3
11311907 24
11311939 17
11312009 4
11312009 27
11312009 72
11312051 1
11312099 21
11312177 315
11312177 1780
11312393 1635
11312447 72
11312447 153
11312513 3
11312519 2020
11312537 4
11312629 252
11312663 76
11312677 615
11312831 1
11312863 1725
11312881 3
11312881 276
11312911 60
11312911 3045
11312969 6352
11312971 201
11313059 657
11313061 3
11313061 8
11313091 96
11313301 1668
11313311 1
11313329 52
11313331 89
11313331 1076
11313371 1
11313383 2517
11313391 21
11313391 1209
11313409 11
11313473 4275
11313521 4
11313521 123
11313559 8004
11313629 7
11313629 139
11313691 5
11313691 6248
11313703 1821
11313761 16
11313761 63
11313817 8
11313839 169
11313839 2352
11313877 848
11313893 163
11313989 16
11314007 24
11314087 1553
11314157 2415
11314399 45
11314403 1
11314427 4
11314439 385
11314439 717
11314441 2211
11314487 48
11314549 35
11314559 4
11314579 9
11314697 1495
11314763 1
11314889 4
11314889 7827
11314993 8
11314997 4
11314997 147
11315039 436
11315071 5
11315137 348
11315153 5992
11315201 3
11315281 3
11315281 11
11315281 200
11315299 512
11315327 4
11315351 1
11315351 1921
11315441 3
11315441 108
11315501 4
11315519 1
11315537 1180
11315543 28
11315569 3039
11315581 3
11315687 693
11315779 2204
11315807 45
11315917 15
11315921 7636
11316007 9
11316359 481
11316379 21
11316379 4596
11316479 40
11316521 1540
11316527 4
11316541 623
11316551 1084
11316551 4108
11316553 9827
11316623 277
11316661 56
11316733 2780
11316749 364
11316803 1
11316839 501
11316839 6057
11316911 2229
11316923 1
11316937 39
11316961 1400
11316961 2715
11317021 20
11317051 621
11317067 13
11317123 7016
11317169 7
11317199 1
11317199 360
11317247 33
11317259 1
11317307 85
11317307 208
11317363 7173
11317429 39
11317499 1
11317531 209
11317577 340
11317651 24
11317723 5513
11317753 6932
11317781 264
11317781 2796
11317807 204
11317811 3421
11317951 5
11317997 700
11318017 3
11318017 15
11318063 1
11318221 495
11318221 860
11318341 35
11318371 1833
11318443 33
11318443 761
11318459 1
11318479 9
11318551 5
11318569 264
11318597 123
11318677 8
11318677 4475
11318677 4643
11318711 1
11318789 139
11318807 580
11318831 1
11318873 2407
11318971 9
11318981 60
11318987 28
11319073 48
11319089 480
11319103 12
11319103 33
11319163 941
11319169 4335
11319173 220
11319223 5
11319227 672
11319227 1537
11319337 515
11319361 4583
11319377 132
11319379 896
11319389 16
11319461 40
11319551 1
11319571 9
11319571 33
11319617 28
11319647 4
11319647 52
11319647 144
11319667 972
11319677 3423
11319697 219
11319713 28
11319811 9
11319853 3
11319901 8
11320003 2057
11320013 508
11320013 6703
11320019 4
11320087 6464
11320093 408
11320097 3
11320129 104
11320189 1332
11320229 12
11320229 7695
11320273 48
11320277 3
11320277 63
11320339 480
11320427 12
11320427 33
11320489 71
11320537 3
11320553 135
11320571 4
11320609 12
11320609 15
11320649 240
11320667 244
11320697 4
11320723 20
11320901 4
11320919 2952
11320949 5056
11321053 336
11321071 44
11321119 32
11321137 32
11321147 4869
11321159 12
11321159 612
11321183 121
11321243 96
11321251 5
11321263 2877
11321273 48
11321279 1
11321279 561
11321291 4
11321327 4
11321329 11
11321329 36
11321347 1653
11321353 660
11321363 1
11321399 580
11321551 21
11321591 1
11321659 5
11321659 96
11321719 3317
11321747 124
11321897 603
11321903 1
11321927 400
11321951 1
11322007 24
11322023 1
11322067 429
11322067 1925
11322071 13
11322127 740
11322163 3500
11322173 3
11322173 115
11322173 751
11322193 60
11322203 21
11322251 9133
11322257 7
11322257 7308
11322329 16
11322329 231
11322473 187
11322511 5
11322551 4
11322559 2624
11322617 460
11322733 3
11322737 27
11322757 819
11322791 1
11322869 127
11322931 29
11322931 296
11322931 6048
11322989 604
11323001 2643
11323097 3
11323111 48
11323157 7
11323171 20
11323217 579
11323223 1
11323261 95
11323267 2985
11323283 61
11323283 6201
11323327 1128
11323387 5
11323399 1512
11323409 1627
11323453 15
11323589 7
11323621 135
11323643 220
11323733 7
11323747 5
11323777 3
11323919 1
11323919 4
11323997 7
11324153 5587
11324189 351
11324189 8899
11324233 80
11324233 315
11324237 48
11324237 208
11324281 275
11324359 84
11324387 37
11324419 20
11324497 4860
11324527 8
11324531 28
11324597 72
11324633 3232
11324639 1
11324639 100
11324639 1125
11324647 1917
11324749 11
11324759 12
11324783 1
11324861 76
11324903 1
11324959 9009
11324981 571
11325031 1449
11325157 3
11325157 15
11325187 293
11325221 279
11325221 2379
11325233 52
11325277 239
11325317 27
11325317 555
11325337 3
11325401 60
11325421 2016
11325521 144
11325541 23
11325563 460
11325647 168
11325667 2753
11325697 12
11325703 3813
11325719 3132
11325851 4
11325883 4257
11325887 108
11325889 11
11325889 4080
11325929 87
11325967 8
11326043 1
11326079 1
11326123 12
11326177 8
11326187 85
11326207 2805
11326213 135
11326319 1
11326319 16
11326321 135
11326397 88
11326409 4
11326409 1104
11326423 401
11326423 1421
11326453 92
11326453 152
11326453 528
11326487 120
11326487 4713
11326499 25
11326519 489
11326561 131
11326589 4
11326681 15
11326697 3
11326723 8
11326739 1
11326747 237
11326771 9
11326771 569
11326813 876
11326897 2043
11326901 111
11326919 2772
11326937 268
11326937 9444
11326943 1
11326943 45
11326961 580
11327009 12
11327077 1935
11327123 13
11327149 1107
11327159 64
11327243 21
11327243 460
11327353 111
11327461 335
11327501 4
11327509 35
11327539 177
11327609 19
11327759 1
11327903 1
11327909 144
11327947 5
11327977 143
11328077 3
11328133 111
11328173 7296
11328181 4620
11328181 5231
11328353 103
11328353 9543
11328407 912
11328431 2409
11328431 3165
11328437 7
11328451 461
11328539 2145
11328557 4
11328643 8
11328743 1
11328743 36
11328881 4
11328931 2945
11328983 792
11329009 7832
11329051 9
11329051 21
11329063 21
11329063 1325
11329091 5556
11329091 6325
11329151 6421
11329181 6216
11329183 5
11329207 5
11329261 23
11329319 1
11329369 99
11329369 2232
11329421 3
11329421 1756
11329553 3
11329573 20
11329607 4
11329699 5
11329739 1
11329883 28
11329933 7688
11329991 1
11329993 3
11330003 4132
11330069 4
11330069 952
11330083 1952
11330089 35
11330093 2007
11330153 120
11330357 3
11330357 648
11330369 79
11330447 4
11330453 772
11330491 21
11330509 35
11330519 1
11330519 1165
11330617 15
11330771 1
11330791 144
11330797 8
11330797 44
11330827 9
11330953 3
11331043 1017
11331121 243
11331167 9
11331167 97
11331209 15
11331251 1
11331263 493
11331289 32
11331389 7
11331473 411
11331491 13
11331511 368
11331563 1
11331659 4
11331667 8
11331679 9
11331701 3
11331769 6671
11331781 3
11331811 9
11331937 6048
11331941 3
11332001 1956
11332021 1668
11332093 3360
11332117 180
11332147 20
11332207 8
11332207 305
11332247 4
11332367 6612
11332729 651
11332799 21
11332817 264
11332847 37
11332861 48
11332877 4
11332879 29
11332879 3240
11332921 983
11332927 45
11332963 221
11332963 981
11332967 25
11333041 3
11333191 36
11333207 144
11333347 12
11333347 113
11333393 2175
11333447 252
11333473 8
11333473 11
11333551 5
11333669 19
11333681 3
11333731 656
11333831 1
11333851 8
11333869 264
11333923 33
11334047 2340
11334047 3549
11334083 1
11334083 1417
11334187 32
11334229 864
11334277 39
11334283 17
11334329 115
11334419 2017
11334493 20
11334503 2581
11334539 1
11334749 2827
11334761 1156
11334821 168
11334821 2083
11334863 1
11334923 1
11334923 7825
11334991 509
11335013 12
11335013 1011
11335031 205
11335043 7285
11335091 1
11335091 81
11335091 1084
11335169 64
11335169 1416
11335193 67
11335193 4711
11335211 1
11335223 1
11335327 5
11335399 81
11335399 3252
11335453 3
11335453 56
11335453 207
11335453 231
11335463 52
11335477 35
11335523 37
11335523 661
11335543 41
11335591 5
11335627 8765
11335633 552
11335657 8
11335657 4599
11335697 3
11335817 8844
11335861 15
11335861 600
11335943 21
11335981 3
11336053 803
11336123 12
11336137 219
11336183 52
11336189 3075
11336231 5821
11336233 80
11336291 184
11336317 47
11336363 1720
11336431 1029
11336449 899
11336471 513
11336497 2864
11336503 705
11336599 92
11336599 816
11336639 1
11336687 52
11336693 15
11336693 108
11336707 3645
11336761 3
11336833 3
11336851 401
11336879 256
11336921 1623
11336989 20
11337083 1
11337169 32
11337191 1
11337329 7
11337353 52
11337377 2103
11337377 3279
11337377 4507
11337379 225
11337409 272
11337461 4
11337461 468
11337479 1
11337479 1069
11337523 2661
11337541 96
11337581 684
11337583 8
11337587 1044
11337653 220
11337701 1003
11337751 449
11337751 1436
11337787 24
11337899 21
11337943 348
11338051 5
11338163 1
11338211 493
11338319 1
11338363 81
11338363 1092
11338447 9
11338489 371
11338553 16
11338571 1
11338601 63
11338601 8440
11338669 80
11338669 2211
11338757 3499
11338823 2565
11338861 1368
11338927 389
11338981 240
11339047 2373
11339071 8
11339071 6953
11339099 1
11339101 3
11339101 24
11339171 2721
11339177 7
11339183 13
11339233 320
11339389 24
11339533 3
11339567 712
11339687 217
11339743 185
11339791 29
11339807 9
11339819 1
11339927 4
11339927 5113
11339959 1584
11339971 6825
11340023 28
11340053 276
11340061 8
11340097 243
11340107 165
11340257 3
11340257 4
11340293 120
11340293 220
11340299 4
11340361 24
11340361 60
11340401 388
11340521 159
11340533 3220
11340577 68
11340629 379
11340733 795
11340743 1377
11340757 260
11340841 155
11340869 4
11340869 15
11340919 41
11340971 1
11340991 5
11340991 5996
11341069 7052
11341201 5868
11341217 7
11341229 7
11341331 1
11341357 8
11341367 273
11341387 92
11341403 12
11341439 1509
11341633 4115
11341643 1681
11341657 15
11341739 600
11341751 1
11341751 5044
11341853 831
11341861 35
11341909 35
11341963 17
11341991 525
11342039 492
11342041 9999
11342057 2460
11342143 4808
11342173 1788
11342203 32
11342237 424
11342263 20
11342273 7
11342291 361
11342329 159
11342329 204
11342329 1404
11342347 2120
11342351 1
11342407 132
11342423 1
11342447 12
11342447 652
11342447 1197
11342453 3
11342479 572
11342483 1
11342623 5
11342623 96
11342719 2889
11342759 1
11342759 205
11342921 4
11342939 1
11342939 220
11342939 2632
11342953 3
11342971 5
11342971 89
11343001 3
11343041 496
11343041 1468
11343043 477
11343043 2768
11343061 8
11343107 64
11343109 44
11343161 3696
11343181 3635
11343193 4395
11343253 15
11343257 1047
11343331 5
11343359 985
11343359 2712
11343383 1
11343503 348
11343583 441
11343617 15
11343617 60
11343649 695
11343653 3
11343671 3000
11343679 2277
11343707 4
11343863 1
11343907 5
11343907 8
11343911 1
11343919 44
11343949 216
11343953 48
11344009 216
11344027 45
11344027 785
11344031 3841
11344043 1
11344087 77
11344087 185
11344103 600
11344189 11
11344189 300
11344261 3
11344339 1884
11344339 4992
11344381 3
11344381 63
11344493 1128
11344573 8
11344583 1
11344591 345
11344601 3
11344631 1
11344631 96
11344633 27
11344643 652
11344643 2332
11344657 8
11344673 2047
11344721 136
11344789 131
11344799 1
11344807 8
11344807 20
11344807 1049
11344897 3
11344913 516
11344937 3
11344939 29
11344961 8580
11344981 15
11344997 3
11345153 12
11345153 471
11345153 1647
11345179 89
11345183 721
11345203 77
11345203 636
11345219 1
11345227 80
11345231 1
11345231 21
11345231 129
11345237 1155
11345237 2440
11345267 4
11345267 328
11345281 231
11345281 3395
11345363 3985
11345393 3
11345429 8284
11345459 12
11345459 52
11345501 3724
11345689 111
11345707 6213
11345723 28
11345767 9
11345827 812
11345827 2184
11345837 12
11345837 535
11345837 1603
11345881 36
11345911 20
11346043 7853
11346143 1
11346169 60
11346397 80
11346409 75
11346409 176
11346449 1152
11346451 8141
11346487 285
11346571 416
11346619 9
11346619 32
11346637 8
11346637 663
11346641 336
11346683 1
11346719 9241
11346757 20
11346817 8
11346953 1528
11346977 1000
11346997 3603
11347079 465
11347093 92
11347103 1
11347111 8
11347129 24
11347139 76
11347183 7785
11347261 35
11347327 413
11347331 1
11347373 27
11347409 19
11347409 159
11347409 4560
11347417 75
11347681 1128
11347751 268
11347783 5
11347783 20
11347837 4748
11347849 15
11347849 107
11347867 444
11347877 7
11347943 21
11348003 4353
11348023 8
11348041 540
11348053 23
11348053 6407
11348167 5
11348191 21
11348203 21
11348203 3317
11348279 1
11348329 51
11348353 3
11348357 19
11348423 1
11348443 501
11348581 983
11348723 1
11348723 756
11348737 1463
11348783 25
11348803 68
11348803 137
11348807 4
11348807 412
11348873 91
11348957 847
11348999 1
11348999 4
11348999 880
11349001 1736
11349073 11
11349077 4
11349083 1
11349103 1640
11349133 2211
11349157 6347
11349161 8844
11349227 4
11349259 17
11349307 357
11349397 8040
11349431 13
11349433 3
11349433 387
11349451 33
11349509 4
11349539 112
11349577 144
11349601 1683
11349617 3
11349617 64
11349719 1221
11349731 4
11349731 21
11349731 1548
11349763 2028
11349869 16
11349869 8632
11349953 15
11350021 24
11350099 17
11350177 8
11350177 44
11350189 464
11350253 147
11350289 184
11350327 2972
11350351 3164
11350393 111
11350393 5135
11350421 6063
11350463 1
11350463 21
11350517 3
11350541 3
11350561 3876
11350589 5439
11350609 116
11350769 7
11350873 3
11350907 48
11350931 1
11350979 280
11350979 556
11350987 665
11351023 33
11351141 3
11351143 21
11351147 4
11351191 581
11351243 1
11351297 3
11351317 8
11351339 184
11351407 9
11351407 17
11351407 164
11351419 3465
11351449 11
11351477 4
11351479 164
11351519 1
11351521 2240
11351533 183
11351591 184
11351653 3
11351657 120
11351657 372
11351749 35
11351761 11
11351761 7008
11351771 1
11351833 156
11351843 348
11351849 400
11351887 9
11351929 795
11351929 2616
11351941 6776
11351981 156
11351981 624
11351999 4
11352031 108
11352281 28
11352287 4
11352287 553
11352323 45
11352347 12
11352347 952
11352373 12
11352469 3095
11352469 4907
11352469 6215
11352563 1
11352571 8
11352611 1
11352611 1488
11352629 4
11352629 7
11352631 165
11352637 3
11352683 1
11352791 1
11352857 48
11352967 24
11352973 1367
11353019 1
11353019 9
11353031 4
11353049 51
11353087 884
11353207 560
11353211 193
11353219 5
11353271 229
11353291 5
11353379 1
11353387 20
11353387 44
11353411 68
11353519 1665
11353541 3
11353627 5
11353691 1
11353787 885
11353813 620
11353831 24
11353847 9
11353847 33
11353871 189
11353873 395
11353889 7
11353889 7536
11353897 3
11353897 780
11353981 24
11353987 4752
11354059 12
11354099 6421
11354237 3703
11354251 413
11354257 3
11354257 12
11354257 9299
11354261 8215
11354269 1599
11354281 11
11354303 1
11354327 64
11354363 1
11354437 368
11354437 1083
11354471 6304
11354503 176
11354611 7016
11354641 3
11354669 96
11354899 20
11354923 5
11354983 537
11355011 16
11355023 576
11355107 33
11355107 169
11355107 4017
11355137 8539
11355193 200
11355233 12
11355233 4303
11355241 63
11355283 140
11355283 5153
11355359 177
11355389 7
11355437 28
11355469 71
11355469 332
11355611 1
11355649 120
11355667 5
11355667 432
11355761 2955
11355797 259
11355923 2776
11356021 24
11356097 283
11356097 1180
11356109 52
11356183 1968
11356277 7
11356277 7324
11356337 1099
11356399 12
11356409 27
11356409 715
11356427 13
11356451 1
11356451 36
11356463 1
11356517 3
11356691 48
11356729 296
11356739 4
11356753 8
11356753 5636
11356811 1
11356837 27
11356843 233
11356843 2861
11356913 43
11356913 4716
11356921 4619
11356937 100
11356987 105
11357063 1
11357063 576
11357107 5
11357341 44
11357347 8
11357429 7
11357453 3136
11357539 12
11357539 576
11357579 1
11357579 112
11357579 121
11357587 1032
11357609 87
11357663 13
11357701 3
11357771 1
11357777 1848
11357807 9
11357869 11
11357897 84
11357903 1
11357917 3
11357917 519
11357917 2975
11357917 5628
11357981 216
11357981 243
11357999 1
11358007 1664
11358049 2475
11358071 1
11358071 901
11358131 1
11358199 1496
11358211 9
11358311 1
11358311 64
11358331 69
11358433 8
11358547 485
11358623 2008
11358719 1
11358833 51
11358859 20
11358911 5616
11358917 703
11358931 308
11358967 9
11358967 17
11358967 120
11359133 76
11359177 35
11359223 105
11359253 3
11359253 3727
11359273 507
11359373 1036
11359393 3
11359427 4
11359459 332
11359483 392
11359483 1385
11359499 5944
11359591 84
11359613 751
11359643 1
11359681 896
11359811 1
11359811 1924
11359813 200
11359823 3012
11359939 6992
11359949 219
11359979 1
11359979 417
11360021 160
11360077 8
11360123 28
11360123 3112
11360159 1
11360231 1
11360231 2553
11360269 11
11360303 48
11360311 308
11360351 4
11360357 3679
11360357 7783
11360389 36
11360407 8
11360407 132
11360449 51
11360473 27
11360513 63
11360623 12
11360659 681
11360747 2757
11360759 16
11360851 68
11360851 141
11360851 224
11360851 608
11360861 456
11360903 1
11360959 6561
11361019 1301
11361023 2401
11361037 8
11361079 300
11361079 6525
11361079 9681
11361131 1
11361139 9
11361143 361
11361323 1
11361323 357
11361403 12
11361419 1
11361437 315
11361461 351
11361569 7960
11361599 1
11361607 12
11361641 19
11361653 3
11361781 1839
11361781 6095
11361809 19
11361809 1240
11361817 1083
11361869 55
11361941 1404
11362063 3020
11362067 4069
11362079 1036
11362111 249
11362123 45
11362157 27
11362199 2341
11362271 1
11362471 740
11362471 1745
11362493 3
11362501 3
11362573 12
11362609 35
11362639 44
11362679 1
11362679 181
11362691 1
11362691 1869
11362721 3
11362787 4
11362789 224
11362849 15
11362859 37
11362907 12
11362927 20
11362933 132
11362993 56
11363057 64
11363113 983
11363353 12
11363489 1171
11363593 23
11363717 8007
11363719 5
11363719 6305
11363743 5
11363743 660
11363753 60
11363777 3
11363777 1335
11363831 808
11363879 156
11363953 72
11363999 3265
11364097 84
11364097 492
11364179 1
11364179 120
11364193 231
11364281 3
11364281 15
11364281 64
11364307 24
11364343 36
11364359 49
11364377 3
11364497 348
11364541 188
11364541 3744
11364601 3
11364629 7
11364649 2639
11364707 25
11364709 111
11364961 3
11365087 9392
11365099 21
11365139 864
11365147 1125
11365157 1288
11365181 3
11365259 12
11365301 103
11365309 1556
11365331 1
11365369 200
11365369 624
11365423 285
11365457 3
11365457 160
11365481 256
11365559 4
11365559 156
11365579 36
11365597 15
11365637 3
11365721 39
11365729 347
11365729 1131
11365759 645
11365759 1272
11365793 255
11365847 112
11365859 1
11365961 3
11366021 3451
11366029 11
11366039 6916
11366059 20
11366137 3
11366189 27
11366239 1584
11366497 308
11366497 8544
11366513 9868
11366587 404
11366639 1
11366639 4
11366639 240
11366639 2560
11366687 9
11366687 37
11366711 1
11366737 3
11366821 1316
11366833 932
11366851 9
11366941 35
11366947 8417
11367053 40
11367211 225
11367229 107
11367299 16
11367379 977
11367541 11
11367541 1635
11367571 260
11367593 3
11367613 3
11367613 263
11367613 1488
11367667 12
11367683 1
11367683 3816
11367817 8
11367841 3
11367841 2076
11367959 37
11367959 160
11368153 3276
11368177 6392
11368207 7820
11368243 797
11368249 464
11368267 68
11368277 103
11368277 5448
11368333 8
11368367 13
11368367 1264
11368411 5
11368471 485
11368481 3
11368507 45
11368519 20
11368519 117
11368523 2280
11368531 1128
11368607 12
11368619 261
11368711 180
11368729 11
11368823 3120
11368901 43
11368919 220
11368943 1
11368943 8961
11368961 15
11369063 1
11369077 44
11369179 32
11369207 12
11369231 721
11369287 5
11369377 2472
11369399 300
11369411 1
11369489 4
11369551 425
11369573 52
11369573 840
11369597 132
11369599 5
11369599 104
11369623 3416
11369639 1285
11369741 4
11369747 2653
11369779 12
11369779 3024
11369857 20
11369863 461
11369887 8
11369909 180
11369909 279
11369951 48
11369951 7249
11369971 329
11370013 68
11370083 1
11370109 32
11370109 44
11370179 49
11370221 4
11370301 735
11370311 1
11370311 4
11370329 739
11370371 1
11370413 187
11370439 369
11370449 135
11370497 8047
11370559 5
11370563 12
11370563 16
11370587 949
11370727 1808
11370743 45
11370767 4
11370767 613
11370781 36
11370823 65
11370959 12
11370959 1320
11370959 6040
11371057 59
11371081 20
11371109 156
11371123 216
11371153 11
11371163 1
11371259 1
11371337 4248
11371397 7
11371397 808
11371403 88
11371447 249
11371511 28
11371517 4
11371609 179
11371609 264
11371621 15
11371693 11
11371727 285
11371769 7
11371817 2887
11371831 4404
11371873 11
11371873 83
11371873 207
11371873 275
11371901 3
11371931 213
11371933 8
11371967 13
11372033 12
11372069 24
11372171 1
11372197 80
11372243 13
11372299 12
11372353 215
11372353 3863
11372399 1141
11372399 3544
11372401 68
11372483 6408
11372521 36
11372593 3432
11372681 375
11372693 7
11372729 3652
11372737 312
11372759 1
11372783 21
11372819 3177
11372831 2776
11372831 8689
11372839 104
11372857 155
11372891 1
11372947 1337
11372987 33
11372987 45
11372987 145
11373041 16
11373053 852
11373083 93
11373083 6676
11373211 33
11373211 56
11373211 248
11373227 657
11373233 16
11373233 876
11373283 617
11373287 469
11373353 3
11373353 28
11373353 6076
11373361 5048
11373377 420
11373379 6765
11373403 1301
11373421 248
11373433 2336
11373463 408
11373499 429
11373503 1
11373503 12
11373553 6392
11373601 488
11373623 2428
11373631 2973
11373781 395
11373787 420
11373793 23
11373793 4415
11373841 2796
11373899 1
11373907 9
11373907 2985
11373919 12
11373991 153
11374067 484
11374067 5365
11374091 16
11374093 3
11374193 63
11374381 3
11374387 5
11374459 257
11374621 3
11374663 1473
11374681 3
11374723 8265
11374763 1
11374777 1064
11374801 24
11374817 48
11374877 3
11374889 811
11374967 9
11375017 312
11375051 1
11375051 9964
11375099 9
11375153 1447
11375183 48
11375201 1884
11375209 92
11375257 3
11375257 87
11375291 348
11375291 1813
11375411 1
11375411 9640
11375459 1
11375479 9
11375563 12
11375783 208
11375821 8
11375843 60
11375879 1360
11375939 4
11375963 36
11375963 172
11375993 12
11375993 40
11376083 1
11376083 393
11376121 71
11376137 532
11376143 1
11376173 1012
11376341 595
11376403 68
11376419 232
11376437 1239
11376437 1812
11376437 6607
11376457 380
11376479 1
11376517 24
11376523 12
11376571 20
11376571 53
11376577 8372
11376623 96
11376641 3
11376641 4
11376641 1056
11376809 7
11376889 36
11376923 1
11376923 6073
11377007 2229
11377043 108
11377057 3
11377283 868
11377349 15
11377349 24
11377361 3
11377361 15
11377411 24
11377451 9
11377453 56
11377547 108
11377609 7355
11377673 3
11377673 36
11377693 375
11377721 208
11377741 3
11377763 1
11377823 1
11377823 93
11377823 121
11377871 1
11377957 4599
11377997 7
11378009 15
11378011 93
11378021 4
11378099 136
11378113 3
11378189 3207
11378189 8571
11378231 1
11378231 33
11378233 15
11378369 1831
11378377 12
11378413 3
11378413 660
11378453 255
11378579 1
11378641 4724
11378657 3
11378659 5
11378669 60
11378711 36
11378737 3
11378833 152
11378903 436
11378903 1072
11378959 369
11379037 9132
11379041 4
11379097 8
11379101 16
11379229 2015
11379287 9757
11379293 55
11379373 20
11379377 295
11379469 935
11379493 371
11379497 207
11379523 53
11379523 168
11379541 2756
11379551 1
11379551 8584
11379553 2712
11379637 215
11379671 493
11379763 21
11379763 3276
11379787 569
11379833 7
11379889 72
11379899 276
11379911 105
11380037 184
11380091 1
11380091 36
11380121 7071
11380133 1047
11380139 4
11380141 3
11380223 28
11380301 15
11380357 44
11380387 429
11380393 215
11380619 1
11380669 27
11380679 1
11380679 3249
11380723 285
11380757 87
11380801 3
11380861 3
11380907 49
11380931 1
11381039 1
11381063 1
11381081 3
11381203 1161
11381221 1463
11381261 3
11381261 1428
11381431 3741
11381467 17
11381479 4964
11381507 49
11381537 3
11381561 3
11381719 5
11381731 81
11381813 36
11381827 372
11381831 48
11381831 5868
11381861 4
11381879 1
11381899 189
11381989 756
11382011 1
11382011 133
11382031 21
11382169 6036
11382179 64
11382179 1492
11382251 84
11382251 705
11382269 492
11382317 6475
11382341 4
11382361 11
11382361 183
11382391 1424
11382407 3709
11382419 1
11382419 8160
11382473 12
11382473 15
11382491 4653
11382509 367
11382509 595
11382727 344
11382751 189
11382773 195
11382937 3
11382937 1527
11382989 2376
11382991 1529
11383111 161
11383157 1204
11383157 1740
11383247 1000
11383303 8381
11383511 309
11383553 1287
11383571 48
11383607 5632
11383607 8433
11383751 21
11383877 19
11383891 21
11383997 7
11384053 675
11384081 36
11384089 5504
11384159 300
11384209 11
11384213 400
11384213 4543
11384231 1
11384231 816
11384291 1
11384291 3993
11384297 2119
11384297 7008
11384341 135
11384341 2763
11384437 8
11384459 21
11384459 492
11384497 6699
11384507 3012
11384651 1
11384683 9048
11384689 36
11384689 960
11384741 148
11384753 3
11384759 261
11384783 1
11384783 817
11384909 576
11384929 3087
11384959 5
11385001 188
11385071 88
11385083 52
11385119 1
11385251 73
11385323 36
11385343 5
11385379 344
11385383 1
11385419 69
11385431 436
11385449 4
11385481 8
11385553 3
11385557 4
11385623 1
11385739 5
11385961 4364
11386019 1
11386087 5
11386139 589
11386211 25
11386213 3
11386213 395
11386327 93
11386337 60
11386399 5
11386471 953
11386493 28
11386499 45
11386499 157
11386499 216
11386591 8
11386597 2915
11386631 16
11386649 16
11386657 3108
11386813 8
11386813 131
11386813 3816
11386967 4860
11387003 1
11387003 61
11387143 1133
11387171 1
11387219 4
11387239 24
11387347 12
11387347 69
11387359 381
11387423 157
11387533 80
11387539 1725
11387573 7
11387741 568
11387861 4
11387917 15
11387933 3
11387939 964
11388017 3
11388017 12
11388019 24
11388229 779
11388257 12
11388259 56
11388263 1
11388319 5
11388337 2403
11388361 8
11388431 1
11388449 4
11388541 363
11388547 69
11388569 315
11388599 4
11388743 52
11388743 88
11388821 2760
11388823 33
11388823 540
11388863 4161
11388941 3
11388953 7
11388983 1
11389051 44
11389057 555
11389057 5243
11389069 92
11389073 28
11389093 9303
11389247 100
11389283 45
11389283 325
11389421 4
11389421 15
11389501 1499
11389517 243
11389613 51
11389619 16
11389621 24
11389849 764
11389907 120
11389913 5607
11389919 1
11389919 3489
11389921 3
11389957 404
11390107 365
11390143 8
11390161 23
11390261 1551
11390303 1
11390303 132
11390321 3
11390341 3
11390377 15
11390479 6252
11390531 7761
11390593 11
11390669 5700
11390677 12
11390683 77
11390693 6415
11390719 12
11390723 13
11390741 3
11390741 3963
11390749 156
11390759 1
11390789 247
11390831 1
11390831 4
11390927 4
11391007 24
11391031 3816
11391101 396
11391101 2268
11391151 6269
11391239 124
11391251 1
11391253 107
11391271 129
11391337 227
11391421 279
11391559 156
11391559 264
11391607 5
11391623 4677
11391707 64
11391707 2173
11391749 4
11391769 351
11391847 17
11391857 984
11391857 4944
11391859 765
11391899 2920
11391937 444
11392013 3
11392067 792
11392079 1
11392079 1785
11392141 5103
11392169 4779
11392201 4524
11392207 5
11392217 28
11392243 20
11392319 1
11392349 7
11392349 336
11392351 8
11392379 1
11392379 4
11392379 12
11392379 489
11392427 3549
11392441 296
11392541 3
11392561 8
11392637 3
11392697 295
11392741 924
11392763 1045
11392861 8
11392943 1
11392993 75
11393021 4
11393047 5
11393047 12
11393093 7
11393093 295
11393099 84
11393159 1
11393219 21
11393243 33
11393273 1788
11393363 1
11393377 3
11393419 780
11393429 7740
11393489 7
11393489 27
11393497 24
11393497 47
11393509 47
11393561 4
11393639 1
11393699 1072
11393719 9
11393719 65
11393731 21
11393761 735
11393779 2561
11393801 48
11393861 108
11393999 4
11394017 4
11394037 108
11394037 3140
11394043 276
11394049 39
11394101 183
11394133 5547
11394137 3
11394181 224
11394191 1
11394191 4224
11394193 20
11394203 1
11394217 23
11394217 2060
11394259 125
11394259 504
11394259 2381
11394287 129
11394287 9072
11394377 4
11394431 1
11394443 73
11394521 3
11394529 447
11394599 1
11394653 172
11394673 80
11394673 1875
11394839 25
11394907 3513
11395169 231
11395177 12
11395213 8
11395213 15
11395271 1
11395283 1
11395303 5
11395343 1
11395343 13
11395577 3
11395609 2667
11395613 6976
11395723 12
11395777 48
11395799 1
11395843 33
11395907 4684
11395939 72
11395961 75
11396039 432
11396039 585
11396041 8
11396179 2156
11396191 29
11396207 445
11396221 3
11396233 3
11396323 21
11396323 957
11396417 3963
11396459 1
11396551 2309
11396587 9665
11396639 1
11396659 225
11396689 11
11396699 1
11396741 156
11396741 4735
11396773 68
11396831 588
11396837 787
11396951 1045
11396963 73
11397031 9
11397037 624
11397103 8145
11397223 12
11397223 432
11397233 7
11397241 15
11397317 4
11397371 1
11397383 1
11397391 24
11397427 1920
11397431 1504
11397439 3612
11397461 84
11397569 55
11397817 15
11397823 5
11397823 308
11397913 11
11397931 348
11398003 36
11398103 160
11398117 20
11398171 5
11398187 445
11398193 3
11398213 7988
11398237 1404
11398243 1445
11398259 804
11398301 4
11398301 160
11398379 877
11398433 3
11398469 76
11398469 120
11398481 3
11398481 40
11398511 4
11398571 325
11398571 1648
11398679 489
11398733 3
11398799 660
11398813 503
11398843 5
11398847 712
11398889 12
11398889 120
11398921 3
11398921 20
11398949 7
11398967 6453
11398987 17
11398987 1977
11399077 3963
11399123 5097
11399161 8
11399173 15
11399207 117
11399243 1
11399341 3
11399347 32
11399363 81
11399471 1
11399551 9
11399627 144
11399657 7
11399657 8292
11399659 141
11399683 8
11399833 3
11399837 15
11399837 99
11399837 2575
11399879 1
11399939 40
11399957 9823
11400017 12
11400071 1
11400097 20
11400131 1
11400199 5
11400239 16
11400443 1
11400491 1
11400667 824
11400677 28
11400677 7704
11400731 124
11400731 936
11400733 60
11400769 279
11400827 4
11400827 2629
11400833 7
11400859 6369
11400881 63
11400899 1
11400899 9
11400937 392
11400959 385
11400971 1
11400971 420
11400971 1365
11401001 6300
11401057 3
11401081 255
11401133 3520
11401139 4
11401163 33
11401231 213
11401249 27
11401253 3
11401367 25
11401391 1
11401417 1232
11401427 69
11401471 45
11401549 47
11401561 551
11401699 585
11401757 3
11401757 207
11401757 415
11401801 656
11401891 5
11401921 56
11401921 68
11401981 3
11401981 1004
11401987 132
11402077 7055
11402113 1656
11402197 2984
11402221 1020
11402221 4184
11402239 1056
11402329 8819
11402431 24
11402459 1
11402459 1596
11402471 4
11402497 3800
11402519 1
11402543 1
11402581 11
11402581 435
11402731 984
11402731 1065
11402851 33
11402863 285
11402933 2863
11402953 2675
11402977 3563
11403053 387
11403137 172
11403149 5359
11403151 21
11403247 48
11403323 1
11403349 15
11403391 8
11403433 12
11403451 489
11403473 856
11403487 57
11403499 861
11403527 4
11403527 1213
11403559 5712
11403593 4303
11403703 17
11403713 3
11403713 748
11403797 2008
11403811 68
11403811 828
11403839 1
11403839 537
11403859 7376
11403913 12
11403913 167
11404007 828
11404121 16
11404121 4263
11404181 3
11404231 288
11404247 4
11404247 6348
11404247 9997
11404259 1
11404259 2116
11404301 3
11404303 57
11404357 6903
11404391 21
11404397 3
11404483 65
11404703 73
11404741 3
11404753 11
11404763 28
11404817 3
11404837 27
11404903 5400
11404919 4
11404937 4
11405041 24
11405057 4408
11405059 81
11405099 1
11405099 12
11405099 5841
11405137 1215
11405137 8484
11405143 20
11405153 91
11405167 17
11405167 500
11405243 37
11405297 40
11405321 3
11405321 151
11405411 28
11405461 1379
11405473 3
11405549 4800
11405573 1971
11405587 1733
11405773 60
11405899 56
11405987 12
11406041 2859
11406127 5
11406127 420
11406217 59
11406217 5775
11406277 404
11406299 1
11406299 6864
11406319 1037
11406347 25
11406347 93
11406443 1
11406467 48
11406491 1320
11406491 4485
11406533 12
11406623 1
11406649 771
11406671 84
11406679 6776
11406749 339
11406797 24
11406797 1183
11406799 425
11406869 96
11406887 4857
11406961 1991
11406991 1989
11407007 1300
11407027 753
11407037 519
11407069 3336
11407111 20
11407523 1
11407631 1
11407631 145
11407681 15
11407681 56
11407687 2489
11407741 95
11407811 1
11407811 16
11407819 8421
11407829 8035
11407927 204
11407939 21
11407987 1745
11407987 2568
11407993 1988
11408053 15
11408053 7107
11408119 9
11408129 640
11408213 168
11408231 1
11408231 6205
11408389 44
11408431 24
11408431 41
11408539 36
11408539 2792
11408561 1299
11408609 4
11408609 2344
11408689 80
11408723 16
11408729 979
11408737 555
11408743 5
11408753 216
11408863 32
11408953 23
11408993 91
11409011 13
11409011 2568
11409059 1
11409119 189
11409161 19
11409221 4
11409221 60
11409317 3640
11409493 23
11409493 36
11409509 2044
11409529 20
11409547 9
11409547 2253
11409551 1
11409569 144
11409599 4
11409611 1329
11409637 155
11409757 492
11409841 116
11409883 752
11409911 1540
11409991 180
11409991 285
11410081 35
11410129 11
11410129 72
11410313 507
11410367 24
11410381 1484
11410429 15
11410459 900
11410517 3
11410559 4672
11410571 36
11410571 376
11410579 512
11410661 543
11410793 856
11410813 11
11410877 3
11410951 5
11410991 16
11411027 12
11411033 507
11411047 9
11411093 1815
11411171 1
11411261 16
11411273 3
11411293 3
11411293 83
11411353 395
11411359 281
11411363 21
11411461 36
11411461 2576
11411479 332
11411501 3
11411639 1
11411663 1
11411707 12
11411711 16
11411713 3
11411731 5393
11411791 36
11411921 16
11411927 4
11412029 3432
11412101 15
11412161 115
11412161 2316
11412197 3
11412229 35
11412277 8012
11412361 3
11412367 8
11412403 1305
11412463 5
11412463 1332
11412523 996
11412641 55
11412707 132
11412769 2159
11412811 68
11412833 3
11412857 3483
11412881 324
11412911 1
11412911 196
11412913 7911
11413007 2053
11413021 60
11413079 1
11413111 24
11413123 5
11413163 2016
11413291 3729
11413349 31
11413349 60
11413351 449
11413379 1
11413403 28
11413483 8
11413537 192
11413643 93
11413657 23
11413667 3409
11413669 180
11413691 76
11413693 3
11413763 1
11413777 8
11413781 135
11413807 5
11413823 1
11413901 391
11413933 15
11413943 72
11413967 13
11413973 9052
11414063 268
11414069 5740
11414083 3905
11414237 3
11414257 260
11414297 55
11414303 220
11414311 41
11414407 9
11414407 24
11414407 44
11414453 1435
11414471 4
11414519 1
11414551 8
11414551 105
11414639 4
11414659 677
11414729 1936
11414731 65
11414731 545
11414813 87
11414957 223
11415023 28
11415071 4
11415191 1
11415221 3
11415361 7380
11415413 288
11415457 4299
11415539 129
11415643 5
11415697 2288
11415707 465
11415779 136
11415793 11
11415809 12
11415839 2176
11415863 1
11415881 5968
11415913 3308
11415919 9
11415949 96
11415977 63
11416043 2652
11416109 19
11416109 5556
11416133 60
11416133 687
11416177 2408
11416177 6387
11416219 77
11416259 1
11416271 1
11416319 1
11416403 4273
11416421 163
11416423 8
11416423 185
11416453 3
11416477 3
11416523 1
11416541 24
11416583 21
11416631 1
11416637 307
11416651 5
11416679 1
11416679 60
11416697 4
11416721 4
11416721 76
11416751 649
11416907 28
11416949 535
11416963 17
11416991 1
11417033 3
11417033 228
11417089 267
11417249 4
11417257 7467
11417281 11
11417281 1203
11417291 1
11417293 575
11417401 8
11417459 4
11417467 2609
11417477 7
11417513 36
11417519 1
11417521 11
11417533 896
11417551 336
11417551 1260
11417603 48
11417759 9
11417759 4192
11417771 121
11417779 29
11417779 60
11417779 5876
11417837 4
11417911 5
11417911 756
11417911 3381
11417933 715
11417947 288
11417963 1
11417963 61
11417963 292
11418047 3337
11418103 1001
11418109 312
11418181 168
11418247 8
11418299 6244
11418307 5
11418343 12
11418343 273
11418361 51
11418371 1
11418383 621
11418409 11
11418457 3743
11418481 2940
11418569 2440
11418569 7660
11418647 9
11418647 37
11418661 351
11418749 7
11418761 1164
11418793 8
11418839 81
11418863 21
11418893 12
11418899 1
11418923 1641
11418929 7
11418929 6660
11418973 3
11418983 97
11419229 27
11419237 68
11419237 72
11419271 24
11419271 60
11419283 1
11419337 7
11419367 4
11419379 12
11419403 1
11419411 21
11419451 1
11419453 3
11419483 60
11419493 375
11419517 4
11419613 15
11419619 1
11419619 97
11419621 11
11419651 248
11419657 2739
11419841 43
11419841 4156
11420027 24
11420077 12
11420111 313
11420179 285
11420203 501
11420303 1
11420303 3940
11420329 71
11420371 141
11420393 28
11420429 100
11420471 1
11420471 3873
11420491 129
11420503 12
11420543 1
11420611 713
11420639 1
11420639 1276
11420791 29
11420791 500
11420819 1
11420897 19
11420971 9
11421019 1344
11421077 7
11421079 20
11421079 789
11421119 24
11421121 59
11421149 276
11421167 1185
11421173 2640
11421191 1
11421191 4
11421209 351
11421257 64
11421323 1
11421503 73
11421511 104
11421511 6480
11421511 8340
11421523 65
11421601 1176
11421673 6371
11421749 4672
11421803 1
11421913 3
11421947 85
11422013 88
11422031 28
11422039 161
11422109 16
11422127 144
11422217 3
11422217 1620
11422241 31
11422247 12
11422247 5845
11422261 8
11422343 1
11422343 1656
11422451 1
11422637 4
11422637 240
11422639 1292
11422643 1
11422757 1572
11422769 5919
11422811 9
11422811 13
11422903 80
11422913 3
11422919 1
11422919 4
11422979 1
11422979 4
11422979 1485
11423023 77
11423101 131
11423183 1
11423227 3188
11423231 1
11423233 3
11423323 32
11423323 308
11423339 84
11423353 3
11423411 505
11423557 255
11423591 1
11423647 65
11423669 36
11423669 5199
11423759 9936
11423837 423
11423857 120
11423899 5
11424011 2808
11424013 27
11424053 3
11424121 11
11424239 1
11424251 1
11424313 27
11424341 3
11424341 4
11424367 320
11424467 165
11424473 15
11424551 1
11424571 8
11424631 4853
11424661 11
11424739 17
11424779 1
11424877 7107
11424923 1
11424929 4
11425027 297
11425067 4
11425103 1
11425147 5
11425261 596
11425321 3
11425321 83
11425417 3
11425471 5
11425493 36
11425493 387
11425607 24
11425753 128
11425753 623
11425753 2183
11425759 9
11425759 56
11425787 4008
11425801 3
11425807 8108
11425837 80
11425847 153
11425877 39
11425919 1
11425957 527
11426021 199
11426021 636
11426059 741
11426071 3564
11426083 5
11426141 3
11426141 523
11426171 4
11426267 1392
11426333 72
11426411 4
11426411 61
11426483 36
11426633 292
11426719 4965
11426803 6093
11426819 1
11426869 9395
11426881 204
11426887 7452
11426893 71
11426893 1655
11427029 64
11427133 3
11427133 2136
11427149 64
11427217 8268
11427323 61
11427371 1
11427391 8969
11427491 1
11427617 7
11427617 28
11427737 7
11427743 1
11427749 7
11427781 75
11427833 4095
11427839 1536
11427851 4
11427881 19
11427883 17
11427901 303
11427917 172
11427959 25
11427959 112
11427991 1160
11428051 45
11428051 2405
11428247 4
11428259 4
11428259 165
11428273 35
11428331 4
11428331 21
11428363 168
11428363 272
11428409 924
11428489 20
11428499 5400
11428507 29
11428517 4
11428531 29
11428559 1
11428609 119
11428649 1131
11428667 4
11428667 108
11428667 193
11428699 585
11428733 12
11428733 432
11428751 36
11428787 133
11428853 3
11428897 75
11428931 9
11428961 39
11429123 1
11429147 1824
11429251 5
11429281 6243
11429293 23
11429311 1256
11429339 1
11429339 180
11429399 1
11429417 1375
11429471 1
11429489 75
11429531 4
11429543 1
11429549 7287
11429699 1
11429699 85
11429699 1960
11429699 6120
11429713 15
11429779 897
11429863 5
11429897 3240
11429953 72
11429953 3036
11429983 80
11430017 4
11430043 17
11430163 81
11430173 3
11430173 792
11430187 33
11430187 668
11430203 273
11430257 15
11430313 3
11430313 188
11430313 567
11430329 4
11430347 304
11430347 7704
11430371 48
11430487 24
11430491 1
11430491 36
11430557 7
11430623 1
11430623 172
11430737 1827
11430779 4
11430781 48
11430827 4
11430827 25
11430863 13
11430911 60
11430911 724
11431067 1153
11431099 9
11431223 1
11431283 492
11431291 1013
11431297 3887
11431373 1968
11431549 656
11431601 784
11431603 4148
11431627 948
11431657 20
11431709 111
11431789 279
11431799 9
11431801 219
11431879 2217
11431883 1
11431883 13
11431919 1
11431919 45
11431921 23
11431993 8876
11432039 40
11432063 21
11432203 12
11432203 56
11432341 168
11432353 8
11432363 1
11432383 17
11432461 3
11432461 2523
11432581 44
11432591 13
11432591 1029
11432639 4
11432639 132
11432647 108
11432651 220
11432693 3
11432693 91
11432791 5
11432977 6363
11433101 39
11433143 1
11433179 1
11433179 4
11433181 39
11433229 324
11433241 51
11433311 13
11433371 1
11433391 413
11433391 848
11433403 2268
11433419 1
11433431 21
11433431 6841
11433439 800
11433463 5
11433493 296
11433533 216
11433607 9
11433623 2212
11433659 40
11433677 3
11433797 4
11433817 627
11433923 81
11433923 177
11433959 1
11433959 172
11433973 3
11433973 2087
11434021 260
11434037 300
11434079 1
11434079 729
11434099 12
11434169 591
11434177 1695
11434201 15
11434237 179
11434237 228
11434331 1
11434343 1
11434343 52
11434363 105
11434429 12
11434589 1887
11434601 3
11434601 4
11434607 25
11434627 2685
11434663 8
11434663 1341
11434667 45
11434681 3
11434853 3
11434867 5
11434873 3
11434883 6096
11434901 64
11435003 8013
11435009 15
11435009 204
11435041 2204
11435051 1
11435059 317
11435089 11
11435107 8937
11435143 248
11435153 4095
11435293 3
11435401 3
11435471 1
11435537 1852
11435603 1
11435603 1488
11435647 1617
11435687 9
11435741 79
11435759 897
11435771 1
11435771 24
11435821 95
11435861 228
11435903 37
11435903 45
11435981 4
11435981 24
11436023 25
11436101 24
11436167 9
11436247 92
11436247 2013
11436281 3
11436283 252
11436307 29
11436307 68
11436361 83
11436401 271
11436407 5584
11436421 3
11436421 123
11436421 500
11436443 301
11436599 189
11436749 4584
11436791 1
11436823 120
11436851 1
11436851 61
11436871 36
11436877 1143
11436961 51
11437037 12
11437147 240
11437147 252
11437213 3
11437249 11
11437427 48
11437507 5049
11437511 1
11437661 4351
11437691 33
11437721 48
11437757 28
11437793 3
11437931 16
11437961 160
11437999 132
11438111 1
11438213 3
11438333 5467
11438341 15
11438341 24
11438347 5
11438423 297
11438447 2712
11438461 3
11438461 9159
11438491 29
11438491 96
11438579 4
11438629 251
11438663 61
11438663 816
11438677 8
11438677 399
11438717 123
11438747 805
11438759 517
11438767 344
11438837 3
11438897 28
11438927 4
11438927 37
11438939 1
11438971 5
11438971 2496
11439067 1188
11439107 237
11439139 5
11439139 20
11439187 6840
11439191 3901
11439203 1
11439221 3
11439227 297
11439301 891
11439343 128
11439343 4152
11439413 3
11439433 27
11439443 1
11439443 13
11439523 180
11439529 56
11439541 5115
11439553 1580
11439553 2796
11439587 24
11439643 5
11439643 876
11439721 611
11439817 3
11439817 8
11439817 284
11439859 12
11439863 5616
11440027 1109
11440057 128
11440073 15
11440097 72
11440151 1
11440241 195
11440249 11
11440339 120
11440391 1
11440409 124
11440549 144
11440549 1035
11440549 5360
11440553 411
11440553 3427
11440589 1260
11440607 4
11440651 89
11440657 15
11440697 3
11440753 3
11440769 4
11440769 31
11440811 1
11440811 33
11440823 1
11440903 2540
11440981 551
11440991 9
11440991 1428
11441047 9
11441093 160
11441117 5679
11441149 2715
11441161 3
11441329 12
11441371 5
11441371 8
11441393 12
11441411 465
11441519 1
11441623 12
11441641 56
11441641 1556
11441659 12
11441699 16
11441711 40
11441797 3224
11441803 297
11441851 5
11441869 111
11441887 345
11441939 1
11442043 93
11442049 455
11442061 5159
11442073 4931
11442121 35
11442187 12
11442203 765
11442311 1
11442323 45
11442367 9
11442383 1
11442383 156
11442419 36
11442467 93
11442533 115
11442653 7
11442703 8
11442703 7437
11442727 2769
11442737 4
11442737 24
11442737 435
11442793 3
11442877 4547
11442947 412
11443063 393
11443099 1041
11443151 2029
11443169 9144
11443181 88
11443183 1013
11443189 239
11443207 1140
11443277 2823
11443277 3247
11443279 12
11443279 29
11443319 1
11443357 3
11443493 3
11443511 4
11443561 404
11443571 24
11443571 373
11443577 948
11443613 3
11443613 15
11443721 459
11443723 305
11443819 3917
11443897 3
11443937 55
11443979 25
11443987 24
11443987 297
11444003 1
11444051 8829
11444107 9
11444119 4304
11444143 12
11444159 349
11444341 6308
11444387 52
11444443 5
11444443 252
11444551 9
11444551 65
11444551 9240
11444627 13
11444683 5
11444773 8
11444819 1
11444831 1
11444833 8220
11444903 261
11444957 103
11444977 3
11444999 217
11445167 1309
11445179 1689
11445211 8
11445211 9
11445241 255
11445263 57
11445289 27
11445359 4
11445361 3
11445361 239
11445443 165
11445449 6112
11445481 1904
11445529 11
11445583 116
11445647 12
11445647 409
11445661 20
11445661 6884
11445671 1
11445689 651
11445821 3
11445821 2239
11445871 5
11445901 68
11445901 2115
11445911 648
11445971 4873
11445983 13
11446033 6135
11446139 1
11446297 3
11446343 48
11446403 61
11446411 21
11446499 5185
11446639 69
11446651 1016
11446693 308
11446697 175
11446733 112
11446751 1
11446751 160
11446811 1
11446849 15
11446867 17
11446921 875
11446927 48
11446927 828
11446957 3000
11447039 4
11447143 1616
11447213 16
11447279 1
11447299 161
11447363 1261
11447377 2975
11447407 1829
11447459 1
11447567 1333
11447591 1
11447591 7125
11447617 27
11447627 9
11447759 1
11447759 16
11447759 6616
11447879 1
11447879 2740
11447957 399
11447957 420
11447977 104
11448071 4
11448109 15
11448109 20
11448139 5
11448139 7665
11448167 13
11448169 32
11448211 1784
11448343 8
11448377 159
11448383 832
11448421 216
11448421 1163
11448433 131
11448467 4
11448499 5
11448499 36
11448511 500
11448527 1617
11448559 257
11448559 276
11448617 19
11448691 6168
11448709 1284
11448763 1361
11448791 1
11448791 4
11448839 16
11448851 1
11448859 36
11448919 5
11449037 1999
11449079 1
11449357 75
11449453 27
11449547 205
11449637 24
11449733 2235
11449741 9116
11449807 60
11449859 1
11449859 76
11449967 2892
11449973 27
11450149 36
11450161 44
11450291 1
11450429 31
11450429 939
11450441 4
11450489 19
11450507 417
11450507 805
11450519 21
11450519 2956
11450531 1
11450539 24
11450581 456
11450591 1
11450693 3
11450713 327
11450717 4
11450869 47
11451101 3
11451101 4
11451131 1
11451161 36
11451173 636
11451191 9
11451197 4
11451197 15
11451257 87
11451337 20
11451337 8799
11451371 481
11451467 13
11451581 3588
11451613 3
11451613 27
11451619 5
11451641 475
11451653 5200
11451733 3
11451773 7
11451821 828
11451823 21
11451827 72
11451827 88
11451871 4860
11451901 1944
11451941 16
11451977 4
11452027 9
11452031 21
11452031 8148
11452037 52
11452037 84
11452127 60
11452127 637
11452139 576
11452267 125
11452279 5
11452291 8
11452333 4223
11452369 20
11452381 60
11452381 924
11452403 1
11452439 4
11452517 3
11452517 7
11452523 13
11452579 2465
11452607 4
11452669 15
11452669 260
11452711 80
11452711 521
11452723 8
11452723 20
11452723 65
11452799 1
11453003 1
11453083 45
11453129 612
11453153 12
11453237 7
11453297 4
11453297 15
11453297 27
11453389 495
11453399 184
11453399 385
11453467 12
11453467 380
11453509 2156
11453513 2935
11453531 1
11453797 39
11453797 407
11453891 9
11453891 196
11453929 120
11453951 21
11454013 8
11454059 496
11454061 3
11454061 228
11454067 6825
11454071 7593
11454139 9
11454151 200
11454181 60
11454251 865
11454251 8548
11454419 1
11454419 3340
11454431 1
11454479 1
11454491 1
11454491 13
11454491 21
11454637 119
11454679 24
11454761 4
11454767 532
11454857 1047
11454973 192
11454973 243
11454977 39
11454977 948
11455013 5995
11455097 3364
11455109 1876
11455193 4171
11455207 92
11455231 8
11455253 27
11455303 317
11455307 7668
11455369 8960
11455387 605
11455439 169
11455513 315
11455547 333
11455559 61
11455751 1
11455751 1624
11455799 1
11455799 4
11455799 45
11455849 15
11455877 7
11455937 12
11455979 1924
11455999 849
11456021 3
11456023 6741
11456023 7241
11456083 480
11456111 1
11456117 4
11456153 555
11456209 35
11456213 1416
11456281 11
11456353 80
11456413 7356
11456513 3
11456539 804
11456551 329
11456603 1
11456603 108
11456611 2556
11456681 60
11456723 1
11456741 3
11456749 20
11456813 103
11456869 59
11456869 156
11456897 3
11456969 76
11456993 1047
11457007 8
11457041 435
11457109 3416
11457157 3
11457227 304
11457241 35
11457263 1
11457287 4
11457287 580
11457287 7153
11457401 5299
11457451 8156
11457493 3
11457497 4
11457553 92
11457577 27
11457577 5472
11457601 4131
11457629 60
11457673 3
11457673 3335
11457731 13
11457731 25
11457731 4749
11457781 1676
11457791 1
11457791 13
11457869 24
11457869 112
11457877 324
11457883 5
11457883 9812
11457959 52
11457997 2444
11458001 3
11458001 423
11458091 1
11458093 296
11458283 1
11458427 9
11458427 9340
11458453 35
11458471 20
11458471 161
11458571 1
11458589 64
11458613 31
11458637 2668
11458649 171
11458673 15
11458687 2397
11458763 2925
11458781 3
11458913 1668
11458939 65
11459009 4935
11459099 1936
11459237 139
11459317 44
11459353 3
11459363 33
11459387 13
11459431 140
11459573 975
11459627 33
11459633 40
11459633 507
11459659 60
11459663 796
11459711 4
11459731 920
11459731 1445
11459779 6740
11459803 461
11459803 2552
11459857 3
11459879 1
11459971 144
11460013 656
11460079 32
11460079 536
11460079 1289
11460079 7620
11460143 36
11460257 63
11460277 3
11460473 40
11460487 69
11460487 369
11460583 20
11460613 32
11460623 1
11460623 1240
11460643 2696
11460727 5
11460817 2160
11460821 28
11460899 1
11460959 9
11461001 3
11461013 1051
11461031 1
11461049 495
11461097 3243
11461183 125
11461243 356
11461253 3
11461259 4
11461259 24
11461319 1
11461319 9
11461319 6412
11461357 3
11461433 7
11461663 21
11461729 96
11461817 88
11461979 1
11462039 1
11462039 277
11462053 1415
11462057 24
11462141 928
11462141 4611
11462147 33
11462197 3
11462203 8
11462249 4
11462431 5
11462447 5889
11462497 3
11462603 2661
11462617 47
11462621 48
11462651 1
11462677 3
11462741 123
11462771 1
11462771 153
11462779 341
11462831 1
11462929 87
11462929 1355
11463161 580
11463187 12
11463227 537
11463239 129
11463281 4
11463311 1
11463311 13
11463337 2175
11463341 400
11463341 628
11463359 1
11463359 145
11463359 396
11463383 1
11463383 4972
11463533 7
11463619 132
11463649 1295
11463799 4761
11463853 3
11463883 32
11463917 7
11463971 1
11463971 4
11464009 56
11464009 87
11464039 45
11464093 2912
11464151 1
11464151 84
11464153 807
11464213 1067
11464223 12
11464247 2112
11464249 20
11464249 180
11464337 4
11464501 24
11464547 40
11464553 1087
11464627 5
11464751 1
11464763 1
11464799 16
11464807 12
11464807 17
11464913 12
11464949 1756
11465023 9741
11465101 3
11465101 11
11465131 9
11465143 768
11465147 4
11465149 720
11465171 61
11465273 880
11465287 12
11465347 8
11465351 4
11465351 9
11465423 2973
11465471 93
11465479 117
11465483 16
11465483 952
11465533 3
11465557 3
11465557 1260
11465611 5393
11465653 23
11465653 492
11465747 288
11465749 11
11465813 3
11465843 1
11465849 2340
11465897 3
11465897 72
11465903 3177
11465917 2772
11465953 2367
11465977 1184
11465999 64
11466031 7325
11466047 189
11466061 80
11466097 680
11466149 15
11466193 12
11466193 1292
11466199 137
11466199 4472
11466209 36
11466229 39
11466283 317
11466289 1800
11466379 485
11466383 88
11466401 4
11466401 391
11466407 1600
11466421 128
11466541 183
11466547 8160
11466589 72
11466599 1
11466643 140
11466677 4
11466743 1
11466769 251
11466799 624
11466799 2837
11466863 1
11466991 4613
11467097 1083
11467147 29
11467199 1
11467199 25
11467229 5835
11467273 3
11467319 240
11467321 536
11467457 4080
11467471 228
11467531 45
11467549 219
11467591 21
11467657 60
11467661 1171
11467679 45
11467693 243
11467801 8420
11467829 15
11467837 39
11467853 3
11467873 12
11467873 35
11467901 16
11467903 173
11467913 295
11467927 8
11467931 1
11467949 39
11467949 51
11468063 1
11468147 1132
11468203 5
11468339 1
11468339 312
11468371 473
11468377 1064
11468399 300
11468531 2469
11468537 223
11468603 1
11468621 3
11468711 1
11468713 2900
11468731 8
11468767 528
11468777 12
11468929 12
11468939 1804
11468953 12
11469043 417
11469071 1
11469131 13
11469137 1852
11469173 3
11469197 3
11469233 112
11469317 24
11469319 4416
11469397 1127
11469467 97
11469499 21
11469499 869
11469527 5904
11469539 1
11469581 4
11469599 1
11469607 1452
11469631 53
11469641 28
11469793 195
11469823 65
11469823 645
11469869 7
11469881 4
11469911 13
11470003 548
11470057 3
11470099 2376
11470103 1
11470103 105
11470117 12
11470211 9
11470211 96
11470237 2688
11470297 3
11470321 3
11470331 1
11470339 821
11470343 685
11470373 7
11470391 4221
11470519 29
11470519 7016
11470579 137
11470609 119
11470633 2592
11470687 120
11470691 4
11470741 3
11470757 375
11470841 3
11470871 16
11470919 1
11471029 4332
11471059 57
11471071 5
11471087 120
11471087 8560
11471183 1053
11471189 91
11471309 7
11471309 16
11471323 5
11471387 2728
11471417 2088
11471423 5928
11471489 72
11471491 1844
11471533 3
11471567 6913
11471597 4
11471627 9
11471639 744
11471711 13
11471723 1
11471723 120
11471851 24
11471939 4
11471939 4812
11471987 165
11471989 12
11472047 112
11472061 3
11472073 6020
11472079 24
11472173 412
11472179 1
11472191 8173
11472203 3105
11472217 980
11472217 3819
11472233 88
11472337 1647
11472379 72
11472379 765
11472397 180
11472401 151
11472431 4
11472493 1235
11472533 3
11472613 63
11472623 12
11472623 7176
11472649 240
11472667 2357
11472683 28
11472757 20
11472767 6013
11472817 12
11472871 8
11472917 4
11473151 1
11473157 3
11473171 324
11473177 23
11473177 4703
11473213 3
11473213 80
11473279 29
11473349 51
11473391 1
11473411 5
11473411 4116
11473439 1
11473439 276
11473459 225
11473571 1
11473571 4
11473571 4300
11473607 13
11473621 99
11473621 179
11473661 48
11473661 51
11473753 131
11473799 1
11473823 1
11473843 1145
11473877 3
11474009 4
11474009 15
11474009 91
11474009 712
11474011 65
11474131 788
11474231 9856
11474237 39
11474257 1227
11474293 12
11474363 12
11474389 12
11474413 27
11474443 5
11474471 1
11474647 969
11474653 8
11474719 6032
11474783 6861
11474819 1
11474821 99
11474891 1
11474951 288
11475041 676
11475047 6612
11475223 1412
11475223 5213
11475251 1
11475253 35
11475293 72
11475341 55
11475361 624
11475371 1
11475383 1768
11475481 68
11475491 73
11475671 5068
11475707 4
11475757 252
11475769 1247
11475773 7
11475911 69
11476013 3
11476081 48
11476147 24
11476147 593
11476181 28
11476183 5
11476391 28
11476397 3343
11476447 33
11476477 3
11476481 16
11476481 3415
11476637 319
11476687 12
11476687 168
11476709 12
11476709 124
11476711 21
11476711 4904
11476711 6161
11476783 5
11476799 217
11476859 309
11476859 496
11476859 3621
11476939 4617
11477009 1399
11477113 3
11477113 8
11477177 4
11477183 1
11477189 639
11477201 1756
11477237 27
11477239 36
11477267 49
11477267 120
11477281 23
11477383 6573
11477399 3105
11477413 3
11477413 7776
11477419 1269
11477461 3
11477513 2268
11477519 60
11477573 3
11477579 1600
11477677 12
11477731 9788
11477747 720
11477891 1
11477959 12
11477981 280
11478041 4
11478059 1
11478059 244
11478079 984
11478143 1
11478161 720
11478209 4
11478209 64
11478221 3
11478317 199
11478343 188
11478353 2895
11478361 819
11478407 268
11478443 312
11478457 120
11478559 12
11478583 17
11478583 473
11478661 11
11478671 1
11478671 156
11478671 2596
11478713 100
11478713 2511
11478799 8004
11478833 808
11478833 7723
11478889 35
11478913 6140
11478997 255
11479049 7
11479049 16
11479073 3
11479081 20
11479183 1905
11479283 1816
11479319 249
11479463 1
11479547 37
11479547 204
11479603 17
11479613 1312
11479627 17
11479739 1
11479841 175
11479861 8
11479861 48
11479873 3131
11479931 1
11479957 5148
11480069 12
11480099 109
11480141 75
11480159 40
11480167 225
11480177 3459
11480291 4
11480333 228
11480347 8
11480353 48
11480467 5
11480479 9
11480531 36
11480543 1
11480543 12
11480543 4296
11480543 6253
11480551 161
11480603 1245
11480639 949
11480659 60
11480659 165
11480659 305
11480659 320
11480663 1
11480683 140
11480717 567
11480719 36
11480743 497
11480773 168
11480857 27
11480867 28
11480891 984
11480981 15
11481007 5
11481023 16
11481023 496
11481023 7285
11481131 1
11481199 21
11481227 4
11481251 1
11481293 6552
11481343 5
11481343 201
11481383 208
11481389 844
11481403 5
11481403 21
11481427 29
11481451 276
11481479 1
11481521 3328
11481607 5
11481607 9873
11481619 29
11481629 7
11481737 7
11481839 1041
11481901 2700
11481923 136
11481923 297
11481961 351
11482217 12
11482301 3
11482343 1
11482391 1
11482391 5269
11482421 63
11482487 1905
11482519 69
11482553 96
11482567 7209
11482613 216
11482649 567
11482649 576
11482693 15
11482693 75
11482693 867
11482733 7
11482847 2073
11482883 21
11482937 3
11482937 60
11482979 1
11483099 1
11483123 1
11483191 164
11483243 1
11483261 6079
11483273 136
11483441 3
11483497 1019
11483503 396
11483587 332
11483707 29
11483741 6676
11483743 501
11483761 3020
11483777 3
11483783 45
11483783 1176
11483837 420
11483837 4204
11483887 149
11483909 12
11483957 832
11484071 4
11484119 360
11484119 2700
11484241 168
11484271 5
11484313 3156
11484329 112
11484413 27
11484413 2280
11484437 3
11484439 5
11484479 7869
11484581 4
11484617 7
11484647 253
11484677 552
11484701 4
11484701 408
11484929 16
11484929 480
11485079 3565
11485079 6060
11485079 7305
11485151 9
11485223 81
11485277 7
11485277 4252
11485339 4665
11485451 1
11485697 540
11485703 1
11485729 11
11485729 4616
11485739 24
11485757 4
11485757 67
11485811 148
11485853 36
11485871 96
11485871 6933
11485879 12
11485919 81
11485997 7
11486017 119
11486053 8
11486053 11
11486063 12
11486077 32
11486099 1
11486099 1641
11486141 4
11486159 225
11486231 448
11486281 3
11486303 816
11486333 7792
11486357 412
11486369 55
11486383 5
11486389 32
11486389 5711
11486617 5244
11486627 489
11486653 20
11486677 3
11486677 75
11486759 1489
11486861 4
11486879 4
11486897 4495
11486911 360
11486911 2640
11486921 2728
11487041 91
11487193 96
11487209 327
11487239 877
11487323 12
11487383 1
11487383 201
11487403 57
11487431 1
11487431 49
11487481 3
11487491 9
11487629 36
11487691 860
11487709 732
11487793 92
11487821 16
11487911 49
11487967 5
11488003 56
11488051 5396
11488051 8565
11488079 1
11488079 732
11488151 108
11488153 11
11488199 1
11488219 69
11488363 3953
11488391 7449
11488429 12
11488441 356
11488493 3
11488511 268
11488511 468
11488567 3200
11488573 1475
11488573 5811
11488577 120
11488699 2061
11488699 8805
11488747 4853
11488853 112
11488903 4101
11488963 33
11488987 8
11488993 4856
11488999 44
11489033 3
11489081 1624
11489123 1
11489147 448
11489209 11
11489279 1
11489333 2331
11489333 5856
11489407 20
11489567 228
11489591 105
11489609 195
11489641 15
11489677 3
11489743 12
11489759 1
11489827 9
11489873 1731
11489911 4553
11489971 1308
11489993 1275
11489999 24
11490007 84
11490023 1
11490169 104
11490169 8211
11490203 1
11490203 25
11490277 23
11490277 168
11490499 5
11490511 9
11490571 21
11490599 1177
11490643 137
11490659 12
11490667 12
11490667 212
11490707 6193
11490779 1
11490799 21
11490851 1
11490917 3348
11491021 1644
11491037 3487
11491091 196
11491159 12
11491177 24
11491177 1907
11491217 3
11491229 2256
11491321 9248
11491339 489
11491343 376
11491373 7
11491373 2916
11491427 4
11491463 36
11491481 795
11491481 1071
11491517 100
11491573 36
11491759 197
11491787 64
11491901 36
11491901 88
11491993 63
11492003 105
11492009 12
11492029 27
11492029 60
11492059 21
11492071 5
11492141 4788
11492161 3
11492183 7980
11492231 2488
11492291 1
11492363 1
11492401 56
11492441 9928
11492639 52
11492737 375
11492857 3
11492861 4
11492869 252
11492881 56
11492947 9
11493029 87
11493059 37
11493149 4
11493151 5148
11493221 24
11493283 36
11493289 11
11493299 52
11493379 20
11493401 3
11493431 193
11493439 21
11493451 764
11493457 72
11493523 48
11493539 1
11493557 55
11493557 4644
11493577 59
11493577 395
11493641 3
11493679 800
11493719 1
11493869 832
11493913 3980
11493919 549
11493949 132
11493961 3
11493983 1480
11494001 4
11494027 24
11494117 12
11494139 1
11494139 1360
11494151 45
11494157 63
11494199 4
11494229 24
11494267 225
11494381 6900
11494393 23
11494393 203
11494393 852
11494409 187
11494423 12
11494423 3528
11494451 69
11494451 1993
11494477 15
11494489 600
11494519 44
11494529 5731
11494541 1423
11494543 5
11494543 9173
11494577 12
11494723 57
11494751 1
11494811 1
11494859 4
11494909 176
11494913 5575
11494949 7
11494961 3
11494961 1039
11495087 1833
11495149 12
11495153 7
11495207 49
11495207 529
11495279 1
11495287 429
11495287 1653
11495303 40
11495317 23
11495357 3
11495443 180
11495447 1012
11495483 1
11495531 1
11495569 11
11495593 3
11495599 60
11495611 53
11495623 716
11495651 1
11495651 276
11495657 2440
11495713 6171
11495819 36
11495819 117
11495951 1056
11495963 97
11495963 3576
11495971 24
11496013 2963
11496119 601
11496143 13
11496143 37
11496193 60
11496323 1
11496323 2665
11496337 1455
11496361 459
11496377 12
11496449 27
11496449 372
11496451 33
11496473 3
11496503 1
11496571 269
11496613 3
11496637 104
11496647 9
11496649 111
11496659 1
11496679 24
11496679 437
11496689 15
11496871 1905
11496883 48
11496983 1
11496983 300
11496997 72
11497067 109
11497091 268
11497103 28
11497139 40
11497141 3
11497247 73
11497279 9
11497279 20
11497331 73
11497379 1
11497561 8
11497567 5
11497597 3
11497687 1952
11497697 915
11497721 28
11497721 8296
11497757 3
11497757 64
11497789 1751
11497819 81
11497819 1257
11497823 1
11497841 4
11497909 24
11497963 165
11497973 2412
11497991 9
11498017 8
11498093 7
11498153 16
11498153 52
11498159 16
11498159 57
11498309 15
11498593 23
11498621 520
11498633 51
11498633 91
11498639 1
11498639 4
11498699 16
11498699 24
11498699 81
11498719 161
11498797 2403
11498803 56
11498831 2356
11498911 513
11499079 5
11499121 3
11499203 25
11499247 17
11499269 7
11499329 2187
11499413 3
11499413 108
11499431 1
11499431 213
11499431 756
11499461 19
11499479 421
11499493 11
11499589 692
11499661 3
11499713 600
11499713 852
11499737 112
11499811 9
11499823 8
11499833 91
11499889 447
11499889 624
11499911 216
11499911 256
11499937 2864
11499949 24
