24000001 260
24000077 795
24000083 1
24000131 1
24000203 16
24000203 396
24000239 364
24000253 192
24000281 3
24000299 256
24000299 6217
24000373 3
24000373 1107
24000377 832
24000391 9
24000391 2628
24000517 5664
24000593 5056
24000637 479
24000659 9
24000689 211
24000817 20
24000817 2099
24000959 885
24000967 29
24000967 2804
24001151 1120
24001169 751
24001309 2907
24001339 929
24001403 1
24001403 1941
24001639 5
24001639 9
24001669 191
24001709 7
24001709 987
24001723 336
24001751 1
24001771 5
24001793 156
24001801 3
24001823 1
24001829 235
24001829 1215
24001961 99
24002081 3
24002129 12
24002161 44
24002161 9560
24002243 40
24002357 2979
24002369 3999
24002479 9
24002551 9
24002621 759
24002663 36
24002723 2133
24002789 12
24002791 588
24002837 40
24002851 33
24002863 5
24002921 4495
24002921 7899
24002939 465
24002977 8448
24003193 3
24003293 5272
24003307 5
24003307 2777
24003307 4325
24003311 325
24003311 369
24003311 1536
24003319 5
24003319 2696
24003379 197
24003433 335
24003461 139
24003509 7
24003673 36
24003689 39
24003691 8
24003691 3473
24003767 3045
24003773 12
24003899 4
24003961 1731
24003971 1
24004121 84
24004271 4
24004297 8
24004301 3
24004427 12
24004501 3
24004511 1
24004511 1984
24004523 513
24004523 8365
24004567 1184
24004577 3
24004597 288
24004609 2891
24004609 5964
24004759 5940
24004787 148
24004859 844
24004979 12
24005027 157
24005027 1188
24005057 147
24005057 163
24005089 272
24005089 444
24005141 63
24005183 1
24005209 11
24005209 5951
24005221 680
24005339 165
24005339 289
24005461 240
24005519 8697
24005593 27
24005621 4168
24005633 15
24005671 8
24005677 3
24005699 1
24005801 16
24005803 53
24005941 6515
24005957 12
24005963 921
24005981 3
24006011 4
24006011 16
24006119 85
24006127 1632
24006133 11
24006133 2556
24006149 16
24006163 5
24006179 1
24006179 225
24006221 55
24006221 900
24006271 8444
24006277 8
24006293 5628
24006293 8320
24006317 87
24006383 13
24006491 13
24006527 37
24006527 1332
24006547 5
24006643 161
24006643 5597
24006769 59
24006811 6393
24006817 968
24006863 861
24006881 228
24006889 44
24006901 828
24007021 119
24007031 13
24007057 192
24007153 20
24007163 1
24007211 1596
24007259 9
24007289 99
24007307 4
24007307 3052
24007309 3039
24007421 1624
24007471 36
24007471 248
24007493 547
24007531 24
24007601 4
24007603 737
24007751 4
24007777 119
24007793 43
24007807 137
24007829 40
24007847 25
24007861 39
24007861 543
24007873 11
24007903 5
24007903 93
24007903 3240
24007937 8968
24008051 1
24008057 3
24008057 3367
24008069 4
24008071 165
24008081 2416
24008141 55
24008261 64
24008261 148
24008263 77
24008323 17
24008483 1
24008531 1
24008557 20
24008603 177
24008623 573
24008623 7176
24008687 145
24008689 12
24008701 20
24008717 4
24008801 111
24008827 5
24008833 3
24009059 325
24009169 4164
24009199 2424
24009203 12
24009241 51
24009319 237
24009373 3
24009439 29
24009571 33
24009599 1
24009803 12
24009847 1712
24009847 5033
24009851 564
24009889 411
24009949 4931
24009959 1
24009983 1
24010031 961
24010067 9
24010097 28
24010117 7659
24010123 600
24010123 1892
24010223 1
24010309 12
24010369 11
24010439 1
24010517 8703
24010577 60
24010601 100
24010691 61
24010703 177
24010729 11
24010823 12
24010837 32
24010901 4
24010901 76
24011027 12
24011047 8
24011059 41
24011083 60
24011147 9
24011263 788
24011303 1
24011371 3725
24011461 3
24011551 44
24011569 2291
24011621 4
24011657 15
24011657 759
24011657 2203
24011717 724
24011717 2104
24011749 219
24011831 1
24011831 796
24011849 324
24011851 368
24011861 63
24011861 271
24011893 3
24011893 60
24011899 357
24011909 15
24011957 3
24011959 5
24011989 72
24012061 3
24012061 1020
24012097 1152
24012097 9572
24012179 1
24012193 8
24012239 1
24012269 4660
24012311 1
24012323 220
24012341 300
24012367 9
24012367 137
24012403 560
24012503 1
24012539 1
24012553 35
24012617 12
24012623 448
24012931 173
24012971 49
24012977 27
24013007 4
24013043 1
24013043 141
24013043 3420
24013043 6528
24013063 17
24013211 376
24013267 168
24013279 9560
24013373 4851
24013427 4
24013439 1
24013579 21
24013603 732
24013667 4053
24013753 8
24013763 1
24013763 21
24013763 108
24013789 59
24013811 1804
24013859 4
24013921 3180
24013949 4
24013993 188
24014051 1
24014077 68
24014077 5019
24014087 6412
24014213 51
24014279 1
24014359 2129
24014371 5
24014371 81
24014519 1
24014633 3
24014681 2860
24014869 5199
24014933 3
24014933 28
24015037 95
24015119 261
24015223 8
24015239 9
24015239 9436
24015281 16
24015311 1
24015353 31
24015389 1584
24015391 21
24015461 39
24015529 3500
24015581 31
24015659 52
24015659 804
24015757 12
24015811 740
24015851 1
24015899 1
24015941 3
24015947 4408
24015983 1
24016007 9
24016021 23
24016061 3
24016063 281
24016193 1383
24016193 7740
24016253 55
24016277 199
24016277 3375
24016313 3
24016411 849
24016417 272
24016417 332
24016451 1108
24016457 175
24016463 1
24016543 512
24016567 1152
24016651 60
24016651 1908
24016667 9
24016697 4
24016697 7
24016933 3
24017011 1904
24017041 68
24017057 55
24017137 12
24017167 5
24017207 1317
24017237 3
24017353 2223
24017471 549
24017573 36
24017599 57
24017621 1224
24017633 156
24017717 108
24017737 7380
24017789 7
24017789 447
24017941 44
24017971 189
24017971 624
24017971 861
24018067 548
24018101 36
24018193 3
24018311 1
24018329 15
24018359 4
24018359 37
24018373 312
24018389 187
24018391 36
24018419 1
24018419 4
24018419 9405
24018517 8
24018523 17
24018559 5
24018667 408
24018721 8
24018737 63
24018737 7147
24018847 440
24018887 4
24018899 1
24018899 105
24018937 3
24019103 1900
24019111 9
24019157 4
24019187 4
24019213 2168
24019277 1780
24019417 1763
24019559 4
24019571 1
24019573 171
24019577 4
24019579 81
24019609 20
24019621 360
24019631 2473
24019649 72
24019651 5
24019651 8
24019661 180
24019669 116
24019789 1727
24019811 7101
24019813 516
24019949 4
24019949 636
24020057 600
24020057 979
24020069 259
24020083 168
24020083 485
24020179 341
24020231 1
24020341 3
24020341 11
24020429 111
24020429 2379
24020561 291
24020561 1099
24020593 11
24020663 1
24020663 5328
24020683 60
24020741 3
24020743 4236
24020839 72
24020987 52
24020999 1
24021013 95
24021191 1233
24021343 1256
24021461 36
24021467 1233
24021467 4209
24021581 79
24021587 793
24021593 340
24021623 465
24021659 1
24021677 5692
24021727 9
24021743 1
24021749 1080
24021749 1239
24021779 109
24021961 360
24022081 239
24022087 749
24022151 1
24022169 12
24022181 531
24022259 9
24022283 4653
24022301 363
24022307 25
24022367 9097
24022459 41
24022703 1
24022753 96
24022769 4
24022769 531
24022807 1617
24022811 60
24022981 300
24023029 39
24023099 21
24023371 296
24023383 8
24023423 1
24023459 1
24023521 2744
24023521 7059
24023633 3
24023639 205
24023711 636
24023731 228
24023731 756
24023849 8620
24023887 12
24023899 44
24023939 37
24023957 244
24023957 2343
24024263 1456
24024263 6301
24024271 4956
24024283 1472
24024353 88
24024419 1
24024437 139
24024437 6927
24024449 7
24024521 151
24024547 5
24024547 2064
24024589 15
24024589 20
24024601 3680
24024629 7
24024629 24
24024691 248
24024829 12
24024829 227
24024883 5
24024883 21
24025091 16
24025109 1131
24025123 45
24025123 741
24025123 5697
24025181 2944
24025229 252
24025307 2233
24025349 652
24025349 1692
24025451 64
24025517 1195
24025571 4
24025571 216
24025609 195
24025621 696
24025637 187
24025663 1685
24025679 1
24025753 6831
24025763 72
24025847 9
24025847 52
24025849 7475
24025853 3
24025931 660
24026059 5
24026059 309
24026059 3681
24026077 1275
24026087 4408
24026111 4
24026111 660
24026129 4
24026129 7
24026129 16
24026129 3891
24026143 8
24026339 1
24026339 1329
24026341 924
24026371 89
24026419 92
24026531 1
24026531 744
24026647 284
24026657 3
24026699 196
24026701 980
24026731 644
24026753 3
24026813 76
24026921 4
24027037 83
24027037 1535
24027043 48
24027121 4796
24027173 3
24027221 699
24027247 372
24027277 8
24027281 3
24027403 161
24027403 300
24027403 2300
24027431 1
24027431 93
24027547 717
24027559 96
24027589 624
24027589 5144
24027629 27
24027683 13
24027721 39
24027721 9224
24027739 401
24027769 6512
24027881 640
24027917 12
24027947 13
24027959 117
24028061 84
24028111 8
24028219 5
24028237 900
24028243 41
24028243 933
24028289 4
24028289 1747
24028391 1
24028397 1072
24028409 892
24028427 48
24028457 4
24028471 8
24028523 1
24028619 1
24028621 15
24028621 228
24028657 8519
24028691 13
24028691 16
24028691 196
24028811 276
24028819 497
24028853 3
24028889 16
24028897 212
24028909 1392
24028909 3612
24029003 1
24029101 9479
24029171 1
24029171 4
24029407 45
24029477 4468
24029581 119
24029581 284
24029587 789
24029671 440
24029773 1340
24029773 2747
24029821 60
24029833 743
24029899 1776
24029923 8
24029923 57
24030001 11
24030007 8
24030007 1757
24030073 2168
24030161 75
24030161 363
24030179 1
24030397 12
24030397 387
24030407 268
24030521 40
24030521 400
24030563 60
24030563 133
24030613 68
24030619 2765
24030667 1748
24030701 3
24030751 65
24030751 128
24030761 3
24030761 5728
24030841 3
24030893 52
24030899 4965
24030913 8
24031027 8
24031087 5
24031087 2900
24031103 445
24031123 60
24031127 4
24031129 44
24031151 1
24031171 9
24031171 2064
24031223 100
24031243 8
24031361 8880
24031543 3545
24031607 249
24031643 7653
24031681 4988
24031687 33
24031697 4
24031771 4449
24031817 4
24031871 4
24031919 1
24031937 2124
24031951 5
24031951 20
24031951 33
24031951 84
24031967 132
24032137 3
24032143 6425
24032149 72
24032219 1
24032303 1
24032311 464
24032341 71
24032381 279
24032507 28
24032579 201
24032731 140
24032773 3
24032831 184
24032831 4065
24032927 132
24032947 573
24032993 768
24033067 153
24033067 189
24033127 12
24033131 153
24033181 3
24033263 13
24033341 4060
24033491 528
24033491 1269
24033553 3063
24033599 1
24033661 243
24033719 9
24033731 1
24033739 32
24033833 396
24033851 4
24033871 5
24033871 869
24033871 993
24033923 156
24034027 308
24034133 3736
24034189 12
24034319 64
24034319 165
24034397 7023
24034421 39
24034429 36
24034453 1700
24034477 48
24034537 7380
24034541 5656
24034573 12
24034603 8
24034603 120
24034627 9
24034687 80
24034727 4
24034727 9
24034727 45
24034817 3
24034819 569
24034837 72
24034837 1140
24034841 36
24034847 784
24034873 1571
24034919 5281
24034921 48
24035003 1
24035017 3
24035029 2991
24035203 965
24035279 1
24035317 68
24035321 520
24035327 12
24035369 1504
24035503 641
24035579 180
24035623 5
24035657 1392
24035723 1
24035777 4
24035783 1
24035827 44
24035857 20
24035929 8772
24036031 8
24036037 8
24036109 35
24036119 3184
24036179 1
24036217 3
24036251 1
24036361 3864
24036427 4997
24036433 335
24036479 36
24036499 5637
24036517 1719
24036533 3
24036547 20
24036547 24
24036629 12
24036631 65
24036703 1932
24036709 11
24036757 140
24036757 1068
24036769 1104
24036809 8976
24036823 4560
24036839 1
24036839 172
24036839 417
24036913 1068
24036917 3
24037009 2184
24037019 9
24037073 3
24037103 3312
24037151 1
24037219 9
24037313 16
24037327 5
24037333 755
24037379 4
24037423 72
24037441 8
24037471 5
24037487 5697
24037577 40
24037591 5
24037669 56
24037669 636
24037669 1940
24037681 20
24037733 4167
24037763 1
24037763 133
24037789 8379
24037801 11
24037939 224
24037943 717
24037961 1120
24038039 1
24038159 124
24038251 20
24038351 1
24038351 64
24038383 216
24038383 393
24038387 37
24038387 60
24038467 89
24038467 984
24038471 1
24038551 440
24038563 12
24038639 1
24038639 1425
24038699 1
24038699 324
24038711 1
24038719 297
24038723 241
24038737 1152
24038753 7
24038753 16
24038779 129
24038809 56
24038809 116
24038837 4
24038837 2028
24038879 9
24038939 1
24038951 1
24038951 28
24039091 24
24039091 44
24039091 224
24039097 48
24039121 11
24039121 36
24039143 1
24039143 48
24039277 132
24039293 96
24039311 108
24039311 673
24039311 1420
24039341 3
24039391 7013
24039473 3
24039473 12
24039473 52
24039487 3420
24039611 13
24039611 7929
24039629 1047
24039643 48
24039773 3
24039791 36
24039803 1
24040007 2589
24040087 564
24040109 7
24040231 20
24040259 1
24040259 45
24040259 2616
24040319 1
24040327 8568
24040477 779
24040517 84
24040573 3
24040573 732
24040607 12
24040619 1
24040631 1
24040633 11
24040633 111
24040711 465
24040733 5868
24040777 3
24040777 120
24040777 540
24040811 33
24040811 1149
24040949 4
24040987 257
24041057 60
24041071 1385
24041071 4536
24041113 3
24041189 36
24041219 1
24041263 21
24041273 87
24041287 8
24041317 3
24041317 384
24041323 5
24041323 2376
24041351 1
24041351 808
24041357 4695
24041401 236
24041447 24
24041447 3040
24041467 48
24041561 24
24041561 288
24041569 171
24041599 2417
24041681 880
24041711 4
24041753 76
24041777 1159
24041879 792
24041981 36
24041981 663
24042071 4
24042089 460
24042103 1932
24042121 3
24042191 141
24042211 4044
24042253 2436
24042397 1808
24042419 16
24042503 1761
24042631 660
24042839 9
24042839 76
24042911 1
24042917 1552
24042929 424
24042937 3
24043009 191
24043009 1832
24043093 15
24043139 109
24043153 11
24043163 1
24043249 24
24043297 3
24043399 305
24043403 21
24043447 48
24043483 281
24043583 1
24043583 60
24043597 15
24043667 12
24043711 1581
24043819 7497
24043829 171
24043843 8
24043843 213
24043843 453
24043861 3
24043907 9
24043919 1
24044029 171
24044099 1
24044123 160
24044179 5
24044179 20
24044231 1
24044231 1813
24044261 891
24044261 6043
24044287 48
24044333 3
24044369 91
24044389 24
24044467 7352
24044639 3712
24044653 3
24044791 113
24044807 105
24044837 24
24044837 43
24044837 340
24044939 1
24044957 115
24044963 1
24045011 744
24045011 2640
24045137 6828
24045209 31
24045353 3
24045457 2699
24045481 1539
24045547 8840
24045629 3795
24045757 968
24045781 8
24045793 3
24045859 29
24045859 89
24045929 196
24045929 259
24045997 3
24045997 3260
24046433 3
24046441 6603
24046537 35
24046537 60
24046601 3
24046639 656
24046639 2204
24046697 3
24046697 427
24046699 5
24046849 11
24046943 1
24046969 1280
24046973 603
24046973 1507
24047053 51
24047057 64
24047059 32
24047123 8836
24047159 4597
24047183 1
24047209 92
24047251 264
24047263 21
24047263 101
24047329 35
24047431 2949
24047437 1688
24047609 4
24047609 76
24047713 23
24047713 1643
24047753 1207
24047753 1408
24047783 37
24047827 1665
24047917 140
24047953 8
24047957 3
24047957 132
24048001 11
24048007 8
24048007 128
24048049 324
24048071 1
24048173 3
24048173 1563
24048191 24
24048239 300
24048239 9420
24048259 837
24048293 3
24048329 99
24048389 39
24048389 6216
24048413 1311
24048499 6732
24048533 12
24048533 15
24048539 1
24048599 16
24048611 280
24048677 3
24048677 7
24048679 1317
24048707 1440
24048763 65
24048767 9
24048781 35
24049043 1
24049097 3
24049139 1
24049139 8061
24049199 1
24049217 2160
24049219 32
24049229 4
24049243 5
24049243 240
24049301 4
24049457 19
24049463 196
24049469 7
24049481 15
24049481 156
24049481 1471
24049603 588
24049621 200
24049721 24
24049721 1743
24049813 416
24049841 4
24049913 3
24049967 4
24050057 4
24050057 207
24050057 1068
24050093 28
24050093 31
24050179 29
24050227 5
24050237 2220
24050281 3
24050399 9
24050431 20
24050639 136
24050651 16
24050651 100
24050669 367
24050749 204
24050837 3
24050891 1
24050899 192
24050951 9148
24051007 5
24051011 1
24051023 16
24051059 400
24051101 4
24051113 67
24051227 1444
24051229 7475
24051317 3
24051317 439
24051361 3
24051367 4685
24051371 13
24051373 3
24051389 64
24051553 2295
24051569 4
24051589 72
24051589 107
24051623 1
24051623 1665
24051649 1304
24051661 71
24051673 3
24051761 43
24051773 208
24051803 12
24051899 2689
24051919 509
24052153 3
24052153 27
24052169 39
24052201 56
24052201 108
24052211 1
24052283 156
24052333 3
24052333 8
24052349 120
24052459 1041
24052463 25
24052507 45
24052507 669
24052541 4
24052583 28
24052631 5056
24052681 476
24052747 12
24052753 8
24052753 12
24052811 1
24052829 67
24052829 171
24052979 1396
24053171 49
24053257 95
24053269 95
24053269 155
24053321 4
24053339 6184
24053363 1173
24053431 68
24053437 3
24053443 33
24053621 808
24053671 353
24053749 132
24053761 24
24053807 85
24053807 477
24053807 9664
24053831 1
24053851 1928
24053893 3
24053903 1168
24053903 1645
24053917 7364
24053951 1
24054001 3
24054007 33
24054007 2024
24054053 4560
24054061 3164
24054143 1
24054143 117
24054143 268
24054203 5893
24054259 5
24054263 1
24054299 1476
24054353 12
24054377 12
24054383 1792
24054383 3241
24054497 4
24054539 1
24054559 84
24054599 1
24054599 1089
24054607 5
24054617 6279
24054629 1251
24054697 3
24054707 8809
24054743 1
24054743 45
24054743 741
24054799 1185
24054827 1284
24054827 6588
24054851 1
24055021 1488
24055043 637
24055049 24
24055247 124
24055259 457
24055267 3945
24055307 4
24055333 128
24055363 8792
24055373 12
24055393 3
24055429 840
24055489 879
24055517 4
24055531 213
24055573 5831
24055607 805
24055649 4
24055921 8
24055921 56
24055921 420
24056009 640
24056251 9
24056269 2439
24056287 117
24056303 1
24056353 12
24056353 588
24056453 12
24056491 576
24056503 8
24056503 836
24056519 21
24056521 5175
24056587 17
24056653 3
24056687 72
24056687 388
24056699 1
24056699 4
24056699 820
24056729 24
24056797 8
24056807 988
24056821 120
24056881 344
24056933 3
24057083 1
24057107 393
24057139 2105
24057179 1
24057239 4
24057251 28
24057251 120
24057311 1729
24057331 309
24057331 369
24057347 493
24057349 11
24057367 353
24057377 19
24057413 1075
24057469 312
24057479 12
24057479 132
24057487 1049
24057497 7
24057713 207
24057739 1869
24057751 36
24057809 136
24057841 131
24057893 363
24057923 16
24057923 1096
24057947 217
24058049 372
24058057 83
24058147 4313
24058157 7
24058163 313
24058163 6753
24058271 1
24058271 9
24058273 2316
24058277 7
24058277 64
24058283 1
24058361 864
24058367 145
24058453 35
24058469 180
24058469 2680
24058613 391
24058613 9547
24058633 308
24058651 20
24058691 348
24058721 15
24058763 40
24058799 4
24058819 12
24058819 20
24058823 4401
24058861 23
24059003 13
24059011 8
24059023 528
24059033 15
24059053 3
24059309 4
24059309 7
24059327 13
24059351 1
24059363 57
24059407 12
24059411 2196
24059467 8
24059467 84
24059479 17
24059593 1755
24059639 8877
24059831 4528
24059951 48
24059963 12
24059969 87
24060089 4
24060089 231
24060097 5043
24060131 1
24060181 56
24060233 580
24060353 63
24060373 4832
24060451 41
24060611 4
24060611 96
24060653 988
24060677 3
24060689 16
24060709 392
24060719 1
24060719 4
24060857 5620
24060871 29
24061139 1536
24061139 1905
24061157 4
24061181 1440
24061183 101
24061189 20
24061207 92
24061253 12
24061309 92
24061537 32
24061577 4204
24061591 5
24061679 1
24061831 104
24061871 1
24061901 4
24062047 140
24062047 440
24062251 1089
24062711 145
24062809 5151
24062821 23
24062869 5964
24062893 155
24062897 120
24062897 307
24062977 204
24062981 1308
24062999 1
24063001 36
24063031 5
24063079 5
24063121 15
24063271 209
24063323 1956
24063379 2180
24063421 3699
24063467 48
24063493 692
24063509 175
24063569 4
24063569 7804
24063631 128
24063631 1893
24063659 4384
24063661 48
24063701 144
24063733 8
24063737 244
24063779 336
24063943 3228
24064021 8
24064069 252
24064109 16
24064181 4
24064289 4387
24064301 76
24064343 1
24064343 828
24064357 387
24064459 1220
24064549 111
24064603 188
24064637 48
24064679 2505
24064783 5
24064793 4243
24064813 11
24064891 5
24064903 2081
24064973 1236
24065101 15
24065113 20
24065131 5
24065131 21
24065143 281
24065203 3785
24065317 3
24065443 1097
24065453 7
24065467 2340
24065501 4
24065597 67
24065599 2717
24065753 15
24065759 1
24065759 225
24065963 1
24065963 876
24066071 1
24066083 1
24066127 9
24066151 8285
24066173 7
24066173 231
24066173 496
24066227 7317
24066439 69
24066499 140
24066517 3
24066529 59
24066593 120
24066593 4323
24066661 3
24066667 177
24066737 3
24066739 5
24066751 84
24066827 732
24066979 12
24066979 72
24067073 3
24067093 35
24067139 1
24067217 904
24067237 24
24067273 12
24067273 188
24067343 1
24067343 12
24067399 12
24067399 65
24067409 4
24067481 19
24067559 220
24067567 1053
24067583 1
24067613 123
24067613 1155
24067787 4
24067817 799
24067859 1
24067859 4
24067877 532
24067877 3675
24067961 2100
24068063 3273
24068159 4
24068179 45
24068197 2423
24068293 23
24068441 795
24068441 6376
24068467 5
24068567 4
24068593 3
24068593 35
24068621 60
24068621 871
24068623 8208
24068701 3
24068701 36
24068711 129
24068783 37
24068791 120
24068897 27
24068917 63
24068917 168
24068969 204
24069131 1
24069137 307
24069163 12
24069179 12
24069191 1
24069191 13
24069211 29
24069343 8
24069347 6564
24069359 1
24069359 789
24069359 6432
24069377 7
24069457 20
24069469 11
24069481 11
24069533 3
24069533 36
24069557 3340
24069607 297
24069607 8369
24069611 33
24069769 59
24069811 2936
24069883 5
24069883 297
24069889 164
24070021 51
24070031 528
24070103 553
24070187 1273
24070199 49
24070231 24
24070271 9
24070307 69
24070327 8
24070499 1
24070537 1287
24070547 460
24070597 1448
24070619 1
24070637 4
24070751 25
24070847 13
24070859 232
24070883 1
24070883 9136
24070897 3
24070951 8
24071017 3
24071051 1
24071051 3000
24071057 8404
24071077 3
24071111 1
24071123 372
24071137 3
24071219 5505
24071227 53
24071249 184
24071297 2575
24071419 9141
24071483 1
24071483 301
24071533 3
24071533 132
24071557 12
24071591 4
24071591 405
24071657 4
24071753 16
24071809 80
24071819 81
24071857 179
24071893 3
24071893 516
24071939 12
24071953 296
24072023 328
24072091 113
24072101 556
24072109 416
24072253 2643
24072281 4
24072313 8
24072443 1081
24072599 1
24072623 1
24072623 1033
24072661 11
24072667 45
24072667 89
24072689 7024
24072701 3
24072751 20
24072761 16
24072787 149
24072817 180
24072847 12
24072859 17
24072941 3
24072947 9
24072949 332
24072949 4851
24073001 7264
24073039 6780
24073129 1227
24073261 3
24073333 8136
24073337 219
24073381 3
24073559 40
24073583 1
24073613 16
24073619 4
24073657 3
24073691 876
24073697 115
24073811 1
24073879 5
24073927 65
24073997 2103
24074027 2685
24074053 11
24074053 215
24074059 105
24074059 360
24074131 60
24074143 17
24074179 9956
24074191 5
24074191 96
24074201 3
24074279 1
24074327 180
24074371 2144
24074471 1
24074497 8
24074509 12
24074591 6369
24074593 252
24074639 1
24074651 1
24074671 3728
24074689 395
24074707 9
24074707 17
24074707 224
24074707 1160
24074707 1692
24074741 183
24074741 8580
24074777 3
24074819 24
24074867 12
24074923 837
24074993 2355
24075047 9
24075169 192
24075169 359
24075287 192
24075367 429
24075379 17
24075427 24
24075427 2400
24075431 1
24075547 113
24075547 2957
24075551 9
24075563 1
24075577 12
24075577 375
24075661 348
24075671 1713
24075683 21
24075787 705
24075827 117
24075899 1
24076027 164
24076027 5124
24076111 89
24076253 3
24076253 435
24076319 436
24076343 8848
24076379 1
24076379 6909
24076387 120
24076397 3
24076487 48
24076511 1
24076627 149
24076627 1325
24076721 4
24076729 195
24076813 3
24076907 4
24076937 564
24076957 23
24076957 35
24077017 2535
24077057 7
24077063 1833
24077189 31
24077213 3
24077213 31
24077233 251
24077239 5
24077257 300
24077281 3
24077323 2781
24077393 115
24077419 17
24077561 3
24077563 21
24077567 3292
24077597 27
24077597 679
24077761 284
24077761 1248
24077761 2739
24077791 56
24077897 3
24077939 1
24077993 3
24077993 115
24077993 3711
24078023 1
24078023 60
24078139 5
24078139 60
24078191 60
24078191 120
24078199 117
24078233 1060
24078277 8
24078283 81
24078283 1100
24078343 1376
24078389 7
24078419 1
24078479 1
24078479 4276
24078559 9
24078559 225
24078569 7
24078689 1156
24078707 24
24078721 44
24078721 59
24078737 8095
24078773 5787
24078781 419
24078811 5
24078811 9
24078811 153
24078883 17
24079103 1
24079103 3037
24079147 60
24079151 1
24079151 49
24079301 36
24079453 47
24079477 8
24079547 28
24079603 8
24079603 137
24079673 651
24079691 1
24079739 1
24079801 11
24079817 2644
24079817 3547
24079843 8
24079907 124
24079931 1
24079931 49
24079987 125
24080137 3
24080257 3
24080341 8
24080363 1
24080363 1860
24080443 252
24080533 11
24080549 16
24080711 1
24080713 3
24080713 15
24080717 7
24080717 187
24080737 5984
24080761 680
24080941 11
24080941 140
24081011 4
24081053 9051
24081143 1
24081229 3215
24081287 240
24081301 20
24081311 4
24081433 2135
24081461 31
24081553 420
24081647 1200
24081661 3
24081731 1
24081829 1956
24081833 3
24081881 3
24081881 1776
24081917 28
24081917 79
24081917 1287
24082033 12
24082117 959
24082141 3
24082229 2259
24082321 3
24082337 3
24082343 13
24082361 36
24082361 283
24082363 4016
24082411 9
24082453 3
24082493 576
24082501 1796
24082507 5
24082559 9
24082607 52
24082609 39
24082613 3
24082631 1
24082631 1144
24082651 185
24082687 849
24082801 8
24082853 280
24082871 96
24082979 1
24083023 5
24083023 696
24083077 8
24083077 575
24083107 8525
24083131 20
24083161 24
24083183 36
24083183 712
24083183 868
24083207 4
24083221 491
24083273 28
24083291 1
24083321 184
24083327 2433
24083429 160
24083467 329
24083531 4
24083531 249
24083573 4983
24083651 9
24083651 6189
24083867 109
24083923 116
24083971 8
24084017 3
24084017 615
24084031 5
24084043 933
24084091 20
24084091 1449
24084119 24
24084167 408
24084199 21
24084287 1300
24084287 1308
24084439 1925
24084443 2077
24084469 8019
24084479 40
24084491 1
24084497 3
24084517 323
24084623 1488
24084653 180
24084677 75
24084901 11
24084911 2773
24084943 32
24084961 3
24085013 363
24085021 1184
24085063 101
24085067 733
24085123 140
24085133 31
24085133 132
24085147 77
24085147 9053
24085247 6613
24085273 3
24085349 12
24085367 6292
24085433 12
24085499 40
24085507 1797
24085507 7068
24085613 3
24085637 7
24085637 24
24085643 6820
24085717 3
24085717 32
24085739 3880
24085751 1
24085771 9
24085801 24
24085913 3
24085913 7
24085961 4
24086047 80
24086081 19
24086113 9572
24086119 105
24086123 1
24086123 13
24086171 1
24086171 36
24086197 8
24086233 2475
24086317 1139
24086417 579
24086479 21
24086551 5
24086561 51
24086633 348
24086687 1509
24086771 1833
24086779 125
24086801 2808
24086827 485
24086869 107
24086873 147
24086879 21
24086891 21
24086921 3
24086921 39
24086939 121
24087073 51
24087143 13
24087251 220
24087257 400
24087257 8583
24087263 196
24087289 8991
24087443 300
24087461 3
24087461 28
24087593 15
24087659 1
24087667 8
24087689 1071
24087797 3
24087803 61
24087853 728
24087859 17
24087901 3183
24087911 5188
24087983 2512
24088003 821
24088021 3
24088171 1061
24088193 3
24088231 29
24088261 11
24088277 3
24088289 72
24088289 8139
24088319 1381
24088331 1
24088459 69
24088459 885
24088543 588
24088619 825
24088663 5
24088663 81
24088807 5
24088811 309
24088817 3
24088849 207
24088877 1939
24088931 4845
24088943 1
24088973 3
24088973 976
24088973 7635
24089047 89
24089057 232
24089063 1
24089141 3
24089141 64
24089203 8
24089251 285
24089251 2508
24089251 3120
24089293 1103
24089297 12
24089393 108
24089407 17
24089411 2065
24089437 32
24089543 4920
24089557 27
24089599 7241
24089621 664
24089657 4
24089677 24
24089699 1
24089711 1
24089789 51
24089831 9
24089831 504
24089881 15
24089887 7860
24089909 331
24089959 1224
24090127 8189
24090161 4
24090263 1
24090307 65
24090481 3111
24090523 60
24090529 812
24090611 721
24090653 7
24090719 9
24090893 51
24090929 4
24090929 127
24091007 52
24091013 252
24091037 1320
24091043 1
24091079 1
24091079 165
24091079 460
24091099 21
24091357 128
24091451 1
24091453 11
24091453 3231
24091517 100
24091541 4
24091541 279
24091609 299
24091621 8
24091673 7
24091759 24
24091957 95
24091957 312
24091979 1
24092141 3
24092231 1
24092249 3531
24092479 5
24092681 8248
24092767 600
24092821 2244
24092897 1320
24092911 9
24092911 24
24092933 1320
24092947 93
24093073 3
24093079 6297
24093103 168
24093137 39
24093149 19
24093269 7
24093361 11
24093547 20
24093557 7
24093593 12
24093611 136
24093613 15
24093659 1
24093677 28
24093833 183
24093847 4368
24093929 7
24093943 300
24093977 3
24094043 1
24094043 25
24094043 3477
24094051 2321
24094079 6964
24094139 1
24094139 37
24094159 45
24094237 15
24094267 4104
24094373 48
24094379 889
24094379 2745
24094381 51
24094387 720
24094507 5
24094519 29
24094529 7
24094537 1028
24094643 1
24094643 325
24094649 3919
24094667 373
24094751 5949
24094789 32
24094799 1
24094801 3
24094867 212
24094871 7425
24094883 1
24094999 32
24095041 3
24095041 188
24095051 708
24095063 1
24095089 240
24095101 44
24095129 55
24095303 25
24095327 93
24095359 5
24095371 489
24095387 4
24095521 3
24095531 13
24095627 412
24095653 1091
24095657 4
24095791 44
24095879 1449
24095887 332
24095891 121
24096209 60
24096229 12
24096307 33
24096421 3
24096431 1
24096431 924
24096437 2128
24096679 4172
24096689 51
24096713 7
24096763 32
24096781 8
24096913 183
24096967 765
24097039 69
24097189 5339
24097201 8
24097223 21
24097253 31
24097273 3
24097273 320
24097277 7
24097309 47
24097309 164
24097309 176
24097387 5
24097439 1
24097439 45
24097543 8580
24097597 104
24097679 805
24097739 1
24097739 72
24097739 349
24097837 7032
24097877 28
24097937 4
24097949 2664
24097963 113
24097979 1360
24097999 389
24098059 617
24098171 24
24098287 9960
24098311 5
24098317 224
24098341 9036
24098351 1
24098413 152
24098413 411
24098471 33
24098527 1404
24098527 4437
24098531 1
24098531 25
24098531 949
24098573 28
24098573 156
24098653 8
24098699 1
24098773 12
24098887 32
24098909 27
24098923 17
24098983 5
24098993 396
24099067 12
24099107 4
24099113 3
24099151 5
24099161 780
24099167 33
24099167 8113
24099191 4
24099211 1484
24099379 5
24099379 45
24099401 943
24099443 1632
24099521 3
24099571 213
24099689 24
24099763 93
24099769 2036
24099769 3084
24099851 36
24099851 2200
24099869 4
24099871 5025
24099893 3
24099949 5687
24100019 145
24100031 1
24100057 60
24100079 4
24100099 5592
24100177 3
24100187 9352
24100243 477
24100243 693
24100393 8
24100553 3588
24100621 276
24100621 4248
24100639 665
24100829 1324
24100861 656
24100897 7563
24100931 1
24100991 36
24101029 156
24101069 19
24101069 211
24101123 1
24101183 12
24101251 8
24101267 13
24101437 23
24101437 63
24101449 7407
24101501 3
24101521 11
24101531 1
24101621 1071
24101713 3663
24101839 24
24102011 4
24102019 9
24102083 57
24102101 160
24102101 240
24102101 4440
24102173 147
24102173 247
24102173 5131
24102181 96
24102193 3
24102329 31
24102341 3
24102361 23
24102361 104
24102371 1
24102497 1308
24102521 3
24102521 184
24102521 736
24102553 35
24102569 4
24102581 364
24102581 835
24102581 1876
24102623 13
24102667 1052
24102731 9589
24102733 248
24102809 4
24102823 5
24102893 387
24102899 4224
24102959 1
24102971 93
24102977 7
24103043 1
24103063 33
24103097 15
24103099 9
24103217 3
24103217 1344
24103253 96
24103351 5
24103439 4
24103481 403
24103511 1
24103511 109
24103511 2821
24103529 7
24103537 44
24103561 48
24103591 284
24103733 196
24103757 108
24103883 21
24103883 156
24103889 4
24103889 27
24104051 1
24104099 52
24104183 1
24104183 277
24104239 3401
24104303 1
24104303 73
24104303 2457
24104323 12
24104371 8720
24104417 60
24104417 223
24104471 69
24104471 301
24104533 3771
24104543 9225
24104593 15
24104617 39
24104659 20
24104693 7
24104693 15
24104693 4603
24104737 8
24104737 44
24104813 60
24104879 12
24104909 87
24104933 1380
24105079 560
24105083 1
24105143 756
24105203 4777
24105209 4
24105209 435
24105239 1
24105317 127
24105479 1
24105551 1
24105617 4
24105629 819
24105701 63
24105733 2087
24105799 5
24105859 5
24105901 8
24105953 1471
24106097 7
24106157 4
24106183 12
24106267 45
24106367 4
24106367 13
24106517 1527
24106541 679
24106567 1400
24106727 2472
24106757 4683
24106777 32
24106897 3
24106903 93
24106939 5
24106963 125
24107063 141
24107107 5
24107113 7631
24107177 39
24107201 1588
24107249 31
24107249 36
24107329 44
24107357 6703
24107407 1488
24107417 3
24107417 627
24107443 45
24107453 2703
24107557 47
24107579 37
24107761 1776
24107803 5
24107803 80
24107803 96
24107807 492
24107869 20
24107879 1
24107939 1
24107977 3
24107981 4
24108083 100
24108103 461
24108143 1333
24108151 3993
24108181 20
24108229 5571
24108239 1
24108281 76
24108311 4
24108311 49
24108353 16
24108389 415
24108523 876
24108527 4
24108613 392
24108709 132
24108713 3
24108727 5
24108727 1637
24108781 39
24108781 1424
24108803 1
24108803 153
24108809 7
24108827 3744
24108859 341
24108893 3
24109139 1
24109181 3
24109291 1841
24109343 453
24109403 601
24109439 12
24109439 196
24109691 624
24109733 3
24109871 13
24109871 168
24109871 909
24109913 3
24109973 3
24110027 4
24110083 45
24110123 5656
24110171 1
24110171 6180
24110197 3
24110231 220
24110323 1080
24110459 24
24110479 60
24110479 720
24110533 20
24110657 4
24110783 36
24110857 92
24110899 300
24110903 1
24110941 411
24110941 5720
24110987 1320
24111011 1
24111053 483
24111137 4
24111179 3592
24111187 9
24111187 209
24111299 1
24111401 19
24111407 4393
24111413 31
24111413 208
24111599 4
24111599 832
24111631 5
24111631 4329
24111721 3
24111757 3
24111793 7416
24111877 308
24111911 1
24111929 6895
24112063 273
24112091 465
24112139 1
24112157 19
24112181 4
24112219 3645
24112243 57
24112313 288
24112331 1
24112367 232
24112399 5
24112733 132
24112799 189
24112799 220
24112801 2460
24112853 3
24112861 188
24112867 7232
24113003 1
24113051 4
24113069 3127
24113101 84
24113129 340
24113137 23
24113197 128
24113231 1
24113267 25
24113351 24
24113423 1
24113449 27
24113459 9
24113459 45
24113513 4000
24113549 7
24113549 1204
24113561 103
24113611 21
24113611 1928
24113711 1
24113777 28
24113879 352
24113963 16
24114029 15
24114031 164
24114031 5028
24114157 4959
24114217 84
24114241 3
24114253 11
24114253 23
24114367 12
24114451 9
24114509 364
24114527 12
24114661 36
24114751 405
24114763 981
24114917 7
24114917 28
24114919 545
24114949 12
24114953 1731
24114973 308
24114983 1
24115031 669
24115033 3
24115097 8547
24115193 3
24115207 224
24115229 5596
24115337 2752
24115409 184
24115439 1
24115513 1931
24115577 3
24115577 12
24115633 3
24115643 225
24115717 128
24115723 2345
24115727 580
24115759 80
24115781 703
24115879 5
24115933 2451
24115999 45
24115999 9749
24116009 16
24116011 129
24116051 1
24116051 4
24116107 9
24116117 1404
24116227 9869
24116291 460
24116437 368
24116473 3755
24116497 359
24116501 3796
24116633 876
24116669 195
24116723 1
24116921 163
24116987 72
24116993 15
24117053 3
24117073 4827
24117077 12
24117311 1
24117319 125
24117323 1
24117323 13
24117397 5988
24117419 1
24117419 252
24117421 63
24117433 780
24117469 24
24117601 3
24117629 72
24117661 236
24117749 75
24117749 1915
24117787 3777
24117833 2908
24117971 33
24117991 8
24118027 20
24118067 4
24118091 624
24118181 4
24118229 4
24118253 816
24118273 95
24118499 1
24118499 9
24118499 12
24118643 121
24118867 5
24119027 1248
24119063 681
24119101 8
24119171 69
24119171 3153
24119233 27
24119257 5088
24119279 1
24119383 33
24119383 8121
24119437 3
24119453 15
24119633 3
24119653 63
24119653 6227
24119681 4
24119699 4
24119741 711
24119743 5
24119747 652
24119803 4365
24119941 3
24120209 15
24120389 132
24120413 27
24120413 6975
24120457 6000
24120539 1
24120539 4
24120571 593
24120599 1
24120599 745
24120601 804
24120601 6311
24120619 20
24120667 8
24120731 1
24120743 436
24120839 40
24120839 2521
24120853 107
24120857 739
24120857 928
24120857 1443
24120973 3
24120973 227
24121061 3
24121177 23
24121231 113
24121259 3157
24121337 4
24121337 139
24121367 4
24121451 1
24121561 3
24121561 155
24121577 3
24121577 63
24121577 327
24121613 3
24121703 1
24121711 5
24121807 929
24121819 572
24121919 4
24121949 7
24122083 5
24122149 36
24122333 3
24122359 969
24122363 1
24122431 7184
24122443 3653
24122459 1
24122459 4
24122467 249
24122551 1385
24122573 3
24122599 17
24122621 4
24122687 1920
24122771 1
24122771 5373
24122843 16
24122851 5
24122851 2744
24122869 1020
24122873 3
24122933 51
24122933 1896
24122977 32
24122977 35
24122977 392
24123061 15
24123083 1
24123161 148
24123199 185
24123259 5
24123259 876
24123313 3
24123313 35
24123497 148
24123509 4132
24123509 9091
24123613 27
24123613 75
24123641 3
24123647 57
24123683 9576
24123707 157
24123811 5
24123823 12
24123887 85
24123887 673
24123923 1
24123947 2200
24124099 12
24124099 80
24124147 8
24124183 533
24124211 1
24124211 28
24124211 925
24124267 92
24124313 75
24124511 73
24124663 32
24124673 9072
24124721 7468
24124733 51
24124747 12
24124747 252
24124909 36
24124909 827
24124931 1089
24125063 40
24125069 4
24125069 147
24125069 535
24125069 1384
24125089 800
24125131 833
24125173 23
24125207 1348
24125243 1
24125273 472
24125281 3
24125291 1
24125351 424
24125447 565
24125603 1
24125639 409
24125639 936
24125663 1
24125681 2824
24125707 24
24125819 556
24125821 3
24125821 36
24125929 539
24125939 25
24126001 24
24126007 717
24126019 104
24126023 1
24126023 1273
24126107 4
24126127 5
24126211 341
24126233 376
24126283 8
24126283 201
24126481 4179
24126611 4
24126623 3265
24126703 765
24126749 4
24126769 155
24126769 167
24126769 5412
24126797 3
24126797 567
24126803 1
24126937 3
24126937 983
24127013 7
24127073 256
24127091 1
24127111 180
24127127 60
24127141 104
24127189 11
24127189 32
24127247 2473
24127297 279
24127379 1356
24127463 100
24127619 1
24127619 4
24127679 1
24127679 24
24127699 12
24127799 552
24127819 716
24127823 73
24127871 1
24127871 64
24127919 40
24127933 47
24127963 5
24128003 1
24128047 180
24128113 72
24128113 111
24128171 4
24128371 1764
24128371 5744
24128411 145
24128431 8
24128431 1253
24128473 1355
24128521 371
24128543 1
24128543 5212
24128561 108
24128563 8541
24128659 24
24128779 5681
24128873 40
24128887 633
24128983 8
24128987 13
24128987 165
24128999 1
24129059 4
24129059 52
24129071 2533
24129109 759
24129181 35
24129223 605
24129227 88
24129311 9
24129317 3
24129319 2801
24129319 2880
24129331 8
24129331 1164
24129331 7701
24129359 1
24129359 1960
24129433 8
24129499 17
24129503 1
24129503 145
24129533 2947
24129571 581
24129577 12
24129593 2367
24129629 12
24129641 43
24129641 1095
24129733 12
24129733 35
24129757 8
24129799 20
24129821 4
24129823 17
24129841 8
24129841 11
24129869 79
24129881 19
24129881 7096
24129949 71
24129977 4
24129991 8
24130061 1459
24130079 1
24130079 205
24130153 1847
24130177 84
24130187 85
24130187 2145
24130189 4227
24130217 268
24130229 7
24130277 4
24130499 1
24130511 1
24130543 800
24130571 220
24130609 27
24130643 1
24130643 1513
24130853 4968
24130859 492
24130877 4
24130901 8263
24131077 3
24131123 16
24131123 7821
24131153 3
24131153 67
24131207 672
24131297 7392
24131353 11
24131399 4725
24131521 159
24131533 5768
24131543 241
24131579 4
24131579 12
24131629 236
24131663 1300
24131711 4
24131803 381
24131851 1208
24131927 9
24131927 25
24132007 429
24132007 1388
24132047 2988
24132257 4
24132343 5
24132343 6960
24132371 1
24132377 220
24132443 72
24132551 1
24132551 693
24132599 1
24132629 31
24132629 75
24132631 309
24132671 9
24132751 33
24132751 341
24132767 4
24132781 116
24132791 1
24132791 4
24132883 33
24132943 1668
24133033 4880
24133061 499
24133099 12
24133181 396
24133201 2916
24133229 4
24133229 7
24133259 61
24133259 312
24133271 4
24133303 5
24133427 33
24133511 360
24133519 561
24133559 1
24133573 3
24133573 2963
24133649 2035
24133687 2129
24133691 1
24133867 93
24133909 191
24133919 1
24133919 181
24133919 516
24133951 693
24134059 5
24134111 1
24134111 3508
24134129 7
24134129 7131
24134183 1113
24134189 564
24134317 248
24134321 40
24134353 12
24134371 20
24134377 68
24134387 4
24134401 3
24134417 3
24134449 887
24134477 144
24134489 324
24134501 36
24134563 3036
24134597 3
24134623 21
24134639 217
24134639 1377
24134687 4
24134687 25
24134723 1
24134791 4301
24134791 6581
24134827 5393
24134893 83
24134899 137
24134899 9405
24134977 2975
24134983 21
24135029 4
24135029 15
24135157 3
24135157 44
24135157 60
24135179 1
24135277 32
24135389 4
24135401 555
24135437 4
24135439 9
24135539 1
24135623 2241
24135791 1
24135827 157
24135851 1
24135889 912
24135907 20
24135911 5301
24135919 149
24135941 15
24135941 379
24136043 12
24136043 93
24136069 404
24136109 7
24136117 248
24136127 9
24136127 2232
24136139 9
24136187 217
24136313 8376
24136337 19
24136397 4
24136433 7
24136451 4
24136547 433
24136559 7096
24136561 3059
24136573 3
24136601 2436
24136627 8
24136643 1353
24136657 3
24136681 879
24136727 12
24136769 139
24136781 16
24136831 348
24136837 443
24136921 3
24136921 23
24136979 1
24136999 2204
24137131 5
24137153 3
24137173 15
24137227 129
24137237 27
24137237 99
24137249 7
24137363 273
24137387 4
24137389 11
24137411 1
24137411 4
24137413 12
24137417 3
24137441 64
24137447 112
24137471 1
24137471 61
24137527 12
24137539 9
24137539 320
24137563 45
24137587 12
24137587 4800
24137587 5828
24137611 4845
24137683 33
24137683 108
24137731 1016
24137783 3876
24137873 3
24137899 3492
24138061 48
24138071 384
24138199 317
24138229 6092
24138239 1597
24138287 6133
24138503 1
24138533 5227
24138551 144
24138557 7
24138731 8665
24138749 615
24138809 87
24138839 8436
24139021 3
24139021 1215
24139061 3
24139061 48
24139061 2611
24139109 72
24139117 323
24139127 28
24139127 300
24139189 7127
24139231 81
24139231 1785
24139243 333
24139261 35
24139411 21
24139411 185
24139579 477
24139663 273
24139691 133
24139729 20
24139781 4051
24139807 8
24139943 168
24140047 1737
24140059 5
24140353 192
24140371 48
24140411 9
24140423 1
24140579 1
24140603 12
24140647 584
24140651 121
24140807 948
24140843 1
24140861 31
24140911 65
24140947 24
24140999 1
24140999 4
24140999 609
24141031 125
24141119 49
24141167 772
24141199 3812
24141259 21
24141277 84
24141379 17
24141391 7056
24141437 315
24141437 1984
24141521 36
24141527 924
24141527 8173
24141587 768
24141671 1
24141707 3664
24141713 2931
24141823 77
24141869 5676
24142009 255
24142081 71
24142081 6383
24142169 76
24142219 80
24142219 3252
24142289 72
24142357 375
24142367 12
24142429 131
24142457 4
24142501 8
24142511 4
24142549 116
24142553 1203
24142607 9
24142757 4
24142757 67
24142793 67
24142843 2300
24142843 2628
24142883 1
24142883 16
24142897 375
24142897 5504
24142919 349
24143027 9
24143027 292
24143069 960
24143113 8
24143191 569
24143201 6088
24143263 800
24143279 1
24143347 33
24143347 5792
24143429 27
24143447 1132
24143501 64
24143501 5148
24143533 92
24143543 1
24143627 9
24143641 24
24143681 4
24143731 44
24143773 516
24143789 60
24143849 60
24143857 875
24143923 216
24144143 3636
24144209 40
24144223 12
24144299 144
24144311 1
24144409 1200
24144413 91
24144509 316
24144551 4
24144553 128
24144569 6139
24144599 52
24144599 3645
24144647 184
24144661 344
24144661 416
24144671 448
24144671 1245
24144689 16
24144707 40
24144707 7117
24144719 112
24144719 220
24144737 372
24144781 3
24144781 11
24144781 80
24144863 141
24144931 4640
24144931 6929
24145019 3057
24145021 3
24145153 11
24145217 12
24145223 193
24145229 171
24145283 1185
24145307 408
24145343 1
24145399 21
24145441 224
24145477 12
24145483 21
24145519 9
24145577 7
24145577 135
24145577 495
24145601 4
24145739 585
24145811 9
24145811 16
24145841 7551
24145859 9
24145909 3960
24145973 28
24146011 41
24146011 44
24146039 21
24146123 1
24146123 40
24146141 64
24146209 12
24146209 35
24146231 5260
24146327 4
24146327 13
24146543 1
24146543 57
24146543 1581
24146557 8199
24146569 15
24146651 1
24146659 5
24146741 2424
24146743 81
24146761 44
24146761 5408
24146897 7
24147041 363
24147091 105
24147127 5
24147133 6227
24147161 3
24147203 1972
24147223 17
24147223 360
24147239 1
24147251 13
24147281 148
24147289 80
24147301 84
24147317 15
24147457 3
24147479 1
24147491 16
24147509 684
24147509 715
24147509 4404
24147511 5
24147511 749
24147551 13
24147587 840
24147587 1969
24147589 1391
24147611 1
24147719 1
24147839 1
24147839 52
24147863 1
24147863 61
24147911 61
24147971 1
24148043 1273
24148049 4
24148121 16
24148121 60
24148123 108
24148127 37
24148301 3
24148301 3528
24148343 352
24148351 68
24148391 21
24148391 2536
24148417 24
24148493 15
24148529 180
24148543 2376
24148571 1
24148571 156
24148577 4
24148633 12
24148697 3
24148801 8
24148807 725
24148991 1
24148991 225
24149003 1
24149003 3165
24149051 4
24149089 419
24149183 37
24149183 1897
24149189 15
24149207 4
24149219 304
24149309 4
24149317 6075
24149357 1080
24149479 684
24149539 300
24149687 8212
24149693 292
24149803 1028
24149989 899
24150029 1951
24150089 12
24150089 67
24150097 552
24150157 12
24150157 719
24150173 412
24150179 1
24150179 4
24150199 5
24150241 39
24150323 48
24150419 1
24150443 1
24150443 4305
24150479 12
24150481 11
24150481 116
24150499 9
24150587 537
24150611 1
24150611 9
24150617 1068
24150779 3621
24150857 7
24150857 583
24150869 15
24150877 8
24150901 8
24150911 1
24150923 52
24150923 136
24150977 99
24150991 5
24151013 291
24151013 855
24151097 7120
24151103 1
24151103 4552
24151133 12
24151163 40
24151273 488
24151277 79
24151349 256
24151349 2040
24151427 160
24151481 3
24151499 1
24151531 1001
24151619 64
24151727 4
24151741 536
24151741 5520
24151783 2516
24151789 24
24151807 20
24151871 1
24151871 564
24152017 8
24152017 99
24152039 1
24152143 333
24152207 972
24152221 24
24152351 1
24152383 12
24152437 4664
24152489 4
24152593 47
24152641 9759
24152651 1
24152657 40
24152669 15
24152669 675
24152693 748
24152719 245
24152741 799
24152839 2945
24152861 3
24152861 43
24152881 8
24152939 1
24152939 804
24152951 400
24152951 1029
24153079 4536
24153109 1695
24153179 1
24153179 924
24153203 1
24153301 2543
24153323 112
24153331 24
24153529 407
24153593 36
24153593 4840
24153673 116
24153683 141
24153713 3
24153733 56
24153751 5
24153893 768
24153901 2508
24153937 48
24153937 2748
24153947 792
24153953 7
24154201 119
24154243 117
24154253 3
24154259 4
24154259 40
24154283 1
24154283 13
24154321 3
24154321 20
24154349 24
24154349 9291
24154369 20
24154391 76
24154513 32
24154657 20
24154721 696
24154729 87
24154769 4
24154811 1
24154873 75
24154937 7
24155077 564
24155081 79
24155081 2464
24155111 4
24155141 100
24155177 3
24155233 3
24155239 77
24155279 4
24155279 877
24155363 1
24155447 88
24155489 16
24155533 3251
24155629 11
24155629 356
24155633 3
24155633 847
24155689 1796
24155699 4
24155743 12
24155777 300
24155849 16
24155903 81
24155933 3
24155951 1
24155953 11
24155953 1616
24156017 4
24156053 183
24156059 1
24156103 360
24156151 56
24156263 1
24156299 141
24156359 972
24156367 9
24156373 671
24156443 76
24156443 2865
24156479 25
24156557 4
24156557 75
24156577 3
24156653 823
24156679 56
24156683 1
24156761 3
24156859 101
24156889 12
24156943 65
24156947 28
24156947 33
24157093 3
24157109 424
24157139 9
24157193 8668
24157219 609
24157249 1235
24157279 5264
24157333 252
24157381 59
24157499 1
24157499 472
24157501 4551
24157543 21
24157687 144
24157703 172
24157739 9
24157807 165
24157811 1
24157811 6624
24157823 1
24157849 960
24157853 96
24157883 13
24157921 204
24157937 1575
24157961 6040
24157999 5
24158009 244
24158041 3
24158159 816
24158161 8
24158171 1
24158179 17
24158179 765
24158191 5
24158297 15
24158311 101
24158347 1433
24158399 145
24158419 92
24158473 3696
24158489 927
24158527 5648
24158591 1
24158699 1432
24158731 93
24158767 585
24158863 1980
24158909 715
24158941 3
24158941 744
24158977 12
24158977 80
24159029 31
24159049 32
24159101 19
24159133 27
24159133 1308
24159251 1
24159253 3
24159253 8
24159259 201
24159281 3
24159479 4
24159491 1
24159511 9188
24159517 12
24159529 120
24159607 9
24159607 20
24159607 44
24159607 45
24159613 4692
24159643 8453
24159647 25
24159671 8961
24159689 219
24159911 1
24159953 87
24159953 175
24159991 8
24159991 120
24160049 5119
24160079 1
24160121 3
24160139 12
24160159 452
24160237 695
24160351 60
24160471 2829
24160481 8560
24160523 9508
24160531 60
24160547 568
24160579 21
24160579 576
24160583 1
24160639 41
24160693 15
24160709 352
24160751 69
24160751 7528
24160793 720
24160901 139
24160901 6700
24160933 4928
24160943 1
24160943 265
24160991 1
24160999 32
24160999 1064
24161041 219
24161069 312
24161077 3527
24161099 24
24161113 131
24161113 2223
24161153 7
24161153 256
24161153 5896
24161161 35
24161173 116
24161191 24
24161191 45
24161377 132
24161387 33
24161419 540
24161441 244
24161603 3985
24161639 1
24161651 81
24161681 208
24161737 420
24161779 2640
24161789 4
24161801 3
24161887 20
24161899 729
24162059 1
24162059 84
24162101 31
24162119 745
24162241 383
24162241 468
24162251 1
24162269 7
24162289 159
24162311 1144
24162323 37
24162373 131
24162487 449
24162503 48
24162529 420
24162529 1100
24162617 72
24162629 607
24162659 9097
24162821 156
24162833 687
24162871 69
24162911 4084
24162973 140
24162977 9927
24163091 1
24163121 96
24163121 111
24163141 336
24163157 772
24163159 392
24163253 216
24163253 616
24163277 3
24163277 27
24163289 255
24163303 5
24163327 272
24163487 4
24163537 3
24163561 8
24163631 1
24163669 291
24163691 601
24163717 8
24163729 944
24163771 113
24163861 39
24163879 5
24163889 67
24163957 819
24164051 13
24164081 204
24164081 1323
24164111 1
24164111 61
24164201 4
24164281 11
24164297 12
24164317 939
24164339 300
24164401 11
24164401 15
24164473 855
24164489 3120
24164507 3624
24164519 8649
24164557 8
24164597 28
24164629 555
24164659 9
24164677 855
24164677 908
24164687 4
24164759 180
24164761 35
24164771 1
24164771 13
24164783 381
24164849 759
24164897 4
24164897 408
24164929 47
24164963 1
24164989 32
24165023 1
24165133 1056
24165371 1
24165413 12
24165503 1
24165503 21
24165521 51
24165521 2164
24165541 8
24165599 4401
24165611 9
24165611 4104
24165641 19
24165667 12
24165809 4
24165809 55
24165809 1084
24165811 53
24165839 444
24165859 116
24165859 3116
24165877 1587
24165881 1971
24165917 5152
24165919 69
24165923 5145
24165931 656
24165931 3264
24165983 1
24166001 288
24166147 5
24166211 1
24166211 1885
24166349 1747
24166447 228
24166447 2349
24166523 12
24166561 1739
24166697 172
24166771 5
24166823 1
24166823 1077
24166873 3
24166897 15
24166973 3
24166981 3839
24167009 19
24167111 13
24167111 721
24167113 32
24167113 5435
24167113 8420
24167123 345
24167123 8628
24167201 24
24167207 1105
24167207 4825
24167233 392
24167233 531
24167261 5091
24167483 3213
24167551 8
24167597 28
24167597 87
24167711 1
24167711 61
24167783 48
24167783 1836
24167821 1923
24167893 407
24167971 48
24168061 20
24168149 8631
24168161 6004
24168191 1
24168191 81
24168259 20
24168367 420
24168413 60
24168433 3
24168467 4009
24168491 1
24168491 4
24168491 841
24168533 12
24168559 2069
24168563 1
24168563 565
24168667 48
24168667 1013
24168769 6852
24168773 12
24168841 3
24168869 4
24168869 2191
24168899 244
24168943 693
24168953 115
24168953 456
24168961 1803
24169001 4
24169097 4
24169133 268
24169157 372
24169283 1
24169309 12
24169357 87
24169447 9
24169469 4
24169507 108
24169507 477
24169667 472
24169669 12
24169697 7248
24169721 3
24169807 1760
24169823 13
24169853 1087
24169883 96
24169949 15
24169949 156
24170059 32
24170099 1536
24170207 1128
24170221 3288
24170221 5039
24170291 2469
24170357 4
24170431 5
24170441 4
24170453 3
24170561 36
24170567 9508
24170647 2369
24170779 4496
24170789 7
24170801 276
24170801 375
24170801 600
24170843 1
24170857 8
24170893 3
24170903 1
24170903 160
24170903 2508
24170947 257
24170977 3
24170977 2024
24170981 99
24171029 4
24171071 1
24171083 12
24171089 19
24171109 36
24171109 420
24171163 48
24171163 3753
24171197 268
24171299 1
24171307 3612
24171353 6475
24171361 3
24171419 1
24171443 1
24171463 3581
24171479 321
24171493 11
24171559 21
24171593 2076
24171617 40
24171659 2905
24171793 3
24171809 12
24171809 8391
24171811 8409
24171863 1
24171911 9
24171923 13
24172289 739
24172297 83
24172301 3
24172307 24
24172391 1
24172391 4
24172403 12
24172469 531
24172469 1231
24172559 25
24172571 328
24172571 3721
24172607 1408
24172607 3568
24172607 3900
24172619 1
24172627 4485
24172663 3473
24172669 696
24172679 1
24172843 72
24172859 16
24172867 33
24172871 1
24172891 5
24172913 1255
24172927 2309
24172957 8
24172961 331
24172961 7491
24173033 3
24173033 975
24173143 117
24173203 5
24173209 36
24173213 235
24173213 2631
24173291 120
24173603 1
24173603 468
24173647 113
24173659 7265
24173767 1029
24173827 1473
24173951 1
24174053 8323
24174071 301
24174083 25
24174167 172
24174211 20
24174253 155
24174257 3
24174257 99
24174301 1983
24174329 72
24174343 5
24174377 3
24174401 15
24174433 23
24174641 175
24174671 9
24174743 1
24174767 28
24174853 9575
24174911 1
24174959 1
24175147 45
24175153 11
24175211 9
24175237 8
24175271 1
24175303 48
24175379 1
24175397 552
24175397 1752
24175423 2508
24175447 212
24175451 388
24175453 8463
24175511 4
24175577 7
24175583 1
24175597 84
24175603 33
24175631 45
24175631 2296
24175637 9208
24175709 27
24175769 31
24175777 843
24175787 589
24175859 1204
24175861 383
24175867 17
24175867 1929
24175903 5
24175903 557
24175927 8
24175969 27
24176077 20
24176077 4532
24176081 148
24176171 2989
24176219 40
24176221 3
24176221 1764
24176353 1931
24176357 3
24176389 111
24176521 159
24176563 132
24176563 140
24176563 2388
24176627 13
24176857 1460
24176897 103
24176897 955
24176989 327
24177061 3
24177191 4
24177211 549
24177227 120
24177313 2772
24177337 1239
24177337 6084
24177341 3
24177409 219
24177409 236
24177581 736
24177589 24
24177749 2095
24177887 1032
24177931 2904
24177977 4
24177977 12
24178019 1
24178019 4876
24178103 1
24178309 275
24178321 3
24178321 24
24178331 1
24178409 27
24178409 3127
24178457 3
24178519 120
24178571 1
24178577 4
24178577 112
24178597 8
24178639 116
24178673 51
24178673 55
24178711 81
24178717 300
24178741 9060
24178747 260
24178757 439
24178799 660
24178877 7
24178901 1200
24178907 60
24178919 1
24178951 6653
24179017 203
24179107 113
24179179 9
24179213 7875
24179303 28
24179357 1924
24179399 1
24179399 21
24179437 8
24179437 23
24179489 300
24179569 1692
24179651 1
24179737 44
24179801 3
24179843 1
24179879 321
24179879 7005
24179917 3
24180017 1959
24180049 696
24180073 3155
24180151 585
24180173 655
24180187 5
24180251 1
24180259 84
24180281 19
24180311 1
24180329 2091
24180433 348
24180433 1268
24180437 12
24180437 495
24180503 8341
24180523 5
24180539 4
24180581 15
24180581 1795
24180599 49
24180599 156
24180661 975
24180707 25
24180727 257
24180743 93
24180781 3768
24180799 9012
24180803 13
24181187 2104
24181403 993
24181403 4300
24181499 5445
24181561 3
24181637 219
24181741 276
24181753 12
24181847 4
24181957 1284
24181957 6443
24181991 1
24182029 159
24182063 16
24182173 3827
24182309 51
24182309 2119
24182311 5
24182401 36
24182429 4
24182479 21
24182519 1
24182533 15
24182533 308
24182533 1211
24182563 477
24182593 8
24182651 108
24182651 3861
24182659 152
24182689 12
24182747 4104
24182819 156
24182833 12
24182881 3
24182881 20
24182881 3584
24182903 712
24182911 225
24182933 4240
24182933 9603
24182947 360
24183043 5
24183059 1
24183101 4
24183179 37
24183179 105
24183253 3
24183259 224
24183307 2837
24183307 7025
24183407 3253
24183493 671
24183641 180
24183739 5
24183839 3616
24183857 168
24184019 1
24184019 136
24184021 564
24184031 1
24184073 4852
24184133 2160
24184151 24
24184163 61
24184211 9
24184249 344
24184327 17
24184351 989
24184423 5
24184577 4
24184583 205
24184597 1727
24184673 723
24184687 6324
24184813 608
24184861 4808
24184883 9477
24184903 5
24185017 188
24185111 664
24185129 499
24185173 83
24185257 1079
24185263 32
24185263 57
24185267 4
24185269 95
24185299 1020
24185353 2996
24185353 7508
24185417 3
24185419 761
24185431 1941
24185467 3972
24185467 5193
24185477 7
24185563 45
24185591 13
24185591 25
24185677 95
24185677 452
24185717 7
24185723 1
24185779 24
24185789 4
24185807 108
24185807 184
24185807 2068
24185809 5036
24185851 5
24185873 148
24185899 5520
24185933 3
24185933 120
24185939 1
24185939 97
24185947 620
24185957 12
24185981 16
24185999 3021
24186131 1
24186193 63
24186193 96
24186251 1
24186277 215
24186311 4081
24186343 5
24186353 3
24186457 492
24186517 27
24186587 13
24186599 144
24186619 189
24186697 27
24186697 87
24186697 339
24186713 7
24186749 27
24186797 19
24186797 787
24186839 1
24186847 8
24187003 8
24187013 3
24187013 403
24187139 1
24187153 3
24187217 7
24187231 36
24187231 1473
24187333 8
24187343 1
24187367 12
24187367 93
24187391 1
24187433 3
24187459 45
24187561 171
24187679 4
24187679 60
24187721 15
24187739 1
24187811 33
24187861 480
24187873 11
24187873 35
24187921 44
24187979 1
24188107 5
24188107 5909
24188183 12
24188183 661
24188261 3271
24188287 869
24188321 103
24188357 39
24188357 4083
24188371 2213
24188393 7
24188393 1120
24188459 1
24188459 2032
24188459 4852
24188551 80
24188693 3
24188699 7360
24188743 32
24188771 1
24188771 49
24188821 483
24188903 1
24188933 31
24188933 1188
24189101 640
24189133 11
24189257 7
24189257 9744
24189409 231
24189421 183
24189511 189
24189533 115
24189541 7064
24189551 1
24189643 72
24189701 16
24189701 235
24189743 141
24189751 6641
24189829 12
24189829 1184
24189863 165
24189923 1
24189943 897
24189943 968
24189967 9
24190003 12
24190027 29
24190057 419
24190073 31
24190091 1
24190121 4
24190367 12
24190391 25
24190561 1740
24190583 2040
24190583 2980
24190603 236
24190693 108
24190741 23
24190799 180
24190801 3
24190807 77
24190841 3208
24190849 36
24190951 5
24190951 8
24191023 5
24191023 48
24191033 1132
24191039 925
24191039 5316
24191053 116
24191077 39
24191113 3
24191113 5048
24191131 4293
24191173 2087
24191203 65
24191261 111
24191269 1124
24191273 1087
24191311 2289
24191311 2520
24191371 3053
24191381 3
24191483 7356
24191591 1
24191591 309
24191647 884
24191707 8
24191707 4440
24191723 28
24191723 48
24192011 3789
24192013 660
24192109 3795
24192137 3
24192151 780
24192317 7
24192323 1
24192367 1232
24192373 7503
24192397 12
24192397 855
24192401 99
24192463 1392
24192557 60
24192599 1
24192599 12
24192607 12
24192671 1636
24192677 28
24192737 1015
24192737 3964
24192761 15
24192797 15
24192809 352
24193259 229
24193343 177
24193349 7
24193349 175
24193357 3
24193357 2303
24193483 5
24193529 76
24193583 141
24193619 2556
24193661 304
24193679 1
24193679 12
24193681 95
24193693 3
24193721 3
24193817 3
24193817 7
24193937 7
24193943 6013
24193957 8
24193991 240
24194017 539
24194039 196
24194081 4
24194099 1
24194227 4388
24194327 4
24194327 3525
24194441 1075
24194549 4
24194617 23
24194623 2141
24194773 8
24194773 20
24194837 3
24194959 729
24195049 11
24195079 720
24195169 12
24195217 68
24195239 1
24195293 2247
24195349 956
24195349 1536
24195383 1
24195383 2445
24195443 28
24195449 355
24195491 1
24195511 6953
24195571 9
24195571 20
24195697 84
24195733 8
24195823 173
24195907 5
24195979 216
24196009 11
24196009 332
24196013 2515
24196061 184
24196079 1
24196141 3
24196153 8
24196153 27
24196171 9
24196279 1040
24196283 1041
24196283 4101
24196327 1884
24196339 149
24196433 7231
24196477 8
24196619 64
24196639 132
24196793 2943
24196979 1
24196987 17
24197039 1
24197083 452
24197387 229
24197413 1536
24197417 3
24197489 36
24197491 9
24197491 2168
24197501 199
24197533 32
24197617 24
24197689 719
24197699 97
24197713 4347
24197791 1665
24197801 171
24197801 183
24197827 5
24197827 9
24197843 1
24197941 8
24197947 432
24198217 44
24198331 5
24198331 164
24198347 25
24198413 60
24198431 49
24198439 1064
24198521 7800
24198527 28
24198527 48
24198589 92
24198617 3447
24198619 9
24198679 480
24198683 1
24198719 1
24198781 2091
24198907 824
24198929 27
24198929 2100
24198991 113
24199037 4315
24199093 71
24199093 108
24199093 188
24199099 141
24199099 977
24199171 41
24199213 11
24199223 1
24199271 133
24199309 9392
24199333 131
24199361 124
24199403 1
24199423 5
24199457 543
24199459 204
24199579 4269
24199627 2553
24199811 21
24199837 68
24199837 204
24199919 1
24199943 1
24199951 2996
24199999 5
24199999 45
24200051 1
24200081 256
24200101 2388
24200147 108
24200251 329
24200359 380
24200369 8604
24200377 3
24200387 708
24200411 1
24200459 9
24200461 684
24200513 55
24200521 3
24200567 229
24200573 7
24200597 40
24200597 415
24200609 196
24200641 5675
24200747 1984
24200747 2709
24200767 5828
24200789 31
24200831 1
24200909 1840
24200929 96
24201007 89
24201031 21
24201059 1
24201119 1
24201157 452
24201239 136
24201239 3544
24201391 8
24201431 1
24201487 7892
24201509 1224
24201587 4
24201613 23
24201613 683
24201679 21
24201701 9064
24201703 8757
24201713 16
24201781 176
24201797 3
24201889 32
24201899 37
24201907 140
24201949 111
24201949 744
24201997 23
24202019 9
24202043 1
24202051 44
24202063 96
24202151 1
24202229 24
24202231 5
24202231 56
24202273 3
24202337 1879
24202357 92
24202427 28
24202553 15
24202657 3
24202721 3
24202727 9
24202793 412
24202793 2092
24202889 7224
24202943 277
24203041 968
24203063 3877
24203117 7719
24203159 57
24203159 1329
24203183 373
24203203 17
24203269 167
24203273 51
24203297 1219
24203303 4548
24203303 7965
24203353 15
24203353 980
24203503 237
24203527 4292
24203633 160
24203651 1708
24203743 5
24203759 1
24203761 20
24203819 49
24203833 1236
24203887 737
24204023 648
24204079 8085
24204161 424
24204263 1
24204269 31
24204281 3
24204317 3
24204319 1596
24204421 135
24204463 5
24204527 37
24204547 20
24204629 7
24204641 700
24204839 124
24204839 196
24204979 125
24205019 1
24205171 276
24205187 13
24205319 1
24205333 75
24205351 120
24205393 3
24205403 673
24205417 24
24205523 1
24205589 732
24205619 1
24205631 1
24205697 7
24205697 52
24205711 60
24205723 4317
24205777 303
24205777 1467
24205781 6579
24205793 3
24205873 1251
24205901 483
24205921 48
24206047 2117
24206099 49
24206167 68
24206227 24
24206353 108
24206383 2541
24206411 1
24206423 352
24206459 16
24206467 5
24206471 16
24206489 1995
24206537 3
24206537 3592
24206617 8
24206729 72
24206729 592
24206729 4312
24206789 4
24206821 36
24207013 8
24207037 20
24207037 23
24207049 56
24207049 111
24207049 156
24207059 100
24207103 60
24207191 1
24207277 4979
24207283 21
24207283 305
24207317 312
24207419 189
24207419 1296
24207493 2796
24207503 400
24207551 1921
24207563 1
24207709 1556
24207739 45
24207769 707
24207811 41
24207857 67
24207893 3
24207899 1
24207959 1
24207959 6309
24207973 72
24208057 7155
24208087 585
24208123 57
24208189 27
24208189 59
24208201 443
24208363 305
24208411 485
24208453 3
24208607 37
24208711 24
24208759 32
24208879 9
24208883 1
24209077 7407
24209111 289
24209231 33
24209291 1
24209291 3268
24209299 9
24209329 96
24209347 5
24209417 9024
24209453 3
24209483 6648
24209621 4
24209659 141
24209677 7583
24209699 2800
24209719 297
24209753 76
24209821 348
24209821 1371
24209831 1
24209839 2261
24209897 2460
24209909 4
24209917 35
24209917 464
24209917 752
24209953 27
24210143 1
24210181 6740
24210289 12
24210293 148
24210293 4572
24210359 1
24210449 1279
24210457 8
24210493 35
24210611 1
24210611 1236
24210661 3
24210671 261
24210701 19
24210749 16
24210793 3596
24210817 327
24210917 124
24211007 4
24211081 3
24211123 6008
24211129 4056
24211163 1
24211219 9045
24211223 1801
24211261 975
24211303 2157
24211307 109
24211307 1429
24211331 9153
24211337 228
24211463 5460
24211501 2000
24211501 8444
24211511 4
24211559 1281
24211613 91
24211633 3
24211699 180
24211753 3
24211763 1
24211819 21
24211867 5
24211921 20
24211921 275
24211931 4
24211933 8
24211933 1167
24211973 3
24211987 1812
24211997 504
24212011 4484
24212081 3
24212159 1
24212203 608
24212269 71
24212291 1
24212297 12
24212339 1
24212339 1024
24212341 3
24212359 8901
24212371 20
24212381 3724
24212401 395
24212579 1
24212579 5001
24212627 6949
24212647 173
24212711 1
24212921 3
24212939 49
24212983 17
24212987 1273
24212989 824
24212989 3744
24213053 3
24213053 211
24213121 15
24213283 1005
24213323 1572
24213337 1175
24213403 1368
24213407 165
24213481 3
24213533 1267
24213569 2092
24213617 27
24213713 3
24213743 12
24213851 1
24213851 208
24213857 88
24213877 3
24213901 1635
24213913 27
24213941 259
24213971 1
24214019 2196
24214033 8
24214033 1607
24214061 3
24214093 4736
24214109 16
24214123 5
24214181 3
24214247 13
24214297 3
24214381 3
24214381 80
24214513 8
24214513 156
24214513 4296
24214523 928
24214591 8
24214601 75
24214651 21
24214703 540
24214703 2661
24214711 2901
24214727 4
24214733 3223
24214819 5
24214819 132
24214907 417
24214961 19
24214961 36
24214997 415
24214997 1647
24215003 1
24215017 567
24215137 395
24215141 163
24215153 63
24215183 1
24215183 36
24215273 103
24215431 81
24215489 327
24215507 6348
24215567 153
24215591 1
24215603 693
24215621 343
24215641 11
24215677 3
24215717 4
24215729 120
24215729 8296
24215731 69
24215813 108
24215819 117
24215843 96
24215879 129
24215879 2920
24215909 4
24215911 2868
24215911 3561
24215981 616
24216077 12
24216077 1848
24216149 40
24216193 336
24216193 543
24216221 4
24216223 5
24216253 3576
24216331 9
24216349 39
24216407 4
24216427 53
24216457 3
24216461 4
24216473 27
24216541 3
24216607 8
24216763 12
24216767 13
24216889 231
24216991 125
24217003 125
24217031 1
24217139 1
24217139 8025
24217181 15
24217201 1068
24217211 25
24217283 37
24217357 2324
24217379 1
24217379 4
24217379 205
24217409 16
24217559 1
24217607 273
24217667 8173
24217783 3600
24217847 9
24217861 3
24217909 20
24217927 5
24217997 204
24218009 2320
24218039 36
24218107 245
24218147 169
24218189 136
24218213 507
24218221 3
24218221 59
24218459 12
24218531 21
24218617 1628
24218627 9
24218651 1
24218707 8
24218717 27
24218759 792
24218807 9732
24218833 8
24218993 232
24219119 4
24219119 37
24219131 1
24219163 213
24219193 903
24219199 12
24219259 165
24219287 1572
24219289 1160
24219331 5
24219331 5249
24219421 8
24219491 829
24219589 195
24219589 3147
24219647 289
24219703 12
24219731 820
24219757 20
24219757 620
24219803 13
24219821 4
24219829 36
24219841 8
24219931 285
24219961 3
24219991 504
24219991 2945
24219997 3
24220061 3
24220061 1756
24220171 1568
24220201 3
24220201 120
24220279 24
24220283 1405
24220327 6609
24220337 144
24220429 95
24220439 36
24220601 1720
24220601 3223
24220697 4639
24220783 8
24220897 119
24220897 467
24220897 600
24220897 764
24221009 16
24221033 3
24221069 4732
24221089 35
24221173 140
24221203 1137
24221221 135
24221339 1
24221383 5
24221441 3
24221441 1035
24221503 2672
24221539 9
24221539 857
24221671 8
24221797 143
24221831 1
24221831 49
24221837 4
24221851 128
24221893 123
24221947 3512
24222019 116
24222019 2096
24222073 4431
24222091 36
24222223 80
24222347 624
24222409 116
24222413 52
24222491 1
24222571 20
24222593 115
24222617 259
24222619 4061
24222629 4
24222733 1412
24222791 13
24222829 20
24222949 44
24222959 1
24222959 45
24223097 63
24223127 1344
24223153 95
24223187 148
24223261 15
24223273 3
24223321 143
24223337 3
24223343 1
24223343 1260
24223357 1508
24223421 216
24223429 156
24223541 208
24223543 1412
24223583 1
24223627 12
24223631 85
24223721 60
24223721 528
24223769 16
24223889 4
24223909 60
24223933 1440
24223949 2211
24223987 297
24224003 1381
24224023 92
24224111 1
24224117 7
24224219 964
24224407 5
24224413 2771
24224471 189
24224533 456
24224567 25
24224573 196
24224593 11
24224611 516
24224653 95
24224653 1131
24224719 2885
24225001 783
24225031 56
24225031 5100
24225037 3
24225041 184
24225041 7548
24225067 9197
24225239 4
24225259 2516
24225347 913
24225347 5313
24225373 11
24225403 17
24225419 1
24225419 64
24225451 29
24225541 119
24225563 12
24225671 4
24225857 3535
24225941 1119
24225959 4
24225997 3
24226063 5
24226087 5
24226093 728
24226109 136
24226127 37
24226193 423
24226253 4452
24226261 3
24226381 668
24226427 48
24226457 3
24226493 355
24226507 33
24226607 45
24226661 3
24226703 1648
24226801 3
24226831 21
24226837 963
24226967 2037
24227081 3
24227081 3396
24227219 4
24227219 429
24227237 48
24227369 120
24227381 3
24227381 4
24227473 75
24227477 100
24227507 12
24227531 1
24227569 227
24227639 892
24227659 2592
24227681 3
24227713 615
24227741 3
24227743 113
24227821 3
24227867 628
24227881 96
24227899 21
24227899 7752
24227923 5
24227953 3456
24228073 543
24228121 2295
24228167 4
24228167 3060
24228199 141
24228389 1195
24228469 395
24228571 9
24228593 96
24228643 36
24228661 1119
24228661 3416
24228697 1484
24228709 4367
24228713 612
24228719 1
24228749 15
24228797 3
24228797 19
24228817 383
24228839 61
24228871 605
24228907 9
24228907 524
24228929 1816
24228977 4
24229019 69
24229019 156
24229069 372
24229129 36
24229129 51
24229151 21
24229151 336
24229171 1805
24229207 20
24229207 44
24229207 132
24229279 116
24229291 9
24229349 2140
24229349 9331
24229399 5
24229571 1
24229577 12
24229577 123
24229577 2023
24229591 48
24229591 141
24229633 6671
24229661 3435
24229721 3
24229721 43
24229801 5675
24229841 3480
24229847 144
24229873 32
24229979 1
24229979 6981
24230039 1
24230047 228
24230093 72
24230191 2465
24230243 1
24230243 300
24230279 6625
24230363 73
24230443 176
24230443 740
24230587 525
24230669 112
24230821 24
24230821 348
24230879 984
24230977 735
24231043 45
24231049 5819
24231131 4
24231157 8
24231161 31
24231209 39
24231257 55
24231271 2133
24231323 1
24231323 117
24231323 493
24231323 3133
24231329 1440
24231373 3
24231563 1
24231577 695
24231611 1
24231671 1
24231671 4
24231709 59
24231841 15
24231841 119
24231847 944
24231967 164
24232057 104
24232057 3527
24232073 3
24232097 4
24232121 4
24232127 4
24232261 4280
24232301 43
24232331 28
24232333 1556
24232357 44
24232357 2799
24232469 4
24232471 708
24232471 8496
24232519 1724
24232519 9837
24232583 2325
24232673 3
24232757 4
24232811 5193
24232853 63
24232889 300
24232919 1
24233023 53
24233093 7
24233093 55
24233093 91
24233197 219
24233257 143
24233267 4
24233281 24
24233311 1004
24233323 8
24233383 117
24233393 91
24233459 180
24233479 441
24233479 3944
24233579 1732
24233663 4320
24233771 1
24233771 36
24233771 1885
24233843 1
24233849 399
24233851 440
24233921 4
24233969 4
24233977 95
24234011 5028
24234103 5
24234103 497
24234103 2933
24234167 24
24234209 31
24234269 7
24234313 12
24234437 67
24234451 24
24234451 668
24234451 1125
24234461 864
24234533 391
24234533 5580
24234547 8
24234547 945
24234599 1
24234619 117
24234713 2152
24234737 955
24234761 3895
24234779 1
24234799 5
24234853 3
24234871 45
24234961 3
24235019 1317
24235021 3
24235027 297
24235027 4569
24235073 855
24235147 420
24235157 388
24235199 1
24235247 1257
24235291 1596
24235427 13
24235451 324
24235511 1
24235553 111
24235559 1
24235639 69
24235643 1
24235643 120
24235667 49
24235669 87
24235669 651
24235763 28
24235877 4
24235877 127
24235979 1
24235993 15
24236137 399
24236159 76
24236167 8
24236269 579
24236293 3
24236297 2167
24236357 8832
24236393 712
24236413 1436
24236437 20
24236437 120
24236507 12
24236507 8232
24236567 480
24236659 1044
24236759 1044
24236897 688
24237149 15
24237149 2052
24237173 3
24237209 12
24237287 2277
24237299 321
24237347 3397
24237449 4
24237491 1
24237491 129
24237523 3233
24237527 612
24237583 77
24237623 1
24237727 9
24237737 3
24237739 44
24237793 6156
24237943 4872
24237973 3
24238033 7848
24238037 15
24238037 2875
24238079 1
24238099 36
24238139 1
24238163 1141
24238189 2436
24238231 93
24238237 3
24238259 4
24238273 3
24238307 9
24238309 12
24238351 605
24238391 1
24238427 993
24238601 4
24238607 4
24238639 12
24238691 33
24238691 2301
24238723 8
24238727 6265
24238789 12
24238843 201
24238853 15
24238871 1
24238897 23
24238901 583
24238901 1699
24238939 2816
24239069 124
24239101 68
24239113 132
24239129 12
24239167 168
24239191 21
24239279 21
24239351 93
24239363 4053
24239419 12
24239419 3432
24239429 255
24239429 6324
24239437 3
24239483 1
24239507 1425
24239533 3
24239533 11
24239543 1641
24239669 19
24239669 3031
24239717 292
24239837 1515
24239849 19
24239851 513
24239867 4
24239881 84
24239933 16
24239989 11
24240019 117
24240023 168
24240193 3
24240311 1
24240311 4
24240467 280
24240499 584
24240509 4479
24240511 60
24240539 21
24240641 4
24240641 48
24240677 6307
24240683 172
24240709 24
24240719 12
24240739 1145
24240803 1
24240857 507
24240857 2839
24240889 35
24240889 6200
24240899 432
24241081 3
24241081 171
24241117 35
24241213 3
24241277 3
24241297 72
24241369 35
24241409 7
24241409 52
24241429 5187
24241457 1680
24241487 25
24241513 15
24241543 5
24241543 53
24241543 4553
24241559 1
24241729 56
24241781 16
24241799 9
24241799 1264
24241799 5236
24241823 57
24241879 44
24241951 108
24241963 81
24241991 336
24242033 7
24242033 36
24242077 7019
24242117 2772
24242131 9
24242137 3
24242189 7
24242219 4
24242243 1
24242249 7
24242377 27
24242591 1
24242593 243
24242639 2580
24242671 584
24242843 217
24242863 48
24242863 1017
24242873 31
24242909 12
24242909 60
24243053 1320
24243053 3795
24243083 1
24243083 88
24243137 3
24243151 21
24243199 120
24243287 192
24243293 1683
24243397 3
24243521 139
24243607 48
24243607 65
24243707 52
24243721 3668
24243733 3
24243773 75
24243907 8
24243929 567
24243979 12
24244013 7
24244063 492
24244063 1121
24244177 3
24244379 8329
24244391 48
24244403 12
24244417 15
24244417 1080
24244481 48
24244501 75
24244537 8
24244603 81
24244631 1
24244631 28
24244639 177
24244673 183
24244721 4
24244793 3
24244799 1
24244799 144
24244823 832
24244889 2895
24244919 9
24244973 15
24244973 16
24245041 11
24245041 248
24245051 133
24245119 41
24245149 179
24245153 555
24245183 1320
24245233 83
24245407 2009
24245413 2847
24245447 13
24245461 188
24245579 4
24245629 20
24245779 12
24245789 144
24245789 379
24245831 16
24245869 575
24245983 8
24245983 3816
24245993 3
24246017 1384
24246037 3
24246037 2159
24246083 261
24246133 9548
24246251 169
24246251 1968
24246253 1220
24246263 1
24246389 16
24246401 8283
24246427 8
24246503 1
24246517 6420
24246637 224
24246661 179
24246667 4625
24246727 9
24246727 12
24246791 1
24246821 31
24246823 17
24246931 1788
24246931 2265
24246977 507
24247001 16
24247001 5856
24247057 8
24247057 5244
24247061 3
24247123 12
24247199 12
24247213 11
24247273 3476
24247309 5352
24247343 1
24247403 1
24247403 1468
24247403 1888
24247409 4
24247411 161
24247513 3
24247579 5
24247579 332
24247633 2772
24247637 60
24247651 1184
24247747 5
24247757 3
24247757 160
24247889 4
24247891 4580
24248039 1
24248131 24
24248183 13
24248243 256
24248297 1792
24248297 5799
24248299 197
24248453 60
24248453 151
24248459 1
24248489 5176
24248513 2128
24248519 9
24248527 113
24248773 1091
24248827 5
24248849 4
24248849 1500
24248897 7
24248899 60
24248909 136
24249193 3
24249217 23
24249229 11
24249271 24
24249403 32
24249443 4300
24249493 3
24249647 6880
24249683 3777
24249773 207
24249821 6580
24249881 4
24249923 817
24249949 111
24249971 1
24249971 1120
24250049 19
24250049 75
24250067 309
24250241 4743
24250243 536
24250283 1
24250283 57
24250363 17
24250379 1
24250379 904
24250399 477
24250493 15
24250531 296
24250549 2939
24250573 11
24250573 6240
24250601 3931
24250607 9
24250693 63
24250703 1
24250703 72
24250727 33
24250771 4065
24250841 1728
24250861 3
24250861 8
24250879 45
24250883 201
24250883 205
24250957 35
24250979 96
24251033 1227
24251063 1
24251069 12
24251137 1107
24251147 4
24251147 9
24251147 172
24251203 5
24251323 137
24251347 69
24251431 8
24251489 412
24251611 5
24251611 9
24251651 1
24251651 73
24251663 1
24251749 152
24251873 1788
24251879 1
24251879 132
24251893 8367
24252001 4368
24252017 55
24252017 744
24252073 3
24252077 7
24252101 3
24252121 183
24252209 507
24252257 940
24252259 24
24252269 516
24252317 108
24252317 1359
24252383 1
24252401 235
24252407 169
24252413 27
24252433 116
24252479 1
24252479 45
24252499 6444
24252521 19
24252539 781
24252601 119
24252629 552
24252643 392
24252769 44
24252769 1716
24252779 1
24252793 11
24252793 20
24252841 8
24252841 51
24252847 2109
24252937 15
24252967 68
24252967 165
24253013 1275
24253121 208
24253121 3343
24253133 48
24253199 1
24253217 5292
24253343 1
24253343 25
24253379 621
24253459 9
24253487 168
24253613 2103
24253643 1
24253643 4321
24253721 4
24253769 3567
24253787 48
24253829 75
24253841 4
24253877 2572
24253967 1869
24253967 3024
24254003 232
24254033 12
24254099 1
24254099 4
24254099 21
24254101 11
24254137 228
24254173 15
24254261 39
24254267 109
24254267 1017
24254339 4
24254357 19
24254357 832
24254407 2328
24254423 12
24254429 7
24254467 300
24254467 629
24254533 3
24254561 3
24254591 85
24254599 20
24254611 89
24254611 213
24254639 1917
24254641 3
24254707 8
24254729 676
24254809 336
24254819 1
24254827 545
24254917 9143
24254941 15
24254969 24
24254969 171
24254977 4520
24254981 268
24255059 784
24255097 24
24255137 7
24255137 1144
24255193 3780
24255323 1
24255323 568
24255359 1
24255373 3
24255391 20
24255467 28
24255467 277
24255467 465
24255467 6825
24255467 8200
24255493 72
24255601 3
24255601 483
24255727 8
24255727 1608
24255739 24
24255769 44
24255841 11
24255841 6519
24255893 16
24255893 252
24255953 16
24255997 3
24256031 4
24256031 1389
24256039 356
24256079 1
24256087 8
24256163 1
24256181 3
24256273 23
24256313 5491
24256381 156
24256459 44
24256643 1
24256643 5976
24256811 4
24256879 8192
24256957 7784
24256997 15
24256997 4215
24257063 7680
24257143 81
24257143 5105
24257227 5
24257273 528
24257297 364
24257329 551
24257333 715
24257339 1
24257383 33
24257383 188
24257399 1
24257483 1
24257713 3
24257767 108
24257767 140
24257767 213
24257771 1
24257771 24
24257797 7607
24257867 169
24257867 613
24257897 7
24257897 27
24257897 163
24258029 372
24258029 556
24258121 23
24258127 533
24258257 55
24258323 1
24258343 96
24258427 1445
24258433 4832
24258469 6644
24258503 16
24258503 2305
24258517 3
24258547 720
24258551 1
24258601 116
24258743 1
24258799 2772
24258821 19
24258841 11
24259063 53
24259069 60
24259073 7
24259091 3336
24259093 56
24259093 216
24259121 3
24259139 109
24259177 8
24259199 1
24259223 1
24259307 7377
24259369 224
24259381 3
24259381 1199
24259393 11
24259421 364
24259511 153
24259511 6505
24259513 5067
24259559 4
24259633 111
24259657 24
24259723 80
24259831 65
24259831 125
24259841 871
24259841 2868
24259843 5
24259957 1203
24259999 5
24259999 36
24260051 4
24260053 3123
24260141 6276
24260179 5232
24260237 492
24260287 1380
24260323 12
24260323 777
24260333 16
24260363 61
24260417 3
24260459 1
24260531 49
24260531 133
24260611 8
24260611 248
24260647 7820
24260707 72
24260779 5336
24260783 16
24260809 267
24260857 3
24260869 255
24260959 77
24260993 12
24260993 4528
24261131 84
24261239 4
24261473 4903
24261581 744
24261617 3
24261617 4
24261659 9
24261683 1
24261683 108
24261691 708
24261707 148
24261767 13
24261793 140
24261827 429
24261869 391
24261883 5940
24261947 2049
24261997 3
24262087 5
24262103 216
24262169 4276
24262219 2516
24262237 80
24262267 3960
24262327 948
24262331 36
24262351 389
24262391 280
24262391 2460
24262541 4915
24262543 5
24262573 192
24262681 648
24262697 283
24262699 9
24262781 3
24262897 92
24262919 1
24262957 3
24263243 1
24263243 40
24263243 700
24263243 7981
24263311 924
24263377 288
24263383 21
24263387 169
24263537 1744
24263557 3
24263711 1180
24263711 3156
24263717 3
24263831 16
24263857 212
24263903 28
24263929 2160
24263977 2448
24263999 124
24263999 397
24264113 1996
24264187 4533
24264211 9
24264211 45
24264211 945
24264211 981
24264223 1061
24264299 76
24264307 8
24264371 1
24264371 153
24264403 1196
24264433 8
24264473 148
24264479 1
24264479 2865
24264511 108
24264571 41
24264623 1377
24264673 27
24264733 11
24264809 240
24264809 1336
24264883 5
24264883 17
24264893 7
24264893 16
24264901 39
24264979 84
24264991 56
24265067 33
24265121 2319
24265237 3
24265237 507
24265271 249
24265289 19
24265313 3
24265313 16
24265313 156
24265313 328
24265313 2908
24265349 4
24265357 3
24265357 12
24265357 75
24265469 159
24265469 715
24265519 140
24265607 8548
24265751 1
24265757 115
24265819 264
24265937 819
24265961 3
24266093 196
24266111 25
24266111 48
24266171 1
24266171 45
24266183 6753
24266189 39
24266213 3
24266321 4
24266323 36
24266369 4
24266371 41
24266483 172
24266507 6604
24266513 871
24266569 11
24266569 1272
24266573 111
24266597 4
24266713 11
24266713 396
24266729 2139
24266777 4
24266777 28
24266843 1
24266843 576
24266873 867
24266897 2844
24266953 8372
24267107 37
24267119 5124
24267137 372
24267137 1044
24267137 2772
24267151 5
24267247 233
24267289 1472
24267377 12
24267407 112
24267407 2389
24267409 35
24267421 3
24267527 964
24267539 57
24267611 1033
24267631 81
24267667 5
24267679 156
24267689 4884
24267709 24
24267713 5800
24267791 13
24267797 7
24268019 1
24268081 15
24268093 5187
24268093 9875
24268147 149
24268207 225
24268261 4176
24268327 12
24268457 27
24268463 1
24268483 72
24268501 8
24268501 399
24268637 300
24268649 19
24268747 17
24268831 33
24268831 248
24268831 6368
24268837 179
24268861 791
24268927 80
24268957 1160
24269017 3
24269093 156
24269101 3
24269159 484
24269257 12
24269257 2475
24269293 20
24269359 9
24269363 1
24269381 544
24269551 2184
24269579 25
24269603 1
24269771 189
24269789 4959
24269803 2436
24269857 39
24269857 3192
24269867 84
24269867 268
24269923 273
24269957 4
24269963 12
24269963 25
24270089 16
24270089 19
24270097 8
24270157 63
24270227 69
24270247 12
24270331 3428
24270443 1
24270503 816
24270527 529
24270527 1272
24270539 37
24270583 1748
24270599 4
24270629 4
24270629 39
24270629 307
24270629 3352
24270671 1
24270677 40
24270749 7035
24270749 7527
24270803 1
24270871 1173
24270971 2068
24270997 59
24271103 2068
24271217 3
24271277 3
24271277 520
24271309 15
24271319 36
24271343 1
24271367 2617
24271367 7873
24271397 3
24271453 116
24271459 809
24271501 399
24271661 4
24271781 48
24271789 212
24271883 93
24272057 4
24272057 24
24272099 2925
24272117 4
24272231 709
24272299 120
24272323 56
24272377 1148
24272387 2589
24272477 52
24272503 1748
24272509 15
24272537 7
24272609 340
24272669 16
24272711 1
24272713 3
24272713 356
24272771 1
24272839 21
24272873 31
24272903 1
24272909 52
24272917 23
24272917 243
24272921 2059
24272929 4476
24272939 1
24272939 4
24273049 1467
24273163 20
24273169 107
24273169 644
24273209 67
24273251 1
24273251 564
24273421 1460
24273427 68
24273451 44
24273481 435
24273673 3188
24273727 32
24273727 6528
24273731 1216
24273751 8
24273751 413
24273793 407
24273817 20
24273853 3
24273853 95
24273877 3
24273877 3708
24273881 3
24273923 76
24274027 48
24274051 21
24274121 24
24274199 1
24274259 1
24274339 81
24274417 3
24274667 189
24274717 3
24274739 8529
24274823 1
24274823 553
24274843 41
24274897 579
24274979 37
24275057 27
24275081 4
24275087 309
24275129 7
24275129 4987
24275149 1500
24275231 4
24275231 25
24275261 4
24275267 48
24275351 4
24275351 3768
24275389 99
24275401 668
24275423 1500
24275467 1344
24275477 448
24275501 3
24275579 352
24275617 815
24275617 7428
24275651 865
24275683 21
24275723 3000
24275857 519
24275893 4443
24275897 3
24275941 3
24275981 1024
24276101 3
24276143 793
24276361 3
24276367 33
24276457 912
24276529 156
24276611 933
24276611 1065
24276611 6196
24276793 3
24276829 171
24276839 652
24276839 660
24276853 63
24276893 435
24276899 480
24276911 1
24276943 753
24276979 416
24276979 4184
24277163 1
24277361 4
24277399 1401
24277483 960
24277507 1305
24277541 15
24277559 1
24277571 73
24277607 1305
24277667 184
24277691 4
24277697 28
24277777 3083
24278039 465
24278039 8197
24278131 2993
24278171 180
24278173 4472
24278213 883
24278291 1
24278357 24
24278357 144
24278369 139
24278393 91
24278459 237
24278497 8
24278503 336
24278537 39
24278587 204
24278587 1325
24278591 1
24278633 327
24278651 1
24278711 4
24278801 76
24278861 3
24278959 32
24278977 8
24278977 5967
24279113 3
24279113 232
24279163 476
24279223 1500
24279301 24
24279341 279
24279439 92
24279439 3945
24279449 264
24279509 7
24279509 87
24279517 140
24279517 420
24279517 1280
24279599 532
24279617 2980
24279631 29
24279643 32
24279653 55
24279679 140
24279719 1
24279767 4
24279811 705
24279833 3
24279841 3
24279841 11
24279863 1
24279923 4288
24279943 105
24279947 57
24279977 67
24280049 75
24280121 139
24280127 60
24280237 8
24280253 67
24280253 903
24280253 2443
24280343 228
24280427 9
24280429 155
24280469 1315
24280523 1
24280639 89
24280661 3691
24280693 23
24280699 24
24280721 19
24280741 3
24280771 81
24280799 1
24280819 65
24280849 231
24280871 1
24280873 23
24280933 3
24280933 783
24280961 4
24280973 31
24281009 4
24281011 9
24281039 1
24281071 20
24281113 480
24281177 207
24281237 48
24281267 1369
24281303 1
24281417 19
24281417 24
24281429 4
24281431 41
24281459 1
24281527 9
24281591 2269
24281623 392
24281641 63
24281701 119
24281737 2615
24281749 1644
24281783 180
24281819 4
24281849 7
24281849 24
24281893 2651
24281911 5649
24281923 5
24281969 19
24282059 1
24282059 136
24282067 872
24282079 5
24282119 57
24282119 636
24282121 468
24282163 65
24282233 3
24282233 7
24282233 1075
24282241 660
24282283 816
24282299 1
24282329 4
24282343 92
24282371 204
24282481 8
24282529 32
24282529 432
24282581 5748
24282593 4936
24282653 1203
24282847 105
24282959 825
24282967 8
24282967 17
24282983 81
24283037 5539
24283069 4179
24283097 4032
24283187 4
24283321 3
24283351 8
24283403 61
24283409 219
24283421 4
24283481 543
24283489 420
24283613 123
24283703 73
24283747 192
24283801 1160
24283841 4
24283901 1155
24283967 9
24283967 69
24283997 3243
24284053 3
24284053 51
24284081 3
24284111 244
24284119 36
24284149 51
24284179 81
24284203 780
24284231 1
24284231 40
24284243 2521
24284263 168
24284269 11
24284287 20
24284327 57
24284333 508
24284461 11
24284531 1
24284537 4
24284591 13
24284593 4055
24284599 5
24284599 681
24284633 295
24284681 43
24284681 228
24284683 381
24284693 1315
24284713 1476
24284747 4
24284747 12
24284929 1020
24285073 27
24285083 1
24285143 2637
24285199 9
24285203 1
24285451 5
24285451 8
24285523 101
24285601 131
24285719 25
24285839 4
24285967 93
24285967 1017
24286069 531
24286109 40
24286121 1480
24286177 72
24286277 9364
24286429 15
24286517 3
24286517 12
24286519 189
24286607 24
24286607 57
24286607 529
24286651 9
24286651 44
24286651 113
24286789 11
24286813 3
24286901 4
24286907 13
24286909 87
24286909 495
24286963 92
24286993 152
24287051 1
24287051 276
24287051 8761
24287141 1456
24287161 131
24287209 944
24287231 28
24287233 71
24287273 243
24287363 205
24287387 204
24287423 1
24287423 1228
24287569 35
24287581 3
24287629 11
24287789 1120
24287801 24
24287843 1
24287929 35
24288007 224
24288029 331
24288029 3535
24288059 25
24288067 840
24288079 5
24288079 9
24288119 160
24288217 23
24288233 5331
24288311 1
24288311 8676
24288413 3
24288587 12
24288611 49
24288661 108
24288673 11
24288673 2723
24288791 1
24288791 85
24288809 31
24288809 115
24288923 1
24288923 85
24288923 93
24288991 240
24288997 3
24289003 632
24289009 39
24289129 47
24289273 36
24289289 2719
24289289 3831
24289301 16
24289319 12
24289319 141
24289381 9975
24289513 23
24289691 40
24289693 6735
24289781 4
24289843 2585
24289879 96
24289879 605
24289901 15
24289927 9
24289933 51
24290029 2120
24290069 7
24290137 3
24290153 675
24290207 868
24290249 4
24290293 1116
24290293 5012
24290339 124
24290393 2112
24290509 12
24290521 3
24290557 3
24290561 7204
24290597 1108
24290641 11
24290659 5076
24290663 1
24290699 1
24290767 105
24290839 1077
24291109 4311
24291143 5917
24291149 19
24291161 4336
24291209 15
24291233 16
24291313 3416
24291353 931
24291439 105
24291563 16
24291563 25
24291577 35
24291593 588
24291719 9
24291739 221
24291739 609
24291833 15
24291857 24
24291959 1
24292043 1
24292159 189
24292183 17
24292193 7
24292207 9
24292207 7685
24292211 1
24292237 387
24292237 7680
24292249 644
24292271 60
24292297 152
24292349 2007
24292361 5539
24292369 56
24292397 4
24292403 121
24292409 64
24292451 1
24292511 1
24292573 11
24292589 100
24292591 5
24292591 728
24292607 4
24292651 1520
24292679 2976
24292727 285
24292783 5
24292789 251
24292799 1
24292897 23
24292897 47
24292897 215
24292903 12
24292969 380
24292999 3801
24293111 25
24293261 3
24293261 304
24293263 5
24293413 675
24293471 1
24293471 2616
24293713 116
24293827 45
24293861 5643
24293879 5277
24294041 4
24294041 388
24294047 133
24294047 217
24294167 69
24294251 1
24294433 188
24294437 15
24294437 87
24294451 180
24294481 443
24294493 8
24294493 27
24294493 252
24294493 6863
24294727 8
24294799 12
24294929 15
24294967 57
24294983 13
24295223 1
24295223 28
24295231 2345
24295241 4428
24295307 69
24295321 95
24295333 191
24295399 17
24295409 451
24295457 3
24295463 61
24295517 492
24295619 4
24295697 1395
24295709 16
24295709 100
24295709 1572
24295709 2392
24295753 768
24295753 3956
24295763 1
24295763 172
24295837 252
24295861 20
24295861 339
24295871 1
24295879 72
24295883 280
24295913 31
24295919 1
24295937 1155
24295961 3
24295969 20
24295979 165
24296071 80
24296159 1
24296159 2557
24296249 5160
24296273 103
24296299 41
24296351 9
24296381 3
24296381 1156
24296407 8
24296407 60
24296429 4
24296513 3
24296543 12
24296557 4212
24296581 83
24296581 1824
24296633 88
24296803 8
24296903 1
24296933 3
24296933 187
24297001 1008
24297023 1
24297083 1
24297083 352
24297253 5823
24297277 144
24297289 95
24297359 1
24297359 21
24297569 4
24297569 91
24297673 36
24297727 7173
24297799 9
24297799 96
24297799 1061
24297817 8
24297841 20
24297869 51
24297899 4
24298031 85
24298181 28
24298213 3
24298231 48
24298237 4739
24298243 93
24298289 7
24298331 4
24298361 2100
24298489 260
24298489 1200
24298493 1207
24298601 64
24298639 9
24298873 3
24298889 231
24298907 37
24298949 732
24298979 1
24298979 7116
24299123 28
24299153 87
24299213 3796
24299227 12
24299227 32
24299251 65
24299399 4
24299399 24
24299413 231
24299453 3
24299543 1
24299549 5227
24299573 15
24299719 32
24299719 1217
24299797 7884
24299801 259
24299887 4037
24299903 12
24299909 199
24299929 20
24299929 1220
24300007 4329
24300013 516
24300079 96
24300109 1164
24300161 235
24300179 1
24300229 72
24300277 384
24300281 400
24300371 1
24300473 15
24300511 5
24300583 236
24300583 4601
24300587 69
24300611 681
24300629 7
24300691 9
24300737 4080
24300847 24
24300853 135
24300853 195
24300863 1
24300929 232
24300959 1
24300959 381
24300961 3
24301009 2175
24301103 1
24301103 7968
24301141 8
24301141 156
24301273 2403
24301289 295
24301289 624
24301331 48
24301367 9
24301373 180
24301477 3
24301597 3
24301661 3
24301661 1020
24301957 27
24301957 48
24301999 5
24301999 741
24302011 33
24302021 4
24302051 1
24302063 7321
24302077 15
24302111 33
24302189 7
24302209 20
24302227 17
24302321 51
24302359 297
24302479 1532
24302633 907
24302693 175
24302693 4147
24302711 1
24302711 24
24302717 235
24302723 16
24302723 240
24302723 5560
24302801 1923
24302819 301
24302879 5640
24302891 1
24302903 1
24302909 7
24302909 756
24302951 21
24302959 140
24302959 240
24302983 7277
24303091 333
24303121 39
24303263 1
24303269 187
24303329 84
24303329 840
24303373 63
24303373 1760
24303397 6483
24303449 31
24303467 145
24303509 51
24303563 1
24303667 12
24303667 1445
24303683 1
24303691 9
24303743 1225
24303791 9288
24303821 199
24303821 711
24303859 3825
24303889 11
24303889 167
24303953 3
24303991 5
24304003 1061
24304003 2057
24304019 7204
24304187 12
24304187 24
24304193 8703
24304229 64
24304253 27
24304253 28
24304253 168
24304351 20
24304367 7593
24304421 1528
24304453 1952
24304471 4413
24304517 3
24304541 3
24304571 4
24304573 2736
24304603 7841
24304681 3
24304739 621
24304801 95
24304897 35
24305003 9157
24305027 1797
24305051 1
24305119 29
24305159 1
24305173 432
24305179 21
24305207 9393
24305249 7
24305279 1
24305293 68
24305299 5
24305321 3
24305353 8
24305399 16
24305473 35
24305483 1
24305543 28
24305551 2816
24305591 1
24305599 81
24305689 315
24305711 4
24305713 1760
24305713 3156
24305789 24
24305819 1
24305819 157
24305899 57
24305951 4
24305951 1408
24306067 372
24306083 21
24306119 601
24306127 197
24306179 1
24306181 339
24306203 1
24306203 5836
24306371 4840
24306409 20
24306421 15
24306433 23
24306577 12
24306767 85
24306769 696
24306859 65
24306881 780
24306881 4480
24306907 4248
24306941 168
24306983 40
24306983 60
24306983 76
24307183 3860
24307189 360
24307421 28
24307429 1272
24307477 2472
24307519 5
24307559 165
24307607 4332
24307643 12
24307649 15
24307693 3
24307729 36
24307799 21
24307837 104
24307901 2251
24307931 4
24308017 428
24308017 672
24308077 3
24308111 2125
24308143 1148
24308183 1
24308189 4611
24308231 4
24308231 28
24308233 83
24308243 1
24308267 9
24308267 1972
24308311 5
24308311 429
24308357 583
24308359 972
24308363 1
24308461 24
24308497 375
24308513 1732
24308551 33
24308629 6191
24308633 3
24308633 15
24308797 3
24308863 20
24308939 1
24308939 2385
24308959 825
24308981 3
24308981 243
24309013 555
24309013 1227
24309127 5
24309127 20
24309161 16
24309317 24
24309343 72
24309401 235
24309503 1
24309553 1568
24309559 5
24309559 9276
24309613 8
24309613 156
24309617 55
24309773 1191
24309809 772
24309889 44
24310001 339
24310021 515
24310049 7
24310151 2469
24310151 2964
24310157 519
24310211 321
24310211 2649
24310229 16
24310267 17
24310267 149
24310303 3945
24310361 31
24310373 396
24310373 1195
24310441 9363
24310529 264
24310577 624
24310589 24
24310667 213
24310717 623
24310771 65
24310837 4875
24310889 4
24311129 4
24311191 4328
24311219 1
24311227 5
24311291 1
24311291 313
24311491 188
24311501 19
24311501 411
24311519 396
24311593 11
24311597 3
24311603 733
24311629 92
24311633 60
24311723 300
24311879 1
24311933 7
24311933 667
24311933 1000
24312047 2508
24312059 1
24312097 15
24312149 475
24312161 3
24312217 1727
24312349 12
24312377 40
24312413 3
24312439 492
24312503 1
24312529 956
24312551 1
24312551 4
24312551 9
24312641 4
24312697 12
24312731 444
24312733 3
24312733 2423
24312763 281
24312763 2376
24312797 7
24312923 481
24313019 52
24313067 3444
24313067 8668
24313087 12
24313087 149
24313117 3
24313283 6465
24313409 879
24313529 15
24313529 24
24313589 52
24313631 9
24313631 441
24313637 3
24313661 76
24313693 2940
24313777 3
24313781 76
24313853 651
24313897 3
24313907 637
24313979 1
24313979 184
24314039 1
24314089 1119
24314123 1
24314141 255
24314161 600
24314179 84
24314179 7329
24314201 24
24314219 16
24314309 36
24314351 1
24314377 84
24314413 255
24314483 1
24314569 80
24314579 1
24314579 4216
24314597 79
24314669 4
24314669 15
24314701 564
24314713 11
24314827 5
24314833 32
24314869 60
24314891 541
24315197 1512
24315341 103
24315373 3
24315373 2175
24315397 407
24315413 51
24315433 1088
24315463 81
24315479 72
24315479 3412
24315509 1491
24315509 2011
24315553 408
24315743 1
24315803 133
24315883 5
24315947 4
24315959 1356
24316049 5340
24316051 389
24316091 4
24316133 496
24316399 21
24316571 409
24316667 217
24316687 104
24316693 11
24316757 7
24316757 160
24316871 45
24316891 8
24316933 96
24316939 560
24317087 213
24317087 5728
24317107 320
24317107 1700
24317129 1015
24317147 4
24317147 12
24317179 101
24317179 1644
24317239 92
24317269 6219
24317297 247
24317333 3
24317333 7516
24317369 64
24317443 1097
24317611 84
24317707 113
24317719 329
24317773 11
24317809 32
24317809 332
24317849 16
24317897 228
24317899 24
24317903 2356
24317903 3648
24317947 20
24317947 2013
24317957 7
24317959 9
24318053 52
24318053 8928
24318101 2823
24318137 528
24318163 41
24318221 3
24318331 9
24318377 3
24318577 48
24318631 41
24318631 944
24318641 375
24318667 780
24318673 855
24318713 3
24318859 545
24318869 76
24318883 2165
24318937 1064
24318941 928
24318947 153
24318947 273
24319093 1076
24319117 32
24319121 240
24319121 4195
24319121 6216
24319171 108
24319247 33
24319307 4
24319307 25
24319327 5
24319343 1
24319499 1
24319507 129
24319543 5
24319643 1
24319643 397
24319643 9636
24319667 109
24319667 280
24319681 2664
24319699 6329
24319783 288
24319853 136
24319853 5631
24319991 13
24319991 33
24319991 249
24319991 5193
24320077 80
24320077 1064
24320141 3
24320237 4104
24320321 523
24320347 933
24320371 33
24320393 12
24320459 1
24320521 363
24320537 6043
24320561 3
24320623 236
24320663 45
24320677 1967
24320687 9432
24320717 4
24320759 1660
24320783 1372
24320939 1896
24320963 1
24320963 9612
24320971 5
24320971 105
24320981 3
24321023 1045
24321091 84
24321109 104
24321139 9
24321211 2948
24321217 72
24321257 9664
24321293 108
24321299 60
24321307 68
24321317 48
24321317 52
24321383 85
24321413 15
24321443 1
24321481 183
24321491 204
24321499 56
24321499 569
24321529 392
24321553 63
24321659 1
24321659 40
24321743 1
24321743 600
24321769 9204
24321793 8
24321893 187
24322037 24
24322037 8427
24322091 4
24322091 124
24322099 9
24322267 9
24322379 1
24322423 5
24322457 3
24322483 3192
24322663 5
24322673 15
24322723 36
24322723 3552
24322751 1
24322751 24
24322769 60
24322783 261
24322787 213
24322807 4952
24322849 147
24322849 1455
24322861 1088
24322861 6579
24322871 1
24322877 4
24322877 15
24322877 879
24322877 5739
24322931 360
24322981 56
24323069 4
24323069 7
24323119 101
24323119 5856
24323147 417
24323153 16
24323183 16
24323183 40
24323263 957
24323297 15
24323317 23
24323353 2427
24323359 44
24323441 3
24323441 16
24323483 1261
24323483 6253
24323587 9
24323653 32
24323671 33
24323699 36
24323851 101
24323851 776
24323879 1
24323899 1005
24323941 4704
24323951 1
24323977 12
24323977 24
24324017 3
24324031 5
24324049 1359
24324071 748
24324073 36
24324233 2268
24324269 2304
24324277 47
24324341 31
24324341 3135
24324479 1
24324479 4
24324479 16
24324479 25
24324499 189
24324511 3285
24324527 48
24324539 120
24324749 4
24324821 76
24324901 296
24324907 12
24324907 32
24324907 4040
24324917 372
24324973 12
24325027 69
24325121 4
24325121 63
24325121 88
24325123 5
24325123 200
24325241 19
24325241 1056
24325267 5
24325313 3
24325321 1259
24325373 3
24325439 1
24325549 2399
24325579 12
24325579 81
24325621 824
24325709 4
24325711 89
24325787 4
24325787 9673
24325811 40
24325841 48
24325843 296
24325853 1051
24325919 1
24325943 1
24325943 141
24325943 573
24326017 35
24326083 3477
24326171 4
24326207 220
24326363 1
24326369 4
24326429 19
24326513 16
24326521 15
24326551 8
24326681 96
24326699 1
24326791 24
24326833 3
24326867 60
24326903 1
24326959 3800
24327029 31
24327109 11
24327109 80
24327113 3
24327197 3
24327223 17
24327253 27
24327283 5
24327287 4
24327301 56
24327311 1
24327337 384
24327337 6443
24327361 84
24327377 3
24327397 3
24327451 5
24327461 31
24327517 8
24327521 4
24327613 480
24327703 5
24327857 6295
24327869 75
24327889 4059
24327983 16
24328009 15
24328019 1
24328019 696
24328021 120
24328033 27
24328033 51
24328039 44
24328099 5
24328103 4377
24328123 36
24328163 117
24328177 6504
24328201 3
24328321 3
24328333 47
24328357 15
24328357 60
24328439 1
24328519 17
24328567 428
24328609 227
24328639 885
24328723 48
24328757 564
24328793 7
24328859 724
24328897 15
24328957 8
24328957 332
24328957 5403
24329029 44
24329093 111
24329093 1428
24329111 9
24329131 29
24329131 380
24329171 1
24329273 171
24329281 7523
24329293 20
24329317 3
24329317 287
24329317 4928
24329429 4
24329603 1
24329639 1
24329677 8
24329779 9041
24329797 39
24329827 1260
24329843 1
24329881 791
24329891 1
24329923 3293
24329953 60
24329971 9465
24330029 987
24330037 224
24330049 219
24330239 4
24330239 3021
24330287 4
24330287 1029
24330311 96
24330323 12
24330329 4
24330419 60
24330457 3
24330461 1231
24330517 264
24330529 36
24330601 15
24330641 64
24330769 207
24330769 215
24330863 5173
24331003 1977
24331031 1
24331037 4
24331141 176
24331157 3
24331183 141
24331207 5
24331211 1480
24331339 5
24331339 56
24331537 120
24331543 33
24331627 2268
24331651 69
24331691 1
24331691 5980
24331751 13
24331871 1
24331871 25
24331883 1
24331883 16
24331883 28
24331919 4
24331919 192
24331997 8904
24332029 300
24332059 105
24332069 19
24332111 21
24332123 1
24332123 25
24332173 1035
24332261 4
24332317 620
24332377 128
24332471 1
24332543 52
24332677 1988
24332753 343
24332779 72
24332779 1152
24332837 12
24332929 99
24333007 9
24333031 29
24333061 44
24333143 7501
24333157 132
24333217 159
24333229 80
24333251 1
24333329 24
24333329 255
24333431 13
24333553 320
24333557 3
24333557 103
24333611 3225
24333649 987
24333671 1
24333677 7
24333713 3540
24333761 19
24333809 3120
24333887 588
24333917 967
24333961 3423
24334027 5
24334027 44
24334067 1393
24334073 4443
24334081 3
24334081 7260
24334091 1
24334129 132
24334153 3
24334153 51
24334171 665
24334171 6728
24334187 4
24334213 288
24334243 20
24334249 36
24334339 9
24334397 1728
24334403 2176
24334439 2341
24334613 1576
24334619 1
24334643 928
24334657 3
24334703 1
24334703 3288
24334711 1260
24334831 9
24334979 57
24335027 280
24335071 5
24335123 1
24335149 171
24335153 16
24335197 3
24335293 135
24335327 2557
24335383 536
24335419 972
24335431 1208
24335569 8571
24335581 60
24335617 228
24335627 9
24335629 1076
24335659 5
24335659 81
24335783 12
24335819 1
24335869 11
24335879 1
24335911 5
24335917 8
24335917 15
24335921 4
24335947 1205
24335999 1
24336077 55
24336089 7
24336239 8904
24336341 4
24336463 360
24336527 24
24336569 7
24336601 3
24336623 9652
24336731 625
24336791 2656
24336833 3
24336841 95
24336863 276
24336881 3
24336881 99
24336901 15
24336931 60
24336971 1
24337069 180
24337171 24
24337253 108
24337259 57
24337267 233
24337267 1749
24337331 1
24337333 8
24337333 800
24337337 4
24337483 20
24337553 31
24337567 108
24337571 1501
24337603 2337
24337633 3
24337637 3
24337801 1308
24337811 16
24337861 111
24337861 8348
24337909 11
24338009 4
24338123 1
24338137 560
24338141 5611
24338147 4
24338177 3
24338191 6660
24338201 3
24338201 19
24338201 583
24338257 552
24338287 144
24338299 20
24338311 5
24338333 1051
24338389 59
24338417 1260
24338429 52
24338429 184
24338459 1
24338459 8961
24338471 4393
24338597 87
24338603 256
24338701 1539
24338749 60
24338843 12
24338843 25
24338893 455
24338983 5
24339101 55
24339109 11
24339179 1
24339307 5
24339307 1680
24339331 8
24339353 6027
24339431 1
24339449 2059
24339473 31
24339487 12
24339499 345
24339517 3
24339517 99
24339541 23
24339643 17
24339659 21
24339661 275
24339701 28
24339737 3
24339811 285
24339823 4565
24339829 87
24339857 4
24339857 1147
24340013 1716
24340133 3
24340133 1792
24340201 23
24340249 12
24340319 21
24340333 11
24340457 12
24340531 6201
24340619 1
24340619 2769
24340633 140
24340643 2217
24340807 4320
24340837 3
24340933 56
24340933 6315
24340973 3
24341039 1
24341069 2440
24341077 47
24341081 15
24341183 1
24341281 240
24341321 1615
24341357 3
24341461 183
24341507 657
24341531 120
24341531 588
24341549 124
24341693 31
24341693 91
24341731 5
24341803 12
24341833 11
24341839 36
24341861 271
24341861 2044
24341939 1
24341953 932
24341959 84
24342077 3
24342127 6825
24342133 60
24342229 2552
24342271 69
24342341 3
24342391 68
24342403 20
24342433 311
24342467 24
24342517 1640
24342631 104
24342727 312
24342833 291
24342833 435
24342833 5836
24342841 1208
24342863 1
24342943 108
24342959 1
24342959 2256
24342961 15
24342991 56
24342991 153
24343027 57
24343127 960
24343157 43
24343211 9
24343343 4077
24343357 1139
24343421 39
24343421 8724
24343489 116
24343489 4367
24343511 9
24343511 429
24343513 803
24343573 11
24343639 12
24343681 3
24343751 33
24343829 19
24343871 24
24343877 400
24343973 3
24344003 12
24344053 540
24344191 8
24344329 611
24344351 4
24344401 3
24344473 1020
24344473 1736
24344531 1
24344549 52
24344587 5
24344587 4197
24344791 7400
24344807 1608
24344851 44
24344869 1131
24344897 27
24344911 5
24344941 39
24345067 8
24345091 96
24345143 45
24345169 5952
24345287 4
24345331 188
24345341 16
24345341 9691
24345379 17
24345383 1
24345637 6392
24345691 56
24345731 1
24345731 4
24346033 5411
24346081 11
24346081 39
24346097 8119
24346171 5
24346271 805
24346313 3
24346313 5823
24346523 21
24346541 456
24346549 12
24346549 167
24346549 1419
24346667 28
24346781 415
24346877 3
24346877 7
24346897 1104
24346897 1427
24346963 9081
24347017 3179
24347023 5
24347023 8
24347039 145
24347129 379
24347201 184
24347231 1
24347261 1519
24347293 195
24347293 363
24347333 3
24347347 5180
24347381 4
24347423 28
24347423 601
24347579 1
24347597 12
24347711 289
24347837 4
24347963 277
24347963 3036
24347977 68
24348017 84
24348017 372
24348047 108
24348169 4760
24348221 244
24348241 224
24348241 3039
24348241 6459
24348251 1
24348263 13
24348263 972
24348341 3
24348391 1148
24348409 15
24348409 951
24348431 25
24348439 5
24348439 9
24348439 1685
24348469 75
24348563 1
24348781 371
24348781 995
24348859 56
24348869 3759
24348917 7
24348941 43
24348959 1
24348983 1
24348983 756
24349063 17
24349099 5
24349099 356
24349109 7
24349163 2592
24349177 23
24349267 29
24349267 437
24349271 1
24349331 13
24349343 37
24349399 116
24349399 129
24349399 4565
24349427 1389
24349439 556
24349511 1
24349517 160
24349561 8
24349561 711
24349597 8
24349607 25
24349693 311
24349783 60
24349789 5067
24349891 113
24349931 1
24349943 16
24349943 37
24350143 12
24350143 308
24350189 7
24350203 33
24350213 1147
24350317 35
24350363 1
24350377 32
24350387 6724
24350441 4
24350441 3079
24350467 7125
24350563 192
24350569 56
24350603 1
24350603 72
24350693 160
24350731 24
24350737 164
24350801 3
24350819 52
24350831 48
24350899 1641
24350917 284
24350939 21
24350957 7
24350983 5
24350983 6692
24351037 168
24351071 261
24351079 3549
24351101 3
24351101 28
24351137 7
24351203 5820
24351209 12
24351263 1
24351359 4
24351391 9
24351409 620
24351571 204
24351577 8888
24351617 184
24351853 11
24352049 79
24352049 555
24352103 1
24352121 3
24352121 219
24352259 1
24352277 424
24352403 1
24352421 51
24352571 729
24352621 20
24352633 120
24352633 996
24352637 15
24352637 100
24352667 48
24352703 316
24352753 71
24352829 67
24352829 1944
24352831 8
24352841 408
24352859 1
24352877 60
24352903 992
24352907 453
24352931 1
24352931 93
24352961 144
24352963 32
24353051 6100
24353051 9313
24353059 32
24353099 1
24353099 12
24353167 5
24353183 28
24353207 280
24353347 5
24353353 8040
24353471 1
24353551 24
24353621 3
24353633 756
24353743 120
24353743 2552
24353891 1
24353893 3
24353963 376
24353971 69
24354019 65
24354101 16
24354119 1
24354157 8
24354157 723
24354173 5992
24354191 36
24354223 1088
24354271 5
24354307 24
24354367 17
24354439 32
24354509 39
24354553 8
24354569 2475
24354643 200
24354643 228
24354689 76
24354709 492
24354731 9
24354763 17
24354947 4
24354947 12
24354949 116
24354997 135
24355031 1
24355049 12
24355081 7284
24355109 1779
24355129 5831
24355151 1
24355333 2715
24355333 6027
24355399 5
24355403 13
24355481 2428
24355547 5808
24355579 17
24355589 7
24355589 15
24355589 19
24355649 2187
24355733 2103
24355787 40
24355819 5
24355889 27
24355963 1977
24356023 5
24356023 372
24356071 36
24356131 20
24356131 4148
24356239 17
24356357 28
24356383 17
24356477 340
24356531 793
24356567 24
24356593 855
24356611 7845
24356713 1463
24356741 3
24356777 1723
24356777 4699
24356833 3
24356833 11
24356851 5
24356933 108
24357017 19
24357083 1
24357083 541
24357133 716
24357197 2584
24357217 20
24357217 180
24357301 3
24357323 1
24357427 53
24357499 69
24357577 1703
24357589 39
24357589 71
24357623 45
24357623 720
24357623 1117
24357637 3
24357701 4
24357859 284
24357863 108
24357869 12
24357911 1533
24358031 664
24358097 6643
24358151 5796
24358177 44
24358199 25
24358199 2341
24358283 1
24358291 549
24358363 8
24358381 7868
24358447 8
24358447 12
24358667 3808
24358801 15
24358801 24
24358847 688
24358897 84
24358907 1473
24358921 636
24358933 1872
24359017 1608
24359039 4
24359051 424
24359077 288
24359081 99
24359081 8923
24359261 88
24359261 171
24359287 9
24359287 33
24359329 491
24359411 1
24359441 460
24359441 1300
24359473 35
24359639 12
24359779 665
24359779 2172
24359813 7
24359857 2544
24359953 3
24359981 3
24359989 59
24359989 5939
24360001 75
24360041 3
24360047 5292
24360067 168
24360073 108
24360131 1
24360157 3
24360157 1284
24360169 35
24360199 45
24360419 577
24360421 75
24360481 24
24360697 2948
24360701 64
24360709 2159
24360803 105
24360829 167
24360851 1
24360863 1
24360977 687
24361109 4
24361237 3
24361243 176
24361261 8
24361343 16
24361411 180
24361511 1
24361559 1
24361657 224
24361747 32
24361871 1
24361889 2779
24361891 5
24361919 2716
24361973 4716
24361993 171
24362101 200
24362141 28
24362153 168
24362287 17
24362369 4452
24362413 32
24362413 308
24362441 2155
24362603 1
24362603 9537
24362707 309
24362743 573
24362831 84
24362837 64
24362843 1
24362879 1
24362939 1
24362953 4871
24362953 7631
24362963 16
24363077 3
24363077 15
24363083 108
24363089 27
24363113 3
24363181 1131
24363253 155
24363281 4
24363319 1205
24363337 2315
24363359 21
24363373 72
24363379 3756
24363433 360
24363439 24
24363467 28
24363467 792
24363569 64
24363641 159
24363641 1308
24363749 187
24363749 1996
24363809 75
24363821 2064
24363851 1
24363887 4
24363901 959
24363901 1775
24363971 324
24364037 3
24364037 19
24364037 372
24364103 120
24364117 168
24364139 1
24364141 3
24364163 1
24364183 2408
24364211 1
24364231 549
24364271 33
24364397 264
24364397 3655
24364399 1497
24364453 560
24364541 3
24364597 3
24364603 5
24364603 1493
24364651 620
24364663 5
24364663 600
24364771 56
24364819 356
24364819 497
24364829 832
24364841 975
24364871 1
24364871 120
24364877 4
24364931 45
24365009 247
24365069 60
24365071 5901
24365377 263
24365459 21
24365461 243
24365483 1
24365489 19
24365507 189
24365507 285
24365609 132
24365633 52
24365633 1323
24365639 1
24365639 5176
24365681 4
24365681 304
24365711 2721
24365819 36
24365827 12
24365833 8
24365833 2052
24365893 9668
24365921 3
24365927 28
24366053 183
24366263 1033
24366281 699
24366299 129
24366299 1764
24366311 1
24366367 464
24366371 4
24366431 25
24366439 2364
24366481 3
24366547 308
24366599 1
24366619 9
24366677 3
24366689 975
24366799 3881
24366851 180
24366883 1752
24366977 4
24366983 1
24367151 4
24367153 3
24367153 3008
24367157 4
24367183 1485
24367193 696
24367229 4
24367247 840
24367451 4
24367501 5556
24367517 55
24367517 315
24367523 40
24367537 3
24367597 3
24367753 3407
24367789 35
24367789 1947
24367877 3
24367913 376
24367979 1
24368009 8455
24368059 17
24368087 165
24368161 23
24368177 4
24368189 79
24368213 7840
24368291 24
24368413 3
24368479 65
24368557 27
24368581 731
24368609 3640
24368609 5671
24368627 52
24368639 4536
24368651 1
24368653 2928
24368767 48
24368783 1
24368783 3948
24368857 540
24368909 1915
24368941 3564
24369053 16
24369101 279
24369127 89
24369269 604
24369277 315
24369337 12
24369403 57
24369473 136
24369529 36
24369617 75
24369731 1740
24369731 5968
24369733 3
24369757 27
24369817 1104
24369833 3
24369833 3883
24369887 13
24369911 13
24369931 756
24369931 2448
24370007 780
24370007 7645
24370097 7
24370187 4
24370187 45
24370201 171
24370201 336
24370267 7308
24370447 48
24370499 3864
24370517 7
24370529 235
24370553 12
24370561 9108
24370579 3005
24370609 44
24370691 1
24370693 396
24370757 3
24370783 96
24370783 1220
24370799 1
24370813 4308
24370859 4
24370889 100
24370891 608
24370897 3
24370909 35
24370921 5408
24370943 541
24370993 2615
24371021 588
24371023 56
24371057 3
24371059 2660
24371093 31
24371219 1
24371231 40
24371233 27
24371257 12
24371273 3343
24371293 248
24371297 2059
24371351 1
24371443 572
24371593 36
24371689 6012
24371713 227
24371749 11
24371773 8
24371807 4
24371833 27
24371909 52
24371933 3
24371933 7
24372031 309
24372059 12
24372083 1
24372109 96
24372113 511
24372199 24
24372217 8
24372253 27
24372281 16
24372281 55
24372287 28
24372347 73
24372391 656
24372451 60
24372533 2515
24372539 60
24372563 885
24372641 1123
24372653 1195
24372823 156
24372863 1
24372949 20
24372961 4851
24373103 13
24373117 1220
24373133 28
24373187 432
24373241 4
24373277 8260
24373301 936
24373331 40
24373339 176
24373357 515
24373361 3
24373403 1
24373513 8232
24373541 3
24373567 20
24373603 17
24373663 825
24373691 1
24373691 9
24373757 72
24373829 4
24373889 4
24373961 3
24374033 7
24374237 1072
24374309 519
24374323 68
24374327 48
24374327 337
24374327 8364
24374417 5467
24374419 2445
24374479 240
24374639 1
24374731 65
24374767 1320
24374789 7
24374843 45
24374927 6552
24375077 19
24375077 40
24375077 108
24375077 135
24375121 200
24375133 188
24375133 560
24375287 289
24375289 291
24375397 3
24375541 44
24375577 3
24375577 1148
24375619 120
24375623 1
24375691 8
24375719 396
24375731 1
24375763 5636
24375817 540
24375851 16
24375913 3
24375931 45
24375947 117
24375983 1536
24376091 208
24376109 7
24376133 3231
24376139 1
24376333 755
24376357 8
24376421 204
24376769 255
24376783 345
24376843 8
24376921 1824
24376967 945
24377107 2117
24377137 188
24377141 111
24377203 516
24377293 3
24377299 20
24377299 41
24377299 80
24377357 24
24377389 4172
24377407 8
24377471 1
24377527 5
24377579 4
24377581 1335
24377641 5391
24377651 4068
24377851 96
24377851 345
24377863 1085
24377869 1632
24377897 27
24377923 1008
24377957 48
24377957 1060
24377971 405
24378019 5
24378037 203
24378041 1516
24378071 204
24378073 15
24378073 876
24378163 32
24378199 9
24378209 2139
24378253 56
24378437 1104
24378517 15
24378593 2023
24378611 1
24378611 21
24378737 204
24378737 2512
24378749 7
24378779 1
24378787 33
24378839 1
24378953 2296
24379021 9939
24379031 1
24379031 4389
24379031 5361
24379067 64
24379073 7780
24379093 347
24379141 24
24379193 16
24379219 200
24379273 531
24379307 12
24379391 1
24379391 28
24379391 33
24379427 4
24379463 28
24379463 4813
24379477 83
24379499 4
24379571 180
24379613 1891
24379727 4048
24379727 5089
24379787 264
24379891 8
24379903 381
24379961 5643
24379963 2492
24380113 11
24380113 23
24380119 1164
24380119 4869
24380131 8
24380131 9
24380149 660
24380179 21
24380221 3
24380351 1
24380351 2836
24380359 21
24380359 1584
24380359 3425
24380381 3
24380407 9
24380507 1272
24380623 645
24380633 3
24380701 1575
24380711 40
24380723 13
24380777 4
24380789 1279
24380879 1
24380963 168
24380963 561
24380987 1197
24380999 64
24381013 3
24381139 1752
24381457 2243
24381457 3020
24381463 732
24381463 9293
24381569 4
24381611 1
24381619 5
24381619 20
24381659 4
24381701 315
24381727 5
24381733 480
24381869 144
24381887 4
24381887 13
24381901 684
24381911 168
24381937 27
24381947 300
24381971 24
24382079 1764
24382087 864
24382103 1
24382157 3
24382177 767
24382261 1044
24382373 1983
24382483 72
24382609 12
24382609 44
24382817 3103
24382837 12
24382847 217
24382991 4
24382991 16
24382991 60
24382991 465
24383071 8
24383141 48
24383141 8739
24383147 489
24383173 20
24383189 507
24383237 12
24383291 1
24383291 504
24383309 1335
24383341 776
24383399 1
24383431 185
24383543 1
24383609 39
24383609 4540
24383747 4
24383803 648
24383833 11
24383833 96
24383893 20
24383921 4
24383921 120
24383927 4
24383927 145
24383941 36
24383951 1
24383959 20
24383963 16
24383963 8521
24383969 160
24383977 1947
24384007 1065
24384077 4
24384077 24
24384119 4
24384121 3
24384179 121
24384253 32
24384253 83
24384313 107
24384361 11
24384361 35
24384379 41
24384431 2296
24384473 7
24384509 36
24384559 201
24384559 480
24384617 12
24384649 380
24384649 7580
24384677 4
24384719 1084
24384751 1620
24384859 185
24384881 3576
24384917 4
24384973 435
24385019 1
24385079 7140
24385087 17
24385093 3
24385217 40
24385297 8715
24385301 3
24385337 7
24385373 3
24385423 3312
24385457 4
24385567 9
24385609 44
24385661 55
24385679 76
24385813 816
24385817 7
24385877 108
24385891 2420
24385919 6205
24385937 84
24386093 1240
24386099 4
24386111 1
24386123 100
24386209 9896
24386221 131
24386321 7695
24386399 9
24386501 55
24386507 13
24386507 105
24386533 47
24386533 143
24386539 6632
24386573 12
24386581 3
24386581 1899
24386639 352
24386669 612
24386741 79
24386807 1065
24386807 2829
24386821 260
24386833 35
24386893 3
24386893 12
24386933 8680
24386963 1
24387109 80
24387193 3
24387257 132
24387323 393
24387427 8
24387481 99
24387509 19
24387523 2457
24387631 8525
24387821 255
24387821 7195
24387841 3
24387863 5868
24387871 9
24387893 7
24387931 329
24387941 4
24387953 232
24387991 668
24387997 92
24387997 1655
24388037 223
24388087 209
24388099 29
24388129 336
24388129 4272
24388151 16
24388163 1
24388193 3256
24388207 44
24388361 3
24388577 7
24388589 4
24388589 6067
24388631 1
24388853 352
24388873 1415
24389009 19
24389111 696
24389159 1597
24389257 32
24389303 328
24389347 53
24389399 1
24389429 15
24389429 8056
24389459 4
24389531 1
24389567 3373
24389579 2557
24389627 529
24389627 2380
24389767 108
24389773 3
24389797 120
24389801 3
24389819 1
24389819 672
24389837 52
24389857 63
24389873 3
24389879 4
24389887 60
24389941 24
24389983 45
24389999 1
24389999 16
24390031 5
24390031 84
24390031 504
24390049 215
24390151 413
24390169 152
24390263 1
24390307 372
24390337 107
24390337 315
24390341 375
24390341 928
24390343 7053
24390439 5
24390451 9
24390451 21
24390467 133
24390493 15
24390523 1601
24390551 4
24390599 1
24390617 8035
24390643 1512
24390643 2040
24390679 2337
24390703 8
24390739 9
24390739 1176
24390929 4
24390953 7
24390997 212
24391043 628
24391061 3
24391067 2065
24391091 73
24391217 3
24391217 247
24391219 12
24391321 1200
24391391 124
24391403 1
24391403 2092
24391439 1
24391469 4
24391531 20
24391531 3608
24391669 512
24391751 1
24391867 60
24391907 9
24391967 2964
24391999 149
24391999 489
24392057 87
24392057 7263
24392099 1177
24392183 16
24392279 1
24392323 612
24392377 563
24392411 1
24392551 3441
24392591 1
24392609 192
24392681 4
24392707 8609
24392729 4
24392729 7
24392747 48
24392749 27
24392749 999
24392839 21
24392861 4
24392957 4
24392989 1847
24392999 1
24392999 84
24393053 7
24393157 3
24393157 1095
24393191 4
24393403 21
24393503 181
24393581 4
24393601 11
24393613 56
24393637 9779
24393671 193
24393703 60
24393713 43
24393713 63
24393737 7
24393749 5896
24393791 109
24393911 4
24393911 580
24393923 1
24393983 1
24394129 6479
24394147 9
24394147 32
24394207 45
24394217 64
24394217 6012
24394291 9504
24394319 1
24394319 36
24394411 5
24394411 4080
24394451 1953
24394493 3
24394501 20
24394523 12
24394561 3
24394567 5
24394649 1540
24394649 2791
24394663 8
24394663 581
24394757 4
24394759 24
24394897 23
24394957 327
24394967 1413
24395011 5
24395071 29
24395081 3
24395081 256
24395083 12
24395087 160
24395159 1
24395243 1
24395311 1320
24395339 3972
24395417 427
24395537 19
24395537 48
24395551 8
24395681 31
24395803 7496
24395827 20
24395827 1208
24395831 1
24395897 12
24396091 233
24396187 5
24396187 945
24396193 107
24396263 2848
24396299 1
24396299 225
24396301 3
24396347 37
24396457 515
24396487 312
24396497 1248
24396557 39
24396571 7116
24396577 3
24396601 995
24396719 424
24396793 12
24396793 132
24396877 20
24396941 771
24396959 4984
24396961 1608
24397001 3
24397067 4
24397067 1164
24397073 391
24397213 36
24397283 21
24397357 3
24397441 411
24397453 195
24397591 33
24397673 3
24397673 3492
24397757 208
24397759 1085
24397759 1352
24397811 1
24397853 2847
24397921 23
24397931 4
24397973 687
24397979 21
24397991 1
24398051 420
24398113 168
24398159 16
24398203 65
24398203 780
24398219 1
24398221 36
24398287 9
24398287 72
24398293 875
24398393 36
24398411 165
24398441 4
24398443 48
24398453 235
24398471 1333
24398509 456
24398573 3
24398579 1309
24398659 5
24398681 159
24398729 4
24398729 972
24398747 777
24398761 39
24398761 3104
24398771 4
24398897 1032
24398911 33
24398917 5168
24398987 4
24399019 12
24399161 2244
24399163 8985
24399241 20
24399359 3160
24399409 44
24399433 3
24399443 1
24399467 8545
24399491 1
24399517 3
24399523 261
24399577 80
24399611 3109
24399673 3
24399673 51
24399673 495
24399689 7
24399731 468
24399779 1281
24399871 45
24399911 4
24399917 2439
24399923 72
24399967 9
24400021 3
24400021 20
24400081 551
24400109 5659
24400163 1
24400169 4
24400231 7413
24400247 4
24400319 16
24400331 4
24400333 3
24400367 469
24400403 13
24400451 1
24400517 4
24400517 123
24400553 900
24400583 1
24400583 816
24400591 60
24400603 21
24400711 3944
24400757 39
24400777 867
24400979 1
24400979 4
24401099 1
24401129 3379
24401141 363
24401213 75
24401213 2247
24401231 4
24401249 115
24401269 596
24401353 32
24401471 1741
24401513 87
24401527 192
24401543 52
24401687 4
24401863 17
24401911 80
24401959 81
24401983 8
24402143 28
24402163 20
24402187 5
24402187 752
24402187 7397
24402233 6876
24402283 80
24402283 648
24402319 240
24402319 9776
24402409 84
24402409 6272
24402461 699
24402491 1
24402523 192
24402523 5612
24402613 203
24402619 24
24402641 2788
24402649 419
24402671 384
24402691 1565
24402709 11
24402713 3
24402853 3
24402901 20
24403009 7380
24403013 187
24403031 1
24403081 3588
24403129 324
24403139 165
24403151 829
24403189 59
24403189 171
24403271 1
24403349 115
24403361 399
24403441 3
24403451 1
24403493 2176
24403523 1
24403567 597
24403679 1
24403679 709
24403693 8
24403697 7
24403697 592
24403723 1308
24403781 2671
24403807 648
24403829 9795
24403861 183
24403933 6015
24404069 16
24404069 780
24404117 1543
24404137 27
24404153 192
24404321 16
24404431 9
24404431 833
24404437 9464
24404441 19
24404467 68
24404467 284
24404473 123
24404519 1
24404603 1
24404651 1
24404651 4
24404651 28
24404687 364
24404767 1824
24404903 1
24404969 27
24405011 1
24405041 2643
24405067 293
24405083 12
24405109 2555
24405299 49
24405341 771
24405383 1
24405383 121
24405389 7615
24405413 780
24405653 12
24405697 303
24405757 743
24405767 4
24405767 69
24405767 277
24405767 688
24405793 2375
24405803 85
24405809 16
24405833 175
24405869 39
24405923 73
24405973 56
24405973 536
24406007 4
24406043 1
24406061 1891
24406087 488
24406097 7
24406247 109
24406247 1092
24406367 9
24406451 1
24406513 12
24406541 3
24406597 3995
24406609 5187
24406619 16
24406783 8
24406799 8965
24406859 1
24406861 3
24406901 4
24406909 56
24406913 1347
24406927 404
24406937 3315
24406997 3
24406997 24
24407051 936
24407269 344
24407269 1680
24407293 8
24407303 21
24407303 1317
24407329 195
24407329 735
24407371 1961
24407413 9912
24407417 3
24407417 348
24407483 1
24407483 276
24407569 11
24407641 15
24407657 15
24407659 9
24407671 65
24407671 204
24407737 23
24407759 4
24407759 36
24407891 1
24407927 4
24407927 340
24407969 4344
24408017 3
24408023 97
24408199 21
24408199 116
24408203 1
24408383 6952
24408457 3
24408509 6544
24408523 17
24408547 360
24408577 240
24408611 1468
24408613 4575
24408647 37
24408647 169
24408661 56
24408851 6136
24408859 1956
24408883 540
24408893 876
24408941 3651
24409139 1
24409163 1
24409193 355
24409349 64
24409349 75
24409439 64
24409453 12
24409453 20
24409477 12
24409523 4621
24409571 1
24409613 520
24409687 5040
24409691 669
24409691 1693
24409691 4149
24409727 364
24409727 1345
24409799 184
24409829 84
24409837 179
24409843 17
24409907 4
24409993 8
24409999 477
24410021 148
24410027 900
24410033 103
24410053 27
24410059 4172
24410143 1652
24410213 7
24410213 27
24410233 575
24410327 2824
24410357 19
24410359 36
24410363 52
24410381 1975
24410381 3219
24410471 3649
24410513 1212
24410593 2592
24410693 7
24410699 4017
24410707 8265
24410747 2124
24410753 3
24410761 3
24410761 1740
24410849 19
24410849 96
24410887 9
24410887 4037
24410909 459
24410941 15
24410941 9416
24411059 1
24411059 721
24411109 2715
24411169 311
24411197 12
24411239 45
24411307 285
24411437 1812
24411463 8
24411571 41
24411571 93
24411589 5267
24411617 7
24411683 1
24411697 119
24411833 3
24411839 1
24411887 33
24411913 8
24412081 135
24412081 320
24412111 924
24412123 20
24412123 432
24412123 1245
24412127 480
24412147 32
24412147 597
24412147 3629
24412147 5684
24412163 357
24412313 7
24412319 4
24412319 141
24412331 148
24412439 252
24412481 36
24412543 572
24412547 49
24412547 528
24412559 996
24412571 1
24412571 184
24412571 1036
24412573 20
24412631 1
24412643 45
24412657 2004
24412747 248
24412837 587
24412847 7072
24412943 48
24412943 165
24412963 257
24413009 4
24413009 15
24413021 4
24413023 488
24413087 148
24413087 6897
24413159 1
24413183 12
24413219 1
24413261 2280
24413299 3404
24413353 71
24413353 1736
24413353 3816
24413413 1080
24413503 500
24413503 896
24413531 1
24413531 9
24413531 6660
24413681 4
24413693 831
24413699 4
24413749 107
24413773 36
24413773 1136
24413777 24
24413783 1
24413783 480
24413791 1080
24413801 3
24413863 12
24413891 13
24413903 217
24414037 183
24414053 7
24414053 568
24414161 4531
24414199 2381
24414337 132
24414361 131
24414371 73
24414409 20
24414473 1080
24414517 47
24414517 132
24414521 3
24414521 295
24414587 3897
24414647 600
24414647 852
24414647 5104
24414683 36
24414683 556
24414751 1445
24414779 292
24414853 4716
24414883 12
24414919 836
24414953 3
24414989 204
24415003 428
24415007 37
24415037 2688
24415087 24
24415249 12
24415253 268
24415309 3032
24415333 20
24415463 801
24415481 40
24415511 1
24415591 60
24415603 2628
24415717 3
24415733 2047
24415747 17
24415747 248
24415759 7469
24415823 1
24415991 1
24415991 501
24416099 201
24416107 9
24416129 4
24416141 103
24416141 699
24416141 984
24416149 1320
24416201 3
24416201 724
24416219 1
24416239 812
24416239 3665
24416257 8
24416257 27
24416309 9651
24416393 7
24416417 4
24416591 6201
24416599 5
24416627 4189
24416659 2877
24416663 1
24416759 2632
24416761 3
24416761 488
24416783 1
24416863 8313
24417059 1
24417059 9
24417097 300
24417149 7
24417179 501
24417179 556
24417187 5
24417187 92
24417193 452
24417317 99
24417331 9
24417377 955
24417377 1048
24417473 591
24417479 9
24417479 2337
24417493 3
24417493 8
24417637 3
24417703 141
24417727 20
24417733 1383
24417779 81
24417791 1
24417803 1
24417923 1225
24418067 84
24418091 4
24418151 205
24418231 5285
24418253 1015
24418267 3132
24418379 1
24418379 8409
24418423 380
24418523 40
24418621 3
24418679 1
24418679 49
24418687 7112
24418763 1
24418769 7
24418769 64
24418799 1
24418837 44
24418859 2076
24418909 11
24418909 9684
24418937 40
24418967 6664
24419027 4
24419039 1
24419053 1800
24419183 1
24419279 9
24419411 4
24419609 319
24419621 24
24419627 237
24419699 4
24419771 1
24419777 3
24419779 20
24419783 181
24419783 300
24419783 3853
24419809 96
24419809 7935
24419849 1587
24419893 327
24419981 264
24419999 4
24419999 24
24419999 5821
24420101 36
24420101 7908
24420239 1
24420419 1
24420421 3
24420437 84
24420527 73
24420533 15
24420541 39
24420611 1
24420611 40
24420751 7805
24420797 3
24420797 499
24420829 4472
24420881 3
24420881 4
24420883 17
24420943 1233
24421003 20
24421021 3588
24421039 8337
24421109 259
24421109 2719
24421121 156
24421139 57
24421169 319
24421303 32
24421387 245
24421409 259
24421597 119
24421597 120
24421601 511
24421603 5
24421613 376
24421613 7276
24421651 2696
24421679 1
24421681 8
24421687 9
24421729 11
24421763 660
24421841 4560
24421871 109
24421933 8
24421993 7263
24422059 5
24422117 19
24422171 1
24422171 5673
24422179 41
24422219 25
24422339 21
24422357 459
24422483 1
24422483 28
24422491 9
24422569 35
24422569 179
24422599 5
24422603 1
24422603 16
24422603 312
24422677 192
24422677 1268
24422767 504
24422927 12
24422977 20
24423001 8
24423103 3776
24423131 1
24423131 24
24423143 2700
24423149 4
24423173 6996
24423197 648
24423233 196
24423253 131
24423253 867
24423277 6728
24423523 3785
24423599 1
24423599 661
24423661 23
24423697 99
24423761 15
24423761 3679
24423779 1
24423809 315
24423821 3
24423961 3639
24424007 12
24424133 31
24424207 17
24424207 240
24424237 164
24424237 3192
24424307 28
24424319 4
24424331 1
24424331 4
24424391 196
24424457 4
24424469 24
24424469 124
24424501 20
24424501 23
24424531 2241
24424619 144
24424637 3
24424681 123
24424739 12
24424909 27
24424927 8
24424963 336
24425003 28
24425003 501
24425017 128
24425033 8316
24425153 9676
24425183 156
24425197 3
24425213 228
24425231 24
24425237 99
24425237 564
24425257 195
24425263 2940
24425273 1383
24425309 19
24425309 171
24425329 1331
24425339 1
24425341 2184
24425399 1
24425441 319
24425509 2571
24425519 1
24425519 21
24425543 1
24425567 840
24425579 4
24425761 60
24425789 12
24425813 108
24425831 336
24425893 1308
24425893 5435
24425909 5040
24425953 3
24426071 4
24426203 541
24426239 81
24426293 7
24426301 416
24426397 492
24426403 12
24426431 1
24426581 16
24426581 696
24426599 240
24426631 1985
24426683 1
24426811 5
24426821 76
24426863 400
24426863 2077
24426931 144
24426959 4
24427031 16
24427157 12
24427303 3017
24427399 17
24427423 17
24427441 3
24427441 455
24427471 24
24427471 29
24427489 4244
24427499 36
24427523 1
24427523 133
24427553 3
24427567 129
24427619 1
24427631 9
24427631 21
24427661 3
24427811 1
24427853 3
24427853 3415
24427853 5467
24427883 1
24427933 3
24427957 1923
24427973 48
24427973 2343
24427981 11
24427981 816
24428009 3564
24428051 1
24428081 63
24428137 23
24428147 4
24428149 59
24428153 3571
24428219 780
24428221 23
24428221 156
24428263 132
24428291 1
24428291 825
24428363 1
24428423 2332
24428431 9
24428447 148
24428447 384
24428479 116
24428531 1
24428549 60
24428557 3
24428587 5
24428597 79
24428603 37
24428627 2589
24428777 3595
24428791 968
24428801 19
24428801 1711
24428839 9
24429037 3
24429037 8652
24429047 3793
24429089 400
24429239 321
24429247 984
24429469 6552
24429529 15
24429529 132
24429551 1
24429551 13
24429551 49
24429553 15
24429557 4
24429619 5
24429653 60
24429673 183
24429677 147
24429677 903
24429793 87
24429827 69
24429931 8
24429943 101
24430051 333
24430069 687
24430097 3
24430193 3
24430199 4
24430327 5
24430331 1
24430337 12
24430337 28
24430337 3219
24430369 36
24430391 13
24430391 21
24430429 36
24430453 3
24430453 8
24430481 703
24430489 1991
24430507 5
24430507 188
24430607 4
24430657 12
24430657 708
24430709 3235
24430811 28
24430871 21
24430907 3493
24430919 841
24430919 8101
24430937 2680
24430943 1
24430961 4
24430999 32
24431053 95
24431101 3
24431111 1
24431111 1405
24431167 300
24431179 5
24431201 7704
24431249 136
24431257 2927
24431279 1
24431333 3
24431411 1
24431573 28
24431629 204
24431633 223
24431707 33
24431731 8
24431747 49
24431753 348
24431789 40
24431807 784
24431831 1
24431851 101
24431983 836
24432143 60
24432197 12
24432209 4
24432209 235
24432223 21
24432223 2745
24432227 148
24432337 3
24432337 8
24432533 187
24432581 3135
24432649 944
24432671 1
24432721 3699
24432827 24
24432833 3
24432937 12
24433121 120
24433133 96
24433193 427
24433217 39
24433217 1104
24433237 3
24433289 36
24433307 4
24433327 20
24433393 3
24433421 136
24433421 171
24433483 248
24433501 56
24433529 111
24433531 21
24433531 2421
24433681 203
24433711 9
24433741 56
24433841 3
24433957 72
24434101 3
24434141 171
24434143 8
24434239 96
24434273 88
24434281 3008
24434299 5
24434353 12
24434411 36
24434489 15
24434497 227
24434497 1368
24434519 1
24434519 249
24434539 117
24434549 3331
24434609 139
24434681 39
24434807 4
24435113 3352
24435143 1
24435149 4
24435149 2104
24435193 3
24435317 267
24435329 4375
24435401 3
24435517 1559
24435557 7660
24435743 2013
24435797 144
24435811 5
24435863 1
24435899 1
24435989 7
24436003 5
24436003 140
24436031 1
24436037 4
24436037 12
24436073 3
24436073 3936
24436079 4
24436211 1488
24436231 3320
24436289 7
24436289 1207
24436289 5227
24436303 1560
24436319 24
24436319 232
24436343 12
24436351 7304
24436387 5
24436387 1508
24436403 1452
24436457 4
24436483 1280
24436537 155
24436537 1227
24436547 4
24436597 219
24436619 1
24436627 84
24436627 4985
24436669 99
24436721 51
24436723 740
24436751 28
24436799 4
24436913 180
24436931 1
24436957 3
24436961 499
24436963 5013
24436967 4
24436987 65
24437071 1313
24437099 4
24437167 24
24437243 1
24437377 6648
24437411 1
24437417 375
24437453 27
24437557 8
24437563 41
24437593 251
24437659 3120
24437671 9
24437671 6209
24437683 5
24437683 8
24437683 1628
24437711 4
24437713 3
24437821 3
24437947 2769
24437947 7968
24437953 8
24437969 7
24437969 16
24438041 4764
24438133 120
24438133 255
24438179 6829
24438187 5
24438191 1
24438203 1
24438341 211
24438371 1
24438371 1521
24438431 4
24438457 68
24438457 155
24438473 7887
24438551 1536
24438559 24
24438607 9924
24438767 13
24438779 1
24438889 1071
24438929 8596
24438971 1
24439061 16
24439097 3
24439169 840
24439189 27
24439189 1511
24439213 1280
24439379 1
24439517 63
24439543 168
24439553 52
24439553 88
24439607 4
24439621 1400
24439661 1080
24439669 35
24439729 324
24439957 2232
24439973 187
24440107 69
24440107 152
24440161 68
24440179 5
24440189 72
24440293 347
24440323 60
24440363 3021
24440413 6860
24440453 123
24440477 3
24440477 12
24440489 27
24440497 24
24440519 1
24440567 49
24440587 5
24440701 3
24440701 71
24440723 1
24440723 216
24440861 43
24440959 12
24440959 57
24441119 4
24441149 232
24441149 279
24441161 4
24441173 1663
24441173 2112
24441227 1084
24441233 3
24441233 7
24441233 1155
24441437 268
24441509 55
24441553 236
24441553 291
24441553 551
24441611 1
24441643 77
24441647 373
24441647 813
24441653 267
24441691 9
24441691 65
24441701 100
24441727 840
24441737 2044
24441973 1091
24442007 52
24442057 3
24442097 19
24442193 3
24442217 4
24442217 1792
24442259 1
24442469 184
24442501 24
24442529 2764
24442541 2215
24442577 60
24442597 5684
24442633 96
24442637 4
24442661 40
24442727 13
24442751 49
24442811 1
24442819 224
24443021 4
24443039 741
24443171 4
24443207 124
24443281 351
24443437 3
24443459 1
24443459 276
24443579 1
24443579 12
24443693 7
24443803 756
24443933 63
24443933 555
24443983 213
24443999 1
24444059 3169
24444143 40
24444157 1395
24444163 1821
24444227 4
24444353 700
24444391 29
24444443 1
24444491 4
24444491 9
24444491 84
24444551 4
24444551 108
24444551 288
24444617 9447
24444643 3180
24444671 13
24444671 8260
24444689 112
24444737 219
24444757 312
24444779 9
24444779 25
24444839 85
24444877 6468
24444881 36
24444991 885
24445259 121
24445259 145
24445313 7
24445339 357
24445367 28
24445433 43
24445441 59
24445451 16
24445451 25
24445459 21
24445501 143
24445559 1
24445607 205
24445621 2079
24445657 1812
24445709 9615
24445739 9
24445747 368
24445901 3
24445901 16
24445919 4
24446053 396
24446087 1320
24446131 453
24446273 148
24446287 20
24446287 60
24446287 804
24446363 8340
24446453 6772
24446479 4172
24446503 12
24446531 1
24446551 41
24446551 153
24446573 7
24446573 6148
24446657 9072
24446699 1
24446699 1377
24446753 31
24446837 703
24446839 5
24446959 12
24446993 3
24447013 1455
24447083 1437
24447113 115
24447179 589
24447223 12
24447233 327
24447277 7368
24447301 51
24447337 5099
24447347 13
24447403 117
24447403 396
24447407 280
24447463 5
24447517 9287
24447617 3
24447629 12
24447629 19
24447629 1600
24447637 47
24447679 716
24447769 80
24447847 5
24447847 9
24447869 760
24447901 519
24447953 3
24447967 2189
24447979 105
24448001 108
24448019 1
24448043 45
24448063 101
24448141 3
24448163 1
24448201 176
24448343 21
24448351 3321
24448481 208
24448531 20
24448607 4509
24448663 176
24448691 1
24448691 3064
24448693 203
24448693 248
24448717 92
24448813 3
24448843 2396
24448913 28
24448913 4108
24449017 3
24449017 4128
24449021 3
24449057 84
24449123 9480
24449189 15
24449251 21
24449251 93
24449263 497
24449287 32
24449303 1
24449303 492
24449501 24
24449527 2520
24449651 1
24449651 940
24449657 7468
24449771 213
24449779 317
24449783 1
24449861 39
24450121 1148
24450137 3
24450137 8068
24450157 948
24450193 171
24450193 195
24450197 67
24450269 52
24450269 147
24450281 160
24450287 49
24450313 180
24450313 527
24450443 4477
24450529 12
24450571 344
24450623 1593
24450659 1
24450667 5228
24450749 27
24450889 932
24450953 3
24451027 360
24451171 828
24451241 4
24451331 6229
24451411 8
24451411 8540
24451501 4184
24451571 1344
24451573 8
24451631 1
24451657 20
24451697 75
24451697 84
24451711 684
24451811 1
24451871 28
24451913 123
24451919 1
24451919 9
24451939 12
24451939 36
24452003 1
24452009 147
24452053 1367
24452063 37
24452257 3
24452287 9
24452293 63
24452353 72
24452413 20
24452437 480
24452489 5124
24452599 45
24452627 13
24452711 9
24452899 9
24452903 1
24452969 7
24453059 16
24453083 1
24453103 425
24453103 1160
24453139 6812
24453241 56
24453251 1
24453251 4
24453421 23
24453427 5
24453427 264
24453491 1
24453503 16
24453503 88
24453523 452
24453661 11
24453661 111
24453661 1524
24453721 68
24453721 855
24453733 111
24453791 85
24453811 5240
24453857 4
24453859 12
24453881 3
24453937 3
24454061 3
24454061 60
24454061 123
24454093 12
24454093 20
24454117 1355
24454169 4
24454169 160
24454189 11
24454219 12
24454237 1928
24454277 12
24454369 11
24454369 3824
24454697 4
24454741 63
24454777 15
24454777 4148
24454973 175
24454973 276
24455009 175
24455021 3
24455021 7800
24455023 5
24455257 15
24455257 3855
24455281 3
24455341 15
24455471 1
24455471 2485
24455617 3
24455801 148
24455881 3
24455999 1
24456017 4
24456017 55
24456083 1
24456203 1
24456203 1752
24456239 4
24456269 171
24456349 60
24456349 384
24456431 9
24456431 1324
24456463 9860
24456811 4353
24456827 4
24456841 663
24457127 4
24457229 435
24457337 2092
24457451 688
24457457 4
24457463 1836
24457561 5151
24457619 9
24457733 36
24457757 112
24457799 4
24457843 332
24457897 5240
24457967 433
24458003 241
24458003 2476
24458047 360
24458051 1
24458051 1345
24458129 199
24458143 33
24458143 653
24458153 28
24458173 4943
24458251 21
24458299 29
24458299 45
24458333 60
24458363 1
24458363 916
24458657 24
24458789 12
24458807 9
24458843 297
24458957 12
24459059 16
24459089 31
24459103 120
24459293 5767
24459343 21
24459397 12
24459443 1
24459497 4819
24459503 1
24459503 916
24459563 1
24459581 279
24459587 24
24459601 3
24459671 5181
24459727 5
24459751 5
24459767 108
24459817 3
24459823 3576
24459823 7440
24459829 24
24459913 3
24459979 29
24460031 1
24460153 3
24460211 1
24460237 8
24460237 2303
24460273 32
24460273 1068
24460379 3844
24460409 4207
24460411 356
24460453 336
24460453 6416
24460537 3
24460649 1267
24460721 924
24460759 3165
24460859 156
24460861 620
24460897 3
24460901 331
24460907 297
24460973 7
24460979 9
24460981 44
24461243 1
24461257 767
24461287 9
24461357 3
24461473 15
24461473 260
24461533 3
24461609 4
24461609 807
24461621 39
24461663 616
24461669 4
24461693 7
24461753 15
24461753 511
24461783 205
24461809 1827
24461837 27
24461951 4
24461959 344
24461989 1475
24461989 3060
24461999 1
24461999 9
24462071 213
24462073 348
24462149 15
24462257 15
24462293 4452
24462391 713
24462461 135
24462463 65
24462509 187
24462563 1
24462563 261
24462563 2697
24462569 7
24462601 6276
24462623 12
24462653 1348
24462787 252
24462833 12
24462833 535
24462833 795
24462929 19
24462929 36
24462967 12
24462967 920
24463139 12
24463181 279
24463181 4864
24463277 304
24463277 3723
24463319 1
24463319 12
24463343 1
24463349 9955
24463363 36
24463403 1
24463423 5
24463457 3
24463463 61
24463591 4400
24463591 9204
24463631 25
24463741 3575
24463837 267
24463843 152
24463891 53
24463913 3
24463961 4140
24463987 129
24464021 1275
24464029 2135
24464113 48
24464117 168
24464131 285
24464171 1
24464171 121
24464189 7
24464243 765
24464263 8
24464281 84
24464351 9325
24464357 7183
24464359 977
24464383 5
24464423 1872
24464509 12
24464509 72
24464509 2175
24464623 77
24464623 428
24464669 27
24464711 160
24464789 12
24464911 813
24464929 311
24464953 60
24464971 29
24465053 7
24465113 7
24465127 53
24465131 1669
24465143 1353
24465211 9
24465253 8
24465263 1
24465283 3840
24465317 3
24465361 3
24465421 5195
24465461 8776
24465563 13
24465577 47
24465659 4
24465671 1
24465719 4
24465719 456
24465773 1288
24466003 140
24466049 19
24466051 5808
24466093 512
24466153 47
24466157 615
24466177 8
24466201 3
24466283 28
24466373 7
24466439 1
24466439 105
24466489 39
24466489 180
24466499 12
24466501 3
24466523 1
24466609 167
24466679 1
24466679 3685
24466759 17
24466921 276
24466943 133
24467017 155
24467057 147
24467057 2992
24467227 6152
24467243 301
24467293 212
24467297 4
24467347 968
24467371 5180
24467389 1959
24467413 123
24467419 665
24467449 5612
24467461 1388
24467479 621
24467501 3
24467533 3
24467543 1
24467567 325
24467567 4008
24467617 24
24467633 12
24467659 24
24467741 7435
24467759 1
24467803 21
24467809 36
24467827 5393
24467869 731
24467941 1836
24467999 4
24468019 176
24468071 1
24468071 4
24468077 4707
24468131 1345
24468133 12
24468167 292
24468179 1
24468203 21
24468209 636
24468221 195
24468329 4
24468401 3
24468413 12
24468413 16
24468413 912
24468629 1404
24468679 5
24468701 55
24468791 196
24468799 24
24468949 107
24469073 43
24469229 12
24469373 3
24469429 900
24469429 4500
24469439 21
24469439 60
24469481 60
24469481 2584
24469513 75
24469513 476
24469531 93
24469561 620
24469619 4924
24469733 763
24469747 8
24469871 1
24469871 853
24469873 8747
24469897 3
24469897 23
24469901 28
24469931 93
24470099 8784
24470167 53
24470189 751
24470197 104
24470239 189
24470261 9675
24470279 189
24470393 396
24470441 3
24470521 9416
24470573 28
24470671 33
24470723 28
24470759 21
24470791 120
24470863 12
24470863 21
24470951 1
24470969 4
24470969 7096
24470977 12
24470989 1260
24471037 3
24471071 1
24471079 140
24471101 3
24471191 388
24471197 7
24471197 1708
24471247 728
24471299 1
24471299 117
24471311 1
24471463 8
24471463 17
24471509 204
24471599 1
24471661 5183
24471781 11
24471871 8
24471877 63
24471883 1040
24471883 1632
24471907 5
24471983 72
24471983 120
24472003 8505
24472081 956
24472099 452
24472099 7349
24472181 28
24472267 5
24472267 209
24472267 2153
24472313 367
24472369 99
24472387 237
24472471 9
24472499 1
24472499 24
24472559 61
24472561 224
24472601 16
24472601 208
24472631 1
24472663 8
24472691 1
24472801 11
24472841 19
24472841 6084
24472937 720
24472951 29
24472961 3
24473069 52
24473161 180
24473161 776
24473231 1
24473231 1309
24473287 4928
24473497 1119
24473599 9849
24473639 1
24473747 508
24473759 2145
24473807 2337
24473821 8
24473821 515
24473903 1
24473903 12
24473903 6012
24473927 6393
24474077 3
24474113 5556
24474119 21
24474179 1
24474211 540
24474239 745
24474251 2688
24474301 3
24474301 63
24474433 72
24474563 1
24474707 84
24474719 3481
24474721 224
24475007 12
24475067 72
24475117 3
24475343 1
24475349 67
24475369 171
24475613 7
24475663 2745
24475799 1
24475817 84
24475889 19
24475939 5496
24475999 8372
24476099 1
24476113 35
24476173 2543
24476297 55
24476359 477
24476369 1455
24476411 1
24476411 93
24476437 24
24476443 153
24476461 11
24476497 1460
24476537 4
24476537 7
24476597 12
24476603 1
24476663 1
24476747 1377
24476759 2649
24476773 36
24476849 4
24476867 73
24476891 9948
24476911 9
24476911 393
24476981 39
24476987 105
24476987 697
24477001 3
24477001 6575
24477029 7
24477049 15
24477133 1575
24477143 52
24477227 993
24477371 2541
24477407 145
24477499 509
24477499 2480
24477503 1
24477527 1068
24477559 264
24477601 3980
24477617 7
24477667 8
24477763 32
24477863 88
24477863 952
24477881 7536
24477907 128
24477983 145
24477989 460
24477991 41
24477991 605
24478043 93
24478121 4
24478151 4
24478301 3456
24478397 528
24478427 309
24478439 1
24478483 5
24478537 63
24478549 252
24478583 3705
24478607 145
24478673 312
24478733 12
24478733 280
24478777 3320
24478801 7775
24478889 7
24478889 12
24478889 691
24478907 4
24478991 1
24479051 1
24479069 531
24479113 15
24479171 25
24479207 297
24479261 1836
24479293 15
24479363 1
24479363 28
24479369 7
24479407 93
24479549 8652
24479579 4
24479591 28
24479647 3429
24479753 3
24479899 732
24479899 2376
24479963 1
24479963 840
24480013 80
24480067 2732
24480109 11
24480167 153
24480167 1200
24480179 1441
24480301 15
24480301 1323
24480311 1
24480377 375
24480389 7
24480389 2791
24480499 29
24480583 177
24480613 83
24480713 7
24480719 1
24480719 1137
24480751 9
24480847 12
24480857 4
24480931 5
24481117 24
24481159 1881
24481187 1417
24481213 3752
24481447 9
24481463 12
24481559 4
24481573 95
24481607 4
24481607 24
24481631 40
24481739 21
24481759 21
24481777 612
24481811 1
24481883 1
24482257 8
24482303 1900
24482309 87
24482321 4
24482323 5
24482377 588
24482399 52
24482489 72
24482551 24
24482587 8297
24482657 300
24482681 304
24482707 108
24482797 27
24482819 1
24482893 3243
24482923 101
24482987 289
24483007 5
24483013 8
24483071 8200
24483377 247
24483377 528
24483463 677
24483467 217
24483527 12
24483527 97
24483611 1
24483611 580
24483617 228
24483649 536
24483793 60
24483863 1
24483889 39
24483919 140
24483923 1
24483931 81
24484007 9
24484007 304
24484007 2548
24484069 39
24484169 1024
24484189 144
24484219 56
24484247 9
24484379 2037
24484409 327
24484429 15
24484429 3567
24484441 3
24484441 24
24484529 772
24484567 92
24484591 48
24484619 124
24484717 3
24484717 12
24484721 195
24484741 2231
24484771 69
24484937 27
24484937 67
24484937 7699
24484987 32
24485011 84
24485033 147
24485047 33
24485113 23
24485171 1
24485171 208
24485191 2708
24485213 6171
24485297 163
24485297 6195
24485299 1217
24485459 1
24485479 857
24485521 36
24485521 4139
24485621 19
24485693 168
24485711 160
24485719 581
24485833 572
24485843 1
24485863 68
24485891 348
24485999 129
24486073 156
24486169 20
24486281 16
24486299 277
24486419 12
24486439 2237
24486461 2859
24486599 9
24486653 3
24486767 33
24486821 3
24486821 100
24486827 348
24486857 3
24486883 8568
24486941 3691
24486989 1219
24487037 19
24487037 5052
24487091 1
24487091 13
24487091 64
24487153 11
24487201 3
24487201 875
24487231 5
24487343 1
24487363 365
24487367 540
24487453 12
24487469 52
24487471 1316
24487487 4020
24487501 3
24487501 116
24487559 844
24487579 2229
24487609 71
24487627 9
24487681 3371
24487717 143
24487721 3
24487721 148
24487849 384
24487889 19
24487907 1924
24487937 3703
24488063 48
24488063 3228
24488161 179
24488213 180
24488281 2936
24488293 11
24488351 1
24488417 804
24488437 8
24488501 3
24488623 92
24488623 888
24488771 1
24488819 1
24488843 88
24488843 676
24488861 4
24488861 15
24488861 256
24488879 52
24488879 105
24488879 357
24488923 93
24488939 21
24489203 417
24489463 545
24489539 25
24489547 5
24489559 24
24489623 1
24489631 8
24489683 16
24489701 4
24489719 897
24490003 188
24490027 9785
24490073 3
24490129 171
24490157 7
24490171 1193
24490223 1
24490289 67
24490513 15
24490513 87
24490573 356
24490663 5240
24490667 129
24490721 696
24490769 64
24490853 1968
24491119 192
24491177 604
24491179 332
24491191 113
24491191 2480
24491219 61
24491377 8
24491393 96
24491393 247
24491477 40
24491609 9039
24491791 60
24491791 69
24491839 5
24491899 5
24491923 813
24491933 3
24491963 1
24491963 40
24491963 408
24491981 3
24492101 4
24492131 141
24492131 976
24492137 3
24492137 40
24492253 3
24492271 216
24492317 3
24492317 4
24492337 8127
24492353 36
24492353 6996
24492383 2493
24492389 2355
24492397 20
24492551 1
24492569 1236
24492581 8155
24492599 1
24492683 1
24492737 3439
24492841 120
24492841 2796
24492859 20
24492859 2409
24492877 3
24492877 24
24492901 435
24492967 585
24493003 5
24493103 1
24493151 429
24493177 3
24493247 1140
24493253 456
24493279 12
24493283 13
24493331 8341
24493393 8
24493393 51
24493421 924
24493457 3
24493571 228
24493577 1495
24493613 3
24493619 9
24493739 1
24493811 3816
24493817 3
24493939 152
24493949 19
24494033 7
24494033 1447
24494087 132
24494087 2440
24494237 7
24494243 1
24494243 3108
24494293 3
24494293 8
24494303 1
24494311 41
24494341 8
24494341 476
24494359 1577
24494423 1
24494453 28
24494497 75
24494521 3
24494521 15
24494627 5628
24494653 20
24494713 3
24494713 251
24494737 23
24494737 2303
24494759 1
24494803 161
24494887 764
24494969 27
24495007 17
24495061 3
24495083 1
24495083 60
24495127 4560
24495139 9
24495143 1840
24495143 4240
24495173 48
24495187 4728
24495197 2107
24495197 7740
24495269 4
24495277 83
24495311 21
24495311 340
24495311 768
24495473 1423
24495533 3
24495533 243
24495599 1
24495607 504
24495619 5
24495671 4
24495721 3
24495733 6468
24495799 3272
24495839 4
24495871 36
24495893 1000
24495899 60
24495973 3
24495979 3021
24496007 4
24496079 145
24496309 15
24496361 36
24496457 24
24496463 153
24496531 333
24496573 5252
24496697 8995
24496723 5
24496841 15
24496933 12
24496933 231
24496957 3
24496999 104
24497029 224
24497041 99
24497041 2031
24497117 1947
24497129 307
24497177 3
24497191 29
24497237 463
24497273 903
24497279 72
24497503 185
24497519 1
24497519 4
24497519 612
24497579 12
24497639 12
24497639 900
24497717 112
24497729 16
24497729 2251
24497749 111
24497789 1104
24497839 32
24497839 44
24497899 9
24497899 29
24498043 116
24498073 332
24498167 12
24498259 65
24498281 711
24498317 4012
24498317 5955
24498389 15
24498413 16
24498499 560
24498503 1
24498583 8600
24498631 93
24498757 23
24498821 4011
24498839 1
24498839 4
24498869 7
24498871 3689
24498913 71
24498917 364
24498931 9
24498931 41
24498937 47
24498973 27
24499009 47
24499043 1
24499043 45
24499073 711
24499109 91
24499141 968
24499147 204
24499183 6105
24499283 12
24499289 9459
24499327 20
24499351 5061
24499373 12
24499483 48
24499537 12
24499649 75
24499663 780
24499663 3692
24499687 128
24499763 1
24499789 251
24499793 3531
24499879 5
24499903 5
24499913 115
24499933 740
24499961 1599
24499967 85
