19500049 87
19500059 1
19500059 69
19500101 3
19500157 3
19500191 1
19500193 12
19500263 16
19500319 605
19500329 24
19500331 189
19500331 1653
19500391 324
19500463 417
19500473 28
19500473 175
19500511 2396
19500553 3
19500721 63
19500799 9
19500809 832
19500809 972
19500809 2052
19500983 45
19500983 145
19501003 152
19501003 1352
19501063 1500
19501103 3192
19501129 3972
19501177 3
19501243 36
19501271 1
19501301 4
19501301 15
19501327 12
19501367 280
19501367 652
19501367 1060
19501423 60
19501451 9
19501463 645
19501463 1053
19501507 65
19501541 3
19501579 272
19501589 4447
19501613 7
19501679 1
19501679 4
19501679 9
19501829 1452
19501837 24
19501837 27
19501921 384
19501967 24
19502011 36
19502257 47
19502257 9852
19502309 111
19502323 6872
19502381 4
19502407 488
19502407 845
19502411 24
19502491 44
19502533 8
19502611 2085
19502653 3
19502653 11
19502677 63
19502699 1
19502929 819
19503013 12
19503023 2668
19503047 172
19503089 39
19503173 16
19503223 5
19503299 1
19503397 3
19503521 175
19503581 28
19503611 1
19503683 97
19503749 12
19503833 7
19503941 9663
19503959 1
19503973 27
19503997 900
19504007 40
19504099 572
19504171 5
19504337 12
19504409 4
19504447 693
19504451 1
19504489 144
19504601 3
19504603 65
19504657 3104
19504669 32
19504769 396
19504769 471
19504769 711
19504799 1
19504819 77
19504861 36
19504909 507
19504937 663
19504939 57
19505279 249
19505413 3
19505413 11
19505413 5103
19505471 1
19505483 60
19505503 12
19505513 108
19505677 8
19505701 20
19505729 91
19505867 72
19505887 9
19505891 1
19505929 155
19505933 120
19505939 364
19506199 12
19506199 276
19506233 3
19506301 3
19506343 5
19506503 25
19506523 2772
19506541 155
19506607 29
19506623 72
19506637 27
19506661 20
19506661 216
19506827 9
19506847 1385
19506859 324
19506887 64
19506887 72
19506887 385
19506899 201
19506919 1656
19506919 7944
19506943 557
19506989 999
19507009 71
19507009 80
19507123 5
19507219 2825
19507231 8
19507231 113
19507249 12
19507259 157
19507259 3640
19507261 8559
19507283 1992
19507297 1887
19507451 13
19507487 12
19507577 5328
19507597 8
19507601 19
19507669 35
19507693 3
19507727 4
19507757 7500
19507783 12
19507909 15
19507931 1
19507963 1233
19507963 7065
19507967 2280
19508011 68
19508077 5240
19508179 21
19508219 16
19508297 12
19508327 1084
19508327 1113
19508341 3
19508371 8
19508449 27
19508491 48
19508507 4
19508557 255
19508609 459
19508617 20
19508681 3
19508683 125
19508701 104
19508779 1281
19508821 23
19508869 24
19508869 735
19509043 2517
19509179 1
19509179 12
19509283 4641
19509311 4
19509379 77
19509491 1
19509493 9168
19509541 2676
19509643 308
19509647 285
19509719 1
19509733 3
19509781 2504
19509793 15
19509821 3951
19509839 1
19509923 13
19509967 2352
19510013 196
19510027 32
19510037 4
19510091 1
19510091 2389
19510189 12
19510247 48
19510259 1
19510259 304
19510343 1
19510343 621
19510489 1952
19510609 4419
19510613 3
19510613 12
19510613 40
19510643 1
19510657 1179
19510703 1
19510741 428
19510807 9
19510817 3
19510817 43
19510817 2040
19510901 3
19510973 108
19510973 1116
19510979 1
19511021 628
19511147 280
19511209 44
19511267 1293
19511351 1
19511407 12
19511587 92
19511629 432
19511747 1029
19511761 1775
19511939 1645
19511969 3691
19512019 24
19512127 53
19512127 77
19512137 924
19512323 720
19512341 3591
19512347 9
19512377 3
19512569 16
19512631 68
19512631 284
19512641 4
19512641 84
19512683 1
19512721 15
19512769 1664
19512799 5
19512887 4
19512907 180
19512917 3
19512979 17
19513003 5
19513003 21
19513141 15
19513157 3
19513159 84
19513159 257
19513279 189
19513283 1
19513303 692
19513337 3
19513337 999
19513379 1
19513457 4
19513511 33
19513511 205
19513519 89
19513561 95
19513577 3
19513639 5
19513643 1116
19513643 2428
19513661 883
19513691 1
19513721 3
19513861 644
19513937 67
19513939 312
19513957 12
19514009 9664
19514021 3
19514041 11
19514101 3
19514149 12
19514179 21
19514179 2984
19514251 8
19514251 9
19514399 1
19514399 25
19514471 1
19514479 57
19514519 6349
19514549 19
19514569 1199
19514587 5
19514587 12
19514771 25
19514777 27
19514801 5055
19514813 12
19514983 5
19515007 89
19515029 1920
19515053 1056
19515103 5
19515113 1912
19515127 24
19515127 305
19515161 1119
19515203 156
19515203 525
19515281 3
19515281 631
19515323 193
19515383 28
19515401 336
19515403 60
19515403 9581
19515407 25
19515427 29
19515443 268
19515487 7325
19515497 204
19515511 5
19515659 4
19515697 87
19515773 12
19515803 1
19515883 32
19515889 60
19515917 12
19515917 28
19515941 3
19516001 196
19516087 7572
19516093 8
19516093 143
19516103 1
19516141 44
19516151 1
19516309 132
19516339 125
19516379 4
19516423 252
19516517 7
19516517 595
19516597 4355
19516613 40
19516619 1392
19516633 3
19516633 23
19516633 432
19516657 3
19516729 11
19516751 1
19516801 3
19516801 24
19516817 3447
19516823 1
19516919 1785
19516921 9716
19516957 92
19516957 147
19517051 1
19517053 12
19517053 3611
19517081 4
19517081 108
19517159 4
19517171 1
19517171 408
19517191 293
19517191 825
19517257 1040
19517369 60
19517369 259
19517369 871
19517413 12
19517413 87
19517447 277
19517651 504
19517651 8989
19517669 6099
19517747 333
19517767 1265
19517843 85
19517851 881
19517893 1031
19517917 888
19518017 84
19518017 715
19518041 99
19518067 1029
19518089 180
19518157 15
19518311 13
19518391 164
19518589 320
19518613 3
19518649 60
19518683 1
19518701 171
19518731 4
19518749 60
19518749 64
19518749 3612
19518817 360
19518817 783
19518931 5
19518931 536
19518971 201
19519063 8
19519063 57
19519079 192
19519229 7
19519267 5732
19519319 1
19519319 1045
19519337 24
19519363 933
19519411 8
19519411 24
19519411 408
19519411 4728
19519531 5
19519603 4233
19519607 1092
19519667 9
19519699 9180
19519823 1
19519901 1171
19519931 1
19519937 19
19519943 7620
19520107 17
19520321 4
19520339 1
19520339 24
19520339 6364
19520357 19
19520407 17
19520461 8280
19520503 36
19520693 28
19520693 1627
19520723 265
19520723 8601
19520807 4
19520807 1672
19520819 96
19520843 1
19520861 4
19520911 605
19520957 7
19521001 3
19521071 21
19521107 52
19521157 8
19521167 12
19521217 3
19521259 2424
19521407 12
19521409 60
19521419 9
19521421 203
19521427 29
19521451 509
19521511 8
19521511 501
19521571 296
19521637 567
19521673 35
19521731 1
19521731 1404
19521877 8067
19521937 207
19521941 64
19522003 8
19522003 17
19522141 44
19522187 112
19522207 420
19522241 511
19522289 31
19522309 24
19522361 4
19522381 308
19522397 412
19522457 460
19522457 4108
19522483 5
19522549 3780
19522553 7
19522577 3
19522619 12
19522703 276
19522721 900
19522733 51
19522733 1560
19522733 3591
19522739 4
19522859 544
19522871 4
19522871 564
19522961 471
19522973 676
19523029 1880
19523039 709
19523117 9132
19523137 4323
19523143 128
19523171 4
19523221 359
19523221 3608
19523227 77
19523249 4
19523381 244
19523381 1795
19523417 219
19523417 744
19523479 80
19523611 104
19523611 380
19523639 1
19523639 205
19523689 1427
19523719 5
19523761 6975
19523807 28
19523809 11
19523821 123
19523839 9
19523891 1
19523921 3
19523993 15
19523993 87
19524031 2289
19524101 3
19524179 300
19524181 3
19524199 84
19524293 7
19524359 1
19524443 1
19524469 671
19524587 64
19524707 5292
19524719 9
19524719 21
19524749 1855
19524889 239
19524919 9
19524997 92
19524997 5060
19525223 1
19525313 1767
19525399 384
19525543 21
19525549 6000
19525669 7844
19525697 988
19525699 17
19525699 149
19525777 239
19525777 747
19525801 123
19525817 3
19525817 12
19525823 1
19525823 1033
19525853 256
19525907 4
19525931 1
19525949 7
19526033 3
19526051 360
19526051 6688
19526159 1
19526231 1
19526321 3
19526327 217
19526411 24
19526453 112
19526629 111
19526677 3
19526677 324
19526827 12
19526827 5948
19526909 16
19526929 24
19526929 4676
19526933 3
19526981 64
19527073 128
19527119 4
19527119 180
19527149 244
19527173 3831
19527181 1380
19527187 5
19527197 3
19527413 3
19527539 4
19527553 6123
19527743 1
19527787 9
19527787 2000
19527803 1
19527899 16
19527929 4
19527929 96
19527929 6111
19528027 32
19528027 617
19528073 7
19528141 3
19528199 1
19528211 76
19528559 1
19528727 7257
19528843 105
19528871 901
19528907 169
19528991 76
19529021 1344
19529053 692
19529123 1
19529123 21
19529221 4148
19529297 3
19529327 97
19529339 4
19529351 1
19529371 176
19529423 1
19529453 1680
19529483 1
19529501 3
19529539 12
19529539 56
19529623 6480
19529641 60
19529681 4
19529683 5
19529683 96
19529707 8
19529717 43
19529779 9
19529879 1
19529953 171
19529971 21
19530029 715
19530047 28
19530047 33
19530089 120
19530131 4
19530169 879
19530241 1316
19530353 235
19530373 1095
19530463 573
19530479 4
19530503 1
19530503 2628
19530509 4
19530509 1207
19530517 104
19530619 32
19530631 1125
19530661 3
19530661 59
19530683 1
19530683 501
19530691 56
19530737 15
19530737 4903
19530779 504
19530787 89
19530859 2129
19530877 720
19530923 33
19530941 4
19530971 1
19531027 8
19531097 699
19531121 5235
19531157 3
19531201 15
19531217 15
19531217 4612
19531289 4032
19531403 453
19531591 29
19531663 141
19531763 13
19531789 432
19531789 4587
19531859 1
19531859 4
19531903 12
19531903 6117
19531987 20
19532011 21
19532089 279
19532137 92
19532147 172
19532147 304
19532297 7
19532297 28
19532299 84
19532393 136
19532393 9231
19532407 5
19532423 1
19532467 72
19532477 1639
19532519 9616
19532561 24
19532603 1
19532603 7533
19532647 3780
19532719 5
19532833 80
19532861 39
19532861 99
19532869 2507
19532873 3
19532917 3
19532959 161
19533047 4
19533079 5
19533103 80
19533103 120
19533133 647
19533169 5159
19533301 5268
19533313 32
19533313 80
19533347 324
19533439 1257
19533473 7
19533473 1983
19533571 1344
19533581 231
19533581 1143
19533581 2299
19533713 31
19533719 4
19533793 3
19533797 7
19533859 17
19533959 396
19534019 364
19534129 455
19534171 5
19534201 1395
19534271 909
19534379 1
19534441 3
19534441 564
19534499 2940
19534517 7
19534531 4749
19534607 9
19534663 348
19534703 12
19534817 748
19534847 13
19534903 2408
19534961 36
19535003 60
19535003 1240
19535051 1
19535203 6768
19535231 1
19535237 63
19535237 1680
19535293 272
19535293 707
19535317 3
19535381 339
19535407 465
19535407 812
19535423 1
19535443 21
19535443 540
19535501 3
19535543 16
19535563 5312
19535687 4
19535783 1
19535807 1852
19535891 21
19535909 1600
19535987 9
19536001 5096
19536031 29
19536059 456
19536073 3
19536379 17
19536469 72
19536497 324
19536509 24
19536509 124
19536523 5
19536557 52
19536593 3
19536679 116
19536697 24
19536721 11
19536793 3
19536827 1129
19536887 3228
19536949 60
19536989 6247
19537079 2145
19537151 4
19537151 9
19537151 16
19537157 247
19537181 2071
19537183 272
19537229 4
19537333 3
19537391 5928
19537559 1
19537627 4800
19537691 64
19537697 15
19537747 5
19537823 16
19537849 20
19537933 3012
19537957 3
19538009 820
19538033 12
19538227 48
19538237 7
19538243 1
19538261 4
19538353 11
19538357 5899
19538443 672
19538461 83
19538537 24
19538549 31
19538549 9684
19538557 1512
19538677 63
19538747 108
19538747 385
19538867 4408
19538881 1088
19538963 325
19539017 127
19539041 460
19539061 63
19539193 135
19539193 1851
19539199 41
19539217 60
19539229 6152
19539241 411
19539251 1
19539313 23
19539361 2963
19539439 1032
19539503 2101
19539571 4356
19539577 7583
19539599 1
19539599 4
19539731 1
19539799 360
19540121 19
19540163 33
19540163 421
19540193 12
19540193 43
19540207 8
19540207 1880
19540211 1
19540237 27
19540249 707
19540249 5595
19540319 1297
19540343 120
19540343 193
19540427 4
19540487 5160
19540513 3
19540529 120
19540657 695
19540663 65
19540669 2595
19540739 1
19540739 4
19540813 132
19540817 27
19540933 8
19541017 1055
19541087 9
19541111 1
19541113 11
19541141 16
19541189 1771
19541321 619
19541359 17
19541521 2831
19541591 4669
19541659 9381
19541699 205
19541729 12
19541729 1780
19541759 1
19541773 4115
19541779 3245
19541813 43
19541869 92
19541917 23
19541939 4
19541981 3304
19541983 21
19542041 16
19542041 5835
19542049 876
19542097 4199
19542113 51
19542169 7619
19542223 701
19542239 112
19542287 2304
19542349 11
19542371 4
19542407 8620
19542437 7
19542517 104
19542541 3
19542619 437
19542619 741
19542619 824
19542661 24
19542661 9176
19542857 19
19542857 55
19542869 40
19542899 1
19543063 81
19543079 72
19543079 165
19543177 3
19543253 7
19543253 787
19543357 39
19543369 2276
19543409 4
19543411 161
19543549 99
19543619 1
19543661 19
19543669 111
19543717 35
19543739 180
19543739 2400
19543751 985
19543877 108
19543877 240
19544039 1
19544087 40
19544087 108
19544113 1743
19544113 5240
19544117 3
19544117 115
19544117 484
19544131 365
19544201 24
19544209 12
19544209 27
19544219 477
19544233 308
19544309 7
19544309 447
19544323 12
19544351 13
19544359 177
19544381 63
19544431 1001
19544453 31
19544453 112
19544537 3
19544677 1404
19544683 5
19544699 1
19544699 24
19544743 2268
19544761 35
19544803 17
19544851 168
19544851 1001
19544881 51
19544891 1525
19544891 1896
19544953 71
19544999 76
19545083 2325
19545103 93
19545157 3
19545277 888
19545443 193
19545481 8
19545523 8
19545551 1
19545577 8
19545611 1
19545611 9
19545611 48
19545637 119
19545641 3
19545679 12
19545679 4685
19545761 43
19545829 71
19545839 145
19545839 3069
19545853 6135
19545863 3616
19545887 9
19546069 467
19546133 3
19546133 1651
19546171 8
19546171 144
19546199 16
19546301 148
19546339 57
19546391 133
19546393 2075
19546409 12
19546409 595
19546451 1
19546469 4
19546561 36
19546561 68
19546577 495
19546727 4
19546741 380
19546921 48
19547071 5
19547111 4
19547117 24
19547147 25
19547147 1108
19547243 1
19547249 159
19547273 12
19547287 8
19547293 12
19547293 3591
19547387 13
19547461 11
19547483 628
19547491 9569
19547519 1
19547543 1041
19547597 3
19547617 32
19547623 5
19547771 1
19547797 80
19547897 7
19547989 20
19548071 3169
19548097 1752
19548223 128
19548241 8
19548251 28
19548257 187
19548299 1
19548337 3
19548421 3
19548443 1
19548457 15
19548539 1452
19548653 3520
19548773 7
19548797 3
19548811 60
19548847 192
19548869 1060
19548911 1
19548917 3
19548953 16
19549009 35
19549051 9
19549063 3236
19549139 4
19549331 64
19549363 125
19549367 84
19549373 828
19549381 3
19549447 249
19549447 8084
19549529 411
19549553 31
19549559 9
19549573 576
19549583 88
19549601 63
19549631 33
19549631 289
19549657 15
19549687 180
19549759 552
19549781 2056
19549837 419
19549919 60
19549963 5
19549967 28
19550191 264
19550233 3
19550239 72
19550239 3597
19550249 7
19550249 420
19550339 1
19550339 421
19550351 648
19550407 20
19550431 68
19550497 12
19550521 3
19550521 648
19550537 24
19550537 84
19550551 804
19550779 272
19550789 3856
19550831 21
19550963 1
19550977 3
19550983 4428
19551023 4032
19551031 41
19551067 5
19551067 12
19551121 176
19551163 497
19551167 288
19551179 1
19551179 9
19551239 1404
19551317 7
19551401 3
19551461 6576
19551487 33
19551533 348
19551643 36
19551667 965
19551689 1959
19551733 1632
19551877 812
19551937 8
19551977 4
19551997 2100
19552063 17
19552079 36
19552213 255
19552213 4452
19552223 33
19552237 312
19552237 1032
19552271 1
19552271 4333
19552343 1
19552343 12
19552361 3
19552361 19
19552441 3
19552483 5
19552483 7161
19552493 31
19552493 315
19552549 1512
19552597 155
19552607 9
19552751 16
19552849 12
19552849 471
19552849 5459
19552867 53
19552867 80
19552933 8
19553273 3
19553273 27
19553333 3
19553333 43
19553377 12
19553377 23
19553399 21
19553447 9
19553447 124
19553477 12
19553483 1
19553543 1
19553711 1
19553711 1788
19553719 7772
19553731 5
19553759 1804
19553771 1
19553899 7205
19553951 745
19553959 4845
19554079 5
19554079 36
19554109 11
19554179 1
19554299 1
19554329 355
19554433 23
19554433 2240
19554481 24
19554541 68
19554683 456
19554719 1
19554727 9
19554757 167
19554797 24
19554919 444
19555001 255
19555027 2369
19555043 1
19555043 108
19555111 1161
19555181 3
19555187 300
19555259 4965
19555279 17
19555447 84
19555507 597
19555651 3093
19555717 1748
19555853 72
19555919 97
19555937 27
19556023 4988
19556041 299
19556153 688
19556167 765
19556323 5
19556519 12
19556533 527
19556561 51
19556591 4
19556611 80
19556723 5181
19556861 88
19556863 5
19556893 12
19556893 36
19556917 3
19556951 1
19556981 199
19557101 120
19557103 381
19557193 32
19557193 608
19557607 189
19557617 132
19557623 1
19557677 27
19557739 5
19557739 309
19557739 777
19557757 239
19557757 687
19557877 4248
19557899 1
19557899 4
19557911 384
19557953 127
19557959 960
19557959 8805
19558061 3
19558061 1135
19558141 23
19558181 280
19558261 8
19558261 15
19558291 8
19558327 2780
19558433 63
19558433 903
19558603 132
19558691 1
19558787 4980
19558801 96
19558951 416
19559063 1
19559063 1717
19559093 12
19559159 1
19559179 185
19559201 75
19559363 8176
19559429 4
19559437 3
19559497 59
19559557 27
19559599 5
19559599 936
19559609 136
19559609 640
19559633 7
19559641 3036
19559669 4
19559671 68
19559681 15
19559753 3
19559831 288
19559927 4
19559951 1
19559989 1959
19560001 155
19560011 4
19560031 5
19560031 7040
19560059 1
19560067 648
19560071 1045
19560103 48
19560113 496
19560259 32
19560269 172
19560323 1
19560337 104
19560433 3
19560467 1237
19560503 1
19560553 1275
19560689 2199
19560799 149
19560917 3
19560943 140
19561189 12
19561193 607
19561207 5
19561261 3
19561303 168
19561343 1
19561343 60
19561439 1
19561481 4
19561499 1
19561513 3
19561547 4
19561649 151
19561669 1007
19561693 23
19561709 279
19561723 360
19561859 1
19561859 64
19561877 3139
19561897 15
19562027 72
19562041 63
19562107 9269
19562177 4
19562197 3
19562219 69
19562243 1
19562243 396
19562261 3
19562329 752
19562341 203
19562369 2067
19562479 1172
19562483 45
19562483 81
19562531 1
19562537 627
19562539 137
19562539 636
19562551 221
19562573 3
19562629 4460
19562681 36
19562713 11
19562717 15
19562773 131
19562797 8
19562821 6116
19562831 1
19563053 31
19563119 1
19563143 57
19563149 19
19563221 15
19563283 12
19563283 1617
19563389 4216
19563391 96
19563391 1140
19563431 1
19563469 219
19563497 28
19563527 4
19563527 37
19563527 60
19563589 11
19563629 300
19563641 28
19563701 2068
19563707 1428
19563727 89
19563727 684
19563757 3632
19563767 3204
19563767 6897
19563793 428
19563871 269
19563899 40
19563917 1543
19563919 144
19563919 1692
19563941 3384
19563967 5
19563997 60
19563997 68
19564019 16
19564037 4
19564141 276
19564151 8545
19564169 211
19564177 3
19564309 51
19564313 40
19564333 132
19564333 1868
19564409 5080
19564499 441
19564499 789
19564529 907
19564619 1120
19564663 5
19564687 24
19564729 140
19564757 4
19564759 7521
19564771 36
19564817 84
19564829 6927
19564861 23
19565017 3
19565017 23
19565017 395
19565059 5
19565093 7
19565099 36
19565099 5340
19565101 8580
19565131 36
19565171 4
19565171 21
19565213 7420
19565327 228
19565353 128
19565353 347
19565393 1108
19565393 7876
19565461 104
19565477 19
19565561 3423
19565591 13
19565591 24
19565593 1848
19565621 19
19565641 24
19565653 443
19565723 2080
19565737 3
19565753 648
19565783 1
19565789 3207
19565813 147
19565831 1
19566059 45
19566103 8
19566121 95
19566359 1
19566359 552
19566361 3
19566433 92
19566433 167
19566517 48
19566529 20
19566559 45
19566581 5535
19566607 29
19566667 8
19566697 8472
19566727 845
19566761 3
19566857 4
19566863 1
19566901 3459
19566977 4
19566991 5
19566991 5925
19567019 9
19567183 8
19567201 3911
19567313 3
19567313 123
19567351 45
19567351 476
19567399 32
19567403 1
19567403 616
19567439 760
19567481 3
19567657 3
19567657 840
19567771 125
19567921 3
19567993 231
19568047 93
19568089 7892
19568123 1
19568303 1
19568531 61
19568531 553
19568609 2259
19568687 652
19568729 7
19568749 15
19568777 3
19568797 704
19568831 4
19568981 3
19569007 4164
19569047 393
19569131 3676
19569139 1277
19569239 9
19569239 540
19569247 17
19569299 1
19569311 1
19569311 16
19569377 127
19569391 8
19569391 9
19569419 1
19569467 109
19569493 72
19569611 1
19569629 2352
19569661 416
19569743 73
19569761 4
19569793 1376
19569899 1
19569899 12
19569917 144
19569971 21
19569971 1849
19569973 3
19569973 3071
19570027 189
19570049 132
19570169 7
19570169 672
19570259 4
19570259 109
19570337 4
19570469 4
19570501 191
19570543 201
19570559 1
19570693 1208
19570799 781
19570799 4609
19570823 36
19570849 119
19570913 3
19570913 276
19571023 5
19571033 7
19571051 81
19571161 1899
19571171 121
19571173 248
19571203 8
19571291 1
19571291 4
19571639 25
19571731 8
19571731 4433
19571759 1
19571771 1
19571809 584
19571809 6411
19571813 496
19571831 1065
19571963 2925
19571971 161
19572017 27
19572017 4668
19572053 388
19572089 31
19572263 1
19572281 4
19572331 9
19572403 21
19572403 33
19572473 28
19572473 52
19572473 1495
19572809 60
19572827 48
19572857 2352
19572937 503
19573061 15
19573109 96
19573109 132
19573139 1
19573181 5463
19573199 1
19573219 741
19573237 24
19573237 827
19573303 1836
19573343 1
19573453 108
19573531 5
19573577 4
19573583 1
19573607 229
19573639 120
19573717 7623
19573787 25
19573793 1195
19573847 52
19573997 3
19574003 1
19574003 16
19574069 12
19574099 52
19574099 3229
19574153 96
19574167 168
19574189 364
19574189 2227
19574197 104
19574197 539
19574267 9
19574381 411
19574729 15
19574729 4695
19574783 2577
19574791 405
19574801 16
19574897 55
19574897 180
19574957 1039
19574977 728
19574987 505
19575071 1
19575137 1944
19575317 12
19575337 168
19575383 1
19575401 1639
19575583 5
19575587 3384
19575733 15
19575739 12
19575749 700
19575749 5560
19575779 1
19575851 1
19575989 324
19576031 1
19576033 728
19576153 3
19576169 52
19576171 7148
19576177 32
19576201 3744
19576267 1652
19576307 4
19576307 45
19576379 1
19576397 7
19576409 31
19576423 1172
19576471 60
19576477 12
19576553 88
19576633 3
19576751 4
19576751 13
19576763 976
19576763 2821
19576861 1883
19576873 11
19577009 367
19577017 24
19577017 123
19577039 129
19577053 20
19577111 1
19577111 5629
19577143 881
19577249 12
19577249 36
19577303 1
19577317 3
19577447 505
19577471 1
19577473 3
19577483 1
19577527 5
19577533 12
19577563 3876
19577587 20
19577717 4
19577731 48
19577759 4996
19577843 21
19577843 60
19577867 3004
19577893 351
19577893 591
19577903 1
19577903 13
19578001 15
19578001 444
19578049 1059
19578077 127
19578191 4
19578241 8
19578263 1
19578283 4452
19578331 60
19578331 200
19578401 499
19578413 1728
19578521 168
19578521 295
19578593 15
19578697 3
19578733 192
19578827 5025
19578959 21
19578971 16
19578991 1320
19578997 8
19578997 248
19579009 36
19579097 3
19579103 120
19579103 5073
19579193 840
19579211 193
19579267 8
19579277 1027
19579303 32
19579333 68
19579337 7
19579337 43
19579381 63
19579471 8
19579487 24
19579493 168
19579499 57
19579523 1
19579523 141
19579559 1
19579583 1
19579691 1
19579691 9360
19579751 1
19579789 99
19579891 21
19579981 63
19580063 1
19580111 4393
19580149 11
19580173 2591
19580201 3
19580213 3531
19580293 512
19580303 12
19580333 12
19580371 701
19580401 299
19580443 5793
19580497 68
19580611 4925
19580633 3
19580653 11
19580677 1079
19580689 11
19580731 41
19580731 944
19580831 481
19580833 3572
19580837 1560
19580839 897
19580921 4
19580993 363
19581007 225
19581071 1
19581091 2405
19581109 375
19581137 123
19581193 1071
19581311 1
19581311 40
19581323 1
19581323 13
19581391 21
19581413 208
19581521 15
19581581 3
19581581 4
19581589 1559
19581607 1092
19581689 4
19581721 228
19581781 8
19581787 48
19581829 1187
19581911 1
19581937 3
19581971 1516
19582007 88
19582021 3
19582061 7843
19582099 41
19582151 1
19582153 2520
19582169 7
19582169 2136
19582259 1
19582301 2124
19582307 9744
19582349 19
19582357 32
19582397 8395
19582471 5
19582489 12
19582489 300
19582523 1
19582523 6381
19582523 6828
19582531 44
19582601 40
19582663 185
19582777 303
19582807 57
19582807 2528
19582903 12
19582909 27
19582919 1
19583029 12
19583141 3
19583153 88
19583177 4
19583177 7
19583203 20
19583237 28
19583261 7659
19583513 3
19583549 12
19583569 747
19583611 5
19583651 9
19583689 35
19583719 1272
19583761 1475
19583771 1
19583807 13
19583857 288
19583873 1695
19583887 8
19583951 1
19583959 552
19583969 12
19584031 68
19584053 3432
19584091 648
19584163 65
19584217 95
19584319 7329
19584353 3
19584559 581
19584583 12
19584583 1793
19584583 3465
19584673 695
19584713 2847
19584751 5
19584779 1725
19584827 4288
19584913 20
19584913 152
19584919 689
19584967 24
19584977 472
19585001 4
19585019 796
19585057 132
19585117 84
19585217 27
19585457 28
19585477 140
19585477 339
19585477 1448
19585483 197
19585529 1411
19585537 1548
19585541 403
19585633 23
19586009 7
19586129 7
19586153 747
19586201 28
19586267 4
19586323 8
19586417 127
19586419 12
19586471 1
19586491 5124
19586527 45
19586591 9
19586591 76
19586689 12
19586837 4
19586867 48
19586899 132
19586923 21
19586923 2073
19586939 1
19586951 2533
19586953 636
19586969 4
19587101 4
19587131 3249
19587137 12
19587137 5872
19587143 1
19587193 6512
19587311 1
19587331 21
19587389 4
19587427 48
19587473 831
19587479 717
19587509 1815
19587563 1
19587719 1
19587739 24
19587739 89
19587779 1
19587781 419
19587781 7823
19587923 288
19587937 7599
19587979 5
19587979 249
19588007 565
19588147 53
19588379 76
19588451 1
19588463 13
19588483 5
19588483 81
19588549 480
19588549 2940
19588579 84
19588631 280
19588691 4813
19588711 269
19588727 112
19588741 2076
19588763 1
19588813 8627
19588831 44
19588831 93
19588837 27
19588883 1
19588883 1065
19588909 771
19588927 393
19588937 3
19588969 2064
19588997 75
19588999 444
19589023 8
19589041 44
19589137 663
19589161 2004
19589161 3183
19589173 15
19589173 251
19589189 5887
19589189 6735
19589257 8
19589291 1
19589291 85
19589417 12
19589429 2952
19589519 1
19589597 75
19589599 9
19589621 9135
19589671 9
19589671 1148
19589699 9
19589771 4
19589783 16
19589783 72
19589789 139
19589851 1820
19589863 17
19589953 2163
19589957 820
19589963 1
19589963 1308
19589987 40
19590013 3
19590017 103
19590017 1048
19590149 4
19590257 15
19590289 176
19590421 875
19590479 1
19590479 3477
19590491 4
19590547 17
19590569 12
19590673 35
19590677 27
19590763 32
19590793 35
19590811 2568
19590839 1
19590877 32
19590877 264
19590899 9
19590899 765
19590899 1284
19590911 1
19591007 1180
19591031 1
19591097 3103
19591199 276
19591249 24
19591249 3059
19591301 36
19591307 804
19591421 103
19591499 1
19591499 85
19591543 968
19591571 1
19591591 620
19591619 1
19591619 861
19591619 2089
19591709 7
19591739 1
19591777 8
19591801 24
19591931 1
19591937 5532
19591991 1
19592003 1
19592003 12
19592003 220
19592003 337
19592011 3689
19592011 4673
19592029 216
19592239 9
19592267 4
19592269 12
19592281 3
19592369 36
19592579 364
19592581 7599
19592593 8487
19592681 4
19592717 267
19592747 6937
19592801 835
19592813 163
19592863 77
19592879 5517
19592921 3
19592983 5
19593043 4080
19593097 1695
19593113 855
19593347 177
19593421 2024
19593451 800
19593521 6324
19593559 332
19593559 3596
19593599 1
19593719 124
19593773 12
19593781 9791
19593797 28
19593851 109
19593869 375
19593929 4
19593967 452
19593991 816
19594019 9
19594021 3
19594031 1
19594037 684
19594039 77
19594051 3828
19594061 799
19594121 4
19594121 2440
19594129 24
19594177 8
19594189 7856
19594241 3
19594249 11
19594249 87
19594273 471
19594297 452
19594357 20
19594373 1176
19594373 3060
19594381 1364
19594417 3
19594559 1
19594669 416
19594741 255
19594837 347
19594877 603
19595003 1
19595047 5
19595117 3
19595117 184
19595123 1
19595161 15
19595207 28
19595249 4
19595267 84
19595267 148
19595281 56
19595291 496
19595299 84
19595431 9
19595447 57
19595453 7
19595453 6451
19595467 2517
19595473 9008
19595507 28
19595567 48
19595621 84
19595651 1
19595651 129
19595777 4
19595819 97
19595887 5
19595971 6416
19596043 4641
19596103 125
19596107 3633
19596113 31
19596119 1
19596169 75
19596169 651
19596173 43
19596179 324
19596259 56
19596403 125
19596443 1
19596457 212
19596457 443
19596463 8
19596487 489
19596553 32
19596553 72
19596559 245
19596679 5
19596701 36
19596737 3
19596757 2967
19596769 644
19596817 347
19597003 237
19597079 132
19597153 3
19597181 4
19597181 91
19597187 88
19597337 15
19597489 20
19597511 744
19597537 32
19597573 2508
19597573 5427
19597597 60
19597663 8
19597691 169
19597763 297
19597777 9660
19597789 3051
19597871 1
19597871 2113
19597883 561
19597931 13
19597931 24
19597931 481
19597931 1785
19597999 740
19598003 1
19598143 8
19598143 1701
19598203 17
19598203 293
19598321 19
19598339 3937
19598339 6249
19598339 6804
19598353 867
19598377 600
19598503 65
19598549 15
19598729 291
19598827 53
19598897 1512
19598897 1948
19598933 3
19599001 8
19599101 4
19599101 303
19599103 45
19599103 672
19599131 1729
19599199 137
19599199 2825
19599257 99
19599257 6547
19599277 3
19599373 3
19599403 1176
19599439 465
19599527 1512
19599791 1
19599823 360
19599919 132
19599941 4
19599953 991
19600019 69
19600043 1
19600067 2569
19600067 4609
19600103 1
19600129 47
19600159 6137
19600177 60
19600181 1143
19600183 20
19600183 3393
19600249 12
19600307 12
19600313 327
19600319 1
19600403 1
19600409 1231
19600481 1104
19600631 1
19600631 96
19600709 396
19600817 43
19600849 27
19600879 609
19600901 1648
19601123 1012
19601237 2787
19601279 4
19601287 9
19601287 29
19601297 3
19601327 57
19601333 123
19601381 31
19601411 124
19601431 5
19601443 561
19601447 60
19601447 4273
19601471 60
19601479 984
19601611 89
19601611 761
19601639 7221
19601693 3
19601779 200
19601779 2025
19601849 4
19601903 1
19601929 11
19602029 531
19602041 63
19602263 1
19602263 37
19602263 357
19602263 696
19602277 3
19602287 4
19602419 24
19602643 21
19602673 236
19602697 164
19602697 1959
19602727 17
19602769 36
19602907 32
19602929 2172
19603027 177
19603033 8
19603343 12
19603411 104
19603427 5685
19603433 3
19603433 7
19603489 12
19603523 792
19603583 6657
19603621 651
19603643 121
19603697 4
19603709 27
19603819 5
19603823 1
19603823 8292
19603879 12
19603919 1192
19604041 11
19604063 117
19604069 4
19604071 8
19604141 3
19604243 1
19604293 11
19604309 31
19604317 1475
19604323 585
19604327 3397
19604381 1759
19604381 5991
19604479 3332
19604479 3765
19604479 5817
19604531 1
19604531 24
19604581 956
19604759 40
19604869 5807
19604887 2417
19604939 1
19604939 4
19604951 1
19605007 45
19605023 2685
19605049 1479
19605143 780
19605167 12
19605241 3
19605277 6963
19605317 4
19605433 8
19605451 8
19605497 300
19605529 204
19605559 5084
19605581 3
19605581 16
19605623 1
19605623 2640
19605697 3
19605731 1
19605731 13
19605793 11
19605809 156
19605923 1
19605997 2087
19606021 1391
19606091 156
19606099 461
19606187 9
19606199 2661
19606211 9
19606243 237
19606283 1
19606303 21
19606333 3
19606351 9
19606421 3
19606421 48
19606441 111
19606571 1
19606583 201
19606607 45
19606669 36
19606711 29
19606711 3941
19606861 764
19606981 59
19607033 27
19607113 12
19607117 2764
19607251 8
19607351 1884
19607369 5316
19607383 153
19607459 2817
19607461 656
19607537 3
19607537 127
19607641 8
19607659 629
19607659 657
19607689 3476
19607711 441
19607723 16
19607771 1
19607821 3
19607923 21
19607947 692
19608011 4
19608013 8795
19608059 1
19608073 3
19608077 19
19608103 45
19608107 13
19608181 8
19608271 8
19608271 1184
19608299 1
19608317 1504
19608319 20
19608377 3
19608383 1597
19608529 95
19608577 1704
19608587 12
19608587 144
19608601 35
19608601 83
19608671 2160
19608683 328
19608733 3
19608761 151
19608763 56
19608763 7181
19608859 3620
19608899 1
19608929 2292
19608943 177
19609027 140
19609033 35
19609033 212
19609043 1
19609043 1317
19609189 35
19609283 1
19609319 1
19609451 1
19609477 3
19609507 8
19609507 2748
19609511 561
19609531 2853
19609631 1
19609643 361
19609643 1633
19609651 29
19609699 5
19609753 11
19609753 788
19609817 39
19609903 5
19610009 4815
19610051 9
19610077 59
19610207 4
19610251 228
19610449 1884
19610471 1
19610599 345
19610611 3461
19610621 444
19610621 5683
19610663 1
19610681 3
19610681 168
19610687 4
19610711 1
19610711 16
19610711 604
19610711 2209
19610719 41
19610771 13
19610813 3
19610813 391
19610819 1
19610827 53
19610909 12
19611001 7079
19611049 4095
19611071 1
19611071 4
19611131 1
19611233 108
19611233 495
19611283 8
19611367 48
19611367 129
19611497 24
19611497 1728
19611551 13
19611589 264
19611679 2061
19611719 172
19611883 996
19611919 132
19611989 139
19612001 496
19612069 819
19612193 3
19612273 300
19612273 3668
19612363 2585
19612447 428
19612459 4016
19612471 8
19612471 1209
19612487 1009
19612501 44
19612589 2671
19612589 3687
19612631 28
19612639 177
19612751 2856
19612793 7911
19612799 100
19613003 1
19613017 35
19613017 768
19613051 4296
19613081 28
19613101 236
19613171 4
19613171 3301
19613171 6721
19613213 7
19613249 4
19613333 36
19613357 147
19613357 7387
19613369 864
19613389 1727
19613417 5928
19613423 1116
19613467 425
19613467 5040
19613591 1501
19613729 4
19613729 115
19613747 120
19613777 687
19613863 233
19613921 4
19613939 1
19614017 4
19614043 2361
19614157 3
19614157 12
19614269 784
19614281 396
19614433 3
19614437 4
19614613 3
19614667 17
19614737 48
19614739 264
19614827 4765
19614911 1
19614949 296
19614949 564
19614997 255
19615019 1
19615091 33
19615153 3
19615207 9
19615213 4208
19615237 227
19615273 8
19615327 165
19615367 193
19615381 3
19615499 3816
19615633 3
19615663 8
19615663 56
19615679 12
19615691 3133
19615699 120
19615723 5
19615763 180
19615801 23
19615913 207
19615949 31
19616021 399
19616101 2720
19616239 21
19616279 1
19616347 77
19616489 159
19616507 37
19616533 2711
19616537 7
19616537 12
19616567 25
19616567 193
19616567 588
19616581 759
19616581 2904
19616629 47
19616671 8
19616671 144
19616741 3
19616747 1269
19616761 3
19616761 44
19616843 3565
19616957 7
19617023 1
19617121 20
19617121 3240
19617127 5
19617151 845
19617163 957
19617197 4063
19617263 12
19617317 7
19617317 15
19617347 6517
19617379 3645
19617397 23
19617461 4
19617461 151
19617527 264
19617547 12
19617691 21
19617707 12
19617707 9160
19617727 653
19617727 1469
19617751 9
19617811 2888
19617859 72
19617883 45
19617907 200
19617907 485
19617943 7293
19618037 595
19618037 1267
19618087 552
19618169 19
19618189 32
19618211 4
19618229 204
19618303 33
19618397 792
19618451 1
19618463 4060
19618523 1
19618589 432
19618603 5
19618661 96
19618679 12
19618717 483
19618723 1200
19618757 52
19618763 21
19618883 1
19618883 72
19618883 277
19618883 280
19618891 129
19618897 1104
19618903 33
19618927 89
19618961 3
19618967 4
19618967 85
19618967 168
19619053 71
19619081 2311
19619107 5
19619107 108
19619179 5
19619219 64
19619251 293
19619339 1
19619339 1389
19619371 1340
19619393 3
19619417 3
19619423 1
19619461 44
19619531 4
19619591 1
19619591 568
19619597 19
19619597 975
19619651 529
19619669 12
19619737 32
19619767 48
19619767 104
19619833 528
19619833 4536
19619839 5
19619881 8
19619881 39
19620019 24
19620047 3085
19620047 3645
19620059 1
19620113 475
19620143 1
19620149 195
19620163 5
19620191 1165
19620259 4941
19620313 227
19620371 265
19620383 1
19620493 3
19620493 68
19620539 469
19620593 208
19620647 1164
19620719 1
19620773 4471
19620829 11
19620829 527
19620871 4445
19620877 3
19620877 4428
19620929 24
19620947 129
19621027 5
19621033 5288
19621061 4
19621087 560
19621153 3
19621223 4068
19621241 3
19621253 448
19621307 357
19621463 1
19621531 5
19621673 3523
19621697 3460
19621709 280
19621733 7
19621753 5643
19621759 24
19621793 7
19621831 8
19621867 72
19621897 119
19621897 303
19621969 27
19621969 87
19622143 48
19622153 75
19622191 29
19622263 20
19622329 36
19622329 84
19622441 3
19622509 3111
19622521 8
19622557 207
19622587 524
19622651 36
19622653 4127
19622699 1629
19622717 7
19622803 161
19622803 248
19622831 4
19622833 3
19622833 896
19622849 1036
19622881 363
19622881 435
19622927 4
19622951 4
19622971 5
19623041 4
19623137 112
19623229 44
19623413 31
19623419 1
19623463 5
19623497 12
19623497 420
19623553 360
19623601 8
19623613 32
19623649 147
19623701 15
19623719 4036
19623859 5
19623859 32
19623859 45
19623887 9
19623893 76
19624009 5472
19624063 2852
19624067 825
19624109 40
19624123 308
19624141 1740
19624217 43
19624237 4479
19624243 728
19624247 1660
19624277 7
19624327 8
19624327 1589
19624373 112
19624439 21
19624441 3
19624463 657
19624499 1
19624571 1
19624571 36
19624607 4
19624621 8
19624637 3
19624673 3
19624799 1
19624799 4
19624807 5
19624889 4
19624931 1
19624961 3
19625027 424
19625069 900
19625159 1
19625167 8493
19625189 235
19625219 105
19625519 1
19625527 17
19625603 1933
19625611 53
19625659 21
19625681 28
19625729 7
19625737 348
19625867 505
19625887 8292
19625909 127
19625951 1
19626083 133
19626083 3360
19626133 3
19626151 5
19626163 6416
19626181 23
19626227 4
19626241 4484
19626311 1
19626367 1608
19626433 623
19626491 13
19626493 3
19626679 17
19626781 8
19626781 15
19626787 188
19626847 9
19626863 1
19626863 3321
19626869 616
19626947 625
19626991 24
19627021 15
19627051 33
19627063 20
19627067 525
19627079 6141
19627087 192
19627103 3985
19627121 3
19627189 71
19627207 1844
19627213 15
19627213 2076
19627241 60
19627249 384
19627261 1304
19627261 6008
19627417 560
19627423 593
19627477 8
19627481 736
19627499 444
19627631 1
19627691 1
19627781 3
19627813 3
19627813 8
19627847 12
19627873 47
19627913 3
19627913 12
19628017 3
19628017 299
19628017 375
19628057 4
19628113 1191
19628117 28
19628227 12
19628267 48
19628291 9
19628309 39
19628351 9
19628417 163
19628437 80
19628491 8
19628491 1349
19628639 1
19628663 48
19628663 153
19628711 120
19628711 949
19628743 581
19628747 12
19628773 1932
19628857 3
19628857 168
19628927 4
19629031 9
19629053 2331
19629073 3
19629083 7636
19629139 12
19629149 19
19629229 2496
19629301 24
19629331 5
19629349 675
19629361 9264
19629383 1
19629427 12
19629517 180
19629587 4
19629667 57
19629803 1
19629823 5796
19629853 8
19629853 15
19629881 4
19629901 623
19629989 1159
19629991 521
19630027 5
19630031 1
19630199 49
19630213 12
19630217 3
19630217 4
19630243 33
19630243 2048
19630283 1
19630307 189
19630343 1
19630367 252
19630367 397
19630399 21
19630469 564
19630549 27
19630673 3
19630687 2100
19630693 11
19630703 505
19630811 4
19630879 20
19630879 6609
19630889 7
19630939 77
19630939 104
19630991 1
19631291 1
19631357 24
19631399 1
19631411 5364
19631519 297
19631527 1568
19631593 1500
19631687 3772
19631701 176
19631749 191
19631831 1
19631839 896
19631861 4
19631873 7
19631893 3975
19631933 171
19631981 31
19631981 5491
19631987 9
19631987 1513
19631999 4
19632029 2067
19632049 4016
19632061 8
19632079 21
19632097 1544
19632329 4
19632383 1
19632383 1420
19632439 12
19632461 408
19632479 1
19632523 372
19632647 1788
19632659 1
19632659 361
19632677 4
19632713 7
19632749 16
19632779 4
19632859 9
19632859 8856
19632863 2580
19632923 1
19632931 8969
19632937 959
19633093 63
19633121 5451
19633123 5
19633127 304
19633129 284
19633151 1
19633153 8
19633153 587
19633259 1
19633259 160
19633259 1101
19633309 899
19633331 1
19633349 7
19633433 391
19633469 4
19633543 4557
19633561 3
19633577 7767
19633619 2044
19633687 5
19633753 12
19633781 3
19633837 59
19633853 40
19633969 56
19633969 5204
19634003 1
19634053 20
19634063 3165
19634119 221
19634123 1
19634137 3
19634137 8
19634159 1
19634369 3955
19634477 4
19634597 3
19634597 867
19634603 1
19634603 1185
19634647 8
19634743 1512
19634843 1
19634843 28
19634869 5951
19634903 1
19634903 21
19634911 44
19634911 224
19634917 35
19634921 4855
19635013 227
19635053 1492
19635073 32
19635097 15
19635097 99
19635103 1392
19635163 272
19635167 33
19635167 48
19635167 100
19635211 368
19635257 39
19635293 7656
19635347 33
19635397 20
19635403 2892
19635541 2256
19635631 209
19635653 28
19635661 11
19635661 140
19635709 95
19635769 131
19635769 2744
19635809 4
19635827 1453
19635827 5133
19635827 9792
19635853 3
19635923 1
19635943 5
19635971 640
19635991 8
19636021 71
19636033 3
19636049 75
19636049 100
19636093 71
19636157 3
19636157 39
19636189 20
19636261 636
19636301 808
19636301 3720
19636433 3
19636471 8069
19636511 1
19636517 3
19636559 249
19636607 8572
19636637 1167
19636783 12
19636817 3679
19636873 12
19636943 1
19636987 104
19637071 533
19637071 593
19637161 951
19637221 659
19637297 303
19637309 36
19637357 55
19637357 420
19637381 256
19637413 2148
19637419 12
19637441 3
19637509 12
19637687 148
19637707 12
19637797 3
19637801 208
19637809 3231
19637867 2353
19637927 4
19637951 21
19637951 3336
19637999 9
19638071 1
19638071 253
19638107 6369
19638121 348
19638263 153
19638301 3224
19638431 936
19638503 2137
19638517 12
19638581 24
19638589 192
19638611 49
19638637 15
19638637 24
19638653 547
19638667 657
19638683 1
19638709 24
19638719 172
19638727 1452
19638781 20
19638797 1000
19638833 15
19638863 1
19638863 936
19638901 3
19638923 5493
19638923 7725
19638967 165
19638977 999
19638979 32
19639001 1408
19639073 667
19639121 2380
19639253 3
19639379 52
19639423 8
19639441 3
19639457 24
19639469 175
19639481 75
19639579 12
19639619 9
19639649 72
19639649 771
19639681 59
19639703 12
19639703 16
19639717 3867
19639793 168
19639877 7
19639883 385
19639927 348
19639951 45
19640003 325
19640011 2061
19640021 3
19640069 4
19640237 12
19640237 1915
19640399 1
19640507 4
19640519 100
19640519 1512
19640557 27
19640653 3192
19640693 4075
19640707 65
19640767 1865
19640779 252
19640779 920
19640807 33
19640843 1
19640843 81
19640843 108
19640861 4
19640921 96
19640921 5056
19640947 92
19640953 3
19640987 4
19640987 157
19641019 5
19641131 7981
19641247 108
19641449 1147
19641541 23
19641623 1
19641623 37
19641679 9420
19641683 1
19641731 1
19641751 425
19641761 355
19641767 13
19641833 7
19641893 3
19642057 239
19642081 3
19642081 4124
19642141 123
19642141 204
19642237 3
19642349 12
19642349 19
19642411 69
19642421 1428
19642459 465
19642501 8
19642583 1
19642589 1324
19642643 21
19642661 3
19642661 84
19642717 3
19642729 20
19642829 4
19642879 65
19642891 1113
19642919 1
19643003 7953
19643021 24
19643111 1
19643149 635
19643213 43
19643213 520
19643269 192
19643287 3429
19643291 96
19643291 304
19643399 1
19643441 3
19643441 2091
19643513 12
19643513 363
19643537 7
19643557 219
19643609 52
19643651 645
19643699 1
19643773 3
19643803 33
19643803 3516
19643941 44
19643963 21
19644029 51
19644211 9
19644217 3039
19644253 8007
19644319 44
19644319 7949
19644349 92
19644479 1
19644481 56
19644529 27
19644577 2499
19644641 31
19644649 200
19644659 2845
19644661 84
19644769 3419
19644827 73
19644847 108
19644857 7
19644883 96
19644913 92
19644913 1995
19644973 80
19645211 21
19645231 1964
19645291 89
19645291 621
19645343 1
19645369 1527
19645399 141
19645433 132
19645481 4
19645511 33
19645547 340
19645573 963
19645583 4041
19645607 1017
19645621 11
19645627 128
19645627 144
19645763 33
19645781 55
19645823 25
19645891 1716
19645961 19
19645961 2323
19645991 1
19645993 3
19646041 15
19646191 8
19646287 17
19646299 5
19646317 75
19646413 156
19646461 11
19646461 3111
19646603 1
19646609 3064
19646609 4644
19646639 96
19646651 25
19646663 1
19646663 181
19646701 591
19646723 1
19646771 228
19646771 4060
19646789 12
19646797 20
19646881 260
19646897 1599
19646909 112
19646909 340
19646929 75
19646983 68
19646999 1
19647113 3
19647113 7
19647119 3564
19647163 2181
19647169 39
19647209 172
19647283 8
19647317 5268
19647317 7147
19647367 6132
19647377 964
19647391 29
19647403 848
19647443 12
19647599 1
19647637 1043
19647643 557
19647709 36
19647737 7
19647811 2685
19647871 41
19647913 75
19647961 3
19647961 44
19647967 1005
19647989 4
19648063 8
19648081 3
19648087 5
19648157 4
19648159 549
19648163 93
19648201 23
19648217 75
19648217 247
19648301 1456
19648627 5
19648633 491
19648661 16
19648691 189
19648691 201
19648697 3
19648763 1
19648777 15
19648781 3144
19648847 9
19648879 1112
19648883 1
19648903 53
19648931 856
19648949 36
19649011 8
19649011 89
19649027 28
19649233 8
19649309 19
19649309 3535
19649389 51
19649407 509
19649471 1
19649473 3
19649489 7
19649527 9
19649573 315
19649579 1
19649579 144
19649593 123
19649657 7864
19649681 3
19649809 80
19649809 516
19649831 153
19649837 420
19649893 35
19649989 132
19650019 12
19650061 1040
19650107 1260
19650143 13
19650217 348
19650343 461
19650383 88
19650409 252
19650413 3
19650413 240
19650467 12
19650469 411
19650523 17
19650643 152
19650689 136
19650703 5421
19650707 12
19650707 73
19650739 72
19650739 1629
19650751 81
19650857 79
19650887 544
19650907 32
19650949 12
19650979 5
19651001 63
19651127 33
19651253 12
19651253 2967
19651319 1
19651319 16
19651363 5
19651399 20
19651409 4
19651409 384
19651459 120
19651571 16
19651601 40
19651627 1652
19651663 1236
19651721 3
19651721 4
19651739 1
19651783 753
19651927 4013
19652027 849
19652077 159
19652089 11
19652147 4053
19652317 35
19652351 1
19652383 4196
19652519 1
19652573 3
19652579 4
19652683 128
19652753 12
19652803 57
19652837 15
19652837 132
19652921 28
19653019 1541
19653079 84
19653083 736
19653143 237
19653167 100
19653199 9
19653251 4
19653251 24
19653331 8
19653419 36
19653419 4465
19653443 1
19653511 5
19653527 4
19653539 556
19653563 1
19653563 2025
19653611 4105
19653703 293
19653749 1980
19653761 19
19653761 99
19653761 151
19653779 529
19653797 7
19653839 1
19653871 5
19653871 201
19653877 3
19653913 8
19653917 2119
19654027 2865
19654123 161
19654123 2280
19654163 9072
19654171 609
19654181 4603
19654333 743
19654339 125
19654339 741
19654451 136
19654477 27
19654477 983
19654513 228
19654513 516
19654571 1
19654597 3
19654639 12
19654639 864
19654639 9285
19654777 3
19654777 84
19654801 164
19654801 5664
19654801 9504
19654823 4633
19654931 13
19654939 9065
19655039 1
19655047 132
19655059 5
19655081 651
19655093 328
19655093 511
19655099 1
19655123 1
19655131 24
19655137 3
19655137 12
19655173 36
19655203 1796
19655231 2640
19655297 4
19655357 4
19655381 4
19655407 84
19655411 1
19655423 301
19655483 1
19655507 772
19655539 357
19655549 651
19655551 5
19655611 9
19655653 1767
19655693 16
19655717 3
19655717 7
19655717 63
19655737 5984
19655759 5056
19655771 1
19655771 45
19655803 168
19655833 1328
19655879 120
19655887 869
19655897 3
19655941 236
19655947 7140
19655963 4821
19656023 156
19656023 2092
19656037 20
19656041 3360
19656083 37
19656173 12
19656239 1
19656323 420
19656359 120
19656359 9769
19656397 24
19656493 3
19656493 27
19656541 15
19656739 165
19656803 145
19656839 492
19656893 16
19656961 143
19656979 4829
19657181 108
19657213 11
19657237 132
19657289 2331
19657399 41
19657483 2913
19657553 3
19657639 89
19657691 1029
19657769 27
19657783 12
19657787 45
19657793 12
19657793 76
19657843 8
19657871 1
19657871 21
19657873 743
19657903 485
19657919 12
19657997 55
19658161 203
19658213 36
19658257 984
19658291 1
19658291 109
19658299 1917
19658357 7
19658357 24
19658357 27
19658363 8296
19658377 47
19658417 24
19658447 64
19658459 1
19658503 17
19658503 1181
19658641 20
19658687 105
19658719 77
19658719 6372
19658809 8435
19658843 1
19658887 2624
19658917 5739
19658921 79
19658921 4680
19658993 1423
19659077 87
19659223 1392
19659251 69
19659313 51
19659323 33
19659329 235
19659371 9
19659373 1683
19659379 21
19659533 228
19659581 24
19659707 4672
19659719 16
19659719 661
19659811 1949
19659881 4
19659943 8336
19660037 552
19660097 24
19660097 84
19660099 5
19660153 416
19660213 3
19660213 8
19660247 13
19660253 252
19660327 497
19660339 7040
19660373 28
19660411 29
19660451 33
19660451 3981
19660477 1755
19660601 3
19660601 4515
19660643 21
19660703 1
19660709 24
19660709 76
19660709 472
19660741 419
19660759 212
19660759 2184
19660793 15
19660793 9840
19660799 1
19660799 2112
19660807 17
19660813 47
19660843 17
19660889 1491
19660909 6015
19660937 499
19660937 508
19660943 72
19660951 105
19660969 7211
19661137 128
19661237 7987
19661269 24
19661269 564
19661293 12
19661303 45
19661359 1877
19661429 8019
19661483 16
19661519 132
19661597 3
19661647 8
19661693 5112
19661701 2991
19661723 1
19661777 3
19661869 75
19661909 6615
19661989 984
19662037 6039
19662089 1947
19662127 24
19662157 39
19662179 1
19662179 301
19662257 3
19662271 1484
19662287 9
19662287 652
19662301 15
19662301 1191
19662317 480
19662479 1
19662479 12
19662499 429
19662571 329
19662581 88
19662611 453
19662683 1
19662757 795
19662817 8
19662817 15
19662901 3
19663019 1
19663121 4
19663177 7227
19663187 13
19663213 620
19663219 141
19663261 11
19663277 12
19663333 11
19663403 1153
19663409 91
19663463 205
19663681 8
19663681 203
19663691 136
19663691 7476
19663739 1
19663739 12
19663739 24
19663753 1008
19663799 1
19663799 2037
19663981 756
19663991 1
19663991 61
19663997 48
19663999 161
19664009 3351
19664081 7276
19664273 15
19664357 2548
19664399 1597
19664479 6261
19664497 419
19664527 93
19664531 1
19664531 108
19664539 1917
19664647 24
19664719 9969
19664741 1363
19664873 196
19664893 3252
19664899 560
19664899 3497
19664951 1
19665007 8
19665047 12
19665047 49
19665179 1
19665179 6097
19665307 77
19665337 3
19665353 127
19665409 2427
19665427 189
19665449 76
19665587 112
19665593 48
19665631 5
19665697 3
19665739 36
19665781 624
19665797 52
19665829 6972
19665847 5
19665847 12
19665869 160
19665911 1
19665929 136
19665929 751
19666039 2372
19666067 4
19666079 1
19666091 60
19666123 428
19666151 13
19666253 7
19666253 1767
19666289 24
19666301 1524
19666319 1
19666483 413
19666489 32
19666561 455
19666571 69
19666681 3
19666681 24
19666747 1632
19666819 156
19666853 103
19666897 12
19666897 20
19666937 55
19666937 1792
19666939 152
19666993 3
19667111 24
19667203 17
19667203 5600
19667209 7016
19667303 285
19667339 3424
19667377 5739
19667393 28
19667449 716
19667477 747
19667503 8
19667699 109
19667699 352
19667797 540
19667807 13
19667863 48
19667891 1
19667891 48
19667927 2217
19667959 44
19667993 3
19667993 28
19668017 7
19668017 52
19668023 1
19668041 1420
19668079 324
19668179 1
19668239 52
19668263 1
19668263 16
19668263 1057
19668277 224
19668323 21
19668403 9156
19668457 3
19668487 5
19668487 33
19668503 1
19668503 393
19668547 5
19668613 2183
19668661 3
19668683 52
19668739 2052
19668763 6957
19668767 460
19668773 4791
19668773 6712
19668821 2556
19668833 372
19668919 5
19669087 353
19669147 32
19669277 4
19669457 175
19669471 2300
19669609 4524
19669667 13
19669687 132
19669789 20
19669789 240
19669913 4251
19669957 3
19669967 4
19670011 9
19670041 8
19670107 17
19670113 63
19670171 33
19670171 2128
19670197 15
19670227 2552
19670279 264
19670291 4
19670303 60
19670303 73
19670401 356
19670471 1
19670509 131
19670617 1652
19670627 9
19670639 192
19670639 729
19670639 2500
19670641 35
19670789 64
19670977 147
19671017 7
19671059 37
19671149 816
19671209 139
19671241 1799
19671259 8784
19671269 336
19671361 48
19671437 3
19671461 4
19671571 725
19671643 108
19671653 3120
19671767 52
19671779 4
19671781 23
19671781 5703
19671791 1
19671791 3876
19671797 24
19671881 63
19671881 3196
19671929 4
19671931 41
19672013 15
19672013 40
19672091 4
19672091 1165
19672097 3
19672097 528
19672097 4800
19672181 3
19672231 56
19672249 99
19672319 1
19672327 32
19672361 24
19672361 31
19672379 1
19672403 1
19672573 8
19672573 4011
19672673 96
19672727 40
19672747 185
19672787 13
19672811 1
19672811 8893
19672813 15
19672883 1
19672883 1588
19672979 1
19672993 5976
19673039 1
19673039 4
19673077 152
19673077 248
19673099 1
19673117 3
19673179 225
19673179 737
19673221 191
19673299 7364
19673363 28
19673419 101
19673447 72
19673483 9808
19673593 4256
19673627 37
19673651 9
19673699 37
19673699 2256
19673701 8
19673779 605
19673783 25
19673807 9
19673807 64
19673881 3
19673893 3147
19673909 3964
19673917 6923
19673939 4
19673957 15
19673957 1107
19674013 15
19674037 939
19674293 727
19674299 244
19674331 29
19674563 253
19674601 108
19674659 1
19674701 43
19674703 153
19674761 291
19674773 492
19674803 1008
19674841 36
19674841 84
19674917 72
19675057 3
19675057 23
19675129 12
19675193 3
19675199 57
19675351 336
19675387 5
19675387 1097
19675391 1
19675559 1
19675559 9
19675609 27
19675687 5
19675687 200
19675723 72
19675723 4281
19675757 3472
19675813 11
19675837 8
19675933 3740
19675973 1071
19675993 323
19676003 136
19676081 3
19676161 20
19676183 1
19676183 393
19676243 1
19676257 35
19676317 24
19676401 20
19676407 60
19676467 29
19676467 6732
19676483 1
19676483 12
19676567 9
19676567 1365
19676651 4
19676771 1
19676801 4
19676801 691
19676809 2271
19676941 539
19677137 135
19677181 3
19677181 23
19677199 9396
19677239 121
19677247 3905
19677401 39
19677421 608
19677479 312
19677509 235
19677569 111
19677569 8451
19677659 1
19677677 15
19677683 232
19677731 24
19677769 5544
19677781 15
19677851 1
19677877 632
19677883 5
19677899 1369
19677899 2776
19677947 3333
19677971 108
19678019 1
19678033 3
19678033 672
19678069 96
19678081 3
19678151 13
19678229 2467
19678247 28
19678301 16
19678331 1
19678429 935
19678489 399
19678597 2384
19678601 31
19678609 27
19678613 55
19678781 4
19678787 613
19678891 344
19678903 1980
19678909 2075
19678963 4116
19679239 44
19679281 171
19679339 1
19679431 93
19679477 27
19679477 612
19679519 1
19679521 39
19679521 8780
19679581 155
19679663 33
19679747 4
19679809 7280
19679857 4743
19679903 36
19679909 252
19679911 141
19679963 1
19679971 5184
19679983 68
19680043 8
19680049 24
19680053 5115
19680079 864
19680083 121
19680083 3952
19680127 260
19680139 9
19680151 8
19680173 15
19680211 180
19680223 5
19680223 3800
19680343 1925
19680347 4024
19680359 1
19680389 4
19680413 8947
19680431 1
19680499 149
19680499 360
19680547 32
19680721 1160
19680769 51
19680841 4964
19680841 5228
19680911 1
19680911 300
19680989 6280
19681007 777
19681027 8
19681027 4448
19681147 65
19681153 272
19681231 41
19681267 24
19681273 63
19681273 7908
19681379 24
19681379 36
19681381 300
19681381 1500
19681477 39
19681499 6109
19681601 315
19681661 4080
19681789 140
19681867 945
19681939 785
19681943 1
19682053 332
19682093 2140
19682153 60
19682281 4148
19682281 5768
19682293 11
19682339 1
19682363 1
19682393 283
19682431 33
19682471 9684
19682513 828
19682569 359
19682603 1336
19682639 1032
19682671 900
19682671 9461
19682693 3252
19682939 4
19682977 75
19682987 48
19683017 3
19683071 1
19683089 391
19683113 3
19683119 4
19683163 20
19683217 8
19683217 624
19683227 37
19683227 40
19683227 84
19683227 628
19683241 3
19683253 3
19683281 216
19683361 39
19683407 4932
19683493 3
19683659 409
19683683 6508
19683733 243
19683733 9996
19683743 28
19683751 1556
19683751 2240
19683821 2923
19683941 1860
19683947 100
19684013 12
19684097 988
19684139 1
19684199 6241
19684213 2460
19684303 45
19684309 599
19684373 7
19684391 1
19684409 31
19684439 132
19684541 3
19684559 4461
19684579 392
19684661 375
19684739 1
19684751 409
19684771 600
19684871 9
19684919 1
19685009 312
19685059 9
19685153 28
19685179 5
19685227 45
19685227 189
19685227 617
19685233 12
19685233 215
19685293 4728
19685297 7
19685321 283
19685333 7
19685437 44
19685437 615
19685441 3
19685581 1895
19685599 272
19685683 5
19685683 140
19685707 69
19685747 108
19685747 913
19685747 8449
19685819 1
19685819 12
19685851 20
19685851 24
19685851 1148
19685851 1524
19685917 35
19685921 175
19685993 132
19686031 9
19686031 48
19686203 1
19686301 3
19686311 400
19686319 8669
19686341 244
19686361 3
19686371 1
19686419 480
19686419 7420
19686503 1012
19686523 452
19686547 1317
19686607 689
19686727 9
19686739 24
19686757 255
19686769 11
19686769 1592
19686839 16
19686857 919
19686893 3
19687001 3
19687001 43
19687001 2148
19687043 1
19687051 68
19687127 4
19687127 145
19687277 664
19687361 576
19687403 1
19687427 24
19687429 260
19687489 152
19687571 69
19687637 3
19687639 416
19687757 2292
19687763 1
19688029 1131
19688041 11
19688041 216
19688041 1311
19688051 4
19688111 16
19688183 1
19688243 1
19688353 2100
19688411 1
19688479 441
19688563 1640
19688573 247
19688677 5823
19688719 189
19688719 201
19688729 112
19688729 2055
19688777 67
19688819 60
19688819 144
19688819 4129
19688863 5
19688887 60
19688953 5343
19688993 3
19689029 55
19689119 25
19689151 21
19689151 9081
19689209 4
19689221 3115
19689251 1
19689251 13
19689269 1855
19689337 3899
19689419 37
19689457 543
19689473 7
19689473 432
19689499 9
19689563 1548
19689599 1
19689601 324
19689623 1
19689713 475
19689907 33
19689913 431
19689919 5
19689931 21
19690019 72
19690037 19
19690037 124
19690037 2139
19690049 3316
19690103 1
19690147 1112
19690171 5
19690171 8
19690171 1116
19690211 2556
19690337 7224
19690367 49
19690387 24
19690393 203
19690417 227
19690457 63
19690577 660
19690633 4547
19690717 24
19690789 51
19690817 3055
19690823 1
19690823 181
19690841 220
19690843 5093
19690939 29
19690943 1
19690961 76
19690991 1
19690991 25
19691051 1
19691129 1951
19691159 141
19691159 8356
19691251 4704
19691341 7731
19691359 17
19691431 149
19691447 892
19691447 2745
19691489 252
19691489 1744
19691561 19
19691561 36
19691591 184
19691669 31
19691669 100
19691681 1716
19691701 291
19691843 3625
19691981 4
19692121 975
19692143 1
19692157 1400
19692217 3
19692217 27
19692221 4
19692221 48
19692289 515
19692293 316
19692377 19
19692377 2224
19692401 28
19692481 8
19692481 383
19692523 581
19692557 192
19692583 20
19692611 9
19692611 5961
19692713 3
19692787 168
19692847 8724
19692887 873
19692977 3
19693019 952
19693031 16
19693133 12
19693159 81
19693187 9
19693217 6840
19693249 3251
19693307 112
19693337 3
19693363 65
19693363 348
19693411 345
19693417 3
19693439 405
19693447 9
19693469 412
19693559 3165
19693577 15
19693627 17
19693631 1
19693643 1
19693811 241
19693907 69
19693951 24
19693951 68
19694039 1
19694053 36
19694093 4455
19694113 111
19694113 3420
19694173 183
19694183 1
19694183 220
19694197 3
19694267 613
19694291 4
19694333 36
19694351 1
19694407 89
19694407 4905
19694593 3
19694593 15
19694593 168
19694629 524
19694651 1
19694651 8416
19694663 1
19694707 129
19694713 132
19694777 12
19694813 3
19694813 7
19694813 951
19694837 1027
19694837 1572
19694837 2623
19694921 9924
19695017 3
19695017 484
19695083 1
19695097 6048
19695113 6136
19695139 189
19695227 544
19695233 108
19695259 65
19695271 5
19695289 1344
19695301 24
19695307 228
19695413 3
19695427 5
19695451 20
19695451 360
19695451 873
19695517 924
19695517 2324
19695551 6076
19695617 2028
19695631 381
19695653 96
19695661 104
19695691 9
19695691 7656
19695721 23
19695721 96
19695721 531
19695791 4
19695853 3
19695859 704
19695899 24
19696003 417
19696091 73
19696097 1240
19696139 1
19696139 1609
19696163 85
19696177 3
19696241 1239
19696309 20
19696309 6660
19696403 1
19696403 925
19696499 1
19696553 3
19696553 220
19696561 59
19696643 4677
19696879 5
19696879 4401
19697057 3
19697057 5203
19697087 28
19697087 304
19697113 8
19697113 11
19697123 1
19697123 661
19697159 369
19697159 444
19697233 140
19697393 3
19697393 28
19697393 6208
19697401 2651
19697719 45
19697719 1224
19697759 24
19697779 221
19697779 8837
19697789 264
19697831 1
19697863 5
19697903 172
19697941 3
19698127 2073
19698137 3
19698179 1
19698187 57
19698191 25
19698197 60
19698353 16
19698391 29
19698407 25
19698439 572
19698487 1304
19698493 8516
19698509 4
19698533 16
19698587 24
19698587 5953
19698599 1
19698599 37
19698709 107
19698727 6792
19698751 1064
19698817 12
19698817 80
19698841 96
19698923 61
19698961 24
19698961 143
19698997 3
19699019 4
19699019 60
19699027 489
19699027 1697
19699087 1128
19699259 1
19699259 969
19699391 1
19699457 483
19699501 3
19699513 12
19699513 27
19699697 4
19699697 1344
19699739 1084
19699763 1
19699807 9
19699831 8
19699847 4713
19700069 3664
19700119 456
19700119 1932
19700137 8
19700171 16
19700171 228
19700453 3
19700453 916
19700491 33
19700521 195
19700677 3
19700689 11
19700699 1
19700711 1
19700833 2135
19700839 5
19700897 3
19700897 99
19700899 324
19700911 68
19700957 6900
19700969 127
19701013 3
19701047 37
19701047 5820
19701163 1428
19701203 52
19701223 1088
19701223 1601
19701229 776
19701251 889
19701289 516
19701371 1240
19701371 5916
19701391 3045
19701421 3
19701467 2232
19701581 3463
19701587 9
19701659 1
19701677 63
19701707 4
19701707 204
19701761 91
19701821 24
19701887 4
19702153 3048
19702211 4921
19702217 4
19702219 1452
19702219 2052
19702229 64
19702229 2935
19702253 3
19702301 3
19702523 112
19702523 457
19702523 517
19702603 21
19702621 36
19702691 9
19702699 24
19702699 2484
19702741 84
19702811 1
19702831 284
19702841 96
19702937 28
19702937 55
19702993 60
19703059 524
19703063 1
19703081 6579
19703113 728
19703141 5116
19703191 681
19703213 15
19703219 1
19703291 1
19703297 459
19703483 1
19703483 81
19703483 2256
19703491 348
19703543 1
19703609 4
19703639 1
19703653 11
19703681 3108
19703689 47
19703809 1736
19703809 3107
19703851 3348
19703927 25
19703927 3165
19703947 257
19704011 4
19704059 1
19704193 6747
19704199 3785
19704317 1467
19704323 1
19704361 228
19704361 4211
19704493 11
19704521 3
19704613 3
19704631 8
19704631 521
19704673 3
19704787 4193
19704863 16
19704863 117
19704869 7
19704931 5789
19704959 9
19704973 176
19704977 7
19704977 67
19704983 1
19705009 92
19705117 3
19705117 35
19705139 1
19705291 344
19705291 3980
19705391 1
19705417 3
19705487 4117
19705583 648
19705589 4171
19705591 9
19705657 3
19705657 2168
19705709 4
19705723 132
19705729 884
19705753 11
19705787 144
19705817 4
19705853 48
19705853 163
19705901 40
19705913 12
19705949 459
19705981 363
19706003 1
19706033 3
19706033 7
19706039 672
19706081 3583
19706153 3
19706231 1
19706353 3
19706387 273
19706411 5724
19706521 59
19706549 4
19706549 1716
19706579 1
19706597 40
19706633 108
19706633 5748
19706639 1
19706707 17
19706719 5
19706719 3057
19706783 25
19706821 23
19706821 308
19706879 96
19707073 63
19707119 1
19707119 24
19707151 8340
19707197 3
19707197 9355
19707203 196
19707229 6600
19707323 12
19707329 64
19707349 12
19707407 8133
19707433 1152
19707433 1395
19707433 2828
19707439 12
19707487 29
19707551 28
19707859 437
19707869 24
19707869 31
19707881 28
19707881 243
19707887 24
19707901 4128
19707929 304
19707977 3
19708021 623
19708177 104
19708177 363
19708259 36
19708261 3
19708373 3
19708417 12
19708489 299
19708511 1
19708523 1
19708541 171
19708561 20
19708583 1
19708597 707
19708597 7563
19708609 135
19708781 184
19708781 1603
19708781 4500
19708789 867
19708811 8284
19708867 137
19708873 63
19708883 1
19708889 99
19708943 1
19708991 156
19709117 12
19709201 84
19709219 1
19709243 16
19709279 21
19709281 23
19709303 1
19709329 32
19709369 39
19709401 1251
19709411 88
19709423 45
19709453 9015
19709461 3
19709509 260
19709519 25
19709617 3
19709617 9219
19709629 240
19709687 9
19709687 108
19709777 1992
19709791 56
19709803 545
19709843 57
19709849 8032
19709881 3144
19709969 540
19709981 4
19710059 1
19710059 4
19710077 387
19710161 16
19710209 159
19710209 240
19710221 24
19710311 4681
19710331 441
19710499 189
19710521 6040
19710533 16
19710533 52
19710589 11
19710611 1
19710611 549
19710631 8405
19710659 289
19710689 99
19710767 48
19710827 357
19710829 20
19710863 1
19710863 108
19710917 528
19710941 175
19710959 1
19710959 109
19710967 944
19710979 5
19711063 12
19711147 9
19711309 6236
19711397 3
19711403 1
19711457 3
19711477 32
19711477 120
19711481 888
19711583 9868
19711589 2124
19711733 31
19711763 21
19711807 860
19711837 47
19711961 108
19712087 24
19712093 7
19712207 33
19712207 228
19712207 2112
19712309 4
19712321 1804
19712321 6604
19712351 1
19712353 11
19712359 485
19712377 59
19712377 995
19712383 57
19712479 497
19712543 12
19712543 21
19712591 2245
19712593 4800
19712593 9435
19712611 29
19712617 7583
19712681 15
19712689 12
19712729 324
19712783 13
19712879 1
19712939 1
19712989 20
19713041 451
19713143 1
19713143 25
19713173 3
19713373 27
19713373 35
19713527 40
19713541 2723
19713623 1200
19713623 2641
19713643 12
19713667 5
19713667 105
19713667 240
19713719 1
19713719 4
19713763 33
19713769 591
19713853 20
19713853 8508
19713899 1
19713899 16
19713917 135
19713929 2499
19714043 1
19714091 45
19714157 19
19714157 679
19714181 60
19714181 288
19714193 111
19714199 1
19714207 72
19714259 172
19714283 1
19714283 2857
19714297 123
19714423 5
19714423 48
19714483 12
19714507 44
19714537 3
19714553 460
19714627 1560
19714699 2264
19714763 1
19714777 27
19714777 80
19714811 1
19714811 9
19714819 1760
19714831 8820
19714957 1559
19714987 113
19714999 17
19715011 29
19715149 776
19715159 1
19715327 9
19715363 873
19715401 3
19715537 3
19715537 7
19715573 340
19715581 71
19715611 644
19715651 1
19715671 89
19715671 261
19715671 2504
19715681 3
19715723 381
19715771 133
19715771 8316
19715797 3
19715809 7847
19715819 12
19715831 181
19715831 4540
19715833 72
19715867 37
19715881 1091
19715963 1
19716007 32
19716017 3
19716041 28
19716373 3
19716383 2253
19716427 5
19716703 1325
19716707 52
19716757 183
19716791 4
19716799 1409
19716811 20
19716811 29
19716841 11
19716959 112
19716959 1669
19716989 4
19717037 40
19717067 9
19717109 420
19717163 1
19717171 585
19717237 288
19717301 123
19717343 1
19717343 193
19717403 1
19717403 12
19717403 93
19717409 39
19717493 27
19717493 151
19717513 192
19717541 4
19717541 64
19717553 435
19717583 1
19717703 40
19717759 621
19717879 609
19717913 3
19717931 1
19717979 1
19717979 600
19717981 2211
19718047 5
19718047 1589
19718081 295
19718177 6963
19718203 372
19718341 3
19718341 440
19718411 93
19718411 304
19718459 1
19718497 603
19718551 2564
19718603 840
19718609 12
19718627 109
19718627 217
19718719 5
19718719 120
19718723 108
19718747 1389
19718749 20
19718761 20
19718761 71
19718767 20
19718807 4
19718857 47
19718879 1
19718911 176
19718989 5315
19718999 265
19719061 3
19719079 24
19719121 3
19719151 548
19719191 1
19719191 144
19719191 388
19719289 395
19719347 285
19719377 763
19719443 2520
19719493 1283
19719589 15
19719697 428
19719697 1040
19719719 12
19719767 157
19719773 243
19719781 3
19719781 3243
19719839 1
19719839 589
19719871 4008
19719911 48
19719941 3
19720027 5
19720117 1100
19720163 1
19720193 1375
19720301 3
19720397 12
19720403 2133
19720451 13
19720469 415
19720489 12
19720501 23
19720523 1
19720601 91
19720639 9
19720661 3
19720661 16
19720829 8179
19720931 16
19720931 3880
19720931 4833
19721027 3129
19721057 84
19721213 60
19721231 1
19721257 2004
19721263 32
19721269 179
19721291 1
19721293 800
19721489 4884
19721509 195
19721543 1
19721587 5
19721587 953
19721587 6972
19721609 6244
19721617 8
19721627 49
19721627 120
19721633 2463
19721707 140
19721731 81
19721747 4
19721761 3
19721771 1
19721809 539
19721881 3
19721909 199
19721939 1
19722071 1
19722089 6087
19722119 1
19722119 4
19722149 96
19722149 99
19722217 152
19722259 17
19722317 652
19722341 4
19722457 63
19722457 9747
19722467 85
19722473 15
19722557 5284
19722617 3
19722643 17
19722673 3543
19722793 83
19722917 735
19722919 7829
19722949 179
19722949 824
19723031 1
19723031 16
19723117 35
19723141 504
19723141 3108
19723157 28
19723267 420
19723343 5185
19723411 2300
19723421 3
19723477 3
19723687 644
19723861 3
19723861 243
19723889 264
19723969 8315
19724093 43
19724137 239
19724171 21
19724207 9
19724207 45
19724227 1284
19724279 1132
19724291 24
19724311 1793
19724323 3833
19724387 6625
19724389 140
19724399 249
19724399 1012
19724597 3
19724623 8
19724629 3999
19724633 3
19724647 29
19724647 773
19724651 1
19724671 29
19724671 533
19724689 15
19724713 2991
19724767 5
19724779 4856
19724791 29
19724797 8
19724839 84
19724857 15
19724921 300
19724987 4
19724993 7
19725029 4
19725029 87
19725071 1
19725229 15
19725247 17
19725271 596
19725317 3
19725317 343
19725353 1108
19725361 3
19725379 144
19725449 24
19725449 2547
19725451 981
19725463 533
19725479 1
19725527 1609
19725599 1
19725599 4
19725617 67
19725623 288
19725659 6325
19725677 399
19725683 12
19725689 127
19725779 25
19725793 23
19725809 24
19725821 4
19725851 1
19725851 489
19725877 167
19725989 4
19726033 27
19726079 1
19726081 123
19726093 3
19726129 119
19726163 97
19726277 343
19726309 15
19726331 4
19726339 524
19726381 3
19726403 96
19726459 392
19726519 5
19726519 165
19726519 464
19726519 789
19726543 21
19726543 8516
19726643 1
19726643 6625
19726673 187
19726673 5080
19726697 2235
19726703 12
19726823 1
19726849 1080
19726891 8
19726891 701
19726901 3
19726901 4543
19726937 3
19726937 40
19726937 120
19727033 2707
19727051 169
19727143 36
19727171 1
19727237 7
19727311 905
19727311 2769
19727347 5
19727471 9
19727489 4
19727489 3555
19727507 9
19727551 1109
19727657 3
19727723 5860
19727753 711
19727797 239
19727839 5304
19727843 3333
19727887 5
19727977 1287
19728017 9108
19728073 956
19728139 21
19728161 15
19728209 4
19728223 5
19728239 1
19728259 284
19728299 4
19728389 31
19728427 84
19728521 4
19728521 100
19728521 1264
19728523 4401
19728547 48
19728563 1
19728563 753
19728563 1092
19728571 140
19728629 4
19728697 660
19728727 5
19728847 5
19728847 1097
19728953 40
19728967 117
19729057 864
19729067 4
19729111 5
19729111 5621
19729301 679
19729301 9583
19729313 907
19729313 7591
19729313 8067
19729393 48
19729447 77
19729481 939
19729649 7564
19729679 1
19729711 408
19729711 1440
19729807 12
19729813 207
19729823 13
19729841 5179
19729849 2907
19729859 3136
19729933 8
19729973 3
19730003 1
19730059 644
19730071 6956
19730099 1
19730111 4
19730111 813
19730153 3
19730153 15
19730173 8
19730209 207
19730231 1609
19730279 897
19730299 189
19730299 909
19730351 1
19730369 15
19730377 399
19730401 119
19730437 12
19730437 4332
19730467 5
19730551 1080
19730567 13
19730597 60
19730609 12
19730699 2836
19730747 244
19730813 3
19730917 164
19730981 396
19730993 132
19731001 11
19731059 1737
19731073 155
19731191 1
19731293 448
19731391 9
19731479 112
19731497 120
19731497 5580
19731583 5
19731583 3420
19731599 1
19731617 6844
19731653 16
19731661 239
19731683 97
19731727 65
19731787 8
19731791 1
19731941 3400
19731983 1
19731997 740
19732109 780
19732109 5151
19732133 7
19732157 7
19732201 3
19732261 2604
19732303 5
19732397 9364
19732409 1036
19732477 3
19732547 9
19732651 9
19732651 501
19732681 843
19732721 111
19732747 9569
19732777 372
19732861 219
19732871 1
19732891 665
19732891 741
19732913 2751
19732949 8404
19733117 1483
19733117 1548
19733183 2308
19733201 3
19733237 7428
19733323 21
19733429 387
19733501 2436
19733663 1
19733663 2973
19733699 1900
19733731 84
19733797 3
19733797 12
19733863 1553
19733911 8
19733911 5109
19733941 140
19733941 1199
19734037 2175
19734041 19
19734089 507
19734133 36
19734133 527
19734133 2691
19734173 691
19734241 8744
19734251 1
19734251 13
19734271 1200
19734287 4077
19734301 204
19734307 372
19734343 17
19734343 380
19734347 3780
19734427 5
19734457 600
19734503 2068
19734511 4829
19734527 9
19734563 165
19734581 28
19734641 300
19734641 5359
19734677 588
19734679 20
19734791 1
19734791 849
19734961 44
19734997 228
19735117 44
19735117 1620
19735211 145
19735229 7
19735271 13
19735271 40
19735291 24
19735291 45
19735669 59
19735687 9
19735711 125
19735811 9
19735841 124
19735847 1980
19736021 1411
19736023 20
19736077 39
19736113 11
19736131 108
19736147 4
19736147 28
19736179 96
19736251 269
19736341 23
19736401 3
19736411 16
19736411 1576
19736417 3564
19736531 1341
19736533 11
19736593 3
19736669 4
19736671 56
19736683 5
19736767 9
19736797 27
19736797 48
19736797 884
19736803 272
19736833 152
19736861 40
19736891 16
19736939 1
19736999 1
19737149 547
19737161 2383
19737239 1416
19737293 163
19737293 492
19737299 9
19737299 124
19737383 1
19737383 112
19737383 8988
19737407 28
19737449 19
19737457 552
19737469 8424
19737499 1305
19737589 35
19737617 108
19737643 213
19737643 465
19737671 1056
19737691 849
19737701 28
19737701 9156
19737779 4
19737811 9
19737911 1
19737911 6876
19737937 3
19737967 9
19738007 13
19738051 21
19738051 36
19738051 1053
19738079 12
19738219 3896
19738337 3
19738349 72
19738363 153
19738451 28
19738469 7
19738541 211
19738553 3
19738567 104
19738601 120
19738709 8260
19738711 69
19738813 35
19738837 12
19738933 3
19738933 735
19739003 1
19739047 9
19739077 20
19739189 4
19739243 45
19739257 3
19739287 32
19739351 81
19739381 15
19739411 1
19739411 9
19739471 1468
19739519 612
19739549 4
19739557 15
19739557 68
19739609 7
19739609 15
19739717 4
19739723 25
19739801 3
19739801 3295
19739813 175
19739813 9492
19739887 65
19739887 4800
19739891 513
19739893 20
19739927 613
19739927 1572
19740001 608
19740121 5676
19740131 5908
19740137 15
19740137 24
19740137 2539
19740163 36
19740173 7
19740173 5932
19740191 1
19740197 208
19740199 420
19740239 1
19740257 12
19740341 39
19740341 763
19740359 4
19740419 1
19740473 231
19740493 420
19740577 3
19740607 5
19740607 32
19740713 3
19740731 924
19740737 48
19740737 7587
19740797 3
19740863 1
19740883 20
19740883 1065
19740887 120
19740937 3
19741013 7
19741013 67
19741129 120
19741273 71
19741277 4
19741441 959
19741441 4068
19741441 5084
19741511 1
19741523 1
19741523 88
19741559 7405
19741661 3
19741669 11
19741669 39
19741669 1979
19741691 1
19741697 3
19741697 1419
19741723 153
19741783 2180
19741789 3420
19741877 3000
19741957 452
19741999 105
19741999 509
19742003 1
19742059 5
19742059 320
19742077 12
19742141 415
19742171 4
19742207 4
19742221 1035
19742299 5
19742299 20
19742377 3
19742453 7
19742543 1
19742609 231
19742641 11
19742699 1
19742741 3
19742741 75
19742803 12
19742803 2292
19742813 6655
19742893 3
19742903 1
19742909 52
19742911 65
19742951 4
19742953 35
19742963 648
19742963 2232
19742999 4
19742999 144
19743011 4
19743023 1888
19743029 2587
19743161 24
19743167 165
19743167 1000
19743203 301
19743271 140
19743397 27
19743397 227
19743419 72
19743487 33
19743539 1
19743587 9
19743593 31
19743599 21
19743623 1
19743631 4301
19743667 8
19743677 175
19743839 4120
19743859 2304
19743883 36
19743883 4085
19744019 1
19744031 1
19744063 185
19744141 3
19744147 5
19744217 19
19744217 4507
19744223 933
19744279 7484
19744313 9588
19744357 5988
19744399 2277
19744573 3443
19744691 4
19744693 3
19744721 3
19744721 804
19744801 3
19744873 8
19744891 33
19744909 212
19744927 432
19744943 1
19744943 5677
19744981 179
19745051 4
19745153 1588
19745153 4480
19745191 65
19745267 13
19745267 1840
19745387 112
19745387 6709
19745393 303
19745423 7336
19745437 12
19745437 32
19745443 5
19745519 69
19745581 4379
19745587 1953
19745651 4
19745651 325
19745683 1905
19745711 1
19745711 1021
19745711 2221
19745809 1532
19745849 15
19745861 3
19745861 4
19745863 80
19745867 132
19745911 5
19745917 228
19746017 4
19746019 5
19746143 25
19746203 1
19746203 28
19746217 404
19746229 2799
19746253 3
19746413 7155
19746451 224
19746509 4735
19746539 1
19746541 3
19746607 1052
19746691 65
19746731 1
19746751 48
19746787 117
19746803 1
19746913 3
19746931 1724
19746959 96
19746967 17
19746967 93
19746997 12
19747067 852
19747073 328
19747121 16
19747237 27
19747297 7583
19747369 155
19747391 1
19747447 240
19747471 21
19747571 1
19747573 488
19747601 63
19747633 471
19747649 4
19747699 705
19747789 599
19747913 27
19747919 9
19747919 6789
19747969 1664
19747997 4
19748077 3
19748167 32
19748207 9
19748243 1
19748359 540
19748371 293
19748401 6228
19748411 1
19748461 7976
19748473 668
19748503 932
19748563 260
19748563 272
19748563 7832
19748683 252
19748693 232
19748693 2952
19748717 163
19748759 1
19748761 23
19748777 3
19748819 216
19748831 4
19748887 8
19748899 156
19748929 416
19748957 4
19749001 743
19749073 351
19749089 7111
19749101 28
19749137 3
19749143 537
19749179 25
19749179 216
19749179 681
19749181 3
19749241 476
19749251 9
19749251 108
19749283 32
19749283 2436
19749329 5520
19749407 12
19749473 372
19749487 837
19749557 100
19749557 2908
19749589 336
19749637 3
19749731 1
19749731 5044
19749871 68
19749871 624
19750013 147
19750021 3200
19750033 3
19750091 40
19750303 8
19750333 1808
19750411 84
19750411 900
19750463 1
19750501 51
19750501 1268
19750517 3
19750517 2055
19750579 17
19750579 2825
19750811 13
19750903 5
19750921 1299
19750981 20
19751047 128
19751141 1368
19751189 4
19751191 6360
19751243 1
19751323 5
19751357 775
19751363 16
19751387 4548
19751401 3
19751401 11
19751447 24
19751651 5389
19751737 15
19751737 4292
19751933 63
19751939 4
19751947 1769
19751971 84
19751981 319
19751989 3836
19752059 4
19752169 20
19752221 19
19752251 1989
19752389 379
19752391 8
19752527 520
19752563 48
19752613 36
19752613 252
19752679 32
19752679 689
19752751 353
19752751 5421
19752779 192
19752881 79
19752907 5
19753009 219
19753037 3
19753049 147
19753057 3
19753091 88
19753121 3
19753157 39
19753171 233
19753189 636
19753229 52
19753229 1080
19753271 316
19753319 4417
19753361 208
19753361 1840
19753403 1
19753463 73
19753579 29
19753631 13
19753637 60
19753687 8193
19753733 2088
19753889 2475
19753907 1753
19753931 1
19753931 525
19753933 75
19754011 5
19754039 16
19754177 63
19754219 1
19754219 9
19754239 89
19754303 1
19754327 40
19754359 129
19754381 4
19754389 267
19754431 33
19754491 5
19754519 1
19754519 9756
19754573 40
19754701 179
19754701 251
19754753 1332
19754767 9
19754767 108
19754803 113
19754807 57
19754831 1
19754837 3
19754879 1705
19754897 1675
19754983 845
19755053 588
19755067 5
19755101 6435
19755121 959
19755133 51
19755163 21
19755191 1180
19755223 4077
19755271 5
19755271 84
19755301 336
19755313 15
19755391 8
19755391 33
19755427 5
19755443 1693
19755529 4779
19755613 1535
19755779 597
19755787 4337
19755829 27
19755907 9
19755961 968
19755997 23
19756109 7087
19756153 3
19756259 1
19756259 96
19756339 485
19756343 1
19756343 2160
19756349 2212
19756469 159
19756559 4
19756559 1900
19756571 4
19756679 1
19756679 52
19756733 91
19756733 1308
19756811 4
19756813 8
19756819 5
19756837 99
19756861 3
19756871 40
19756883 1
19757011 29
19757011 221
19757041 3
19757183 297
19757233 8
19757267 64
19757279 40
19757291 1
19757291 3493
19757503 5
19757537 28
19757561 2803
19757653 1932
19757677 3
19757677 15
19757681 204
19757707 5
19757753 96
19757753 1675
19757783 12
19757783 13
19757921 295
19757921 319
19757987 768
19758017 240
19758047 9
19758061 315
19758091 9
19758149 7
19758149 91
19758209 4
19758209 24
19758209 31
19758239 1
19758239 1324
19758289 899
19758341 4
19758353 175
19758379 5
19758397 287
19758419 1
19758419 112
19758553 12
19758617 1419
19758631 221
19758637 12
19758677 27
19758701 3
19758701 480
19758719 57
19758899 1
19758919 20
19759027 5
19759079 1
19759111 20
19759381 8
19759387 5
19759391 1
19759447 8
19759447 644
19759501 159
19759529 15
19759613 168
19759697 7
19759721 28
19759799 9
19759801 63
19759853 63
19759871 1
19759891 44
19759903 60
19759931 1
19760089 815
19760099 1
19760179 12
19760179 41
19760189 112
19760267 4
19760267 205
19760269 1316
19760269 5567
19760291 1
19760291 1509
19760329 15
19760329 27
19760353 336
19760371 5
19760371 21
19760417 132
19760417 2344
19760449 32
19760453 808
19760621 48
19760623 5
19760641 48
19760651 1
19760651 120
19760683 96
19760773 152
19760789 12
19760831 169
19760941 3
19761109 1419
19761113 12
19761187 104
19761187 3417
19761227 24
19761289 156
19761397 3
19761403 2096
19761503 1
19761551 69
19761671 1
19761671 9
19761751 8
19761751 560
19761799 3201
19761943 32
19762153 60
19762157 555
19762201 3
19762201 9051
19762213 8
19762213 27
19762213 512
19762247 432
19762271 1
19762271 145
19762273 8
19762331 565
19762453 116
19762459 2940
19762559 1249
19762571 4413
19762663 21
19762669 171
19762703 133
19762709 27
19762709 60
19762733 411
19762801 2544
19762979 4
19762991 4653
19762997 972
19763033 67
19763041 99
19763099 1
19763111 4
19763131 189
19763167 5
19763267 1072
19763269 4064
19763269 9564
19763321 988
19763321 5671
19763423 16
19763441 4
19763467 1284
19763479 20
19763519 1
19763543 28
19763561 628
19763581 344
19763659 1976
19763719 269
19763747 124
19763749 395
19763767 4077
19763791 33
19763803 20
19763827 5
19763881 24
19763897 7
19763951 1
19763959 1881
19763987 4
19764103 7260
19764119 1
19764131 1
19764139 21
19764193 23
19764193 5907
19764221 16
19764373 71
19764443 1476
19764449 24
19764461 2515
19764509 7
19764509 67
19764539 1
19764539 4
19764553 192
19764559 1460
19764593 3
19764593 7
19764599 4
19764611 1
19764721 11
19764733 3
19764733 816
19764847 5
19764851 1
19764947 13
19764973 23
19764989 307
19765049 4
19765139 9
19765139 360
19765171 108
19765183 2993
19765199 4521
19765457 3
19765483 4641
19765517 60
19765549 5900
19765561 3
19765591 41
19765663 5
19765667 573
19765723 8
19765727 73
19765729 171
19765729 6912
19765799 2145
19765859 21
19765919 1
19765957 383
19765961 663
19766057 24
19766077 8
19766083 357
19766113 7235
19766171 1
19766171 9129
19766207 7929
19766209 135
19766281 339
19766281 599
19766311 1541
19766339 1
19766347 308
19766363 6621
19766381 3963
19766477 3
19766557 3
19766587 8232
19766611 5
19766611 8349
19766639 21
19766671 284
19766759 1
19766819 4
19766969 24
19766969 147
19766969 1639
19767001 8
19767023 48
19767101 31
19767101 376
19767109 15
19767133 7140
19767179 165
19767221 76
19767227 1753
19767257 40
19767421 3
19767421 15
19767673 27
19767691 5
19767703 9713
19767751 569
19767767 517
19767767 3853
19767793 108
19767907 605
19767911 1
19767959 705
19767977 7
19768043 1
19768051 7713
19768129 32
19768129 224
19768211 201
19768409 507
19768429 20
19768513 3
19768549 32
19768709 16
19768783 8996
19768787 4
19768789 900
19768829 304
19768849 231
19768907 24
19768913 4672
19768919 9
19768967 97
19769117 2215
19769119 1149
19769219 2580
19769261 6088
19769327 6949
19769479 17
19769501 748
19769527 5
19769567 9
19769579 4345
19769593 63
19769621 3
19769653 23
19769669 16
19769707 8
19769707 177
19769791 45
19769819 1
19769819 189
19769941 1499
19769989 11
19770017 379
19770017 1840
19770029 7
19770061 444
19770071 1
19770181 23
19770209 4
19770307 2040
19770313 56
19770349 932
19770353 120
19770397 23
19770397 572
19770403 32
19770403 36
19770437 4
19770463 780
19770479 4
19770479 25
19770599 1
19770743 1
19770767 60
19770781 9123
19770827 9
19770827 13
19770859 5292
19770889 11
19770967 24
19770977 1287
19771009 9044
19771033 3
19771033 92
19771033 627
19771109 1252
19771309 12
19771331 21
19771373 211
19771639 9
19771757 6783
19771771 188
19771783 528
19771793 171
19771879 5376
19771919 1
19772057 72
19772069 99
19772239 5
19772239 24
19772261 1600
19772351 105
19772351 2989
19772359 89
19772429 27
19772453 1771
19772527 8
19772527 33
19772587 3600
19772629 39
19772659 5
19772789 435
19772813 2103
19772833 12
19772833 4356
19772881 644
19772881 2964
19772897 7
19772897 187
19772933 52
19772957 159
19772971 849
19773037 12
19773067 2372
19773119 37
19773119 309
19773137 448
19773161 2151
19773199 12
19773199 20
19773199 332
19773203 97
19773217 879
19773263 13
19773263 528
19773277 3
19773277 1455
19773311 1
19773371 48
19773401 4
19773401 156
19773407 480
19773407 9432
19773409 60
19773449 4
19773497 39
19773517 428
19773569 484
19773587 1993
19773613 15
19773613 152
19773619 41
19773619 3849
19773667 12
19773709 3731
19773731 1
19773749 7
19773763 3285
19773769 176
19773829 39
19773833 3
19773841 3
19773883 93
19773893 76
19773913 35
19773953 468
19773959 1
19774061 3
19774087 905
19774093 2523
19774121 3
19774121 139
19774147 5
19774147 2049
19774151 1
19774211 1
19774217 328
19774217 1219
19774241 483
19774361 531
19774441 63
19774471 581
19774523 1
19774523 1737
19774567 620
19774603 9132
19774691 1
19774691 9
19774739 816
19774819 5
19774831 9809
19774841 48
19774913 1143
19775053 3
19775081 3
19775081 4
19775209 24
19775209 299
19775237 40
19775281 488
19775281 5075
19775317 8
19775363 1
19775381 4
19775381 31
19775461 3
19775479 4296
19775527 17
19775527 132
19775603 1
19775771 1
19775831 1
19775831 40
19775831 4660
19775849 4
19775849 7
19775887 29
19775939 4
19775939 345
19775983 81
19776037 12
19776089 156
19776101 3676
19776121 275
19776221 1020
19776223 5
19776223 21
19776353 8308
19776403 12
19776433 203
19776433 852
19776569 7
19776569 40
19776569 5164
19776671 1
19776857 3
19776857 28
19777099 9
19777139 1
19777189 155
19777189 5676
19777229 4459
19777267 120
19777543 21
19777543 860
19777561 3
19777561 24
19777561 155
19777619 9
19777619 1989
19777661 15
19777697 3
19777697 15
19777733 592
19777759 189
19777801 599
19777873 32
19777883 1
19777883 765
19777883 7225
19777909 7991
19777991 9
19778071 8
19778071 24
19778081 259
19778149 1500
19778173 27
19778177 147
19778219 3769
19778233 3
19778287 8
19778383 8
19778483 376
19778533 3120
19778543 33
19778663 1
19778741 1039
19778741 5316
19778743 48
19778761 5384
19778767 12
19778777 115
19778881 264
19778921 3891
19778999 840
19779029 2271
19779049 32
19779059 1
19779119 9
19779121 104
19779139 3765
19779163 5
19779197 163
19779223 8997
19779293 48
19779293 256
19779317 1660
19779329 19
19779371 196
19779509 1624
19779521 48
19779659 1
19779667 8
19779667 2549
19779863 1
19779937 15
19780087 8
19780093 1488
19780157 7
19780259 1
19780283 312
19780307 4128
19780421 396
19780499 1
19780499 957
19780597 23
19780627 1764
19780627 3680
19780679 1
19780781 351
19780837 147
19780861 1544
19780961 211
19781053 1467
19781087 948
19781089 72
19781171 4
19781227 360
19781269 12
19781303 48
19781323 48
19781327 9
19781327 112
19781423 1
19781491 8
19781543 1
19781599 6689
19781621 84
19781623 5
19781701 1955
19781821 528
19781851 9096
19781891 9
19781891 201
19782017 7
19782017 5235
19782019 20
19782023 1
19782043 5
19782109 407
19782229 27
19782229 39
19782299 1
19782317 3
19782419 1
19782421 36
19782527 13
19782547 537
19782547 1229
19782563 117
19782569 139
19782613 95
19782671 28
19782671 49
19782671 600
19782731 21
19782799 1829
19782811 216
19782941 28
19782947 9
19782947 3580
19783003 4032
19783007 49
19783031 24
19783037 1779
19783241 175
19783339 5232
19783409 7
19783433 132
19783457 12
19783457 28
19783501 3
19783513 6020
19783537 6039
19783619 1
19783639 149
19783711 5
19783831 8
19783871 1
19783871 36
19783871 3949
19783879 17
19783879 81
19783957 8
19784029 1367
19784081 4396
19784197 3
19784341 75
19784357 3
19784477 12
19784521 23
19784543 93
19784731 1509
19784771 568
19784819 4
19784867 4
19784879 21
19784893 4727
19785053 7
19785053 967
19785131 1
19785211 129
19785257 3
19785257 8047
19785307 125
19785341 3
19785529 327
19785767 4
19785767 2100
19785791 24
19785797 4287
19785823 2588
19785853 11
19785853 1911
19785877 3
19785877 8
19785877 8867
19786099 9581
19786133 3
19786133 391
19786171 21
19786211 16
19786253 15
19786253 1815
19786259 4
19786411 93
19786423 537
19786447 8
19786447 2468
19786513 15
19786703 1
19786721 1984
19786757 4
19786799 372
19786891 8313
19786931 3913
19786973 3087
19786979 1
19787017 3
19787057 24
19787069 4
19787069 7
19787087 232
19787171 4
19787219 12
19787237 7159
19787347 5
19787377 104
19787381 24
19787381 63
19787407 5
19787413 56
19787413 108
19787413 5420
19787437 3
19787437 152
19787699 1
19787701 11
19787701 2951
19787741 16
19787777 4
19787777 60
19787837 7
19787837 187
19787849 16
19787861 871
19787897 4
19787917 5519
19788011 1
19788011 301
19788029 459
19788047 85
19788061 120
19788071 429
19788247 5
19788343 33
19788389 4
19788389 280
19788397 227
19788403 956
19788553 11
19788581 4
19788617 15
19788683 1
19788719 7020
19788781 3
19788929 7
19788941 63
19789027 488
19789069 1499
19789141 336
19789151 1
19789169 1360
19789213 1580
19789213 1616
19789313 5632
19789327 1617
19789373 3
19789373 648
19789373 3847
19789409 3087
19789423 480
19789457 67
19789481 2971
19789519 21
19789619 3777
19789631 1
19789657 884
19789691 304
19789727 9
19789769 712
19789793 15
19789799 1
19789817 15
19789817 180
19789817 8104
19789859 12
19789859 6937
19789883 1
19789949 60
19789949 784
19789969 1175
19790033 7
19790107 140
19790203 65
19790273 523
19790333 7
19790341 3
19790347 44
19790387 1840
19790497 939
19790531 60
19790543 9408
19790579 1
19790651 1
19790653 608
19790699 85
19790747 57
19790801 6244
19790861 3
19790899 20
19791029 15
19791067 1812
19791073 1047
19791097 3
19791181 3
19791203 1
19791251 64
19791257 72
19791301 71
19791307 12
19791319 141
19791379 45
19791379 77
19791439 12
19791461 9040
19791529 296
19791637 8
19791649 3131
19791691 929
19791697 3
19791817 47
19791823 8
19791853 1547
19791883 4433
19791973 1611
19791973 4851
19792021 8
19792027 60
19792027 245
19792033 3735
19792133 51
19792141 183
19792147 4188
19792163 1
19792163 28
19792163 48
19792211 5361
19792387 1352
19792439 8140
19792501 404
19792511 1
19792613 183
19792639 72
19792693 12
19792697 4
19792697 123
19792723 41
19792723 461
19792847 133
19792859 2449
19792909 56
19792933 63
19792979 4
19792987 5
19793017 212
19793099 1
19793101 44
19793131 165
19793173 335
19793299 4664
19793329 711
19793329 1256
19793353 9903
19793479 45
19793507 4725
19793519 1
19793561 3
19793849 39
19793849 172
19793861 4
19793881 51
19793881 8304
19793947 80
19793987 6265
19794059 12
19794059 64
19794083 1
19794101 111
19794139 5
19794139 56
19794199 9017
19794221 3
19794221 16
19794311 1
19794367 9720
19794377 3460
19794407 453
19794407 2568
19794419 36
19794479 1
19794479 1284
19794539 1
19794539 220
19794581 108
19794611 145
19794629 7
19794739 5
19794739 9
19794769 71
19794809 132
19794809 867
19794823 17
19794959 1
19794959 9
19795079 177
19795183 177
19795199 37
19795219 9
19795219 6992
19795253 855
19795277 52
19795409 87
19795409 640
19795459 120
19795493 2695
19795799 1
19795819 956
19795849 119
19795901 76
19795969 84
19796069 1267
19796141 691
19796173 2160
19796201 2719
19796207 40
19796263 45
19796389 119
19796411 1
19796467 5
19796467 20
19796533 1331
19796573 28
19796627 24
19796677 35
19796807 9
19796929 216
19796963 40
19796971 1748
19797013 8
19797017 7
19797023 1
19797023 12
19797161 3
19797191 1
19797191 28
19797191 4488
19797203 1
19797241 4116
19797269 4
19797431 5320
19797493 20
19797493 480
19797529 1616
19797529 1776
19797539 1
19797619 1200
19797667 8
19797671 4
19797727 12
19797893 7
19797893 291
19797901 3
19797901 24
19797959 261
19797983 1
19797983 13
19797989 736
19797989 1216
19797989 8740
19798001 7540
19798069 99
19798087 20
19798117 567
19798153 15
19798241 1251
19798253 3
19798297 4148
19798301 103
19798357 7440
19798451 1
19798451 9
19798483 9840
19798517 3
19798631 40
19798643 1
19798687 1224
19798769 75
19798781 876
19798871 13
19798871 196
19798927 5
19798927 5360
19798991 765
19799027 49
19799027 324
19799027 9784
19799057 7
19799057 948
19799093 15
19799137 1379
19799183 285
19799191 21
19799231 1
19799239 32
19799249 4827
19799323 21
19799323 497
19799327 864
19799341 3399
19799459 1
19799459 4
19799467 177
19799497 264
19799513 303
19799519 1
19799519 4
19799519 61
19799579 1
19799599 3617
19799609 60
19799617 3
19799617 4724
19799627 372
19799723 156
19799797 108
19799833 275
19799851 8
19799851 65
19799873 15
19800139 1037
19800161 3
19800197 3
19800197 100
19800211 128
19800239 1
19800251 4
19800281 4
19800307 4748
19800317 600
19800349 9584
19800367 5
19800371 168
19800421 24
19800491 1
19800491 4
19800553 7683
19800611 1
19800623 280
19800629 7
19800673 51
19800701 523
19800719 12
19800721 3
19800727 4473
19800743 1
19800749 4
19800811 2060
19800817 32
19800899 9
19800899 16
19801003 9401
19801009 191
19801051 441
19801069 95
19801081 216
19801123 296
19801123 3521
19801153 20
19801153 68
19801153 176
19801207 308
19801217 328
19801217 475
19801351 45
19801351 396
19801373 148
19801501 44
19801511 1
19801541 7459
19801547 4
19801571 160
19801723 57
19801937 4
19801949 7
19802129 147
19802131 1725
19802171 201
19802173 2228
19802423 1452
19802507 4
19802513 55
19802537 5208
19802611 3981
19802663 1
19802669 220
19802771 1
19802837 7
19802843 73
19802873 16
19802879 1
19802879 4
19802897 7
19802963 1
19802963 2140
19802971 9
19802971 6461
19802999 45
19803067 2468
19803127 8
19803169 144
19803209 12
19803227 4132
19803323 1
19803323 48
19803331 9
19803379 9
19803431 1
19803449 2779
19803559 7580
19803587 1704
19803611 48
19803629 660
19803631 585
19803647 168
19803677 19
19803727 1848
19803743 1
19803743 61
19803767 64
19803841 11
19803863 1617
19803907 372
19803983 12
19803983 2956
19804021 1295
19804027 69
19804079 1
19804087 29
19804157 3
19804171 45
19804223 1
19804237 3
19804283 1
19804307 328
19804339 2304
19804373 475
19804423 941
19804427 37
19804483 8
19804489 2439
19804529 4
19804549 935
19804613 588
19804661 3
19804661 55
19804721 75
19804721 583
19804777 3
19804801 123
19804823 360
19804831 33
19804843 140
19804861 99
19804871 1
19804871 9
19804901 84
19804937 4
19804937 5523
19804979 76
19805041 3
19805041 35
19805041 203
19805041 323
19805041 1100
19805059 9
19805141 51
19805143 8
19805389 35
19805399 112
19805441 28
19805531 64
19805567 1000
19805647 9
19805677 24
19805713 368
19805831 2868
19805837 328
19805861 31
19805899 992
19805917 152
19805917 327
19805957 3975
19805959 80
19806001 3
19806001 728
19806077 135
19806107 2617
19806119 1
19806209 1335
19806383 1
19806443 2101
19806461 63
19806469 4160
19806481 3
19806491 1
19806497 52
19806503 1833
19806559 5
19806653 52
19806659 2412
19806697 15
19806757 8
19806823 33
19806833 15
19806833 9348
19806851 1
19806851 1185
19806893 6567
19806901 816
19806901 1248
19806931 2285
19806937 104
19806937 984
19806967 1737
19806967 4920
19807019 1
19807103 1
19807121 1056
19807259 241
19807267 53
19807327 117
19807349 7356
19807511 1768
19807583 357
19807663 12
19807663 720
19807673 15
19807693 128
19807693 143
19807763 96
19807829 1335
19807831 324
19807877 4
19807877 15
19807967 4
19808177 3
19808177 1804
19808183 76
19808227 144
19808303 1
19808389 20
19808407 77
19808407 320
19808407 4940
19808549 4039
19808557 63
19808687 4557
19808741 2835
19808743 12
19808779 12
19808807 4
19808809 4800
19808869 884
19808947 5
19808959 260
19808977 48
19808977 75
19808981 39
19808993 27
19809149 4
19809247 6545
19809359 184
19809367 224
19809409 1052
19809443 576
19809511 48
19809521 3
19809593 87
19809667 6617
19809809 2164
19809851 204
19809941 3
19809941 204
19810009 15
19810031 201
19810033 3
19810069 75
19810081 15
19810081 768
19810139 1
19810159 17
19810159 3681
19810163 1
19810163 21
19810163 312
19810211 1
19810211 708
19810223 640
19810313 3
19810313 267
19810391 1
19810391 9
19810397 2484
19810409 16
19810411 60
19810691 36
19810691 4144
19810811 45
19810853 48
19810919 1
19811023 8
19811173 12
19811191 41
19811221 1008
19811249 8227
19811287 8
19811293 3
19811327 37
19811339 1
19811339 529
19811399 12
19811411 253
19811497 15
19811501 24
19811521 2384
19811563 60
19811563 81
19811593 8
19811593 471
19811719 681
19811791 5
19811791 48
19812097 8
19812109 492
19812113 868
19812179 1
19812313 948
19812319 9
19812323 12
19812431 24
19812451 8
19812473 931
19812473 1428
19812523 1073
19812601 56
19812601 95
19812601 543
19812697 3
19812997 7308
19813117 104
19813133 112
19813141 228
19813223 4252
19813303 20
19813303 936
19813379 40
19813379 7825
19813399 81
19813427 1612
19813429 2039
19813457 8407
19813459 852
19813543 5961
19813553 451
19813711 33
19813847 2472
19813883 1
19813883 96
19813919 1
19813987 29
19814107 5
19814167 8
19814167 32
19814189 7
19814261 591
19814303 1
19814387 157
19814429 2932
19814563 5
19814621 16
19814671 1176
19814723 165
19814759 1801
19814771 9
19814803 2073
19814803 4857
19814897 3
19814897 3508
19814933 12
19814939 1
19814939 4
19814969 216
19814981 31
19815101 55
19815109 15
19815151 1545
19815203 1
19815203 333
19815307 1313
19815311 1
19815329 5827
19815409 12
19815517 20
19815517 608
19815517 2184
19815617 12
19815619 5
19815703 8
19815713 963
19815773 3
19815967 60
19816051 156
19816081 8
19816109 4
19816177 12
19816229 1120
19816283 5796
19816319 1
19816331 24
19816453 3155
19816481 43
19816481 120
19816627 48
19816711 29
19816711 2456
19816877 4
19816921 1655
19816987 12
19816999 5
19817113 111
19817141 160
19817167 4608
19817233 35
19817471 1
19817519 16
19817593 1287
19817621 63
19817653 20
19817653 603
19817659 144
19817659 3945
19817713 15
19817713 435
19817737 3
19817747 33
19817783 1
19817783 13
19817783 21
19817857 27
19817873 7
19817939 1
19817999 4
19817999 672
19818031 3488
19818059 1
19818059 780
19818061 11
19818077 135
19818091 465
19818101 4
19818151 509
19818181 111
19818371 2628
19818389 67
19818499 29
19818499 8292
19818509 691
19818509 4975
19818593 36
19818607 140
19818671 1
19818671 1249
19818739 2417
19818797 4
19818959 9
19818973 15
19819057 8
19819133 108
19819171 20
19819181 7984
19819193 615
19819201 3
19819249 9600
19819351 20
19819391 1
19819483 101
19819511 1
19819619 1
19819621 3
19819621 164
19819711 821
19819799 1
19819801 20
19819829 439
19819883 28
19819979 1
19819979 285
19820063 1
19820077 135
19820159 5481
19820167 45
19820167 69
19820219 1
19820299 24
19820407 944
19820447 73
19820447 88
19820473 32
19820473 300
19820497 8
19820579 9
19820621 15
19820639 580
19820711 1
19820747 325
19820777 64
19820797 7808
19820837 15
19820837 904
19820837 7264
19820903 2793
19820921 64
19820951 16
19820989 195
19821013 3
19821083 300
19821091 3020
19821091 7644
19821107 4
19821287 1888
19821299 12
19821383 1188
19821419 45
19821419 561
19821421 51
19821577 9152
19821601 660
19821601 720
19821673 11
19821689 196
19821707 60
19821719 1180
19821773 52
19821863 1
19821931 48
19821937 3
19821937 8400
19822007 717
19822087 53
19822093 3
19822163 5353
19822181 951
19822193 3
19822193 48
19822259 52
19822291 2480
19822303 5
19822303 2945
19822333 3
19822367 1708
19822409 232
19822483 156
19822531 1416
19822559 1
19822571 1
19822591 221
19822669 140
19822723 21
19822723 813
19822741 159
19822763 52
19822801 6924
19822819 81
19822841 3
19822877 4
19822889 127
19822897 2744
19822949 4692
19822991 1156
19822993 12
19823021 55
19823117 24
19823149 116
19823159 40
19823179 80
19823203 21
19823347 8945
19823359 12
19823423 1
19823467 8
19823497 92
19823603 261
19823659 81
19823737 1200
19823747 12
19823767 12
19823767 20
19823767 560
19823779 9
19823809 7532
19823917 660
19823957 12
19823957 6060
19824001 519
19824089 775
19824113 7
19824121 8
19824149 7
19824169 299
19824191 9
19824191 801
19824251 1
19824263 396
19824289 3420
19824323 1
19824323 16
19824347 28
19824347 3613
19824461 7540
19824503 1
19824503 1293
19824509 5304
19824521 2595
19824523 153
19824611 73
19824631 728
19824653 8760
19824659 1
19824671 1
19824671 9
19824743 1
19824769 504
19824793 11
19824869 27
19824899 1741
19824911 1
19824911 1036
19824947 9964
19824967 5
19825163 1
19825171 8
19825171 140
19825171 309
19825261 11
19825261 228
19825277 592
19825319 9
19825319 669
19825439 1
19825459 5
19825513 11
19825541 7215
19825571 13
19825693 3
19825777 3
19825811 25
19825867 17
19825867 45
19825943 33
19825943 1345
19826099 1
19826167 3477
19826231 1
19826231 69
19826249 24
19826273 3
19826309 19
19826309 384
19826309 1116
19826363 141
19826381 264
19826479 2804
19826593 756
19826623 105
19826623 200
19826629 72
19826629 5720
19826663 777
19826687 849
19826711 1
19826803 116
19826813 31
19826971 5
19827029 36
19827047 324
19827053 135
19827061 8
19827107 7969
19827131 9
19827131 13
19827167 444
19827167 4573
19827323 180
19827337 3
19827337 728
19827337 7227
19827443 160
19827461 55
19827497 3
19827517 1764
19827581 264
19827617 115
19827629 144
19827637 15
19827653 3
19827683 1
19827761 39
19827869 60
19827931 29
19827931 236
19827959 1
19828021 1820
19828091 60
19828097 3
19828253 1152
19828261 11
19828331 1
19828339 1041
19828349 1084
19828387 33
19828439 1561
19828453 8
19828463 1
19828463 36
19828513 9356
19828591 44
19828657 204
19828807 3309
19828883 1
19828903 81
19828927 48
19828931 2253
19828973 2208
19829099 61
19829143 153
19829143 1740
19829177 3
19829291 1
19829309 231
19829371 8
19829371 3644
19829461 8
19829503 557
19829573 483
19829603 21
19829617 1400
19829639 4
19829683 92
19829713 11
19829729 2371
19829839 5
19829893 36
19829893 128
19829921 3
19830067 425
19830263 133
19830337 3
19830367 24
19830367 872
19830383 1
19830407 613
19830407 2268
19830457 72
19830521 3
19830571 5
19830571 1473
19830599 1
19830599 721
19830683 1
19830773 900
19830787 5
19830787 8
19830821 2463
19830841 71
19830907 525
19830919 1605
19830973 11
19831153 48
19831241 2319
19831271 1
19831373 736
19831379 1
19831457 3
19831457 2472
19831463 36
19831477 1175
19831489 12
19831631 4
19831711 8369
19831717 3
19831783 12
19831817 1047
19831907 4
19831913 3
19831913 3967
19831949 999
19831961 4
19831967 9
19832009 4
19832009 144
19832063 1
19832077 3
19832117 7
19832117 723
19832161 8
19832227 1088
19832303 1
19832377 3
19832431 156
19832443 8
19832497 68
19832587 24
19832621 1296
19832741 459
19832749 1935
19832773 6476
19832837 60
19832977 1472
19833041 4
19833049 80
19833089 5019
19833137 3
19833179 1
19833251 4
19833293 15
19833491 6844
19833533 588
19833533 9711
19833547 3480
19833571 24
19833599 25
19833599 3480
19833599 6721
19833641 3
19833641 483
19833683 3117
19833757 12
19833761 396
19833761 3763
19833829 375
19834097 60
19834103 45
19834123 12
19834151 1
19834337 7299
19834343 1
19834357 707
19834583 1
19834583 4525
19834729 656
19834781 4
19834877 3
19834949 391
19834957 588
19834957 795
19834999 80
19835027 13
19835063 37
19835077 12
19835099 1
19835099 12
19835351 1
19835521 339
19835531 1
19835531 900
19835573 808
19835573 1276
19835587 84
19835603 1
19835657 52
19835701 243
19835773 8
19835773 63
19835863 9281
19835887 2088
19835903 12
19835917 3
19835951 1
19835999 64
19836023 9565
19836101 3
19836139 9
19836457 3
19836457 303
19836457 368
19836473 6760
19836503 1617
19836517 359
19836539 636
19836599 9
19836721 531
19836721 596
19836749 15
19836749 52
19836767 72
19836797 163
19836823 17
19836911 508
19836913 15
19836919 12
19836919 516
19836941 36
19836941 936
19836967 908
19837087 9
19837151 13
19837253 496
19837379 1
19837459 824
19837507 29
19837507 80
19837549 572
19837549 2864
19837591 365
19837633 3
19837633 380
19837633 471
19837679 832
19837709 376
19837709 604
19837739 1
19837841 5299
19838051 1
19838051 109
19838129 12
19838197 8619
19838257 188
19838257 2552
19838279 972
19838297 4
19838297 8719
19838311 156
19838321 64
19838321 2064
19838333 3271
19838347 8
19838347 2328
19838369 75
19838369 4191
19838381 319
19838389 47
19838449 36
19838557 299
19838579 1
19838683 80
19838773 23
19838887 20
19838921 3
19838939 1
19838939 4
19838941 320
19838963 1
19838971 24
19839023 40
19839073 80
19839077 27
19839299 1
19839341 1048
19839481 15
19839607 60
19839637 3
19839707 313
19839847 1557
19839851 4
19839851 96
19839851 3993
19839877 99
19840019 121
19840019 1596
19840021 3
19840043 1273
19840049 27
19840133 3
19840133 2083
19840211 1588
19840259 1
19840273 836
19840307 4
19840307 124
19840319 1
19840357 1019
19840397 5487
19840463 6897
19840519 9
19840531 3708
19840571 1
19840619 4
19840631 1
19840631 973
19840663 33
19840699 4737
19840703 1
19840747 33
19840763 1
19840801 35
19840801 83
19840841 339
19840913 72
19841033 15
19841053 1068
19841077 15
19841131 7764
19841137 275
19841167 20
19841201 3
19841201 6468
19841291 28
19841369 4375
19841441 124
19841443 336
19841461 24
19841461 419
19841467 8
19841467 204
19841477 7992
19841537 144
19841579 1
19841593 3
19841651 861
19841659 104
19841687 889
19841699 9
19841743 161
19841747 4
19841813 7
19841903 16
19841903 21
19841903 45
19841923 5
19841923 233
19841959 9
19841989 219
19841999 9856
19842071 9
19842143 1
19842161 75
19842227 52
19842233 1996
19842241 51
19842377 3
19842377 1620
19842499 36
19842569 6675
19842659 24
19842659 40
19842677 4
19842679 1356
19842761 51
19842827 25
19842833 2820
19842853 3
19842869 67
19842967 3005
19843027 2120
19843039 24
19843067 33
19843157 99
19843157 228
19843321 971
19843331 196
19843331 285
19843357 3
19843393 48
19843493 2971
19843601 243
19843643 121
19843669 24
19843669 4815
19843679 1
19843693 116
19843757 4
19843763 597
19843829 1824
19843867 264
19843897 6279
19843909 3420
19844021 4
19844129 147
19844159 6900
19844171 1
19844179 32
19844249 67
19844263 60
19844317 12
19844317 35
19844437 15
19844507 33
19844549 4
19844621 820
19844647 12
19844707 5
19844753 7
19844833 1043
19844849 7
19844897 4
19844897 39
19844971 1533
19844983 8
19844983 305
19845179 112
19845211 8
19845247 9
19845347 4
19845347 9
19845451 41
19845451 3464
19845461 3684
19845523 132
19845533 7
19845641 3
19845667 9
19845751 20
19845751 1304
19845841 3171
19845863 1
19845863 2557
19845967 8868
19845989 319
19845989 3075
19846061 3
19846093 68
19846093 135
19846093 435
19846147 189
19846159 137
19846181 535
19846201 3
19846223 1
19846283 1
19846339 36
19846397 19
19846481 4
19846513 203
19846523 12
19846537 8
19846577 43
19846609 6467
19846661 3
19846679 189
19846699 360
19846699 1700
19846741 20
19846787 9
19846909 11
19846921 44
19846979 1
19846979 45
19847027 268
19847071 4280
19847129 4
19847213 48
19847251 869
19847351 181
19847431 5784
19847479 1572
19847491 713
19847501 4
19847507 4
19847521 95
19847521 1428
19847539 8700
19847557 155
19847557 1200
19847743 8
19847903 693
19847911 33
19847923 696
19847963 1
19847969 4
19847969 7324
19848047 60
19848083 936
19848089 4
19848133 32
19848167 12
19848167 73
19848167 192
19848193 215
19848193 3995
19848247 2772
19848251 16
19848251 4749
19848329 976
19848349 35
19848611 1
19848623 1
19848643 68
19848713 3
19848733 11
19848743 1
19848781 1079
19848811 5
19848937 1704
19849019 36
19849031 2416
19849073 3
19849103 120
19849111 365
19849121 9444
19849127 288
19849127 348
19849139 1
19849139 24
19849177 3
19849199 1785
19849363 3432
19849397 4
19849451 1
19849537 8
19849549 684
19849573 32
19849607 1840
19849607 3448
19849639 5
19849679 432
19849747 8
19849751 1
19849801 1875
19849883 21
19849913 7
19849939 1097
19849957 15
19849987 17
19849987 392
19850059 5
19850069 16
19850209 119
19850209 1731
19850321 19
19850503 705
19850503 6860
19850527 33
19850527 200
19850599 1512
19850717 160
19850717 2664
19850767 9
19850767 24
19850777 4
19850807 12
19850807 45
19850851 213
19850869 132
19850891 396
19850947 9
19850983 1568
19851017 15
19851119 2316
19851127 137
19851127 3249
19851133 3152
19851157 947
19851179 300
19851239 4
19851239 36
19851259 672
19851289 1256
19851313 1407
19851383 61
19851431 1
19851473 96
19851479 1
19851479 16
19851487 5
19851649 44
19851701 204
19851709 35
19851709 851
19851731 21
19851763 105
19851763 1428
19851803 1
19851977 12
19851977 15
19851977 5223
19851983 1
19852009 20
19852103 1
19852103 105
19852187 3897
19852199 24
19852201 104
19852223 1
19852223 40
19852319 21
19852351 5733
19852361 3
19852453 3
19852453 32
19852499 1
19852531 4088
19852561 1295
19852643 1
19852643 1156
19852751 273
19852771 9
19852771 413
19852783 48
19852843 117
19852871 2793
19852879 3012
19852883 1377
19852913 7
19852951 5
19852951 9
19852951 69
19852981 8
19853191 41
19853303 1
19853341 183
19853417 3
19853437 3
19853459 9420
19853479 32
19853489 12
19853549 804
19853567 9
19853597 1803
19853611 29
19853663 1912
19853699 1537
19853767 80
19853809 275
19853837 24
19853891 1
19853983 3188
19854007 3077
19854017 4
19854179 1
19854179 8880
19854203 1
19854253 3
19854253 68
19854253 435
19854361 36
19854683 813
19854719 4
19854719 9060
19854749 4
19854761 19
19854851 456
19854869 36
19854871 4836
19854893 280
19855013 3
19855021 3
19855123 236
19855183 533
19855219 404
19855243 65
19855259 1
19855271 16
19855349 7
19855349 2592
19855471 8
19855487 4
19855487 4905
19855529 196
19855543 5985
19855613 16
19855613 120
19855631 33
19855631 3741
19855679 1
19855769 1119
19855837 488
19855853 3
19855907 69
19855921 15
19855961 111
19856003 1021
19856099 1
19856101 8
19856113 3
19856141 43
19856149 8624
19856183 1
19856183 16
19856227 72
19856327 1357
19856351 81
19856351 1069
19856363 1
19856489 291
19856519 1
19856593 4268
19856743 17
19856747 4
19856869 12
19856891 1
19856891 36
19856897 7
19856929 207
19856989 2679
19857001 1019
19857031 120
19857041 4
19857041 28
19857127 12
19857133 263
19857157 39
19857157 944
19857221 1476
19857247 29
19857281 9076
19857317 507
19857319 12
19857353 3
19857437 160
19857521 3
19857521 64
19857553 288
19857599 181
19857599 1216
19857611 1
19857713 2928
19857727 1805
19857731 1
19857749 1012
19857781 84
19857781 1743
19857857 304
19857889 44
19857973 80
19857973 896
19857979 32
19858031 16
19858121 4
19858169 751
19858183 20
19858213 11
19858277 3
19858313 36
19858343 1
19858379 1
19858469 55
19858577 7
19858577 499
19858681 740
19858691 276
19858757 4
19858859 1
19858877 2040
19858919 181
19858967 57
19859017 132
19859029 204
19859089 291
19859159 1
19859159 2416
19859183 37
19859209 3971
19859299 5
19859299 24
19859309 7
19859309 15
19859363 1
19859381 271
19859381 688
19859443 60
19859597 2479
19859633 3
19859633 1188
19859681 3060
19859687 4
19859687 5304
19859753 2923
19859761 263
19859779 224
19859779 380
19859797 99
19859797 5864
19859843 40
19859923 5
19859963 12
19859981 7431
19860067 44
19860079 821
19860209 4
19860209 27
19860209 544
19860259 2516
19860311 1
19860311 100
19860311 7224
19860317 12
19860329 36
19860397 3
19860481 428
19860487 20
19860487 2417
19860593 40
19860611 1
19860619 4236
19860721 8
19860733 3
19860761 780
19860773 51
19860803 297
19860977 12
19860977 55
19860979 12
19860979 20
19861031 1
19861031 36
19861033 2555
19861109 7
19861159 21
19861159 101
19861333 8
19861337 19
19861337 715
19861357 767
19861381 8
19861411 4956
19861427 4
19861427 12
19861487 64
19861531 8
19861553 1515
19861609 96
19861693 3
19861693 4091
19861747 20
19861757 3
19861757 12
19861801 35
19861981 24
19861981 75
19862021 2791
19862033 300
19862047 668
19862111 4
19862111 24
19862189 12
19862233 3
19862279 9985
19862287 9
19862287 233
19862329 1499
19862369 91
19862369 100
19862371 2324
19862411 333
19862471 1765
19862617 8
19862617 83
19862641 663
19862701 3171
19862867 12
19862879 1
19862879 36
19862897 112
19862897 307
19862939 1
19862977 1392
19863139 7169
19863161 243
19863167 1317
19863257 2175
19863331 5
19863331 1700
19863331 2405
19863359 1
19863527 25
19863647 9
19863659 4
19863773 7
19863827 4
19863853 7316
19863913 3
19863971 4
19863983 1
19863989 12
19864001 4
19864067 397
19864069 2024
19864121 168
19864123 357
19864219 1169
19864289 4
19864319 6544
19864343 1
19864549 36
19864549 216
19864549 395
19864613 1363
19864673 132
19864679 1
19864693 543
19864697 3
19864703 1
19864811 4885
19864919 16
19864981 111
19865057 3
19865099 1
19865101 191
19865101 420
19865273 627
19865291 1
19865291 228
19865291 2968
19865357 4
19865501 3
19865501 475
19865543 901
19865557 644
19865569 12
19865617 27
19865743 9953
19865753 207
19865753 1456
19865759 6801
19865821 59
19865903 1
19865987 85
19865999 1
19865999 36
19866029 124
19866113 652
19866169 615
19866169 5399
19866193 596
19866271 704
19866271 924
19866347 4
19866349 1779
19866377 7
19866433 20
19866463 81
19866463 197
19866481 1020
19866481 5376
19866589 27
19866677 4912
19866709 20
19866793 6920
19866851 7941
19866857 3
19866857 19
19866923 496
19866961 3
19866967 1413
19867019 21
19867019 49
19867051 833
19867069 27
19867079 9
19867087 200
19867093 9836
19867139 4
19867139 432
19867163 1
19867327 53
19867399 945
19867399 2792
19867453 3
19867487 25
19867487 5173
19867513 8063
19867537 15
19867553 12
19867583 1
19867619 636
19867643 25
19867643 901
19867663 1892
19867691 1
19867703 1
19867817 3
19867819 2009
19867847 120
19867909 1095
19867973 568
19868003 13
19868003 36
19868063 1228
19868099 1
19868099 204
19868111 1
19868141 3
19868197 5580
19868203 56
19868213 1300
19868327 4032
19868333 1903
19868423 13
19868501 604
19868503 77
19868503 2537
19868549 175
19868549 1435
19868603 1
19868621 9831
19868657 4783
19868687 420
19868819 1
19868819 565
19868839 1577
19868879 36
19868879 6000
19868897 204
19868897 3435
19868939 1
19868939 517
19869049 39
19869301 68
19869341 160
19869491 1
19869511 9
19869511 204
19869547 68
19869613 20
19869613 48
19869623 16
19869623 3088
19869749 4
19869749 7
19869799 377
19869881 60
19869881 816
19869887 9
19869893 676
19869973 156
19870003 8
19870031 13
19870099 12
19870099 1020
19870231 5
19870271 181
19870271 4480
19870387 1937
19870387 4892
19870553 3
19870583 1
19870583 52
19870619 1
19870667 13
19870727 364
19870733 12
19870757 732
19870777 83
19870913 3936
19870951 9
19870993 8
19871039 9
19871039 1309
19871053 2423
19871053 6575
19871063 1
19871081 360
19871099 16
19871197 783
19871213 2847
19871239 21
19871263 17
19871281 1179
19871381 4
19871413 3
19871413 20
19871417 15
19871441 3
19871441 60
19871507 4
19871507 180
19871539 669
19871689 396
19871773 315
19871903 4885
19871939 432
19871953 20
19872001 6623
19872019 92
19872037 2672
19872077 4
19872077 19
19872091 41
19872091 176
19872101 2584
19872173 1627
19872263 273
19872313 383
19872373 4688
19872373 4928
19872383 1
19872427 57
19872467 880
19872467 7828
19872551 1
19872563 157
19872647 5133
19872653 7872
19872661 35
19872661 6140
19872703 5
19872757 3
19872761 3
19872929 12
19872929 6015
19873013 12
19873223 7293
19873253 12
19873283 21
19873327 165
19873367 4
19873369 224
19873379 504
19873429 212
19873543 432
19873657 135
19873687 9
19873717 1764
19873811 1
19873853 1072
19873877 48
19873877 64
19873933 35
19873949 1099
19874021 216
19874137 360
19874219 40
19874339 1
19874419 5
19874419 129
19874423 1
19874423 81
19874443 5
19874489 7
19874497 9519
19874579 109
19874579 445
19874653 9492
19874801 211
19874839 605
19874839 1469
19874851 5625
19874867 28
19874993 3
19875217 3
19875221 4
19875239 1
19875293 12
19875341 3
19875379 12
19875437 4
19875467 3073
19875521 7744
19875547 252
19875563 16
19875613 3
19875787 32
19875809 556
19875853 875
19875871 33
19875913 300
19875967 9
19875997 68
19876001 4728
19876079 1
19876183 45
19876271 1
19876271 4
19876433 3351
19876469 196
19876469 7239
19876481 4
19876481 6736
19876529 12
19876547 4473
19876613 160
19876651 140
19876691 1
19876777 1992
19876889 451
19876979 9756
19877009 1104
19877027 9
19877057 7420
19877101 59
19877119 177
19877141 1188
19877149 12
19877183 1
19877237 3
19877303 1
19877303 45
19877311 44
19877357 3
19877357 55
19877371 20
19877447 4
19877453 1552
19877461 20
19877483 13
19877647 17
19877647 8652
19877699 1
19877699 16
19877701 60
19877719 44
19877723 1
19877801 48
19877807 1945
19878007 2148
19878011 1
19878011 13
19878077 4827
19878109 96
19878197 4
19878247 12
19878247 24
19878301 24
19878407 4
19878407 1060
19878539 1
19878569 15
19878629 3067
19878653 648
19878671 1
19878743 192
19878743 3645
19878779 1
19878779 501
19878913 11
19878917 3
19878917 4
19878983 1
19879021 2636
19879051 5
19879099 464
19879109 4144
19879177 3
19879213 75
19879217 55
19879217 3747
19879313 2320
19879331 6676
19879357 9504
19879427 49
19879439 1
19879487 4
19879487 705
19879499 24
19879501 960
19879549 11
19879583 60
19879597 12
19879697 175
19879733 31
19879799 2841
19879801 3
19879801 24
19879807 249
19879813 23
19879883 1
19879921 419
19879973 51
19880057 144
19880111 1
19880111 444
19880149 104
19880149 291
19880363 73
19880417 415
19880437 2604
19880461 23
19880477 2079
19880489 240
19880677 6768
19880719 7445
19880771 1
19880771 28
19880771 7548
19880779 704
19880807 2344
19880857 3
19880857 1860
19880857 9267
19880873 2056
19880911 788
19880981 124
19881259 29
19881359 4
19881403 45
19881419 4
19881473 3
19881497 160
19881503 1
19881557 4
19881671 13
19881703 156
19881751 20
19881751 3096
19881817 200
19881877 1772
19881941 3
19881947 4
19881971 108
19882021 11
19882033 140
19882091 1
19882117 3848
19882147 60
19882223 732
19882273 3
19882337 7
19882349 16
19882361 5128
19882361 8263
19882403 1
19882403 4293
19882517 19
19882517 184
19882591 33
19882601 3
19882613 252
19882631 1
19882631 9
19882693 8
19882747 1109
19882747 6408
19882817 4
19882871 1
19883027 217
19883029 6171
19883051 345
19883057 3303
19883099 700
19883107 2744
19883107 7209
19883113 3
19883113 8
19883147 624
19883161 39
19883173 87
19883219 40
19883309 127
19883527 2109
19883537 63
19883543 1
19883629 636
19883641 8
19883711 1
19883719 221
19883719 6545
19883777 19
19883779 392
19884049 984
19884071 1
19884157 4439
19884181 2019
19884191 1
19884191 8169
19884197 7
19884229 131
19884287 24
19884287 8697
19884301 1308
19884311 1
19884481 11
19884493 23
19884587 9
19884617 4
19884731 3825
19884797 5452
19884913 20
19884929 207
19884967 737
19884989 3391
19885027 525
19885079 61
19885111 8
19885141 44
19885141 4248
19885147 384
19885249 159
19885259 409
19885337 639
19885339 636
19885447 68
19885543 8
19885661 3
19885681 39
19885783 65
19885883 45
19885979 796
19886047 5
19886059 5
19886093 12
19886143 7856
19886161 1920
19886171 6828
19886197 59
19886227 5
19886281 15
19886281 51
19886299 2289
19886341 1748
19886387 13
19886411 1
19886417 9219
19886423 1
19886437 35
19886453 12
19886497 23
19886611 5
19886623 7293
19886639 4
19886641 939
19886653 3
19886759 1
19886759 801
19886947 888
19887017 60
19887097 8
19887191 4
19887193 3
19887193 108
19887247 9
19887367 2009
19887449 2671
19887449 3000
19887449 3367
19887451 3989
19887487 249
19887487 845
19887613 327
19887613 408
19887613 4148
19887643 7520
19887743 5500
19887899 16
19887937 12
19887941 5019
19887953 435
19887979 9
19887979 29
19887979 4440
19888061 15
19888067 12
19888067 373
19888189 2036
19888237 3
19888331 1
19888343 1
19888417 1064
19888439 1
19888703 1
19888769 4807
19888811 21
19888871 4
19888873 35
19889027 264
19889137 32
19889173 6216
19889203 816
19889327 5457
19889399 69
19889407 8
19889449 20
19889501 3
19889501 79
19889537 3
19889537 7
19889581 3
19889651 1860
19889731 96
19889747 45
19889899 5
19889929 11
19889929 336
19889929 2244
19889981 420
19890061 8
19890061 536
19890103 2937
19890137 7
19890137 3655
19890149 1147
19890149 9696
19890161 60
19890307 32
19890389 27
19890413 3
19890443 1
19890449 1431
19890509 76
19890631 5
19890641 315
19890649 776
19890691 209
19890691 4089
19890733 20
19890733 147
19890749 2740
19890749 4552
19890757 3
19890817 287
19890881 4
19890961 2631
19890973 3
19890973 311
19891007 13
19891099 309
19891127 3057
19891141 2175
19891141 2460
19891153 80
19891279 1092
19891349 2044
19891363 77
19891363 185
19891373 52
19891439 1
19891523 1
19891523 21
19891541 36
19891633 27
19891633 96
19891721 2151
19891769 4
19891789 6147
19891877 4
19891889 100
19891939 464
19891961 616
19891981 3
19892003 1
19892113 3
19892167 9
19892167 77
19892179 57
19892321 76
19892321 1108
19892393 3
19892393 63
19892419 140
19892419 1005
19892461 35
19892507 2373
19892519 345
19892581 828
19892597 7
19892603 37
19892603 268
19892603 901
19892623 65
19892647 489
19892647 588
19892647 1284
19892647 5144
19892681 3
19892681 3691
19892711 13
19892729 255
19892759 1
19892767 1605
19892779 2136
19892849 31
19892923 53
19892923 57
19892923 305
19892969 12
19892989 179
19893131 604
19893151 668
19893169 6020
19893299 1
19893421 8
19893479 1
19893613 68
19893619 29
19893619 2424
19893637 8
19893659 57
19893673 3
19893719 1
19893749 19
19893799 377
19893803 1
19893851 13
19893871 6729
19894001 4
19894177 104
19894213 11
19894213 23
19894223 1
19894223 273
19894291 5
19894297 1907
19894367 4
19894373 63
19894393 1215
19894411 29
19894411 1781
19894487 4
19894559 36
19894561 159
19894669 11
19894753 32
19894921 5111
19894933 11
19895039 12
19895059 17
19895153 3
19895167 477
19895251 5
19895263 5
19895297 3
19895303 1
19895341 8
19895453 3
19895453 700
19895539 12
19895591 2773
19895651 1
19895657 4
19895657 28
19895719 65
19895741 99
19895747 9009
19895753 8160
19895761 56
19895801 4
19895849 4
19895849 100
19895903 16
19895957 7747
19895969 256
19895969 9040
19896053 3840
19896109 84
19896221 3
19896241 60
19896251 9
19896377 19
19896419 1
19896419 12
19896433 651
19896493 32
19896493 2408
19896689 4
19896689 5751
19896707 4
19896841 6015
19896869 7587
19896913 347
19897079 1
19897127 468
19897223 52
19897271 1
19897271 49
19897279 104
19897301 136
19897331 1
19897343 1
19897349 7191
19897363 45
19897363 101
19897483 9233
19897543 3380
19897561 1331
19897583 1480
19897589 4
19897589 195
19897589 496
19897627 9
19897699 9
19897699 44
19897747 9
19897763 145
19897847 40
19897859 1
19897951 5
19897957 8367
19898029 11
19898093 7
19898159 1
19898173 263
19898239 29
19898299 324
19898299 8285
19898323 32
19898357 3
19898387 69
19898429 4
19898471 1
19898533 752
19898537 4167
19898561 4
19898561 24
19898569 216
19898573 3
19898587 80
19898603 1
19898603 2248
19898603 2772
19898617 423
19898639 1
19898639 21
19898663 1
19898689 176
19898693 87
19898693 523
19898701 11
19898731 288
19898771 1
19898861 24
19898873 295
19898941 3
19898941 188
19898951 1828
19898951 1873
19899079 36
19899083 33
19899083 2700
19899119 4
19899127 1745
19899263 3117
19899329 496
19899353 3
19899437 3
19899437 348
19899437 439
19899457 5028
19899457 9555
19899521 355
19899527 4
19899557 28
19899587 12
19899629 736
19899653 100
19899653 912
19899679 125
19899791 1
19899791 4
19899793 3
19899833 3
19899947 24
19899947 64
19899947 105
19899949 399
19899953 31
19899953 8596
19899983 1
19899983 25
19899983 348
19899989 31
19900009 884
19900057 5852
19900261 83
19900379 1
19900403 6168
19900471 20
19900477 963
19900499 3304
19900547 1189
19900567 404
19900567 692
19900607 2509
19900631 4753
19900691 40
19900691 85
19900739 1
19900747 7892
19900799 4
19900799 64
19900801 536
19900801 1244
19900801 3155
19900801 5999
19900817 3
19900891 185
19900987 9288
19900997 3
19900997 4
19901051 4
19901051 1353
19901083 96
19901083 780
19901093 2236
19901149 372
19901173 4955
19901269 39
19901327 4
19901363 1
19901459 169
19901459 385
19901507 60
19901527 32
19901537 4
19901537 819
19901549 4
19901549 5319
19901593 47
19901639 45
19901641 3
19901663 1
19901723 1
19901737 9803
19901773 3
19901837 319
19901839 6344
19901857 12
19901927 4
19901929 27
19902013 3
19902073 1835
19902119 1
19902133 995
19902187 7389
19902203 1
19902221 16
19902299 145
19902317 7
19902317 100
19902413 787
19902413 9451
19902469 8832
19902643 5
19902643 21
19902643 288
19902853 3
19902887 760
19902947 105
19902977 4
19902977 27
19902983 45
19903007 13
19903021 3
19903033 111
19903063 116
19903097 4
19903187 37
19903229 19
19903297 12
19903381 2328
19903397 3
19903451 1
19903451 4
19903451 76
19903459 3444
19903619 1
19903679 21
19903687 117
19903699 32
19903769 84
19903837 3
19903837 584
19903861 3
19903909 12
19903909 39
19903909 7367
19903921 2676
19903979 5197
19904051 1
19904083 53
19904197 8015
19904219 612
19904347 257
19904347 1313
19904347 4569
19904347 8553
19904471 349
19904473 1527
19904579 76
19904579 529
19904587 20
19904681 855
19904707 24
19904737 48
19904749 24
19904879 57
19904917 60
19904947 8865
19904999 1
19905187 8
19905187 9
19905191 1
19905229 11
19905247 53
19905251 1
19905257 48
19905323 88
19905343 12
19905343 60
19905401 3
19905481 60
19905491 1
19905527 124
19905527 1653
19905583 8
19905583 105
19905619 9
19905707 1348
19905719 1
19905719 76
19905737 40
19905779 1
19905791 468
19905911 1
19905979 72
19906013 3148
19906067 9
19906079 1
19906171 4704
19906273 428
19906307 93
19906391 384
19906399 165
19906451 24
19906451 6784
19906489 15
19906493 36
19906517 67
19906633 3
19906639 5
19906697 7204
19906697 8163
19906727 2640
19906811 1
19906879 5
19906993 15
19907039 21
19907081 220
19907087 325
19907087 768
19907093 3
19907093 63
19907093 823
19907141 3
19907143 7245
19907291 1
19907297 7
19907341 2631
19907413 1272
19907423 1
19907423 21
19907551 24
19907551 540
19907567 9
19907597 184
19907681 3
19907747 4329
19907747 7212
19907803 8
19907863 48
19907959 9860
19907981 4
19907981 31
19907999 1
19908023 1
19908151 45
19908191 921
19908221 2868
19908233 6160
19908319 21
19908349 399
19908349 1011
19908373 935
19908379 201
19908389 1327
19908437 4
19908437 304
19908611 1
19908673 8
19908743 1
19908797 3
19908797 15
19908809 535
19908857 7
19908857 187
19908883 8
19908947 420
19909121 63
19909157 7
19909163 3376
19909213 5240
19909271 408
19909381 51
19909493 5340
19909507 9
19909517 3
19909577 3
19909577 27
19909679 1
19909793 27
19909859 1
19909931 1
19909931 73
19909937 3
19909993 3
19909997 324
19910027 3792
19910053 15
19910053 72
19910057 7
19910113 1163
19910167 9
19910237 15
19910321 940
19910369 19
19910369 891
19910381 580
19910393 3
19910393 52
19910393 2611
19910441 4
19910491 141
19910533 48
19910567 4
19910567 133
19910609 87
19910629 2264
19910647 5
19910687 28
19910729 55
19910747 4
19910753 3
19910771 2124
19910833 3
19910903 1
19911049 912
19911121 3
19911163 56
19911271 44
19911293 52
19911293 100
19911431 1
19911457 2967
19911469 9564
19911569 880
19911643 12
19911659 1
19911659 4
19911761 3
19911799 200
19911923 405
19911961 659
19911971 984
19911979 60
19912001 40
19912007 333
19912147 200
19912157 3
19912231 3216
19912391 1120
19912517 4
19912567 8213
19912591 320
19912609 12
19912637 4
19912637 7
19912691 2385
19912811 1
19912843 8
19912889 27
19912889 5511
19912891 276
19912891 8120
19913011 465
19913017 3
19913017 120
19913017 180
19913041 11
19913041 128
19913119 84
19913183 28
19913189 8775
19913203 653
19913203 1212
19913269 71
19913303 1
19913321 36
19913329 120
19913407 3024
19913419 821
19913447 124
19913447 2913
19913471 205
19913507 5677
19913671 9
19913693 27
19913863 137
19913951 1
19914019 2129
19914137 675
19914149 315
19914217 980
19914269 15
19914269 1671
19914283 17
19914283 141
19914311 1
19914347 13
19914371 5884
19914491 2020
19914491 4273
19914529 6891
19914647 24
19914659 5880
19914857 3
19914859 29
19914959 1
19915111 500
19915117 5319
19915183 36
19915183 608
19915271 549
19915331 4
19915351 93
19915367 12
19915369 960
19915387 6045
19915403 1
19915471 7664
19915487 24
19915523 1
19915523 396
19915691 1
19915747 3800
19915871 4
19915949 15
19915991 3553
19916003 1
19916051 48
19916051 69
19916173 296
19916173 900
19916179 20
19916191 3404
19916209 432
19916251 41
19916441 156
19916443 65
19916483 1
19916557 12
19916623 413
19916627 213
19916629 111
19916657 39
19916671 8
19916713 3
19916761 144
19916773 63
19916851 5
19916903 960
19917061 51
19917067 9
19917223 60
19917281 1015
19917311 5481
19917329 160
19917341 91
19917361 15
19917367 5
19917473 72
19917571 308
19917607 45
19917631 540
19917649 27
19917649 420
19917683 2865
19917713 772
19917743 1
19917851 1
19917881 36
19917929 12
19917959 1
19917971 16
19918001 6040
19918013 60
19918043 460
19918117 1068
19918139 2532
19918279 9
19918291 344
19918303 140
19918319 144
19918343 432
19918361 1164
19918439 1
19918453 3
19918463 13
19918489 1020
19918559 4
19918637 7
19918663 317
19918711 8
19918721 180
19918729 75
19918733 2967
19918751 2781
19918919 184
19918963 1416
19918963 4845
19918967 4704
19918967 7692
19919171 1
19919171 1741
19919197 420
19919243 21
19919287 329
19919309 4
19919323 101
19919323 441
19919401 24
19919413 2852
19919519 229
19919591 1
19919623 392
19919651 13
19919651 681
19919693 28
19919749 44
19919773 131
19919777 892
19919819 4
19919819 184
19919821 8
19919827 5
19919827 597
19919899 5
19919947 144
19919947 7329
19919983 72
19919989 99
19920079 1157
19920157 120
19920181 380
19920203 4405
19920283 45
19920293 7
19920437 4627
19920479 1
19920529 8031
19920613 251
19920643 4076
19920671 345
19920673 48
19920673 5303
19920757 4407
19920827 648
19920847 1913
19920847 7844
19920863 145
19920871 89
19920871 1281
19920893 3
19920899 1
19920907 33
19920907 965
19921037 1624
19921067 724
19921129 36
19921159 1077
19921199 1
19921211 1
19921211 148
19921249 15
19921361 4
19921361 1128
19921379 1072
19921453 372
19921457 612
19921483 737
19921541 16
19921589 4
19921589 24
19921607 40
19921607 1848
19921631 1144
19921687 29
19921723 5
19921817 7728
19921991 1
19921997 4
19922041 455
19922047 5
19922099 1
19922167 12
19922167 29
19922167 3897
19922179 32
19922179 2321
19922197 6224
19922237 19
19922291 9
19922293 152
19922297 4
19922389 15
19922411 28
19922423 21
19922473 192
19922473 495
19922473 1316
19922509 3251
19922543 156
19922653 3480
19922663 1
19922663 61
19922737 1739
19922741 3
19922767 5
19922839 5
19922839 17
19922839 1125
19922993 3
19923023 268
19923067 12
19923067 224
19923067 665
19923067 1028
19923157 87
19923157 339
19923193 3500
19923227 4
19923227 2697
19923259 45
19923317 4548
19923341 28
19923373 152
19923391 36
19923467 4
19923479 1
19923511 345
19923557 27
19923557 163
19923559 7140
19923587 48
19923719 4
19923719 16
19923791 1
19923803 1
19923803 8293
19923851 16
19923851 3201
19923859 45
19923941 43
19923973 56
19923973 195
19923973 608
19924031 1
19924111 9828
19924133 12
19924147 1100
19924171 33
19924199 1
19924253 1668
19924277 63
19924453 35
19924543 108
19924687 4248
19924703 33
19924703 580
19924721 28
19924753 80
19924753 128
19924763 1
19924783 5
19924783 60
19924783 120
19924789 327
19924813 87
19924823 1
19924871 9853
19924921 3
19924973 48
19924987 20
19924987 497
19925047 837
19925077 12
19925119 5
19925123 1
19925149 944
19925183 1
19925237 87
19925329 60
19925329 1611
19925333 5391
19925413 3
19925419 5
19925473 12
19925497 1899
19925593 2888
19925611 336
19925681 15
19925723 1
19925723 12
19925881 39
19925903 1
19925903 1296
19925947 5
19925953 1107
19925953 1596
19925999 24
19925999 9237
19926013 3
19926029 36
19926047 12
19926061 44
19926083 1
19926097 23
19926209 15
19926271 29
19926293 72
19926311 1
19926377 2748
19926481 56
19926493 8007
19926761 4816
19926821 1620
19926821 9211
19926871 89
19926871 104
19926871 441
19927049 99
19927109 27
19927129 284
19927253 28
19927267 1824
19927279 684
19927279 1812
19927301 16
19927337 4120
19927343 1
19927373 1191
19927393 380
19927399 1889
19927471 80
19927493 55
19927547 72
19927597 644
19927631 1641
19927667 33
19927679 1
19927717 35
19927969 47
19927997 199
19928213 480
19928231 1
19928339 1
19928339 4
19928353 60
19928401 11
19928401 255
19928521 9443
19928599 21
19928609 15
19928617 1392
19928621 6331
19928653 3
19928687 52
19928693 28
19928803 776
19928813 2556
19928827 17
19928921 6651
19929031 1976
19929089 979
19929103 1205
19929121 15
19929137 43
19929137 795
19929391 2036
19929401 4
19929401 924
19929401 9135
19929443 1
19929509 7
19929557 3
19929599 1
19929601 143
19929677 4747
19929703 5
19929743 1
19929827 57
19929953 196
19929979 257
19929979 1925
19929997 3
19930033 3
19930061 499
19930073 5343
19930189 3012
19930271 2556
19930291 20
19930301 51
19930319 396
19930429 71
19930439 4
19930439 24
19930441 3
19930501 215
19930523 7381
19930717 155
19930717 9263
19930751 468
19930891 5
19931083 53
19931101 1316
19931111 1
19931161 3
19931167 8
19931167 420
19931189 4
19931251 240
19931267 57
19931299 5
19931299 105
19931447 4
19931459 1
19931651 201
19931677 83
19931677 1119
19931753 7
19931753 48
19931767 17
19931819 1
19931843 1
19931887 1253
19931909 1011
19931927 4464
19931941 39
19931953 1935
19931987 45
19932013 311
19932037 203
19932071 216
19932113 3
19932113 7
19932113 12
19932113 15
19932113 52
19932119 1
19932119 1776
19932119 2172
19932217 84
19932217 168
19932217 399
19932247 65
19932337 24
19932343 17
19932359 1
19932481 3
19932511 9
19932527 409
19932547 620
19932547 1200
19932553 7631
19932623 156
19932667 8
19932667 273
19932769 32
19932793 255
19932793 983
19932799 461
19932811 60
19932827 12
19932833 16
19932853 2175
19932931 120
19932931 185
19932931 3668
19932971 3468
19933013 3
19933079 1
19933159 1560
19933271 36
19933373 123
19933379 24
19933447 3405
19933523 28
19933607 12
19933703 4200
19933721 4
19933841 7740
19933943 1
19933943 21
19933957 240
19933997 15
19934143 237
19934143 528
19934171 1
19934191 3980
19934267 8820
19934293 260
19934297 43
19934417 463
19934417 5043
19934423 1
19934441 4
19934549 4
19934609 4
19934609 7
19934689 924
19934791 1065
19934833 11
19934867 5853
19934879 597
19934899 12
19934899 224
19934903 1
19934921 9340
19935001 24
19935037 3
19935037 440
19935053 96
19935103 212
19935217 68
19935257 3
19935259 2076
19935403 5
19935439 12
19935439 657
19935527 3264
19935551 285
19935581 4
19935581 48
19935667 12
19935719 1
19935719 1749
19935757 363
19935793 48
19935803 400
19935869 639
19935983 8253
19936031 8056
19936043 12
19936099 5
19936139 24
19936153 23
19936153 1743
19936157 40
19936171 5
19936199 81
19936207 105
19936211 1
19936247 37
19936271 1
19936271 76
19936487 9
19936487 3237
19936633 1220
19936661 3
19936661 31
19936711 56
19936739 1
19936781 4
19936901 640
19936933 140
19937033 16
19937053 51
19937053 200
19937059 21
19937069 4
19937077 3
19937077 12
19937129 52
19937131 5
19937167 77
19937167 377
19937173 23
19937279 84
19937303 3292
19937321 304
19937443 21
19937531 1
19937597 40
19937609 51
19937623 192
19937887 32
19937977 20
19937977 2715
19938071 189
19938133 1872
19938179 1
19938179 9
19938209 60
19938223 8
19938223 12
19938287 792
19938367 9
19938367 65
19938397 9768
19938437 12
19938533 2232
19938551 6145
19938559 5
19938647 12
19938679 9197
19938707 589
19938817 20
19938827 2665
19938839 1
19938839 417
19938839 3960
19938901 3
19938911 2005
19939027 140
19939033 23
19939093 612
19939111 605
19939177 404
19939201 24
19939369 227
19939397 72
19939483 5
19939511 1
19939537 23
19939537 2480
19939583 1
19939687 749
19939693 63
19939747 692
19939753 12
19939763 1
19939763 12
19939763 285
19939883 52
19940033 1587
19940047 273
19940117 15
19940131 29
19940131 36
19940363 1
19940369 211
19940411 4
19940419 24
19940449 872
19940489 4
19940573 7
19940593 35
19940611 5
19940699 57
19940729 492
19940849 2395
19940857 959
19940933 3
19940941 24
19940981 1591
19941007 897
19941139 92
19941139 152
19941209 7
19941217 143
19941281 3
19941319 336
19941349 8280
19941403 2877
19941419 1
19941553 36
19941617 55
19941643 5
19941643 120
19941683 1
19941721 3
19941751 5
19941791 1
19941791 76
19941869 100
19941899 1
19941923 1
19941923 12
19941931 29
19941931 1649
19941973 3
19942033 3
19942033 495
19942259 9
19942283 532
19942333 3
19942333 32
19942333 1056
19942361 4984
19942397 447
19942487 2905
19942511 1
19942511 9
19942537 12
19942621 3
19942661 495
19942709 5647
19942777 1367
19942781 4
19942823 157
19942823 441
19942831 2628
19942957 3
19942961 19
19943051 1
19943059 12
19943311 5
19943351 76
19943411 1
19943477 2287
19943531 1
19943531 373
19943549 31
19943549 5152
19943549 7500
19943563 177
19943639 1
19943659 5
19943831 1
19943831 3424
19943887 2784
19943899 17
19943923 5
19944109 332
19944187 5
19944203 981
19944229 311
19944241 8
19944251 1
19944263 21
19944269 1747
19944299 4
19944317 183
19944361 84
19944361 375
19944367 3849
19944371 1
19944559 260
19944649 60
19944713 15
19944713 1095
19944719 1
19944719 12
19944797 12
19944863 1
19944863 3592
19944973 132
19944973 1956
19945019 8137
19945031 13
19945259 7444
19945273 335
19945283 1
19945327 972
19945357 12
19945361 108
19945381 15
19945397 4
19945397 24
19945399 80
19945399 4556
19945427 88
19945469 39
19945511 1
19945511 7645
19945579 2009
19945579 8501
19945609 12
19945781 2568
19945829 16
19945829 867
19945867 1284
19945903 360
19945973 1068
19945987 33
19946021 31
19946033 51
19946177 184
19946279 40
19946279 2509
19946291 369
19946347 377
19946351 2365
19946387 33
19946411 1
19946411 25
19946417 4
19946449 1047
19946467 72
19946567 4
19946567 984
19946581 159
19946611 188
19946629 60
19946653 3
19946683 21
19946723 93
19946723 192
19946791 653
19946863 12
19946881 3419
19946893 560
19946909 24
19946963 1
19947071 1
19947121 2631
19947269 76
19947287 2812
19947349 3735
19947407 105
19947413 2287
19947479 264
19947491 184
19947517 3
19947523 5
19947731 1
19947731 84
19947757 8
19948031 24
19948057 272
19948073 27
19948073 532
19948091 2388
19948121 103
19948141 23
19948141 68
19948169 96
19948169 276
19948273 27
19948693 20
19948703 813
19948703 8308
19948763 337
19948823 3537
19948849 9104
19948867 533
19948867 597
19948931 1
19948931 205
19948979 1
19948997 4
19949029 207
19949047 8
19949093 168
19949201 16
19949249 31
19949269 12
19949351 2428
19949393 483
19949431 36
19949459 1
19949459 6909
19949473 3
19949543 1
19949561 3
19949603 1
19949723 7528
19949849 3640
19949863 1572
19950017 67
19950089 7
19950109 60
19950311 880
19950341 76
19950341 388
19950373 267
19950377 24
19950377 367
19950433 3
19950443 232
19950479 4
19950481 3
19950527 1029
19950569 147
19950647 4
19950773 9715
19950919 1457
19950947 189
19951039 324
19951039 2840
19951163 1
19951199 1
19951223 33
19951271 1
19951289 1632
19951313 3
19951369 887
19951369 2391
19951417 12
19951433 3
19951433 27
19951433 48
19951601 123
19951601 3736
19951637 6208
19951661 31
19951709 4
19951759 476
19951831 8
19951837 3
19952021 15
19952333 28
19952351 1
19952417 4
19952461 15
19952507 1404
19952519 1
19952531 220
19952573 3280
19952591 1
19952617 852
19952663 205
19952677 1199
19952719 161
19952719 8309
19952771 1588
19952789 135
19952887 17
19952893 3
19952921 63
19952923 8
19952927 709
19953001 488
19953137 2115
19953149 19
19953179 1
19953233 12
19953233 1771
19953317 3
19953317 43
19953341 435
19953383 1
19953407 117
19953499 1605
19953517 44
19953517 68
19953517 564
19953697 300
19953697 1212
19953793 12
19953821 180
19953979 4836
19954043 1
19954061 1119
19954061 3943
19954147 84
19954147 185
19954159 6197
19954163 1
19954169 484
19954177 24
19954183 101
19954183 165
19954217 27
19954223 1
19954241 16
19954241 255
19954283 1
19954321 36
19954357 3
19954439 1
19954439 1404
19954439 7032
19954573 1772
19954589 192
19954591 465
19954609 8231
19954619 1
19954681 8324
19954691 61
19954897 3
19954927 12
19954933 468
19955057 7
19955057 352
19955081 79
19955101 1460
19955137 87
19955141 111
19955147 4
19955167 77
19955209 3627
19955231 1
19955239 20
19955293 1680
19955387 4
19955407 5
19955497 3
19955539 1536
19955641 23
19955641 891
19955711 1
19955711 1756
19955717 243
19955737 8
19955759 1
19955779 260
19955843 1
19955861 16
19955893 267
19955933 220
19956043 8
19956067 12
19956067 2832
19956071 4
19956077 448
19956077 1107
19956119 25
19956133 4547
19956161 39
19956179 1
19956179 1057
19956179 1977
19956191 9
19956227 4
19956329 4
19956361 5139
19956389 15
19956481 8
19956557 19
19956641 4
19956757 104
19956799 44
19956857 19
19956917 7
19956917 1572
19956941 3
19956947 4
19956953 52
19957009 36
19957033 11
19957039 44
19957079 1
19957079 9
19957079 21
19957103 1
19957103 21
19957199 2485
19957243 3557
19957339 105
19957351 21
19957351 2613
19957363 5
19957363 176
19957373 43
19957373 1192
19957409 51
19957409 96
19957411 8
19957411 608
19957523 1
19957523 52
19957577 84
19957631 2448
19957727 4500
19957793 6036
19957807 440
19957811 49
19957811 1164
19957841 4
19957877 535
19957877 6115
19957921 63
19957921 344
19958039 8197
19958117 3
19958167 6513
19958219 1
19958287 8
19958333 7
19958359 156
19958443 5
19958483 12
19958483 1512
19958501 9055
19958539 5
19958557 84
19958567 117
19958591 240
19958621 1279
19958693 72
19958753 307
19958803 5
19958849 99
19958893 336
19958957 15
19958959 236
19959073 300
19959083 1
19959127 360
19959143 13
19959311 1
19959341 4
19959371 1348
19959409 27
19959431 16
19959463 456
19959473 7
19959509 4
19959517 108
19959767 13
19959773 436
19959773 8548
19959803 220
19959817 32
19959949 8199
19960009 951
19960009 1871
19960043 1
19960043 841
19960133 7
19960141 3
19960211 1
19960211 45
19960243 3353
19960307 4044
19960309 11
19960319 4
19960321 63
19960361 60
19960361 148
19960403 1
19960441 23
19960517 4
19960673 132
19960687 117
19960789 4004
19960799 1
19960819 5657
19960883 73
19960909 780
19960943 37
19960943 253
19961003 1
19961023 1161
19961069 559
19961099 1
19961141 1195
19961189 4
19961189 627
19961237 619
19961257 183
19961273 91
19961351 1
19961369 12
19961369 19
19961413 80
19961413 111
19961471 1
19961567 609
19961569 1092
19961581 3351
19961681 4
19961687 669
19961729 532
19961771 16
19961917 3
19961939 1
19962071 25
19962071 109
19962337 1880
19962461 48
19962463 41
19962463 116
19962463 3896
19962517 35
19962581 4
19962623 52
19962713 12
19962823 21
19962893 28
19962997 2003
19963037 4
19963121 3
19963193 3
19963259 1
19963259 25
19963271 205
19963277 3
19963277 7
19963367 513
19963373 8796
19963381 2556
19963403 97
19963429 2772
19963487 13
19963561 3828
19963577 1684
19963577 2124
19963577 5407
19963583 13
19963583 48
19963637 4
19963703 873
19963711 5
19963871 1
19963883 72
19963883 2020
19963973 1948
19963981 155
19964081 3
19964081 7684
19964099 184
19964159 1
19964261 3384
19964281 1071
19964297 348
19964317 27
19964333 87
19964339 9309
19964369 52
19964369 159
19964429 15
19964429 1387
19964447 7657
19964453 52
19964453 780
19964471 9
19964471 60
19964471 801
19964533 35
19964537 24
19964563 417
19964653 1107
19964677 3
19964677 6807
19964701 9071
19964741 15
19964753 7
19964761 15
19964933 2527
19964947 32
19964999 1
19964999 45
19965019 269
19965053 231
19965161 16
19965161 5563
19965161 5928
19965247 833
19965347 13
19965347 117
19965349 444
19965443 1
19965467 4
19965487 1493
19965487 2100
19965493 35
19965493 912
19965689 4
19965689 24
19965691 128
19965721 719
19965721 2931
19965731 60
19965853 656
19966021 35
19966031 1
19966091 1
19966327 9
19966351 5
19966363 53
19966393 140
19966423 116
19966439 4
19966601 16
19966649 24
19966651 84
19966657 3
19966711 8
19966711 20
19966747 24
19966811 1
19966811 4
19966811 36
19966841 1116
19966867 1053
19966897 8
19966901 343
19966927 489
19966931 1
19966931 25
19967089 291
19967107 24
19967107 48
19967173 36
19967203 36
19967263 2900
19967303 1
19967323 5456
19967357 3
19967357 39
19967371 5
19967371 8
19967411 1
19967459 1
19967459 5569
19967483 1
19967483 325
19967483 8680
19967581 1628
19967593 8
19967593 347
19967677 8
19967719 137
19967771 1560
19967881 35
19967881 7208
19968029 1591
19968041 1219
19968187 177
19968317 27
19968401 1959
19968521 135
19968581 391
19968631 513
19968671 1
19968671 1093
19968719 1
19968719 25
19968719 3912
19968731 24
19968731 33
19968737 9952
19968779 1
19968803 201
19968911 520
19968953 31
19969093 23
19969109 2539
19969349 120
19969421 439
19969489 15
19969489 531
19969493 7
19969511 1
19969519 5
19969633 47
19969637 207
19969639 17
19969667 4
19969769 7
19969769 16
19969769 216
19969793 51
19969799 4
19969843 8
19969913 88
19969913 1000
19969979 1
19969979 16
19970057 4
19970057 2248
19970117 24
19970177 3
19970177 28
19970219 2076
19970297 3
19970437 3692
19970449 24
19970459 1
19970459 36
19970527 32
19970551 4644
19970569 2235
19970669 39
19970669 171
19970677 3
19970681 4
19970689 11
19970711 4
19970719 665
19970849 724
19970897 1507
19970987 28
19970999 1
19970999 85
19971019 45
19971019 3540
19971047 168
19971101 91
19971181 20
19971197 60
19971239 925
19971421 39
19971577 20
19971599 1
19971599 381
19971599 565
19971607 189
19971643 77
19971683 1
19971761 15
19971857 3
19971947 9313
19972019 1
19972037 5908
19972063 188
19972063 1433
19972079 1
19972201 1764
19972259 1
19972261 5748
19972291 5
19972291 9
19972291 3521
19972369 984
19972423 21
19972523 1
19972529 1000
19972541 28
19972541 223
19972643 12
19972691 33
19972723 65
19972741 15
19972787 420
19972853 396
19972861 3323
19972889 16
19972913 3
19972951 8
19972957 80
19973029 119
19973059 36
19973071 5
19973111 40
19973119 272
19973137 8
19973143 77
19973171 1
19973171 165
19973171 6540
19973197 3
19973231 1
19973251 2196
19973263 45
19973293 8096
19973297 4
19973309 7
19973309 24
19973339 856
19973399 4
19973399 1665
19973423 5665
19973479 5
19973483 1
19973501 4
19973573 7
19973581 3
19973651 4
19973677 2747
19973699 1137
19973711 1
19973753 1716
19973809 107
19973813 376
19973819 81
19974049 8075
19974197 4
19974271 45
19974271 240
19974289 27
19974299 1
19974299 16
19974299 160
19974319 20
19974443 117
19974547 137
19974547 477
19974583 1260
19974593 3843
19974613 23
19974631 9545
19974637 72
19974683 1825
19974751 29
19974793 35
19974793 1083
19974797 999
19974817 24
19974821 40
19974827 13
19974901 123
19975049 12
19975199 1
19975199 40
19975237 240
19975379 1
19975411 3869
19975463 1
19975463 16
19975547 4
19975621 8243
19975699 65
19975757 3
19975843 5952
19975933 1440
19975993 251
19975999 12
19975999 264
19976057 4
19976093 3
19976149 12
19976149 1535
19976149 7739
19976171 24
19976179 101
19976387 3417
19976399 1
19976399 169
19976423 36
19976441 63
19976441 400
19976461 243
19976521 3
19976521 36
19976521 80
19976569 60
19976591 1
19976647 32
19976699 1
19976713 11
19976713 1371
19976767 272
19976783 1
19976807 60
19976899 92
19977019 7605
19977079 80
19977119 385
19977211 36
19977239 1
19977257 7
19977407 97
19977407 3184
19977421 500
19977511 5
19977511 7056
19977539 4
19977667 53
19977673 176
19977719 12
19977791 1
19977877 23
19977917 4
19977959 876
19978163 1
19978169 7
19978169 51
19978219 1296
19978267 12
19978271 49
19978307 9
19978307 40
19978313 483
19978333 3
19978351 20
19978393 36
19978393 1943
19978579 36
19978627 5
19978627 129
19978643 1
19978667 405
19978667 745
19978771 3593
19978817 3
19978837 8
19978843 2765
19978919 1
19978921 171
19978943 1
19979041 3
19979081 4
19979101 1544
19979117 547
19979143 21
19979161 36
19979213 135
19979243 1
19979257 444
19979299 1769
19979339 4
19979339 45
19979359 456
19979363 1
19979363 160
19979411 4
19979413 192
19979441 6811
19979497 24
19979527 53
19979537 3
19979611 3696
19979693 3
19979711 16
19979723 597
19979737 12
19979761 3696
19979783 1
19979891 4
19979929 2259
19980091 5
19980113 163
19980179 1
19980211 1020
19980293 8692
19980487 144
19980503 1
19980553 92
19980563 1
19980563 37
19980683 45
19980683 168
19980713 3
19980743 1
19980791 13
19980811 89
19980911 40
19980911 4948
19980959 4
19980973 96
19981057 12
19981139 12
19981139 625
19981151 100
19981151 144
19981151 336
19981163 1
19981183 77
19981183 3060
19981193 67
19981201 23
19981303 245
19981333 23
19981463 1
19981463 13
19981649 8784
19981693 11
19981697 3219
19981757 3
19981769 4
19981867 117
19981889 547
19981891 2765
19981937 88
19981979 4
19982093 3
19982093 12
19982317 3
19982461 219
19982519 4
19982527 5853
19982603 193
19982639 1
19982657 3
19982671 8
19982687 52
19982713 3
19982731 44
19982773 3
19982777 4
19982797 3140
19982899 12
19983011 1
19983157 1103
19983191 1
19983221 195
19983281 3
19983371 1
19983377 144
19983443 1
19983521 4
19983617 3
19983647 405
19983647 8352
19983673 3
19983787 8
19983853 792
19983893 147
19983893 6748
19983983 460
19984031 1
19984039 305
19984073 3
19984087 5
19984087 4944
19984117 6564
19984183 8
19984229 19
19984267 9
19984273 20
19984301 75
19984319 1
19984351 944
19984423 180
19984501 176
19984501 504
19984543 4800
19984609 527
19984633 32
19984663 5
19984747 9
19984831 20
19984859 2821
19984873 35
19984879 804
19984889 40
19984889 972
19985033 6592
19985051 1
19985179 1164
19985243 1
19985243 88
19985417 7
19985417 243
19985461 435
19985467 5
19985467 713
19985501 4
19985509 704
19985509 2276
19985521 671
19985617 4220
19985681 4
19985683 17
19985683 437
19985711 1
19985741 16
19985741 19
19985747 12
19985909 271
19985909 931
19986019 936
19986023 432
19986053 207
19986121 824
19986137 2079
19986251 25
19986251 120
19986251 313
19986331 1260
19986341 3
19986359 1
19986359 9
19986367 72
19986383 1
19986383 25
19986437 43
19986503 1
19986731 1
19986817 87
19986817 368
19986893 5452
19986983 76
19986983 3013
19987001 31
19987027 24
19987027 2852
19987091 1
19987129 12
19987151 21
19987283 1
19987283 1332
19987333 5180
19987379 85
19987403 7281
19987543 72
19987573 8
19987603 6876
19987663 6692
19987853 60
19987861 3
19987861 15
19987907 105
19987949 7
19987993 80
19988009 1452
19988083 600
19988099 1
19988099 1197
19988183 57
19988183 9540
19988233 212
19988237 9744
19988257 35
19988257 440
19988291 1
19988291 9
19988321 4
19988321 19
19988411 4
19988411 16
19988429 3424
19988467 8
19988477 4
19988509 71
19988519 1
19988567 2689
19988699 1165
19988783 13
19988783 465
19988833 15
19988951 88
19988977 15
19989037 32
19989037 480
19989061 215
19989071 1
19989103 8348
19989113 7
19989191 516
19989217 8067
19989239 1
19989247 249
19989253 8
19989329 16
19989329 247
19989337 5448
19989353 3
19989379 485
19989457 6248
19989503 1
19989559 17
19989727 300
19989751 8
19989763 33
19989817 23
19989817 195
19989839 1
19989839 25
19989887 9
19989887 13
19989887 5485
19989917 48
19989971 900
19989973 3
19990031 1
19990043 12
19990043 3097
19990111 56
19990129 32
19990153 327
19990163 1
19990163 177
19990171 1260
19990241 4
19990297 15
19990387 165
19990387 249
19990391 1
19990391 2568
19990433 175
19990499 1
19990513 383
19990559 1
19990559 16
19990561 20
19990577 3
19990577 280
19990583 1
19990591 5
19990591 468
19990613 15
19990637 48
19990639 2516
19990643 1
19990801 536
19990931 1
19990931 16
19991011 8
19991143 5
19991143 5660
19991161 11
19991161 291
19991189 67
19991219 121
19991227 189
19991299 5
19991327 325
19991339 16
19991423 100
19991429 1411
19991509 15
19991509 167
19991539 20
19991539 1797
19991549 3820
19991551 48
19991557 3
19991597 79
19991627 897
19991731 81
19991753 1596
19991801 3
19991989 44
19991989 107
19992001 11
19992233 2263
19992257 103
19992263 40
19992283 4920
19992347 232
19992367 8924
19992383 1
19992419 1
19992443 37
19992443 3573
19992491 88
19992491 1204
19992517 612
19992569 16
19992659 112
19992809 67
19992881 388
19992941 163
19992949 140
19992967 5
19993223 25
19993261 56
19993291 93
19993321 15
19993517 7
19993607 1300
19993661 3
19993777 3
19993777 5088
19993781 4
19993823 12
19993849 104
19993891 33
19993943 1
19993997 4
19993997 100
19994003 13
19994053 20
19994087 133
19994089 2991
19994131 5
19994281 59
19994309 3099
19994371 21
19994407 9
19994489 7
19994537 1519
19994551 305
19994647 4625
19994729 9084
19994831 21
19994879 1
19994879 3861
19994917 7599
19994959 257
19995113 27
19995113 75
19995253 276
19995329 120
19995343 5
19995343 1652
19995359 1
19995389 27
19995389 540
19995397 8
19995397 1163
19995439 36
19995439 8757
19995491 1
19995551 1
19995637 44
19995673 455
19995707 12
19995707 432
19995721 396
19995797 5283
19995863 1
19995869 7
19995889 551
19995889 3056
19996003 365
19996049 27
19996099 29
19996133 51
19996139 21
19996297 12
19996393 3
19996439 12
19996439 165
19996463 36
19996469 411
19996567 9
19996649 12
19996651 1041
19996789 20
19996831 9
19996831 413
19997017 3
19997027 313
19997093 9192
19997147 3913
19997251 29
19997267 2428
19997297 132
19997357 4332
19997399 72
19997413 2652
19997459 1
19997459 120
19997477 6628
19997533 107
19997597 1459
19997641 348
19997689 12
19997699 4
19997699 417
19997743 21
19997867 184
19997893 3
19997893 71
19997911 285
19997963 21
19998029 39
19998151 2204
19998163 12
19998353 535
19998373 27
19998403 108
19998479 1
19998481 4808
19998491 24
19998521 3
19998533 367
19998551 9
19998553 63
19998553 771
19998571 36
19998593 51
19998593 87
19998593 5196
19998617 28
19998677 12
19998677 7995
19998691 5
19998721 464
19998743 1
19998809 2587
19998877 12
19998899 1165
19998991 2765
19999069 15
19999207 152
19999283 33
19999297 507
19999307 849
19999321 4488
19999379 1
19999387 6329
19999439 21
19999481 339
19999537 3615
19999631 4
19999663 1737
19999697 40
19999697 744
19999739 72
19999891 4533
19999963 8
19999963 77
19999999 5
