24500027 1573
24500057 168
24500081 3
24500171 241
24500173 8
24500209 120
24500249 255
24500263 65
24500293 707
24500339 4336
24500381 3
24500381 39
24500381 388
24500381 1728
24500393 120
24500423 565
24500561 16
24500579 1
24500599 3516
24500683 8
24500803 53
24500831 1
24500837 1159
24500851 8
24500851 9
24500869 1899
24500869 9120
24500947 2408
24500963 6612
24500977 275
24501011 13
24501017 955
24501073 200
24501173 3
24501277 35
24501293 7
24501359 172
24501361 495
24501413 36
24501419 432
24501467 33
24501487 269
24501551 1
24501551 528
24501553 131
24501569 7
24501661 863
24501761 508
24501767 12
24501797 12
24501797 39
24502019 721
24502033 2295
24502063 12
24502097 760
24502141 3
24502157 12
24502157 2692
24502193 3
24502393 3
24502417 3
24502427 57
24502433 15
24502453 3
24502697 6960
24502717 72
24502747 825
24502823 1
24502859 16
24502949 4
24502949 27
24503021 3
24503041 11
24503071 20
24503093 15
24503123 1065
24503153 616
24503189 516
24503189 2700
24503207 2037
24503221 39
24503221 51
24503263 5
24503317 3
24503357 4959
24503393 8611
24503411 73
24503411 136
24503429 15
24503471 1
24503503 17
24503503 4325
24503573 7
24503573 480
24503603 1
24503603 145
24503621 4
24503621 1075
24503653 12
24503669 16
24503693 208
24503707 1932
24503719 20
24503719 1196
24503737 15
24503767 8477
24503771 61
24503797 6612
24503807 37
24503951 9
24503951 553
24503971 21
24504059 1
24504071 1
24504083 981
24504143 156
24504211 128
24504283 12
24504287 5448
24504329 7
24504329 24
24504329 67
24504329 84
24504329 2896
24504413 12
24504503 81
24504527 132
24504527 213
24504551 6556
24504607 8
24504611 1
24504611 124
24504643 6665
24504707 4
24504707 9
24504707 384
24504751 5508
24504827 85
24504899 1
24504941 3
24504947 48
24505009 15
24505009 2324
24505111 20
24505139 1
24505181 180
24505219 285
24505219 297
24505241 123
24505267 180
24505321 99
24505321 588
24505343 21
24505423 153
24505427 8652
24505499 64
24505597 4103
24505681 3
24505757 3427
24505919 52
24505967 105
24506021 48
24506051 4
24506051 129
24506093 28
24506101 3
24506123 21
24506159 37
24506249 171
24506281 3
24506281 59
24506387 144
24506453 3100
24506509 15
24506557 2219
24506591 1
24506591 96
24506597 19
24506621 1443
24506731 101
24506731 3368
24506819 1
24506837 48
24506897 60
24506897 100
24506899 29
24506899 360
24506939 85
24507023 1
24507071 4
24507079 92
24507079 177
24507103 20
24507107 13
24507113 340
24507179 72
24507181 3
24507181 8
24507191 24
24507239 1
24507269 3180
24507271 33
24507403 8
24507403 1356
24507403 1416
24507481 95
24507481 719
24507491 373
24507521 1336
24507529 35
24507529 287
24507547 12
24507559 2981
24507607 8100
24507643 92
24507649 816
24507667 32
24507683 3456
24507737 52
24507737 540
24507781 3
24507869 72
24507911 1
24507947 25
24507971 489
24508007 37
24508163 1
24508163 1440
24508241 24
24508327 9
24508349 15
24508381 15
24508417 35
24508481 39
24508511 3333
24508511 4188
24508531 564
24508637 5115
24508709 4
24508829 1099
24508831 168
24508871 273
24508873 95
24508907 840
24508937 3
24509041 3
24509057 3
24509117 147
24509141 5455
24509227 312
24509279 1
24509339 1
24509377 359
24509483 132
24509509 116
24509543 5485
24509687 7512
24509887 4497
24509909 1692
24509911 9
24510061 11
24510127 228
24510127 3440
24510139 20
24510173 36
24510197 3
24510257 4
24510257 24
24510263 40
24510289 180
24510389 4531
24510427 6128
24510449 6639
24510587 12
24510653 772
24510659 4
24510697 75
24510701 4
24510737 3460
24510749 12
24510749 16
24510791 400
24510791 745
24510793 7467
24510841 159
24510841 204
24510971 4
24510973 4308
24511051 753
24511073 4348
24511103 5601
24511183 8
24511321 2163
24511363 20
24511363 153
24511411 9
24511439 1
24511469 96
24511507 420
24511523 1
24511523 25
24511573 20
24511573 231
24511639 9225
24511681 3
24511681 935
24511961 424
24512069 16
24512183 172
24512209 6060
24512251 5
24512269 20
24512281 4340
24512303 1
24512311 21
24512329 35
24512347 57
24512347 6000
24512381 19
24512393 28
24512407 132
24512431 4233
24512471 24
24512531 4
24512531 49
24512539 164
24512591 508
24512591 981
24512633 271
24512669 55
24512669 99
24512693 28
24512707 29
24512819 2220
24512837 120
24513007 3477
24513017 4
24513061 156
24513077 27
24513079 69
24513191 4
24513233 363
24513241 3
24513241 8
24513241 315
24513299 1
24513319 5
24513383 1
24513403 5
24513403 21
24513409 12
24513409 47
24513557 2295
24513683 1
24513739 56
24513739 1385
24513761 3
24513803 1
24513947 9
24514003 5
24514079 1
24514111 96
24514129 3939
24514151 16
24514207 5
24514261 596
24514267 8
24514327 17
24514337 1443
24514363 1037
24514381 3
24514393 131
24514439 36
24514439 936
24514487 12
24514487 28
24514543 2040
24514547 2524
24514639 24
24514733 151
24514751 105
24514823 6277
24514829 4
24514939 1229
24514949 175
24515027 228
24515131 5
24515143 1113
24515219 205
24515279 1
24515287 444
24515321 96
24515329 936
24515369 15
24515419 36
24515531 28
24515653 428
24515753 7
24515753 756
24515797 32
24515983 125
24515983 1577
24516043 7461
24516047 69
24516097 339
24516241 516
24516259 12
24516353 7
24516361 35
24516473 280
24516491 1
24516577 23
24516637 287
24516637 8435
24516659 4569
24516673 5496
24516743 1
24516743 16
24516743 1080
24516761 420
24516851 1
24516871 5
24516953 3
24516971 93
24516997 8
24517021 7164
24517253 3
24517279 5
24517301 1188
24517351 4200
24517357 3
24517357 6935
24517433 3
24517463 1
24517489 11
24517607 469
24517613 36
24517637 4
24517637 483
24517667 1473
24517687 5
24517721 1323
24517741 3
24517781 4
24517813 15
24517991 1
24518051 1
24518083 2256
24518129 19
24518129 27
24518147 8280
24518209 2300
24518231 1924
24518243 1
24518243 156
24518317 3
24518339 1
24518371 2076
24518413 3
24518413 471
24518467 4745
24518509 7107
24518513 7
24518581 3
24518653 3
24518843 28
24518887 1149
24518917 159
24518933 123
24518939 4
24519137 3
24519137 9495
24519163 1097
24519163 9845
24519247 732
24519263 1
24519307 8
24519323 156
24519379 77
24519431 2080
24519533 175
24519533 1663
24519613 756
24519647 208
24519707 4
24519731 6765
24519827 717
24519841 3996
24519841 6368
24519997 1572
24520037 3
24520037 1584
24520087 3333
24520117 35
24520169 15
24520169 27
24520247 108
24520319 1
24520343 1
24520373 27
24520373 28
24520499 12
24520523 33
24520571 1
24520591 5
24520591 548
24520637 139
24520649 7
24520709 9055
24520729 1967
24520753 272
24520789 15
24520801 3
24520819 12
24520891 320
24520913 3
24521009 67
24521017 24
24521023 2337
24521069 12
24521087 33
24521087 3813
24521179 161
24521411 1
24521489 7
24521561 19
24521597 3
24521663 792
24521737 60
24521737 6959
24521807 4
24521831 144
24521927 9229
24521957 19
24522073 156
24522097 95
24522107 2848
24522167 1824
24522191 1
24522191 625
24522221 175
24522221 208
24522247 9
24522257 5988
24522317 12
24522389 3496
24522419 1
24522419 40
24522499 12
24522503 141
24522539 1
24522629 235
24522647 189
24522689 5016
24522697 3
24522727 5
24522791 240
24522833 52
24522833 667
24522907 93
24522913 11
24523181 31
24523199 49
24523277 112
24523321 44
24523349 1432
24523361 4
24523393 320
24523427 13
24523439 160
24523441 71
24523529 27
24523561 3
24523627 132
24523679 1
24523703 88
24523847 4
24523867 24
24523867 84
24523867 2208
24524021 79
24524033 3
24524063 16
24524063 81
24524173 3
24524243 1
24524309 4
24524327 129
24524329 51
24524351 4
24524351 424
24524359 201
24524389 747
24524411 4
24524419 4485
24524443 20
24524449 195
24524449 5244
24524593 231
24524651 1
24524657 4
24524699 97
24524713 123
24524789 87
24524791 5
24524909 7
24524911 5
24524917 8
24524939 49
24524947 1625
24524963 1
24524987 7389
24525103 1233
24525131 1
24525161 3
24525161 4
24525173 12
24525311 1
24525311 69
24525331 165
24525367 68
24525367 2772
24525377 4819
24525443 1
24525491 1
24525559 380
24525563 192
24525583 192
24525643 2540
24525673 47
24525707 2964
24525833 240
24525911 1
24525937 560
24525959 3072
24525989 7
24526009 495
24526031 1
24526031 13
24526031 109
24526091 1336
24526097 7699
24526127 1332
24526181 811
24526289 127
24526379 4
24526421 3
24526421 91
24526421 391
24526423 3797
24526423 3876
24526543 2192
24526553 3
24526589 4
24526627 12
24526687 45
24526693 8
24526693 108
24526787 13
24526919 1680
24526927 89
24526927 2253
24526927 7385
24526961 4
24527077 8
24527093 7
24527179 657
24527203 1133
24527281 651
24527297 24
24527401 635
24527473 3
24527473 11
24527497 327
24527509 35
24527513 3
24527527 65
24527527 857
24527543 1
24527563 5
24527597 7
24527609 96
24527771 1
24527807 4
24527807 25
24527807 52
24527807 112
24527897 2124
24527903 12
24527981 88
24528061 3
24528089 12
24528173 3
24528239 1
24528341 180
24528397 12
24528479 909
24528503 1
24528503 9141
24528551 1
24528589 2799
24528593 663
24528643 237
24528811 45
24528941 3675
24528991 5
24529013 87
24529031 2736
24529103 112
24529177 972
24529213 3
24529321 720
24529397 15
24529507 60
24529559 24
24529633 3
24529633 767
24529733 87
24529787 4929
24529819 209
24529859 4
24529873 95
24529919 1
24529933 4431
24530047 2292
24530057 1644
24530063 1005
24530087 13
24530183 1
24530257 12
24530281 8
24530281 176
24530299 189
24530347 269
24530383 2180
24530459 4
24530503 5
24530503 8
24530521 95
24530533 7835
24530591 4
24530603 108
24530687 1224
24530689 239
24530689 372
24530699 1
24530771 285
24530773 1932
24530783 1
24530971 213
24530977 6087
24531049 12
24531121 36
24531163 6581
24531217 12
24531233 3771
24531239 1
24531329 4
24531341 4
24531383 960
24531461 583
24531461 1399
24531511 149
24531583 1113
24531607 17
24531607 248
24531667 20
24531673 3
24531673 2583
24531737 27
24531737 724
24531763 308
24531847 252
24531847 612
24531877 8
24531877 5640
24531893 1020
24532009 12
24532153 11
24532159 1581
24532177 2684
24532177 5424
24532199 1
24532201 2640
24532223 1
24532267 648
24532271 8509
24532351 660
24532351 1601
24532399 560
24532451 1
24532549 195
24532549 9959
24532681 1020
24532691 33
24532733 7
24532841 99
24532901 844
24533021 3
24533027 12
24533039 1
24533051 28
24533053 3
24533071 5
24533099 25
24533099 84
24533167 1992
24533209 51
24533209 99
24533233 3
24533273 247
24533413 2775
24533417 3475
24533437 395
24533459 69
24533683 5
24533699 1
24533699 12
24533827 1713
24533843 21
24533891 33
24533903 5061
24533981 276
24534001 876
24534019 1157
24534079 5
24534089 231
24534091 5
24534101 591
24534109 227
24534131 16
24534173 127
24534197 15
24534259 540
24534287 25
24534287 40
24534331 5
24534397 12
24534421 1955
24534457 3
24534509 15
24534509 16
24534509 36
24534539 1
24534557 15
24534613 531
24534637 35
24534649 35
24534661 159
24534773 3
24534803 3421
24534817 8
24534911 4
24534929 4716
24534949 35
24535153 951
24535163 157
24535163 820
24535187 4
24535439 141
24535513 7451
24535673 36
24535697 3
24535697 4
24535801 4344
24535877 7
24535877 24
24535877 303
24535991 9
24535993 1331
24536093 7
24536131 29
24536231 6100
24536279 24
24536293 1011
24536387 28
24536401 156
24536453 16
24536461 3
24536489 36
24536497 8
24536537 3
24536537 3339
24536569 12
24536711 2233
24536749 324
24536777 43
24536921 28
24536921 135
24536947 9380
24536951 13
24536951 21
24536951 276
24536951 2785
24536971 5
24536971 44
24537043 8
24537083 1
24537119 1
24537119 24
24537119 61
24537127 5
24537199 20
24537257 7
24537263 1
24537263 1576
24537299 4
24537299 1249
24537323 1
24537329 19
24537329 252
24537353 7
24537377 3
24537421 8256
24537467 4
24537467 12
24537577 8
24537599 4116
24537761 31
24537761 96
24537769 6240
24537839 1
24537839 4
24537853 12
24537883 993
24537913 252
24537959 1
24537991 9
24538039 5
24538057 3
24538117 8
24538127 505
24538181 60
24538193 120
24538231 1100
24538243 36
24538247 52
24538271 49
24538313 520
24538331 1
24538331 3148
24538357 7127
24538373 1036
24538387 17
24538387 629
24538399 9
24538471 569
24538483 101
24538589 4
24538603 12
24538729 20
24538729 99
24538729 827
24538757 3
24538757 88
24538849 5091
24538883 5632
24538909 420
24538909 3612
24538919 12
24538957 128
24538979 4
24539063 100
24539117 1852
24539261 880
24539261 9024
24539363 856
24539387 3157
24539401 8
24539407 29
24539521 8
24539527 1340
24539587 788
24539617 8
24539617 44
24539623 48
24539623 8508
24539681 15
24539729 900
24539737 8163
24539759 1
24539759 16
24539783 52
24539821 35
24539831 4425
24539897 147
24539903 45
24539909 4
24539939 1
24539947 180
24539951 1
24539953 351
24540031 6621
24540073 188
24540169 39
24540179 660
24540331 21
24540353 3
24540359 4
24540359 81
24540359 841
24540391 5
24540391 2465
24540433 8
24540433 315
24540479 1
24540541 5231
24540613 792
24540631 9
24540631 233
24540683 1
24540739 5
24540781 20
24540821 9219
24540847 8
24540847 200
24540899 120
24541019 1
24541019 169
24541039 416
24541087 12
24541169 36
24541193 3
24541193 1600
24541403 1
24541469 4
24541507 840
24541513 47
24541603 2432
24541603 4640
24541633 8
24541633 567
24541763 1
24541763 960
24541771 20
24541813 3
24541831 765
24541871 213
24541963 176
24541963 192
24542051 204
24542057 4
24542201 244
24542321 3
24542351 1
24542351 61
24542351 3649
24542411 144
24542443 1593
24542537 3780
24542621 2940
24542627 1885
24542627 3040
24542839 236
24542933 16
24542941 3
24542941 5103
24542983 5
24543007 1020
24543059 1
24543061 3
24543143 1
24543163 152
24543191 376
24543221 7291
24543271 8
24543283 105
24543341 40
24543341 2331
24543361 3
24543377 2923
24543451 45
24543473 271
24543559 80
24543577 120
24543601 3
24543613 3
24543689 27
24543689 2092
24543719 1
24543787 4169
24543817 344
24543821 4
24543851 13
24543863 628
24543863 2752
24543881 3
24543923 1
24543983 1
24543997 3
24544057 2003
24544081 44
24544159 12
24544229 19
24544249 56
24544253 7
24544309 155
24544349 51
24544361 36
24544417 1043
24544577 4
24544633 6956
24544673 3
24544679 376
24544769 12
24545041 3
24545123 2641
24545153 12
24545231 1
24545243 933
24545267 4
24545351 4
24545351 69
24545369 312
24545567 1125
24545579 1429
24545657 19
24545699 132
24545713 9387
24545779 5
24545867 93
24545867 957
24545957 1564
24545993 235
24546013 15
24546019 29
24546029 135
24546097 3983
24546103 305
24546143 1
24546241 3
24546299 4
24546307 1800
24546343 140
24546377 48
24546437 7
24546539 100
24546547 624
24546551 1
24546551 60
24546607 1140
24546619 9917
24546653 5211
24546667 32
24546703 132
24546713 3
24546713 303
24546749 52
24546749 4675
24546779 12
24546887 405
24546913 3
24547087 12
24547093 192
24547093 2808
24547121 5779
24547123 240
24547123 512
24547213 948
24547277 72
24547331 961
24547387 180
24547403 1
24547429 15
24547531 20
24547571 1
24547571 85
24547573 35
24547573 8532
24547603 200
24547709 12
24547751 1
24547751 616
24547751 1288
24547801 288
24547823 1
24547823 117
24547823 573
24547843 12
24547849 92
24547871 1
24547979 237
24548033 8511
24548129 231
24548129 7996
24548137 12
24548213 12
24548219 52
24548219 76
24548287 48
24548317 3
24548339 1
24548423 1
24548443 7880
24548473 1032
24548479 249
24548533 15
24548533 35
24548549 135
24548581 1056
24548633 1276
24548633 5020
24548639 9
24548687 1528
24548701 711
24548759 1
24548759 2436
24548831 73
24548861 4
24548863 17
24548933 3
24548933 31
24548947 17
24548963 13
24548987 5553
24548989 12
24548989 3084
24549067 8
24549103 536
24549149 7
24549199 5
24549199 9
24549263 12
24549293 363
24549299 2572
24549337 104
24549359 144
24549367 537
24549379 5
24549443 1
24549451 188
24549541 4959
24549571 485
24549643 117
24549797 3
24549797 15
24549859 56
24549997 44
24550007 57
24550093 8
24550117 287
24550133 3
24550213 3
24550213 672
24550213 4160
24550219 77
24550231 113
24550231 3185
24550307 1585
24550333 1808
24550417 3
24550417 2015
24550433 3
24550441 3684
24550459 437
24550469 187
24550523 1
24550523 25
24550553 7
24550693 12
24550709 27
24550709 460
24550789 36
24550843 660
24550901 4615
24550919 1
24550987 852
24551003 1
24551057 15
24551159 409
24551207 64
24551231 1873
24551297 7
24551309 7
24551339 1
24551353 116
24551353 167
24551357 7480
24551441 3
24551479 89
24551491 3048
24551507 585
24551521 36
24551537 4
24551551 473
24551647 5
24551647 89
24551687 1504
24551803 168
24551837 4812
24551851 2349
24551873 220
24551873 1792
24551939 841
24551963 1
24551977 164
24552079 1881
24552137 4
24552179 1
24552179 4
24552263 12
24552271 636
24552277 2064
24552323 196
24552337 15
24552373 68
24552383 1
24552491 13
24552533 3
24552551 1
24552553 3027
24552611 7560
24552631 2000
24552637 3
24552721 1020
24552739 5
24552739 2517
24552761 4
24552817 7548
24552851 1
24552863 1008
24552901 3
24552901 15
24552949 11
24552953 2016
24552967 497
24553031 1
24553127 3969
24553229 4
24553273 20
24553393 176
24553421 16
24553439 1
24553439 4
24553447 72
24553603 617
24553637 40
24553741 1268
24553931 24
24553937 4
24553961 36
24554129 7
24554129 280
24554197 107
24554219 1
24554267 228
24554323 828
24554371 53
24554437 4088
24554521 3
24554581 248
24554779 197
24554819 9445
24554861 4456
24555073 3
24555143 1
24555203 1
24555203 2580
24555227 9
24555247 44
24555281 4995
24555313 3
24555313 20
24555359 25
24555413 1888
24555439 1296
24555481 279
24555493 3
24555493 63
24555493 623
24555631 36
24555659 1
24555659 1737
24555719 136
24555767 2877
24555781 3
24555821 4011
24555857 6808
24555893 12
24555893 5575
24555919 44
24555943 41
24555943 225
24556031 1861
24556057 15
24556057 48
24556319 1
24556319 12
24556319 144
24556409 55
24556579 497
24556601 199
24556601 531
24556603 36
24556603 2253
24556747 57
24556751 1
24556927 68
24556927 3308
24556943 1
24557003 1
24557003 5785
24557111 2353
24557119 140
24557131 269
24557167 5
24557191 89
24557303 1
24557311 45
24557311 65
24557311 7448
24557317 60
24557369 7567
24557383 5
24557413 1052
24557473 3
24557473 56
24557531 1
24557531 76
24557581 20
24557593 920
24557651 1
24557713 32
24557759 1
24557759 612
24557761 3
24557779 945
24557821 1371
24557839 24
24557849 655
24557873 516
24557999 1
24558059 1212
24558071 24
24558073 47
24558109 347
24558197 124
24558211 5
24558211 420
24558253 192
24558257 439
24558277 3
24558301 20
24558349 911
24558361 216
24558383 21
24558383 1480
24558509 1624
24558689 207
24558731 9585
24558797 8479
24559021 224
24559091 1
24559103 340
24559103 793
24559121 4984
24559189 12
24559279 41
24559541 3
24559583 1
24559583 133
24559687 609
24559919 1
24559921 320
24559933 120
24559937 12
24559937 63
24559993 3
24560111 1
24560131 1253
24560183 1
24560183 3421
24560201 4
24560203 5
24560227 108
24560227 2313
24560233 60
24560377 968
24560383 656
24560509 11
24560509 1884
24560513 6252
24560621 4
24560647 29
24560771 1
24560791 513
24560813 3
24560873 27
24560951 141
24560953 980
24561109 996
24561143 1
24561143 432
24561143 817
24561203 1
24561221 3
24561239 3897
24561239 4416
24561359 141
24561359 285
24561371 1
24561437 3
24561437 628
24561461 36
24561533 12
24561601 2699
24561679 156
24561679 417
24561709 1076
24561773 75
24561773 9660
24561781 48
24561781 3195
24561959 36
24561983 1
24562007 4
24562051 720
24562123 8
24562123 312
24562129 92
24562141 164
24562147 128
24562151 3420
24562177 2075
24562249 12
24562289 459
24562289 3400
24562327 8
24562337 4
24562337 39
24562393 35
24562397 460
24562427 309
24562511 1
24562553 72
24562553 123
24562553 300
24562583 216
24562621 488
24562621 1059
24562639 7832
24562679 7816
24562693 536
24562871 1
24562883 16
24562891 101
24562981 8
24563117 4
24563137 39
24563137 87
24563207 3753
24563251 5
24563263 5
24563267 4
24563311 4268
24563393 151
24563401 591
24563527 632
24563531 121
24563533 48
24563533 492
24563659 9
24563681 51
24563683 12
24563699 12
24563717 3
24563719 209
24563719 1176
24563809 4680
24563921 28
24563923 5
24563969 2695
24563993 132
24563999 1
24564011 48
24564077 367
24564101 216
24564139 5
24564149 2640
24564347 37
24564403 20
24564457 543
24564499 4512
24564563 57
24564569 4
24564569 16
24564577 8063
24564581 15
24564581 99
24564581 219
24564583 4437
24564641 135
24564671 865
24564697 3348
24564751 884
24564821 16
24564893 2272
24564901 980
24564977 19
24565007 4
24565031 1
24565297 3080
24565339 5
24565351 5
24565351 261
24565487 1257
24565487 4920
24565511 1
24565693 347
24565729 4907
24565747 5
24565777 192
24565843 5
24565883 1140
24565907 9664
24565979 1
24566111 21
24566119 240
24566159 1
24566159 1432
24566407 20
24566543 1
24566543 13
24566543 625
24566603 25
24566629 9044
24567043 33
24567047 4
24567161 3180
24567173 7
24567281 3
24567313 6756
24567377 43
24567383 2665
24567581 1143
24567643 1917
24567691 1176
24567721 3
24567731 9
24567731 24
24567773 288
24567847 144
24567857 232
24567859 180
24567899 3760
24567971 5640
24568001 1080
24568087 389
24568217 147
24568283 1
24568319 141
24568331 1
24568331 2209
24568373 16
24568441 83
24568477 3
24568493 87
24568513 3
24568517 55
24568517 2127
24568529 1504
24568561 3800
24568561 9060
24568679 1
24568783 5
24568783 21
24568811 1
24568811 28
24568811 61
24568877 7123
24568879 17
24568879 2525
24568897 63
24568981 3
24568987 6173
24569023 45
24569023 501
24569117 147
24569141 76
24569141 4371
24569179 5
24569191 156
24569201 31
24569231 4
24569273 216
24569339 1
24569339 8797
24569357 7
24569431 24
24569449 84
24569459 1
24569491 164
24569507 165
24569569 60
24569689 15
24569807 4
24569807 1080
24569843 1
24569849 4
24569851 444
24569851 9236
24569893 15
24569969 31
24569999 1
24570053 3
24570053 2643
24570179 1
24570239 81
24570269 12
24570313 143
24570347 4
24570409 20
24570443 1
24570487 5
24570541 3
24570583 1173
24570589 11
24570619 65
24570677 3
24570719 4
24570719 132
24570737 139
24570737 2235
24570811 24
24570811 153
24570911 289
24570913 32
24570929 1735
24570943 8
24571021 3
24571051 8
24571073 1096
24571139 1
24571187 189
24571231 341
24571231 6513
24571249 2375
24571321 11
24571321 4640
24571331 1
24571331 264
24571369 512
24571411 404
24571549 632
24571559 136
24571627 72
24571661 4543
24571691 1
24571931 36
24571931 1209
24571993 83
24572029 287
24572039 1
24572039 4
24572083 240
24572167 2205
24572173 51
24572237 7
24572411 4
24572411 16
24572417 3
24572417 15
24572417 55
24572417 132
24572417 763
24572467 12
24572503 117
24572563 245
24572573 12
24572617 48
24572693 3963
24572759 1
24572759 3585
24572839 1689
24572861 904
24572927 13
24572959 21
24572971 5
24573011 349
24573047 49
24573071 1
24573127 197
24573193 12
24573209 76
24573257 4
24573281 855
24573337 1764
24573337 4364
24573377 12
24573383 1600
24573443 12
24573457 15
24573463 1173
24573529 464
24573539 4092
24573599 9
24573599 25
24573599 1789
24573629 552
24573641 391
24573709 15
24573779 484
24573839 1021
24573863 1
24573863 6597
24573929 55
24574003 12
24574003 5000
24574079 69
24574141 224
24574169 3504
24574237 344
24574243 1740
24574409 51
24574447 620
24574519 24
24574523 1
24574523 8428
24574531 645
24574567 812
24574631 261
24574681 3
24574727 24
24574747 324
24574763 4213
24574799 4
24574811 1
24574819 9420
24574841 868
24574859 601
24574897 107
24574897 360
24574903 180
24574969 12
24574969 299
24575077 35
24575077 263
24575087 88
24575101 63
24575191 269
24575263 21
24575311 5
24575333 7
24575357 3
24575423 1
24575423 2341
24575459 1
24575461 8
24575483 48
24575483 1536
24575527 32
24575549 4
24575641 1968
24575711 828
24575713 863
24575743 341
24575819 1
24575827 20
24575827 213
24575849 316
24575899 312
24575909 36
24575917 8
24575951 1
24575953 5603
24576113 3
24576143 3916
24576187 9
24576197 4
24576283 5
24576649 387
24576689 135
24576689 184
24576697 15
24576701 6084
24576731 429
24576743 93
24576749 15
24576751 9
24576787 17
24576787 53
24576803 1
24576803 925
24576887 1228
24576947 4
24576971 484
24577039 36
24577043 1
24577061 844
24577109 1216
24577153 3
24577169 39
24577253 12
24577253 4200
24577391 1
24577433 12
24577463 1
24577481 444
24577607 4
24577673 4228
24577727 393
24577739 9105
24577781 295
24577831 1028
24577909 1091
24577921 308
24577939 12
24577967 3133
24578003 840
24578041 3
24578063 1
24578111 333
24578219 141
24578233 8771
24578317 27
24578339 360
24578417 8368
24578479 4421
24578497 24
24578531 13
24578531 40
24578563 56
24578663 1
24578699 1392
24578713 92
24578713 1547
24578783 1
24578849 16
24579109 24
24579197 700
24579301 60
24579329 4435
24579361 2003
24579463 17
24579473 51
24579551 828
24579551 1885
24579563 1981
24579589 6020
24579593 52
24579613 23
24579631 21
24579727 332
24579761 3
24579799 240
24579881 3
24579953 4495
24580009 776
24580019 5481
24580057 4163
24580121 3
24580151 4
24580151 4884
24580163 1213
24580211 4
24580211 588
24580253 1155
24580301 4
24580301 16
24580301 495
24580333 147
24580333 308
24580397 2152
24580553 16
24580553 4935
24580601 3
24580601 19
24580747 2577
24580763 1
24580763 1401
24580883 1
24580937 12
24581093 1852
24581113 1172
24581189 7879
24581281 6479
24581287 5088
24581339 1
24581341 23
24581377 144
24581461 60
24581467 9
24581467 5417
24581527 992
24581551 48
24581581 3
24581651 4
24581651 16
24581699 1
24581863 2777
24581957 124
24581971 344
24582079 1785
24582149 4
24582191 1
24582191 756
24582211 9
24582223 12
24582263 456
24582277 8
24582317 72
24582317 3780
24582379 129
24582379 1316
24582449 235
24582529 47
24582539 5676
24582563 148
24582563 1701
24582757 4304
24582793 3
24582797 7
24582797 6640
24582809 31
24582839 345
24582871 153
24582913 1328
24582953 3
24582959 72
24582967 164
24583051 21
24583099 9
24583147 9197
24583193 4120
24583423 5
24583463 492
24583469 127
24583529 4
24583529 6900
24583541 1855
24583609 56
24583661 40
24583661 3964
24583697 412
24583807 12
24583829 760
24583877 3
24583877 115
24583877 139
24583877 4015
24583919 2197
24584111 36
24584123 1
24584201 3
24584291 1
24584299 1356
24584453 7
24584471 1
24584477 475
24584509 1400
24584597 28
24584621 504
24584921 4
24584927 1977
24585007 5
24585053 27
24585079 12
24585109 32
24585251 1
24585299 1
24585299 4
24585401 16
24585467 40
24585467 6273
24585577 3
24585581 3268
24585611 393
24585661 36
24585703 2292
24585721 2339
24585739 156
24585887 64
24585959 40
24585959 684
24586013 2727
24586027 1073
24586073 112
24586099 5
24586141 3
24586151 4
24586151 1905
24586189 455
24586207 53
24586279 1641
24586283 1
24586337 5200
24586351 2229
24586451 9
24586469 31
24586481 7723
24586561 3
24586633 128
24586697 28
24586711 45
24586831 840
24586889 4
24587029 3384
24587111 9
24587111 1116
24587263 120
24587267 45
24587369 135
24587377 444
24587377 539
24587377 3420
24587417 72
24587419 1020
24587429 556
24587477 3
24587489 1267
24587503 657
24587587 65
24587597 3
24587611 6393
24587687 85
24587687 2317
24587777 72
24587903 12
24587923 1712
24588013 3
24588019 5
24588019 660
24588019 2540
24588037 3
24588037 347
24588037 1452
24588049 9099
24588059 1
24588077 139
24588121 411
24588163 8
24588251 13
24588281 435
24588407 4
24588437 3
24588439 5
24588467 1989
24588481 8
24588617 4
24588631 333
24588719 12
24588721 135
24588887 12
24588959 96
24589049 531
24589049 4684
24589073 5391
24589121 1248
24589133 2535
24589207 509
24589207 629
24589261 80
24589289 75
24589337 6768
24589339 7229
24589351 44
24589547 1333
24589573 20
24589573 168
24589589 175
24589639 141
24589657 8
24589703 1456
24589703 2173
24589739 1
24589739 85
24589751 1
24589813 3
24589849 24
24589849 3176
24589889 307
24589997 784
24590003 6693
24590053 3
24590063 1
24590213 3
24590213 1675
24590233 527
24590303 73
24590387 4
24590399 12
24590431 8
24590431 201
24590441 463
24590443 17
24590491 1245
24590507 325
24590603 121
24590663 141
24590737 20
24590827 260
24590833 8832
24590873 3
24590953 3
24590957 339
24590981 4
24591131 36
24591139 924
24591179 4
24591269 231
24591283 165
24591383 1
24591409 819
24591419 1
24591419 16
24591533 1500
24591667 20
24591701 823
24591751 221
24591961 11
24591977 952
24592103 1
24592109 4
24592109 24
24592151 61
24592163 196
24592189 587
24592193 27
24592241 5176
24592279 1121
24592361 48
24592409 4
24592411 5
24592411 5621
24592501 1404
24592613 7
24592657 3
24592691 4
24592759 9
24592769 7
24592807 5
24592807 3600
24592823 13
24592823 16
24592871 16
24592873 107
24592933 116
24592949 100
24592993 1707
24592993 6312
24593059 41
24593167 3173
24593209 4940
24593293 9051
24593483 900
24593497 3
24593531 1
24593573 1183
24593587 32
24593587 1268
24593609 684
24593651 76
24593651 376
24593651 2524
24593707 5
24593707 137
24593741 240
24593837 1444
24593879 577
24593911 2925
24593957 315
24594047 940
24594047 7017
24594131 4
24594179 1456
24594263 25
24594343 813
24594343 1901
24594403 8
24594457 3
24594463 8
24594463 92
24594467 472
24594467 2629
24594511 681
24594511 3453
24594587 168
24594587 3469
24594671 124
24594707 3549
24594821 3051
24594887 13
24594901 3
24594901 3500
24594989 664
24595009 47
24595009 84
24595019 1
24595037 27
24595037 8628
24595057 488
24595093 8
24595189 2895
24595229 27
24595357 3
24595387 89
24595387 320
24595423 12
24595423 233
24595511 4
24595511 504
24595553 3
24595589 39
24595591 153
24595619 1
24595667 1273
24595723 972
24595843 113
24595847 205
24595867 8
24595897 92
24595931 1629
24595943 21
24595997 192
24595997 8352
24596029 956
24596071 8228
24596107 4217
24596119 20
24596119 137
24596213 28
24596233 243
24596291 76
24596417 15
24596461 1079
24596497 3
24596519 180
24596543 12
24596617 2015
24596647 5
24596711 1
24596711 1324
24596713 56
24596713 996
24596777 4
24596777 55
24596893 92
24596899 5
24596899 104
24596983 1620
24597029 9592
24597071 1
24597173 3
24597179 12
24597227 133
24597257 63
24597319 5
24597379 140
24597383 408
24597427 12
24597451 845
24597721 84
24597743 16
24597743 352
24597751 24
24597821 4
24597899 1
24597901 8
24597901 68
24597907 3980
24597919 9
24597977 823
24598019 4
24598157 7539
24598243 32
24598361 3
24598363 20
24598381 140
24598417 3
24598417 8
24598417 23
24598421 51
24598489 407
24598619 165
24598781 2739
24598859 3877
24598879 564
24598919 2821
24599023 5
24599033 31
24599041 8
24599131 149
24599143 4217
24599207 9
24599273 48
24599317 1568
24599359 60
24599381 3
24599381 2475
24599411 253
24599423 325
24599479 41
24599521 48
24599537 1668
24599557 7992
24599567 45
24599639 4
24599777 475
24599807 9
24599807 204
24599807 3148
24599819 1
24599929 12
24599933 607
24599947 93
24600077 3
24600157 623
24600203 1
24600203 1117
24600239 1
24600337 8
24600361 636
24600491 49
24600551 2713
24600971 45
24600971 3645
24601001 4
24601013 52
24601051 21
24601177 495
24601211 2421
24601273 8
24601319 1
24601319 4
24601387 29
24601399 3756
24601399 5985
24601457 3
24601477 3
24601481 36
24601531 5
24601531 9
24601537 360
24601573 3
24601777 3
24601793 3
24601861 95
24601861 444
24601909 84
24601991 1
24602089 1211
24602143 153
24602159 9
24602159 196
24602161 11
24602161 119
24602183 1
24602257 68
24602257 252
24602261 40
24602339 1
24602363 153
24602483 196
24602507 57
24602563 5
24602563 80
24602783 1
24603017 808
24603017 903
24603053 411
24603053 2371
24603101 1060
24603127 252
24603197 3
24603269 112
24603317 6475
24603331 53
24603349 1559
24603361 471
24603379 1617
24603443 201
24603637 2163
24603671 1
24603671 25
24603809 24
24603823 392
24603899 1
24603937 6788
24603949 1947
24604009 11
24604057 84
24604201 195
24604379 1
24604379 4176
24604511 1
24604609 12
24604691 384
24604841 3
24604919 3961
24604973 1152
24605081 15
24605099 1
24605131 36
24605179 5
24605201 784
24605201 1359
24605213 136
24605233 2663
24605237 2679
24605527 8
24605527 72
24605531 1468
24605639 21
24605657 7
24605873 840
24605879 1269
24605897 4492
24605981 16
24605983 152
24606079 245
24606137 39
24606137 40
24606161 64
24606227 105
24606227 505
24606371 40
24606371 100
24606383 540
24606397 3
24606403 1305
24606493 312
24606511 3696
24606581 5200
24606583 252
24606671 1
24606677 520
24606773 3
24606781 20
24606853 3
24606917 3
24607391 9
24607391 6933
24607441 3
24607487 825
24607487 2080
24607501 3
24607501 11
24607549 324
24607607 9
24607657 3
24607669 24
24607711 9
24607727 28
24607771 24
24607909 1200
24607937 3
24608009 12
24608029 11
24608033 3
24608093 3372
24608113 176
24608201 4
24608447 73
24608453 3
24608461 75
24608471 49
24608527 489
24608531 8113
24608561 4
24608659 92
24608659 225
24608687 628
24608693 15
24608879 1
24608879 3924
24608891 9
24608929 1875
24608981 183
24609017 5112
24609157 3
24609187 1337
24609283 668
24609289 195
24609323 1
24609323 1288
24609359 36
24609367 384
24609383 2560
24609419 921
24609433 3
24609433 36
24609463 8
24609493 608
24609521 36
24609743 1
24609841 8
24609887 489
24609887 949
24609899 1
24609899 24
24609929 7
24609941 5875
24609947 12
24610097 63
24610121 3
24610121 2440
24610189 44
24610219 92
24610259 1
24610303 32
24610331 1
24610379 12
24610379 384
24610423 101
24610451 1
24610583 1
24610637 4
24610673 2443
24610723 488
24610739 1
24610753 72
24610891 21
24610961 4
24610967 300
24610969 2084
24610997 3
24610997 8355
24611047 12
24611047 80
24611047 3333
24611051 184
24611063 1
24611063 12
24611299 957
24611329 179
24611399 1
24611413 291
24611497 272
24611539 20
24611539 537
24611599 17
24611599 561
24611647 612
24611777 60
24611809 200
24611893 20
24612127 708
24612127 3224
24612253 8
24612337 524
24612359 1
24612373 8
24612409 1356
24612421 128
24612433 840
24612703 132
24612713 9687
24612779 1
24612827 357
24612839 1
24612859 3029
24612953 567
24613067 4
24613087 2888
24613153 60
24613159 5
24613223 4252
24613241 3
24613423 81
24613447 1484
24613487 37
24613487 9013
24613507 405
24613627 6713
24613639 5
24613741 699
24614027 28
24614123 1
24614123 217
24614123 276
24614167 129
24614197 27
24614221 84
24614221 779
24614281 3
24614357 603
24614383 80
24614389 287
24614399 1
24614423 1
24614501 4
24614501 219
24614581 4296
24614587 29
24614693 36
24614803 5
24614809 24
24614809 636
24614813 28
24614839 4184
24614911 21
24614911 216
24614951 1
24614951 4
24614957 220
24614983 5
24615109 44
24615131 616
24615179 1
24615187 32
24615233 75
24615251 304
24615281 15
24615301 248
24615301 644
24615341 8676
24615377 1084
24615401 3928
24615467 4
24615511 44
24615529 1079
24615533 531
24615533 4207
24615601 44
24615667 5237
24615839 1005
24615923 121
24615923 1137
24616093 3
24616127 9
24616133 12
24616147 9
24616199 1
24616337 420
24616351 8
24616351 381
24616399 32
24616453 896
24616469 252
24616531 608
24616643 1225
24616667 48
24616681 3
24616699 5361
24616703 1
24616763 8512
24616771 5
24616783 2753
24616859 1
24616859 4
24616871 901
24616903 588
24616993 3872
24617041 39
24617059 41
24617083 68
24617093 280
24617213 808
24617213 8455
24617231 1
24617273 51
24617287 2400
24617347 317
24617399 16
24617399 52
24617419 440
24617459 1
24617471 1
24617497 3
24617531 1
24617591 1
24617591 1681
24617611 53
24617641 588
24617669 132
24617699 1
24617699 21
24617737 15
24617849 4
24617891 28
24618029 67
24618161 16
24618233 208
24618299 1105
24618311 280
24618313 4320
24618343 6152
24618359 3796
24618439 317
24618719 1
24618779 8265
24618827 13
24618877 1004
24618911 1
24618943 3461
24618953 3
24619027 12
24619033 3
24619061 295
24619061 664
24619109 232
24619157 3
24619181 100
24619207 92
24619237 15
24619291 401
24619339 1820
24619391 48
24619501 3
24619501 15
24619571 1
24619597 39
24619627 9
24619631 1
24619643 1
24619759 5
24619841 91
24619943 2080
24619979 1
24619993 3
24619993 27
24620023 257
24620039 9
24620077 23
24620137 32
24620177 823
24620179 4169
24620191 2301
24620243 1
24620303 76
24620543 13
24620543 928
24620581 3
24620657 4
24620657 559
24620663 37
24620663 88
24620699 21
24620699 97
24620711 9
24620747 37
24620837 24
24620861 36
24620891 9
24620891 16
24620993 3
24621019 156
24621031 161
24621119 1
24621119 1740
24621143 36
24621251 288
24621269 4
24621329 4
24621329 784
24621341 3
24621427 237
24621599 1764
24621631 3780
24621677 103
24621731 1
24621743 1
24621889 459
24621889 1919
24621923 1
24621931 20
24621977 364
24621977 375
24621997 95
24622021 44
24622027 4304
24622067 4
24622163 4012
24622201 2520
24622207 3308
24622237 1620
24622261 3
24622261 164
24622267 273
24622289 115
24622319 7005
24622387 5
24622387 9
24622441 3
24622441 8
24622441 131
24622457 15
24622547 12
24622583 1
24622583 273
24622583 460
24622621 3
24622639 5
24622667 13
24622691 4
24622709 5871
24622751 1
24622831 104
24622847 4
24622847 520
24622859 984
24622859 9205
24622907 4
24622907 189
24622937 4
24623017 3
24623023 20
24623023 221
24623113 8
24623279 1
24623303 1
24623383 1640
24623387 4
24623399 1497
24623567 228
24623569 167
24623569 1407
24623569 4956
24623587 3137
24623603 1
24623681 1231
24623713 3
24623713 611
24623743 56
24623801 295
24623839 20
24623843 1
24623887 20
24623917 4308
24623923 21
24623947 248
24623971 29
24624043 192
24624059 4
24624077 3
24624179 4132
24624239 4
24624307 2333
24624343 140
24624367 33
24624367 4032
24624371 4
24624373 108
24624373 3287
24624377 27
24624497 280
24624503 277
24624533 7
24624553 3
24624553 83
24624601 2624
24624601 7560
24624631 20
24624631 44
24624643 140
24624643 341
24624751 140
24624793 11
24624833 6603
24624997 83
24625033 87
24625037 3
24625037 3315
24625127 6000
24625141 531
24625409 40
24625417 3
24625451 921
24625477 8
24625583 1585
24625619 1
24625631 1
24625651 113
24625703 1081
24625759 5
24625819 2724
24625823 1
24625823 4305
24625907 40
24625933 3
24625963 12
24625963 1677
24626093 31
24626099 4
24626153 4776
24626197 204
24626209 12
24626219 49
24626237 1603
24626333 1003
24626341 3
24626341 3884
24626447 13
24626509 599
24626551 5
24626551 273
24626809 11
24626843 2061
24626891 4
24626891 16
24626957 3
24627023 1
24627151 429
24627193 900
24627263 388
24627371 156
24627371 7744
24627419 1
24627479 16
24627521 39
24627527 3352
24627613 1148
24627719 1
24627817 3
24627887 385
24627959 240
24628001 75
24628007 60
24628063 7665
24628129 15
24628157 27
24628213 791
24628271 25
24628277 67
24628277 1452
24628283 48
24628361 111
24628363 21
24628369 767
24628447 8
24628481 3775
24628493 2595
24628531 404
24628559 4
24628573 3
24628589 8440
24628603 5
24628613 15
24628619 1
24628649 4
24628649 219
24628679 4
24628727 2709
24628841 3
24628841 40
24628843 512
24628867 5
24628889 679
24628889 4312
24628927 369
24628927 392
24628991 1
24629029 131
24629057 27
24629057 4828
24629117 4
24629183 76
24629191 5
24629249 1120
24629303 100
24629317 7443
24629351 13
24629351 21
24629357 1939
24629393 48
24629399 1
24629417 9660
24629783 7536
24629809 5259
24629861 3
24629881 188
24629887 204
24630097 3
24630101 208
24630149 4
24630149 715
24630173 300
24630187 1332
24630233 3
24630233 12
24630259 5
24630311 1
24630371 4
24630371 1249
24630391 2829
24630409 15
24630413 1111
24630481 3708
24630691 29
24630733 3075
24630737 12
24630757 3
24630817 84
24630817 488
24630899 1
24631001 520
24631001 7128
24631039 5
24631051 2324
24631051 5708
24631067 64
24631109 7084
24631151 1
24631151 49
24631157 3
24631231 48
24631253 783
24631319 1
24631319 40
24631361 3
24631417 75
24631463 16
24631571 36
24631681 3
24631699 200
24631723 8
24631741 191
24631757 4
24631757 3279
24631883 300
24631951 140
24631967 9
24631979 1
24632033 3
24632033 16
24632033 40
24632039 117
24632093 72
24632143 7560
24632207 4957
24632389 12
24632389 1580
24632401 1431
24632411 321
24632449 140
24632449 2556
24632467 153
24632467 309
24632537 343
24632767 125
24632821 3
24632831 45
24632887 12
24632921 3
24632921 924
24632963 8053
24633073 4568
24633319 9
24633341 619
24633403 92
24633431 6073
24633449 19
24633463 1028
24633463 2616
24633517 8
24633523 21
24633523 276
24633599 12
24633599 4249
24633733 851
24633737 1887
24633827 268
24633827 3280
24633911 609
24633913 3
24633953 12
24634187 325
24634229 40
24634321 155
24634349 952
24634397 123
24634433 7
24634459 161
24634459 404
24634471 5
24634487 72
24634529 4
24634537 1143
24634573 27
24634573 36
24634579 869
24634639 284
24634693 3
24634769 4
24634823 160
24634823 177
24634901 4
24634927 384
24634997 7
24635101 8
24635183 1
24635189 279
24635201 175
24635293 15
24635459 4
24635459 7372
24635537 3
24635593 852
24635687 12
24635701 444
24635773 47
24635813 723
24635843 97
24635851 9
24635867 37
24635893 687
24635939 1
24635939 2040
24636097 24
24636127 68
24636127 89
24636187 960
24636187 5693
24636187 7200
24636239 3757
24636263 1
24636263 148
24636389 264
24636397 200
24636461 19
24636539 1741
24636539 8092
24636569 1144
24636617 7
24636659 3109
24636719 1
24636769 60
24636853 3
24636947 160
24636949 47
24636949 4172
24637007 4
24637027 144
24637073 1063
24637087 92
24637141 3
24637147 857
24637273 3
24637297 155
24637363 693
24637363 893
24637387 5
24637387 7125
24637391 1
24637451 24
24637507 1293
24637511 9
24637511 1621
24637517 27
24637583 1
24637583 705
24637643 25
24637693 5495
24637727 4293
24637883 1
24637891 41
24637891 2808
24637897 4407
24638051 1
24638101 624
24638123 1
24638177 268
24638179 9
24638209 15
24638249 12
24638249 40
24638279 1
24638279 1465
24638297 1599
24638347 8
24638351 4
24638351 121
24638443 3105
24638461 35
24638563 5
24638567 469
24638597 2119
24638837 28
24638851 1196
24638891 1
24638993 708
24639019 84
24639091 401
24639107 4
24639119 1
24639119 5497
24639149 2784
24639157 23
24639193 7620
24639269 159
24639283 177
24639289 615
24639331 1244
24639337 1064
24639367 65
24639413 16
24639469 107
24639581 7083
24639691 41
24639697 63
24639709 3692
24639809 496
24639829 39
24639829 2067
24639841 3
24639929 15
24639929 7456
24639959 4
24639977 12
24640003 32
24640019 724
24640027 180
24640087 1572
24640151 1
24640151 2469
24640151 9993
24640241 1059
24640309 524
24640411 8988
24640453 1523
24640487 973
24640501 284
24640513 1143
24640519 309
24640579 3221
24640607 304
24640711 9
24640757 40
24640823 1
24640907 24
24640949 87
24640951 1604
24641003 1
24641167 140
24641179 44
24641191 329
24641219 4
24641413 15
24641431 4125
24641549 60
24641587 245
24641641 416
24641641 1116
24641641 6435
24641647 9
24641647 53
24641647 2564
24641663 1
24641719 32
24641791 5
24641849 39
24641893 12
24641923 5
24641951 13
24642049 12
24642089 280
24642089 6220
24642229 11
24642251 1
24642251 165
24642263 1
24642307 3728
24642329 19
24642341 24
24642349 71
24642377 3
24642511 176
24642529 15
24642529 255
24642557 4
24642623 97
24642643 5
24642671 5244
24642691 1185
24642749 36
24642757 3
24642833 535
24642869 2100
24643111 1913
24643111 4769
24643163 1
24643163 933
24643169 4
24643193 72
24643279 200
24643291 9
24643303 453
24643313 9867
24643547 5629
24643669 1644
24643679 25
24643691 1
24643721 3
24643777 428
24643783 20
24643891 1833
24643907 397
24643967 2040
24643967 6312
24644119 60
24644219 1
24644227 129
24644251 93
24644341 131
24644351 1
24644381 16
24644393 36
24644423 240
24644453 88
24644471 4
24644651 780
24644699 1
24644717 6415
24644773 111
24644777 67
24644857 519
24645007 744
24645013 11
24645073 1140
24645083 1
24645091 45
24645221 3
24645251 16
24645253 11
24645287 72
24645431 16
24645463 17
24645473 372
24645619 24
24645623 1
24645623 540
24645739 5
24645757 84
24645779 1
24645787 120
24645823 117
24646003 65
24646003 333
24646093 32
24646117 1295
24646253 3
24646261 95
24646313 52
24646343 4576
24646411 8
24646411 108
24646423 836
24646513 3
24646529 495
24646871 4
24646873 12
24646873 48
24646913 63
24646913 3888
24646943 1
24646981 8
24646981 15
24647003 180
24647003 360
24647039 1
24647039 5325
24647087 385
24647167 7569
24647167 9312
24647281 35
24647327 297
24647347 5
24647473 3
24647509 92
24647509 299
24647627 220
24647669 75
24647687 37
24647699 1
24647891 1
24647891 16
24647891 24
24647891 244
24647911 128
24647911 321
24647947 32
24648293 615
24648311 1
24648319 7404
24648583 228
24648587 4
24648773 136
24648779 1
24648797 4
24648917 3
24648917 79
24648973 12
24648979 677
24648979 1541
24649013 148
24649139 1
24649153 176
24649153 243
24649171 264
24649223 72
24649223 1912
24649279 17
24649297 35
24649301 3
24649301 31
24649357 6980
24649571 5049
24649633 132
24649679 1
24649759 132
24649799 1
24649853 340
24649873 167
24649939 2456
24650107 453
24650243 1
24650299 21
24650317 12
24650359 5
24650359 80
24650407 12
24650501 4
24650557 20
24650603 265
24650623 33
24650623 1800
24650729 160
24650737 3128
24650789 24
24650803 276
24650831 9480
24650903 1
24650903 2212
24650971 960
24651017 12
24651017 64
24651043 21
24651079 24
24651079 117
24651119 4
24651119 12
24651157 167
24651283 660
24651349 3552
24651467 28
24651491 4
24651553 215
24651707 4
24651761 4
24651761 16
24651811 905
24651841 3
24651877 3
24651931 2016
24651937 2907
24651941 1795
24651959 100
24652151 1
24652153 291
24652153 492
24652163 1
24652163 16
24652207 5
24652207 48
24652247 12
24652247 24
24652279 96
24652307 2064
24652451 1
24652547 49
24652547 144
24652559 1
24652559 21
24652681 3315
24652699 7644
24652763 580
24652763 1152
24652783 2636
24652853 75
24652853 303
24652883 132
24652919 3816
24652921 15
24652961 3
24652993 27
24652997 8604
24653017 3
24653159 57
24653351 1
24653399 1
24653459 420
24653557 2019
24653569 404
24653579 85
24653593 12
24653597 4
24653687 52
24653737 12
24653743 17
24653777 4
24653879 60
24653879 81
24653879 265
24653879 832
24653933 1995
24653939 1
24653983 36
24653989 87
24654023 100
24654061 68
24654101 3
24654193 3
24654193 15
24654221 43
24654277 8879
24654313 512
24654323 1
24654323 25
24654337 12
24654467 12
24654467 544
24654479 7656
24654547 1580
24654563 37
24654613 3
24654613 11
24654713 3
24654841 408
24654907 72
24654941 63
24654991 5
24655003 165
24655019 2397
24655069 227
24655073 156
24655153 63
24655157 679
24655259 1
24655273 1368
24655343 1
24655343 217
24655417 5135
24655489 195
24655513 8
24655577 3
24655619 25
24655621 8
24655667 265
24655679 45
24655721 3
24655721 2284
24655837 3
24655849 35
24655889 2407
24655889 4747
24655919 4
24656123 37
24656143 413
24656179 24
24656189 4
24656209 15
24656279 1
24656279 16
24656279 37
24656297 19
24656309 175
24656353 20
24656417 5944
24656461 15
24656491 849
24656507 12
24656507 13
24656507 97
24656531 1
24656573 1255
24656617 152
24656761 3
24656761 96
24656791 108
24656791 2028
24656881 8
24656917 12
24656971 48
24656977 3560
24657019 20
24657043 557
24657323 1
24657323 12
24657323 6753
24657329 16
24657329 67
24657341 15
24657343 8
24657389 4
24657439 44
24657443 1
24657509 931
24657509 2251
24657553 3
24657571 1229
24657613 323
24657623 241
24657643 80
24657643 5592
24657673 3
24657683 172
24657683 237
24657697 107
24657697 203
24657719 1
24657883 17
24657959 4
24657961 24
24657961 75
24657961 99
24658061 4176
24658129 12
24658129 1107
24658141 44
24658141 528
24658331 13
24658331 105
24658357 1248
24658399 24
24658603 2972
24658643 28
24658649 1276
24658663 5
24658681 551
24658717 3
24658757 24
24658819 357
24658841 519
24658859 8217
24658913 3100
24659023 21
24659087 48
24659101 11
24659137 12
24659147 4
24659267 12
24659269 6339
24659273 7
24659413 156
24659441 3
24659449 279
24659461 39
24659489 1131
24659567 28
24659627 129
24659629 47
24659629 2912
24659731 21
24659779 9
24659779 24
24659807 553
24659827 5
24659909 4
24659923 1733
24659989 47
24659993 40
24660011 4
24660011 61
24660079 2144
24660091 8
24660127 17
24660151 428
24660373 9783
24660437 3
24660451 8429
24660473 43
24660473 1971
24660533 3
24660547 8
24660551 7933
24660563 16
24660607 5
24660617 963
24660661 3
24660709 9827
24660731 9
24660749 336
24660749 9996
24661097 268
24661103 60
24661111 293
24661171 189
24661181 3
24661207 5
24661207 252
24661207 7017
24661321 3
24661331 4
24661333 432
24661333 1172
24661361 295
24661379 1
24661409 7
24661409 216
24661447 8357
24661453 92
24661501 140
24661607 4
24661621 48
24661691 4
24661711 9
24661723 221
24661913 91
24661937 12
24662009 55
24662147 13
24662201 3
24662213 51
24662311 24
24662317 12
24662321 48
24662321 595
24662369 204
24662369 3760
24662657 12
24662723 1
24662723 757
24662747 232
24662747 5973
24662747 9297
24662753 472
24662761 2136
24662851 41
24662959 7484
24663043 20
24663043 101
24663077 4
24663077 7
24663097 3
24663143 1
24663211 36
24663211 9596
24663281 16
24663281 559
24663281 1696
24663299 292
24663329 15
24663409 11
24663433 3152
24663451 2720
24663469 80
24663557 7
24663559 576
24663623 1
24663623 1188
24663643 17
24663647 60
24663701 31
24663791 4816
24663907 3773
24663967 1553
24663971 924
24664103 253
24664151 840
24664153 32
24664177 15
24664201 59
24664217 2532
24664243 48
24664267 32
24664267 1772
24664273 8
24664273 7868
24664319 349
24664319 376
24664427 1804
24664513 3
24664531 20
24664573 12
24664691 1
24664753 260
24664799 52
24664889 135
24664889 771
24664921 504
24664921 3620
24664957 104
24664961 91
24664961 6384
24664973 3
24665183 1
24665189 4
24665189 84
24665191 441
24665239 9
24665297 240
24665321 120
24665321 195
24665327 6285
24665437 72
24665467 1253
24665579 16
24665587 228
24665621 28
24665621 511
24665639 64
24665653 1608
24665671 480
24665681 4
24665701 479
24665737 764
24665831 1
24665833 168
24665873 15
24665881 536
24665989 251
24666029 3304
24666053 388
24666077 28
24666127 5
24666127 489
24666263 1
24666347 1137
24666449 7476
24666487 9
24666517 335
24666601 156
24666601 755
24666601 1020
24666637 3
24666667 24
24666667 149
24666671 1
24666709 3444
24666767 28
24666797 4
24666839 657
24666893 472
24666911 4
24666937 1887
24666989 19
24667087 5
24667091 1
24667141 8
24667177 299
24667229 4615
24667267 8
24667267 2969
24667283 1
24667297 8
24667309 72
24667381 1871
24667381 6204
24667387 9
24667417 3
24667417 8
24667421 4
24667451 1
24667553 3840
24667619 196
24667633 3
24667637 7
24667717 12
24667717 23
24667793 648
24667807 5
24667961 1335
24667999 2229
24668047 144
24668051 4
24668069 1767
24668113 48
24668131 5
24668131 365
24668179 44
24668201 3
24668323 5
24668333 3276
24668383 4460
24668387 4
24668401 15
24668477 567
24668507 3624
24668533 4271
24668569 504
24668597 499
24668689 3567
24668801 2859
24668927 9
24668927 268
24668951 45
24668953 8
24668953 56
24669019 689
24669083 1
24669089 2571
24669157 15
24669223 45
24669233 127
24669259 764
24669299 4632
24669389 31
24669461 4
24669473 3
24669481 11
24669481 339
24669529 972
24669563 1
24669629 55
24669637 92
24669677 3
24669709 152
24669773 343
24669851 916
24669863 1
24669899 1
24669947 4
24670013 3
24670031 1
24670031 25
24670031 81
24670067 13
24670073 51
24670073 492
24670109 87
24670153 963
24670333 455
24670337 3
24670343 1033
24670381 11
24670411 9833
24670523 2380
24670589 27
24670661 1999
24670687 12
24670747 5
24670781 115
24670829 4
24670829 16
24670853 847
24670853 1395
24670931 349
24670937 852
24670963 137
24670991 225
24671093 28
24671093 520
24671117 52
24671183 133
24671237 5484
24671243 981
24671303 40
24671333 172
24671399 4
24671399 621
24671399 697
24671467 77
24671531 9
24671561 339
24671587 1953
24671609 207
24671681 3
24671681 591
24671729 5640
24671783 3352
24671819 1401
24671921 1000
24671963 5560
24671993 396
24672103 236
24672157 3
24672157 8
24672161 4
24672251 4
24672383 13
24672407 9
24672407 5628
24672419 520
24672449 120
24672481 519
24672499 41
24672503 228
24672551 1
24672581 4
24672587 4
24672607 5
24672619 1872
24672677 835
24672691 485
24672701 40
24672701 859
24672701 6100
24672793 36
24672839 2617
24672919 92
24673063 4221
24673123 5
24673127 7464
24673157 9864
24673199 1
24673199 4641
24673217 3
24673217 5763
24673277 2443
24673351 6356
24673379 237
24673379 361
24673447 377
24673531 36
24673541 2275
24673651 9
24673703 385
24673877 39
24673877 4252
24673933 35
24673933 2375
24674017 24
24674159 9
24674161 588
24674189 4
24674189 216
24674189 3612
24674207 40
24674263 9780
24674339 1
24674339 4
24674383 185
24674399 4
24674431 45
24674437 140
24674437 312
24674437 1155
24674453 3
24674459 4
24674473 27
24674519 120
24674527 5
24674609 172
24674651 9
24674677 4307
24674761 5304
24674851 956
24674861 1420
24674899 17
24674917 123
24675011 1
24675011 3913
24675031 9
24675043 4557
24675059 16
24675073 3
24675073 11
24675121 11
24675121 99
24675137 7
24675149 1276
24675191 1
24675191 4341
24675191 9324
24675227 4
24675253 351
24675331 1053
24675373 3
24675383 12
24675397 32
24675439 1457
24675463 5028
24675587 5113
24675683 12
24675713 15
24675779 1
24675869 204
24675953 75
24675953 300
24675961 1059
24676181 3
24676189 359
24676189 4535
24676261 11
24676271 1
24676349 15
24676349 19
24676357 5067
24676451 501
24676499 1
24676499 69
24676523 1
24676621 3
24676681 531
24676681 1988
24676721 36
24676721 1423
24676721 9864
24676783 2637
24676819 12
24676859 1
24676859 3652
24676871 1
24676871 16
24676937 4
24677033 76
24677071 9
24677189 12
24677299 8085
24677351 1
24677377 1628
24677381 4
24677453 943
24677453 1476
24677509 24
24677563 5
24677621 4
24677623 465
24677629 11
24677651 4
24677663 12
24677669 4
24677699 1
24677699 21
24677893 743
24677923 3221
24677963 1
24678089 4687
24678301 6539
24678317 28
24678319 9
24678319 36
24678463 41
24678539 4
24678557 7
24678569 12
24678617 15
24678691 1460
24678749 115
24678751 9
24678763 81
24678893 72
24678893 111
24678937 1008
24678943 1052
24679027 192
24679117 8
24679177 1839
24679273 3
24679273 2183
24679321 519
24679331 1
24679331 13
24679337 3
24679337 4404
24679381 3
24679409 132
24679411 21
24679507 68
24679513 2831
24679553 663
24679579 212
24679687 9
24679693 888
24679709 7
24679741 156
24679843 17
24679843 101
24679939 9
24680009 2080
24680129 12
24680143 36
24680197 3
24680207 1153
24680329 1707
24680387 4
24680441 3
24680441 4
24680441 415
24680473 8588
24680533 111
24680609 147
24680659 5
24680659 696
24680749 324
24680779 297
24680837 40
24680837 5628
24680879 1
24680897 19
24680899 105
24680921 15
24680921 19
24680959 17
24680959 1236
24681077 55
24681077 72
24681289 27
24681289 8127
24681299 577
24681313 63
24681383 1
24681443 117
24681473 3
24681473 15
24681473 63
24681473 375
24681493 372
24681493 2588
24681511 8
24681521 3696
24681563 33
24681641 4
24681649 524
24681689 7
24681791 4
24681827 1149
24681869 6720
24681961 3
24682019 232
24682093 3563
24682211 1
24682261 59
24682313 787
24682319 9625
24682397 4
24682513 848
24682547 4
24682579 21
24682583 1
24682607 33
24682667 2200
24682699 45
24682769 567
24682783 7832
24682807 29
24682907 7144
24683011 5049
24683041 3884
24683047 44
24683059 21
24683077 47
24683093 7
24683093 2955
24683123 13
24683173 2516
24683227 1757
24683231 1
24683297 4
24683297 699
24683297 2919
24683297 3940
24683357 3
24683389 75
24683423 1
24683431 4100
24683441 3
24683441 216
24683479 17
24683479 576
24683521 5856
24683539 3876
24683683 2825
24683707 12
24683767 9
24683767 89
24683837 7
24683861 16
24683917 3
24683917 59
24683917 4307
24683957 5724
24684137 7
24684227 180
24684227 760
24684251 1
24684251 7668
24684347 337
24684367 1097
24684431 1
24684431 4
24684503 1
24684509 4
24684509 79
24684509 1524
24684529 80
24684563 1
24684581 3616
24684601 939
24684643 60
24684677 19
24684677 1995
24684749 5575
24684761 3
24684827 748
24684941 15
24684943 17
24685091 793
24685093 12
24685099 36
24685147 65
24685223 13
24685223 1045
24685229 4227
24685303 3753
24685319 4
24685319 16
24685319 76
24685319 2181
24685361 4
24685379 109
24685447 4337
24685457 3
24685459 21
24685477 3
24685589 4
24685613 96
24685679 1
24685691 4
24685729 1124
24685783 2373
24685789 167
24685799 1
24685811 4581
24685957 8
24685987 5
24686143 621
24686201 328
24686219 3916
24686231 28
24686239 5
24686297 19
24686369 16
24686369 387
24686401 3
24686423 1
24686423 12
24686479 336
24686479 525
24686489 4
24686507 9
24686507 5125
24686531 1
24686617 8
24686663 1
24686729 127
24686911 284
24686971 221
24686999 1
24687007 512
24687037 924
24687059 4
24687161 91
24687167 9
24687307 372
24687413 507
24687413 6432
24687419 1
24687463 6633
24687541 11
24687589 627
24687589 3575
24687683 1
24687683 4105
24687697 444
24687697 2039
24687703 36
24687713 4116
24687833 3
24687833 55
24687869 811
24687889 27
24688007 4
24688033 191
24688057 23
24688067 4
24688123 837
24688151 1
24688171 5829
24688289 12
24688331 4
24688331 6876
24688397 148
24688399 2469
24688523 1
24688561 3
24688681 48
24688691 156
24688787 9
24688787 913
24688823 48
24688861 96
24688871 21
24688871 805
24688883 268
24688903 137
24688991 1
24688991 48
24689129 7
24689131 36
24689131 5033
24689183 240
24689293 12
24689297 4
24689393 516
24689443 8
24689459 1
24689461 156
24689461 908
24689521 24
24689837 19
24689867 453
24689881 3
24689957 375
24689983 21
24690019 3281
24690047 88
24690073 15
24690131 1
24690131 4449
24690173 1876
24690203 21
24690257 1695
24690287 220
24690349 84
24690403 5820
24690503 36
24690503 3520
24690509 67
24690559 92
24690559 1124
24690769 615
24690821 40
24690847 9
24690881 4
24690881 159
24691001 231
24691049 60
24691103 6297
24691109 1116
24691141 24
24691141 75
24691169 576
24691211 9
24691319 1
24691319 2164
24691349 40
24691349 1855
24691367 4
24691423 161
24691423 1856
24691523 417
24691549 92
24691573 3500
24691619 729
24691643 1
24691643 21
24691663 2352
24691699 36
24691699 164
24691813 591
24691859 4
24691867 5
24691951 21
24691999 5220
24692093 55
24692183 1
24692197 1523
24692219 237
24692219 2665
24692231 1
24692237 63
24692243 1
24692243 2221
24692333 391
24692389 36
24692509 20
24692573 3
24692587 132
24692597 3
24692663 1
24692669 132
24692683 897
24692729 99
24692791 5
24692939 1
24692953 260
24693037 8
24693073 176
24693083 1
24693133 3632
24693203 180
24693209 4299
24693233 7
24693289 84
24693307 9
24693463 33
24693533 63
24693533 2347
24693547 9
24693547 240
24693563 636
24693589 12
24693611 2184
24693671 1
24693803 5901
24693821 643
24693937 4295
24694001 4
24694063 53
24694079 1
24694079 60
24694079 172
24694099 69
24694141 503
24694181 19
24694181 3268
24694211 628
24694247 4
24694301 2191
24694361 6568
24694393 20
24694529 12
24694529 5004
24694589 3684
24694639 21
24694643 1
24694667 9012
24694717 3
24694811 1
24694819 156
24694823 1
24694837 3
24694837 27
24694843 36
24694849 3600
24694871 4
24694871 201
24694883 12
24694883 40
24694933 203
24694937 28
24694961 39
24694991 1
24694991 13
24695017 12
24695071 161
24695087 6325
24695119 8537
24695171 1
24695173 1907
24695197 8
24695221 3
24695431 201
24695431 3116
24695431 6788
24695507 4
24695507 732
24695563 17
24695599 60
24695603 1
24695603 1060
24695647 453
24695659 57
24695711 1
24695729 36
24695777 4
24695887 20
24695971 365
24696137 19
24696137 603
24696167 1308
24696187 48
24696187 960
24696187 4140
24696253 315
24696289 4095
24696311 4
24696311 25
24696323 12
24696407 313
24696437 63
24696613 147
24696673 2027
24696689 24
24696689 39
24696691 80
24696769 24
24696817 24
24696829 11
24697003 977
24697033 72
24697033 800
24697051 6264
24697087 3668
24697201 75
24697201 575
24697219 144
24697247 13
24697247 417
24697247 1204
24697247 9525
24697291 180
24697349 4
24697391 628
24697399 2952
24697451 1
24697493 15
24697493 963
24697613 31
24697627 1113
24697661 483
24697723 12
24697769 4
24697801 59
24697807 12
24697859 1
24697859 16
24697859 57
24697877 4
24698027 1597
24698057 1539
24698083 417
24698101 635
24698279 1
24698279 6312
24698327 4
24698339 9
24698437 15
24698483 1
24698507 85
24698519 1
24698581 8
24698581 5831
24698629 840
24698659 21
24698683 17
24698701 3
24698831 21
24698873 4743
24698887 117
24698887 8493
24698903 1
24698929 27
24698959 3780
24699061 3
24699137 624
24699167 73
24699187 149
24699197 4
24699289 15
24699371 1
24699491 340
24699527 469
24699611 1
24699637 3155
24699733 60
24699737 955
24699739 3704
24699739 4272
24699743 13
24699761 2380
24699797 948
24699799 104
24699799 3044
24699847 5
24699893 7
24699893 172
24700033 9587
24700037 3
24700043 28
24700073 1092
24700139 1
24700267 33
24700391 1
24700463 1
24700579 44
24700633 6383
24700639 92
24700649 39
24700733 16
24700751 444
24700787 33
24700849 15
24700939 5
24700939 56
24700981 3
24700981 8
24701093 7
24701093 40
24701101 8
24701123 16
24701207 12
24701263 5
24701263 17
24701263 1437
24701309 7
24701321 39
24701477 1255
24701503 20
24701503 260
24701507 3073
24701507 4824
24701581 4215
24701659 44
24701711 393
24701711 1224
24701717 3
24701717 544
24701723 1
24701771 9
24701773 8
24701779 56
24701783 252
24701819 121
24702053 840
24702089 40
24702103 296
24702103 341
24702103 840
24702149 111
24702233 12
24702289 12
24702371 1
24702409 11
24702409 2720
24702449 216
24702523 293
24702599 4
24702653 3
24702673 3
24702697 1820
24702731 4
24702767 4
24702911 1
24702961 135
24702971 5560
24703093 108
24703093 807
24703093 876
24703103 25
24703163 13
24703171 273
24703171 5289
24703319 4
24703319 1881
24703321 260
24703387 9
24703409 4
24703583 1
24703583 3028
24703589 12
24703619 4
24703739 52
24703741 3
24703747 689
24703769 79
24703769 252
24703799 1
24703897 464
24703957 2579
24703979 1
24704083 8
24704083 108
24704101 2708
24704219 1989
24704243 1
24704243 228
24704261 4
24704261 508
24704269 20
24704363 12
24704363 592
24704423 4873
24704437 120
24704453 7
24704483 1132
24704497 927
24704819 12
24704831 2104
24704873 60
24704891 1
24704987 12
24704989 15
24705103 5
24705113 5320
24705181 23
24705371 148
24705407 9
24705407 169
24705469 140
24705587 592
24705589 2852
24705623 1
24705809 715
24705869 19
24705893 3460
24705959 1
24706007 625
24706069 12
24706069 1652
24706079 1
24706139 24
24706139 1200
24706229 15
24706237 3
24706237 75
24706259 4
24706271 2776
24706307 4140
24706307 6444
24706333 6252
24706391 13
24706391 4456
24706421 2028
24706511 4
24706511 3460
24706541 15
24706571 1765
24706673 3
24706679 1
24706679 96
24706691 1
24706837 7875
24706841 31
24706841 6256
24706873 3
24706873 431
24706883 13
24706931 1065
24706931 4720
24706943 1
24707003 1
24707047 68
24707047 144
24707057 187
24707099 1
24707099 16
24707107 8
24707107 17
24707107 588
24707167 5408
24707197 1904
24707213 12
24707261 171
24707311 20
24707311 2984
24707321 4
24707323 7653
24707339 1
24707339 16
24707363 1
24707407 5
24707447 9
24707479 24
24707521 3
24707521 1275
24707531 189
24707567 4
24707567 8740
24707603 1
24707777 24
24707857 159
24707869 276
24707927 2068
24707981 96
24708007 2180
24708007 2745
24708107 1153
24708143 1
24708161 160
24708169 147
24708179 64
24708247 513
24708253 12
24708253 467
24708391 21
24708401 19
24708407 765
24708577 3
24708661 20
24708689 5824
24708707 312
24708757 207
24708857 64
24708977 3
24709031 1
24709031 33
24709051 3545
24709051 6044
24709121 76
24709129 44
24709151 4204
24709163 33
24709171 5
24709273 35
24709277 12
24709301 336
24709361 1435
24709379 4
24709393 3
24709409 256
24709583 88
24709583 1881
24709591 5373
24709651 173
24709691 1389
24709703 1
24709739 64
24709829 4
24709901 55
24709901 324
24709903 228
24709931 1
24709987 92
24709987 1329
24710039 1
24710053 828
24710053 6927
24710099 2604
24710111 1
24710111 988
24710141 16
24710159 624
24710207 73
24710237 99
24710239 924
24710341 3
24710377 167
24710417 1387
24710531 4401
24710549 567
24710617 8
24710723 165
24710731 800
24710779 864
24710863 92
24710869 431
24710897 400
24710899 12
24710899 21
24710909 5092
24710969 352
24711019 77
24711023 61
24711073 3
24711097 8508
24711107 148
24711109 20
24711119 2005
24711139 5
24711173 7
24711173 4887
24711209 96
24711307 645
24711461 91
24711469 1100
24711581 5928
24711581 9360
24711607 785
24711641 1728
24711719 4
24711719 1261
24711767 912
24711781 896
24711781 975
24711793 167
24711917 2640
24712043 1
24712081 83
24712157 604
24712187 4
24712187 33
24712211 225
24712291 9
24712343 25
24712351 8
24712351 761
24712357 255
24712357 3147
24712367 4
24712367 217
24712403 1
24712403 13
24712447 45
24712517 4
24712529 4
24712529 487
24712607 2929
24712621 3
24712643 21
24712643 36
24712643 3336
24712657 575
24712663 5
24712729 27
24712759 41
24712759 1020
24712823 136
24712847 49
24712861 2495
24712907 25
24712927 20
24712969 35
24712973 3
24713021 1836
24713093 27
24713203 8
24713219 1
24713371 96
24713371 968
24713701 8
24713719 72
24713839 5
24713879 1332
24713957 3
24714043 117
24714049 60
24714071 1
24714071 16
24714169 1640
24714169 2907
24714191 336
24714227 673
24714247 8
24714299 4
24714299 49
24714323 3148
24714331 5169
24714353 8575
24714419 4896
24714479 1
24714509 1864
24714511 53
24714511 3881
24714601 15
24714629 492
24714691 209
24714731 3460
24714829 567
24714847 12
24714917 103
24714941 1843
24714947 1917
24715051 29
24715051 53
24715109 4699
24715139 1
24715213 12
24715237 3420
24715241 9675
24715291 48
24715307 4
24715321 588
24715469 39
24715477 20
24715477 1467
24715477 4668
24715487 637
24715487 1752
24715531 9
24715573 8
24715577 180
24715633 2792
24715643 1
24715679 4
24715693 287
24715787 4
24715787 132
24715793 147
24715799 4
24715871 1
24715883 2028
24716143 981
24716171 1
24716227 17
24716303 13
24716311 9
24716347 17
24716383 2396
24716387 388
24716389 351
24716459 1
24716539 389
24716599 60
24716599 80
24716753 15
24716957 223
24717059 1936
24717103 12
24717191 73
24717241 20
24717313 251
24717359 36
24717359 1957
24717421 7911
24717463 305
24717481 6683
24717607 2405
24717659 1
24717659 21
24717659 505
24717659 1164
24717691 4325
24717697 812
24717743 25
24717751 165
24717799 56
24717829 132
24717829 3192
24717853 1296
24717857 1104
24717863 660
24717971 1
24718037 28
24718037 3880
24718091 1
24718139 1
24718157 3
24718189 267
24718207 3320
24718223 97
24718277 543
24718283 1
24718319 4
24718333 75
24718363 852
24718523 16
24718559 1
24718571 5929
24718691 1
24718691 85
24718717 3480
24718741 3
24718763 1
24718879 5
24719099 1
24719131 6908
24719159 21
24719329 12
24719341 4515
24719381 96
24719423 16
24719459 9
24719533 3
24719647 12
24719719 5
24719759 57
24719777 7
24719809 104
24719911 8
24719941 315
24720013 3
24720029 315
24720037 392
24720041 91
24720071 1
24720133 627
24720211 9204
24720229 51
24720251 25
24720281 5848
24720347 88
24720473 832
24720517 1032
24720583 236
24720623 1
24720623 172
24720701 3
24720701 28
24720701 1131
24720763 417
24720769 1727
24720781 8
24720797 3
24720797 312
24720809 2580
24720859 356
24720859 1397
24720877 659
24720887 132
24720893 7
24720901 3
24720937 3
24720953 3
24720961 3
24720977 7
24720989 16
24721019 1
24721061 79
24721097 24
24721139 1
24721157 7744
24721243 5
24721243 5541
24721271 3520
24721379 1
24721493 451
24721547 1552
24721583 1
24721651 488
24721657 107
24721667 292
24721709 547
24721813 11
24721847 4
24721877 7
24721943 1
24721993 8
24722101 8
24722111 28
24722111 124
24722197 327
24722213 991
24722261 3336
24722279 16
24722371 1173
24722429 256
24722431 5
24722443 5
24722459 37
24722491 104
24722491 5724
24722557 20
24722603 21
24722741 4
24722749 155
24722843 1
24722921 3156
24722941 120
24722989 924
24723121 3
24723169 20
24723191 9
24723191 408
24723203 180
24723203 256
24723299 1
24723311 5569
24723317 487
24723359 12
24723373 23
24723373 3888
24723379 209
24723571 305
24723571 480
24723637 8
24723637 9143
24723649 1755
24723817 80
24723823 60
24723851 1
24723931 488
24723973 12
24723983 1
24723989 76
24724031 21
24724079 1
24724201 8
24724247 13
24724261 3
24724319 1
24724319 40
24724351 144
24724351 729
24724387 24
24724417 3432
24724523 1
24724561 56
24724571 1
24724627 17
24724657 3
24724751 1
24724751 121
24724751 4740
24724853 7
24724937 19
24724963 185
24724993 23
24725059 164
24725093 12
24725093 127
24725101 11
24725101 39
24725147 105
24725201 228
24725221 1836
24725303 196
24725317 12
24725377 575
24725411 1
24725413 747
24725461 5136
24725567 544
24725587 129
24725647 8997
24725663 1
24725749 111
24725791 8856
24725819 12
24725819 141
24725917 540
24725999 1
24725999 3717
24726001 1224
24726073 15
24726203 13
24726217 3
24726257 3
24726257 244
24726379 4409
24726413 108
24726431 1
24726539 381
24726599 1
24726607 9
24726607 12
24726629 16
24726707 172
24726743 1
24726769 1527
24726769 3099
24726791 873
24726797 708
24726827 57
24726827 624
24726833 43
24726851 4
24726859 1437
24726941 15
24726973 131
24727009 2099
24727049 1339
24727229 4
24727247 49
24727247 73
24727253 900
24727357 3
24727357 3752
24727397 115
24727457 15
24727457 55
24727511 4
24727583 1
24727727 97
24727727 112
24727751 1
24727831 9
24727867 5
24728029 1820
24728083 8
24728167 224
24728227 5
24728237 7
24728237 115
24728317 12
24728351 1
24728357 4
24728393 3
24728441 19
24728471 325
24728497 47
24728651 13
24728701 183
24728791 860
24728881 3
24728881 23
24728881 755
24728927 2184
24728929 32
24728929 9039
24728947 45
24729017 3
24729017 48
24729031 284
24729031 396
24729053 132
24729053 3883
24729179 1
24729361 8
24729457 3
24729491 676
24729511 1476
24729511 2228
24729587 12
24729647 84
24729667 17
24729709 87
24729743 340
24729851 16
24729863 1
24729973 8
24730021 443
24730141 3
24730141 15
24730231 125
24730261 44
24730261 3320
24730331 1684
24730333 1931
24730481 3
24730513 11
24730561 11
24730567 68
24730567 4317
24730621 68
24730669 32
24730751 864
24730753 3135
24730813 2456
24730843 36
24730847 720
24730877 12
24730877 6967
24730943 1
24731009 3259
24731009 5931
24731011 96
24731033 1140
24731117 319
24731131 80
24731131 281
24731131 285
24731143 60
24731143 8796
24731237 2515
24731269 27
24731351 1
24731393 1828
24731477 40
24731489 7
24731633 3
24731633 91
24731677 3
24731713 75
24731803 56
24731899 9
24731963 4792
24732109 75
24732137 52
24732233 7
24732233 336
24732289 2196
24732349 5472
24732359 1
24732401 15
24732401 75
24732443 1
24732529 9684
24732541 11
24732557 2604
24732629 4
24732731 1
24732817 219
24732839 1
24732887 4
24732899 1
24732901 3
24732919 32
24732973 3
24733019 37
24733061 96
24733097 3
24733097 40
24733109 39
24733141 260
24733169 16
24733207 45
24733217 180
24733217 795
24733217 6012
24733237 1899
24733273 3
24733321 75
24733343 1
24733477 8
24733481 4
24733483 5
24733483 608
24733507 6557
24733543 612
24733663 12
24733733 3
24733769 16
24733769 4972
24733811 1
24733811 100
24733817 4
24733931 24
24733931 6193
24733949 16
24733981 8903
24734089 35
24734261 124
24734273 7
24734513 3
24734527 12
24734527 105
24734579 177
24734639 1
24734753 43
24734771 1
24734861 208
24734891 1309
24734921 3036
24734953 3
24734953 12
24734953 1595
24735023 288
24735059 141
24735089 139
24735251 1
24735253 12
24735311 121
24735349 24
24735377 3
24735379 45
24735401 4
24735407 12
24735407 40
24735497 40
24735563 1
24735653 15
24735749 24
24735779 4
24735779 12
24735839 1
24735871 5
24736013 40
24736027 5
24736307 4
24736307 48
24736363 5
24736403 273
24736511 21
24736619 229
24736631 6465
24736741 5219
24736807 533
24736813 35
24736823 1
24736837 132
24736939 9
24736939 44
24736949 2007
24736969 132
24736973 16
24736973 8323
24737171 753
24737233 3395
24737257 3099
24737327 1473
24737359 12
24737359 20
24737501 3
24737501 19
24737527 1068
24737683 12
24737683 216
24737711 7705
24737731 36
24737759 1
24737777 508
24737821 360
24737837 112
24737917 60
24737963 1
24737971 384
24738011 1
24738191 153
24738221 4
24738223 77
24738401 3
24738431 1
24738503 456
24738521 964
24738559 485
24738577 12
24738583 1121
24738677 283
24738683 688
24738709 39
24738797 859
24738797 3223
24738799 5
24738851 40
24738851 8409
24738881 3
24738887 1593
24738911 1
24738911 9945
24738979 1337
24739009 27
24739157 27
24739217 7
24739217 183
24739217 8172
24739279 3365
24739303 68
24739381 20
24739409 15
24739579 21
24739633 15
24739721 15
24739721 16
24739853 235
24739859 1
24739901 84
24739931 1
24739963 20
24740003 1
24740063 1
24740099 49
24740119 1064
24740207 9
24740251 6725
24740279 1
24740281 24
24740297 19
24740297 120
24740311 3648
24740323 12
24740369 19
24740543 1
24740543 6981
24740687 3108
24740699 4
24740761 3
24740767 17
24740767 1529
24740767 5757
24740923 1716
24740993 7
24740993 1323
24741151 908
24741161 135
24741191 1
24741191 84
24741313 3
24741313 4808
24741329 15
24741391 1113
24741397 3
24741397 7767
24741403 8
24741421 108
24741547 5
24741779 1
24741883 41
24741979 440
24742079 1
24742111 4349
24742117 8700
24742213 4887
24742261 3
24742349 891
24742357 299
24742387 4764
24742391 1
24742409 2359
24742559 381
24742567 5
24742621 20
24742621 99
24742651 65
24742853 28
24742853 456
24742859 12
24742897 8
24742909 132
24742937 3
24742943 33
24742943 700
24742943 1017
24743023 81
24743077 3
24743099 4384
24743161 23
24743161 491
24743203 1445
24743219 4189
24743233 8295
24743311 41
24743333 2380
24743371 2405
24743531 1
24743531 9
24743591 1
24743591 633
24743629 5159
24743657 607
24743683 6497
24743731 173
24743731 468
24743737 3
24743813 5403
24743839 21
24743863 108
24743911 168
24743969 1147
24744029 31
24744173 12
24744179 1
24744227 93
24744253 35
24744359 69
24744539 1
24744719 45
24744719 1396
24744773 67
24744949 4044
24744949 6371
24744961 35
24745009 51
24745093 3
24745271 21
24745271 1441
24745361 3
24745393 972
24745411 24
24745433 15
24745481 336
24745661 991
24745661 3916
24745739 1
24745739 4
24745751 1
24745751 45
24745793 27
24745811 1
24745841 315
24745867 8
24745879 89
24746003 1
24746011 2565
24746063 45
24746089 51
24746107 7632
24746119 5292
24746123 1761
24746149 455
24746167 17
24746179 285
24746191 644
24746207 2224
24746207 4344
24746219 105
24746219 277
24746287 8
24746317 428
24746347 32
24746467 17
24746467 44
24746473 3
24746507 549
24746507 3189
24746593 8
24746669 1771
24746669 7500
24746819 21
24746819 204
24746851 60
24746879 109
24746933 732
24746977 9267
24747181 11
24747209 579
24747277 3
24747299 1377
24747451 8
24747451 33
24747467 8532
24747479 4
24747497 3
24747509 4
24747509 6979
24747539 1
24747677 7327
24747683 1
24747773 196
24747829 12
24747859 72
24747917 15
24748007 3484
24748007 4197
24748043 1
24748043 5368
24748117 27
24748147 233
24748147 905
24748201 3
24748267 6693
24748271 160
24748303 5
24748313 388
24748331 1084
24748337 12
24748337 304
24748357 3
24748429 1247
24748439 1
24748463 4957
24748511 268
24748547 4
24748631 1
24748729 15
24748729 3440
24748793 48
24748813 272
24748817 4
24748891 5
24748891 93
24748891 3393
24748937 7
24748979 21
24749003 45
24749099 1
24749099 21
24749227 140
24749237 3
24749243 1
24749243 7497
24749269 15
24749269 2051
24749317 3
24749317 87
24749317 6567
24749429 40
24749509 11
24749513 3
24749689 12
24749729 364
24749729 435
24749779 629
24749779 2376
24749779 6081
24749801 91
24749891 1
24749917 1092
24750017 60
24750029 4
24750119 1
24750119 4
24750197 4
24750197 607
24750337 20
24750343 105
24750361 8
24750391 5
24750437 1440
24750457 12
24750497 3
24750497 255
24750571 233
24750581 15
24750587 9657
24750611 1
24750613 71
24750619 624
24750637 4392
24750703 2820
24750721 543
24750751 1656
24750769 5339
24750809 51
24750809 1104
24750851 129
24750961 11
24751127 1393
24751219 3449
24751229 675
24751231 120
24751481 76
24751511 1
24751613 655
24751619 220
24751693 296
24751729 4791
24751747 8
24751763 1
24751817 139
24751913 7
24751913 1068
24751943 1
24751963 101
24751967 3552
24752083 33
24752099 1
24752197 15
24752213 7
24752213 12
24752249 7
24752261 4
24752333 3
24752339 8056
24752369 844
24752411 21
24752549 727
24752759 5124
24752803 977
24752831 1
24752927 25
24752927 744
24752999 4
24752999 252
24753101 3
24753119 12
24753119 756
24753187 5
24753187 180
24753193 12
24753233 15
24753277 3
24753361 831
24753401 64
24753427 84
24753467 3349
24753493 408
24753541 23
24753541 900
24753563 25
24753569 880
24753611 1
24753611 84
24753761 780
24753847 944
24753901 240
24753901 7935
24753959 1
24753961 120
24754039 44
24754117 27
24754211 40
24754381 95
24754391 1
24754403 1
24754403 1017
24754493 7
24754573 3
24754679 1
24754757 339
24754781 144
24754819 332
24754861 20
24754871 1
24754871 1164
24754883 1
24754943 237
24754991 1
24754991 28
24754991 3300
24754993 60
24754993 443
24755047 345
24755051 3261
24755113 11
24755113 32
24755173 3
24755303 1
24755303 5061
24755411 2116
24755443 197
24755477 3
24755539 24
24755539 737
24755557 12
24755593 3
24755593 2312
24755657 139
24755669 55
24755681 240
24755713 87
24755737 8868
24755921 100
24755963 1
24755963 8688
24756047 6045
24756077 132
24756113 592
24756217 1964
24756241 23
24756283 45
24756409 356
24756443 1
24756559 77
24756643 125
24756679 1517
24756703 216
24756727 189
24756731 1
24756751 5009
24756757 3203
24756761 4
24756779 1
24756821 4080
24756839 1
24756839 36
24756857 7
24756857 208
24756983 1
24756997 24
24757009 92
24757037 3
24757037 12
24757037 19
24757163 1
24757261 80
24757267 89
24757319 1
24757319 409
24757463 196
24757463 436
24757463 940
24757493 7
24757501 899
24757549 71
24757609 3320
24757679 4
24757687 68
24757751 1
24757751 4
24757781 64
24757781 171
24757781 591
24757813 396
24757819 417
24757819 897
24757903 8880
24757919 1
24757939 12
24757963 857
24757979 36
24758033 247
24758117 684
24758179 17
24758317 24
24758353 11
24758563 1428
24758597 3
24758611 5
24758737 263
24758759 1
24758807 37
24758849 16
24758887 168
24758947 84
24758963 1
24758963 412
24759047 1480
24759193 3788
24759233 3
24759283 177
24759341 4
24759341 28
24759349 3491
24759377 24
24759557 12
24759781 191
24759853 23
24760009 12
24760033 3
24760033 915
24760091 1
24760091 21
24760139 2292
24760157 175
24760223 1
24760261 99
24760369 15
24760523 25
24760543 7013
24760559 4
24760609 27
24760609 1440
24760649 172
24760691 45
24760709 132
24760711 804
24760727 9192
24760837 59
24760837 432
24760837 2772
24760871 1
24760919 1
24760997 27
24761069 51
24761081 55
24761081 195
24761111 1
24761291 25
24761293 395
24761309 667
24761309 7411
24761327 304
24761329 767
24761357 5032
24761377 92
24761413 11
24761437 3099
24761449 92
24761479 5
24761543 1
24761543 133
24761603 1
24761603 105
24761603 640
24761687 8188
24761729 439
24761771 1
24761771 5193
24761771 9028
24761873 31
24761879 504
24761897 132
24761939 1
24761951 21
24761951 516
24761953 6408
24761987 192
24761987 445
24762071 13
24762103 17
24762119 16
24762121 264
24762461 19
24762497 7
24762499 456
24762527 40
24762809 600
24762817 27
24763073 747
24763163 33
24763177 207
24763223 1
24763283 3825
24763357 444
24763489 6855
24763579 32
24763579 645
24763633 80
24763691 1
24763777 420
24763813 3
24763891 4148
24763891 6629
24763969 780
24764083 8
24764083 6468
24764093 3
24764177 115
24764191 204
24764219 336
24764237 643
24764387 345
24764417 763
24764419 209
24764423 1
24764423 505
24764477 55
24764539 2201
24764549 36
24764549 7507
24764611 5
24764647 33
24764651 9
24764659 132
24764687 5568
24764783 1
24764783 156
24764807 9
24764807 12
24764879 1
24764881 20
24764917 1143
24764921 3295
24764921 4671
24764989 11
24764989 200
24765017 3
24765077 343
24765077 5247
24765137 4
24765179 25
24765197 4
24765211 125
24765211 1716
24765211 5340
24765259 884
24765263 585
24765289 200
24765313 15
24765397 2435
24765437 3
24765509 1687
24765553 4512
24765649 15
24765667 5
24765701 64
24765809 355
24765857 39
24765859 5
24765859 21
24766003 5
24766003 56
24766013 15
24766019 57
24766031 25
24766031 3153
24766069 27
24766163 60
24766187 468
24766219 20
24766271 21
24766589 4
24766661 3
24766681 120
24766759 5732
24766771 4041
24766787 2448
24766789 15
24766817 7
24766919 1
24767003 72
24767101 3
24767101 584
24767243 1
24767263 12
24767263 353
24767383 5
24767387 12
24767387 25
24767399 1
24767447 888
24767471 1
24767471 1693
24767531 1
24767641 6908
24767641 7263
24767651 9
24767723 12
24767747 9
24767749 44
24767761 96
24767767 9
24767797 1580
24767797 9588
24767857 5280
24767863 117
24767867 157
24767903 12
24767909 4
24767933 627
24768011 1
24768017 447
24768089 19
24768127 7104
24768151 129
24768173 3
24768199 516
24768209 16
24768239 1
24768251 36
24768323 21
24768353 7548
24768511 89
24768511 921
24768517 8
24768517 344
24768521 3831
24768553 3
24768553 15
24768553 71
24768553 668
24768617 19
24768617 519
24768617 1147
24768619 1440
24768823 192
24768823 200
24768851 1
24768851 196
24768893 3
24768893 735
24768923 268
24768971 24
24769057 20
24769117 27
24769123 345
24769159 36
24769223 60
24769223 1252
24769259 21
24769267 225
24769271 1
24769319 1
24769387 1268
24769417 1343
24769513 3687
24769579 429
24769583 1
24769649 4776
24769727 24
24769783 6285
24769817 39
24769817 55
24769879 81
24769883 220
24769883 265
24769907 4
24769937 159
24769981 36
24770041 3
24770069 4
24770237 7
24770237 403
24770237 2512
24770297 2815
24770323 12
24770413 12
24770477 63
24770489 1060
24770531 108
24770561 9964
24770567 33
24770567 40
24770591 1
24770639 1
24770719 56
24770749 7835
24770783 1
24770783 16
24770783 1812
24770827 348
24770831 1
24771037 119
24771073 1460
24771083 877
24771113 60
24771179 49
24771199 5
24771251 1
24771251 4
24771317 12
24771347 265
24771419 109
24771427 225
24771443 1
24771443 156
24771451 33
24771553 8
24771587 3240
24771587 9097
24771589 255
24771613 1371
24771641 183
24771641 1743
24771787 8
24771853 8
24771869 535
24772031 781
24772063 72
24772087 8
24772091 76
24772157 39
24772211 3061
24772303 777
24772439 1
24772439 57
24772439 1056
24772543 45
24772549 6332
24772603 2937
24772603 7272
24772609 539
24772661 2499
24772691 1
24772691 9
24772691 96
24772697 12
24772739 12
24772763 1
24772801 24
24772879 540
24772933 107
24772939 32
24772981 1728
24773059 560
24773129 4
24773129 76
24773129 2151
24773213 580
24773257 8
24773263 273
24773407 3369
24773459 1
24773519 1
24773543 1
24773563 152
24773659 5
24773677 84
24773677 312
24773699 9
24773699 7869
24773753 3
24773809 3432
24773839 24
24773999 40
24774097 560
24774131 1
24774133 3816
24774173 7
24774173 3336
24774179 4
24774187 65
24774203 360
24774223 68
24774257 3
24774257 12
24774361 3
24774361 495
24774371 1
24774403 33
24774539 121
24774551 9
24774569 15
24774643 5
24774647 13
24774679 696
24774707 1113
24774857 4
24774931 185
24774989 7
24775067 4
24775073 5320
24775129 39
24775147 189
24775147 1092
24775241 756
24775447 1128
24775561 3
24775631 400
24775651 24
24775741 3
24775759 5
24775763 1
24775781 2523
24775813 267
24775897 35
24776029 12
24776029 15
24776113 32
24776159 1
24776183 1
24776201 3648
24776239 5
24776239 3489
24776317 3
24776407 948
24776503 2265
24776561 3
24776561 5439
24776581 2403
24776597 15
24776597 168
24776597 3975
24776623 3792
24776639 1
24776651 100
24776671 20
24776671 564
24776723 717
24776839 6096
24776867 4
24776867 685
24776879 16
24776879 57
24776923 41
24777101 444
24777173 16
24777353 2655
24777443 1
24777461 3
24777461 183
24777469 27
24777479 1
24777703 5
24777707 12
24777757 192
24777787 345
24777833 1083
24777839 781
24777853 3
24777947 4
24777983 1
24778051 308
24778079 1
24778241 423
24778297 2763
24778381 95
24778399 60
24778399 300
24778427 25
24778529 7
24778573 180
24778661 2211
24778681 11
24778681 56
24778697 24
24778697 84
24778711 336
24778711 344
24778927 357
24778987 260
24779017 488
24779039 609
24779099 1
24779263 32
24779263 7196
24779393 15
24779393 5347
24779437 8
24779471 33
24779501 3
24779641 3
24779641 59
24779663 1
24779663 37
24779737 20
24779773 3
24779801 3
24779873 15
24779893 11
24779927 12
24779957 3
24779977 20
24779987 13
24780071 1
24780073 2895
24780127 29
24780127 57
24780137 7
24780179 1
24780557 1179
24780559 1212
24780593 7
24780601 2016
24780631 8
24780673 47
24780673 315
24780677 15
24780719 1
24780751 405
24780779 1057
24780809 7
24780863 1257
24780911 4
24781069 59
24781069 159
24781171 8688
24781247 7953
24781397 3
24781397 4
24781397 147
24781403 165
24781403 1872
24781417 3
24781439 9
24781583 1
24781609 2504
24781613 5875
24781721 460
24781723 701
24781811 4
24781847 24
24781907 4
24781963 7500
24781987 917
24782071 8
24782159 9
24782273 223
24782279 117
24782291 9
24782321 208
24782411 205
24782533 51
24782587 5108
24782599 545
24782623 20
24782647 8
24782699 217
24782717 4
24782731 84
24782741 3
24782759 945
24782777 283
24782861 3
24782917 260
24782969 4912
24783091 113
24783133 8
24783133 5796
24783137 43
24783151 8
24783193 36
24783217 3
24783359 1
24783361 23
24783419 109
24783419 2257
24783623 1768
24783641 396
24783817 188
24783971 1
24783971 309
24784027 720
24784031 1
24784127 9193
24784163 1
24784321 3
24784393 131
24784399 461
24784559 144
24784619 684
24784621 228
24784633 3
24784811 4
24784817 4
24784871 1
24784913 187
24785003 316
24785021 5688
24785147 744
24785261 3
24785281 3
24785323 108
24785323 1073
24785347 140
24785417 2115
24785489 252
24785489 2020
24785561 6148
24785653 23
24785653 236
24785681 4
24785687 13
24785687 33
24785693 3796
24785753 15
24785791 48
24785791 5144
24785897 3
24785939 1444
24785941 8288
24785963 1
24785977 399
24785987 532
24786011 1
24786071 4
24786137 3
24786367 3300
24786371 544
24786397 108
24786397 1352
24786523 761
24786551 9
24786613 743
24786857 1975
24786911 16
24786977 7
24787109 7
24787211 13
24787313 3631
24787421 99
24787421 348
24787429 35
24787541 4
24787577 4744
24787579 1929
24787691 4
24787691 204
24787759 3405
24787849 816
24787901 7980
24787957 1095
24788051 3681
24788233 5327
24788249 24
24788297 3
24788371 29
24788371 1169
24788377 627
24788441 643
24788473 60
24788479 3161
24788513 4731
24788657 472
24788971 284
24788983 857
24788983 1641
24789059 1
24789109 111
24789139 9
24789151 164
24789251 24
24789283 252
24789293 436
24789293 1408
24789311 1
24789311 4
24789389 31
24789389 99
24789389 132
24789497 432
24789517 164
24789571 129
24789613 3
24789763 312
24789763 3125
24789773 28
24789781 71
24789901 2531
24789911 1225
24789931 33
24789991 2268
24790001 99
24790043 1
24790043 21
24790043 381
24790127 568
24790141 24
24790151 9
24790153 12
24790169 2832
24790177 503
24790211 1
24790261 171
24790319 2044
24790321 3
24790373 120
24790397 7
24790453 11
24790499 9
24790543 12
24790553 12
24790553 1423
24790651 8
24790673 1432
24790681 395
24790681 4095
24790751 45
24790783 5
24790807 129
24790817 4824
24790847 24
24790859 937
24790943 393
24791009 4
24791057 60
24791119 2712
24791161 23
24791191 273
24791191 1109
24791203 185
24791243 1
24791267 184
24791297 3519
24791303 1
24791329 11
24791339 525
24791449 6324
24791453 51
24791479 17
24791479 1592
24791497 900
24791563 5
24791563 296
24791563 537
24791653 335
24791653 7095
24791699 1
24791731 3125
24791773 9423
24791821 195
24791821 4224
24791843 13
24791843 1692
24791917 3
24791917 3279
24791947 5
24791947 8
24791947 284
24792029 160
24792049 935
24792241 35
24792337 224
24792347 132
24792347 168
24792379 12
24792379 7472
24792401 31
24792401 136
24792403 192
24792503 1
24792503 1633
24792541 1484
24792623 1
24792661 15
24792661 840
24792661 1595
24792673 3
24792697 3
24792721 3
24792731 1
24792947 4
24793009 1047
24793019 1
24793049 2064
24793073 115
24793079 7644
24793091 448
24793201 2795
24793213 11
24793213 792
24793253 135
24793313 952
24793343 1
24793343 3453
24793409 444
24793411 120
24793493 1992
24793493 5736
24793523 1
24793543 92
24793567 680
24793577 19
24793631 21
24793729 239
24793733 3
24793759 72
24793759 3045
24793859 1
24793859 21
24794111 1
24794111 136
24794149 20
24794171 49
24794213 7
24794233 3
24794233 2055
24794261 6015
24794369 8919
24794383 3977
24794741 43
24794827 260
24794977 207
24795013 147
24795049 71
24795059 1
24795077 223
24795139 5
24795139 512
24795151 20
24795181 3
24795181 383
24795241 2040
24795347 6204
24795413 51
24795569 75
24795671 1
24795737 55
24795761 3
24795769 252
24795781 35
24795839 1
24795839 4
24795839 165
24795889 20
24795889 99
24795949 411
24795959 76
24796169 412
24796199 1
24796199 4
24796199 25
24796199 6861
24796259 84
24796309 12
24796313 1215
24796367 172
24796411 5
24796481 6843
24796517 688
24796517 3579
24796571 1
24796747 93
24796861 3
24796873 3
24796873 683
24796949 7
24797023 48
24797039 16
24797081 4
24797081 5031
24797093 4275
24797209 11
24797327 513
24797401 83
24797449 216
24797503 5
24797561 2715
24797567 288
24797573 48
24797599 1260
24797687 4
24797701 80
24797741 156
24797777 7
24797873 51
24797911 33
24798041 16
24798041 24
24798041 364
24798043 512
24798131 1
24798239 252
24798259 2540
24798299 237
24798299 1384
24798437 3
24798437 184
24798443 1
24798443 36
24798559 1320
24798601 3
24798601 216
24798607 9
24798679 84
24798689 204
24798691 600
24798797 4
24798877 3
24798959 16
24798967 9
24799121 676
24799223 1
24799223 60
24799259 1
24799337 7
24799373 16
24799469 160
24799477 63
24799561 7299
24799673 27
24799673 235
24799751 1
24799757 184
24799781 3
24799799 60
24799811 1
24799897 3
24799903 6912
24800021 496
24800051 48
24800173 3
24800183 1
24800201 855
24800327 240
24800333 3
24800333 736
24800411 96
24800429 7
24800459 1
24800521 144
24800579 1
24800593 1512
24800627 109
24800663 1
24800663 6972
24800843 36
24800857 1127
24800911 44
24800911 465
24800927 540
24801071 5704
24801109 12
24801241 35
24801253 251
24801307 80
24801373 3
24801373 1292
24801397 68
24801443 1
24801611 261
24801611 505
24801731 108
24801739 9
24801743 1
24801743 12
24801809 12
24801809 16
24801893 16
24801899 889
24801899 1264
24801911 141
24801919 396
24802109 39
24802153 3
24802207 7569
24802259 1
24802259 16
24802301 15
24802313 36
24802313 2140
24802319 16
24802319 24
24802411 80
24802411 168
24802559 1
24802637 7
24802667 517
24802769 7
24802861 168
24802879 32
24802889 55
24803011 2184
24803123 1
24803203 80
24803347 5105
24803447 37
24803447 1117
24803507 153
24803521 995
24803521 1028
24803567 4
24803567 4225
24803587 5
24803593 12
24803641 3
24803651 1
24803657 3
24803657 135
24803657 715
24803699 1
24803699 12
24803699 40
24803711 120
24803743 177
24803743 1505
24803749 2751
24803761 3
24803791 29
24803861 3
24803917 3
24803927 3373
24803951 1
24803951 25
24803951 169
24804001 104
24804181 48
24804407 1104
24804463 8193
24804469 1136
24804523 9540
24804529 711
24804551 16
24804607 48
24804841 8
24804863 1
24804863 36
24804961 3
24805009 32
24805147 1988
24805213 12
24805351 9
24805399 500
24805481 4
24805607 9
24805607 25
24805657 2612
24805667 4
24805709 6819
24805723 161
24805747 417
24805747 9329
24806081 751
24806143 392
24806207 237
24806239 297
24806323 33
24806323 657
24806401 639
24806407 20
24806611 9
24806651 1
24806659 140
24806827 1928
24806849 12
24806863 473
24806917 15
24806981 3
24807049 1811
24807239 1
24807257 1668
24807287 1308
24807361 4800
24807389 4
24807511 48
24807623 13
24807667 3608
24807701 171
24807707 937
24807791 1
24807841 351
24807841 3528
24807899 4
24807917 480
24807943 5
24808031 768
24808051 1520
24808139 1
24808183 5
24808183 177
24808211 324
24808297 3
24808313 783
24808447 104
24808481 3
24808519 309
24808523 1
24808573 4791
24808577 3
24808681 528
24808687 29
24808687 6572
24808703 745
24808739 1
24808739 360
24808793 60
24808793 367
24808843 276
24808853 36
24808879 24
24808879 396
24808937 3
24809009 207
24809039 340
24809179 32
24809179 1329
24809321 444
24809321 3363
24809327 45
24809359 12
24809377 3
24809401 851
24809423 25
24809431 1460
24809437 324
24809503 36
24809527 5
24809527 1344
24809537 4
24809699 1
24809723 208
24809747 1633
24809767 5
24809833 4863
24809857 63
24809861 24
24809861 148
24809887 12
24809891 1705
24809903 8556
24809947 5
24809947 69
24809947 5408
24810001 23
24810041 3
24810047 733
24810083 12
24810119 6165
24810127 380
24810151 2541
24810161 328
24810193 51
24810229 8159
24810337 12
24810367 597
24810367 608
24810389 4
24810397 3
24810433 3
24810433 8
24810529 8756
24810551 4
24810587 7548
24810671 1
24810673 3
24810817 144
24810887 153
24810887 172
24810913 2136
24810917 4
24810959 4
24810967 29
24811013 3
24811019 9
24811063 105
24811069 12
24811139 9
24811219 5
24811219 777
24811231 9
24811337 4
24811379 1
24811379 7165
24811469 780
24811513 3363
24811547 4
24811651 549
24811681 7596
24811693 3
24811757 180
24811757 8515
24811879 9
24811879 252
24811931 1
24811931 213
24811991 1
24812057 2215
24812087 1048
24812143 21
24812213 15
24812219 3261
24812261 4
24812267 4324
24812303 1
24812323 5
24812329 11
24812329 1811
24812351 1
24812351 16
24812393 3
24812413 4895
24812453 543
24812479 69
24812497 3
24812531 1
24812563 12
24812657 300
24812687 820
24812701 311
24812743 45
24812759 1
24812833 87
24812941 23
24812969 2955
24812999 4
24813071 60
24813071 61
24813071 81
24813121 3
24813127 504
24813197 4
24813197 303
24813209 7
24813209 132
24813233 3
24813233 7
24813253 3
24813263 1
24813263 213
24813263 1633
24813277 1328
24813317 3
24813317 388
24813359 9117
24813391 2840
24813419 9
24813419 1252
24813443 1
24813443 2697
24813463 68
24813491 13
24813499 2121
24813511 6953
24813533 303
24813583 8832
24813611 1296
24813739 296
24813743 1672
24813799 5
24813989 15
24814117 20
24814157 4
24814159 1464
24814243 5
24814253 1483
24814253 2451
24814303 620
24814367 1393
24814417 80
24814423 5
24814481 124
24814481 463
24814487 1309
24814561 356
24814567 120
24814619 1572
24814667 160
24814693 27
24814813 8
24814859 297
24814877 984
24814967 717
24815081 3
24815173 11
24815207 4
24815347 2984
24815467 77
24815473 660
24815489 756
24815509 771
24815513 6696
24815533 800
24815611 209
24815627 252
24815737 4083
24815803 53
24815821 84
24815831 1
24815899 9
24815933 247
24815993 156
24816017 7
24816017 804
24816037 875
24816161 4119
24816217 3
24816251 480
24816607 32
24816769 4491
24816791 1
24816829 11
24816871 20
24816881 4
24816937 27
24816989 4
24817061 16
24817151 24
24817151 7240
24817279 5
24817279 344
24817319 1
24817333 23
24817339 56
24817379 421
24817511 1
24817531 509
24817607 28
24817607 117
24817657 8
24817673 7
24817673 15
24817777 567
24817777 704
24817817 12
24817831 396
24817847 12
24817847 64
24817879 164
24817921 176
24818117 28
24818153 28
24818393 2335
24818533 11
24818551 48
24818551 225
24818641 35
24818663 1
24818701 3
24818723 1
24818767 1029
24818819 4656
24818821 2516
24818851 20
24818851 89
24818891 3664
24818933 28
24819043 21
24819059 1
24819071 9
24819071 25
24819101 280
24819103 32
24819209 4
24819217 1748
24819233 3
24819247 4884
24819307 332
24819329 1335
24819397 12
24819401 223
24819449 39
24819451 108
24819503 1500
24819511 233
24819593 55
24819611 1
24819647 184
24819709 11
24819727 548
24819749 16
24819749 39
24819749 67
24819763 345
24819763 768
24819787 33
24819937 155
24819941 99
24820039 21
24820171 5
24820199 1
24820207 129
24820273 20
24820283 417
24820309 1040
24820339 581
24820373 5391
24820567 20
24820567 1800
24820571 1
24820639 357
24820687 744
24820693 8
24820693 11
24820693 108
24820771 9
24820771 164
24820777 3
24820871 3580
24820883 16
24821063 1
24821063 61
24821101 3
24821101 5159
24821179 152
24821227 9
24821473 3
24821497 600
24821507 1905
24821507 3484
24821527 737
24821551 5
24821551 41
24821639 916
24821743 1581
24821837 12
24821939 1
24821947 177
24822089 55
24822131 216
24822191 1
24822307 8
24822311 625
24822331 44
24822349 80
24822383 1
24822419 861
24822433 240
24822443 1
24822541 6843
24822641 40
24822643 8
24822647 24
24822829 387
24822857 504
24822899 6720
24822923 1
24822961 2303
24822991 5
24823151 4413
24823199 4596
24823223 1
24823223 9216
24823429 4815
24823499 21
24823609 20
24823651 9
24823751 1
24824017 8
24824027 1600
24824081 4339
24824119 384
24824183 1
24824197 5040
24824197 7632
24824329 7340
24824363 1
24824399 4
24824399 2136
24824483 2476
24824533 3
24824533 7155
24824549 1015
24824603 13
24824633 1027
24824753 1183
24824771 1
24824801 579
24824837 28
24824837 1912
24825091 128
24825121 2591
24825149 2047
24825271 9240
24825301 36
24825551 28
24825613 68
24825629 7
24825629 951
24825641 240
24825643 2937
24825701 4
24825803 241
24825863 1
24825883 9257
24825893 16
24825929 52
24826057 8
24826129 56
24826289 19
24826397 48
24826421 231
24826427 97
24826463 81
24826469 252
24826469 7759
24826583 1
24826601 3843
24826751 420
24826799 52
24826861 171
24826957 4032
24826979 1
24827009 115
24827009 327
24827071 21
24827119 21
24827171 540
24827197 27
24827203 8712
24827237 5440
24827239 657
24827279 1
24827287 48
24827291 36
24827303 93
24827339 4
24827359 17
24827381 15
24827417 7
24827507 160
24827507 169
24827597 4
24827711 1
24827717 3
24827809 80
24827867 4
24827897 24
24827947 65
24827947 4737
24827969 4
24828059 264
24828127 560
24828131 1
24828149 31
24828187 104
24828233 87
24828337 3
24828389 2871
24828467 24
24828467 33
24828577 660
24828589 9171
24828593 12
24828637 9027
24828731 1
24828757 3
24828767 157
24828773 120
24828803 1
24828851 1
24828851 1776
24828889 44
24828893 508
24828917 4
24828917 15
24828977 3
24828977 5352
24828997 4992
24829097 3
24829111 36
24829127 1477
24829127 2260
24829139 8437
24829159 444
24829193 331
24829247 4
24829261 8
24829319 12
24829391 1
24829391 9933
24829403 168
24829411 60
24829411 1685
24829421 2004
24829547 4
24829601 84
24829669 56
24829691 1
24829733 2092
24829781 15
24829781 220
24829891 165
24829943 192
24829943 201
24829991 124
24829993 3852
24830059 7932
24830089 71
24830173 536
24830203 4752
24830231 1
24830257 8
24830369 432
24830371 20
24830423 3681
24830431 6708
24830483 1
24830483 636
24830671 3185
24830713 236
24830717 27
24830831 1
24830887 8
24830921 864
24831013 8
24831017 4
24831017 43
24831041 3
24831041 156
24831041 904
24831073 11
24831097 2783
24831109 8735
24831161 3
24831299 217
24831353 12
24831409 180
24831481 39
24831491 49
24831493 3632
24831503 1
24831503 5293
24831529 1436
24831533 28
24831629 340
24831647 9
24831721 3
24831721 131
24831853 3875
24831889 32
24831889 1235
24831889 3347
24831923 1
24831923 4788
24831971 9
24831971 25
24832007 4
24832021 1571
24832039 369
24832109 2064
24832177 1667
24832193 796
24832289 3492
24832319 1
24832319 205
24832343 1
24832343 2545
24832523 1
24832537 8
24832537 140
24832603 21
24832603 2817
24832637 4188
24832697 12
24832721 4756
24832739 1
24832799 1
24832799 4
24833021 6235
24833063 340
24833089 1160
24833093 15
24833101 24
24833239 5
24833239 8801
24833297 7395
24833411 1
24833443 5
24833569 2387
24833587 225
24833597 7
24833603 1
24833621 4
24833701 99
24833717 199
24833717 5475
24833777 7
24833863 8
24833917 12
24833971 36
24834031 5001
24834031 8433
24834041 64
24834101 99
24834113 3
24834113 52
24834223 32
24834269 4
24834449 4
24834473 100
24834487 5
24834559 3992
24834697 3
24834749 7
24834749 4699
24834757 432
24834769 111
24834839 165
24834851 216
24834853 35
24834923 660
24835087 84
24835297 8
24835367 420
24835457 1215
24835477 3
24835507 84
24835511 1
24835511 7293
24835567 60
24835579 5
24835661 3136
24835757 2692
24835817 3
24835823 3121
24835859 745
24835891 245
24835913 3
24835933 12
24835949 52
24835949 6747
24836041 888
24836051 13
24836057 175
24836083 21
24836111 1
24836111 73
24836221 6035
24836299 21
24836347 17
24836359 444
24836411 1
24836503 96
24836521 35
24836521 588
24836533 5747
24836621 2359
24836663 1908
24836663 2188
24836761 3
24836761 635
24836873 7
24836893 60
24836923 92
24836927 849
24837013 87
24837041 63
24837193 275
24837193 443
24837233 495
24837259 332
24837277 23
24837331 9
24837403 1701
24837581 496
24837623 1
24837641 3471
24837653 8743
24837707 12
24837733 3
24837751 5
24837811 189
24837863 1
24837877 375
24837889 371
24837893 12
24837893 112
24837899 1
24837937 3
24837937 8
24837971 9
24837971 24
24837979 1736
24837991 476
24837991 3153
24838013 7
24838067 13
24838199 1
24838243 1577
24838267 8
24838277 87
24838277 6364
24838361 4
24838393 1472
24838483 8
24838519 56
24838537 12
24838603 833
24838621 996
24838631 2221
24838631 5293
24838687 5
24838753 3
24838777 75
24838837 3
24838841 43
24838903 600
24838903 792
24838987 29
24839117 7
24839117 283
24839183 12
24839183 85
24839197 24
24839237 4
24839237 583
24839237 1444
24839239 21
24839239 132
24839299 9
24839369 4
24839447 1249
24839461 68
24839473 20
24839489 1612
24839489 2407
24839579 1
24839579 892
24839723 1
24839753 72
24839753 1323
24839779 209
24839819 2236
24839861 1711
24839879 1
24839981 4
24839981 924
24840071 1
24840173 7
24840191 81
24840229 11
24840229 2399
24840421 548
24840463 5
24840493 12
24840509 12
24840521 3
24840589 11
24840743 1
24840857 103
24840877 243
24840901 8
24840901 1524
24840913 1727
24840917 28
24840953 7
24841123 12
24841169 39
24841217 112
24841217 784
24841277 12
24841283 517
24841321 11
24841391 69
24841477 20
24841483 1361
24841501 2984
24841507 284
24841507 389
24841511 9
24841511 141
24841529 15
24841543 101
24841627 2108
24841631 3136
24841783 53
24841793 7
24841829 99
24841939 681
24841961 24
24842053 11
24842071 8
24842099 49
24842143 17
24842159 136
24842161 191
24842171 1
24842171 225
24842171 7140
24842309 3636
24842399 1
24842401 56
24842417 19
24842459 1
24842513 3
24842551 20
24842603 73
24842803 8
24842903 1
24843041 3855
24843047 13
24843047 1368
24843073 75
24843223 20
24843251 16
24843251 24
24843263 25
24843263 693
24843323 96
24843323 117
24843337 3368
24843337 4047
24843407 7837
24843521 3
24843547 2133
24843649 459
24843649 767
24843743 1
24843913 83
24844003 8
24844031 4
24844037 15
24844063 56
24844103 1501
24844139 1
24844147 48
24844177 1304
24844217 1968
24844291 3329
24844399 300
24844399 824
24844433 831
24844481 1720
24844499 1
24844499 100
24844537 732
24844541 4
24844541 628
24844559 1860
24844637 3
24844637 1968
24844829 436
24844879 264
24844943 445
24844979 4
24844979 2412
24845053 255
24845147 8629
24845153 3
24845209 84
24845209 95
24845209 351
24845231 1
24845231 3729
24845323 17
24845339 1
24845383 5
24845399 472
24845417 3
24845441 280
24845573 51
24845573 2068
24845599 9
24845729 1120
24845729 1440
24845771 85
24845797 243
24845803 12
24845809 20
24845839 5
24845893 1388
24845963 1
24845987 4
24846067 9
24846119 4905
24846121 3
24846179 4
24846191 9
24846251 2413
24846293 672
24846373 3
24846491 1
24846641 9763
24846677 7
24846683 1
24846743 1
24846743 7245
24846763 432
24846853 143
24846953 3
24847007 12
24847051 2696
24847099 5
24847099 3936
24847103 1
24847237 23
24847259 16
24847259 84
24847283 1276
24847297 1688
24847297 8519
24847357 327
24847367 9
24847391 4
24847391 28
24847441 3
24847463 37
24847469 7
24847699 225
24847871 93
24847973 136
24847973 280
24848039 1
24848051 49
24848123 1
24848123 36
24848137 59
24848137 408
24848279 49
24848287 6209
24848399 24
24848413 1455
24848459 1
24848459 565
24848567 328
24848633 336
24848633 5596
24848653 95
24848687 33
24848687 424
24848741 300
24848771 133
24848773 83
24848801 3
24848807 280
24848819 1
24848833 1655
24848921 139
24848963 1
24848963 45
24849101 15
24849191 196
24849247 5
24849271 56
24849289 896
24849379 17
24849401 3
24849439 209
24849467 7540
24849541 11
24849599 4969
24849823 6173
24849863 973
24849911 13
24850037 1008
24850109 1671
24850123 36
24850207 389
24850229 27
24850249 180
24850261 3
24850297 3
24850409 31
24850411 24
24850493 2607
24850547 1297
24850619 597
24850691 1
24850751 1
24850751 276
24850789 11
24850789 239
24850877 3
24850919 4
24850937 892
24851111 1
24851131 6804
24851153 9783
24851363 40
24851413 8136
24851441 3
24851447 4
24851447 5472
24851471 1
24851507 2337
24851509 2760
24851527 8
24851599 12
24851599 1556
24851873 556
24851903 1
24851903 1048
24851923 6560
24851971 29
24852007 84
24852007 105
24852007 273
24852041 4
24852053 7
24852089 5295
24852199 189
24852253 3
24852299 4
24852313 131
24852349 51
24852379 5
24852469 11
24852791 105
24852869 12
24853063 17
24853123 8
24853151 1
24853151 820
24853193 51
24853207 8
24853247 4192
24853277 4
24853313 132
24853331 1
24853331 988
24853369 1656
24853393 236
24853453 11
24853511 81
24853651 89
24853721 3
24853753 2660
24853781 499
24853859 1
24853883 1
24853937 4
24853943 1
24853981 180
24853993 27
24854041 104
24854107 8
24854143 141
24854161 20
24854197 68
24854197 303
24854287 77
24854339 1
24854339 49
24854339 2596
24854353 3
24854353 2936
24854353 3363
24854371 41
24854461 371
24854471 300
24854519 12
24854549 975
24854617 60
24854623 420
24854657 15
24854659 21
24854719 249
24854749 2447
24854759 1
24854779 24
24854779 60
24854873 2247
24854873 4227
24854917 12
24854917 9075
24854987 4
24855109 35
24855197 3
24855209 376
24855269 132
24855277 8
24855289 119
24855353 3
24855437 4
24855437 127
24855443 612
24855511 6884
24855517 564
24855539 7840
24855577 104
24855619 60
24855647 264
24855659 352
24855791 1
24855839 1
24855851 1
24855899 1
24855931 21
24855947 232
24855949 4404
24855949 5816
24855953 1020
24855967 2057
24855973 15
24855977 12
24855977 24
24856003 5
24856067 49
24856067 69
24856067 2605
24856133 336
24856147 4989
24856163 357
24856211 2305
24856229 4480
24856243 20
24856283 913
24856423 765
24856529 60
24856577 4
24856589 340
24856661 1408
24856691 1
24856847 468
24856969 4460
24857003 12
24857003 453
24857017 200
24857017 6132
24857137 3
24857137 44
24857153 4908
24857177 427
24857237 303
24857243 1
24857243 60
24857243 988
24857369 52
24857419 20
24857471 4
24857471 156
24857479 84
24857507 108
24857513 1120
24857513 3360
24857537 3
24857579 60
24857593 123
24857639 1
24857659 12
24857713 3
24857761 11
24857773 3
24857809 56
24857809 632
24857813 1107
24857891 100
24857993 852
24858037 12
24858107 12
24858107 1264
24858241 359
24858241 7916
24858367 77
24858371 1
24858467 4177
24858499 5
24858511 5
24858511 804
24858523 2088
24858557 2088
24858623 1
24858623 52
24858661 84
24858697 60
24858703 105
24858761 3
24858923 133
24858937 440
24859027 57
24859103 741
24859141 183
24859171 8
24859171 21
24859171 396
24859181 2380
24859187 25
24859199 4737
24859249 87
24859327 17
24859379 1
24859511 24
24859561 63
24859567 344
24859603 5
24859693 11
24859841 16
24859841 163
24859841 444
24859843 2000
24859853 12
24859853 487
24859993 96
24859997 75
24860029 15
24860053 83
24860083 116
24860089 72
24860093 7840
24860167 1088
24860207 1608
24860237 3
24860287 44
24860287 924
24860387 285
24860387 6205
24860519 12
24860621 55
24860639 1
24860933 1248
24860951 24
24860963 1
24860971 485
24860971 1245
24861041 15
24861059 1
24861059 4005
24861113 16
24861121 3
24861383 5532
24861461 4
24861461 51
24861461 148
24861493 3
24861541 8
24861589 11
24861607 132
24861619 5
24861631 8
24861631 144
24861691 8
24861691 65
24861691 2280
24861959 12
24861959 1057
24862001 3
24862001 244
24862009 660
24862043 201
24862043 9100
24862063 716
24862081 191
24862111 9
24862133 52
24862133 132
24862223 1
24862307 637
24862307 645
24862339 12
24862339 792
24862421 2635
24862429 35
24862433 247
24862451 1
24862499 1
24862511 13
24862547 4800
24862571 160
24862597 3
24862597 1115
24862681 7283
24862699 336
24862741 383
24862753 3003
24862813 95
24862909 1712
24863011 80
24863071 3773
24863099 361
24863119 237
24863339 1
24863341 159
24863341 3716
24863429 16
24863429 19
24863459 69
24863471 9
24863551 9
24863551 3036
24863557 1268
24863651 4
24863737 447
24863747 12
24863747 3432
24863771 1
24863803 5
24863821 140
24863833 263
24863929 3479
24864067 3248
24864071 4
24864131 4
24864221 3
24864221 4
24864221 700
24864289 32
24864391 6204
24864401 339
24864419 61
24864443 112
24864479 280
24864577 23
24864607 24
24864641 3
24864779 36
24864841 96
24864941 8320
24864943 3105
24864991 500
24865103 1
24865199 405
24865279 36
24865289 4
24865349 4
24865349 7035
24865361 16
24865391 1
24865391 28
24865411 3369
24865439 9
24865531 21
24865531 176
24865573 3387
24865579 332
24865583 1
24865583 1068
24865693 12
24865693 1140
24865697 4
24865793 3940
24865871 3868
24865873 387
24865873 5447
24865913 976
24865943 1
24865943 21
24865949 12
24865949 24
24865987 8
24865987 17
24865991 3468
24866113 2276
24866129 336
24866167 8
24866207 4537
24866239 5
24866249 15
24866251 1388
24866273 3
24866293 7896
24866477 7972
24866483 5041
24866489 4
24866521 35
24866521 303
24866531 1
24866531 180
24866537 135
24866587 17
24866591 1
24866591 196
24866651 76
24866753 868
24866761 35
24866773 23
24866773 392
24866773 1896
24866837 144
24866921 3
24866921 4
24866921 5604
24866957 28
24866977 23
24866977 312
24867263 1
24867313 60
24867397 3
24867457 35
24867499 1904
24867533 7
24867613 155
24867629 256
24867641 184
24867707 2892
24867749 40
24867749 3472
24867767 4
24867781 35
24867833 988
24867847 5
24867883 236
24867919 29
24867943 56
24868013 6460
24868043 6276
24868117 728
24868139 1
24868139 1836
24868153 5880
24868157 7
24868157 19
24868187 4
24868201 5016
24868309 1472
24868367 28
24868367 37
24868439 21
24868439 120
24868567 1992
24868583 1
24868609 12
24868639 56
24868661 1960
24868703 40
24868721 16
24868769 3795
24868793 3
24868793 5983
24868801 48
24868931 84
24868973 12
24868981 15
24869087 12
24869177 343
24869197 20
24869197 63
24869227 224
24869353 8420
24869357 3999
24869363 1
24869387 9
24869393 7
24869431 69
24869489 6951
24869557 27
24869573 28
24869653 3
24869701 3
24869711 2788
24869717 108
24869717 139
24869731 764
24869921 888
24869947 24
24870007 692
24870011 4
24870073 683
24870073 3176
24870113 4612
24870119 1
24870137 3867
24870143 1
24870233 55
24870247 2592
24870281 2184
24870289 60
24870299 192
24870317 3052
24870353 3
24870353 2332
24870367 5
24870367 332
24870407 1288
24870479 9
24870497 72
24870499 744
24870557 2127
24870577 339
24870619 9
24870763 5133
24870817 12
24870817 107
24870823 5
24870827 6909
24871043 1
24871213 32
24871261 3
24871291 233
24871367 25
24871367 108
24871403 1
24871453 3
24871453 155
24871481 31
24871523 7497
24871607 7204
24871633 248
24871723 1136
24871751 16
24871771 53
24871813 11
24871831 201
24871963 156
24871991 1
24871991 28
24872069 3531
24872093 3171
24872147 820
24872249 4
24872249 39
24872249 339
24872321 15
24872327 88
24872381 1359
24872443 6161
24872461 131
24872503 96
24872531 1293
24872537 408
24872537 960
24872599 5
24872663 1
24872671 8585
24872677 224
24872681 151
24872707 5
24872707 597
24872747 4
24872753 3
24872753 7
24872831 25
24872909 9955
24872927 60
24872927 6477
24872941 444
24872993 571
24873053 43
24873151 9
24873151 44
24873157 8
24873179 4
24873187 65
24873187 89
24873239 1
24873257 39
24873263 1
24873283 8
24873283 4761
24873323 13
24873341 616
24873379 5225
24873427 17
24873461 64
24873493 3116
24873571 116
24873659 1
24873659 1557
24873713 15
24873727 8328
24873733 516
24873743 33
24873743 645
24873791 1
24873889 840
24874067 9
24874117 8
24874123 176
24874231 84
24874243 45
24874243 1457
24874337 3
24874361 4
24874361 8044
24874469 40
24874481 300
24874691 1
24874691 45
24874697 624
24874867 200
24874909 6951
24874957 3
24875033 147
24875033 2395
24875141 3
24875141 16
24875143 1961
24875219 1
24875219 4
24875327 64
24875381 219
24875399 9
24875399 24
24875483 1972
24875519 9
24875531 4
24875537 4
24875569 1040
24875749 72
24875771 1
24875813 3
24875813 60
24875867 240
24875927 24
24875927 1608
24875927 6657
24875969 964
24876001 3
24876001 231
24876011 145
24876011 316
24876017 295
24876037 15
24876079 45
24876121 23
24876121 2948
24876209 112
24876259 836
24876331 5
24876337 263
24876427 6453
24876431 181
24876433 1803
24876589 59
24876619 6080
24876653 60
24876667 425
24876667 977
24876737 772
24876811 176
24876857 63
24876979 392
24877019 2332
24877079 132
24877079 217
24877109 111
24877123 21
24877123 77
24877123 2232
24877163 13
24877253 291
24877261 3
24877297 1283
24877309 7031
24877313 216
24877373 3520
24877481 16
24877481 2575
24877571 1309
24877603 105
24877663 41
24877663 8480
24877747 29
24877753 348
24877777 1500
24877799 1
24877849 8087
24877849 8435
24877883 1
24877891 9140
24877921 3
24877921 1151
24877943 1
24878069 400
24878093 1563
24878159 1
24878159 612
24878207 7908
24878299 12
24878303 13
24878453 67
24878453 316
24878459 1
24878459 96
24878501 4
24878537 2008
24878573 7
24878593 3
24878593 8
24878593 48
24878621 4
24878699 364
24878719 8172
24878731 41
24878767 2457
24878773 3
24878773 12
24878779 381
24878797 204
24878927 12
24878969 411
24878969 415
24878981 163
24879017 444
24879089 16
24879161 2284
24879209 12
24879289 60
24879331 7140
24879343 36
24879397 95
24879401 4
24879601 3
24879731 21
24879731 93
24879931 8
24879977 1395
24880067 25
24880069 135
24880091 204
24880151 1
24880151 4
24880211 120
24880279 12
24880279 452
24880283 900
24880393 36
24880393 455
24880397 4083
24880553 48
24880553 6576
24880607 13
24880649 31
24880901 3
24880913 7860
24881011 21
24881029 176
24881039 585
24881161 11
24881161 3920
24881173 4088
24881177 7
24881341 23
24881579 216
24881611 5
24881651 4
24881677 3699
24881771 1
24881771 600
24881777 252
24881783 145
24881869 36
24881869 5592
24881873 9415
24881891 5665
24881953 3815
24882017 7
24882131 4
24882131 13
24882131 2209
24882157 320
24882173 7
24882173 12
24882257 135
24882289 1415
24882301 944
24882301 2891
24882359 265
24882371 45
24882397 3732
24882421 8
24882421 80
24882443 1
24882541 3
24882587 69
24882593 16
24882673 7535
24882721 3
24882727 4013
24882839 1
24882839 16
24882839 105
24882931 780
24882943 512
24882943 873
24883039 5
24883051 68
24883093 11
24883099 104
24883123 1917
24883259 3801
24883333 72
24883373 31
24883379 96
24883381 24
24883403 1
24883451 45
24883487 37
24883487 148
24883613 3
24883619 4
24883619 6156
24883693 456
24883693 6960
24883697 7
24883697 15
24883697 79
24883709 67
24883759 5
24883819 45
24883853 7
24883877 43
24883897 87
24883921 1808
24884063 141
24884063 2520
24884081 48
24884099 129
24884323 177
24884359 80
24884593 48
24884603 100
24884653 11
24884677 44
24884681 3
24884773 3
24884819 1
24884819 76
24884887 1344
24884933 88
24884941 159
24884941 231
24885067 320
24885083 1
24885083 28
24885083 73
24885101 2463
24885173 91
24885173 411
24885233 192
24885233 5355
24885313 260
24885361 11
24885391 989
24885437 1147
24885457 3
24885559 1620
24885661 4659
24885767 592
24885803 1
24885851 1
24885851 4
24885923 33
24885967 2597
24886007 13
24886039 3080
24886039 3120
24886061 4
24886123 17
24886177 2307
24886229 19
24886241 4
24886241 88
24886361 3
24886429 27
24886711 41
24886919 1
24886921 3
24886937 75
24887021 3
24887029 3267
24887029 3984
24887089 11
24887089 32
24887189 12
24887221 2699
24887227 5
24887231 1
24887279 1
24887383 5
24887383 1217
24887407 8
24887461 11
24887503 57
24887519 1
24887519 76
24887561 339
24887641 8151
24887659 5
24887719 5
24887719 557
24887729 12
24887833 15
24887857 20
24887857 32
24887893 3
24887893 23
24887903 1
24887977 20
24888077 43
24888179 1825
24888203 1
24888209 7
24888247 24
24888313 3
24888377 3595
24888419 6409
24888469 312
24888481 9540
24888491 1
24888491 145
24888631 56
24888631 921
24888683 1
24888707 3633
24888769 195
24888769 560
24888863 12
24888869 3039
24888869 6247
24888881 4
24888881 3091
24888953 3
24889103 900
24889141 2559
24889219 9729
24889237 59
24889247 33
24889261 35
24889313 28
24889321 8
24889391 1
24889391 4
24889391 21
24889441 3
24889441 900
24889457 208
24889499 1
24889499 4
24889523 13
24889523 448
24889541 63
24889577 3939
24889619 1
24889619 7020
24889673 3
24889673 96
24889729 11
24889849 12
24889871 100
24889871 264
24889919 1
24889927 8049
24889967 3997
24890017 264
24890087 24
24890087 1929
24890101 8
24890101 6671
24890237 103
24890267 4
24890279 1941
24890291 1
24890353 3
24890353 8912
24890377 803
24890413 11
24890413 948
24890419 2165
24890581 6236
24890597 19
24890629 1007
24890629 1787
24890687 4
24890693 3
24890759 12
24890759 777
24890819 1
24890819 276
24890891 1
24890909 64
24890951 1
24890951 1569
24891143 1
24891151 1020
24891211 56
24891239 1
24891239 24
24891239 112
24891257 243
24891287 4908
24891299 1
24891299 397
24891523 33
24891523 4157
24891563 1
24891593 3
24891593 1020
24891641 543
24891679 5
24891793 455
24891803 33
24891857 3
24891863 12
24891959 1
24891959 69
24891991 81
24892001 4
24892001 3859
24892013 708
24892057 8
24892057 12
24892079 1
24892171 180
24892327 320
24892367 24
24892409 7560
24892421 5220
24892429 191
24892433 7
24892541 303
24892541 316
24892583 25
24892661 3
24892661 1815
24892691 1
24892849 60
24892921 1383
24892943 1
24893081 3915
24893101 3
24893171 9
24893201 19
24893237 84
24893353 3
24893377 384
24893399 1
24893417 583
24893461 8
24893467 2417
24893543 1560
24893599 5
24893599 6972
24893707 5
24893707 4044
24893777 15
24893873 36
24893963 325
24893987 33
24893989 404
24894017 6543
24894029 1212
24894053 7
24894113 171
24894157 687
24894193 35
24894263 1
24894301 1415
24894347 93
24894449 99
24894607 1284
24894641 468
24894703 5808
24894743 736
24894787 9
24894803 780
24894823 20
24894889 12
24894907 9
24894931 81
24894967 8
24895049 1671
24895063 45
24895097 3
24895163 1
24895207 69
24895249 35
24895291 5
24895307 60
24895307 4312
24895313 16
24895397 7
24895417 44
24895417 2027
24895433 247
24895433 300
24895439 4
24895547 57
24895553 3
24895589 27
24895631 1
24895631 3036
24895687 84
24895721 19
24895727 4
24895751 61
24895781 1615
24895789 60
24895807 9
24895807 4389
24895879 5
24895901 4
24895903 1541
24895987 12
24895987 113
24896017 3
24896231 448
24896303 1
24896353 83
24896411 5089
24896507 28
24896507 2548
24896513 771
24896519 1
24896519 24
24896537 12
24896623 65
24896639 1
24896693 108
24896759 45
24896777 7035
24896917 3
24896933 7
24897001 3
24897071 25
24897071 69
24897083 121
24897113 3
24897149 24
24897259 65
24897269 7
24897539 1
24897539 1081
24897713 588
24897721 104
24897739 21
24897779 4
24897779 2409
24897841 384
24897857 4
24897857 12
24897893 7
24897949 152
24898043 16
24898103 612
24898141 3
24898201 1244
24898273 212
24898337 39
24898409 1947
24898469 27
24898469 447
24898507 837
24898561 140
24898561 188
24898637 732
24898661 3
24898663 5
24898801 36
24898801 128
24898807 9
24898831 1329
24898879 20
24898883 21
24898963 8
24899051 1
24899089 204
24899183 1
24899207 9660
24899257 5535
24899309 7
24899321 2299
24899449 51
24899461 440
24899473 8
24899491 20
24899621 136
24899647 5
24899759 60
24900119 12
24900173 1668
24900199 4760
24900277 1004
24900493 80
24900493 2211
24900493 9408
24900517 6968
24900521 3
24900521 4
24900677 235
24900683 21
24900703 9776
24900779 2776
24900893 3
24900901 3
24900919 2181
24901013 4600
24901027 60
24901189 15
24901307 40
24901307 1480
24901417 20
24901451 2520
24901559 109
24901579 20
24901607 33
24901621 1571
24901661 16
24901727 57
24901781 16
24901817 9315
24901831 9576
24902107 8
24902177 52
24902231 885
24902231 5313
24902281 3
24902333 16
24902377 47
24902489 4
24902533 11
24902587 3945
24902741 6255
24902819 357
24902819 3301
24902833 23
24902837 4
24902881 3
24902881 303
24902921 4
24902947 5
24902947 24
24902957 7
24902971 2088
24902993 51
24902993 135
24903007 2504
24903103 740
24903169 539
24903209 4
24903217 12
24903349 71
24903367 197
24903371 16
24903371 4933
24903383 1
24903383 12
24903397 15
24903421 4244
24903511 189
24903551 36
24903551 1045
24903617 4
24903617 7
24903617 519
24903667 4544
24903743 1
24903839 1
24903863 1
24903941 2019
24903961 11
24904081 36
24904111 785
24904123 5
24904123 56
24904157 3
24904177 32
24904349 111
24904381 60
24904381 4920
24904559 1
24904577 3100
24904577 5607
24904619 1
24904631 93
24904703 1
24904739 1
24904787 4
24904787 565
24904843 33
24904843 1176
24904931 1065
24905009 6331
24905011 60
24905123 1
24905161 11
24905207 208
24905443 2165
24905533 8
24905537 7
24905633 1012
24905651 13
24905669 4
24905669 12
24905753 2896
24906001 8
24906187 32
24906247 297
24906247 1080
24906281 79
24906347 544
24906451 93
24906491 508
24906571 284
24906577 104
24906601 3
24906611 25
24906697 135
24906731 4
24906901 116
24907021 3
24907033 140
24907037 2340
24907063 17
24907063 8777
24907079 9640
24907163 1
24907163 12
24907187 9
24907237 3
24907249 140
24907331 133
24907349 127
24907409 31
24907411 120
24907471 861
24907513 651
24907609 4784
24907681 35
24907739 121
24907741 83
24907789 1995
24907801 11
24907859 12
24907859 969
24907937 4
24907963 6608
24907991 33
24907999 92
24907999 1920
24908047 12
24908063 1
24908087 9
24908173 12
24908189 55
24908189 127
24908231 1
24908447 4
24908473 8
24908491 56
24908539 189
24908579 7165
24908603 813
24908603 7420
24908687 3444
24908749 36
24908827 9
24908827 213
24908857 2163
24908879 60
24908951 1
24908957 3
24908957 55
24909061 8
24909067 8
24909077 4
24909163 56
24909163 128
24909239 4
24909281 24
24909329 7
24909349 131
24909371 1141
24909383 8392
24909557 684
24909601 59
24909701 511
24909721 3
24909733 267
24909739 1292
24909761 3
24909791 4
24909881 544
24909881 835
24909923 285
24909923 597
24909971 1
24909979 5
24910013 27
24910013 2488
24910031 2245
24910063 93
24910073 3
24910133 7
24910163 1
24910283 1
24910283 45
24910307 9
24910351 4364
24910429 2279
24910429 4919
24910451 33
24910531 8
24910547 609
24910553 12
24910553 6100
24910609 39
24910619 1420
24910637 12
24910637 507
24910649 16
24910663 60
24910759 105
24911041 8
24911077 3
24911077 240
24911099 25
24911191 5
24911279 1
24911281 60
24911309 7
24911473 3608
24911531 1
24911539 2685
24911543 1
24911587 5
24911591 1
24911597 519
24911611 789
24911617 1115
24911743 185
24911753 4032
24911759 3952
24911837 103
24911837 279
24911947 2460
24911951 1
24911963 1
24912077 8824
24912161 319
24912163 1437
24912203 36
24912203 1096
24912253 200
24912281 475
24912331 9
24912347 9853
24912493 23
24912541 44
24912541 3540
24912697 3
24912721 764
24912733 3
24912737 19
24912869 5380
24912967 9780
24912983 1
24912983 241
24913027 8
24913027 2733
24913081 11
24913111 41
24913319 12
24913391 4684
24913391 9424
24913583 160
24913607 460
24913613 6931
24913621 11
24913793 3151
24913817 4
24913841 196
24913841 324
24913841 8476
24913873 3
24913873 15
24913879 200
24913919 1
24913939 6077
24914003 1
24914011 168
24914117 3
24914117 1528
24914143 8357
24914147 180
24914147 565
24914171 1213
24914179 789
24914189 100
24914257 9728
24914311 1116
24914317 207
24914363 217
24914369 15
24914411 261
24914423 1
24914441 9715
24914447 4
24914459 76
24914507 4
24914581 8
24914597 1647
24914609 16
24914651 24
24914671 5733
24914753 3
24914861 28
24914899 809
24915067 549
24915161 31
24915431 333
24915433 3
24915481 96
24915493 11
24915563 1
24915623 1
24915623 4197
24915637 47
24915757 8
24915757 24
24915833 1483
24915949 11
24915953 15
24915991 4745
24916091 1
24916103 13
24916139 124
24916139 385
24916181 1428
24916183 17
24916183 381
24916187 4
24916189 35
24916223 13
24916289 5271
24916313 16
24916313 388
24916399 65
24916399 81
24916403 1
24916453 3315
24916477 47
24916477 5939
24916499 441
24916513 6312
24916763 37
24916813 8
24916861 3
24916877 19
24916877 8199
24916907 1033
24916933 600
24916933 687
24916933 6447
24916987 168
24917023 5
24917023 77
24917089 2076
24917107 213
24917129 160
24917131 20
24917161 11
24917357 4
24917401 8
24917413 3
24917471 13
24917537 1012
24917537 3088
24917587 9
24917587 1617
24917603 1
24917611 5349
24917741 3
24917741 1231
24917773 3
24917779 164
24917813 3
24917813 96
24917819 189
24917833 3
24917833 27
24917861 664
24917861 975
24917887 48
24917899 24
24917923 297
24917927 1372
24917929 99
24917933 300
24918071 2625
24918083 268
24918161 16
24918181 11
24918241 3
24918263 136
24918409 11
24918469 716
24918493 831
24918521 15
24918521 124
24918613 4371
24918613 8276
24918701 136
24918739 21
24918853 15
24919151 165
24919183 168
24919183 2516
24919333 1107
24919423 81
24919441 4899
24919451 24
24919451 105
24919457 27
24919481 283
24919493 9343
24919577 7
24919619 57
24919721 120
24919861 999
24919861 1715
24919883 108
24919933 8376
24919957 419
24919969 12
24919969 60
24919987 12
24920029 12
24920029 15
24920099 69
24920099 124
24920107 2100
24920167 9
24920183 93
24920221 179
24920297 60
24920383 5
24920393 7
24920527 548
24920543 16
24920543 708
24920551 5820
24920617 215
24920663 1
24920689 5880
24920783 1
24920783 97
24920783 1408
24920803 1601
24920809 12
24920809 96
24920843 12
24920897 12
24920911 33
24920911 329
24920927 24
24920927 144
24920939 1
24920939 217
24920957 3
24920957 519
24921011 4
24921067 20
24921089 2755
24921137 4
24921161 3
24921161 43
24921203 4317
24921301 3003
24921329 76
24921329 96
24921341 3
24921349 47
24921361 740
24921499 2777
24921503 6228
24921517 80
24921601 68
24921653 4272
24921751 5
24921751 708
24921761 115
24921769 231
24921773 51
24921899 1
24921943 81
24921947 1729
24921961 9563
24921971 1
24921971 1156
24922003 288
24922067 13
24922217 288
24922237 24
24922279 164
24922279 381
24922351 765
24922427 12
24922441 71
24922477 20
24922487 844
24922511 1
24922529 7
24922529 1939
24922613 28
24922637 43
24922679 4
24922691 16
24922771 413
24922847 132
24922871 6460
24922897 3
24922921 3
24922921 15
24922921 59
24922939 1961
24922949 4
24923009 507
24923027 7888
24923111 13
24923131 276
24923243 13
24923243 568
24923387 8244
24923407 5324
24923501 16
24923537 4
24923663 1
24923663 3345
24923711 1
24923711 40
24923711 81
24923863 72
24923867 4
24923893 15
24923897 4
24923917 72
24923981 3
24924061 323
24924197 2520
24924239 1
24924281 163
24924287 12
24924301 419
24924451 8781
24924587 37
24924619 29
24924619 5832
24924667 48
24924671 1
24924701 3
24924701 15
24924799 9
24924799 4457
24924923 1
24924931 296
24925037 4
24925067 13
24925091 1
24925133 108
24925151 1
24925223 1
24925223 7581
24925259 1
24925319 1
24925391 424
24925447 600
24925517 7407
24925559 1
24925561 339
24925567 272
24925591 5
24925633 1971
24925639 5
24925639 89
24925811 1
24925861 35
24925867 7632
24925903 101
24926071 293
24926171 1
24926221 35
24926257 5595
24926333 7
24926353 7196
24926533 8
24926569 147
24926663 1
24926669 7
24926719 9
24926753 3
24926767 45
24926771 1
24926831 336
24926887 105
24926911 428
24926911 1128
24926987 1825
24927053 1296
24927121 3851
24927137 12
24927263 1
24927263 1237
24927271 521
24927281 4
24927347 49
24927391 413
24927493 947
24927569 511
24927577 1539
24927647 4729
24927691 53
24927697 32
24927779 16
24927827 6045
24927869 3672
24927949 15
24927949 276
24928039 5
24928153 8
24928201 8
24928223 1
24928289 15
24928333 11
24928333 48
24928339 20
24928357 323
24928357 572
24928373 12
24928637 468
24928637 687
24928679 1
24928679 36
24928679 337
24928807 728
24928819 17
24928823 33
24928961 1836
24928979 1
24928993 56
24928999 7437
24929059 32
24929081 244
24929111 5185
24929117 40
24929227 65
24929287 17
24929287 392
24929287 1053
24929371 21
24929441 3060
24929461 15
24929467 2289
24929621 4
24929699 1
24929731 1848
24929899 1544
24929911 5
24930043 68
24930079 617
24930127 5
24930161 43
24930161 9828
24930197 28
24930221 240
24930271 125
24930271 209
24930271 1721
24930271 3444
24930403 257
24930427 24
24930427 453
24930487 125
24930533 636
24930557 4
24930557 48
24930599 25
24930671 48
24930673 788
24930701 31
24930701 6024
24930791 49
24930791 316
24930791 2989
24930803 1372
24930809 4992
24930811 5333
24930977 3835
24931019 4
24931031 1
24931043 2136
24931087 1689
24931267 5
24931267 1124
24931273 3591
24931279 305
24931391 4
24931393 3
24931523 88
24931541 3
24931541 300
24931631 1
24931631 3561
24931831 96
24931867 60
24931883 2301
24931891 8
24931999 72
24932143 5
24932239 509
24932267 4
24932267 844
24932269 15
24932311 53
24932417 3
24932443 2276
24932447 2220
24932477 4
24932491 581
24932527 645
24932543 1
24932581 3
24932597 3
24932627 153
24932651 1
24932657 103
24932657 364
24932689 20
24932729 84
24932749 1152
24932753 12
24932753 15
24932753 4051
24932903 1
24932923 8580
24933019 57
24933019 189
24933031 24
24933059 1
24933157 15
24933217 1092
24933253 591
24933343 33
24933367 5
24933383 352
24933451 168
24933481 3
24933481 1224
24933551 28
24933631 9
24933847 12
24933941 936
24933949 15
24934073 868
24934181 3211
24934187 4
24934267 144
24934307 244
24934319 1
24934319 241
24934321 383
24934331 9
24934331 2656
24934463 153
24934463 252
24934463 1996
24934471 473
24934471 1301
24934523 3076
24934541 279
24934579 300
24934607 9577
24934667 220
24934697 12
24934717 72
24934747 132
24934747 153
24934771 5
24934837 3239
24934841 328
24934907 49
24935149 11
24935363 1
24935411 4
24935509 1884
24935681 4
24935699 1
24935717 7
24935759 1
24935783 21
24935849 7
24935899 156
24935899 1064
24935909 40
24935921 31
24936011 1
24936139 269
24936217 60
24936217 5675
24936319 72
24936463 5993
24936479 424
24936479 2200
24936481 11
24936503 1
24936559 29
24936629 4
24936647 637
24936677 3
24936677 5823
24936697 2208
24936701 4135
24936731 1
24936829 47
24936829 51
24936887 384
24936907 8
24936907 9
24936929 4
24936971 24
24937009 656
24937067 2664
24937069 44
24937091 4
24937091 133
24937123 21
24937169 676
24937201 3
24937247 808
24937273 12
24937331 1
24937483 921
24937501 15
24937501 5115
24937531 1808
24937537 252
24937571 1
24937571 69
24937739 1
24937831 6285
24937841 64
24937841 2023
24937873 8
24937933 216
24938029 312
24938063 5520
24938113 1596
24938159 1
24938191 5
24938239 105
24938293 36
24938321 4
24938359 165
24938363 76
24938363 6525
24938443 8172
24938453 7
24938471 1
24938471 804
24938519 1
24938549 192
24938729 6331
24938737 15
24938737 24
24938741 175
24938801 3
24938801 15
24938801 315
24938827 113
24938939 1
24938951 1
24938989 35
24939053 3
24939059 1749
24939137 148
24939139 161
24939181 8
24939251 1
24939319 9
24939373 3
24939377 7
24939511 29
24939601 824
24939631 116
24939661 6588
24939689 31
24939727 9
24939773 48
24939907 132
24939983 1
24939983 2365
24939991 548
24940007 9
24940049 256
24940081 59
24940121 639
24940189 95
24940189 320
24940243 8
24940271 1
24940297 44
24940327 68
24940339 6200
24940393 123
24940417 3948
24940427 13
24940459 84
24940501 24
24940541 40
24940541 1159
24940541 1824
24940613 3
24940613 1063
24940621 903
24940633 11
24940679 105
24940679 225
24940703 1
24940759 312
24940823 1
24940831 5
24940847 4
24940859 1
24940859 76
24940859 345
24940871 9
24940871 1393
24941017 84
24941089 11
24941099 765
24941179 1125
24941201 76
24941317 275
24941341 1028
24941447 6069
24941549 1111
24941599 716
24941773 3
24941783 37
24941783 2361
24941879 1765
24941893 11
24941923 125
24941947 1008
24941947 2417
24941971 1289
24941999 432
24942019 5297
24942133 75
24942149 12
24942257 43
24942257 9907
24942293 307
24942317 7
24942341 151
24942443 97
24942469 2339
24942667 429
24942739 17
24942751 3144
24942857 84
24942989 4
24943007 4
24943007 448
24943031 48
24943043 1
24943153 3
24943157 168
24943213 2220
24943241 64
24943357 3
24943757 72
24943769 7
24943783 905
24943813 311
24943817 12
24943823 1
24943861 3
24943861 11
24944011 29
24944063 8740
24944201 3
24944221 1763
24944251 5
24944251 368
24944299 1917
24944393 3240
24944399 220
24944399 2817
24944459 1
24944477 12
24944497 3
24944497 3935
24944509 15
24944509 56
24944603 1
24944629 27
24944641 8
24944659 41
24944713 5628
24944743 2412
24944783 345
24944813 4588
24944839 4205
24944873 2100
24944893 3708
24944897 120
24944897 720
24944917 120
24944951 528
24945091 4181
24945113 3
24945197 9208
24945229 519
24945313 212
24945337 3
24945379 56
24945379 501
24945463 36
24945491 1
24945491 180
24945517 8
24945517 7475
24945527 4
24945527 12
24945533 5640
24945577 264
24945577 2780
24945611 4
24945691 9
24945709 36
24945757 515
24945799 9777
24945863 1
24945871 9
24945923 1
24945923 100
24946013 55
24946013 6528
24946057 2363
24946073 88
24946073 508
24946147 8
24946211 16
24946391 1
24946403 37
24946403 180
24946451 1
24946451 276
24946609 15
24946609 2831
24946781 3436
24946879 4637
24946979 1
24946979 4
24946979 541
24946993 107
24947017 23
24947017 264
24947081 3
24947089 1356
24947183 1
24947183 60
24947189 4
24947191 80
24947339 9
24947423 616
24947431 24
24947723 16
24947821 675
24947843 1
24947849 1020
24947873 52
24947927 3529
24948047 1992
24948073 255
24948097 632
24948139 41
24948173 1191
24948181 20
24948239 37
24948251 1
24948283 21
24948359 100
24948409 251
24948527 25
24948533 343
24948551 1
24948551 24
24948593 7
24948641 39
24948661 3
24948697 3
24948797 108
24948797 6900
24948899 4
24948983 8973
24949049 7
24949049 27
24949091 1476
24949139 1
24949139 60
24949229 4
24949363 8277
24949469 36
24949493 136
24949559 4452
24949571 1084
24949703 1
24949703 328
24949747 5
24949759 6236
24949849 20
24949849 35
24949919 544
24950011 8768
24950053 240
24950111 1
24950137 3
24950291 28
24950351 21
24950357 3
24950383 12
24950447 544
24950479 249
24950503 1601
24950507 6025
24950551 1668
24950603 1
24950657 24
24950831 69
24950873 3
24950873 3840
24950983 497
24950993 12
24950993 675
24950999 3960
24951071 193
24951079 197
24951079 381
24951109 372
24951131 769
24951167 4
24951253 12
24951263 1
24951293 7
24951413 7
24951449 1635
24951469 5316
24951491 36
24951607 728
24951649 15
24951691 69
24951763 3477
24951833 3
24951833 16
24951893 36
24951893 480
24951961 404
24952003 57
24952007 40
24952087 269
24952181 4
24952247 24
24952271 6361
24952283 1
24952283 6033
24952331 4
24952409 31
24952409 1795
24952451 1
24952561 2604
24952561 8856
24952591 20
24952597 108
24952637 600
24952687 420
24952747 5
24952747 29
24952859 124
24952859 201
24952891 60
24952927 93
24952927 224
24952927 420
24952931 24
24952979 4
24953069 12
24953143 105
24953167 260
24953167 384
24953239 12
24953239 1097
24953249 279
24953303 1
24953333 48
24953471 1
24953483 72
24953561 415
24953581 51
24953629 99
24953633 2580
24953639 9
24953639 16
24953711 1
24953711 321
24953711 1909
24953723 112
24953801 31
24953801 7903
24953983 57
24953989 51
24953993 12
24954019 80
24954047 9
24954071 1
24954179 1
24954191 33
24954389 15
24954403 6732
24954409 5651
24954431 1
24954451 108
24954571 168
24954641 4
24954641 339
24954763 8
24954869 1716
24954911 1
24954947 4
24954959 1
24955061 3
24955211 1
24955213 3
24955297 47
24955327 8
24955349 64
24955363 5
24955393 848
24955451 96
24955499 1
24955571 1
24955583 60
24955583 4533
24955613 88
24955613 348
24955639 1980
24955681 260
24955703 81
24955753 551
24955927 2949
24955963 2048
24956027 4
24956033 3
24956069 2451
24956089 32
24956203 5
24956203 4961
24956231 1
24956279 12
24956317 47
24956339 24
24956363 1
24956363 241
24956419 29
24956467 6324
24956521 7244
24956539 296
24956669 4
24956683 33
24956753 711
24956773 8
24956777 3495
24956783 40
24956809 275
24956917 15
24956927 60
24957029 24
24957029 3439
24957103 41
24957137 3
24957193 3
24957211 9
24957239 16
24957287 25
24957481 3
24957481 20
24957539 1
24957539 4
24957539 1252
24957557 7
24957563 793
24957679 264
24957769 2871
24957781 120
24957817 44
24957833 7
24957833 771
24957941 36
24957979 3680
24958027 5
24958027 1145
24958099 17
24958163 1
24958223 45
24958259 1
24958277 4
24958327 108
24958369 452
24958399 980
24958403 912
24958489 275
24958489 620
24958547 12
24958679 3049
24958789 995
24958853 3268
24958859 1080
24958897 12
24959057 304
24959093 3
24959351 121
24959359 129
24959413 200
24959477 4432
24959527 12
24959533 108
24959609 40
24959741 3
24959747 9
24959747 384
24959821 300
24959861 3
24959917 119
24959947 860
24959951 9
24960011 1
24960011 208
24960011 6268
24960109 24
24960161 24
24960179 1
24960203 1
24960203 25
24960203 1276
24960251 1
24960391 65
24960391 273
24960401 99
24960409 936
24960449 7
24960517 504
24960557 223
24960643 5
24960643 4736
24960659 1692
24960763 293
24960791 1
24960809 16
24960809 27
24960899 321
24961009 35
24961073 28
24961121 4
24961159 920
24961201 20
24961213 207
24961283 1
24961289 4224
24961303 3321
24961351 8
24961379 1
24961381 75
24961397 1459
24961411 164
24961429 3372
24961441 15
24961483 480
24961487 40
24961493 3
24961613 27
24961633 1983
24961691 1
24961691 300
24961697 3
24961787 72
24961843 8
24961943 9628
24962033 52
24962033 91
24962111 225
24962303 1
24962303 6468
24962449 11
24962449 1304
24962467 17
24962473 60
24962537 148
24962669 4
24962671 5
24962699 1
24962699 532
24962701 51
24962957 367
24963019 12
24963019 9660
24963023 1
24963079 5
24963079 260
24963143 1
24963143 100
24963173 3
24963173 2068
24963179 4
24963217 3
24963353 1383
24963353 4411
24963443 492
24963479 1
24963479 204
24963479 3700
24963637 3
24963647 4
24963703 20
24963733 35
24963733 567
24963811 5
24963811 20
24963817 15
24963839 1
24963899 60
24963899 4840
24963923 1
24963979 5
24963989 7
24963997 3
24963997 15
24964061 3
24964087 5
24964087 8
24964091 105
24964103 5236
24964153 1628
24964153 4688
24964217 6747
24964343 1
24964349 9367
24964469 4
24964469 2631
24964601 51
24964673 520
24964697 3
24964739 1
24964739 2401
24964871 660
24964909 12
24964909 15
24964957 12
24964957 6923
24964963 80
24964991 16
24965093 15
24965093 48
24965141 36
24965153 196
24965167 44
24965191 48
24965191 540
24965207 4
24965293 2195
24965341 3020
24965359 21
24965383 17
24965383 237
24965393 87
24965407 5
24965441 3
24965443 192
24965443 2837
24965497 15
24965693 3
24965767 3164
24965771 1
24965779 5
24965797 264
24965813 132
24965903 1
24965917 87
24965933 2008
24965939 1
24965939 600
24966043 1212
24966197 6759
24966239 184
24966283 20
24966301 3
24966301 483
24966329 4
24966427 9060
24966433 8
24966433 11
24966443 1
24966481 15
24966481 36
24966553 3
24966553 75
24966677 12
24966943 8
24966943 2792
24966967 8033
24966979 332
24967021 15
24967031 1
24967069 744
24967087 332
24967087 1092
24967223 1
24967253 16
24967381 20
24967427 13
24967471 864
24967471 2681
24967499 1
24967507 29
24967511 1
24967519 336
24967519 7929
24967529 1164
24967531 5453
24967541 4
24967567 8
24967573 11
24967643 525
24967651 105
24967667 57
24967687 1713
24967799 9
24967837 843
24967837 5783
24967889 492
24967991 1
24968017 204
24968023 300
24968023 968
24968059 12
24968077 2772
24968137 15
24968161 8
24968197 23
24968197 2088
24968213 147
24968243 1
24968267 52
24968399 3936
24968429 7
24968453 51
24968453 1623
24968483 1
24968663 1360
24968677 15
24968707 29
24968753 295
24968813 3
24968863 377
24968887 5
24968941 5099
24969011 4
24969013 27
24969023 121
24969071 1
24969071 1945
24969101 1743
24969103 5
24969121 8
24969137 4
24969137 7
24969169 39
24969169 600
24969289 6255
24969299 40
24969383 4308
24969397 24
24969463 21
24969463 6293
24969491 1
24969491 261
24969587 3009
24969641 123
24969683 1
24969701 4
24969823 252
24969877 5384
24969887 4
24969887 432
24969961 51
24969961 420
24969961 995
24969961 2631
24970051 9
24970063 5
24970091 1
24970103 1
24970117 515
24970139 1
24970181 40
24970279 36
24970423 93
24970441 740
24970457 7
24970471 8
24970529 964
24970549 59
24970553 307
24970559 957
24970567 1808
24970741 216
24970789 2787
24970811 61
24970859 1
24970973 295
24971081 3
24971081 16
24971171 1224
24971203 8712
24971227 8
24971279 1600
24971327 1708
24971579 4
24971579 181
24971591 1
24971659 77
24971699 4
24971699 24
24971717 4
24971729 27
24971789 175
24971819 105
24971819 192
24971839 32
24971893 32
24971893 552
24971959 1365
24972053 48
24972053 288
24972067 5
24972091 116
24972131 21
24972131 28
24972131 228
24972193 8
24972257 4
24972407 3825
24972443 132
24972461 19
24972511 81
24972547 4557
24972583 5
24972853 111
24972889 8571
24972907 3684
24972967 5220
24973061 4
24973061 63
24973127 25
24973139 1
24973171 360
24973171 5624
24973213 831
24973219 1344
24973253 1240
24973369 95
24973381 464
24973397 100
24973471 5
24973499 1
24973589 72
24973651 249
24973673 3
24973777 3
24973877 3
24973891 5
24973919 1
24973931 28
24974063 2521
24974069 4
24974083 53
24974093 28
24974177 15
24974221 48
24974231 1
24974239 201
24974267 25
24974347 105
24974351 9
24974353 3
24974363 132
24974399 1
24974419 9
24974471 4
24974503 200
24974533 1043
24974591 1
24974629 6656
24974707 9
24974773 615
24974791 2565
24974801 36
24974867 13
24974891 6568
24974897 27
24974897 48
24974903 1
24974993 4072
24974993 4180
24975059 1
24975059 37
24975077 4
24975077 7
24975143 37
24975161 9868
24975257 3
24975341 64
24975347 3237
24975361 3
24975569 4287
24975569 7699
24975607 252
24975637 2328
24975661 8
24975679 92
24975689 544
24975761 15
24975767 25
24975793 3
24975829 1716
24975871 9
24975889 11
24975889 107
24975911 160
24975971 121
24976103 1
24976103 165
24976157 3
24976319 61
24976331 85
24976463 1
24976487 885
24976489 44
24976531 104
24976603 65
24976603 225
24976649 4
24976823 73
24976933 80
24976943 1
24977053 32
24977101 260
24977167 5
24977171 4
24977189 27
24977189 4779
24977203 17
24977219 952
24977263 881
24977321 28
24977339 1
24977347 20
24977353 3
24977483 3600
24977531 3136
24977543 1416
24977663 21
24977699 1209
24977767 320
24977891 9
24977917 143
24977929 140
24978001 416
24978017 15
24978017 28
24978059 4
24978067 953
24978137 1759
24978383 2053
24978397 47
24978397 2664
24978449 1371
24978469 396
24978539 1
24978659 1
24978683 153
24978697 3579
24978781 11
24978809 7
24978817 23
24978841 3983
24978869 51
24978911 1
24978937 32
24978997 7727
24979021 696
24979027 12
24979057 4652
24979061 4
24979079 1
24979093 8
24979093 1112
24979109 4
24979189 200
24979321 240
24979349 7
24979351 33
24979387 5
24979573 3
24979573 7755
24979649 64
24979673 5608
24979729 32
24979751 28
24979753 180
24979781 159
24979901 3
24979901 3979
24979949 16
24979973 3
24980063 93
24980101 68
24980173 12
24980177 12
24980177 159
24980233 8
24980279 2296
24980303 1
24980303 21
24980503 1101
24980647 12
24980707 17
24980771 40
24980771 6913
24980863 5
24980971 140
24980999 40
24981049 1127
24981119 1
24981127 9
24981127 72
24981127 105
24981139 8184
24981149 40
24981167 2493
24981167 8457
24981247 5
24981263 1
24981263 12
24981361 8
24981379 17
24981379 269
24981479 1
24981479 4
24981527 4
24981659 76
24981659 189
24981707 4
24981797 27
24981809 15
24981851 1
24981917 3
24981967 140
24981991 8
24981991 569
24982049 127
24982103 100
24982103 1381
24982121 100
24982151 7500
24982159 9
24982201 771
24982219 5585
24982271 40
24982343 756
24982387 9
24982387 1412
24982423 8
24982513 12
24982583 13
24982583 312
24982591 8
24982597 3
24982603 41
24982603 9141
24982631 1
24982667 2428
24982679 1
24982693 8
24982693 23
24982693 3707
24982829 4
24982861 1083
24982889 4
24982889 16
24982999 5
24983041 3
24983069 7
24983143 65
24983191 6524
24983201 48
24983237 55
24983291 16
24983311 48
24983317 5547
24983363 1
24983369 36
24983377 1059
24983407 5640
24983411 69
24983411 4680
24983467 1817
24983479 6380
24983533 216
24983561 4
24983711 4
24983711 49
24983807 4
24983839 17
24983839 29
24984019 24
24984103 8
24984149 480
24984241 3
24984241 11
24984263 52
24984331 380
24984437 499
24984493 3
24984521 1071
24984523 8
24984523 17
24984527 4
24984733 11
24984779 1
24984787 3488
24984793 156
24984857 3
24984859 5
24984899 4
24984997 3
24985043 1
24985043 2241
24985049 7
24985099 3057
24985183 77
24985321 2219
24985403 1
24985469 136
24985469 6024
24985511 4401
24985547 132
24985549 5931
24985553 36
24985591 1185
24985651 8
24985651 20
24985669 35
24985691 76
24985759 9
24985759 12
24985759 965
24985759 5612
24985813 15
24985847 220
24985879 372
24985991 204
24986009 7600
24986089 15
24986153 28
24986207 2452
24986443 5
24986459 1
24986459 7789
24986519 1
24986519 132
24986681 3
24986683 5
24986723 1
24986761 660
24986761 1568
24986813 343
24986953 3
24986953 1623
24986971 125
24987007 2460
24987029 4
24987043 621
24987077 27
24987077 4000
24987119 157
24987187 32
24987197 4132
24987239 3201
24987317 3
24987317 3552
24987323 2053
24987359 1
24987383 156
24987383 376
24987397 215
24987437 208
24987439 9
24987541 36
24987563 136
24987607 20
24987667 8
24987757 1044
24987761 180
24987791 60
24987797 367
24987881 3
24987899 1
24987971 1
24988027 777
24988091 1
24988099 12
24988121 84
24988163 333
24988177 60
24988199 64
24988199 556
24988207 429
24988207 989
24988273 15
24988331 4
24988331 33
24988333 35
24988409 2836
24988421 919
24988541 4768
24988559 1
24988559 9
24988571 1
24988583 925
24988583 1345
24988627 8
24988693 4427
24988699 21
24988871 1
24988889 4
24988903 17
24988907 48
24988961 4
24988973 207
24988993 123
24989087 3280
24989203 5
24989347 204
24989353 51
24989353 600
24989353 3572
24989353 5708
24989423 2733
24989599 45
24989777 7
24989791 113
24989801 4
24989801 15
24989821 11
24990071 1
24990089 127
24990151 5
24990347 4
24990347 64
24990481 143
24990569 3252
24990583 36
24990617 264
24990677 7
24990703 20
24990703 2405
24990709 311
24990737 3
24990751 801
24990767 9
24990767 1333
24990773 4428
24990827 100
24990827 432
24990839 61
24990899 16
24991033 8
24991079 72
24991081 20
24991091 1
24991229 24
24991261 123
24991277 12
24991303 252
24991321 404
24991367 4
24991367 48
24991429 36
24991511 5745
24991553 87
24991579 5516
24991619 1
24991619 505
24991627 900
24991661 4
24991667 12
24991667 517
24991679 1
24991691 9
24991691 36
24991691 5685
24991727 24
24991741 1743
24991793 172
24991861 24
24991877 7
24991933 140
24991969 24
24991979 1
24992059 5
24992089 696
24992153 3
24992153 40
24992183 1
24992183 5008
24992281 1604
24992351 1
24992381 531
24992389 11
24992389 72
24992393 3
24992393 48
24992441 496
24992449 2627
24992483 1
24992489 7
24992557 27
24992621 319
24992621 2779
24992629 15
24992683 17
24992689 176
24992717 15
24992717 40
24992833 120
24992899 69
24992899 9492
24993061 491
24993131 1
24993187 1217
24993253 440
24993329 9160
24993337 15
24993361 5751
24993377 4
24993401 16
24993407 12
24993443 520
24993457 68
24993461 63
24993593 60
24993673 120
24993673 512
24993691 9
24993743 2848
24993799 104
24993863 12
24994019 12
24994061 2508
24994127 628
24994147 780
24994181 3
24994181 4
24994181 331
24994231 20
24994241 160
24994273 5211
24994327 8
24994327 1037
24994423 461
24994441 1143
24994531 45
24994631 2188
24994637 2067
24994751 4
24994751 2208
24994793 195
24994817 40
24994873 188
24994883 25
24994919 2604
24994939 21
24994961 6184
24995029 75
24995041 8
24995111 1
24995137 12
24995137 923
24995471 1
24995471 4089
24995519 157
24995567 13
24995591 4
24995591 61
24995603 105
24995629 35
24995647 5
24995669 3411
24995753 247
24995821 8
24995821 1556
24995851 2001
24995921 195
24995923 1160
24995947 852
24996043 141
24996121 60
24996133 191
24996233 5427
24996263 3556
24996271 5
24996277 8
24996299 12
24996329 7
24996329 820
24996371 228
24996421 155
24996479 324
24996551 1
24996659 24
24996731 388
24996823 21
24996901 8
24996947 117
24996949 3839
24996971 1
24997001 60
24997009 20
24997009 792
24997073 4500
24997151 184
24997169 4
24997199 496
24997307 13
24997307 2424
24997321 3
24997409 256
24997421 76
24997421 156
24997433 2220
24997571 4
24997571 9
24997589 7
24997639 2589
24997699 240
24997699 3321
24997859 1
24997859 432
24997949 40
24997949 51
24998107 3273
24998117 63
24998137 35
24998159 9237
24998191 9
24998249 7
24998287 8
24998293 8
24998297 148
24998333 3
24998383 32
24998399 1
24998543 61
24998573 7
24998671 236
24998707 17
24998767 9
24998819 12
24998819 217
24998843 1
24998873 543
24998947 77
24999001 3
24999017 364
24999077 3
24999077 7687
24999083 1
24999083 621
24999167 1353
24999173 2083
24999181 51
24999209 99
24999263 2785
24999389 4
24999431 921
24999521 48
24999523 56
24999523 188
24999523 2421
24999529 1700
24999617 7
24999617 1527
24999619 1241
24999697 84
24999703 5
24999731 1
24999757 3
24999761 3
24999803 40
24999811 24
24999841 20
24999959 4
