14000153 12
14000183 1
14000339 69
14000377 99
14000453 283
14000461 3
14000461 1008
14000579 45
14000599 17
14000603 28
14000603 117
14000621 76
14000621 1723
14000627 4
14000669 7
14000713 3
14000761 39
14000761 564
14000801 3
14000927 2044
14000963 1
14001019 5
14001023 40
14001041 439
14001107 12
14001311 633
14001311 1245
14001313 3
14001341 16
14001371 1
14001371 261
14001373 128
14001373 6300
14001419 1
14001431 945
14001431 9193
14001539 5272
14001563 1
14001661 291
14001667 5
14001671 1
14001707 4864
14001919 29
14001919 1044
14001919 1965
14001941 3
14002139 1
14002141 23
14002187 165
14002217 27
14002217 612
14002223 1
14002253 6523
14002267 5
14002267 9
14002333 956
14002333 5816
14002363 116
14002379 465
14002553 7276
14002589 892
14002631 6156
14002631 7653
14002643 133
14002643 4600
14002697 9360
14002777 8
14002811 1
14002897 12
14002897 15
14002931 33
14002997 7
14003009 196
14003047 57
14003047 104
14003081 96
14003083 48
14003083 2957
14003107 5
14003137 1268
14003219 1
14003219 21
14003239 1161
14003309 39
14003357 79
14003419 272
14003447 5697
14003503 5
14003581 15
14003687 420
14003807 73
14003807 132
14003813 3
14003867 184
14003881 455
14003981 24
14004041 3
14004113 15
14004131 1
14004143 400
14004149 40
14004169 155
14004191 168
14004229 12
14004317 103
14004359 12
14004383 1
14004437 3660
14004443 1
14004451 8
14004451 33
14004547 8
14004581 1024
14004629 2451
14004643 5552
14004707 160
14004779 1
14004779 4
14004911 1
14004967 792
14004973 6687
14004989 4
14005003 168
14005039 24
14005039 80
14005049 7
14005081 1275
14005133 388
14005163 1165
14005163 3885
14005177 24
14005207 6417
14005213 11
14005213 12
14005241 4
14005349 1576
14005447 5
14005493 27
14005517 7
14005571 1
14005571 313
14005601 3211
14005877 267
14005897 3
14005897 887
14005963 21
14006137 663
14006171 1
14006183 28
14006219 237
14006227 24
14006227 44
14006231 4
14006273 7
14006299 21
14006341 3
14006341 336
14006353 23
14006357 427
14006357 5983
14006411 289
14006483 1
14006633 3
14006711 1
14006717 4
14006749 320
14006833 15
14006849 360
14006887 9
14006939 1
14006981 15
14007083 1
14007101 39
14007181 296
14007209 111
14007223 173
14007233 436
14007239 1
14007359 5812
14007407 5404
14007421 44
14007547 32
14007559 929
14007659 1
14007671 4489
14007683 12
14007683 60
14007743 1
14007811 56
14007823 33
14007869 4
14007887 132
14007887 2233
14007893 456
14007901 80
14007919 116
14007919 504
14007923 7293
14007991 5
14008031 1
14008109 319
14008117 60
14008121 1300
14008213 8
14008273 3
14008327 12
14008327 68
14008349 7
14008349 27
14008369 8295
14008409 4
14008409 16
14008417 3
14008457 448
14008523 1
14008523 52
14008531 144
14008531 209
14008601 3
14008601 4
14008727 12
14008751 13
14008751 625
14008763 1
14008811 336
14008861 428
14008979 12
14008999 861
14009069 5464
14009113 12
14009123 1
14009123 217
14009123 1716
14009159 9
14009159 724
14009227 8
14009239 65
14009263 8
14009269 5975
14009279 21
14009287 132
14009287 189
14009287 2033
14009297 135
14009459 1
14009519 64
14009521 20
14009521 3144
14009549 2931
14009587 152
14009603 1
14009621 135
14009641 39
14009651 805
14009663 28
14009719 1496
14009729 1524
14009731 41
14009753 3
14009753 343
14009851 1733
14009867 865
14009881 2363
14009893 120
14009899 9132
14009903 1
14009903 817
14009909 4
14009909 96
14009953 272
14009977 24
14009993 168
14010127 1533
14010133 4748
14010223 20
14010247 240
14010257 3
14010263 1
14010341 288
14010401 99
14010551 9
14010589 12
14010617 3
14010629 60
14010691 1245
14010721 564
14010727 9
14010727 44
14010727 164
14010739 5
14010779 36
14010851 1
14010851 60
14010883 12
14010883 17
14010883 3372
14011177 39
14011219 12
14011331 3933
14011423 8
14011457 12
14011511 516
14011523 85
14011559 196
14011579 9
14011631 1
14011649 4
14011763 16
14011771 464
14011817 4
14011903 585
14011909 15
14011973 7
14012039 1629
14012069 15
14012069 1152
14012189 115
14012227 117
14012287 1037
14012357 388
14012363 412
14012393 63
14012393 328
14012417 507
14012623 620
14012707 165
14012731 929
14012813 40
14012897 787
14012917 84
14012927 4
14012963 1
14013001 231
14013011 13
14013011 6865
14013029 175
14013107 37
14013193 3
14013331 1440
14013481 8
14013481 83
14013499 501
14013613 35
14013721 35
14013749 7
14013761 15
14013799 17
14013847 1440
14013847 2105
14013859 12
14013893 276
14013907 2504
14013919 4065
14013941 3391
14014027 8777
14014073 27
14014073 55
14014097 1995
14014127 132
14014129 47
14014361 411
14014361 7480
14014439 1
14014499 1
14014501 2523
14014513 8936
14014519 5
14014519 1364
14014537 428
14014639 7052
14014643 2053
14014757 4
14014757 5004
14014769 2812
14014787 112
14014849 24
14014877 39
14014879 12
14014943 1
14014997 39
14014997 63
14015017 3
14015047 72
14015077 3947
14015117 915
14015129 336
14015189 411
14015213 7
14015213 115
14015219 1
14015219 12
14015219 81
14015227 44
14015279 96
14015321 15
14015333 3
14015347 20
14015359 680
14015383 861
14015401 644
14015401 3680
14015431 9
14015527 9
14015557 408
14015557 800
14015591 1
14015611 533
14015641 3
14015723 1
14015779 12
14015779 4232
14015867 285
14015899 104
14016103 65
14016103 80
14016103 993
14016179 1
14016187 2312
14016307 45
14016413 211
14016427 113
14016427 269
14016439 1644
14016473 7
14016479 9
14016503 1
14016503 705
14016617 15
14016631 188
14016701 259
14016701 2523
14016719 436
14016767 4
14016767 885
14016817 380
14016829 60
14017001 4
14017099 12
14017181 3
14017259 4
14017259 37
14017379 1
14017391 25
14017433 3
14017439 1
14017453 272
14017463 1
14017483 5
14017517 4
14017517 2343
14017541 736
14017583 1
14017691 1
14017691 5589
14017721 4
14017793 7
14017847 249
14017853 5200
14017889 40
14017901 3
14017901 76
14017901 468
14017919 36
14017943 88
14017967 13
14018083 4572
14018089 275
14018089 984
14018131 653
14018167 513
14018233 75
14018273 247
14018413 56
14018413 4736
14018423 61
14018437 27
14018503 77
14018509 15
14018749 1647
14018881 7071
14018899 20
14018909 79
14019043 996
14019077 55
14019251 240
14019277 12
14019323 13
14019323 441
14019487 5
14019493 8655
14019529 27
14019541 3
14019563 1
14019619 5
14019623 1
14019653 6168
14019671 1
14019671 25
14019727 57
14019727 1097
14019821 4
14019833 3
14019833 1387
14019839 9
14019881 111
14019947 9
14019953 495
14020129 44
14020187 660
14020213 1032
14020231 296
14020387 3029
14020417 908
14020459 164
14020519 132
14020519 269
14020553 15
14020579 120
14020619 357
14020663 17
14020663 705
14020663 8900
14020703 1
14020939 9
14021003 93
14021003 1692
14021027 37
14021101 24
14021101 284
14021263 285
14021279 120
14021317 3
14021317 99
14021351 4
14021351 21
14021363 393
14021389 3624
14021417 159
14021437 780
14021531 5581
14021533 3156
14021573 955
14021591 1176
14021599 317
14021603 1
14021603 16
14021731 60
14021737 24
14021737 407
14021939 1
14021963 1
14021989 24
14022061 408
14022079 96
14022079 669
14022119 1
14022221 2355
14022277 8732
14022293 315
14022373 12
14022443 2632
14022473 3
14022487 168
14022493 3
14022493 11
14022499 5
14022499 3801
14022511 7461
14022521 15
14022529 660
14022529 2867
14022607 5
14022763 257
14022781 3
14022787 29
14022797 64
14022821 180
14022821 811
14022871 44
14022913 11
14022989 7
14023057 128
14023171 44
14023267 69
14023277 403
14023367 165
14023381 296
14023391 1
14023391 324
14023393 2760
14023441 183
14023469 4
14023469 7
14023507 72
14023579 152
14023817 39
14023903 33
14023909 555
14023921 23
14023967 24
14023967 828
14024177 3555
14024191 21
14024209 3560
14024243 13
14024243 36
14024399 21
14024459 1
14024509 24
14024509 95
14024561 15
14024573 3
14024573 88
14024587 405
14024671 21
14024671 7404
14024723 1108
14024861 855
14024863 2901
14024867 297
14024867 324
14024897 1104
14024897 5919
14024903 1
14024953 8
14024999 1
14024999 52
14025293 72
14025293 375
14025419 1
14025419 697
14025433 3
14025433 11
14025433 56
14025449 24
14025457 3
14025457 75
14025467 184
14025541 83
14025551 4
14025827 2580
14025911 1
14025967 5
14026049 87
14026049 5595
14026063 317
14026153 60
14026211 24
14026273 995
14026283 1876
14026319 1
14026319 85
14026393 588
14026417 15
14026543 77
14026559 9
14026583 1
14026591 5
14026591 153
14026591 6621
14026699 5781
14026699 9324
14026741 4956
14026979 4
14026993 572
14027059 5384
14027063 301
14027077 84
14027077 1019
14027077 5124
14027099 172
14027177 3
14027203 981
14027269 3131
14027281 911
14027281 4335
14027297 28
14027303 621
14027327 52
14027333 2883
14027333 3331
14027341 59
14027341 491
14027521 4599
14027527 2792
14027527 6120
14027599 24
14027603 3580
14027609 1555
14027659 324
14027777 19
14027777 88
14027777 4144
14027791 861
14027821 2019
14027843 1900
14027957 579
14028011 4201
14028067 588
14028071 1
14028073 27
14028097 323
14028323 561
14028341 91
14028407 4
14028407 97
14028433 3
14028533 340
14028557 12
14028571 5
14028571 7068
14028731 24
14028943 8
14028947 28
14028991 33
14029003 1152
14029027 17
14029039 21
14029121 4
14029121 3288
14029187 6088
14029229 8692
14029261 5696
14029283 853
14029423 1668
14029493 6376
14029511 1
14029627 137
14029627 489
14029627 1832
14029783 221
14029843 225
14029877 7939
14029907 6117
14029933 8
14029933 632
14029933 840
14029937 4
14030039 1
14030039 1956
14030039 2281
14030059 4985
14030087 64
14030099 1
14030099 72
14030173 195
14030173 3600
14030293 200
14030309 16
14030339 21
14030413 8
14030447 5188
14030449 36
14030449 80
14030453 3
14030453 520
14030477 855
14030477 7884
14030509 60
14030657 3339
14030677 3600
14030689 347
14030707 8
14030773 183
14030791 5
14030791 200
14030837 928
14030993 2455
14031023 28
14031089 7
14031107 1492
14031119 1
14031169 612
14031217 3
14031361 140
14031467 268
14031497 28
14031571 9984
14031581 124
14031583 5
14031583 201
14031599 117
14031607 8
14031607 92
14031637 3
14031683 1
14031707 8605
14031791 36
14031791 288
14031859 57
14032037 4
14032219 41
14032219 269
14032223 1
14032247 1173
14032261 815
14032283 253
14032309 6195
14032313 1167
14032349 1396
14032441 156
14032517 1248
14032661 3
14032709 1351
14032709 2895
14032751 3084
14032787 4765
14032807 20
14032807 260
14032813 63
14032831 60
14032831 93
14032933 3
14033003 1
14033003 160
14033021 1851
14033069 4
14033207 6300
14033291 1
14033293 11
14033293 9311
14033317 8
14033329 3240
14033333 460
14033339 2769
14033429 639
14033489 12
14033491 1493
14033549 12
14033573 208
14033581 140
14033597 3
14033597 184
14033597 1195
14033737 3
14033783 1392
14033813 5007
14033909 7
14033947 5645
14034019 429
14034047 348
14034127 2769
14034127 4920
14034133 167
14034311 900
14034457 4832
14034479 880
14034491 1
14034511 5
14034523 17
14034523 6137
14034551 1
14034551 13
14034551 520
14034563 1
14034569 24
14034569 27
14034617 195
14034659 865
14034659 3220
14034679 12
14034689 51
14034793 140
14034857 127
14034953 31
14034953 3111
14034961 56
14034973 9252
14035057 12
14035127 160
14035261 15
14035289 79
14035337 12
14035367 24
14035369 12
14035379 1
14035409 67
14035423 5
14035477 9723
14035481 4
14035499 772
14035559 1
14035607 12
14035729 11
14035943 1
14035961 3
14035979 1
14036059 20
14036107 333
14036219 1
14036219 21
14036249 76
14036327 6577
14036423 720
14036501 19
14036593 8
14036621 24
14036623 8
14036657 15
14036657 3424
14036723 1
14036741 24
14036741 204
14036767 485
14036821 335
14036881 524
14036909 4
14037173 3
14037217 264
14037229 116
14037251 1
14037251 4
14037269 39
14037277 212
14037313 3
14037377 3
14037487 164
14037493 1763
14037533 76
14037533 4291
14037641 4
14037671 1
14037791 73
14037809 216
14037967 3117
14037997 47
14038127 5937
14038159 521
14038273 891
14038331 1
14038459 5
14038559 9
14038589 12
14038741 123
14038819 32
14038819 84
14038859 1
14039023 588
14039107 5
14039147 8005
14039197 3
14039231 76
14039237 27
14039239 17
14039299 737
14039299 6312
14039321 3
14039351 1
14039369 135
14039419 9
14039471 1
14039477 4
14039513 7
14039593 11
14039617 147
14039843 1
14039939 64
14039947 17
14039951 4
14039951 9
14040073 3
14040083 6277
14040101 9700
14040119 4
14040149 24
14040157 8
14040217 303
14040311 1
14040391 144
14040391 6708
14040443 1041
14040527 2853
14040541 428
14040571 173
14040577 8
14040599 9
14040703 7337
14040731 196
14040841 48
14040863 1
14040863 37
14040931 1745
14040953 2895
14041003 32
14041003 2732
14041021 8
14041033 8
14041043 2356
14041043 7960
14041073 3
14041103 1605
14041117 12
14041151 1536
14041207 612
14041219 6377
14041253 3
14041253 7
14041319 4
14041409 4
14041427 120
14041519 344
14041603 1116
14041663 93
14041871 1
14041871 120
14041877 927
14042057 27
14042107 2345
14042111 520
14042117 255
14042173 15
14042183 7561
14042219 1
14042219 7456
14042233 171
14042267 4
14042279 1
14042279 6961
14042317 59
14042321 91
14042341 3588
14042393 40
14042419 5
14042429 279
14042461 3
14042557 479
14042563 2508
14042599 9
14042837 2679
14042851 9
14042887 12
14043013 8
14043023 1045
14043059 6604
14043067 5
14043187 8
14043203 13
14043307 12
14043307 17
14043307 1460
14043467 4
14043559 21
14043571 3068
14043611 109
14043613 11
14043613 843
14043677 199
14043761 3
14043767 45
14043769 627
14043811 869
14043817 704
14043839 4
14043889 56
14043919 596
14044061 195
14044169 1347
14044307 168
14044319 1
14044319 4
14044321 1284
14044337 40
14044351 744
14044367 1785
14044367 9657
14044411 144
14044453 300
14044469 7
14044469 3220
14044501 248
14044733 27
14044733 31
14044733 52
14044813 3
14044813 192
14044859 5620
14044871 16
14044991 1
14045027 157
14045029 291
14045113 11
14045197 3
14045231 4
14045243 16
14045293 312
14045359 9
14045393 3
14045497 39
14045539 17
14045609 15
14045671 105
14045743 21
14045753 1696
14045887 293
14045923 668
14045923 8517
14046133 1992
14046181 63
14046299 1
14046359 1
14046397 12
14046397 15
14046463 12
14046493 9435
14046511 1181
14046523 116
14046551 1
14046563 357
14046731 1
14046793 15
14046793 75
14046839 1
14046847 80
14046847 1605
14046863 1
14046869 19
14046869 79
14046869 180
14046919 20
14046931 89
14046931 104
14046943 5
14047109 12
14047109 1296
14047139 1
14047207 108
14047259 1
14047277 3
14047277 7
14047277 324
14047333 332
14047351 9629
14047357 3
14047367 297
14047391 1
14047391 9
14047391 28
14047459 240
14047489 1104
14047573 15
14047573 56
14047573 132
14047573 327
14047603 2405
14047721 100
14047739 5745
14047879 117
14047937 8763
14047951 5
14047961 3
14047961 5335
14047981 11
14047981 3479
14047993 15
14047993 111
14048003 1
14048081 15
14048107 168
14048113 3
14048113 48
14048231 1
14048291 1
14048371 1425
14048453 7
14048501 19
14048513 4387
14048521 3
14048603 1
14048603 36
14048603 2137
14048621 3631
14048743 53
14048743 80
14048813 120
14048819 1
14048819 352
14048857 147
14048893 11
14048933 87
14048977 87
14049023 1
14049023 153
14049071 1
14049199 6032
14049323 1
14049353 1395
14049377 679
14049587 828
14049617 268
14049641 36
14049649 12
14049649 75
14049697 3
14049713 163
14049767 8668
14049787 12
14049869 1204
14049901 119
14049923 1
14049943 3848
14050031 9
14050031 25
14050051 9
14050051 41
14050073 7980
14050117 815
14050187 93
14050199 1
14050213 1647
14050219 5
14050243 21
14050411 96
14050411 453
14050457 904
14050511 1
14050567 2877
14050609 12
14050691 1
14050711 200
14050717 227
14050717 960
14050853 228
14050853 3603
14050859 1
14050889 231
14051057 63
14051077 12
14051087 13
14051087 544
14051099 820
14051101 3983
14051111 16
14051111 6669
14051249 132
14051351 84
14051501 615
14051599 7385
14051633 1248
14051759 4
14051831 4681
14051833 12
14051839 260
14051867 2104
14052019 461
14052161 7683
14052173 3
14052179 1
14052179 9
14052253 11
14052301 224
14052323 1
14052329 327
14052361 11
14052431 1
14052541 15
14052581 19
14052611 373
14052613 5391
14052743 1
14052749 16
14052767 69
14052803 165
14052821 1195
14052823 5
14052851 165
14052877 8
14052991 5136
14053009 411
14053129 387
14053147 392
14053163 685
14053177 272
14053187 9457
14053393 3
14053393 23
14053499 1
14053499 1392
14053573 3
14053573 632
14053601 3
14053601 99
14053619 129
14053657 39
14053657 4304
14053703 1
14053727 4
14053841 7023
14053889 96
14053903 657
14053933 35
14053981 63
14053981 1068
14054011 8645
14054017 8
14054017 12
14054017 24
14054113 72
14054137 72
14054273 3
14054273 15
14054279 1
14054297 12
14054303 1
14054303 568
14054309 40
14054317 3
14054317 12
14054399 9400
14054407 5
14054459 1
14054489 4
14054497 39
14054497 92
14054681 3
14054701 780
14054701 2868
14054741 4
14054743 21
14054753 180
14054779 5
14054779 117
14054819 1
14054849 12
14054893 3
14054939 292
14054977 48
14054987 2160
14055011 4
14055037 3
14055037 20
14055103 21
14055131 1
14055233 5712
14055289 11
14055289 72
14055313 3
14055439 4689
14055527 3048
14055593 7
14055607 5
14055647 969
14055667 44
14055683 1
14055707 772
14055757 3
14055781 15
14055781 1844
14055781 6408
14055871 5
14055887 124
14055911 4
14055919 44
14056019 24
14056019 64
14056043 1
14056079 1
14056139 492
14056157 3
14056177 59
14056199 25
14056199 2652
14056451 2805
14056453 3
14056453 2220
14056529 7
14056621 504
14056717 3
14056771 3185
14056771 7268
14056811 7084
14056859 1
14056969 852
14057051 1
14057269 9744
14057311 36
14057311 1385
14057411 25
14057423 1
14057501 4
14057507 13
14057507 49
14057509 6039
14057551 7760
14057651 1
14057677 23
14057783 1
14057801 43
14057801 123
14057801 295
14057819 49
14057819 4584
14057867 13
14057867 84
14057867 85
14058013 3
14058047 4
14058131 45
14058169 75
14058179 49
14058199 804
14058223 57
14058241 60
14058263 1
14058263 45
14058277 24
14058379 1097
14058491 1
14058491 961
14058503 1
14058523 53
14058547 348
14058547 477
14058619 21
14058619 917
14058641 5335
14058683 1
14058701 1588
14058701 2464
14058857 447
14058871 9984
14058943 5
14058977 39
14059007 12
14059007 24
14059013 927
14059033 1583
14059037 3
14059037 2667
14059061 3
14059061 1996
14059081 8
14059081 711
14059103 28
14059159 9
14059291 53
14059291 561
14059321 2519
14059333 3512
14059379 1
14059379 237
14059477 168
14059559 2385
14059621 83
14059621 759
14059807 48
14059819 5
14059847 2445
14059861 2684
14060023 5
14060077 468
14060149 47
14060303 1
14060303 73
14060363 2680
14060369 1891
14060393 3
14060393 7
14060393 108
14060461 219
14060471 504
14060531 9
14060531 28
14060537 4
14060671 9953
14060693 268
14060693 936
14060723 13
14060729 52
14060833 47
14060873 7
14060873 12
14060897 252
14060951 24
14060983 512
14061137 3
14061149 7
14061239 4
14061247 849
14061277 8
14061283 60
14061283 213
14061323 660
14061353 271
14061361 1100
14061419 1
14061469 324
14061527 8572
14061599 229
14061679 20
14061769 2472
14061791 1249
14061841 3
14061851 1
14061863 288
14061877 180
14061979 216
14062123 20
14062171 308
14062241 4
14062253 3
14062271 1
14062283 1
14062343 1
14062357 12
14062357 20
14062397 43
14062409 15
14062421 3
14062613 7
14062619 1
14062681 3
14062813 20
14062817 15
14062943 40
14062943 45
14062957 555
14063017 35
14063017 135
14063087 300
14063111 633
14063149 80
14063191 8
14063209 792
14063251 9
14063323 5657
14063359 1260
14063383 432
14063531 1
14063561 4
14063593 83
14063593 1236
14063627 4
14063671 8
14063671 24
14063671 29
14063671 5220
14063789 151
14063809 15
14063831 1
14063831 61
14063831 285
14063837 247
14063887 12
14063891 1
14063891 105
14063891 244
14064023 8905
14064067 17
14064137 123
14064191 1
14064371 16
14064419 249
14064443 1
14064443 2725
14064481 780
14064527 357
14064619 212
14064749 7
14064761 15
14064761 204
14064857 2304
14064949 3807
14065067 1480
14065151 1
14065151 4
14065169 687
14065357 1503
14065547 13
14065559 1
14065589 15
14065633 5051
14065637 99
14065637 127
14065637 472
14065637 8139
14065763 1
14065837 3
14065837 195
14065937 7668
14066069 4
14066149 227
14066149 1347
14066161 8
14066161 180
14066233 3
14066333 88
14066333 3688
14066407 17
14066453 3
14066477 15
14066483 1
14066491 276
14066491 456
14066519 201
14066597 19
14066651 5740
14066693 3
14066699 60
14066747 2044
14066863 2513
14066953 188
14066989 380
14066999 1
14067029 84
14067083 196
14067107 1600
14067167 1177
14067197 1624
14067323 1
14067323 705
14067359 1
14067367 12
14067413 571
14067433 2843
14067439 32
14067533 1095
14067553 1803
14067629 72
14067629 792
14067643 548
14067643 8052
14067787 2057
14067791 84
14067793 491
14067853 3
14067953 60
14067979 17
14068031 1
14068031 4
14068081 1863
14068127 12
14068193 3
14068331 165
14068357 123
14068357 200
14068403 1
14068403 537
14068501 164
14068597 12
14068751 1
14068751 396
14068751 8653
14068757 7
14068841 4
14068841 3615
14068849 60
14068867 20
14068913 15
14068919 2700
14068961 3
14069059 5
14069087 7633
14069141 28
14069267 4
14069351 253
14069621 148
14069651 60
14069651 2941
14069681 3148
14069837 67
14069849 7
14069981 3
14069981 8728
14069983 80
14070071 1
14070071 21
14070083 897
14070103 8652
14070149 87
14070163 237
14070167 369
14070193 32
14070193 1323
14070293 156
14070299 4
14070349 3660
14070367 1833
14070391 1280
14070527 4
14070541 3
14070541 83
14070541 95
14070547 32
14070547 504
14070557 63
14070593 1660
14070691 264
14070757 7175
14070839 5197
14070853 171
14070863 1
14070877 2432
14070911 2244
14070941 75
14071067 384
14071067 748
14071069 84
14071081 35
14071157 3
14071181 123
14071199 1
14071199 37
14071271 465
14071333 95
14071367 9
14071391 1
14071451 148
14071459 5
14071459 4305
14071459 7277
14071567 5
14071619 1
14071633 11
14071643 1
14071649 99
14071697 7
14071747 5
14071763 1
14071829 4
14071859 1
14071927 80
14071973 912
14072053 15
14072237 12
14072239 84
14072257 420
14072269 111
14072291 1
14072473 27
14072491 80
14072491 2753
14072537 180
14072561 40
14072587 80
14072677 3
14072869 1247
14072873 12
14072921 9400
14072969 2391
14072999 12
14072999 132
14073001 3296
14073011 1
14073107 24
14073119 8356
14073131 1
14073131 276
14073179 1
14073179 232
14073179 324
14073197 3
14073197 3363
14073223 137
14073313 15
14073511 156
14073581 19
14073601 3
14073649 3060
14073679 617
14073749 4
14073751 5
14073809 396
14073823 5
14073823 3725
14073847 6368
14073847 9908
14073853 3
14073989 412
14074141 84
14074157 1104
14074163 1
14074169 36
14074187 1029
14074211 1
14074213 51
14074303 33
14074303 152
14074331 4
14074331 48
14074331 825
14074441 159
14074493 2476
14074633 20
14074639 1449
14074661 391
14074679 76
14074751 1
14074751 96
14074751 2376
14074777 300
14074789 216
14074799 1
14074799 4
14074799 9
14074807 2769
14074811 1
14074813 8
14074999 9
14074999 204
14075161 123
14075161 1940
14075227 5489
14075251 68
14075251 1124
14075273 15
14075291 1
14075329 36
14075417 55
14075443 8
14075459 124
14075543 1
14075603 336
14075653 23
14075707 9
14075707 20
14075707 653
14075707 6384
14075741 183
14075753 3
14075783 228
14075801 4
14075843 1
14075851 9
14075851 101
14075917 24
14075939 529
14075959 332
14075981 343
14076001 248
14076061 3
14076103 261
14076121 68
14076143 1
14076157 3995
14076239 1
14076239 105
14076259 12
14076277 24
14076347 84
14076431 1
14076451 5
14076541 1131
14076583 2928
14076617 480
14076617 484
14076637 203
14076649 156
14076659 24
14076659 169
14076719 1
14076757 83
14076757 224
14076917 7
14076917 6039
14076991 21
14077123 1517
14077123 6177
14077123 7077
14077229 264
14077253 363
14077333 8
14077333 56
14077363 5
14077439 1
14077457 6180
14077493 91
14077507 3600
14077603 125
14077663 113
14077711 5
14077733 216
14077733 867
14077799 1
14077919 4
14078041 84
14078063 1
14078081 4
14078081 63
14078101 3
14078153 3
14078191 3548
14078209 2792
14078237 3
14078237 43
14078237 148
14078249 1839
14078263 17
14078279 1
14078327 172
14078437 1883
14078459 4
14078573 580
14078579 1
14078719 669
14078747 24
14078797 3
14078807 9
14078837 535
14078837 7683
14078863 2468
14078881 48
14078923 696
14078959 12
14079253 23
14079287 297
14079319 29
14079407 4633
14079419 49
14079419 2236
14079493 4352
14079497 4
14079629 220
14079641 139
14079643 8
14079691 65
14079697 72
14079697 135
14079733 3
14079739 21
14079763 20
14079803 1648
14079827 112
14079839 1
14079853 1947
14079907 1589
14079971 1144
14080211 948
14080331 1945
14080379 1905
14080411 8
14080421 3
14080543 561
14080571 1
14080571 4
14080637 159
14080673 8512
14080679 1
14080739 4
14080793 12
14080799 1
14080837 12
14080841 3
14080883 1
14080949 2556
14081003 1
14081003 820
14081021 1699
14081113 3
14081213 3
14081227 4577
14081237 3
14081279 1
14081303 193
14081429 4399
14081447 64
14081447 784
14081519 52
14081579 4
14081581 3
14081609 91
14081609 1915
14081611 780
14081651 8488
14081659 24
14081659 96
14081687 28
14081687 124
14081731 4104
14081779 6552
14081827 8
14081909 567
14081939 1
14081939 21
14081953 672
14081953 1608
14082143 213
14082217 8
14082241 3
14082241 1604
14082251 1
14082251 336
14082331 5
14082331 24
14082337 27
14082347 1045
14082359 4
14082479 1
14082539 4
14082547 9
14082599 1
14082611 1
14082617 7
14082701 115
14082863 1
14082883 48
14082947 9
14083171 5
14083171 29
14083247 2205
14083247 3408
14083457 247
14083457 5187
14083501 8
14083501 11
14083501 7076
14083561 276
14083583 60
14083607 1728
14083639 5
14083639 4284
14083711 5
14083711 248
14083723 32
14083759 5
14083793 583
14083793 6663
14083819 3852
14083877 4
14083903 4437
14083907 60
14083931 1
14083931 1381
14083961 256
14083961 6096
14084023 7553
14084099 1
14084209 8307
14084243 705
14084243 973
14084311 5568
14084471 81
14084489 12
14084611 149
14084663 12
14084713 1220
14084737 3
14084737 323
14084747 4
14084783 1
14084783 292
14084897 60
14084911 324
14084911 7245
14084927 244
14084927 2293
14084929 11
14084969 40
14084969 192
14084977 3
14084977 95
14085059 1
14085199 20
14085257 3
14085257 219
14085259 216
14085371 1
14085371 1416
14085413 955
14085437 1135
14085583 7572
14085613 23
14085629 676
14085667 1649
14085671 25
14085737 60
14085803 57
14085857 4
14085881 4
14085887 8649
14085893 7
14085893 76
14085893 172
14086043 1741
14086063 12
14086099 665
14086207 29
14086223 28
14086223 2280
14086313 895
14086349 600
14086469 55
14086517 1215
14086601 255
14086643 1
14086661 75
14086697 252
14086697 7855
14086747 212
14086753 8
14086861 11
14086861 36
14086861 95
14086979 3244
14086987 197
14087027 208
14087041 23
14087057 4
14087093 163
14087107 77
14087167 84
14087369 136
14087383 65
14087399 1
14087399 57
14087461 3
14087537 120
14087561 2199
14087599 20
14087603 21
14087603 1497
14087657 1992
14087719 1092
14087741 3
14087743 33
14087761 23
14087819 1
14087897 4
14087999 9
14088001 8
14088001 6060
14088059 1
14088131 1120
14088143 1
14088233 1375
14088251 1
14088293 43
14088299 196
14088299 3417
14088383 421
14088409 96
14088419 1
14088439 92
14088439 204
14088439 636
14088463 5
14088467 4
14088467 225
14088617 7
14088677 939
14088731 1
14088913 3
14088979 344
14088979 2849
14088989 1995
14089003 17
14089129 11
14089213 63
14089297 75
14089303 8
14089319 45
14089373 3
14089373 955
14089381 6584
14089451 1
14089459 5
14089459 24
14089577 3
14089687 269
14089709 196
14089723 32
14089771 21
14089799 9517
14089819 1865
14089877 228
14089897 2744
14089979 1
14089993 431
14090057 28
14090113 1647
14090149 32
14090149 191
14090257 3
14090357 1639
14090389 116
14090393 51
14090471 976
14090521 3
14090521 135
14090521 396
14090561 4
14090561 564
14090581 8259
14090617 23
14090717 3
14090717 52
14090717 343
14090779 140
14090831 1
14090831 133
14090887 392
14090963 13
14090983 5
14091227 133
14091247 17
14091431 25
14091443 1
14091499 101
14091613 3488
14091631 284
14091677 4
14091697 3
14091697 1152
14091733 8
14091809 4
14091809 756
14091853 23
14091877 20
14091919 1917
14091923 1
14091943 5565
14092019 336
14092097 15
14092121 664
14092147 324
14092189 15
14092193 3
14092279 21
14092279 216
14092297 123
14092373 196
14092409 67
14092409 7140
14092511 93
14092531 3128
14092669 6275
14092697 19
14092717 188
14092783 20
14092823 40
14092831 516
14092979 1
14093309 3171
14093311 1205
14093369 220
14093447 1045
14093477 7980
14093531 9
14093531 136
14093537 4
14093567 28
14093659 12
14093659 572
14093671 33
14093689 5355
14093759 2784
14093803 65
14093977 3
14093977 5208
14093999 4
14094007 17
14094019 29
14094133 15
14094259 1785
14094323 73
14094341 16
14094389 939
14094617 1495
14094671 21
14094727 12
14094757 248
14094799 321
14094809 831
14094881 139
14094889 11
14094893 43
14094901 6356
14094907 33
14095009 1155
14095043 1
14095043 352
14095141 24
14095157 679
14095163 40
14095163 657
14095171 5
14095181 3
14095219 36
14095231 5
14095307 193
14095391 4
14095391 328
14095429 5807
14095439 16
14095451 156
14095517 3
14095583 1
14095649 16
14095651 360
14095667 972
14095673 228
14095747 105
14095799 1
14095799 4
14095811 1
14095871 9
14095889 72
14095919 1021
14096107 17
14096107 2045
14096161 11
14096219 292
14096237 2443
14096239 5
14096239 21
14096399 1
14096531 1161
14096567 69
14096597 1128
14096617 20
14096617 24
14096701 3
14096773 1196
14096827 5
14096857 8
14096891 36
14096923 65
14096923 1005
14097059 4
14097067 113
14097119 805
14097151 81
14097151 1245
14097173 51
14097179 1
14097287 4
14097289 9120
14097379 872
14097383 1
14097497 4
14097533 8491
14097553 212
14097599 12
14097623 1
14097647 4
14097647 12
14097659 1
14097701 3
14097701 336
14097719 1
14097737 24
14097751 108
14097877 3119
14097953 3
14097977 4
14098009 36
14098061 1560
14098079 9
14098081 3
14098193 4275
14098199 9
14098243 396
14098309 20
14098327 17
14098327 20
14098339 3717
14098349 12
14098393 188
14098393 348
14098393 443
14098439 1
14098499 37
14098501 579
14098619 1449
14098673 271
14098687 12
14098723 6852
14098751 1
14098783 2981
14098811 1
14098837 599
14099009 7
14099077 3
14099131 848
14099177 187
14099243 1
14099329 419
14099333 12
14099333 9456
14099339 97
14099441 55
14099447 1389
14099467 5
14099467 105
14099467 1277
14099473 1371
14099549 2092
14099549 4432
14099573 7
14099573 196
14099599 5
14099623 3348
14099633 7
14099639 1
14099639 141
14099669 424
14099689 4815
14099707 1160
14099831 1
14099837 3
14099837 7
14099857 3
14099951 1188
14100041 3
14100059 204
14100143 1
14100167 1629
14100197 3
14100277 3
14100419 1
14100419 25
14100439 56
14100503 1
14100637 3
14100659 1
14100661 36
14100719 492
14100727 24
14100731 1
14100841 3
14100923 208
14101019 1
14101019 7381
14101037 883
14101049 880
14101099 24
14101099 977
14101121 175
14101207 60
14101207 1148
14101247 213
14101259 4
14101319 1
14101319 37
14101331 1
14101343 1
14101343 145
14101343 868
14101447 1269
14101469 15
14101487 13
14101537 624
14101603 173
14101603 1125
14101709 792
14101709 799
14101849 6615
14101883 1
14101937 24
14101963 2048
14102051 460
14102051 1720
14102087 97
14102089 4272
14102111 1
14102113 15
14102131 2241
14102177 52
14102201 100
14102201 268
14102251 44
14102261 1284
14102273 48
14102411 789
14102419 140
14102437 83
14102437 408
14102437 2432
14102449 372
14102471 28
14102521 36
14102591 1
14102591 4681
14102633 147
14102723 1
14102723 48
14102761 7799
14102827 5
14102827 317
14102899 245
14102909 1596
14102939 396
14102941 3
14102981 28
14102981 1356
14103053 3
14103053 895
14103059 9540
14103091 9
14103157 672
14103281 4
14103289 372
14103391 8853
14103403 3620
14103407 4
14103413 3
14103437 4
14103469 2516
14103469 6791
14103487 2885
14103499 17
14103521 3
14103553 71
14103637 9099
14103707 60
14103707 8128
14103709 80
14103809 27
14103811 2276
14103823 5945
14103847 428
14103851 84
14103917 1575
14103961 1536
14103967 2328
14103967 3737
14103983 1
14103997 480
14104073 1795
14104133 667
14104199 8356
14104217 12
14104231 5
14104361 3
14104379 1
14104381 3
14104381 8
14104397 7
14104499 5052
14104513 11
14104529 40
14104537 8
14104537 552
14104619 312
14104637 4
14104637 7
14104637 139
14104693 8
14104693 23
14104703 1
14104703 597
14104729 20
14104843 296
14104873 35
14104877 3
14104877 244
14104889 12
14104939 240
14104967 5748
14105017 3
14105051 1
14105059 81
14105317 15
14105387 4
14105459 16
14105501 9156
14105519 1
14105573 1731
14105603 1
14105669 51
14105669 655
14105759 2809
14105887 12
14105891 105
14105891 9345
14106077 12
14106143 1
14106241 179
14106241 7475
14106283 156
14106289 11
14106289 84
14106331 3336
14106349 84
14106353 43
14106359 1
14106371 21
14106397 815
14106397 2132
14106403 5
14106409 20
14106551 1
14106619 45
14106647 612
14106661 8
14106691 5
14106713 7
14106727 113
14106893 60
14106893 475
14106899 1
14106913 620
14106941 1371
14107111 45
14107153 3
14107277 39
14107339 1356
14107393 48
14107537 324
14107547 5413
14107553 52
14107559 1
14107607 1777
14107609 7235
14107663 17
14107669 11
14107727 360
14107789 11
14107799 1
14107799 444
14107829 8187
14107859 424
14107871 1
14107871 60
14107871 3669
14108033 3072
14108111 7825
14108119 5
14108153 3
14108201 64
14108201 351
14108273 708
14108287 12
14108309 1251
14108321 76
14108321 163
14108321 1648
14108329 11
14108371 1496
14108377 300
14108377 2159
14108417 12
14108449 27
14108483 2856
14108533 3
14108533 60
14108539 336
14108539 5880
14108543 16
14108561 1516
14108593 8
14108617 144
14108663 1
14108707 140
14108711 4
14108737 9024
14108777 39
14108777 1267
14108833 1395
14108881 11
14108909 276
14109041 4
14109079 5
14109079 12
14109079 1229
14109241 216
14109383 1
14109427 980
14109449 24
14109503 1
14109559 8025
14109577 59
14109593 16
14109629 7
14109671 1
14109679 3425
14109757 4424
14109803 12
14109811 8
14109829 80
14109829 6684
14109871 8
14109883 7533
14109959 244
14109967 33
14110009 119
14110039 489
14110079 36
14110127 1152
14110147 53
14110163 40
14110241 1224
14110253 63
14110259 1
14110277 48
14110297 12
14110303 60
14110303 260
14110303 317
14110319 1
14110319 6637
14110373 1368
14110379 4
14110379 72
14110379 364
14110451 1
14110451 24
14110451 780
14110513 2412
14110553 408
14110637 7
14110637 6447
14110721 31
14110741 180
14110757 328
14110757 1299
14110823 1480
14110841 19
14110841 108
14110919 1
14110997 4
14111051 4
14111161 8283
14111183 1
14111341 59
14111341 191
14111347 2049
14111381 4
14111401 471
14111413 71
14111441 84
14111441 3168
14111459 145
14111477 687
14111507 7017
14111563 17
14111569 959
14111579 40
14111599 4812
14111677 8
14111693 51
14111707 2060
14111711 2164
14111771 1
14111771 24
14111803 9845
14111899 45
14111953 35
14111957 220
14111971 1325
14112011 1
14112017 5344
14112149 67
14112149 1135
14112229 75
14112283 437
14112311 844
14112331 56
14112403 5433
14112443 72
14112443 1408
14112517 84
14112541 228
14112559 3165
14112691 125
14112697 3327
14112743 12
14112779 172
14112827 160
14112853 132
14112911 1
14112919 125
14112971 1
14113013 6991
14113027 332
14113027 425
14113037 4264
14113069 24
14113079 109
14113249 411
14113259 145
14113439 1
14113441 4271
14113487 825
14113591 5208
14113607 4
14113733 3
14113783 36
14113817 60
14113871 1
14113907 49
14114011 20
14114117 3
14114137 1803
14114159 49
14114189 4
14114197 8
14114227 48
14114351 8241
14114371 273
14114389 3620
14114407 5
14114407 29
14114521 8
14114533 1820
14114557 584
14114593 51
14114609 12
14114627 84
14114741 3
14114759 205
14114791 165
14114809 92
14114843 361
14114843 3172
14114861 144
14114869 15
14114959 1692
14115011 1
14115047 4
14115047 25
14115071 468
14115071 936
14115293 28
14115317 27
14115379 17
14115433 32
14115539 1
14115617 955
14115719 1
14115733 203
14115733 5511
14115743 1
14115743 640
14115811 5
14115853 11
14116033 20
14116153 767
14116187 3532
14116217 3
14116261 3
14116339 5
14116381 23
14116397 387
14116471 80
14116519 24
14116799 492
14116877 3
14116901 15
14116933 15
14116937 784
14117039 1
14117053 36
14117093 7
14117111 1
14117219 1
14117281 7556
14117359 32
14117639 1
14117669 2320
14117681 4
14117759 829
14117783 1
14117833 11
14117861 55
14117897 24
14117903 525
14117921 391
14117923 68
14117951 2101
14118017 4
14118017 87
14118019 1232
14118031 773
14118043 557
14118161 64
14118161 7800
14118199 80
14118239 4
14118277 1595
14118277 2000
14118277 2324
14118301 183
14118367 305
14118371 1
14118371 1380
14118407 105
14118439 384
14118451 9
14118479 1
14118479 40
14118493 152
14118493 431
14118593 36
14118593 223
14118697 3
14118889 39
14118889 96
14118943 33
14118947 1392
14118961 24
14118961 1419
14118961 7256
14119019 1
14119051 84
14119057 119
14119139 1
14119141 140
14119177 204
14119177 339
14119199 24
14119199 8617
14119207 8
14119241 24
14119277 3
14119277 19
14119279 17
14119319 2572
14119331 24
14119331 25
14119397 4
14119397 199
14119439 1
14119499 1
14119597 3
14119649 132
14119657 5267
14119661 2184
14119747 12
14119813 8
14119927 20
14119927 345
14119951 9
14119957 3
14119957 579
14120011 21
14120011 128
14120083 521
14120083 5333
14120143 3060
14120143 3417
14120279 1
14120291 13
14120291 33
14120291 3936
14120329 72
14120399 1
14120501 51
14120537 39
14120567 13
14120567 49
14120573 3
14120627 12
14120699 57
14120699 2301
14120713 3
14120731 44
14120783 1
14120807 357
14120881 3
14120881 6276
14120917 2252
14120917 8844
14120957 7
14121031 2904
14121127 5
14121137 3
14121137 7
14121139 672
14121223 5
14121223 2376
14121293 147
14121299 256
14121301 11
14121307 189
14121323 1
14121323 57
14121323 285
14121361 99
14121421 531
14121433 3
14121469 500
14121493 3963
14121553 348
14121623 333
14121629 7
14121643 5
14121733 3672
14121851 816
14121853 275
14121907 32
14121907 765
14121911 133
14121911 7429
14121929 4
14122051 405
14122127 12
14122169 12
14122177 68
14122211 1
14122319 1
14122379 157
14122387 9
14122501 44
14122523 1
14122541 40
14122673 7
14122721 283
14122727 532
14122847 28
14122861 7803
14122883 21
14122891 824
14122891 1241
14122951 1509
14122957 224
14122991 1
14123093 1888
14123111 21
14123111 24
14123111 76
14123167 624
14123167 980
14123167 3345
14123273 7
14123353 12
14123477 40
14123477 4627
14123489 7
14123489 339
14123539 8484
14123647 12
14123671 21
14123717 267
14123743 200
14123831 4
14123881 596
14123939 109
14123999 96
14124013 27
14124031 648
14124037 119
14124043 1025
14124119 1
14124181 2316
14124281 4
14124307 12
14124307 89
14124349 4712
14124371 1
14124401 3
14124469 20
14124469 39
14124497 79
14124521 24
14124533 3
14124533 31
14124673 95
14124679 8645
14124689 1275
14124709 6827
14124779 21
14124853 20
14124889 11
14124889 171
14124959 1
14125003 12
14125021 63
14125039 6165
14125169 16
14125207 7193
14125217 19
14125229 12
14125301 300
14125313 175
14125369 6800
14125393 36
14125399 3800
14125439 1
14125451 1
14125469 19
14125571 1
14125591 5
14125621 71
14125649 15
14125693 12
14125693 60
14125763 1
14125781 4
14125889 19
14125907 13
14125919 9600
14125967 9
14126039 12
14126053 1395
14126081 64
14126129 12
14126137 992
14126183 1077
14126257 207
14126309 27
14126353 3
14126369 39
14126459 1
14126459 25
14126477 5259
14126513 520
14126597 120
14126603 1
14126681 4
14126719 116
14126911 1100
14126963 25
14126977 23
14127049 5391
14127121 119
14127131 1
14127131 4
14127161 84
14127193 72
14127287 12
14127293 3
14127301 59
14127301 279
14127319 405
14127343 92
14127343 192
14127389 7
14127397 35
14127403 17
14127457 32
14127467 109
14127467 6984
14127511 20
14127517 15
14127563 1
14127563 16
14127601 11
14127613 395
14127637 360
14127677 12
14127863 1
14127899 25
14127941 9723
14127943 8
14127979 125
14128021 24
14128069 11
14128069 296
14128129 12
14128159 21
14128217 3
14128319 16
14128319 1044
14128379 8169
14128537 147
14128573 3
14128579 4961
14128603 113
14128603 1245
14128603 9308
14128633 840
14128663 81
14128703 1713
14128733 63
14128747 12
14128747 969
14128757 48
14128781 4
14128781 228
14128903 8
14128903 7340
14128943 112
14128949 2535
14128987 2073
14128997 4
14129009 40
14129009 111
14129033 1428
14129039 69
14129039 3561
14129047 32
14129207 337
14129233 72
14129233 276
14129299 560
14129303 168
14129321 48
14129333 28
14129377 2547
14129417 355
14129513 15
14129513 3955
14129519 1
14129579 1
14129593 140
14129651 1
14129653 495
14129701 531
14129743 17
14129777 355
14129821 8031
14129897 24
14129957 39
14129971 21
14129993 48
14130029 19
14130029 51
14130097 15
14130113 9663
14130191 516
14130209 4
14130227 204
14130269 19
14130299 1
14130299 9
14130331 173
14130377 127
14130377 135
14130449 3780
14130463 6332
14130629 279
14130629 8592
14130653 868
14130719 60
14130733 23
14130793 4436
14130821 8979
14130877 3
14130887 345
14130983 1
14131109 751
14131237 692
14131259 21
14131387 17
14131393 128
14131487 69
14131487 1945
14131487 4012
14131531 188
14131547 13
14131571 5760
14131583 3085
14131643 2697
14131681 3
14131823 36
14131889 3391
14131919 1
14131969 11
14132023 17
14132137 63
14132227 5
14132227 9020
14132233 95
14132273 15
14132353 267
14132369 76
14132441 223
14132551 24
14132623 1121
14132641 8328
14132693 7
14132711 1
14132717 52
14132749 39
14132813 556
14132819 1
14132837 27
14132857 12
14132893 8
14132897 4
14132957 268
14133013 71
14133013 5631
14133101 363
14133113 1587
14133211 56
14133211 3785
14133221 3843
14133263 1
14133367 128
14133367 324
14133373 3
14133373 8348
14133419 37
14133481 24
14133487 32
14133503 1
14133521 24
14133521 804
14133617 7
14133671 24
14133671 36
14133689 4435
14133731 4
14133787 77
14133803 1
14133803 945
14133949 24
14133949 312
14133961 1124
14133961 1476
14134073 7
14134147 5
14134193 27
14134247 4
14134279 1676
14134291 5
14134291 101
14134349 24
14134399 381
14134399 4761
14134559 1
14134559 4
14134583 1
14134597 104
14134723 1128
14134829 580
14134877 868
14134979 9129
14134997 67
14135071 761
14135111 1
14135129 16
14135189 1431
14135299 21
14135323 5
14135371 36
14135417 912
14135419 9
14135419 5001
14135437 84
14135497 32
14135497 2432
14135503 4233
14135599 965
14135711 1
14135729 3451
14135827 377
14135827 2165
14135843 1
14135843 2685
14135893 116
14135893 507
14135921 1236
14135929 27
14135951 2248
14135999 7161
14135999 7660
14136013 3
14136013 156
14136037 3
14136037 15
14136047 4
14136169 4415
14136211 116
14136211 5169
14136359 321
14136407 4
14136407 4933
14136481 3
14136491 888
14136539 1
14136569 432
14136599 9
14136599 16
14136631 8
14136631 753
14136653 6903
14136709 540
14136719 4
14136781 11
14136781 15
14136781 639
14136823 188
14136887 9
14136887 409
14136901 416
14136919 65
14136953 196
14137031 48
14137103 252
14137133 3
14137139 736
14137199 100
14137223 1
14137223 1092
14137303 21
14137303 113
14137339 5
14137381 215
14137423 5508
14137499 1
14137499 685
14137537 408
14137549 1011
14137573 35
14137621 71
14137621 459
14137807 6440
14137853 6367
14137859 1
14137961 3
14137961 600
14137987 2825
14138039 16
14138039 145
14138039 1644
14138087 585
14138119 92
14138219 1
14138219 4
14138251 60
14138251 9804
14138287 273
14138291 420
14138323 33
14138351 4501
14138363 1
14138363 72
14138381 31
14138381 244
14138381 711
14138401 396
14138419 2349
14138473 107
14138533 12
14138533 83
14138549 4
14138653 1652
14138833 11
14138843 1
14138843 4113
14138879 64
14138903 1
14138933 415
14138953 168
14138977 3
14139079 2805
14139179 1
14139179 4
14139199 9
14139199 6380
14139221 15
14139271 1269
14139283 5
14139329 15
14139361 11
14139431 144
14139551 153
14139571 269
14139581 4
14139623 1
14139683 28
14139683 672
14139701 28
14139703 72
14139707 889
14139709 1899
14139731 84
14139859 21
14139889 1215
14140013 3
14140013 303
14140013 600
14140043 37
14140099 5
14140153 3
14140153 687
14140153 1067
14140169 456
14140229 40
14140411 164
14140459 1425
14140459 9189
14140517 28
14140631 3421
14140669 12
14140691 6784
14140733 715
14140751 6028
14140781 16
14140811 1
14140849 15
14140849 687
14140853 3408
14140927 417
14141129 7
14141137 20
14141167 540
14141207 88
14141209 84
14141233 8
14141233 2631
14141243 2853
14141249 3232
14141287 5
14141287 12
14141293 8
14141359 29
14141371 56
14141401 515
14141411 1
14141471 289
14141483 1
14141579 1
14141579 40
14141587 20
14141587 7377
14141707 2633
14141929 15
14141929 2616
14142001 299
14142017 2083
14142019 8252
14142059 1
14142091 1733
14142173 5827
14142311 48
14142311 76
14142371 1
14142389 4
14142409 9959
14142413 756
14142529 27
14142533 27
14142551 40
14142553 363
14142607 137
14142617 604
14142617 1080
14142643 893
14142719 4
14142721 20
14142839 1
14142853 3
14142853 12
14142853 1943
14142871 188
14142899 1
14142971 1248
14143027 1572
14143043 60
14143061 4
14143109 4
14143109 1936
14143121 76
14143127 4165
14143187 3868
14143267 140
14143463 1
14143579 9
14143601 19
14143601 844
14143627 5
14143669 840
14143681 1463
14143819 9
14143837 107
14143903 161
14143957 27
14144021 76
14144023 12
14144047 2709
14144069 2052
14144093 28
14144161 104
14144161 335
14144267 9
14144267 2077
14144327 144
14144353 191
14144393 1020
14144413 236
14144479 9
14144479 12
14144479 6324
14144521 876
14144593 11
14144687 33
14144743 33
14144813 28
14144813 180
14144843 1
14144891 1
14144891 853
14144891 1425
14144927 5025
14144941 15
14144971 8
14144981 3
14144981 2376
14145091 41
14145091 45
14145277 3
14145539 1
14145539 4
14145577 3
14145727 9753
14145763 21
14145763 476
14145793 3
14145793 227
14145841 416
14145863 1
14145893 12
14146001 244
14146049 7
14146103 1
14146117 8
14146117 1983
14146163 12
14146163 873
14146211 73
14146211 781
14146213 3
14146213 60
14146291 141
14146291 2024
14146331 9
14146339 5
14146343 1
14146409 4
14146423 32
14146453 1608
14146477 3
14146723 117
14146739 1
14146789 80
14146861 96
14146883 1
14146883 168
14146999 12
14147027 9
14147051 345
14147087 9
14147123 1
14147123 277
14147143 65
14147143 801
14147249 136
14147257 3
14147257 8
14147279 16
14147279 57
14147291 1
14147317 8
14147317 1032
14147333 15
14147411 21
14147429 15
14147429 100
14147491 20
14147491 2808
14147677 3
14147711 2160
14147711 2389
14147729 27
14147743 5273
14147753 3
14147797 63
14147827 9933
14147839 5
14147857 35
14147879 180
14147983 332
14148007 5
14148011 100
14148047 184
14148049 699
14148061 3
14148109 27
14148133 492
14148163 8
14148209 4
14148257 199
14148367 92
14148397 144
14148451 29
14148499 8624
14148557 4
14148569 172
14148577 332
14148647 385
14148779 1
14148791 1
14148857 3220
14148907 5
14148929 516
14148971 1
14149067 4
14149073 348
14149111 2516
14149139 1
14149171 1409
14149199 120
14149199 204
14149307 157
14149349 15
14149367 4429
14149403 60
14149417 8
14149417 3660
14149543 36
14149631 1
14149631 21
14149631 145
14149693 1400
14149693 2975
14149727 1549
14149829 240
14149859 49
14149957 3
14149979 4
14150009 27
14150009 112
14150179 1916
14150179 3696
14150197 8
14150321 5368
14150329 15
14150351 1
14150363 168
14150407 2505
14150413 11
14150503 1353
14150623 7212
14150659 680
14150671 101
14150729 792
14150891 2824
14150897 1048
14150993 63
14151041 3
14151119 529
14151149 4
14151161 16
14151199 21
14151199 72
14151287 4
14151373 36
14151377 123
14151461 15
14151491 1
14151491 4
14151491 6948
14151547 5
14151547 8
14151589 80
14151589 7092
14151611 69
14151619 5
14151619 12
14151793 3
14151793 120
14151811 8
14151869 75
14151961 371
14151989 15
14151989 24
14151997 75
14152049 1311
14152049 4320
14152057 20
14152067 265
14152067 3813
14152163 1
14152223 1
14152223 88
14152309 3111
14152361 1939
14152441 71
14152487 69
14152553 2335
14152763 745
14152799 301
14152837 15
14152867 33
14152867 60
14152871 1
14152871 4
14152937 4
14152939 185
14153011 5
14153023 5
14153053 3
14153053 2280
14153057 955
14153123 1
14153177 300
14153177 2788
14153339 1
14153357 27
14153387 4125
14153437 120
14153443 80
14153449 9491
14153483 85
14153501 24
14153593 27
14153611 93
14153611 2424
14153749 44
14153791 21
14153813 3
14153831 285
14153833 36
14153899 504
14153941 3
14153959 7680
14153983 8
14154037 39
14154109 12
14154137 3
14154209 15
14154209 9159
14154227 4
14154323 2065
14154527 9
14154533 36
14154593 87
14154607 288
14154619 497
14154739 1361
14154779 1
14154793 35
14154793 408
14154797 3
14154839 1
14154839 9
14154859 29
14154859 80
14154911 1
14154911 4
14155079 1
14155129 20
14155147 104
14155153 3
14155153 1103
14155241 364
14155279 20
14155459 20
14155469 196
14155469 1615
14155489 15
14155651 69
14155667 240
14155727 117
14155727 2217
14155763 1
14155861 8
14155861 623
14156003 1
14156039 1
14156081 1059
14156143 33
14156203 12
14156221 351
14156249 1347
14156297 1152
14156323 8
14156399 1
14156413 3
14156419 9749
14156537 4
14156537 19
14156537 27
14156557 855
14156591 105
14156609 4
14156609 3316
14156641 720
14156683 428
14156719 504
14156771 1
14156773 1020
14156797 3752
14156861 31
14156927 432
14156939 376
14156993 3
14156999 8581
14157067 6129
14157083 88
14157131 1
14157137 112
14157181 35
14157317 184
14157371 1
14157373 3
14157383 81
14157391 24
14157503 25
14157541 411
14157557 100
14157593 3
14157593 48
14157631 453
14157701 4
14157733 647
14157769 4115
14157841 3
14157881 2376
14157881 7620
14157893 216
14157893 412
14158043 1
14158043 57
14158153 87
14158187 2193
14158231 188
14158259 4497
14158379 900
14158393 8
14158393 32
14158393 327
14158393 5568
14158471 1440
14158513 3228
14158663 6305
14158687 5
14158691 1
14158829 5431
14158831 96
14158843 8
14158883 12
14158919 136
14158927 29
14158987 1220
14159039 892
14159051 4840
14159069 1476
14159149 200
14159251 209
14159261 8611
14159287 692
14159377 32
14159377 767
14159399 1
14159413 51
14159413 1743
14159443 441
14159443 2472
14159507 24
14159527 45
14159543 13
14159557 464
14159573 60
14159681 120
14159689 1092
14159767 33
14159773 167
14159797 44
14159947 2285
14159969 76
14159969 355
14159983 81
14160007 6069
14160067 152
14160071 9
14160137 4152
14160151 21
14160151 2400
14160239 721
14160283 533
14160361 36
14160389 7
14160389 12
14160427 237
14160493 3
14160551 1
14160589 44
14160589 1259
14160683 1
14160683 97
14160689 6139
14160851 1
14160851 13
14160977 7003
14161093 3
14161159 1089
14161207 80
14161339 389
14161409 4
14161409 1999
14161409 8259
14161423 48
14161439 4
14161453 8
14161463 28
14161519 5
14161597 2387
14161601 3
14161627 5
14161627 24
14161627 1865
14161633 12
14161633 60
14161729 351
14161793 147
14161793 3532
14161817 2467
14161843 6977
14161853 3
14162021 24
14162069 24
14162171 1
14162171 444
14162249 31
14162327 4
14162329 407
14162347 1157
14162399 72
14162521 8
14162597 340
14162611 749
14162633 2772
14162639 1
14162653 396
14162711 1021
14162719 24
14162723 72
14162767 68
14162777 15
14162777 1780
14162783 1
14162789 12
14162791 1245
14162801 8871
14162893 180
14162977 5472
14162983 2556
14163053 7
14163053 6828
14163077 3135
14163157 4439
14163173 55
14163179 16
14163209 7
14163217 59
14163217 564
14163283 4596
14163313 3
14163313 5315
14163319 249
14163323 1
14163353 28
14163503 7681
14163547 5
14163613 3
14163659 316
14163659 729
14163661 708
14163671 4945
14163731 1
14163731 13
14163761 63
14163763 56
14163817 219
14163827 28
14163833 9756
14163889 252
14163997 155
14164123 1976
14164217 40
14164301 3
14164321 3740
14164331 21
14164361 4411
14164487 37
14164529 7
14164583 1
14164597 27
14164679 1
14164681 35
14164681 7035
14164699 252
14164739 4
14164817 123
14164883 12
14164883 36
14164883 9360
14164901 316
14164919 1984
14164921 1551
14164979 49
14165057 7
14165071 5
14165153 72
14165219 1
14165273 3
14165303 52
14165303 172
14165321 3
14165321 4
14165381 568
14165383 12
14165399 9
14165429 151
14165513 8116
14165519 16
14165647 128
14165651 241
14165653 2096
14165747 9
14165803 8
14165803 117
14165813 43
14165911 33
14166017 1488
14166029 1239
14166107 93
14166203 1
14166233 72
14166241 299
14166263 13
14166293 51
14166319 9
14166319 24
14166323 12
14166407 72
14166437 7080
14166557 28
14166569 207
14166577 3
14166583 12
14166629 16
14166637 179
14166791 3433
14166829 36
14166851 1
14166863 1
14166941 15
14166941 55
14167003 273
14167063 20
14167147 228
14167151 1645
14167151 2296
14167211 7605
14167211 8808
14167243 8337
14167259 1
14167397 12
14167397 1335
14167499 96
14167513 12
14167567 3924
14167603 45
14167691 1
14167691 145
14167697 39
14167819 1212
14167831 80
14167849 59
14167883 25
14167889 3915
14167889 5224
14167903 5240
14167949 207
14167957 3
14168039 24
14168039 96
14168221 5096
14168233 207
14168303 3957
14168359 1124
14168431 213
14168489 2172
14168587 9
14168587 369
14168597 1000
14168603 1
14168881 743
14168899 1664
14168929 80
14168929 6851
14168969 4
14168977 1544
14169119 1
14169163 7041
14169229 351
14169241 8
14169251 25
14169277 788
14169277 7128
14169329 12
14169349 6380
14169349 7236
14169359 1
14169377 4228
14169457 147
14169563 501
14169581 3
14169581 5160
14169647 9004
14169667 245
14169731 1
14169731 9
14169733 75
14169737 144
14169809 40
14169913 3
14169923 28
14169943 36
14170003 8
14170003 92
14170043 121
14170081 128
14170081 2943
14170111 21
14170111 3285
14170141 1515
14170187 1185
14170267 8
14170267 105
14170301 544
14170307 12
14170307 2440
14170421 988
14170661 7971
14170811 1
14170883 1
14170913 532
14170987 8
14170987 132
14171051 1
14171071 353
14171303 1
14171341 815
14171369 675
14171419 9
14171483 1
14171483 12
14171483 1368
14171491 2420
14171497 12
14171497 4179
14171513 3
14171543 1
14171561 60
14171561 468
14171699 1269
14171753 7
14171771 1
14171821 423
14171821 440
14171849 504
14171849 8119
14171893 20
14171893 1023
14171909 327
14171939 25
14172077 187
14172199 92
14172217 35
14172227 12
14172227 6973
14172247 17
14172247 33
14172251 205
14172317 3
14172371 24
14172383 13
14172463 2000
14172601 104
14172601 1596
14172617 448
14172667 2108
14172721 123
14172751 593
14172751 2244
14172863 1
14172913 9036
14172919 2292
14172971 1
14172971 868
14173007 4
14173057 3212
14173147 629
14173193 3
14173213 15
14173213 8595
14173261 843
14173351 5
14173429 60
14173441 8
14173483 32
14173483 80
14173573 663
14173637 240
14173763 25
14173787 2044
14173811 1
14174023 1868
14174077 5999
14174081 4
14174197 132
14174261 3
14174261 1171
14174263 633
14174327 12
14174327 24
14174333 40
14174333 63
14174339 1
14174357 6328
14174383 545
14174393 5908
14174467 5
14174467 9
14174527 5
14174539 21
14174579 9684
14174581 8
14174599 9021
14174609 1519
14174711 1
14174729 280
14174749 204
14174813 3
14174813 7
14174879 1
14174917 12
14174933 16
14174987 2772
14175089 195
14175151 21
14175173 547
14175179 1
14175233 3
14175323 856
14175353 3
14175353 795
14175419 16
14175419 7696
14175431 1
14175593 3
14175731 45
14175779 1525
14175893 3
14175899 121
14175911 160
14175961 11
14175971 1
14175971 220
14176003 176
14176013 1828
14176039 9
14176081 135
14176133 360
14176177 35
14176243 45
14176361 3
14176363 8
14176403 16
14176433 1515
14176609 7439
14176619 156
14176639 1745
14176639 6405
14176667 12
14176667 7608
14176681 104
14176699 441
14176699 1116
14176699 8645
14176733 807
14176733 1351
14176739 856
14176753 3
14176777 12
14176829 415
14176873 8
14176919 4
14176919 160
14177047 5289
14177063 12
14177063 9808
14177081 4
14177101 8
14177101 1503
14177123 328
14177153 3
14177263 101
14177279 1
14177279 4
14177369 27
14177377 47
14177461 8
14177483 1
14177483 180
14177489 4
14177497 27
14177519 1
14177519 2877
14177531 2349
14177561 523
14177561 5223
14177651 84
14177753 3
14177783 1
14177827 408
14177851 44
14177851 8256
14177909 4
14177981 36
14178127 825
14178137 8163
14178173 7
14178217 347
14178247 57
14178247 185
14178299 265
14178421 2651
14178431 1
14178457 1235
14178509 7
14178569 27
14178569 240
14178643 245
14178667 912
14178751 665
14178847 525
14178869 87
14178893 15
14178917 4
14178937 3
14178937 7784
14179019 16
14179031 4416
14179147 44
14179163 1
14179199 1
14179199 24
14179211 1
14179313 5067
14179331 316
14179331 825
14179337 2415
14179397 7
14179421 4
14179457 4
14179519 44
14179531 21
14179601 8164
14179603 12
14179619 1
14179651 384
14179699 2624
14179787 2733
14179817 1020
14179933 8
14179943 1
14179993 555
14180107 65
14180123 97
14180129 180
14180161 660
14180189 535
14180233 915
14180269 140
14180293 15
14180293 272
14180381 48
14180407 5
14180437 20
14180599 9
14180743 272
14180809 15
14180833 36
14180911 1305
14180923 8
14180963 33
14180989 32
14181067 33
14181137 7
14181137 9103
14181149 39
14181217 8
14181217 20
14181217 47
14181253 272
14181359 60
14181359 261
14181361 504
14181499 1545
14181499 3036
14181533 52
14181631 245
14181659 1
14181677 3
14181697 3
14181737 2343
14181763 168
14181781 35
14181821 6468
14181857 67
14181901 5808
14181953 3
14181983 3168
14182213 1580
14182213 3903
14182327 449
14182331 4
14182381 188
14182411 41
14182541 51
14182541 256
14182543 345
14182547 124
14182589 16
14182631 1
14182631 156
14182687 357
14182699 6425
14182771 944
14182799 1072
14182813 20
14182823 1225
14182837 395
14182859 4
14182907 37
14182933 20
14182967 9
14183021 2736
14183033 52
14183159 2089
14183167 3945
14183179 9
14183263 108
14183303 48
14183353 15
14183371 8
14183371 24
14183371 29
14183381 51
14183447 52
14183483 1
14183503 192
14183527 20
14183539 36
14183737 303
14183857 83
14183867 13
14183879 12
14183879 9477
14183887 1100
14183887 1368
14183921 31
14183941 9104
14183951 1
14183951 396
14184041 3
14184041 2188
14184253 1203
14184293 5808
14184299 97
14184347 73
14184473 3
14184473 31
14184481 1140
14184523 132
14184563 1
14184649 227
14184707 12
14184713 547
14184733 12
14184899 1
14184943 557
14184959 1
14185027 257
14185033 575
14185033 7592
14185049 16
14185049 64
14185051 9
14185051 96
14185109 4947
14185163 492
14185217 1023
14185231 1064
14185271 1
14185271 336
14185331 1
14185331 609
14185387 5
14185439 1
14185439 3616
14185471 140
14185487 109
14185537 443
14185573 3
14185573 180
14185679 1
14185679 8652
14185789 132
14185819 5
14185867 5
14185967 393
14185987 509
14185991 1
14185991 36
14185991 9213
14186021 111
14186311 9
14186311 89
14186311 113
14186453 60
14186453 1591
14186531 1
14186567 12
14186611 125
14186633 216
14186827 3248
14186897 3
14186897 52
14186951 1641
14186981 400
14187011 24
14187083 1
14187139 1136
14187139 1637
14187143 1
14187157 3
14187233 3
14187301 8
14187359 1
14187427 449
14187427 689
14187461 99
14187479 1
14187497 295
14187521 3
14187533 51
14187559 65
14187587 4
14187647 13
14187647 909
14187713 67
14187751 149
14187791 13
14187791 568
14187839 1
14187871 84
14187917 300
14187923 1
14187991 2249
14188043 57
14188157 19
14188159 17
14188241 4
14188241 84
14188253 7
14188381 5579
14188397 43
14188399 9
14188463 36
14188463 3796
14188519 932
14188529 3576
14188549 795
14188621 384
14188663 5
14188739 64
14188739 2785
14188831 56
14188841 4
14188841 36
14188841 1263
14188843 12
14188883 120
14189039 1
14189039 52
14189047 8897
14189129 7
14189141 4
14189179 17
14189299 7449
14189303 1
14189317 44
14189317 960
14189341 179
14189443 8841
14189471 1
14189471 60
14189479 12
14189569 2591
14189573 211
14189603 1
14189701 231
14189803 20
14189809 119
14189887 6177
14189953 92
14190023 3073
14190083 13
14190221 139
14190259 380
14190299 172
14190299 1092
14190349 236
14190353 7
14190403 2441
14190403 3048
14190439 89
14190479 1
14190521 91
14190571 2288
14190607 33
14190677 3
14190707 180
14190707 565
14190751 5
14190833 3
14190893 112
14190899 105
14190959 1
14190959 160
14191013 28
14191193 3
14191249 492
14191279 596
14191369 20
14191403 388
14191427 4
14191487 60
14191631 1
14191669 11
14191823 1
14191871 1
14191939 1925
14191981 3
14191987 5
14191987 6980
14192023 3492
14192047 1133
14192051 1000
14192099 1
14192131 2760
14192363 781
14192417 4
14192489 4
14192489 60
14192557 20
14192557 128
14192557 368
14192579 1465
14192617 740
14192653 20
14192653 3720
14192681 3
14192723 12
14192743 293
14192813 28
14192813 43
14192833 3
14192833 8
14192833 2927
14192891 1
14192951 96
14193043 1565
14193059 12
14193077 52
14193131 4
14193131 28
14193197 63
14193197 1059
14193251 1
14193251 16
14193253 8
14193253 1755
14193269 120
14193269 1819
14193329 16
14193343 12
14193353 427
14193359 201
14193451 329
14193523 921
14193601 3
14193601 51
14193701 156
14193713 423
14193733 27
14193733 2751
14193743 1
14193787 29
14193787 33
14193841 60
14193887 13
14193919 1512
14193961 39
14193979 1392
14194003 20
14194039 401
14194067 105
14194087 29
14194109 6147
14194111 65
14194189 32
14194223 1
14194259 445
14194259 2232
14194283 1
14194333 1752
14194361 391
14194403 1
14194457 12
14194597 95
14194681 3
14194681 108
14194753 96
14194757 3
14194771 20
14194771 41
14194811 1
14195011 141
14195011 5409
14195063 1
14195113 48
14195131 6813
14195201 63
14195257 3
14195257 720
14195263 17
14195317 984
14195329 5172
14195339 61
14195353 2331
14195417 915
14195429 4
14195437 60
14195437 600
14195513 3
14195521 1236
14195611 7748
14195627 4
14195647 12
14195681 88
14195711 1
14195711 4
14195749 156
14195771 4
14195873 2176
14195897 564
14195903 1528
14195941 180
14195941 459
14195989 284
14196019 45
14196023 97
14196029 4
14196073 207
14196107 108
14196137 2203
14196191 1
14196199 5
14196251 1
14196263 577
14196289 11
14196367 852
14196431 1
14196431 21
14196443 85
14196499 2369
14196643 20
14196659 12
14196733 3
14196737 6819
14196761 1375
14196817 15
14196907 465
14197061 2559
14197061 9124
14197103 1725
14197217 723
14197217 1440
14197219 5
14197303 5
14197343 1
14197453 1787
14197471 5
14197471 8780
14197483 12
14197607 3328
14197633 11
14197747 29
14197853 27
14197871 1
14197891 29
14197891 4076
14197943 1720
14197999 9
14197999 576
14198021 3
14198021 4
14198027 3508
14198141 664
14198143 1001
14198159 96
14198203 285
14198203 381
14198227 1484
14198251 285
14198287 57
14198399 1
14198413 12
14198467 5
14198531 1
14198677 4023
14198693 4756
14198699 1
14198731 9
14198731 173
14198761 335
14198761 800
14198851 1968
14198857 3564
14198869 27
14198903 7788
14198953 20
14199001 3
14199001 15
14199013 131
14199043 36
14199139 5
14199173 3
14199181 3
14199337 4404
14199343 8
14199343 12
14199373 1956
14199541 23
14199583 845
14199637 2147
14199751 5
14199751 9396
14199797 495
14199803 21
14199803 8080
14199833 3
14199853 12
14199883 32
14199883 3197
14199907 57
14200057 8
14200079 1
14200093 3
14200243 5
14200243 2016
14200273 108
14200273 143
14200327 48
14200393 12
14200393 255
14200463 1
14200469 276
14200643 1
14200871 1
14200877 5647
14200943 3316
14201017 3
14201017 3560
14201023 21
14201071 5
14201111 301
14201149 3320
14201177 2479
14201177 4684
14201197 1127
14201269 11
14201279 744
14201357 3
14201357 4
14201357 88
14201381 103
14201437 5039
14201461 299
14201483 57
14201651 9621
14201767 5
14201767 744
14201767 3804
14201771 4
14201843 817
14201903 1
14201921 399
14201947 32
14201951 9
14201963 12
14201981 156
14202011 1
14202079 44
14202079 761
14202119 1
14202119 21
14202239 1
14202281 240
14202281 4855
14202301 131
14202389 15
14202469 8135
14202493 312
14202499 3701
14202563 1
14202563 12
14202611 21
14202731 1449
14202733 3
14202751 5
14202751 221
14202757 8
14202787 5
14202787 360
14202869 4
14202901 903
14202917 195
14202919 5
14202971 16
14203081 39
14203187 33
14203307 268
14203379 1
14203439 1
14203439 2412
14203439 6285
14203559 9
14203573 203
14203643 6393
14203741 3
14203757 12
14203781 1120
14203793 3
14203801 48
14203843 237
14203853 3715
14203879 9549
14203907 25
14203979 1
14204051 1
14204063 85
14204167 804
14204173 5715
14204209 20
14204219 4
14204423 1
14204483 1
14204543 12
14204551 249
14204581 15
14204581 488
14204587 329
14204591 141
14204599 200
14204611 8
14204657 28
14204681 96
14204791 5
14204909 24
14204917 164
14204969 24
14204987 117
14205001 1203
14205019 5
14205019 9
14205071 633
14205089 195
14205091 540
14205101 4
14205101 28
14205193 32
14205239 9
14205239 21
14205281 24
14205313 12
14205377 3
14205413 1536
14205413 3948
14205439 60
14205571 501
14205589 15
14205589 59
14205589 2999
14205677 3
14205683 168
14205683 576
14205739 672
14205767 13
14205767 49
14205791 1
14205791 220
14205883 5
14205907 8
14205907 2192
14205959 1
14206001 31
14206097 415
14206099 5
14206099 56
14206121 3
14206139 6505
14206163 1
14206301 4
14206321 11
14206337 4647
14206343 1
14206343 33
14206393 83
14206417 8595
14206429 611
14206487 7525
14206513 927
14206589 4
14206783 5
14206799 1
14206799 1557
14206811 2749
14206859 1
14206879 116
14206901 7711
14207057 8704
14207173 51
14207209 20
14207267 33
14207287 1677
14207317 104
14207351 1
14207351 9
14207467 5
14207467 989
14207503 105
14207581 11
14207581 479
14207621 4
14207719 5
14207779 329
14207803 5585
14207807 1348
14207821 35
14207927 952
14207929 15
14207987 4
14208011 1
14208091 21
14208121 11
14208167 25
14208179 9
14208217 339
14208223 8
14208373 8
14208433 848
14208443 21
14208451 3500
14208461 120
14208487 9
14208487 2253
14208553 11
14208559 161
14208563 13
14208589 384
14208661 123
14208679 20
14208683 541
14208731 1
14208731 4
14208731 28
14208773 43
14208967 44
14209099 216
14209243 168
14209243 2640
14209289 7
14209367 129
14209451 1
14209451 4
14209453 3
14209471 48
14209631 133
14209697 283
14209711 1536
14209733 12
14209751 9
14209751 16
14209751 436
14209757 3
14209763 1
14209843 233
14209879 176
14209907 4
14209919 4
14209931 13
14209939 21
14209939 4257
14210039 36
14210039 84
14210069 7
14210069 64
14210117 2223
14210263 585
14210281 39
14210359 17
14210467 113
14210507 1309
14210543 25
14210557 39
14210629 27
14210653 11
14210659 92
14210663 60
14210687 28
14210699 1200
14210809 3272
14210951 453
14211007 5
14211017 15
14211083 1
14211083 3052
14211083 5593
14211097 27
14211097 123
14211151 408
14211157 3
14211163 5
14211163 68
14211191 9
14211227 25
14211319 824
14211349 39
14211403 32
14211469 999
14211497 2772
14211521 211
14211521 403
14211559 141
14211581 379
14211623 100
14211649 147
14211679 9
14211679 381
14211689 4
14211721 3404
14211749 15
14211751 9
14211803 3433
14211991 53
14211997 179
14212127 45
14212139 4
14212217 388
14212217 403
14212313 3
14212487 57
14212507 9
14212507 149
14212507 9312
14212519 72
14212519 92
14212519 204
14212529 135
14212571 1
14212621 6984
14212633 8
14212729 12
14212729 356
14212823 60
14212823 85
14212831 500
14212949 415
14212967 972
14212999 585
14213081 835
14213093 7
14213093 12
14213191 1301
14213209 816
14213281 15
14213293 1427
14213327 4
14213327 9
14213383 48
14213477 4
14213477 327
14213519 1
14213627 4
14213663 1
14213677 4263
14213789 64
14213807 12
14213929 60
14214043 9065
14214073 5232
14214139 197
14214143 1
14214149 124
14214181 48
14214191 381
14214203 16
14214289 671
14214301 515
14214311 61
14214313 68
14214491 4
14214587 88
14214593 40
14214661 2043
14214691 41
14214691 956
14214731 1
14214743 1
14214757 423
14214757 1347
14214817 2399
14214847 228
14214881 1171
14214899 1569
14214899 1785
14214911 1
14214913 8
14214923 1
14214953 712
14214973 3
14215001 9891
14215039 369
14215039 2465
14215073 88
14215139 1836
14215199 1
14215301 3
14215319 1
14215321 168
14215367 4
14215381 2243
14215381 2904
14215471 9
14215547 28
14215657 627
14215709 775
14215787 2544
14215793 60
14215853 3271
14215853 3751
14215969 59
14215973 3468
14216021 6736
14216051 4
14216141 3
14216171 600
14216219 117
14216219 8461
14216387 1644
14216407 9
14216443 180
14216453 160
14216519 1
14216591 1
14216591 456
14216729 16
14216747 2424
14216767 69
14216833 68
14216833 347
14216857 3
14216903 1
14216903 613
14216911 6020
14216927 6808
14216963 1
14217011 169
14217029 391
14217031 969
14217041 3240
14217043 8
14217067 3924
14217107 912
14217131 84
14217191 1
14217233 1275
14217271 5
14217353 160
14217383 1
14217383 228
14217383 357
14217403 696
14217403 2325
14217421 1115
14217503 1
14217571 585
14217589 207
14217589 1040
14217589 2639
14217617 4
14217647 12
14217653 568
14217689 411
14218129 11
14218147 1368
14218153 20
14218187 4
14218291 1853
14218331 16
14218333 836
14218343 1
14218417 44
14218447 77
14218543 368
14218571 4660
14218601 4
14218627 5
14218661 31
14218661 1695
14218691 1968
14218777 83
14218847 13
14218861 336
14218877 15
14219057 3
14219069 19
14219069 2011
14219113 8
14219113 288
14219141 3
14219167 2052
14219171 1
14219171 4
14219171 729
14219171 4113
14219203 45
14219203 213
14219207 4
14219213 7
14219213 4932
14219237 135
14219279 429
14219321 3
14219339 1
14219341 284
14219351 1
14219357 12
14219357 88
14219371 2160
14219399 1
14219461 3
14219533 560
14219539 104
14219671 264
14219719 9
14219719 237
14219749 32
14219753 148
14219801 3576
14219827 12
14219833 132
14219869 152
14220023 13
14220043 57
14220061 8
14220097 9599
14220257 3532
14220263 28
14220293 235
14220559 17
14220559 257
14220611 1
14220629 4
14220629 1227
14220631 500
14220763 5
14220779 1
14220781 68
14220827 4
14220851 1
14220851 85
14220863 120
14220863 373
14220929 7659
14220977 40
14221133 3
14221147 24
14221171 216
14221289 7
14221289 6424
14221309 324
14221321 155
14221321 4683
14221387 29
14221391 9
14221421 51
14221421 135
14221489 15
14221657 384
14221663 5
14221681 9371
14221699 92
14221819 60
14221847 33
14221847 3948
14221859 36
14221903 21
14221973 3
14221997 84
14222129 216
14222129 9919
14222227 8
14222227 12
14222269 11
14222323 21
14222347 17
14222419 12
14222443 120
14222491 5
14222491 81
14222561 63
14222609 91
14222629 312
14222633 36
14222639 1
14222639 1177
14222653 120
14222713 51
14222743 7073
14222759 1
14222843 8376
14222861 363
14222867 85
14222867 88
14222881 23
14222899 389
14222927 28
14222927 4924
14222939 4
14222983 5
14223113 4720
14223193 3
14223193 95
14223259 116
14223259 1664
14223263 1
14223317 915
14223379 7989
14223413 1083
14223421 1479
14223437 63
14223467 300
14223481 3
14223493 15
14223613 20
14223691 20
14223691 48
14223733 8655
14223749 5740
14223757 363
14223763 341
14223889 351
14223889 1176
14223997 779
14224057 420
14224151 9
14224157 3
14224213 8148
14224219 56
14224261 3
14224267 5
14224289 7
14224303 77
14224333 3
14224333 11
14224349 471
14224363 233
14224387 8
14224489 12
14224489 1371
14224517 3
14224531 45
14224541 276
14224541 763
14224547 148
14224577 160
14224669 11
14224681 23
14224747 257
14224757 4
14224813 15
14224823 1
14224849 620
14224867 20
14224927 725
14224943 1
14224963 633
14224997 3
14224997 27
14225009 76
14225027 13
14225111 1
14225149 12
14225153 4015
14225221 108
14225327 6388
14225371 5
14225521 11
14225521 35
14225531 1
14225551 348
14225557 3
14225581 156
14225587 165
14225663 1
14225693 12
14225803 680
14225857 132
14225947 1989
14226031 5
14226031 489
14226053 2055
14226089 24
14226089 40
14226089 72
14226109 20
14226137 7795
14226203 12
14226203 8781
14226227 1453
14226239 5341
14226299 76
14226299 121
14226299 4176
14226347 1960
14226461 39
14226473 108
14226503 721
14226607 5
14226661 99
14226743 33
14226743 3517
14226757 99
14226887 1057
14226929 2364
14226973 27
14226973 1340
14227013 5935
14227111 1761
14227121 48
14227127 3645
14227153 1155
14227253 52
14227261 1295
14227397 160
14227439 1
14227531 128
14227559 16
14227559 396
14227601 3
14227621 8
14227783 2705
14227817 427
14227819 12
14227841 1279
14227859 1
14227859 4
14227891 5
14227921 63
14227973 7
14227991 1
14227991 40
14227991 573
14227991 865
14228033 135
14228129 12
14228213 3
14228219 21
14228231 13
14228261 40
14228323 57
14228377 23
14228377 5523
14228393 1107
14228653 3
14228707 9
14228713 3
14228873 12
14228873 352
14228917 312
14228987 69
14228999 1600
14229139 12
14229161 15
14229167 637
14229167 3772
14229223 653
14229251 4
14229269 7
14229269 12
14229317 7
14229317 100
14229353 280
14229361 3
14229473 7
14229473 580
14229511 5280
14229521 4
14229547 149
14229601 36
14229601 419
14229601 3444
14229619 732
14229739 5
14229791 1
14229907 5
14229967 5
14229973 11
14229973 1371
14229979 20
14230043 1
14230061 3
14230061 16
14230079 16
14230081 3
14230103 1
14230133 15
14230187 13
14230187 73
14230199 4
14230201 3
14230247 625
14230253 43
14230303 1160
14230397 288
14230409 16
14230409 6924
14230451 1
14230453 3
14230501 708
14230633 3
14230673 463
14230709 79
14230739 1
14230757 28
14230757 4108
14230849 4232
14230877 744
14230883 1
14230927 8
14230963 21
14231017 4967
14231047 24
14231047 420
14231111 1
14231111 9
14231207 4
14231293 3
14231377 243
14231383 80
14231383 108
14231417 3
14231473 15
14231491 1616
14231521 9791
14231699 1
14231801 6148
14231857 84
14231933 3
14231989 2372
14232103 8
14232103 416
14232137 4248
14232167 24
14232181 39
14232181 111
14232187 9
14232209 7
14232209 36
14232221 51
14232287 345
14232433 8048
14232473 1476
14232473 8167
14232601 108
14232611 105
14232623 213
14232641 3
14232677 4
14232683 4536
14232709 6467
14232733 71
14232821 4
14232821 5320
14232887 72
14232973 68
14232979 164
14233003 1968
14233081 3
14233217 4
14233217 7
14233231 188
14233259 1
14233283 1
14233357 3204
14233529 7080
14233643 12
14233699 5
14233729 987
14233729 2775
14233763 76
14233763 6072
14233783 5
14233799 5484
14233883 6592
14233897 12
14233939 140
14233979 24
14234039 4
14234047 437
14234057 15
14234063 1
14234069 7
14234069 111
14234113 3
14234147 8688
14234191 845
14234413 5607
14234471 5644
14234567 28
14234599 537
14234599 9336
14234609 2419
14234609 4851
14234639 1
14234639 316
14234641 11
14234741 60
14234771 141
14234809 15
14234809 95
14234809 4167
14234893 15
14234903 2541
14234923 236
14234939 1
14234977 440
14234993 663
14235007 1608
14235037 903
14235061 8
14235139 521
14235149 699
14235163 1860
14235163 4220
14235209 15
14235227 13
14235251 4
14235251 120
14235251 9436
14235301 695
14235329 279
14235383 21
14235383 2161
14235391 93
14235653 40
14235659 1
14235677 132
14235703 3081
14235737 7
14235737 112
14235779 1
14235791 1309
14235821 4
14235821 1488
14235829 15
14235833 328
14235917 235
14235943 4365
14235983 1
14235983 2085
14235983 6432
14235989 232
14236039 3132
14236127 100
14236147 20
14236199 1872
14236217 60
14236217 280
14236247 12
14236247 88
14236267 9
14236373 171
14236403 7372
14236501 3239
14236559 4
14236559 252
14236559 541
14236571 16
14236619 45
14236697 1332
14236753 1575
14236771 20
14236777 3
14236813 692
14236847 93
14236879 5
14237039 4
14237107 48
14237203 296
14237221 71
14237297 3
14237309 571
14237323 440
14237389 431
14237513 171
14237627 108
14237651 168
14237681 4
14237681 159
14237719 96
14237767 8
14237771 1
14237777 19
14237791 204
14237879 36
14237921 3
14238017 7084
14238089 7
14238137 388
14238167 280
14238221 6328
14238319 80
14238373 8
14238457 368
14238457 4787
14238481 3
14238713 5712
14238751 8
14238751 84
14238793 140
14238839 1857
14238871 20
14238893 1111
14238893 2503
14239007 544
14239009 72
14239031 1
14239031 1653
14239079 1
14239079 12
14239193 3
14239273 8
14239331 540
14239331 1840
14239333 2783
14239373 76
14239373 792
14239501 840
14239703 4593
14239717 48
14239769 124
14239787 3013
14239811 1993
14239817 7
14239861 9416
14239871 73
14239871 153
14239903 20
14239909 1244
14239913 3
14240047 1017
14240137 492
14240209 215
14240249 91
14240351 181
14240351 5920
14240459 1269
14240581 39
14240651 1
14240693 28
14240731 5
14240857 75
14240903 1
14240929 111
14240929 387
14240957 844
14241049 12
14241067 264
14241077 7
14241103 176
14241133 995
14241137 63
14241137 3019
14241229 104
14241239 1
14241239 561
14241289 131
14241289 1527
14241371 1
14241397 479
14241421 3
14241547 12
14241547 917
14241607 108
14241757 1895
14241809 4
14241827 132
14241827 157
14241839 321
14241839 4909
14241847 8
14241967 120
14241973 8
14242027 29
14242031 1
14242147 20
14242183 108
14242183 1460
14242247 12
14242271 1
14242303 48
14242303 221
14242307 1564
14242337 1027
14242367 9
14242429 71
14242469 1071
14242537 875
14242561 236
14242601 3280
14242603 56
14242619 1
14242619 184
14242643 76
14242667 13
14242667 6025
14242783 312
14242897 4247
14242939 101
14242939 6392
14242993 3
14242993 56
14243111 40
14243129 559
14243153 40
14243213 36
14243213 6336
14243221 3
14243287 237
14243513 1036
14243513 1432
14243531 4
14243543 1441
14243549 19
14243629 1476
14243629 1752
14243639 5332
14243657 4279
14243699 1
14243701 804
14243797 8
14243813 271
14243821 44
14243893 3
14243941 239
14244103 120
14244163 165
14244289 227
14244367 8
14244367 245
14244631 41
14244721 23
14244749 100
14244907 5
14244907 57
14244907 584
14244913 15
14244961 59
14244973 23
14244973 852
14244973 2847
14244991 5
14245051 24
14245067 252
14245093 143
14245103 1
14245103 13
14245103 1552
14245157 4
14245199 912
14245223 1
14245223 156
14245321 36
14245411 284
14245411 8853
14245471 20
14245471 56
14245501 3
14245549 24
14245667 1908
14245691 181
14245787 12
14245787 280
14245811 1
14245811 4636
14245823 1
14245883 1
14245883 7893
14245897 195
14245919 1
14245961 24
14245961 91
14245981 111
14246027 25
14246041 855
14246069 4
14246101 3
14246179 249
14246189 12
14246237 3
14246237 4
14246291 3441
14246339 129
14246339 309
14246341 3
14246383 6405
14246471 1
14246633 616
14246641 299
14246641 419
14246657 52
14246657 267
14246657 4168
14246693 163
14246809 72
14246861 76
14246861 1531
14246891 49
14246909 675
14246957 103
14247119 285
14247253 167
14247287 4
14247403 393
14247421 3
14247461 39
14247469 131
14247521 439
14247599 1
14247601 128
14247647 4
14247707 12
14247731 1
14247769 60
14247769 1187
14247781 63
14247829 167
14247847 488
14247973 2183
14247979 389
14247991 224
14248001 4
14248079 3376
14248121 3580
14248133 12
14248141 788
14248147 3468
14248181 268
14248207 6309
14248211 1
14248211 3168
14248243 17
14248259 1
14248259 37
14248301 2203
14248331 8728
14248391 13
14248417 764
14248529 72
14248631 1
14248673 7
14248691 3165
14248877 135
14249021 31
14249093 31
14249101 3668
14249153 7
14249159 84
14249231 4
14249231 9
14249231 48
14249299 77
14249299 236
14249299 452
14249387 13
14249393 171
14249453 1276
14249533 2588
14249593 1631
14249593 9960
14249687 45
14249693 3
14249693 60
14249797 3
14249821 3
14249827 8984
14249843 1
14249849 4
14249849 252
14249909 4
14249957 4
14250017 868
14250017 1044
14250059 2377
14250059 2901
14250227 4
14250283 8
14250283 1817
14250287 664
14250349 11
14250349 195
14250427 8
14250433 3288
14250487 2844
14250497 667
14250503 36
14250521 3
14250563 1
14250563 9037
14250569 136
14250617 180
14250617 312
14250667 5
14250689 2755
14250713 2055
14250749 120
14250749 3619
14250763 720
14250781 48
14250857 4
14250983 7965
14250997 24
14251033 3
14251033 152
14251033 215
14251079 4
14251091 253
14251091 8124
14251123 5
14251163 160
14251217 280
14251241 3
14251291 140
14251343 1
14251379 1
14251379 781
14251379 1596
14251379 5392
14251487 225
14251507 5
14251507 12
14251511 1965
14251543 5
14251561 71
14251561 8388
14251583 33
14251631 1
14251649 847
14251667 37
14251751 853
14251799 1
14251817 135
14251823 12
14251823 36
14251823 133
14251849 47
14251873 23
14251949 396
14251987 1008
14251987 6812
14252023 333
14252129 31
14252143 108
14252191 8
14252243 33
14252243 1956
14252279 1
14252333 87
14252657 3
14252657 75
14252671 9
14252683 8
14252687 97
14252809 12
14252867 40
14252873 363
14252879 1
14252879 4
14252929 56
14253023 1
14253067 60
14253269 16
14253289 35
14253313 1368
14253383 33
14253493 87
14253581 28
14253581 36
14253619 56
14253623 1
14253649 1799
14253653 43
14253731 1
14253739 9
14253823 21
14253823 296
14253847 8
14253851 9
14253851 16
14254217 243
14254321 4275
14254343 1
14254391 1
14254421 51
14254601 5356
14254781 2139
14254811 2376
14254817 3
14254817 247
14254817 1264
14254819 852
14254843 32
14254991 1
14255089 260
14255099 256
14255123 25
14255123 40
14255123 1888
14255161 236
14255243 1
14255279 220
14255341 116
14255359 17
14255363 28
14255497 2304
14255543 1912
14255597 535
14255663 1765
14255669 16
14255669 76
14255669 112
14255671 429
14255677 32
14255749 11
14255779 21
14255789 219
14255821 8
14255971 156
14255971 420
14255971 9528
14255981 40
14256037 4788
14256169 899
14256227 9
14256247 3240
14256377 7
14256377 1372
14256379 72
14256427 44
14256509 4
14256509 147
14256533 15
14256547 5
14256547 12
14256563 1
14256673 12
14256679 60
14256679 89
14256733 195
14256887 28
14256901 20
14257021 44
14257031 1
14257073 276
14257129 1832
14257151 1
14257181 111
14257211 9481
14257213 56
14257289 4
14257333 12
14257343 76
14257421 639
14257487 7413
14257501 3
14257513 2427
14257541 31
14257547 12
14257559 1
14257559 105
14257561 11
14257717 728
14257729 20
14257729 192
14257757 108
14257757 8083
14257813 776
14257877 12
14257891 113
14257973 3496
14258009 12
14258039 1
14258039 76
14258239 4661
14258243 37
14258311 204
14258381 63
14258381 1380
14258411 73
14258429 7
14258527 1008
14258561 15
14258561 84
14258561 603
14258581 6584
14258591 73
14258593 27
14258593 195
14258609 15
14258623 8
14258659 29
14258659 905
14258677 548
14258677 563
14258681 3856
14258701 8
14258711 328
14258743 105
14258771 1
14258831 1
14258837 3
14258837 7
14259043 1317
14259083 1
14259109 119
14259251 73
14259331 3296
14259337 515
14259347 45
14259353 7
14259397 4487
14259407 37
14259407 1908
14259437 5155
14259439 5
14259439 3941
14259463 5
14259551 49
14259577 6843
14259599 1
14259697 39
14259803 297
14259829 195
14259863 9613
14260171 440
14260187 24
14260277 6892
14260459 129
14260513 96
14260607 109
14260619 4
14260679 76
14260691 261
14260711 621
14260711 1476
14260733 4051
14260783 396
14260793 16
14260859 9
14260877 63
14260889 1455
14260979 1
14260997 543
14260999 17
14261003 1
14261063 160
14261119 204
14261161 11
14261183 1
14261341 11
14261363 1
14261363 172
14261371 176
14261407 17
14261407 72
14261413 12
14261447 4
14261459 1
14261461 11
14261461 59
14261477 2959
14261479 32
14261479 209
14261491 9
14261561 331
14261651 1
14261711 1
14261749 1412
14261773 60
14261783 1
14261801 331
14261873 67
14261999 12
14261999 5337
14262019 32
14262029 1036
14262043 4385
14262049 119
14262067 8
14262091 9
14262203 1
14262289 1412
14262319 57
14262377 40
14262419 220
14262421 3
14262431 1
14262431 4
14262433 48
14262433 1143
14262467 1704
14262497 4
14262497 52
14262503 25
14262607 48
14262617 3
14262811 584
14262811 2469
14262841 531
14262877 47
14263003 588
14263021 51
14263033 12
14263159 252
14263163 1
14263177 3
14263177 20
14263283 12
14263339 2985
14263387 8
14263399 5
14263507 113
14263541 4
14263567 12
14263583 1168
14263589 12
14263589 15
14263589 19
14263603 117
14263619 2844
14263643 97
14263727 1488
14263741 5643
14263787 2277
14263807 5625
14263891 504
14263903 2693
14263903 3656
14263961 28
14263993 1836
14264039 1
14264059 77
14264167 9
14264167 4004
14264183 217
14264221 5024
14264333 115
14264339 3004
14264357 4
14264357 7
14264363 1
14264407 3825
14264543 61
14264759 616
14264797 47
14264797 492
14264827 5
14264879 36
14264881 36
14264881 671
14264891 1885
14264941 2843
14264969 7
14265011 1
14265011 3273
14265011 7564
14265103 377
14265131 1008
14265137 3
14265151 29
14265161 1575
14265263 2565
14265281 3
14265311 1489
14265337 8
14265403 288
14265421 3
14265437 3
14265481 15
14265539 4
14265617 132
14265631 36
14265661 3
14265661 11
14265701 616
14265731 1
14265749 39
14265793 111
14265793 336
14265799 9
14265869 4
14265893 3
14265961 3
14265967 177
14265971 6660
14266019 1
14266019 4
14266039 45
14266061 43
14266061 88
14266061 880
14266117 1940
14266163 153
14266181 3
14266181 588
14266223 1
14266223 12
14266229 24
14266229 1932
14266337 4
14266337 412
14266361 211
14266361 844
14266393 60
14266403 96
14266493 7
14266529 24
14266559 8721
14266573 128
14266591 1808
14266591 4616
14266607 12
14266607 340
14266649 7
14266751 13
14266807 72
14266919 5544
14266919 6960
14266949 211
14266979 1
14266979 40
14266981 8
14266999 45
14267009 16
14267009 1860
14267023 176
14267027 1128
14267129 67
14267263 192
14267329 12
14267381 375
14267399 1
14267447 4
14267543 13
14267711 460
14267711 7536
14267741 3
14267831 1516
14267833 1235
14267861 3
14267863 32
14267863 132
14267863 3428
14268043 17
14268047 9
14268071 864
14268161 4
14268161 271
14268179 585
14268181 231
14268283 7413
14268299 4
14268301 15
14268311 1
14268367 2252
14268467 12
14268467 40
14268481 11
14268497 624
14268497 2959
14268503 673
14268517 299
14268517 632
14268599 1
14268659 45
14268659 1525
14268659 5661
14268659 8457
14268721 1620
14268827 153
14268851 1849
14268979 8009
14269033 8
14269093 615
14269109 8224
14269127 24
14269187 1212
14269261 48
14269487 7845
14269597 3
14269813 11
14269819 5
14269939 24
14270029 2964
14270041 2295
14270111 1896
14270111 2473
14270167 8
14270299 5
14270351 28
14270351 3789
14270357 3
14270357 475
14270411 1
14270413 56
14270449 6371
14270461 35
14270461 2576
14270467 33
14270579 1
14270689 236
14270717 3
14270779 5
14270779 1020
14270917 20
14271013 128
14271029 60
14271193 20
14271197 720
14271209 4
14271217 3
14271311 1
14271349 2184
14271379 605
14271541 11
14271557 3
14271611 1
14271623 37
14271623 181
14271671 4
14271739 20
14271839 1
14271841 11
14271853 12
14271853 2507
14271877 3963
14271913 272
14272019 1
14272039 7125
14272073 3
14272091 1
14272091 105
14272151 129
14272187 2704
14272331 9
14272331 33
14272403 1
14272403 1452
14272451 2040
14272459 32
14272463 1
14272481 40
14272499 52
14272619 261
14272703 612
14272733 3
14272751 9
14272759 5
14272777 7580
14272801 239
14272829 4
14272829 147
14272931 1041
14272939 1481
14272957 3
14272957 623
14273111 1
14273177 3
14273177 4
14273177 3423
14273243 1
14273267 37
14273267 1120
14273267 1992
14273279 1
14273333 7
14273393 16
14273393 36
14273393 7476
14273407 1380
14273429 15
14273537 2280
14273543 3433
14273563 240
14273717 420
14273723 1
14273741 76
14273783 1
14273783 108
14273873 2871
14273899 5
14273899 1980
14273951 1
14273977 359
14273993 3
14273993 7
14274059 1
14274083 2181
14274097 3
14274097 48
14274107 57
14274107 8092
14274209 12
14274233 40
14274251 64
14274259 92
14274287 13
14274311 1
14274433 96
14274487 2708
14274497 48
14274517 8
14274541 6963
14274569 331
14274653 396
14274661 3
14274751 5
14274751 68
14274779 4
14274779 12
14274791 16
14274809 4347
14274823 557
14274941 3
14274971 1
14274971 960
14275069 267
14275127 513
14275301 3
14275307 24
14275361 79
14275447 257
14275507 1325
14275633 348
14275649 4
14275687 20
14275727 93
14275741 3
14275777 15
14275813 8807
14275823 1
14275843 57
14276051 1
14276071 836
14276131 4701
14276219 6321
14276231 1
14276231 7080
14276267 24
14276267 84
14276291 1
14276347 5
14276351 1
14276357 1608
14276371 8
14276453 2143
14276489 124
14276513 15
14276567 757
14276611 1989
14276659 4632
14276777 495
14276819 1
14276827 7617
14276831 1
14276831 1840
14276837 12
14276987 5197
14277001 15
14277017 3
14277073 63
14277073 371
14277149 6139
14277157 8
14277239 1
14277239 9
14277353 3
14277353 1468
14277359 1
14277443 1
14277491 2628
14277509 135
14277539 40
14277589 120
14277719 616
14277761 160
14277839 1
14277853 4820
14277899 1
14278097 4
14278123 5
14278141 11
14278247 24
14278301 259
14278301 1296
14278361 628
14278391 816
14278421 271
14278427 24
14278441 1359
14278447 492
14278493 28
14278493 5488
14278721 24
14278853 27
14278867 8
14278903 872
14278919 37
14279123 1
14279123 241
14279141 304
14279141 1240
14279141 2836
14279143 6105
14279147 4720
14279183 37
14279263 8
14279267 24
14279267 385
14279333 1356
14279381 19
14279423 732
14279479 116
14279479 1037
14279519 1
14279519 37
14279539 389
14279549 4992
14279549 6304
14279563 12
14279581 11
14279663 1
14279719 1380
14279723 13
14279723 16
14279729 16
14279729 72
14279731 8
14280131 1233
14280163 252
14280163 297
14280239 1
14280239 60
14280239 1897
14280241 44
14280349 15
14280379 21
14280421 11
14280421 3711
14280451 6384
14280467 24
14280467 28
14280473 108
14280481 20
14280521 3
14280583 101
14280613 15
14280653 27
14280689 4
14280733 756
14280737 1855
14280829 6804
14280911 1
14280943 12
14281129 60
14281187 33
14281193 12
14281271 1
14281441 804
14281447 5
14281457 1275
14281471 7548
14281577 3
14281577 4
14281577 24
14281613 63
14281627 1665
14281697 7
14281739 132
14281783 41
14281783 332
14281823 13
14281831 1041
14282087 169
14282087 1485
14282089 2516
14282137 44
14282399 1
14282459 784
14282531 1
14282531 1201
14282603 5808
14282641 3
14282641 8
14282657 3
14282657 52
14282743 5
14282753 2116
14282791 5
14282833 7395
14282881 1688
14282903 273
14282911 5
14282953 3
14282953 2651
14283007 29
14283169 495
14283187 4677
14283229 1287
14283377 5544
14283377 7768
14283397 48
14283397 1347
14283397 3408
14283407 2173
14283431 5221
14283463 96
14283559 221
14283593 3
14283617 424
14283671 933
14283727 24
14283727 380
14283809 132
14283881 79
14283883 5
14284001 3
14284001 163
14284001 5691
14284009 12
14284033 8
14284079 1
14284079 160
14284103 8197
14284157 472
14284163 1
14284229 12
14284261 11
14284261 39
14284271 1
14284351 801
14284433 195
14284493 5563
14284547 4
14284597 1775
14284619 1
14284651 2568
14284693 131
14284747 9
14284799 1
14284841 4
14284867 2808
14284943 40
14284943 57
14285009 15
14285027 4
14285101 6035
14285111 4
14285111 9
14285111 28
14285153 16
14285153 103
14285221 204
14285263 465
14285309 832
14285311 165
14285351 28
14285387 28
14285399 132
14285399 6100
14285471 1
14285477 3
14285477 4
14285543 1
14285543 1581
14285561 415
14285569 15
14285569 239
14285581 435
14285597 3
14285741 4
14285983 48
14285983 3648
14286023 12
14286023 1768
14286091 29
14286109 35
14286121 1271
14286127 20
14286199 21
14286229 47
14286247 1185
14286313 12
14286313 72
14286317 3
14286523 5
14286539 1
14286667 20
14286743 88
14286751 84
14286907 120
14286967 648
14286971 133
14287067 2065
14287067 2884
14287079 1
14287303 1085
14287367 1189
14287379 1
14287447 428
14287451 4
14287453 3
14287523 2272
14287583 1
14287591 5925
14287643 145
14287643 1737
14287643 3621
14287729 36
14287799 21
14287849 11
14287879 189
14287909 24
14287961 4
14287961 199
14288023 180
14288063 1
14288063 16
14288063 132
14288069 7
14288101 15
14288161 3
14288189 111
14288189 1935
14288233 1475
14288383 33
14288447 28
14288447 2685
14288471 1
14288471 13
14288479 2492
14288501 2763
14288507 24
14288507 64
14288507 225
14288539 201
14288539 521
14288557 312
14288639 352
14288693 111
14288719 549
14288723 76
14288723 160
14288831 9
14288867 52
14288873 1360
14288903 16
14288929 3659
14288933 2095
14289089 52
14289133 2852
14289169 20
14289203 13
14289203 25
14289227 1348
14289271 33
14289313 60
14289337 20
14289337 335
14289343 12
14289343 152
14289421 3
14289479 1
14289491 28
14289497 3
14289563 1
14289629 136
14289661 23
14289679 29
14289761 3
14289839 1
14289839 4
14289841 3
14289917 3
14289937 24
14289959 1
14290057 248
14290097 55
14290121 51
14290369 20
14290433 3
14290511 1
14290637 7
14290657 303
14290681 48
14290697 15
14290753 56
14290763 1068
14290781 496
14290799 1
14290799 361
14290957 3
14290987 93
14290987 540
14290993 48
14291041 15
14291087 40
14291089 2879
14291161 24
14291227 93
14291297 79
14291371 128
14291371 221
14291371 408
14291479 5
14291567 165
14291617 3239
14291621 151
14291621 204
14291659 149
14291723 1
14291741 1519
14291777 4
14291779 881
14291789 7
14291791 9
14291813 3
14291831 1
14291881 8
14292007 333
14292029 7
14292037 3
14292043 105
14292043 3821
14292151 5
14292263 1
14292263 37
14292419 4
14292433 620
14292479 5064
14292539 1
14292539 4
14292851 1
14292851 288
14292893 3
14292931 84
14292931 648
14292983 2752
14292991 41
14293007 13
14293127 49
14293171 3609
14293183 345
14293271 1
14293283 1
14293283 232
14293291 405
14293313 187
14293369 15
14293423 677
14293463 1
14293463 301
14293463 340
14293561 924
14293637 4
14293639 17
14293663 125
14293711 164
14293711 264
14293717 32
14293819 9
14293837 12
14293841 3
14293841 4
14293859 1
14293861 251
14293913 343
14293967 6568
14293973 343
14293997 4587
14294041 59
14294041 531
14294089 171
14294089 2436
14294179 5
14294209 5144
14294323 5
14294323 188
14294381 796
14294407 5
14294459 1
14294491 105
14294519 1
14294521 4203
14294549 195
14294573 3
14294737 24
14294809 11
14294809 5184
14294827 8
14294831 21
14294873 3
14294873 7
14294921 2688
14294921 3979
14294953 36
14295059 1681
14295109 12
14295131 409
14295223 4400
14295233 91
14295233 1420
14295251 1
14295377 172
14295377 439
14295403 41
14295403 116
14295481 3
14295529 6204
14295553 3
14295553 2883
14295613 3
14295709 1416
14295709 6831
14295781 5924
14295791 1
14295791 105
14295833 3
14295859 89
14295863 1
14295881 4
14295887 37
14295887 3988
14295947 9
14295959 1
14296001 3
14296001 24
14296001 28
14296013 28
14296049 264
14296057 3
14296057 7943
14296211 24
14296211 6076
14296237 95
14296267 12
14296313 12
14296313 1080
14296343 1
14296357 12
14296357 935
14296427 33
14296427 109
14296433 63
14296463 36
14296481 9019
14296537 3
14296537 375
14296573 11
14296621 11
14296627 140
14296657 560
14296819 17
14296897 3
14296903 36
14296967 1353
14297011 348
14297033 615
14297033 4120
14297077 599
14297159 25
14297287 2720
14297299 24
14297351 1
14297369 2587
14297407 8
14297407 113
14297449 92
14297449 3056
14297473 155
14297477 99
14297477 379
14297501 1119
14297539 8120
14297611 84
14297641 215
14297641 7295
14297693 472
14297711 225
14297719 9
14297719 4829
14297771 84
14297831 1
14297923 161
14297929 87
14297981 195
14297989 44
14298023 1
14298023 12
14298029 9840
14298047 4
14298061 8888
14298077 40
14298113 7735
14298283 12
14298397 15
14298407 9
14298439 96
14298443 61
14298497 2763
14298497 4359
14298589 5631
14298607 8
14298737 12
14298793 888
14298797 6780
14298821 4716
14298941 28
14299111 9
14299151 2473
14299163 1
14299249 51
14299319 8644
14299331 268
14299391 1
14299391 25
14299513 15
14299517 460
14299619 1
14299667 493
14299777 3
14299841 3
14299931 661
14299931 841
14299933 11
14299933 2312
14299937 9924
14300017 12
14300017 68
14300063 1
14300113 1815
14300113 3051
14300249 7012
14300311 5
14300311 101
14300317 12
14300347 60
14300357 72
14300359 132
14300401 11
14300453 111
14300453 171
14300543 1
14300551 20
14300563 432
14300591 16
14300617 63
14300717 4
14300719 5
14300761 24
14300843 21
14300849 4
14300861 19
14300873 31
14300879 1
14300899 2072
14300899 2916
14300903 13
14300921 4
14300921 379
14300969 2055
14300987 4
14301073 3
14301073 236
14301179 4
14301179 4585
14301191 1
14301191 88
14301253 200
14301349 951
14301367 173
14301367 840
14301383 1
14301409 1392
14301439 197
14301613 15
14301631 36
14301689 4
14301751 2864
14301761 3
14301767 9
14301803 13
14301803 357
14301821 3
14301827 328
14301853 87
14301853 1655
14301863 1
14301871 89
14301899 4
14301899 76
14301983 357
14301983 648
14302061 43
14302073 1347
14302157 4
14302157 1152
14302199 112
14302199 189
14302261 588
14302283 1
14302319 3672
14302331 4
14302511 1
14302511 2424
14302793 7
14302793 43
14302807 9
14302807 53
14302807 485
14302907 3568
14302927 204
14303039 445
14303041 3
14303077 3
14303213 7
14303213 112
14303281 68
14303297 7
14303323 12
14303339 1
14303363 1
14303407 9
14303461 3740
14303483 12
14303489 1824
14303683 6381
14303701 3
14303701 8
14303831 40
14303837 8500
14303893 11
14303893 155
14303917 2588
14303963 1
14303963 1980
14303969 4
14303969 67
14303981 3
14304023 1165
14304049 47
14304127 33
14304209 31
14304209 5572
14304211 1601
14304217 3
14304217 564
14304233 12
14304253 147
14304421 4388
14304431 1
14304443 2352
14304601 44
14304623 1
14304737 15
14304757 15
14304757 2507
14304863 1
14304887 2200
14304887 3420
14304947 877
14305001 3
14305019 1
14305063 432
14305087 17
14305087 84
14305087 269
14305121 3
14305121 279
14305163 4777
14305183 2492
14305201 7088
14305217 4
14305301 4
14305349 7
14305363 101
14305393 3456
14305469 4339
14305607 4
14305607 25
14305723 5
14305757 3
14305801 44
14305867 188
14305871 829
14305877 15
14305877 40
14305927 3645
14305969 111
14306009 1179
14306009 8724
14306051 1029
14306137 20
14306179 5
14306179 45
14306339 40
14306363 6132
14306431 164
14306447 4
14306521 623
14306561 4
14306587 20
14306651 81
14306681 604
14306771 4
14306857 2387
14306977 3
14307023 25
14307079 360
14307101 331
14307101 8160
14307107 9
14307107 12
14307107 13
14307119 1
14307119 4884
14307203 12
14307259 5
14307289 219
14307329 1092
14307383 28
14307431 13
14307497 4
14307533 60
14307563 1
14307569 52
14307661 588
14307673 707
14307749 75
14307871 353
14307899 1
14307959 97
14307971 9
14307971 61
14307983 1
14308027 3132
14308061 1075
14308117 159
14308199 2425
14308211 873
14308279 3200
14308279 7989
14308331 1
14308331 69
14308487 9
14308561 11
14308601 48
14308627 2325
14308669 204
14308673 15
14308753 3
14308753 11
14308759 5084
14308787 4
14308793 3
14308813 11
14308859 84
14308933 11
14309021 15
14309051 6136
14309089 15
14309089 24
14309107 57
14309111 1
14309129 207
14309129 1596
14309159 16
14309173 3
14309173 15
14309177 403
14309201 15
14309231 16
14309231 444
14309237 1875
14309297 27
14309333 2523
14309341 3
14309353 2375
14309429 12
14309443 1356
14309453 28
14309551 21
14309621 4
14309671 21
14309671 69
14309689 2312
14309723 1
14309777 387
14309791 8036
14309819 556
14309833 3
14309839 92
14309839 404
14309863 60
14309909 1179
14309921 180
14309969 4
14310151 5181
14310167 40
14310187 128
14310193 23
14310199 809
14310227 9
14310299 4
14310299 100
14310319 389
14310377 3
14310377 168
14310523 41
14310563 232
14310643 1248
14310683 1
14310691 144
14310811 8
14310811 9
14310811 6269
14310839 1
14310839 49
14310887 4
14310979 17
14311019 2137
14311039 12
14311039 596
14311039 3116
14311061 24
14311061 31
14311061 7344
14311159 92
14311159 597
14311189 227
14311207 257
14311259 1
14311259 85
14311391 45
14311391 49
14311391 924
14311421 15
14311421 291
14311513 792
14311519 5
14311567 9240
14311597 107
14311651 21
14311663 48
14311691 9
14311831 8
14311831 29
14311981 159
14312009 264
14312021 9516
14312047 12
14312101 444
14312201 1120
14312281 75
14312281 735
14312471 5428
14312513 7
14312663 1
14312671 1404
14312803 4025
14312911 36
14312939 1
14312981 3
14312981 3511
14313067 24
14313067 153
14313077 1932
14313119 1
14313217 3
14313217 15
14313263 1
14313331 5
14313353 88
14313419 1
14313449 1872
14313527 193
14313721 84
14313749 592
14313809 736
14313979 272
14314007 109
14314117 27
14314117 35
14314241 5680
14314259 1
14314379 4636
14314577 3
14314627 180
14314673 6220
14314709 367
14314711 5
14314723 32
14314801 1404
14314841 7519
14314891 9
14314973 207
14315029 375
14315047 69
14315099 4
14315099 109
14315099 652
14315117 4
14315137 3452
14315291 1
14315317 3
14315317 3359
14315393 12
14315393 228
14315443 165
14315443 792
14315461 15
14315507 25
14315527 137
14315527 300
14315533 56
14315563 5
14315573 168
14315597 4
14315611 7260
14315617 1439
14315699 652
14315711 33
14315711 45
14315761 56
14315773 1923
14315839 20
14315863 21
14315863 2633
14315909 12
14315969 19
14315971 1541
14316007 5
14316031 8
14316047 73
14316067 564
14316131 9
14316131 1225
14316131 1264
14316163 153
14316277 483
14316353 3
14316353 120
14316383 72
14316457 12
14316479 1
14316509 2095
14316551 1
14316593 603
14316619 92
14316689 4
14316689 4260
14316697 900
14316719 1
14316769 2415
14316781 3
14316853 32
14316857 7
14316901 3
14316917 3
14316959 96
14317021 143
14317031 1
14317081 5795
14317211 1
14317211 28
14317211 1260
14317217 43
14317343 120
14317351 560
14317427 13
14317441 179
14317549 152
14317577 4
14317603 336
14317603 533
14317613 2695
14317663 12
14317687 528
14317703 1
14317703 5353
14317813 12
14317871 3108
14317903 20
14317903 33
14317903 48
14318047 732
14318071 501
14318099 1
14318111 4
14318123 1
14318159 1
14318201 160
14318303 45
14318309 924
14318329 71
14318387 6069
14318399 3952
14318411 4
14318417 208
14318483 1
14318501 7063
14318659 3384
14318659 4605
14318803 8757
14318813 7
14318833 36
14318861 499
14318873 3
14319007 104
14319007 489
14319013 3
14319101 3
14319143 1
14319199 5
14319223 7977
14319233 7647
14319251 1
14319289 7299
14319367 152
14319397 63
14319449 31
14319527 7369
14319647 12
14319793 63
14319857 7
14319971 856
14319983 21
14320049 4
14320081 8
14320081 3396
14320153 32
14320157 1848
14320183 2568
14320217 4932
14320231 4524
14320259 1
14320277 3
14320277 159
14320279 1020
14320301 3556
14320321 23
14320349 159
14320381 260
14320451 1281
14320489 11
14320507 8
14320507 113
14320601 19
14320673 7
14320687 53
14320717 4967
14320937 28
14320949 51
14320967 4
14320979 4
14320993 15
14321141 276
14321207 12
14321227 137
14321233 791
14321303 160
14321303 256
14321381 3
14321381 768
14321399 1
14321399 49
14321399 117
14321443 12
14321467 5
14321467 7640
14321551 108
14321561 3
14321581 1544
14321591 1
14321603 1
14321603 372
14321653 3
14321707 1260
14321711 1
14321773 11
14321773 9168
14321779 444
14321873 7
14321929 99
14322043 5
14322149 31
14322179 1
14322179 117
14322179 360
14322179 1537
14322223 5805
14322239 2905
14322359 1
14322383 1
14322443 1
14322479 12
14322487 5
14322541 420
14322547 917
14322557 15
14322601 1011
14322683 1
14322731 4
14322731 13
14322881 24
14322881 75
14322907 4532
14322989 4
14322991 6861
14323079 1
14323079 5781
14323123 65
14323123 1068
14323151 25
14323159 116
14323261 6216
14323277 28
14323433 2280
14323447 20
14323451 1588
14323499 1
14323499 96
14323591 9
14323591 8856
14323613 3
14323703 1
14323717 3
14323747 192
14323789 107
14323807 1332
14323867 2820
14324029 120
14324071 2841
14324099 1
14324099 12
14324099 21
14324137 3
14324161 84
14324161 9603
14324221 8
14324221 8096
14324419 32
14324483 1
14324623 4721
14324701 8
14324819 1
14324873 340
14324899 876
14324903 33
14324903 9372
14324941 8148
14325011 21
14325013 51
14325041 16
14325041 688
14325049 1004
14325061 3
14325161 43
14325257 108
14325263 1
14325287 73
14325293 4435
14325313 72
14325313 440
14325329 15
14325329 39
14325361 1680
14325433 195
14325461 408
14325469 36
14325469 60
14325497 64
14325583 413
14325673 2091
14325691 24
14325719 1
14325733 1007
14325859 2024
14325977 55
14326021 215
14326021 471
14326073 63
14326073 171
14326127 1137
14326139 1
14326219 24
14326231 888
14326259 985
14326369 212
14326391 2316
14326441 95
14326463 37
14326573 647
14326601 351
14326621 188
14326639 20
14326849 12
14326853 16
14326913 3
14326913 4723
14326919 1
14326967 4
14326987 5
14326987 153
14327011 8
14327113 87
14327143 5
14327143 2745
14327149 756
14327167 104
14327221 231
14327231 1
14327429 12
14327477 19
14327503 132
14327503 176
14327531 1189
14327563 60
14327567 48
14327591 180
14327623 17
14327623 273
14327627 105
14327641 56
14327641 611
14327659 21
14327683 1673
14327699 1
14327713 1223
14327813 7
14327851 5
14327891 24
14327927 1288
14328031 33
14328031 753
14328031 6384
14328089 16
14328089 987
14328271 741
14328323 97
14328359 45
14328359 9832
14328409 24
14328437 315
14328437 1659
14328469 44
14328481 288
14328487 104
14328491 1
14328491 21
14328499 12
14328529 39
14328599 741
14328683 88
14328719 1
14328737 60
14328737 255
14328751 405
14328791 64
14328833 12
14328857 12
14328947 60
14328949 3792
14329061 3
14329087 33
14329121 3
14329151 420
14329157 12
14329163 5148
14329187 105
14329199 21
14329199 2701
14329199 3721
14329297 12
14329309 2424
14329319 1
14329373 3
14329481 6039
14329561 123
14329597 8
14329597 3392
14329631 4
14329631 9
14329699 20
14329739 2725
14329811 1
14329853 27
14329883 1768
14329919 8481
14329961 3
14329961 16
14329961 88
14330077 224
14330077 5423
14330083 257
14330093 2112
14330213 1207
14330233 120
14330377 3
14330383 17
14330399 1
14330417 88
14330447 400
14330467 7905
14330479 1872
14330621 39
14330623 5
14330627 4
14330681 351
14330707 44
14330707 6672
14330713 3
14330747 4845
14330759 52
14330777 48
14330861 19
14330867 4
14330887 1577
14330891 1
14330903 1
14330903 72
14330917 3
14330917 5120
14330947 20
14331011 9
14331011 13
14331013 3
14331013 12
14331103 33
14331143 1
14331203 13
14331223 8
14331313 627
14331337 1280
14331353 16
14331371 1620
14331407 157
14331487 1305
14331497 28
14331671 9
14331671 1149
14331743 1
14331803 33
14331817 1319
14331883 1020
14331899 9
14331917 19
14331929 1287
14331949 2880
14332181 3
14332277 7
14332319 72
14332333 32
14332333 72
14332453 32
14332481 556
14332481 1899
14332537 8
14332627 1013
14332789 44
14332823 1
14332823 333
14332861 2355
14332907 9
14332957 15
14332957 867
14332961 1575
14332999 161
14333303 565
14333311 5
14333327 12
14333327 144
14333369 4
14333411 40
14333411 613
14333437 3
14333497 1484
14333509 47
14333509 116
14333549 12
14333591 1
14333603 1
14333603 1212
14333603 1888
14333611 5
14333611 80
14333639 1
14333701 15
14333713 356
14333713 375
14333729 40
14333729 267
14333773 35
14333773 47
14333773 83
14333791 5
14333791 20
14333831 1
14333831 4
14333849 15
14333881 123
14333959 440
14333971 5
14333971 1185
14333989 2120
14334011 1
14334011 49
14334011 64
14334127 20
14334139 5
14334143 1
14334157 24
14334277 3
14334283 20
14334317 15
14334319 5861
14334371 1
14334373 87
14334401 2608
14334487 57
14334491 4
14334647 4
14334737 7
14334769 159
14334809 1476
14334821 3
14334979 1217
14335001 4
14335093 12
14335093 216
14335093 9092
14335151 1
14335151 5008
14335241 9735
14335259 7504
14335313 120
14335313 367
14335337 1312
14335393 515
14335507 180
14335507 1305
14335627 7937
14335661 1488
14335663 117
14335697 75
14335721 96
14335751 9
14335829 1692
14335883 1
14335957 9252
14335961 504
14336029 12
14336029 1359
14336029 1616
14336053 848
14336111 1
14336123 1
14336143 716
14336149 104
14336173 92
14336297 720
14336297 8139
14336327 25
14336369 984
14336437 44
14336453 27
14336473 3
14336473 8
14336537 127
14336549 4
14336549 639
14336573 471
14336629 236
14336653 56
14336653 5147
14336669 519
14336687 4
14336687 64
14336717 3
14336731 6144
14336761 255
14336761 879
14336821 2036
14336867 348
14336939 4
14336969 7
14336983 45
14337031 105
14337053 160
14337053 928
14337131 1
14337139 81
14337217 3
14337313 3
14337329 3100
14337359 1
14337359 4
14337439 12
14337523 5
14337523 948
14337529 1559
14337539 1
14337541 359
14337551 4
14337599 6036
14337641 3
14337731 153
14337731 301
14337847 44
14337871 9180
14337923 1677
14337937 68
14338091 180
14338099 129
14338109 4
14338211 8233
14338253 3
14338273 1355
14338273 5456
14338309 555
14338391 1
14338391 4
14338411 3156
14338433 471
14338451 1
14338451 48
14338481 156
14338553 1420
14338631 24
14338657 12
14338657 2840
14338679 4
14338693 36
14338747 60
14338811 4
14338931 1
14338931 4
14338931 124
14338937 124
14339029 5687
14339107 12
14339119 5
14339173 191
14339179 197
14339323 53
14339389 1700
14339401 3
14339401 731
14339411 1
14339473 8
14339497 8
14339503 1080
14339579 4
14339581 51
14339593 11
14339723 57
14339723 652
14339753 8668
14339821 216
14339837 1395
14339921 4
14339921 499
14339939 1
14339953 3
14339981 96
14340043 45
14340167 4
14340191 1
14340241 3
14340301 108
14340341 379
14340419 4
14340419 196
14340493 3
14340607 8
14340653 736
14340679 17
14340727 8
14340743 5152
14340787 57
14340863 33
14340863 117
14340919 92
14340919 161
14340971 168
14341043 13
14341043 28
14341057 135
14341073 3
14341087 5
14341099 2637
14341153 11
14341153 156
14341177 119
14341247 9
14341279 380
14341279 729
14341367 2685
14341391 1
14341441 108
14341441 6911
14341511 9676
14341517 2332
14341519 20
14341559 1
14341597 992
14341643 820
14341667 9
14341667 12
14341667 109
14341703 565
14341753 236
14341753 3311
14341861 7316
14341907 7884
14341913 3
14341927 605
14341963 12
14341967 9
14341991 1
14342047 4725
14342089 1151
14342113 296
14342231 16
14342281 1028
14342287 165
14342389 2759
14342423 1
14342519 1
14342681 1939
14342683 48
14342689 12
14342689 51
14342719 77
14342813 3
14342813 2116
14342857 623
14342899 161
14343031 21
14343061 816
14343101 7275
14343193 3
14343281 979
14343361 3
14343403 36
14343409 96
14343509 115
14343509 4047
14343521 4
14343521 5383
14343541 3
14343557 87
14343617 795
14343619 2316
14343629 612
14343709 1056
14343737 372
14343799 32
14343877 888
14343899 16
14343899 489
14344061 204
14344061 7959
14344117 932
14344117 5195
14344133 532
14344147 4685
14344159 801
14344181 3
14344181 4
14344223 1
14344381 8
14344403 3276
14344439 109
14344439 241
14344459 224
14344459 5841
14344471 5
14344471 3896
14344511 108
14344529 4
14344543 5
14344543 5985
14344621 4271
14344669 20
14344679 1
14344679 16
14344679 4024
14344697 6960
14344703 1
14344747 509
14344831 953
14344871 1
14344877 67
14344951 5
14344951 9236
14345003 1
14345021 879
14345041 1431
14345081 4
14345167 173
14345183 13
14345183 16
14345251 225
14345321 4
14345339 369
14345393 1123
14345521 315
14345549 1920
14345579 9
14345579 12
14345579 61
14345593 683
14345641 3
14345657 43
14345659 20
14345707 5
14345717 712
14345761 584
14345783 1
14345809 324
14345831 6561
14345897 3060
14345957 7
14345983 140
14346049 740
14346091 1436
14346191 724
14346247 104
14346281 75
14346323 1
14346323 280
14346337 1760
14346377 1924
14346383 261
14346401 136
14346551 1
14346571 848
14346599 1
14346659 1
14346737 1044
14346791 1
14346859 44
14346859 972
14346859 6996
14346863 48
14346869 19
14346923 213
14346991 104
14347019 769
14347087 24
14347093 15
14347117 95
14347121 63
14347121 171
14347181 171
14347243 21
14347349 204
14347369 12
14347391 165
14347397 43
14347457 3
14347457 232
14347481 8124
14347573 167
14347621 39
14347693 9603
14347733 460
14347777 852
14347799 2749
14347841 24
14347891 1596
14347937 5148
14347967 124
14347967 324
14347979 1
14347981 123
14347999 44
14348039 1641
14348039 1821
14348203 1400
14348219 1
14348219 129
14348261 36
14348291 1
14348291 33
14348317 3
14348339 4
14348351 1476
14348353 11
14348431 516
14348441 4
14348507 780
14348641 275
14348879 16
14348951 1521
14348963 1
14348981 4
14349059 1
14349107 12
14349149 796
14349157 180
14349169 35
14349191 49
14349299 96
14349317 12
14349367 5
14349397 5544
14349521 691
14349563 1
14349607 8
14349641 6451
14349661 3
14349661 203
14349689 4
14349719 120
14349733 48
14349749 627
14349779 121
14349781 59
14349919 9
14349947 13
14349977 183
14350033 3
14350153 23
14350153 4152
14350337 4
14350381 75
14350421 135
14350541 3
14350541 4
14350541 39
14350547 240
14350547 3900
14350549 9632
14350607 412
14350673 15
14350727 12
14350751 2353
14350789 876
14350789 2352
14350793 72
14350807 92
14350841 1015
14350849 15
14350883 25
14350957 27
14350961 4
14351069 3444
14351173 135
14351173 315
14351221 3
14351231 24
14351237 1135
14351269 35
14351269 84
14351297 759
14351303 1
14351411 1
14351411 1228
14351423 97
14351437 623
14351483 1
14351537 687
14351539 57
14351539 9404
14351633 67
14351641 3596
14351759 120
14351789 1159
14351789 2875
14351789 8115
14351833 8
14351833 6312
14351891 1
14351891 60
14351891 204
14351903 13
14351903 37
14351993 3
14351993 31
14352001 3
14352073 132
14352083 1
14352083 928
14352113 675
14352193 11
14352307 224
14352367 153
14352413 15
14352487 8
14352509 51
14352563 145
14352563 768
14352571 3021
14352587 64
14352697 1427
14352703 5
14352739 24
14352739 689
14352769 95
14352791 1
14352803 157
14352869 19
14352917 3
14352959 2584
14352979 5
14352991 60
14353019 1
14353019 532
14353043 1
14353103 157
14353201 20
14353259 21
14353267 5
14353327 1824
14353327 3468
14353363 105
14353369 296
14353369 576
14353393 11
14353393 335
14353393 9423
14353421 516
14353421 780
14353433 31
14353489 399
14353489 3932
14353523 1
14353523 3180
14353639 272
14353657 48
14353723 1968
14353739 481
14353793 3
14353793 6967
14353799 712
14353819 164
14353853 132
14353931 1
14353939 1040
14353951 5576
14353973 43
14353993 3
14354003 1
14354003 13
14354003 2833
14354099 184
14354099 6637
14354233 1475
14354243 21
14354539 20
14354663 1
14354663 3357
14354707 20
14354707 185
14354833 123
14354843 1
14354869 276
14354887 9
14354887 48
14354903 28
14354911 8
14354957 783
14354959 5
14355017 12
14355017 232
14355031 5
14355067 9
14355067 252
14355073 267
14355083 36
14355083 396
14355091 2073
14355091 2324
14355097 27
14355269 840
14355281 3
14355343 72
14355347 57
14355379 396
14355401 91
14355401 123
14355547 4304
14355563 25
14355569 84
14355569 100
14355577 1124
14355619 3756
14355641 3
14355641 48
14355743 793
14355767 9
14355911 4
14355947 12
14355983 1
14355983 13
14356031 4
14356033 3
14356091 1
14356127 9
14356231 9
14356387 44
14356403 1
14356471 296
14356621 3
14356621 644
14356681 35
14356747 1289
14356753 2052
14356957 2928
14356987 8
14357039 9
14357071 533
14357087 9
14357111 1
14357111 49
14357131 180
14357149 1284
14357159 441
14357177 4
14357201 4
14357243 1
14357243 1357
14357347 108
14357429 16
14357459 1
14357489 19
14357593 47
14357611 8
14357621 840
14357683 5
14357719 5
14357771 13
14357779 137
14357839 20
14357909 96
14357927 1120
14357947 449
14357971 36
14357971 9800
14358007 5
14358023 1
14358023 3957
14358089 4
14358089 7
14358107 4
14358143 1
14358247 333
14358293 6391
14358307 12
14358391 3333
14358397 3444
14358511 80
14358551 1
14358551 3276
14358563 1
14358587 12
14358613 2907
14358649 5280
14358649 7499
14358691 56
14358731 1
14358769 7791
14358809 19
14358893 3783
14359099 24
14359223 1
14359229 4
14359283 1
14359357 780
14359357 1400
14359391 1
14359439 4
14359447 1005
14359481 19
14359517 60
14359607 4
14359621 1239
14359633 12
14359759 5
14359759 144
14359817 12
14359859 4
14359967 412
14360369 2064
14360413 4107
14360503 3560
14360519 1
14360519 84
14360573 3
14360573 208
14360603 25
14360603 1557
14360609 7
14360617 2763
14360629 51
14360653 15
14360663 225
14360663 1252
14360747 2293
14360813 27
14360861 40
14360867 9
14360893 5147
14360959 9
14360959 3312
14360999 1672
14360999 2541
14361023 1
14361049 216
14361049 315
14361101 255
14361203 2401
14361239 1
14361239 429
14361239 765
14361377 1683
14361563 1
14361593 3171
14361691 1800
14361829 1287
14361877 27
14361881 4
14361899 21
14361911 1
14361943 6020
14361953 388
14361979 3941
14362001 543
14362079 1
14362091 1
14362109 387
14362123 8
14362133 3
14362151 1
14362219 116
14362219 1664
14362247 84
14362247 985
14362343 1
14362349 39
14362391 93
14362391 1129
14362409 627
14362409 2271
14362441 1011
14362441 9099
14362459 3300
14362507 8
14362577 1968
14362583 561
14362583 996
14362597 32
14362609 219
14362619 4
14362681 404
14362687 2868
14362721 4
14362793 43
14362837 5852
14362849 227
14362849 1551
14362927 24
14362939 5
14363003 1
14363093 16
14363101 3
14363119 2981
14363177 7348
14363179 89
14363309 4696
14363347 5
14363357 1159
14363383 48
14363383 1053
14363383 2637
14363387 277
14363423 1
14363483 81
14363603 13
14363627 33
14363683 120
14363719 1529
14363771 88
14363771 9576
14363801 4
14363803 1865
14363893 3
14364011 1
14364101 39
14364131 1
14364143 312
14364179 904
14364241 3
14364257 7
14364263 1
14364307 20
14364353 12
14364359 1
14364373 3
14364403 5
14364403 3305
14364481 3
14364481 6404
14364499 60
14364527 5328
14364641 156
14364737 4
14364803 97
14364851 6013
14364853 107
14364937 8
14364953 96
14364953 9171
14364971 1524
14364989 132
14364989 235
14365009 11
14365009 36
14365031 2953
14365079 4
14365093 8
14365163 1632
14365193 3
14365193 163
14365259 1501
14365283 1
14365283 13
14365319 297
14365327 9
14365327 12
14365367 277
14365367 1284
14365433 160
14365441 23
14365441 120
14365523 1
14365553 75
14365553 303
14365601 175
14365619 1924
14365717 6260
14365739 1132
14365829 316
14365997 64
14366057 259
14366059 200
14366063 745
14366111 1228
14366153 147
14366179 441
14366227 1029
14366279 1
14366333 7
14366333 972
14366381 4
14366381 75
14366419 3729
14366501 3
14366501 3076
14366519 1
14366519 2401
14366533 83
14366579 37
14366699 24
14366711 16
14366771 1
14366771 268
14366797 24
14366867 184
14366867 249
14366917 3
14366929 11
14366993 3
14366993 148
14367049 795
14367049 6291
14367307 164
14367323 21
14367371 24
14367377 108
14367443 1
14367481 440
14367497 2067
14367517 948
14367523 3728
14367643 41
14367659 1
14367677 28
14367679 6576
14367817 1824
14367883 5265
14367901 119
14367943 692
14368007 1144
14368007 3913
14368121 2223
14368127 1557
14368139 4
14368139 21
14368241 3
14368243 212
14368337 7
14368337 688
14368337 2664
14368439 40
14368457 55
14368747 5
14368747 32
14368811 1
14368811 9
14368811 93
14368811 576
14368943 1
14369071 45
14369081 1863
14369087 12
14369141 16
14369171 1
14369189 4
14369189 31
14369219 1309
14369281 563
14369287 8
14369401 3
14369417 988
14369441 48
14369441 1116
14369447 277
14369473 1391
14369581 3
14369657 5103
14369737 3
14369753 36
14369759 1
14369759 4
14369791 9
14369857 263
14369867 4
14369933 3
14369969 4
14370077 2472
14370091 6356
14370113 48
14370221 364
14370247 4809
14370263 4396
14370281 31
14370373 755
14370401 804
14370413 51
14370427 5
14370439 17
14370449 7
14370509 1767
14370527 1512
14370527 3129
14370539 1
14370641 4
14370893 6492
14370907 1068
14370959 12
14371013 3
14371099 272
14371111 101
14371141 768
14371169 7
14371177 20
14371241 3
14371249 35
14371261 11
14371319 4
14371351 669
14371351 1428
14371369 315
14371493 3
14371603 341
14371691 1053
14371723 2537
14371793 91
14371813 2748
14371867 24
14371871 4
14371897 1068
14371991 1
14371991 33
14372047 92
14372069 652
14372077 20
14372077 1784
14372107 48
14372153 3
14372153 1483
14372201 6220
14372203 92
14372203 716
14372257 12
14372261 484
14372297 4
14372297 15
14372411 1
14372483 1948
14372513 36
14372731 153
14372731 893
14372783 5013
14372791 9
14372843 1
14372947 249
14372947 405
14372977 3
14373077 1975
14373089 5212
14373103 212
14373113 27
14373127 24
14373187 9
14373187 1397
14373217 87
14373251 1
14373251 4
14373269 4
14373301 3
14373409 155
14373559 3540
14373581 91
14373599 4
14373659 1
14373673 132
14373673 1052
14373683 13
14373683 765
14373707 124
14373707 285
14373761 4
14373769 32
14373809 15
14373817 3
14373817 2435
14373839 1
14373893 3
14373917 3
14373923 12
14373949 32
14374201 1136
14374253 5340
14374259 45
14374271 1
14374271 9900
14374291 21
14374303 96
14374303 1353
14374319 4
14374319 105
14374403 1
14374439 1
14374453 1460
14374523 1681
14374573 1067
14374631 1
14374637 4
14374799 1
14374813 3
14374831 281
14374861 71
14374901 4335
14374909 12
14374957 3
14375099 1
14375099 9
14375357 75
14375357 8595
14375411 1
14375423 2037
14375447 13
14375477 67
14375617 479
14375807 105
14375807 1953
14375927 9
14375929 119
14375947 5
14376013 12
14376041 1600
14376077 6672
14376113 3
14376161 4
14376163 33
14376191 2425
14376223 393
14376289 1404
14376301 39
14376361 3
14376371 1
14376457 12
14376457 23
14376487 9
14376487 3068
14376553 36
14376601 8
14376601 2744
14376623 133
14376697 1175
14376697 5379
14376829 164
14376829 171
14376881 3819
14376893 15
14376911 324
14376941 3
14376959 7420
14377021 20
14377043 88
14377057 32
14377063 756
14377067 13
14377073 3
14377157 579
14377303 4277
14377333 48
14377379 4
14377453 1052
14377477 3
14377613 183
14377619 1
14377673 7
14377709 40
14377721 3175
14377807 560
14377837 432
14377871 1
14377871 73
14377897 3
14377901 3
14377969 6476
14377991 1
14378029 11
14378047 5
14378047 213
14378101 3191
14378159 1
14378159 84
14378183 61
14378227 257
14378257 9687
14378261 43
14378291 1
14378321 4368
14378431 53
14378501 3
14378527 3608
14378543 1
14378557 92
14378563 1140
14378563 2460
14378599 252
14378603 1
14378629 752
14378717 6408
14378789 432
14378789 607
14378863 452
14378927 45
14378927 88
14378941 3
14378951 1
14379007 1428
14379011 3700
14379023 1
14379047 9
14379061 791
14379091 213
14379191 48
14379203 1081
14379247 432
14379317 12
14379341 151
14379353 15
14379359 145
14379413 55
14379457 200
14379457 1988
14379457 9500
14379481 656
14379481 875
14379511 36
14379611 100
14379803 16
14379803 112
14379809 216
14379821 51
14380033 1028
14380081 5303
14380211 145
14380213 552
14380253 9423
14380439 1116
14380439 5785
14380459 197
14380633 8
14380643 4761
14380771 1724
14380783 5
14380783 21
14380823 1
14380859 9
14380987 5
14380991 601
14381023 225
14381077 8
14381113 203
14381153 4272
14381189 72
14381207 453
14381207 6873
14381291 1
14381383 1248
14381441 3
14381519 2281
14381533 3627
14381579 1
14381753 51
14381833 51
14381833 108
14381867 24
14381891 1
14381893 48
14381903 1
14381933 15
14381933 28
14381933 160
14381947 180
14381951 25
14381951 360
14381963 1
14381989 2019
14382091 9
14382131 4
14382131 681
14382197 84
14382283 296
14382293 816
14382317 75
14382413 3
14382439 897
14382439 3861
14382443 1
14382443 81
14382479 1
14382509 7
14382593 691
14382707 4
14382713 568
14382721 6639
14382757 8
14382793 1551
14382847 9
14382859 1829
14382911 1
14382917 423
14382959 501
14382983 1
14382989 4
14382997 3023
14383069 11
14383151 9
14383177 3
14383231 36
14383301 4840
14383331 4
14383351 1745
14383367 172
14383403 133
14383427 4
14383489 12
14383559 1
14383559 100
14383693 120
14383729 140
14383729 1560
14383769 771
14383799 7252
14383823 1
14383823 5416
14383909 2207
14383937 159
14383981 7535
14383991 1
14384017 164
14384143 5765
14384213 115
14384263 477
14384299 3984
14384327 12
14384347 53
14384351 4
14384353 3
14384429 31
14384429 1200
14384441 15
14384569 152
14384599 21
14384603 1
14384639 7461
14384641 4215
14384687 4
14384701 11
14384779 5
14384789 156
14384807 168
14384917 104
14384933 28
14384999 1
14385011 1
14385017 3615
14385029 5916
14385079 1401
14385181 23
14385191 1
14385211 48
14385257 4
14385257 24
14385277 3684
14385377 72
14385377 4543
14385467 4
14385467 108
14385529 35
14385659 1
14385661 3
14385661 11
14385667 1124
14385719 1
14385727 44
14385773 5163
14385937 8
14386003 1292
14386003 8352
14386093 56
14386133 3
14386159 201
14386181 3
14386187 240
14386259 1
14386313 6708
14386321 3
14386571 340
14386637 3
14386643 1
14386699 77
14386699 1820
14386717 3
14386751 421
14386787 3760
14386837 387
14386873 3
14386909 20
14386909 155
14386951 1904
14386963 3773
14387077 12
14387081 4
14387249 7
14387251 29
14387293 95
14387333 31
14387453 87
14387519 549
14387531 2308
14387537 3
14387543 1408
14387557 764
14387669 4
14387699 4
14387701 623
14387713 387
14387713 555
14387809 1484
14387897 7044
14387939 37
14388097 24
14388113 12
14388119 1
14388139 5
14388163 68
14388163 125
14388163 1877
14388181 44
14388181 191
14388193 128
14388259 4016
14388293 4512
14388419 4
14388427 1677
14388431 1
14388461 180
14388551 141
14388559 276
14388589 3984
14388623 1
14388653 1536
14388667 69
14388691 293
14388713 1083
14388767 4
14388779 1
14388793 128
14388877 3
14388911 76
14389009 15
14389009 1527
14389019 1
14389019 97
14389027 317
14389087 324
14389153 888
14389183 8
14389267 7364
14389279 357
14389439 1
14389489 2064
14389643 16
14389643 541
14389679 4
14389721 75
14389733 72
14389741 8
14389741 23
14389807 45
14389867 48
14389901 496
14389913 268
14389987 5
14389997 28
14390063 2160
14390093 3712
14390113 3
14390113 1335
14390147 772
14390213 3
14390227 5
14390269 15
14390309 7
14390329 20
14390333 3832
14390339 141
14390339 4357
14390359 21
14390393 111
14390533 3
14390591 1
14390609 3487
14390741 43
14390741 144
14390791 8
14390813 5728
14390819 4
14390839 12
14390879 1
14390879 9
14390879 6760
14390881 95
14390881 180
14390881 1208
14390927 6312
14390947 60
14390969 115
14391007 69
14391019 29
14391029 79
14391101 3
14391109 96
14391133 56
14391173 76
14391241 231
14391313 180
14391319 264
14391323 1
14391323 657
14391329 7407
14391359 12
14391373 35
14391397 27
14391437 3
14391437 1272
14391551 93
14391593 523
14391593 1896
14391617 472
14391649 12
14391679 6572
14391703 341
14391757 20
14391803 1
14391851 25
14391857 4
14391857 39
14391857 448
14391887 3333
14391919 2117
14391941 4
14392051 1745
14392123 21
14392151 4128
14392171 9
14392171 516
14392237 1560
14392241 16
14392331 1
14392351 485
14392393 8
14392429 7136
14392537 2352
14392579 8145
14392583 3468
14392597 360
14392619 1245
14392691 4
14392837 32
14392837 3168
14392883 1
14392979 12
14393129 4
14393131 2049
14393177 1695
14393177 1887
14393177 4348
14393179 252
14393221 3
14393287 5
14393299 12
14393299 4869
14393321 3804
14393429 7
14393461 3
14393461 95
14393479 80
14393693 2068
14393719 5037
14393779 137
14393893 32
14393903 28
14393957 3
14393957 112
14393959 5
14393959 9005
14394047 352
14394049 180
14394071 1
14394089 16
14394161 15
14394187 20
14394187 1973
14394269 16
14394271 65
14394319 149
14394337 3180
14394349 35
14394397 44
14394409 11
14394467 184
14394539 4
14394581 3
14394613 1551
14394683 16
14394781 63
14394833 3
14394967 17
14394967 1724
14395201 8
14395211 1
14395307 12
14395313 48
14395313 4971
14395343 792
14395363 21
14395373 72
14395681 5468
14395709 684
14395763 1
14395891 281
14395891 1448
14395891 5753
14395973 1255
14396003 1
14396023 188
14396051 5256
14396141 375
14396377 119
14396519 40
14396561 28
14396573 43
14396581 11
14396581 75
14396581 84
14396639 2532
14396639 5389
14396719 5
14396747 9
14396783 21
14396861 3
14396911 29
14396939 1
14396947 2472
14396951 4
14396983 5
14397083 1
14397127 5
14397127 153
14397179 72
14397211 1028
14397319 237
14397367 57
14397391 8
14397391 36
14397529 1260
14397577 3
14397577 5424
14397661 3
14397739 1032
14397749 5484
14397899 12
14397923 1
14397961 971
14397979 141
14398003 1640
14398039 3545
14398073 3
14398091 25
14398277 7
14398343 708
14398399 5
14398399 9
14398487 2524
14398493 16
14398567 53
14398567 317
14398697 4
14398697 127
14398723 557
14398753 3
14398781 99
14398807 669
14398807 3029
14398861 680
14398991 13
14398991 73
14398997 4
14399029 119
14399029 252
14399057 2359
14399069 19
14399087 49
14399087 8764
14399237 3
14399243 1
14399269 1776
14399351 289
14399353 123
14399393 51
14399443 2361
14399551 389
14399579 1
14399591 16
14399591 28
14399603 21
14399603 1932
14399653 428
14399657 3268
14399669 4
14399669 319
14399677 8
14399677 15
14399699 1
14399699 12
14399699 84
14399743 8
14399783 1
14399831 253
14399939 1
14399971 113
14400017 3832
14400019 152
14400059 6561
14400131 1
14400131 196
14400293 147
14400361 60
14400413 180
14400457 315
14400487 17
14400487 68
14400509 16
14400629 36
14400811 8
14400839 1
14400857 139
14400923 1
14400931 140
14400937 3
14401043 1
14401067 604
14401073 240
14401073 1195
14401109 4276
14401171 8
14401327 1113
14401337 7
14401339 665
14401379 1
14401403 16
14401549 11
14401549 1979
14401643 72
14401679 36
14401727 25
14401733 3
14401759 12
14401831 53
14401859 4392
14401883 1
14401883 12
14401889 180
14401909 2975
14401987 5
14402041 39
14402149 12
14402317 15
14402359 189
14402441 96
14402483 1
14402491 5
14402567 49
14402579 21
14402671 20
14402699 52
14402777 3
14402917 3
14402939 340
14402957 3
14402987 4
14403019 29
14403047 505
14403047 1212
14403091 5
14403157 12
14403209 151
14403289 1259
14403373 108
14403373 680
14403419 1
14403569 375
14403629 7
14403677 12
14403679 5
14403679 24
14403689 7
14403707 153
14403731 24
14403733 4220
14403937 15
14403971 1
14403973 48
14404021 2991
14404189 11
14404249 2316
14404249 7199
14404259 1
14404259 156
14404469 51
14404543 5
14404543 48
14404543 516
14404631 13
14404631 228
14404727 1477
14404751 61
14404823 85
14404843 161
14404853 327
14404853 480
14404853 520
14404913 3736
14404979 1
14404991 1
14404993 23
14405071 20
14405159 1
14405329 212
14405371 69
14405423 396
14405459 1
14405459 4
14405491 8
14405539 32
14405539 476
14405597 1699
14405627 609
14405707 5
14405803 1073
14405861 4
14405861 60
14405879 1
14405899 7140
14406013 12
14406079 9
14406097 23
14406107 28
14406109 96
14406131 580
14406137 3679
14406137 5259
14406151 21
14406151 3284
14406173 151
14406179 24
14406181 8
14406221 103
14406239 12
14406239 6997
14406263 88
14406277 15
14406323 1
14406409 56
14406461 3
14406481 11
14406521 2368
14406527 69
14406551 1240
14406593 12
14406611 1
14406611 8820
14406767 928
14406767 4089
14406773 3
14406827 37
14406929 19
14407049 2487
14407079 21
14407091 1
14407091 2589
14407091 3876
14407117 3
14407121 783
14407189 92
14407241 3
14407241 2079
14407259 1
14407273 3
14407297 3
14407303 152
14407303 1373
14407439 1
14407439 204
14407457 27
14407493 3
14407553 75
14407559 21
14407583 21
14407583 288
14407597 23
14407663 80
14407793 207
14407903 33
14407931 1
14407931 124
14407951 120
14407999 4656
14408003 681
14408081 640
14408117 5928
14408123 1
14408123 25
14408167 9
14408239 5
14408393 3292
14408437 23
14408473 95
14408519 72
14408543 1368
14408657 187
14408759 117
14408767 872
14408839 1725
14408903 1
14408923 2105
14409061 9380
14409067 144
14409097 900
14409137 7
14409181 476
14409191 9
14409209 55
14409299 1
14409383 1
14409413 36
14409559 6197
14409599 1785
14409611 1
14409611 1713
14409721 3
14409721 7964
14409749 4
14409971 984
14409979 45
14410003 5988
14410069 35
14410087 828
14410103 645
14410141 23
14410349 4
14410411 5
14410411 485
14410423 5
14410453 83
14410453 147
14410463 1
14410463 616
14410471 1769
14410637 79
14410681 15
14410687 57
14410751 1
14410771 33
14410831 5
14410841 303
14410843 8
14410843 20
14410861 35
14410861 1575
14410889 4
14410889 3955
14410933 11
14410973 63
14410997 19
14411021 51
14411051 1
14411143 120
14411279 1
14411279 69
14411339 1356
14411351 4
14411357 3
14411473 5543
14411491 213
14411491 3701
14411531 1
14411561 196
14411569 7379
14411609 615
14411689 2204
14411713 27
14411737 8
14411867 4
14411941 3
14411941 24
14411959 69
14411977 3
14412023 685
14412023 3540
14412029 984
14412029 1704
14412143 537
14412157 3
14412247 5
14412253 636
14412259 1365
14412271 164
14412371 6088
14412389 336
14412401 16
14412527 49
14412667 17
14412679 12
14412731 5233
14412779 189
14412823 9713
14412857 192
14412877 84
14412917 312
14412977 1420
14413027 189
14413079 1
14413121 48
14413129 612
14413307 69
14413409 7
14413463 832
14413519 741
14413577 40
14413627 872
14413703 3160
14413829 72
14413991 1
14413999 116
14414017 3
14414017 35
14414107 8
14414221 11
14414227 557
14414227 1332
14414233 27
14414303 2776
14414311 9
14414377 3
14414531 1
14414593 2696
14414599 24
14414599 696
14414677 12
14414831 280
14414831 2013
14414837 9772
14414839 2289
14414843 1
14414999 1401
14415047 7957
14415077 1960
14415097 612
14415103 20
14415103 137
14415103 4601
14415119 909
14415143 1
14415187 5
14415301 20
14415409 440
14415521 36
14415521 5091
14415539 1
14415613 128
14415619 2865
14415671 9
14415679 41
14415679 80
14415767 5233
14415773 55
14415833 27
14415839 2301
14415857 327
14415859 5
14415937 7644
14416057 360
14416057 372
14416067 13
14416067 69
14416247 48
14416247 1405
14416291 5
14416291 153
14416361 183
14416403 21
14416453 3
14416453 2751
14416513 3
14416637 24
14416693 96
14416769 304
14416777 3
14416783 1068
14416889 3787
14416967 7228
14417069 819
14417099 1
14417111 13
14417141 3
14417141 103
14417171 136
14417177 192
14417177 775
14417231 2788
14417243 3408
14417303 1
14417303 8352
14417317 99
14417327 124
14417339 1
14417407 9
14417441 6148
14417519 465
14417671 8
14417693 9996
14417701 11
14417723 1
14417761 8
14417791 656
14417813 43
14417813 243
14417833 75
14417833 6536
14417863 7025
14417869 476
14417939 1
14417951 1
14417971 8
14418139 5
14418221 19
14418223 156
14418377 4
14418403 168
14418421 20
14418557 3
14418557 828
14418583 428
14418619 5
14418619 152
14418637 819
14418727 173
14418773 1735
14418791 1
14418799 5
14418851 1
14418851 33
14418883 53
14418959 352
14418961 239
14419019 1
14419019 469
14419049 256
14419079 12
14419079 237
14419217 2224
14419343 1
14419397 687
14419399 165
14419421 3
14419441 99
14419523 1
14419523 4300
14419571 1
14419589 555
14419649 2427
14419819 5
14419837 6539
14419877 3
14419883 1312
14419891 5
14419903 5
14420017 12
14420059 105
14420083 4413
14420111 945
14420291 1
14420291 268
14420299 5
14420501 3
14420521 251
14420537 3
14420599 5601
14420621 15
14420621 19
14420689 39
14420779 45
14420779 1145
14420851 2556
14420891 1
14420969 319
14421047 25
14421059 1
14421067 545
14421131 93
14421403 53
14421419 1
14421419 4
14421419 21
14421443 1
14421443 705
14421443 1297
14421509 3811
14421523 3285
14421553 3
14421553 47
14421577 164
14421581 4944
14421611 1
14421611 4
14421857 3
14421877 15
14421877 92
14421881 3
14421889 120
14421937 27
14421949 236
14422021 8
14422129 35
14422129 804
14422129 1607
14422151 1
14422151 3880
14422217 19
14422237 3
14422271 4
14422271 433
14422327 20
14422327 1248
14422351 9
14422417 39
14422469 12
14422469 36
14422543 1541
14422543 5672
14422547 48
14422571 1
14422591 68
14422619 1392
14422669 2331
14422741 795
14422747 5
14422747 68
14422757 27
14422861 1803
14422867 5
14422979 205
14423077 1359
14423117 3255
14423137 8
14423161 4008
14423173 35
14423197 848
14423273 16
14423273 52
14423273 8883
14423287 92
14423393 3
14423441 15
14423441 211
14423443 1101
14423557 168
14423593 608
14423597 532
14423621 24
14423639 1
14423639 1540
14423653 3
14423867 433
14423879 2361
14423951 45
14423977 383
14423993 100
14424001 11
14424077 3
14424089 72
14424139 17
14424199 20
14424233 7
14424233 795
14424239 105
14424247 17
14424247 1712
14424383 1
14424521 3400
14424559 20
14424659 100
14424671 1
14424673 3932
14424677 28
14424713 3
14424713 7
14424757 39
14424829 44
14424869 51
14424947 288
14425049 4
14425057 20
14425057 59
14425069 32
14425091 64
14425111 329
14425111 2448
14425121 4
14425127 4
14425207 68
14425247 3708
14425249 44
14425273 3072
14425289 16
14425303 417
14425331 141
14425343 1
14425391 61
14425391 981
14425391 1068
14425679 8781
14425721 211
14425721 1036
14425771 656
14425811 3724
14425907 9
14425949 1476
14426003 1
14426033 108
14426101 3
14426231 33
14426231 93
14426231 1461
14426249 7
14426273 7
14426341 20
14426381 3
14426381 16
14426513 16
14426579 2689
14426639 4
14426663 1
14426663 1057
14426779 5
14426827 212
14426861 4
14426869 695
14426933 27
14427029 4
14427103 4317
14427113 2272
14427139 45
14427191 1
14427341 24
14427401 723
14427419 3481
14427421 8
14427443 1
14427451 5
14427503 1
14427557 79
14427599 261
14427629 204
14427643 581
14427643 3893
14427671 2176
14427733 3
14427827 4
14427827 28
14427841 291
14427967 2640
14428103 252
14428129 1491
14428217 1959
14428301 276
14428319 4540
14428327 609
14428363 353
14428387 9
14428411 185
14428451 1
14428451 13
14428643 1
14428649 40
14428681 15
14428727 73
14428811 1
14428837 380
14428849 135
14428867 3317
14428907 40
14428913 3
14428949 3699
14429003 1545
14429033 432
14429131 5
14429143 536
14429159 4
14429263 105
14429263 185
14429299 3296
14429333 336
14429351 9
14429357 55
14429419 2181
14429431 3573
14429473 3
14429537 3
14429687 9
14429773 47
14429879 1
14429881 3
14429953 2912
14429981 16
14430001 668
14430001 720
14430077 3
14430113 3
14430191 1
14430191 196
14430289 6504
14430307 1064
14430337 8
14430391 1568
14430473 103
14430473 1771
14430511 9
14430511 485
14430529 767
14430599 1
14430601 1244
14430641 4
14430641 856
14430763 117
14430809 7
14430809 2419
14430817 132
14430863 1
14430881 16
14430989 2551
14431031 76
14431037 3
14431103 25
14431111 153
14431171 56
14431177 3
14431177 383
14431199 1
14431231 5289
14431243 828
14431253 8811
14431409 147
14431421 3
14431427 45
14431447 429
14431463 1
14431519 165
14431619 1
14431633 311
14431643 1
14431817 820
14431829 955
14431883 3685
14431897 3
14431909 239
14431913 7
14431987 500
14432071 53
14432129 1644
14432203 7181
14432213 96
14432213 295
14432213 396
14432251 84
14432291 24
14432311 33
14432321 84
14432333 12
14432333 1755
14432393 1648
14432399 4
14432399 252
14432413 4260
14432437 12
14432543 1
14432549 4
14432549 792
14432603 45
14432819 16
14432819 4224
14432851 1905
14432927 1072
14433053 3
14433053 351
14433077 4
14433101 36
14433101 288
14433137 3
14433163 5
14433233 703
14433233 7296
14433299 1
14433311 268
14433359 24
14433359 1785
14433403 33
14433427 333
14433467 9
14433491 4
14433491 24
14433499 5
14433499 1005
14433539 36
14433647 45
14433647 1957
14433691 2228
14433709 44
14433709 2300
14433781 3
14433869 687
14433869 4371
14433929 12
14433953 7
14433997 84
14434093 15
14434093 132
14434093 476
14434097 43
14434163 1
14434163 277
14434463 1
14434493 543
14434529 7
14434529 331
14434549 11
14434559 1
14434559 24
14434619 520
14434669 2660
14434669 5495
14434697 12
14434711 8
14434711 3668
14434753 5163
14434769 1095
14434789 300
14434807 9
14434817 4
14434841 184
14434859 1
14434867 57
14434877 24
14434879 9
14434879 389
14434891 44
14434963 12
14434967 4
14434967 25
14435221 11
14435371 8
14435371 36
14435381 3
14435453 135
14435527 8
14435539 405
14435683 117
14435723 7912
14435741 8520
14435767 9
14435767 9840
14435783 1
14435849 16
14435989 12
14435989 3744
14436001 3
14436047 4
14436047 1560
14436083 1
14436131 16
14436133 8
14436221 3
14436239 24
14436239 217
14436329 27
14436361 3
14436463 3485
14436463 8892
14436491 1
14436509 7
14436563 3408
14436589 792
14436647 4
14436647 9
14436647 669
14436659 1
14436671 1
14436683 1
14436707 12
14436733 3
14436811 4004
14436833 27
14436833 28
14436911 2589
14436967 45
14437021 915
14437039 284
14437051 1013
14437109 27
14437151 348
14437277 7
14437303 36
14437333 572
14437337 400
14437343 133
14437459 81
14437459 480
14437543 477
14437547 4672
14437561 3
14437561 24
14437681 791
14437693 3
14437837 44
14437991 60
14438009 60
14438041 431
14438057 15
14438057 39
14438107 777
14438183 1825
14438197 75
14438209 24
14438209 3387
14438213 12
14438243 3885
14438297 2152
14438341 2328
14438357 1647
14438401 11
14438509 176
14438561 339
14438569 1520
14438579 1
14438579 849
14438603 60
14438659 77
14438663 1
14438663 721
14438681 60
14438713 3
14438713 4971
14438783 1
14438783 217
14438791 89
14438959 89
14438989 11
14438999 37
14439023 121
14439023 645
14439109 51
14439157 3
14439163 1212
14439167 2128
14439209 3807
14439209 4647
14439233 3
14439233 7740
14439283 3252
14439407 124
14439457 15
14439463 305
14439497 55
14439497 420
14439497 1744
14439553 3
14439569 7
14439577 8
14439587 292
14439587 697
14439823 5
14439853 11
14439863 1
14439871 20
14439947 4
14439973 35
14440031 1
14440033 1088
14440033 1575
14440033 1920
14440213 492
14440219 12
14440271 1
14440271 100
14440277 339
14440313 2271
14440319 1
14440319 2677
14440367 4
14440367 28
14440367 52
14440379 1
14440549 56
14440549 764
14440639 1629
14440687 125
14440771 269
14440771 440
14440813 3
14440981 3
14440981 60
14440997 4
14441111 61
14441123 1
14441123 4552
14441153 183
14441179 1685
14441233 5720
14441293 948
14441353 35
14441393 60
14441393 112
14441411 325
14441417 52
14441491 21
14441639 1
14441639 24
14441641 984
14441743 1013
14441759 24
14441879 1
14441887 6360
14441893 171
14441893 287
14441929 20
14441983 7280
14442017 28
14442017 1812
14442037 524
14442041 115
14442049 975
14442157 608
14442221 3
14442251 4
14442331 5
14442347 25
14442361 3
14442431 1480
14442457 35
14442479 4689
14442509 12
14442521 4
14442541 8
14442541 3339
14442563 1
14442577 3
14442611 1
14442671 1
14442733 8
14442863 37
14443001 211
14443001 1168
14443027 108
14443069 1136
14443133 63
14443277 4
14443291 8
14443327 8993
14443339 9
14443343 1
14443361 144
14443441 3
14443621 123
14443621 420
14443703 1
14443787 37
14443867 72
14443883 1
14444071 29
14444141 28
14444149 420
14444239 5
14444239 56
14444347 68
14444359 36
14444377 3
14444387 48
14444489 352
14444533 531
14444743 20
14444797 23
14444809 4652
14444819 1
14444909 3300
14444939 1
14445023 637
14445043 8
14445061 11
14445061 1223
14445131 1
14445131 3996
14445157 6840
14445247 8
14445251 1
14445251 36
14445251 2388
14445289 12
14445289 2912
14445293 160
14445293 423
14445293 7648
14445317 3
14445317 12
14445391 144
14445437 7
14445439 2457
14445793 2687
14445829 456
14445859 812
14445883 5988
14445911 400
14445913 23
14445923 1
14446009 47
14446009 51
14446027 48
14446087 5117
14446193 712
14446193 2236
14446199 1
14446199 4
14446219 5
14446253 2428
14446291 905
14446297 3
14446297 87
14446303 12
14446303 3141
14446331 16
14446331 24
14446351 5
14446373 123
14446387 33
14446387 9273
14446387 9473
14446423 48
14446423 120
14446463 21
14446591 7641
14446643 1
14446771 5
14446771 644
14446777 3
14446781 240
14446823 13
14446963 237
14446981 1691
14447021 36
14447021 1444
14447021 3319
14447077 320
14447099 1
14447099 57
14447159 1
14447171 2853
14447267 64
14447267 84
14447341 3
14447347 53
14447351 1
14447359 5
14447359 12
14447443 888
14447443 1185
14447513 7
14447533 8
14447593 27
14447617 3840
14447651 1
14447663 1
14447663 37
14447687 289
14447701 84
14447711 1
14447737 27
14447759 1
14447837 4
14447837 220
14447969 1984
14448001 15
14448101 3
14448131 4
14448199 17
14448229 179
14448253 27
14448253 92
14448337 3303
14448443 132
14448461 3
14448491 1
14448491 16
14448593 3
14448719 1
14448727 8
14448857 1888
14448871 33
14448947 9
14448947 3072
14449067 573
14449079 9
14449187 2508
14449199 4
14449271 1
14449273 4083
14449297 32
14449381 416
14449469 639
14449493 2103
14449517 220
14449537 3
14449597 452
14449597 6452
14449651 140
14449657 3288
14449781 3
14449837 35
14449837 68
14449837 83
14449927 485
14450047 5
14450057 28
14450069 595
14450077 68
14450341 3
14450353 8
14450363 156
14450389 1292
14450389 4859
14450399 45
14450399 97
14450453 7612
14450539 377
14450567 33
14450633 628
14450699 1
14450707 5
14450713 3
14450879 1
14450879 69
14450899 4080
14450941 15
14450971 9593
14451089 79
14451097 59
14451119 1
14451121 3
14451149 7
14451187 1889
14451187 2697
14451257 15
14451259 5
14451287 84
14451293 1635
14451317 28
14451317 292
14451317 9100
14451331 113
14451347 4
14451347 13
14451373 3
14451373 131
14451427 1464
14451433 3
14451433 375
14451491 1
14451491 13
14451551 1
14451623 57
14451631 2589
14451643 33
14451677 2988
14451709 15
14451779 1
14451841 179
14451847 2789
14451847 4265
14451851 169
14451893 216
14451917 24
14451917 87
14451959 49
14451971 4
14452157 3
14452157 3964
14452183 128
14452189 116
14452189 9000
14452253 568
14452279 116
14452337 4
14452351 416
14452391 1
14452421 3
14452583 1
14452589 471
14452733 103
14452747 9
14452807 257
14452843 8
14452979 1
14452987 5
14453027 2625
14453071 425
14453147 13
14453207 45
14453227 209
14453233 200
14453311 5
14453353 11
14453419 5445
14453429 39
14453429 40
14453429 51
14453429 6771
14453473 3
14453497 3
14453507 4
14453531 1
14453627 600
14453731 789
14453753 7
14453773 3
14453773 843
14453833 23
14453903 1
14453903 7965
14454023 268
14454023 5172
14454031 1968
14454049 71
14454053 643
14454059 12
14454059 192
14454059 2520
14454127 3584
14454203 3177
14454371 33
14454431 7764
14454547 125
14454563 45
14454571 29
14454767 69
14454767 1720
14454767 2353
14454809 652
14454863 136
14454967 20
14455057 8
14455093 3
14455157 4
14455163 1
14455213 9483
14455223 1
14455237 24
14455289 7
14455297 3
14455303 176
14455319 1
14455351 8
14455391 436
14455417 15
14455433 72
14455487 637
14455489 1380
14455541 1395
14455631 1
14455631 156
14455643 1
14455643 61
14455669 1100
14455699 132
14455747 5
14455759 1740
14455781 4
14455781 19
14455849 11
14455871 4
14455879 12
14455879 752
14456009 16
14456033 15
14456033 127
14456059 44
14456063 148
14456063 1221
14456081 735
14456107 5
14456107 4433
14456173 15
14456177 5355
14456209 11
14456303 1
14456311 9
14456369 19
14456423 1
14456467 17
14456539 41
14456567 5740
14456639 1
14456653 975
14456759 4
14456803 5
14456803 57
14456833 8
14457007 5
14457017 2448
14457077 228
14457211 8
14457227 64
14457257 3
14457323 1
14457329 19
14457407 313
14457479 289
14457493 987
14457533 7852
14457719 61
14457791 1
14457881 100
14457887 2152
14457893 3
14457959 1
14457959 9784
14458001 15
14458001 1519
14458207 9
14458217 3
14458319 1
14458331 1
14458393 816
14458439 136
14458571 9
14458573 963
14458579 8436
14458583 1633
14458603 53
14458669 11
14458681 1239
14458727 4
14458727 40
14458729 2031
14458819 56
14458841 40
14458841 855
14458883 1
14458991 9
14458991 5361
14459021 643
14459041 8
14459047 1604
14459191 728
14459213 175
14459213 2452
14459327 49
14459327 385
14459351 556
14459353 12
14459369 12
14459411 1
14459411 9660
14459413 72
14459509 200
14459521 15
14459561 64
14459633 1723
14459689 51
14459699 1
14459701 3
14459723 1
14459729 64
14459771 1
14459821 308
14459833 447
14459881 39
14459947 5
14460107 3789
14460113 423
14460113 832
14460191 4
14460209 4956
14460227 4
14460227 13
14460359 1
14460359 45
14460373 3
14460373 8
14460431 1
14460503 1
14460503 1272
14460503 2337
14460517 1572
14460547 9
14460547 368
14460547 509
14460559 2577
14460637 32
14460791 9
14460847 80
14460893 3
14461037 103
14461127 45
14461141 2916
14461207 137
14461399 3420
14461409 156
14461507 5
14461537 2372
14461553 3936
14461567 2132
14461591 264
14461591 288
14461591 948
14461613 495
14461621 8139
14461673 3
14461693 2975
14461703 1
14461757 3
14461813 32
14461817 2500
14461829 4
14461829 771
14461879 5
14461879 69
14461897 624
14461901 6660
14461969 1412
14462047 5
14462083 8
14462137 3
14462141 411
14462143 677
14462167 525
14462209 3291
14462311 464
14462339 12
14462407 5
14462453 52
14462473 8
14462521 3
14462593 320
14462713 12
14462761 3
14462813 51
14462831 4
14462849 55
14463023 13
14463023 3312
14463079 56
14463079 3261
14463091 5
14463091 1848
14463131 1
14463139 17
14463181 80
14463181 836
14463187 1517
14463221 135
14463247 288
14463433 4508
14463473 3
14463473 1056
14463517 32
14463539 1
14463539 8680
14463641 19
14463679 177
14463773 27
14463793 132
14463793 1728
14463797 87
14463833 208
14463853 3
14463853 111
14463881 4
14463979 117
14464061 804
14464061 2191
14464091 28
14464199 21
14464223 1
14464237 3
14464237 24
14464237 695
14464313 7
14464403 1
14464427 69
14464451 120
14464459 141
14464477 20
14464481 40
14464573 3
14464679 145
14464699 5
14464711 36
14464711 104
14464763 700
14464787 4
14464787 13
14464799 1209
14464829 72
14464859 49
14464867 8
14464867 725
14464897 12
14464969 1479
14464973 1083
14465021 6219
14465053 5331
14465141 19
14465141 2539
14465197 12
14465201 204
14465309 871
14465309 1219
14465369 396
14465383 77
14465383 165
14465573 3
14465603 1
14465609 579
14465617 1700
14465621 15
14465713 200
14465791 80
14465813 3
14465831 1
14465837 7
14465879 1
14465881 119
14465911 3660
14465999 676
14466019 324
14466019 921
14466077 19
14466131 1
14466143 40
14466143 1485
14466209 2487
14466209 4179
14466229 12
14466281 51
14466299 4
14466299 6721
14466299 6949
14466329 4
14466377 235
14466383 1
14466427 5529
14466503 1
14466503 5932
14466511 5
14466511 21
14466523 8
14466539 4
14466539 9
14466583 20
14466583 141
14466587 112
14466637 243
14466713 28
14466833 27
14466899 1
14466967 137
14466971 4
14467001 1035
14467091 13
14467099 5
14467157 7
14467157 12
14467163 1717
14467171 780
14467181 28
14467231 48
14467231 165
14467231 1448
14467381 3
14467501 3
14467501 740
14467657 1575
14467727 184
14467757 19
14467757 1092
14467811 1
14467811 456
14467837 3
14467903 288
14467927 165
14467927 2129
14467927 3308
14468053 8
14468189 1059
14468243 16
14468243 1732
14468257 3
14468263 456
14468401 815
14468453 16
14468453 5412
14468473 3
14468491 161
14468549 676
14468579 241
14468627 69
14468659 857
14468759 25
14468759 36
14468833 443
14468873 3
14468891 133
14468933 3
14468969 375
14469031 5
14469167 189
14469179 169
14469251 240
14469319 1236
14469359 1
14469359 3181
14469391 5600
14469437 879
14469577 3
14469617 4
14469671 1
14469713 7
14469883 6077
14469919 21
14469947 3397
14470021 4496
14470051 2069
14470081 4724
14470097 3
14470117 80
14470189 192
14470199 1
14470249 60
14470259 169
14470259 6961
14470271 4
14470283 1
14470331 1
14470331 21
14470331 301
14470447 5
14470447 12
14470453 248
14470453 8075
14470649 15
14470679 1
14470679 709
14470817 3708
14471011 24
14471137 32
14471137 80
14471143 132
14471183 52
14471201 2679
14471323 2213
14471323 5633
14471339 4
14471363 348
14471363 9993
14471371 5
14471371 45
14471371 1016
14471467 20
14471473 120
14471543 1
14471543 13
14471683 233
14471753 316
14471753 7923
14471833 47
14471861 91
14471881 156
14471909 4
14471917 27
14471929 35
14471993 388
14472011 1
14472011 84
14472043 17
14472079 720
14472277 447
14472383 193
14472473 396
14472481 8
14472481 35
14472581 271
14472581 711
14472581 1519
14472599 1
14472649 4560
14472659 232
14472683 748
14472683 1381
14472707 673
14472719 1
14472791 1
14472833 523
14472863 1
14472863 3480
14472893 15
14472947 24
14472949 15
14472949 27
14472949 1152
14473021 2235
14473087 5
14473087 65
14473093 120
14473093 456
14473099 17
14473127 184
14473163 1
14473177 6419
14473181 3
14473201 684
14473213 63
14473267 260
14473267 1512
14473289 4
14473367 5208
14473427 1228
14473441 2415
14473489 5636
14473493 55
14473507 65
14473507 152
14473567 17
14473597 35
14473619 805
14473691 1
14473733 915
14473733 4152
14473999 20
14474003 40
14474011 5
14474011 1325
14474039 1192
14474051 1
14474051 904
14474069 187
14474183 61
14474231 1
14474267 25
14474323 1032
14474387 93
14474441 1600
14474587 1685
14474651 1
14474711 1
14474773 255
14474821 15
14474921 15
14474963 1
14474963 33
14475053 48
14475077 163
14475077 532
14475157 5772
14475179 1
14475277 120
14475299 52
14475353 3
14475367 9
14475371 1
14475371 4
14475371 5656
14475427 5
14475467 73
14475509 331
14475509 2140
14475521 4803
14475529 740
14475569 7
14475677 3
14475677 7107
14475679 264
14475707 804
14475719 3001
14475787 17
14475793 3
14475803 1
14475919 152
14476013 7
14476109 4
14476109 16
14476109 1900
14476201 3
14476201 279
14476211 4
14476289 87
14476331 205
14476339 20
14476409 2599
14476421 15
14476421 39
14476447 5
14476477 3015
14476529 180
14476643 252
14476661 304
14476717 2688
14476871 9
14476919 25
14476949 676
14477083 48
14477129 2716
14477173 8
14477233 2256
14477339 9
14477417 4
14477417 2860
14477501 19
14477521 3
14477543 3360
14477653 6888
14477711 4
14477759 3681
14477789 4
14477803 8
14477819 580
14477819 757
14477831 9
14477893 1227
14477909 319
14477933 132
14478001 24
14478059 1
14478071 3381
14478077 4
14478077 7
14478083 1
14478089 459
14478161 64
14478173 447
14478199 5
14478227 4
14478263 1
14478301 3
14478349 1067
14478349 2175
14478349 2927
14478367 65
14478449 19
14478467 13
14478469 224
14478521 4
14478539 1
14478547 33
14478547 8265
14478553 35
14478677 307
14478689 4
14478727 5
14478749 40
14478833 3
14478913 1343
14478941 604
14478967 3432
14479079 49
14479141 3111
14479163 36
14479163 4417
14479177 119
14479211 64
14479219 489
14479271 3460
14479277 15
14479279 24
14479301 19
14479369 51
14479369 92
14479379 4
14479379 340
14479417 35
14479429 51
14479447 4104
14479471 6116
14479513 12
14479589 40
14479681 3
14479723 3132
14479727 37
14479763 628
14479799 49
14479799 52
14479799 1581
14479859 85
14479873 2256
14479967 24
14479967 445
14479979 601
14479981 15
14479981 24
14480023 17
14480051 153
14480083 321
14480099 9
14480111 576
14480111 9909
14480171 1
14480177 3
14480281 543
14480287 6444
14480351 5965
14480369 252
14480377 35
14480419 345
14480443 5
14480449 204
14480519 1
14480659 24
14480681 24
14480681 171
14480681 1828
14480701 8
14480743 5
14480743 5040
14480789 7
14480803 365
14480833 515
14480891 1
14480891 1389
14480953 68
14480971 9
14480987 144
14480987 313
14480989 36
14481013 216
14481017 7
14481143 1
14481151 309
14481281 3
14481317 739
14481367 272
14481419 1
14481503 1
14481503 5161
14481539 1
14481547 17
14481611 6840
14481641 415
14481661 15
14481673 2072
14481793 11
14481823 101
14481829 672
14481833 36
14481851 93
14481853 8
14481899 1
14481989 24
14482033 9200
14482121 4
14482211 1
14482211 736
14482231 5
14482261 24
14482309 200
14482333 3
14482381 3
14482411 5
14482411 65
14482417 3
14482441 440
14482583 16
14482583 445
14482607 105
14482661 4
14482661 1456
14482729 956
14482751 4
14482891 5400
14482943 1
14482943 13
14482987 9
14483009 31
14483011 5
14483011 6336
14483057 4
14483057 15
14483081 15
14483129 7
14483129 3072
14483159 1
14483159 105
14483173 3
14483177 24
14483213 3
14483239 5249
14483321 3
14483341 284
14483369 12
14483437 4227
14483471 9
14483489 1716
14483531 1
14483569 224
14483659 1572
14483699 1
14483699 40
14483737 39
14483747 33
14483747 445
14483773 3
14483797 324
14483897 67
14483897 5632
14483921 3
14483957 3
14484109 251
14484287 148
14484287 720
14484293 3
14484299 4
14484299 40
14484307 5
14484307 108
14484397 3
14484443 1
14484467 9
14484551 1
14484583 33
14484611 1
14484637 759
14484671 1761
14484703 713
14484739 9
14484739 17
14484761 3
14484803 1
14484857 592
14484863 1
14484893 912
14484929 7
14484941 100
14484989 760
14485021 24
14485061 19
14485061 55
14485099 21
14485103 12
14485111 2289
14485151 3864
14485169 16
14485223 28
14485369 12
14485379 1
14485379 9
14485379 1561
14485397 3
14485417 8
14485489 284
14485591 8
14485591 9
14485591 1400
14485651 5
14485673 2592
14485687 5
14485727 73
14485727 3148
14485781 2859
14485789 11
14485789 4127
14486041 251
14486183 1
14486237 123
14486273 3
14486317 12
14486327 9
14486359 9
14486369 4
14486369 31
14486383 21
14486401 8871
14486477 192
14486611 180
14486621 4
14486651 16
14486677 339
14486761 8
14486819 4
14486819 9
14486831 64
14486933 120
14486963 1
14486993 63
14486999 84
14487061 419
14487089 387
14487119 192
14487251 9
14487301 60
14487353 3
14487353 12
14487379 21
14487569 7
14487569 427
14487569 8079
14487589 47
14487607 428
14487691 125
14487727 24
14487727 1632
14487857 43
14487911 1
14487989 12
14487989 687
14488093 467
14488141 683
14488151 1
14488219 585
14488283 1
14488319 1
14488351 68
14488373 43
14488417 24
14488499 12
14488547 549
14488553 28
14488567 3425
14488619 1956
14488673 3
14488673 2607
14488717 9488
14488723 8
14488829 39
14488847 85
14488853 435
14488931 1
14488937 120
14489021 76
14489023 5
14489053 60
14489053 5687
14489107 9
14489129 3931
14489171 1
14489171 4636
14489171 9769
14489281 4631
14489297 7
14489339 1
14489347 3605
14489351 5989
14489521 3
14489539 5700
14489669 19
14489693 4215
14489863 1452
14489953 15
14489983 92
14490017 4
14490019 8709
14490059 4
14490071 69
14490127 8
14490139 41
14490173 120
14490191 1
14490193 12
14490323 1
14490323 3781
14490337 8975
14490379 84
14490397 87
14490451 60
14490491 508
14490599 4741
14490631 116
14490727 3584
14490731 501
14490737 3
14490743 1
14490869 219
14490947 48
14491073 1611
14491079 1
14491111 329
14491237 152
14491283 1
14491307 52
14491427 3748
14491481 28
14491481 1123
14491483 5
14491493 31
14491501 48
14491501 224
14491507 492
14491549 107
14491583 1
14491583 253
14491643 21
14491643 2421
14491721 175
14491733 996
14491733 2320
14491891 56
14491891 264
14491921 39
14491921 836
14491937 4
14491979 1
14491979 417
14491979 9604
14491999 36
14492017 8
14492017 7679
14492059 5
14492059 189
14492063 1
14492063 61
14492063 2208
14492273 96
14492297 7
14492299 5
14492299 60
14492473 143
14492519 1
14492561 51
14492561 6295
14492587 3005
14492603 97
14492609 7
14492627 100
14492651 1
14492651 105
14492743 20
14492759 1
14492813 52
14492861 43
14492861 684
14492887 884
14492899 5
14492941 860
14492963 1
14492981 36
14493071 2205
14493203 16
14493203 8992
14493263 1
14493287 88
14493397 3
14493431 16
14493491 1
14493509 6276
14493671 1708
14493679 21
14493683 1
14493683 688
14493761 4
14493883 116
14493953 5400
14493991 81
14494049 7
14494049 324
14494127 3193
14494147 12
14494147 17
14494147 1472
14494201 39
14494243 3341
14494243 3393
14494247 7888
14494289 264
14494307 13
14494307 24
14494307 69
14494309 4272
14494379 4
14494379 276
14494379 2712
14494423 2961
14494427 37
14494427 808
14494481 15
14494499 1120
14494619 1329
14494621 48
14494657 1848
14494687 24
14494789 252
14494877 28
14494903 156
14494919 1245
14494937 27
14494957 1743
14494957 2960
14494979 7489
14495021 24
14495021 28
14495021 55
14495027 12
14495071 60
14495191 264
14495219 1
14495279 64
14495303 1
14495311 53
14495363 1
14495413 3227
14495417 40
14495521 8
14495549 244
14495671 204
14495699 4725
14495699 9420
14495731 701
14495791 20
14495797 39
14495813 3
14495821 8
14495827 293
14495981 4455
14495989 3956
14496073 15
14496173 16
14496191 33
14496239 1
14496269 1384
14496331 60
14496347 3673
14496353 187
14496479 21
14496511 20
14496511 9629
14496527 4188
14496659 1
14496667 857
14496683 1212
14496793 131
14496899 1
14496953 700
14496983 1
14496983 40
14497001 40
14497001 6675
14497051 60
14497079 57
14497123 7073
14497213 143
14497261 140
14497279 57
14497297 4167
14497409 4
14497433 280
14497459 32
14497499 664
14497517 2899
14497541 88
14497603 5
14497607 388
14497697 99
14497729 135
14497789 8571
14497799 1
14497799 64
14497841 4
14497841 408
14497877 67
14497897 704
14497993 3
14498101 3
14498101 23
14498207 4
14498207 60
14498221 3
14498243 28
14498287 129
14498377 35
14498489 15
14498489 75
14498531 21
14498587 5
14498711 1368
14498849 4
14498899 680
14498923 5
14498923 3857
14498971 5709
14499047 13
14499091 344
14499203 1
14499311 144
14499323 1
14499323 421
14499323 633
14499347 9412
14499379 5
14499431 328
14499431 1396
14499439 357
14499533 76
14499587 40
14499601 135
14499659 1
14499703 33
14499703 2021
14499713 135
14499733 11
14499757 8
14499799 485
14499811 5
14499839 4
14499857 4948
14499889 1140
