11500043 52
11500051 20
11500129 87
11500157 324
11500169 60
11500169 531
11500277 6172
11500283 61
11500297 6872
11500319 1
11500319 84
11500337 820
11500519 212
11500537 383
11500561 608
11500561 3828
11500591 204
11500591 233
11500603 1497
11500627 8
11500661 3
11500661 1944
11500781 676
11500813 3
11500831 36
11500991 1
11500997 1927
11501003 16
11501003 40
11501209 24
11501261 6723
11501309 27
11501351 69
11501411 1
11501411 6553
11501423 333
11501437 2000
11501471 1
11501491 156
11501543 1
11501543 28
11501599 77
11501647 849
11501723 1
11501753 7
11501767 17
11501773 12
11501801 51
11501879 1
11502059 1
11502103 108
11502229 72
11502269 4
11502347 117
11502347 1468
11502367 65
11502377 540
11502409 111
11502433 575
11502527 145
11502571 4944
11502571 5724
11502613 20
11502641 144
11502697 5352
11502713 6240
11502791 13
11502811 1313
11502857 204
11502859 9
11502859 4160
11503043 48
11503091 204
11503153 3
11503157 12
11503157 607
11503181 15
11503253 3
11503273 8
11503291 1409
11503351 2309
11503363 33
11503409 900
11503433 15
11503451 1
11503567 45
11503571 1
11503571 4
11503627 8
11503757 3
11503813 3
11503847 4
11503867 185
11503889 4
11503907 28
11503939 420
11504147 4
11504147 28
11504159 1
11504167 192
11504183 1
11504183 13
11504243 160
11504279 201
11504293 20
11504303 1
11504309 1312
11504321 3
11504321 55
11504341 171
11504357 19
11504413 248
11504413 9447
11504429 280
11504497 267
11504527 453
11504573 7
11504579 772
11504593 72
11504593 3828
11504599 1785
11504629 11
11504651 988
11504681 5764
11504687 385
11504827 89
11504863 41
11504897 4
11504981 4044
11505017 1024
11505017 3279
11505049 20
11505071 640
11505157 1443
11505253 9087
11505281 88
11505341 103
11505341 124
11505367 425
11505407 12
11505421 899
11505427 60
11505437 1764
11505449 2644
11505551 1
11505587 4
11505679 56
11505679 4020
11505701 8155
11505731 1
11505731 108
11505737 4
11505757 1463
11505761 3868
11505803 21
11505829 7604
11505869 124
11505869 9807
11505913 8
11505919 600
11505943 821
11505947 13
11505947 2724
11505961 3
11506139 1
11506139 9
11506163 28
11506249 111
11506259 1
11506423 5
11506541 984
11506633 3
11506643 28
11506699 309
11506699 2520
11506751 6813
11506769 12
11506861 11
11506919 81
11506933 11
11507003 28
11507059 1209
11507099 9
11507099 324
11507123 1
11507159 1
11507161 8
11507267 4
11507329 1080
11507371 4565
11507443 12
11507471 600
11507477 144
11507513 12
11507563 8
11507579 1
11507579 409
11507641 15
11507663 13
11507677 3
11507687 1077
11507767 209
11507959 6281
11508061 5835
11508173 3
11508173 12
11508173 127
11508173 6000
11508179 1
11508181 1239
11508229 120
11508229 3587
11508271 3056
11508311 4
11508383 36
11508403 17
11508403 597
11508407 112
11508493 56
11508551 1
11508551 13
11508691 2040
11508691 2133
11508713 3388
11508727 4968
11508751 29
11508803 33
11508899 100
11508943 5
11508943 57
11508943 620
11509013 3
11509019 24
11509019 25
11509021 603
11509049 8760
11509063 20
11509081 531
11509111 684
11509349 736
11509349 855
11509403 153
11509447 20
11509489 27
11509567 2340
11509577 4
11509727 1020
11509753 12
11509871 1
11509909 327
11509909 3947
11509921 399
11509931 9
11509963 593
11510027 532
11510039 9
11510087 184
11510087 588
11510089 2607
11510089 5840
11510099 1
11510113 2456
11510153 7
11510231 24
11510249 556
11510287 1517
11510297 184
11510321 28
11510363 1
11510413 15
11510417 3
11510417 244
11510417 1168
11510501 364
11510531 4828
11510539 20
11510563 237
11510563 312
11510657 7
11510671 708
11510671 1505
11510701 3
11510701 1175
11510711 1
11510803 41
11510803 1697
11510923 128
11510927 328
11511047 9
11511079 3261
11511133 1227
11511139 5
11511191 1
11511191 16
11511233 15
11511343 777
11511343 2745
11511413 1128
11511421 8
11511421 8859
11511457 8
11511457 35
11511469 159
11511481 83
11511491 4
11511581 19
11511733 3
11511733 183
11511751 5736
11511779 3064
11511793 27
11511821 120
11511833 91
11511893 100
11511901 471
11512031 1
11512031 48
11512037 4
11512037 7
11512037 7260
11512051 101
11512177 3
11512199 1
11512331 1
11512331 25
11512399 20
11512399 80
11512427 4
11512531 209
11512561 3
11512573 2828
11512649 7
11512649 1947
11512789 7380
11512817 7
11512843 2493
11512999 5
11513039 304
11513171 445
11513189 4
11513269 2652
11513279 1
11513279 2157
11513291 7804
11513311 3249
11513321 79
11513393 520
11513477 3
11513477 375
11513503 20
11513527 12
11513527 17
11513527 353
11513629 27
11513629 155
11513657 4
11513659 2016
11513687 45
11513687 4728
11513729 1792
11513851 369
11513861 3
11513863 7605
11513921 3
11513951 4
11513951 9
11513951 49
11514023 12
11514127 57
11514143 1
11514169 7251
11514193 1320
11514211 20
11514211 1868
11514229 12
11514229 15
11514277 1212
11514311 1236
11514313 1115
11514319 6696
11514449 64
11514527 2049
11514599 1
11514623 1072
11514683 13
11514721 83
11514791 1
11514799 2121
11514829 44
11514871 33
11514907 125
11515003 33
11515037 2659
11515129 599
11515129 1560
11515201 1095
11515253 396
11515289 7
11515289 1320
11515303 21
11515321 216
11515369 1736
11515391 1
11515481 816
11515499 1
11515507 77
11515507 672
11515541 183
11515541 4948
11515591 104
11515619 69
11515631 1
11515657 80
11515667 177
11515811 1
11515961 4
11516009 12
11516009 180
11516051 1
11516053 8976
11516059 60
11516069 39
11516069 52
11516069 244
11516069 2755
11516101 8
11516101 39
11516207 4
11516257 239
11516291 369
11516321 39
11516377 8
11516579 1
11516579 4
11516581 539
11516677 695
11516707 8
11516759 1
11516801 339
11516881 48
11516887 45
11516891 496
11516909 4
11516933 271
11516933 2167
11517047 25
11517061 20
11517061 4800
11517071 169
11517113 208
11517113 1708
11517167 988
11517203 3361
11517239 49
11517239 5181
11517241 23
11517307 152
11517361 11
11517361 5823
11517413 67
11517413 96
11517469 27
11517511 20
11517577 44
11517659 12
11517659 96
11517689 12
11517689 8812
11517697 3
11517731 49
11517787 9
11517791 1
11517791 64
11517791 5409
11517899 49
11517899 441
11517911 1
11517911 208
11517983 1
11518183 2861
11518219 1116
11518219 5036
11518271 8281
11518289 100
11518321 2235
11518349 4
11518489 5411
11518501 504
11518583 1
11518589 4
11518603 8
11518609 11
11518609 551
11518739 57
11518751 1
11518757 39
11518891 9
11518891 48
11518891 141
11518943 1
11518943 7540
11519171 2745
11519201 1216
11519231 4
11519303 1
11519311 405
11519381 3
11519407 9
11519477 120
11519503 1128
11519579 4
11519609 4
11519633 3
11519689 107
11519737 63
11519791 5
11519791 48
11519791 800
11519797 27
11519797 1820
11519843 52
11519891 229
11520013 8
11520031 573
11520059 376
11520073 3
11520083 1
11520287 169
11520331 624
11520361 764
11520419 1
11520461 1363
11520559 4037
11520599 1
11520601 1175
11520683 7273
11520701 3
11520739 176
11520763 2421
11520791 1
11520863 1
11520869 136
11520911 4888
11520913 36
11520913 956
11520923 1
11520941 615
11520941 616
11520967 432
11520991 5
11521267 393
11521303 5
11521457 1444
11521513 767
11521519 24
11521519 29
11521561 3
11521603 116
11521607 9
11521607 97
11521687 204
11521703 1
11521709 7
11521793 1407
11521813 183
11521823 2341
11521859 1032
11521897 3
11521931 1
11521957 3
11521997 2163
11522047 5
11522129 55
11522153 36
11522167 8
11522249 6639
11522363 12
11522363 372
11522363 4048
11522431 953
11522437 4020
11522501 931
11522543 273
11522551 209
11522557 3
11522573 3
11522579 1
11522579 4
11522603 1
11522603 621
11522639 120
11522639 2296
11522663 21
11522729 40
11522743 3788
11522789 12
11522789 2031
11522827 12
11522827 492
11522851 5885
11522879 157
11522887 7832
11522941 1223
11522983 236
11523007 8
11523007 989
11523119 1
11523137 3687
11523181 3
11523181 8
11523199 17
11523247 12
11523301 15
11523307 129
11523307 260
11523359 1
11523383 1
11523389 4
11523461 640
11523461 4291
11523553 548
11523653 580
11523877 167
11523913 708
11523917 108
11523997 1863
11524069 11
11524069 15
11524111 449
11524151 1
11524171 576
11524207 1760
11524237 87
11524309 7604
11524313 16
11524349 9832
11524369 935
11524369 3584
11524423 3752
11524477 3
11524477 512
11524511 4
11524549 96
11524561 2571
11524561 3899
11524607 13
11524661 460
11524661 924
11524693 152
11524739 1
11524783 33
11524829 5851
11524859 97
11524921 63
11524937 880
11524937 7032
11524969 300
11525071 5
11525071 104
11525113 8
11525113 960
11525159 21
11525257 168
11525263 1160
11525281 24
11525317 24
11525509 396
11525603 85
11525617 8
11525621 3
11525639 1
11525699 61
11525729 4
11525753 135
11525791 185
11525791 428
11525869 432
11525873 223
11525903 12
11525923 72
11525929 15
11525957 24
11525959 261
11525977 12
11525993 3
11525993 40
11526023 1
11526041 15
11526161 39
11526191 4
11526313 6375
11526367 93
11526419 1
11526497 2872
11526533 67
11526547 2760
11526551 1
11526631 5
11526661 128
11526661 1091
11526701 31
11526763 453
11526923 1
11526941 3
11526959 6376
11526997 9659
11527001 156
11527057 3
11527067 153
11527069 51
11527073 2476
11527171 6165
11527199 1
11527199 321
11527259 1
11527277 3
11527331 4
11527333 8
11527349 1096
11527391 684
11527511 1
11527589 207
11527651 8
11527673 4072
11527799 12
11527823 1
11527861 44
11528017 15
11528029 1952
11528123 312
11528173 8
11528173 47
11528173 507
11528183 5196
11528197 8
11528203 312
11528351 156
11528417 3
11528477 39
11528479 12
11528519 4
11528519 1401
11528537 28
11528653 783
11528701 8
11528731 9
11528761 20
11528761 51
11528861 4
11528879 1
11528987 4
11528987 973
11528987 5608
11529101 4840
11529197 4
11529229 71
11529229 1364
11529299 3832
11529307 468
11529319 1649
11529421 1103
11529431 1
11529437 12
11529521 39
11529589 180
11529629 184
11529691 33
11529701 1479
11529709 359
11529731 208
11529797 6168
11529811 2213
11529853 15
11529967 317
11530019 1
11530091 1
11530091 880
11530117 9383
11530219 216
11530223 12
11530249 2096
11530279 56
11530279 245
11530297 48
11530381 36
11530447 1044
11530459 24
11530483 92
11530513 8
11530529 4
11530559 25
11530669 131
11530703 1
11530817 19
11530829 1836
11530991 4
11531029 12
11531099 220
11531167 6525
11531197 443
11531231 8785
11531239 5
11531269 27
11531339 1
11531419 17
11531477 3
11531621 55
11531621 79
11531669 16
11531699 21
11531791 1413
11531843 421
11531843 3708
11531903 808
11531921 4176
11531951 9
11531953 87
11532011 1
11532013 1748
11532077 12
11532173 31
11532181 3164
11532203 1
11532251 4
11532331 8
11532337 3
11532377 339
11532431 1
11532559 237
11532569 16
11532571 5
11532581 168
11532581 3099
11532583 800
11532611 1
11532659 952
11532679 1065
11532701 19
11532701 1471
11532707 4
11532707 484
11532727 33
11532757 227
11532769 56
11532823 152
11532841 3
11532869 2716
11532877 363
11532877 999
11532949 12
11532949 1175
11532967 1424
11532991 3744
11532991 6381
11533031 1
11533043 72
11533079 252
11533211 1
11533217 4
11533217 79
11533273 5060
11533297 4908
11533321 8
11533393 275
11533451 1
11533451 45
11533451 1648
11533523 480
11533523 7813
11533559 6357
11533663 1448
11533721 763
11533723 1608
11533727 69
11533747 492
11533771 93
11533801 99
11533859 1
11533867 20
11533889 4912
11533919 1
11533937 3207
11533943 1
11533943 8076
11533957 5060
11533993 8
11534147 364
11534179 1085
11534183 100
11534329 39
11534351 381
11534351 465
11534473 248
11534533 851
11534617 123
11534671 5016
11534689 59
11534717 3
11534723 1
11534773 3
11534801 3
11534813 16
11534819 1
11534893 8
11534909 4
11534923 113
11534951 720
11535001 3
11535001 20
11535037 3
11535053 7
11535113 3
11535113 1315
11535217 68
11535319 12
11535319 24
11535319 29
11535371 25
11535371 160
11535373 3
11535421 1295
11535463 785
11535613 3
11535613 432
11535647 12
11535737 3
11535737 9880
11535787 32
11535899 24
11535899 924
11535941 3
11535977 532
11535977 1432
11536043 1
11536121 16
11536181 48
11536223 1
11536223 13
11536297 3
11536297 59
11536337 7
11536337 1519
11536361 3
11536361 4
11536373 3163
11536373 8235
11536391 13
11536531 56
11536531 764
11536541 6576
11536597 3
11536597 8
11536631 1
11536643 61
11536661 16
11536691 1
11536699 5
11536799 9
11536841 84
11536849 36
11536871 913
11536871 8589
11536873 3
11536873 27
11536873 8751
11536879 852
11536883 28
11536891 429
11536913 3
11536939 12
11536957 27
11536963 257
11536997 3
11537077 3
11537143 401
11537143 2565
11537257 92
11537353 32
11537369 4
11537399 244
11537527 29
11537573 120
11537597 7
11537597 208
11537653 183
11537657 4
11537671 260
11537671 984
11537683 125
11537683 8025
11537719 5
11537741 3
11537777 603
11537783 1
11537783 285
11537809 12
11537891 160
11537893 2040
11537987 24
11537987 357
11538017 3988
11538199 137
11538239 12
11538283 8
11538311 1
11538361 8
11538379 5
11538383 16
11538403 20
11538437 7
11538481 623
11538523 68
11538523 72
11538691 24
11538697 8
11538713 396
11538731 4
11538731 201
11538739 57
11538797 103
11538853 3
11538887 249
11538959 24
11538959 201
11538973 3555
11538973 4196
11539063 116
11539127 1140
11539249 2067
11539331 1293
11539387 1304
11539427 40
11539439 1
11539439 381
11539439 972
11539453 2895
11539459 1056
11539513 3
11539613 55
11539691 1
11539691 4
11539733 1000
11539757 39
11539757 4588
11539817 4
11539903 560
11539903 1137
11539961 1455
11539981 3
11540033 247
11540069 55
11540069 471
11540099 229
11540101 131
11540107 5
11540261 103
11540267 4
11540267 5577
11540279 1
11540303 21
11540387 1884
11540471 108
11540471 165
11540471 6240
11540519 1
11540561 60
11540609 52
11540611 389
11540701 624
11540759 1
11540861 4
11540953 9108
11541053 2667
11541091 21
11541107 589
11541133 2780
11541209 7
11541209 16
11541287 9
11541311 2433
11541337 60
11541427 4980
11541499 5
11541511 4928
11541529 80
11541529 467
11541533 3
11541611 1
11541661 15
11541671 13
11541671 1036
11541671 1369
11541727 180
11541763 81
11541799 300
11541823 20
11541877 59
11541899 1
11541899 45
11541917 7507
11541923 1
11541967 12
11541989 39
11542001 2695
11542109 52
11542183 212
11542211 1
11542211 4
11542211 900
11542231 8
11542327 624
11542331 385
11542331 1449
11542459 81
11542511 88
11542511 3360
11542513 107
11542523 1
11542543 353
11542577 60
11542577 172
11542613 208
11542673 1147
11542681 3
11542717 275
11542799 1
11542801 3
11542829 4
11542859 76
11542889 112
11543011 9
11543011 1929
11543011 2025
11543027 12
11543039 1
11543047 8
11543069 3951
11543249 40
11543269 111
11543293 296
11543351 1
11543353 140
11543353 1287
11543353 1656
11543381 336
11543423 153
11543549 96
11543603 16
11543617 15
11543617 20
11543683 2997
11543713 180
11543767 9
11543767 2637
11543789 691
11543809 2415
11543809 4236
11543809 8876
11543813 1168
11543839 29
11543843 13
11543879 60
11543893 7676
11543933 1276
11543941 1388
11543971 2433
11543981 15
11543981 196
11543993 3
11543993 43
11543993 1240
11544047 49
11544133 12
11544157 1919
11544161 3
11544227 72
11544227 792
11544257 607
11544271 7100
11544283 32
11544347 9
11544359 1
11544437 3
11544509 924
11544583 317
11544601 3
11544601 264
11544607 12
11544607 368
11544829 716
11544859 1781
11544931 5
11544959 1
11545003 72
11545063 12
11545069 84
11545111 5
11545153 63
11545187 7165
11545223 1
11545229 2392
11545249 36
11545267 929
11545267 1140
11545301 39
11545327 5
11545327 9
11545327 473
11545403 480
11545519 8856
11545553 3
11545553 5187
11545561 3
11545627 9
11545649 4
11545657 2195
11545657 4355
11545663 237
11545663 1088
11545727 6937
11545777 8
11545817 2943
11545837 3
11545943 132
11546063 1
11546099 1152
11546113 6263
11546153 16
11546173 212
11546203 1097
11546369 51
11546389 51
11546393 3
11546393 168
11546393 1672
11546411 268
11546449 15
11546467 3557
11546503 248
11546581 1011
11546603 1
11546917 3
11546929 1155
11546939 1
11546939 249
11546939 3352
11546971 5109
11546987 9
11546987 129
11547001 3
11547001 159
11547037 47
11547059 1
11547073 15
11547077 4
11547077 19
11547169 15
11547181 3
11547181 1628
11547197 4
11547251 1
11547251 4
11547251 424
11547323 1
11547443 12
11547479 705
11547491 1
11547491 744
11547551 1
11547553 11
11547553 96
11547623 900
11547623 2125
11547629 2835
11547631 6528
11547647 73
11547659 204
11547671 4
11547671 24
11547719 4
11547881 396
11547961 8
11547973 51
11548157 4
11548279 92
11548289 7479
11548291 420
11548309 84
11548319 2364
11548391 1
11548393 131
11548499 4
11548513 8
11548517 280
11548597 5855
11548679 9
11548679 172
11548681 8
11548687 44
11548697 1680
11548717 360
11548739 1
11548769 144
11548777 1260
11548843 20
11548871 1
11548919 1
11548937 27
11548949 7
11548969 56
11548987 29
11548997 4
11549009 31
11549099 52
11549129 1272
11549179 9812
11549203 92
11549299 1217
11549339 1
11549339 84
11549347 20
11549411 9
11549411 604
11549423 1
11549459 1
11549621 168
11549633 103
11549677 203
11549773 36
11549803 20
11549819 1
11549903 1
11549947 149
11549977 3
11549983 6773
11550029 147
11550029 7051
11550103 5
11550181 3
11550239 4792
11550241 375
11550299 45
11550379 21
11550527 960
11550551 1
11550551 861
11550641 148
11550653 91
11550719 1
11550739 84
11550779 532
11550809 16
11550829 167
11550923 1
11550949 1095
11550949 2676
11550953 420
11550983 12
11550983 60
11550997 3
11550997 9912
11551013 63
11551081 3
11551123 17
11551123 32
11551139 8404
11551147 5
11551147 57
11551157 79
11551171 189
11551171 5504
11551207 5
11551207 749
11551229 115
11551249 11
11551273 8
11551273 1167
11551327 452
11551343 21
11551513 11
11551583 1
11551583 8832
11551591 60
11551597 788
11551643 1
11551679 1
11551699 1749
11551741 3
11551741 15
11551781 228
11551937 4
11551961 79
11551961 148
11552033 172
11552137 9932
11552153 31
11552227 1140
11552263 32
11552267 169
11552267 360
11552269 11
11552269 5264
11552293 71
11552347 53
11552561 6040
11552581 476
11552591 1
11552591 6481
11552699 1
11552771 1
11552791 5
11552833 3
11552837 15
11552903 1
11552941 8
11552963 16
11552977 3
11553077 64
11553079 8244
11553089 100
11553133 11
11553167 4
11553247 44
11553247 5769
11553301 6188
11553433 371
11553449 19
11553457 5403
11553569 1524
11553601 3
11553601 3815
11553623 1
11553623 456
11553623 3312
11553649 120
11553679 5
11553779 2437
11553823 5396
11553847 12
11554009 855
11554009 1400
11554019 1
11554019 49
11554021 728
11554061 100
11554129 272
11554177 147
11554199 1141
11554201 48
11554307 193
11554381 24
11554381 1668
11554423 45
11554423 4088
11554507 129
11554519 365
11554523 697
11554541 4108
11554561 23
11554567 69
11554591 348
11554783 5148
11554811 876
11554819 432
11554957 944
11554999 281
11555069 576
11555171 28
11555171 69
11555197 20
11555213 3
11555329 876
11555329 1499
11555339 96
11555339 3801
11555371 56
11555387 268
11555437 3
11555483 1548
11555501 843
11555611 4608
11555651 45
11555651 489
11555689 95
11555701 2499
11555723 1
11555771 9
11555783 1
11555909 1584
11555911 20
11555911 3584
11555953 3
11555953 11
11556053 4303
11556169 72
11556197 3
11556197 1479
11556283 12
11556317 3
11556317 627
11556431 1
11556533 3
11556737 4
11556737 112
11556757 3
11556757 1292
11556803 285
11556829 620
11556829 2252
11556841 8
11556907 189
11556911 36
11556931 293
11556947 88
11556947 100
11556953 7
11556967 584
11556967 1680
11557081 204
11557157 2419
11557163 1
11557237 4343
11557261 8
11557319 696
11557363 5
11557369 27
11557373 703
11557471 449
11557571 541
11557607 28
11557673 7
11557673 28
11557697 3
11557703 112
11557703 7257
11557717 59
11557751 1
11557873 15
11557907 1365
11557913 40
11557961 1191
11557963 8
11557963 12
11557981 23
11558021 3
11558077 3
11558177 7
11558177 943
11558231 1
11558231 1293
11558311 9
11558321 31
11558321 1128
11558333 75
11558333 6580
11558383 8
11558387 93
11558471 40
11558473 972
11558483 13
11558509 99
11558563 6965
11558609 387
11558621 4
11558647 9
11558647 528
11558683 632
11558693 3
11558693 7
11558731 8
11558803 17
11558927 4
11558947 5
11558957 208
11558993 7
11558993 228
11558999 1
11559127 593
11559157 588
11559209 16
11559209 4527
11559257 12
11559377 4
11559407 13
11559419 24
11559461 4
11559463 8
11559469 3792
11559479 1701
11559491 1
11559617 19
11559703 92
11559749 60
11559803 21
11559839 4
11559841 80
11559917 988
11559973 63
11559997 83
11560019 1
11560019 52
11560091 1
11560139 340
11560139 1005
11560141 2468
11560279 180
11560279 4197
11560327 717
11560369 1535
11560453 111
11560457 19
11560517 4
11560573 5540
11560579 1241
11560609 371
11560693 416
11560723 5
11560723 8
11560753 207
11560753 372
11560817 952
11560831 9
11560931 16
11560957 3
11560963 33
11561027 6829
11561089 35
11561197 12
11561197 35
11561237 2079
11561267 49
11561287 4793
11561317 7980
11561321 6763
11561359 5
11561371 9
11561423 36
11561447 468
11561449 5727
11561471 81
11561531 1641
11561591 1
11561681 9264
11561741 3
11561827 80
11561843 61
11561971 8
11562007 1005
11562037 12
11562107 4
11562107 1368
11562283 8
11562311 1
11562323 3528
11562337 3
11562401 3
11562443 73
11562487 24
11562539 1
11562623 297
11562623 5032
11562641 16
11562653 1108
11562667 8
11562787 5
11562797 39
11562899 1
11562919 17
11562959 1
11562959 4
11562961 3
11562961 44
11562973 3
11562973 72
11563003 12
11563157 3
11563241 4
11563241 4756
11563243 68
11563243 357
11563243 2220
11563261 240
11563303 3933
11563423 5
11563423 8708
11563561 8
11563561 15
11563613 3
11563693 11
11563693 471
11563729 311
11563781 208
11563789 36
11563897 20
11563939 9
11564051 1
11564071 89
11564167 5
11564171 129
11564219 9
11564261 16
11564263 45
11564263 197
11564297 3
11564327 3205
11564381 3
11564447 40
11564447 412
11564459 4
11564503 20
11564503 192
11564513 2388
11564543 1
11564543 757
11564647 2973
11564659 200
11564671 9
11564719 41
11564741 3748
11564797 12
11564821 3
11564869 15
11564963 85
11564983 6221
11565017 247
11565061 60
11565101 508
11565143 1
11565143 7693
11565331 29
11565331 8156
11565341 63
11565347 40
11565373 11
11565377 3
11565397 1244
11565419 1
11565439 1580
11565487 69
11565487 1077
11565551 1
11565551 348
11565553 4928
11565583 1356
11565613 23
11565707 1773
11565721 1275
11565733 2367
11565811 21
11565811 69
11565823 6797
11565907 24
11565929 796
11566019 4
11566021 11
11566057 3
11566057 8
11566127 429
11566127 9408
11566211 1
11566259 921
11566283 1
11566283 457
11566319 4
11566319 1116
11566337 3
11566337 192
11566337 544
11566367 9
11566391 1
11566403 1921
11566463 1
11566463 16
11566519 5
11566601 60
11566717 5355
11566733 3
11566733 7
11566733 6775
11566837 3
11566847 64
11566913 387
11566931 1
11567041 23
11567111 129
11567111 2989
11567113 11
11567261 3
11567261 8160
11567263 2357
11567279 61
11567357 7
11567377 3
11567399 1929
11567411 1
11567411 4
11567411 64
11567411 1044
11567573 436
11567579 52
11567623 12
11567669 292
11567729 3259
11567737 3
11567771 1
11567821 3
11567821 15
11567887 284
11567909 75
11567921 15
11567957 4
11567957 568
11567999 21
11568097 15
11568097 59
11568229 36
11568289 992
11568289 2859
11568299 1
11568353 43
11568433 3903
11568443 1
11568443 12
11568463 396
11568481 6980
11568493 6008
11568539 8572
11568539 8605
11568541 276
11568559 80
11568569 2611
11568631 285
11568671 1
11568731 1
11568737 159
11568743 1
11568761 4
11568803 1
11568829 3776
11568829 5372
11568871 5
11568877 672
11568881 4
11568881 843
11568917 27
11568937 24
11568937 155
11568961 3
11568961 2600
11569037 627
11569067 84
11569127 4
11569171 9924
11569177 80
11569267 4209
11569301 9936
11569331 121
11569357 287
11569373 451
11569457 19
11569489 224
11569517 3099
11569559 1
11569561 104
11569583 1
11569609 27
11569643 1
11569643 33
11569693 3711
11569703 1
11569781 8296
11569783 597
11569813 27
11569813 660
11569823 1
11569867 8
11569891 8
11569981 3
11569991 1
11570003 1437
11570033 216
11570033 232
11570071 9
11570071 48
11570071 101
11570129 4
11570129 84
11570129 627
11570177 6339
11570189 16
11570249 4
11570263 48
11570263 365
11570359 12
11570369 15
11570423 852
11570437 8
11570437 35
11570501 120
11570597 3
11570597 1812
11570641 59
11570641 215
11570653 240
11570653 1620
11570729 24
11570729 220
11570809 407
11570809 572
11570851 333
11570851 1701
11570927 40
11570939 349
11570959 5
11570989 20
11571023 2380
11571073 3
11571173 196
11571239 156
11571239 5341
11571251 1704
11571317 3
11571317 4
11571383 1
11571419 1
11571559 6785
11571617 132
11571653 163
11571661 20
11571673 267
11571719 105
11571719 4089
11571731 13
11571743 1
11571803 1
11571803 5733
11571811 3528
11571851 184
11571929 40
11571949 264
11571949 1652
11572051 20
11572061 4
11572133 3
11572133 43
11572181 4
11572283 1
11572321 3
11572333 56
11572343 1561
11572397 4
11572523 85
11572571 441
11572573 143
11572609 492
11572679 1
11572739 25
11572741 3
11572747 93
11572747 1137
11572747 8544
11572751 2289
11572811 4
11572819 4721
11572861 399
11572931 5853
11572949 7
11572991 9
11572991 144
11573077 12
11573099 3541
11573123 1
11573123 133
11573203 2273
11573231 1
11573231 4
11573231 33
11573251 5
11573273 87
11573363 16
11573363 6592
11573377 3503
11573659 5
11573687 12
11573759 9
11573789 2580
11573833 3
11573857 8
11573921 55
11573921 1243
11573959 24
11573963 13
11573977 1115
11574071 280
11574119 1
11574131 1
11574163 192
11574371 16
11574413 63
11574457 2927
11574461 219
11574473 16
11574481 36
11574547 6308
11574551 3465
11574559 9
11574631 836
11574709 836
11574713 196
11574889 12
11574889 147
11574923 21
11574961 3
11575051 113
11575063 20
11575133 7
11575133 727
11575217 19
11575219 5
11575259 4725
11575273 2600
11575297 12
11575297 75
11575297 203
11575357 900
11575439 1
11575451 85
11575457 7
11575469 39
11575483 240
11575507 5
11575517 4
11575621 5048
11575841 4
11575849 231
11575873 8
11575897 68
11575961 343
11575973 111
11576027 28
11576027 2269
11576083 1496
11576119 189
11576183 112
11576219 1
11576219 444
11576231 1
11576233 5087
11576261 91
11576261 1276
11576297 2884
11576321 4060
11576381 355
11576401 2775
11576527 92
11576573 912
11576611 164
11576629 11
11576639 40
11576707 660
11576759 2089
11576879 1
11576879 2416
11576927 4
11577011 145
11577011 4429
11577107 4
11577107 373
11577149 24
11577179 204
11577199 5
11577383 973
11577431 6004
11577497 40
11577521 60
11577611 4
11577611 33
11577659 976
11577673 32
11577689 187
11577773 88
11577803 792
11577829 12
11577851 1
11577851 21
11577883 480
11577959 1
11577959 12
11577967 4593
11577977 1288
11578013 636
11578103 1
11578111 9
11578117 959
11578181 3
11578199 9
11578243 105
11578243 2805
11578247 37
11578267 6057
11578289 39
11578387 6708
11578393 36
11578397 3
11578397 4864
11578507 213
11578517 1323
11578661 88
11578703 45
11578789 24
11578799 9
11578813 71
11578823 220
11578883 72
11578901 40
11578901 223
11579003 1
11579077 1184
11579111 4
11579111 13
11579111 25
11579137 27
11579173 35
11579231 1
11579231 133
11579273 4671
11579411 1
11579423 37
11579429 7
11579429 36
11579441 148
11579441 2460
11579453 6063
11579521 356
11579641 11
11579641 531
11579699 1
11579699 96
11579707 12
11579747 369
11579747 717
11579747 2745
11579831 1
11579863 428
11579921 928
11579929 1691
11579969 51
11579977 1343
11579993 75
11580013 9668
11580071 205
11580091 5
11580091 8
11580133 468
11580227 1105
11580337 212
11580493 287
11580509 4
11580509 31
11580529 1935
11580533 3003
11580691 53
11580713 96
11580731 4
11580731 9
11580731 921
11580809 4
11580809 7
11580929 5116
11580997 960
11581027 5109
11581067 40
11581079 24
11581079 64
11581253 55
11581261 2168
11581331 96
11581337 63
11581357 72
11581373 28
11581379 1
11581457 5088
11581463 25
11581477 3
11581501 104
11581501 4023
11581567 32
11581589 532
11581711 96
11581747 8
11581763 385
11581783 105
11581987 320
11582063 16
11582119 56
11582119 65
11582203 41
11582209 84
11582327 268
11582383 65
11582383 5240
11582531 1
11582531 84
11582693 363
11582713 3
11582719 1040
11582807 204
11582807 472
11582849 4
11582849 5956
11582927 28
11582929 47
11582957 319
11582981 79
11582999 1
11582999 9
11583017 1120
11583043 1416
11583067 20
11583067 113
11583127 5
11583139 9
11583139 116
11583251 1
11583323 193
11583337 4263
11583359 6105
11583359 8856
11583371 1
11583373 63
11583391 1173
11583419 1
11583463 12
11583463 185
11583569 4
11583661 3423
11583683 1
11583703 5936
11583773 3
11583779 1
11583821 96
11583841 3
11583911 8028
11584201 20
11584213 2648
11584241 4
11584291 5849
11584301 4
11584301 15
11584451 1
11584457 40
11584477 15
11584487 60
11584511 240
11584523 433
11584523 3957
11584523 4452
11584537 3563
11584537 6147
11584541 144
11584553 12
11584577 8212
11584621 2856
11584637 88
11584691 1
11584697 148
11584697 804
11584711 588
11584739 1
11584751 3981
11584757 7
11584823 36
11584829 511
11584843 5577
11584861 299
11584877 444
11584879 5
11584897 3
11584921 3
11584943 45
11584961 4
11584987 5
11585009 151
11585039 1
11585081 3
11585153 240
11585159 1
11585207 112
11585221 24
11585257 6492
11585489 1939
11585503 17
11585663 48
11585701 2015
11585701 9284
11585713 336
11585831 5788
11585881 3
11585933 3
11585941 3
11585999 1
11586059 24
11586119 1
11586151 381
11586187 213
11586233 12
11586259 429
11586271 5
11586317 2308
11586349 411
11586349 515
11586427 20
11586433 11
11586541 56
11586541 236
11586671 1
11586697 32
11586719 7140
11586727 1508
11586803 16
11586853 291
11586931 24
11586931 68
11586937 1439
11586937 3708
11586977 3
11586983 1
11586983 72
11586997 3
11587033 32
11587033 1031
11587063 57
11587063 120
11587073 15
11587091 1
11587111 8148
11587151 13
11587249 24
11587259 12
11587313 475
11587361 7143
11587369 20
11587451 1
11587553 3
11587567 3764
11587577 3388
11587613 111
11587643 1
11587661 604
11587673 48
11587687 393
11587687 5129
11587703 1
11587703 60
11587757 87
11587841 3
11587843 1188
11587949 60
11588039 1
11588063 12
11588099 1
11588099 697
11588153 16
11588173 8
11588201 15
11588243 1
11588243 1488
11588257 3
11588257 8
11588257 15
11588321 3616
11588413 3
11588453 7792
11588459 820
11588491 36
11588497 8895
11588501 36
11588519 1
11588561 4
11588701 491
11588701 4659
11588767 6545
11588851 93
11588897 24
11588903 393
11588911 321
11588959 5
11589001 896
11589047 4
11589049 935
11589077 504
11589091 429
11589091 1824
11589113 3
11589239 1
11589467 264
11589503 1648
11589521 3043
11589541 2756
11589671 4
11589679 9356
11589719 1404
11589731 1
11589749 7
11589751 2241
11589841 140
11589841 155
11589841 536
11589863 1
11589863 376
11589899 3180
11589913 227
11589947 3793
11589989 7
11589997 140
11590013 9336
11590031 1
11590031 45
11590069 8184
11590099 5976
11590109 5235
11590127 4
11590259 1
11590289 8647
11590339 4857
11590351 189
11590409 4
11590451 1
11590451 25
11590463 528
11590493 3
11590507 5988
11590519 756
11590637 4
11590637 43
11590637 5428
11590723 101
11590739 436
11590751 1
11590819 1064
11590921 5531
11590927 20
11590979 1
11591009 9720
11591053 15
11591089 135
11591113 3
11591131 4229
11591189 156
11591189 159
11591189 4675
11591191 5
11591191 7205
11591257 15
11591267 304
11591269 327
11591351 4
11591351 84
11591357 27
11591369 8431
11591453 40
11591509 15
11591557 224
11591641 3
11591687 148
11591711 36
11591719 9
11591719 132
11591761 140
11591761 143
11591761 500
11591779 1784
11591809 1107
11591831 1
11591831 120
11591857 3
11591869 1800
11591873 3
11591887 44
11591893 3
11592157 39
11592247 585
11592289 36
11592293 55
11592307 17
11592311 33
11592353 3
11592353 51
11592353 1608
11592479 12
11592479 496
11592601 9339
11592799 132
11592799 1020
11592821 195
11592829 111
11592829 720
11592871 5
11592899 4
11592979 9945
11593019 136
11593033 8
11593121 195
11593121 1471
11593121 3016
11593121 3336
11593139 69
11593159 57
11593177 435
11593189 131
11593193 1288
11593199 16
11593223 25
11593223 4792
11593259 1
11593277 4
11593277 159
11593333 3
11593399 1340
11593409 7
11593433 3
11593471 2541
11593481 39
11593499 205
11593657 4812
11593723 5
11593741 224
11593741 2423
11593759 7836
11593801 531
11593831 33
11593853 48
11593853 151
11593871 1
11593921 299
11593943 33
11594039 8472
11594111 9
11594179 632
11594197 1008
11594207 37
11594243 793
11594291 24
11594291 28
11594299 600
11594329 140
11594329 980
11594399 2509
11594483 1956
11594501 4
11594521 128
11594647 5
11594683 168
11594879 1
11594927 37
11594951 105
11594981 28
11595047 25
11595091 2805
11595109 44
11595127 8708
11595167 25
11595167 2109
11595217 1212
11595293 7
11595413 7
11595421 3
11595439 21
11595557 63
11595587 13
11595587 7569
11595589 15
11595589 176
11595599 9
11595631 6644
11595667 3249
11595677 7
11595707 2353
11595713 3
11595809 4
11595851 1
11595851 964
11595877 387
11595889 59
11595889 2864
11595901 11
11595901 371
11595967 20
11595967 372
11596003 245
11596007 4
11596007 9
11596007 13
11596009 11
11596031 24
11596073 7
11596073 372
11596093 36
11596147 12
11596171 293
11596187 2073
11596297 1832
11596303 3345
11596609 6779
11596633 6300
11596661 516
11596699 21
11596721 2791
11596747 48
11596747 188
11596757 295
11596763 268
11596841 3
11596919 1
11596919 340
11596969 15
11596993 23
11597017 3219
11597041 8
11597167 3368
11597197 3
11597197 9260
11597227 6108
11597351 445
11597387 9
11597431 89
11597447 25
11597471 1
11597471 3388
11597549 6487
11597609 5715
11597653 2640
11597653 7955
11597669 1752
11597699 1
11597699 280
11597699 2940
11597777 3
11597879 1
11597891 381
11597891 553
11597951 61
11598091 20
11598137 648
11598137 3319
11598179 165
11598263 25
11598269 700
11598281 4
11598287 4
11598311 1608
11598469 92
11598469 407
11598481 8
11598611 9
11598611 1728
11598673 8
11598733 651
11598737 3
11598737 4
11598757 987
11598787 5688
11598803 1
11598809 4
11598823 17
11598823 92
11598889 176
11599039 9041
11599087 9525
11599099 224
11599127 37
11599157 28
11599157 195
11599171 824
11599229 7
11599279 596
11599297 3
11599331 1
11599513 176
11599579 249
11599589 1264
11599639 81
11599691 45
11599703 28
11599837 44
11599979 1
11599979 385
11600033 40
11600033 1060
11600077 699
11600101 8
11600159 24
11600161 1139
11600291 13
11600299 77
11600359 9
11600419 5
11600429 36
11600489 4
11600627 517
11600707 5
11600711 604
11600711 1476
11600777 108
11600791 5
11600807 2244
11600863 5
11600999 1
11601059 261
11601101 723
11601113 3663
11601119 256
11601127 5
11601137 468
11601241 2823
11601263 1
11601263 16
11601311 1
11601349 3900
11601377 3
11601431 1
11601493 188
11601493 6035
11601521 8548
11601563 1
11601563 2293
11601631 33
11601641 8040
11601659 1
11601673 12
11601677 1339
11601721 15
11601763 5
11601763 20
11601791 381
11601841 75
11601923 96
11601977 3
11602013 3
11602043 1
11602159 84
11602163 1
11602163 21
11602259 7029
11602271 24
11602273 80
11602273 332
11602273 516
11602333 1632
11602361 1624
11602363 725
11602379 40
11602379 49
11602391 129
11602403 405
11602411 20
11602439 1
11602537 8
11602541 43
11602567 5
11602579 1005
11602589 3304
11602621 51
11602621 324
11602739 4
11602769 1011
11602781 88
11602831 8
11602931 7401
11602933 23
11602933 108
11602949 2211
11603003 16
11603051 1453
11603069 315
11603113 2292
11603143 5
11603147 9
11603153 72
11603171 16
11603173 203
11603257 147
11603279 1
11603279 1317
11603309 751
11603329 2751
11603363 1
11603381 16
11603387 1480
11603411 1953
11603453 208
11603551 8
11603561 3
11603561 444
11603573 27
11603597 7
11603723 1
11603771 1
11603833 3
11603833 32
11603887 9
11603887 1769
11603923 948
11603989 287
11603989 347
11604011 1
11604059 460
11604059 7200
11604077 39
11604211 3129
11604247 8
11604247 29
11604283 41
11604283 1392
11604301 1140
11604407 37
11604487 8
11604577 84
11604577 6432
11604617 28
11604617 39
11604617 6808
11604661 48
11604731 1393
11604779 1
11604779 12
11604779 3445
11604787 665
11604809 19
11604821 208
11604889 3167
11604893 3
11604919 21
11604937 83
11604941 3
11605051 45
11605057 3
11605063 1500
11605063 6357
11605109 24
11605151 1
11605261 3
11605267 513
11605301 264
11605343 1
11605403 1
11605427 4
11605453 168
11605499 9
11605579 156
11605591 896
11605619 49
11605721 123
11605739 1
11605801 39
11605859 21
11605871 1
11605871 4
11605877 4
11605877 7
11605931 2065
11605981 84
11605987 12
11605987 809
11606141 111
11606159 69
11606249 1419
11606249 8032
11606261 39
11606297 4
11606297 12
11606339 4
11606339 1225
11606347 7193
11606389 192
11606459 1
11606521 3
11606537 124
11606687 3273
11606713 12
11606779 21
11606849 67
11606921 2188
11606921 3196
11607007 504
11607023 1
11607049 15
11607049 204
11607049 1275
11607049 5999
11607091 1245
11607097 24
11607103 17
11607121 63
11607121 296
11607121 9108
11607133 2988
11607137 40
11607143 2817
11607161 15
11607199 200
11607199 344
11607227 468
11607259 24
11607287 1857
11607317 28
11607329 91
11607353 2152
11607383 1
11607383 3237
11607383 9153
11607403 1328
11607439 4517
11607523 5
11607539 1
11607539 1360
11607553 768
11607553 1503
11607611 1
11607653 1540
11607679 981
11607763 7556
11607833 31
11607907 5
11607907 264
11607941 1044
11608001 360
11608067 933
11608081 35
11608097 528
11608199 1
11608217 3
11608249 111
11608327 5
11608369 8991
11608379 1
11608481 196
11608529 4
11608529 507
11608543 17
11608589 552
11608589 2764
11608633 12
11608651 5
11608651 33
11608657 72
11608691 4
11608771 356
11608777 5492
11608843 5
11608847 88
11608871 1
11608871 1276
11608871 4381
11608913 28
11608957 12
11608979 1
11608991 1
11609069 24
11609107 5
11609189 19
11609189 96
11609303 1
11609303 93
11609327 1408
11609449 147
11609501 28
11609537 4
11609537 7
11609537 532
11609621 3
11609669 2779
11609671 261
11609677 447
11609729 379
11609737 3
11609737 75
11609777 19
11609777 120
11609839 21
11609863 8
11609863 17
11609863 408
11609869 752
11609881 56
11609891 1
11609891 1321
11609933 3876
11609951 4
11609951 21
11609989 204
11609999 9025
11610017 168
11610019 336
11610059 3204
11610073 23
11610097 207
11610103 8
11610107 208
11610187 33
11610223 233
11610259 9
11610293 3
11610359 4
11610413 3
11610479 1
11610479 201
11610499 701
11610517 15
11610569 24
11610569 211
11610593 48
11610617 28
11610617 163
11610629 4
11610649 1287
11610671 4
11610671 3625
11610757 75
11610821 2224
11610821 2971
11610857 852
11610931 3533
11610943 21
11610947 12
11610961 188
11611013 195
11611013 796
11611043 13
11611043 153
11611079 1
11611091 5881
11611121 24
11611133 7
11611133 8155
11611177 15
11611181 4
11611279 12
11611283 1
11611321 131
11611363 60
11611427 93
11611429 239
11611471 4124
11611477 60
11611519 5
11611597 243
11611627 1172
11611727 4
11611751 1
11611931 4
11611931 69
11611939 9
11611939 969
11611981 6003
11612047 7037
11612087 4
11612113 23
11612201 3
11612213 2700
11612221 15
11612291 181
11612303 21
11612369 12
11612369 516
11612407 29
11612423 1
11612483 21
11612519 144
11612527 32
11612527 33
11612663 1
11612681 19
11612707 989
11612759 7197
11612791 105
11612801 3
11612837 4
11612891 33
11612891 769
11612959 56
11613071 1
11613071 268
11613073 3971
11613143 52
11613167 40
11613167 328
11613179 16
11613269 499
11613271 5
11613323 1
11613401 504
11613401 963
11613629 16
11613629 55
11613649 291
11613733 12
11613923 1
11613923 72
11613937 3
11613977 43
11613983 6060
11613991 89
11614003 305
11614003 2328
11614079 9
11614079 1252
11614139 2989
11614151 4
11614151 5620
11614153 15
11614259 1
11614271 4224
11614289 1579
11614289 2847
11614321 11
11614363 56
11614381 15
11614397 1960
11614409 924
11614481 960
11614507 3009
11614543 17
11614627 12
11614639 5
11614663 93
11614717 3
11614717 84
11614721 51
11614783 276
11614787 9
11614843 6653
11614861 15
11614873 8
11614991 888
11615041 183
11615059 432
11615089 336
11615237 3
11615381 4
11615531 1
11615531 121
11615557 3
11615557 9807
11615603 13
11615623 8756
11615663 976
11615663 2737
11615699 1
11615699 9
11615741 3
11615741 4
11615771 24
11615789 52
11615837 3
11615843 1
11615843 21
11615899 929
11615939 85
11615969 1731
11616043 3081
11616067 9
11616089 7707
11616119 1
11616119 744
11616167 157
11616359 16
11616359 37
11616359 69
11616361 23
11616377 543
11616383 1
11616551 1
11616551 4
11616601 3
11616601 20
11616601 191
11616637 15
11616673 3
11616691 29
11616691 4220
11616697 20
11616701 108
11616701 603
11616767 832
11616799 389
11616841 63
11616859 464
11616959 4
11617057 1580
11617127 409
11617141 635
11617201 464
11617241 1920
11617357 3
11617451 13
11617453 428
11617537 92
11617561 2208
11617663 377
11617751 1
11617751 36
11617799 1
11617811 1
11617811 168
11617849 152
11617897 8
11617939 44
11617961 3120
11618069 19
11618093 15
11618093 72
11618099 277
11618099 576
11618141 123
11618203 1757
11618237 135
11618279 21
11618281 3
11618303 1
11618351 168
11618441 519
11618489 4
11618543 1
11618591 1
11618597 19
11618639 3960
11618687 129
11618779 57
11618801 123
11618801 1579
11618807 1800
11618839 417
11618843 57
11618903 261
11618927 5745
11618989 5871
11619043 48
11619161 16
11619269 4
11619269 1720
11619287 9
11619353 63
11619367 77
11619379 3864
11619479 1
11619493 591
11619521 4
11619539 1
11619539 4
11619539 1629
11619547 269
11619571 1328
11619593 7152
11619599 1
11619599 4
11619617 1320
11619649 216
11619703 3816
11619787 45
11619791 33
11619791 1656
11619869 7
11619889 6755
11619913 1260
11619953 3
11619967 20
11619977 2355
11620013 7
11620013 1987
11620033 780
11620079 9
11620111 89
11620117 8
11620157 195
11620199 249
11620211 1
11620289 4192
11620339 20
11620351 1148
11620379 729
11620391 1
11620391 13
11620397 3
11620423 81
11620447 5
11620489 171
11620493 75
11620513 3
11620529 732
11620559 57
11620577 3
11620613 1996
11620643 1
11620643 637
11620649 256
11620667 13
11620711 33
11620789 3015
11620853 3
11620901 3228
11620937 48
11620937 687
11620991 21
11621017 7052
11621039 801
11621191 1664
11621201 4
11621201 16
11621213 3
11621213 3648
11621237 63
11621273 195
11621329 695
11621339 1
11621359 152
11621399 1
11621419 36
11621419 7796
11621437 3
11621447 4
11621503 356
11621581 35
11621639 4
11621677 5304
11621717 3
11621773 332
11621801 99
11621873 7
11621921 3
11621957 2184
11621989 11
11622227 457
11622323 1
11622349 39
11622349 72
11622419 4
11622563 1
11622571 65
11622607 420
11622619 252
11622673 108
11622727 5
11622731 4
11622731 660
11622761 4
11622769 135
11622817 3
11622833 3
11622833 1291
11622839 1
11622869 4375
11622899 57
11622937 767
11623061 16
11623099 941
11623103 4896
11623127 4
11623141 20
11623169 2931
11623321 3
11623321 140
11623333 8
11623363 20
11623379 1
11623387 212
11623471 4916
11623561 3
11623583 1
11623583 117
11623609 39
11623673 931
11623679 121
11623739 1
11623757 4
11623757 4240
11623817 132
11623817 6712
11623873 3
11623919 12
11623919 21
11623919 52
11623933 2283
11623939 92
11623943 85
11623987 89
11624021 31
11624051 1
11624059 2885
11624071 4524
11624111 1
11624111 865
11624113 1376
11624213 3
11624251 41
11624323 101
11624381 79
11624381 1071
11624381 2956
11624461 144
11624461 9951
11624573 3
11624653 3
11624687 28
11624699 1
11624747 1225
11624843 1
11624843 21
11624843 376
11624887 3989
11624939 9241
11625023 1
11625041 456
11625049 59
11625083 177
11625083 2905
11625137 5575
11625137 6784
11625151 5
11625157 20
11625193 4128
11625233 3
11625293 7
11625337 488
11625347 64
11625401 640
11625431 1
11625451 761
11625479 1
11625517 20
11625517 39
11625571 1896
11625583 36
11625631 3149
11625791 384
11625793 1475
11625799 21
11625851 13
11625863 1
11625863 5517
11625869 7480
11625931 8
11625931 6644
11625997 20
11626003 833
11626019 45
11626073 3
11626091 1
11626091 196
11626183 4337
11626217 7
11626217 103
11626243 57
11626243 801
11626289 16
11626403 1
11626403 12
11626403 193
11626421 51
11626529 7
11626541 3
11626553 508
11626673 615
11626721 1791
11626781 3
11626877 7
11626913 256
11626961 75
11627003 1993
11627039 3544
11627047 12
11627153 1627
11627191 65
11627251 2021
11627257 27
11627261 3
11627267 4
11627309 1360
11627323 5
11627383 8
11627419 9
11627519 9
11627537 5979
11627549 7
11627591 133
11627663 1
11627663 468
11627687 697
11627689 2684
11627729 12
11627843 12
11627893 6060
11627899 5
11627911 89
11627921 163
11627929 392
11628031 4976
11628059 37
11628059 129
11628083 1561
11628161 2004
11628191 3000
11628241 855
11628259 5
11628347 9777
11628371 1
11628509 207
11628557 364
11628569 4
11628569 15
11628607 2937
11628637 1487
11628691 8
11628761 3
11628847 8
11628847 69
11628923 7705
11628997 863
11629103 45
11629141 5831
11629243 20
11629249 224
11629259 1
11629271 16
11629327 20
11629337 1339
11629339 257
11629367 177
11629399 24
11629399 204
11629399 416
11629469 4
11629469 124
11629477 20
11629523 6132
11629733 91
11629741 4124
11629781 199
11629879 65
11629889 87
11629907 25
11629913 972
11629939 84
11629999 576
11630029 32
11630153 268
11630233 3
11630233 36
11630237 3
11630237 7
11630243 1
11630243 556
11630371 5
11630371 21
11630371 113
11630383 525
11630393 27
11630491 53
11630497 180
11630501 711
11630693 3711
11630849 924
11630891 28
11630891 2248
11630923 12
11630947 5
11630947 765
11631161 3
11631181 20
11631289 911
11631311 709
11631337 1040
11631391 168
11631391 233
11631449 4
11631449 7
11631467 228
11631497 75
11631533 208
11631611 4
11631619 201
11631623 1440
11631637 35
11631773 12
11631779 4800
11631833 3
11631833 6696
11631853 11
11631899 9
11631931 44
11631931 401
11631931 465
11632031 33
11632079 4
11632109 7
11632121 135
11632121 240
11632289 796
11632297 12
11632307 25
11632483 20
11632507 384
11632571 21
11632583 12
11632583 37
11632597 6455
11632619 1
11632703 48
11632721 64
11632759 5
11632759 644
11632783 5
11632783 161
11632787 840
11632813 252
11632861 56
11632861 120
11633071 9
11633077 8
11633077 560
11633093 3
11633107 6117
11633161 1311
11633231 4
11633233 11
11633261 3436
11633329 1755
11633351 1
11633359 12
11633383 5
11633507 1597
11633513 12
11633527 9
11633569 144
11633591 1
11633603 1
11633617 3
11633639 9
11633663 1
11633701 11
11633701 119
11633701 420
11633761 768
11633819 480
11633879 1
11633893 11
11633911 153
11634053 192
11634071 1
11634313 4263
11634353 3
11634397 4040
11634433 192
11634461 15
11634577 23
11634629 180
11634643 248
11634659 4
11634683 61
11634739 1257
11634767 700
11634773 100
11634773 307
11634793 3
11634853 56
11634901 3
11634901 11
11634901 351
11634901 1463
11634911 1
11634911 69
11635139 1
11635219 20
11635229 5784
11635297 227
11635313 7
11635363 17
11635439 1
11635691 1
11635697 67
11635703 1
11635711 9
11635751 949
11635801 11
11635901 480
11635919 1
11635919 457
11635979 1
11635997 3
11636063 1
11636063 13
11636089 4976
11636099 1
11636099 21
11636117 87
11636159 24
11636173 75
11636201 4
11636231 153
11636243 33
11636257 23
11636323 12
11636323 48
11636323 77
11636327 4
11636327 517
11636353 8
11636423 85
11636507 4
11636507 12
11636539 21
11636609 19
11636623 2385
11636641 6036
11636657 12
11636657 1740
11636659 9
11636699 1705
11636771 1
11636771 6288
11636831 61
11636851 125
11636881 2271
11636921 3
11636921 3223
11637037 8
11637107 9
11637107 4437
11637211 33
11637221 64
11637233 52
11637233 127
11637259 5
11637259 1781
11637289 744
11637319 105
11637319 509
11637359 21
11637371 4
11637413 135
11637611 1
11637749 75
11637817 3
11637863 1
11637863 160
11637887 93
11637917 208
11637919 2409
11637949 1211
11638031 9
11638097 4
11638181 24
11638181 1768
11638261 59
11638267 105
11638271 1
11638273 1707
11638321 3
11638409 12
11638409 64
11638439 420
11638439 1705
11638493 132
11638597 15
11638603 21
11638631 1
11638639 572
11638663 260
11638687 9
11638723 5961
11638729 32
11638769 16
11638799 532
11638799 5065
11638807 20
11638997 15
11639009 52
11639051 85
11639093 3687
11639137 248
11639137 260
11639161 35
11639161 3944
11639261 276
11639323 1512
11639359 9
11639363 1
11639371 1364
11639429 7
11639483 108
11639521 3
11639561 3
11639561 255
11639581 311
11639599 41
11639659 5
11639711 1
11639729 7
11639813 7552
11639819 25
11639893 23
11639893 311
11639893 5343
11640061 96
11640061 539
11640119 8364
11640313 12
11640457 87
11640457 567
11640491 456
11640527 84
11640527 129
11640539 4
11640677 1407
11640719 1
11640731 1
11640731 4
11640817 3
11640847 44
11640847 68
11640857 3
11640883 45
11640899 1
11640943 152
11640961 11
11640989 4
11641001 495
11641033 1716
11641139 240
11641153 248
11641211 4564
11641327 132
11641429 59
11641459 516
11641463 1
11641463 21
11641501 255
11641517 8239
11641541 4
11641541 51
11641559 1
11641687 5
11641711 4529
11641733 6172
11641757 27
11641783 21
11641867 44
11641871 3621
11641897 200
11641937 19
11641937 1303
11641937 5887
11641943 5461
11641961 3
11642009 4
11642009 15
11642009 124
11642039 8836
11642069 7132
11642089 140
11642201 40
11642219 9
11642219 280
11642249 487
11642261 5088
11642261 5571
11642303 13
11642359 104
11642387 9
11642507 73
11642507 1200
11642507 2409
11642513 60
11642591 1
11642621 988
11642641 3
11642693 12
11642693 96
11642731 185
11642759 37
11642921 259
11642929 7712
11643089 12
11643109 9080
11643161 1420
11643299 2121
11643301 2960
11643337 87
11643337 152
11643343 8928
11643347 2184
11643389 27
11643431 1009
11643449 40
11643449 607
11643509 19
11643539 1
11643539 6000
11643559 29
11643563 348
11643601 99
11643701 423
11643701 451
11643701 484
11643743 1
11643763 236
11643811 5
11643901 8799
11643923 172
11644001 103
11644033 8
11644037 259
11644037 420
11644043 1
11644091 4
11644091 36
11644211 1
11644301 24
11644331 1
11644343 1
11644343 2136
11644433 5407
11644433 6432
11644453 8
11644553 3
11644571 21
11644597 12
11644597 44
11644709 19
11644733 3
11644769 111
11644793 7
11644823 1
11644903 740
11644981 9063
11644999 24
11645087 780
11645087 1872
11645087 2493
11645093 6943
11645177 39
11645191 1176
11645219 1
11645287 24
11645297 3339
11645351 4
11645351 16
11645363 1
11645419 645
11645503 261
11645563 1608
11645587 17
11645737 3
11645737 32
11645741 3
11645749 252
11645771 6849
11645783 8556
11645941 8240
11645983 357
11646121 3
11646133 2051
11646143 1
11646191 1
11646203 1
11646247 53
11646269 7
11646269 472
11646353 55
11646403 20
11646473 132
11646473 5187
11646497 6303
11646521 1168
11646539 1
11646539 4237
11646599 1
11646673 192
11646737 15
11646799 1097
11646827 264
11646841 1035
11646857 3
11646857 463
11646863 9685
11646923 1
11647007 1065
11647007 2517
11647061 8176
11647073 1600
11647151 1
11647253 1387
11647319 1
11647331 2424
11647381 2703
11647393 20
11647417 39
11647451 1
11647463 1
11647477 140
11647477 2108
11647501 3
11647529 27
11647543 60
11647607 625
11647607 3153
11647667 6480
11647679 664
11647739 1
11647751 4
11647751 264
11647751 6880
11647793 3
11647861 7595
11647891 45
11647973 4428
11648071 9
11648113 287
11648113 6788
11648183 100
11648183 6397
11648191 9
11648239 4677
11648251 3996
11648297 3
11648309 51
11648363 1
11648363 36
11648411 168
11648423 13
11648423 97
11648479 300
11648513 16
11648789 84
11648789 1476
11648869 1112
11648887 264
11648909 16
11648911 480
11648951 33
11649007 497
11649013 12
11649013 80
11649061 84
11649061 620
11649061 848
11649083 1
11649083 825
11649083 885
11649119 1
11649221 3
11649227 13
11649251 789
11649277 3
11649317 12
11649367 6348
11649377 24
11649389 51
11649479 16
11649551 1
11649551 6745
11649563 76
11649601 483
11649611 1
11649611 4
11649611 9
11649629 7
11649667 1040
11649763 105
11649779 1
11649809 24
11649823 1788
11649887 37
11649959 1
11650003 4125
11650039 645
11650061 3583
11650139 1
11650139 984
11650147 8
11650157 55
11650169 412
11650169 1500
11650201 23
11650217 15
11650217 360
11650237 35
11650237 68
11650381 155
11650391 676
11650399 717
11650399 2792
11650403 28
11650511 1
11650511 25
11650643 57
11650643 612
11650679 1
11650687 744
11650711 764
11650801 20
11650883 1
11650889 7
11650889 1764
11650889 9156
11650963 1352
11650963 1452
11650973 255
11651039 1
11651063 1
11651063 540
11651063 565
11651111 9
11651117 2139
11651147 165
11651173 1427
11651201 43
11651203 5
11651203 3777
11651221 4851
11651279 4
11651407 8
11651483 1
11651611 9
11651711 4
11651741 3
11651743 7125
11651767 20
11651771 1
11651819 1
11651833 3
11651867 2205
11651951 1005
11651963 1
11651963 1077
11652079 1137
11652143 33
11652161 75
11652163 188
11652163 5460
11652167 13
11652181 39
11652253 8
11652349 1259
11652391 476
11652451 29
11652451 69
11652451 1293
11652653 3
11652653 756
11652671 6280
11652689 24
11652731 13
11652749 4
11652763 336
11652829 735
11652911 4
11652959 6429
11653003 840
11653021 2900
11653087 24
11653181 268
11653297 288
11653339 249
11653361 15
11653363 96
11653373 1327
11653417 12
11653493 7
11653583 4873
11653601 19
11653673 111
11653751 16
11653751 24
11653751 273
11653753 8
11653841 1279
11653909 459
11653921 3
11654003 1
11654023 5
11654081 4
11654101 275
11654101 656
11654147 1308
11654183 1
11654191 9
11654381 4
11654413 123
11654473 75
11654483 501
11654597 4
11654603 1
11654821 3423
11654879 36
11654879 204
11654899 1460
11654953 3
11654971 6873
11654987 189
11655121 3
11655157 23
11655211 8
11655211 285
11655211 341
11655221 31
11655277 2255
11655317 4
11655317 87
11655317 279
11655409 119
11655517 3
11655547 117
11655551 4
11655649 11
11655713 3
11655719 1
11655893 600
11655961 11
11656061 3
11656111 2265
11656159 5
11656181 15
11656261 4740
11656277 3
11656277 4
11656313 7
11656313 1260
11656357 12
11656361 208
11656499 1
11656501 1136
11656573 500
11656583 25
11656763 117
11656847 1872
11656877 172
11656889 255
11656891 1740
11657047 5
11657123 97
11657227 20
11657287 3725
11657353 2795
11657383 65
11657483 2205
11657579 4
11657683 440
11657713 51
11657717 72
11657743 5
11657747 1860
11657753 307
11657809 92
11657839 1452
11657879 16
11657879 3852
11657897 52
11657939 1
11657959 41
11657993 3
11657993 7
11658011 1
11658037 3
11658221 100
11658239 1
11658247 5
11658247 120
11658253 2283
11658287 4
11658299 1
11658299 57
11658307 9
11658403 96
11658433 551
11658529 44
11658587 4
11658599 12
11658671 4
11658793 23
11658793 176
11658793 572
11658851 1
11658877 12
11658877 1028
11659061 363
11659121 31
11659121 39
11659231 69
11659289 580
11659343 241
11659381 260
11659381 2520
11659387 140
11659411 5
11659411 1836
11659507 617
11659651 48
11659693 96
11659789 236
11659793 9327
11659799 1
11659811 1
11659819 5
11659849 32
11659871 1
11659969 2060
11660021 51
11660021 8799
11660029 11
11660171 1
11660171 33
11660219 1
11660219 12
11660227 4560
11660263 6120
11660381 3
11660381 2203
11660393 1248
11660459 5509
11660641 1536
11660651 7993
11660729 27
11660731 5
11660771 4
11660773 6563
11660843 1
11660941 60
11660989 144
11661011 4
11661019 9
11661037 579
11661229 240
11661241 11
11661257 415
11661259 6320
11661319 92
11661323 1
11661361 9023
11661467 1893
11661491 1
11661523 20
11661547 485
11661563 36
11661607 168
11661613 15
11661619 3629
11661707 4285
11661739 5136
11661907 57
11661911 1
11661959 1
11661959 292
11661971 1
11662043 1
11662093 48
11662097 3
11662171 9
11662171 60
11662199 129
11662201 99
11662229 87
11662249 11
11662297 467
11662307 6985
11662309 2420
11662319 1320
11662457 112
11662457 772
11662481 3
11662481 2296
11662687 165
11662823 60
11662853 7
11662897 12
11662897 419
11662997 8967
11663051 1
11663087 13
11663167 33
11663189 24
11663219 9
11663263 21
11663287 5
11663303 1
11663341 576
11663371 5
11663417 3
11663437 3
11663489 4
11663527 600
11663527 684
11663543 1896
11663563 153
11663593 176
11663611 65
11663633 267
11663723 21
11663837 4
11663837 4827
11663983 1056
11664017 28
11664047 52
11664053 3
11664053 1452
11664077 307
11664089 919
11664203 1
11664217 35
11664253 3
11664281 1035
11664479 421
11664553 3
11664557 5779
11664563 1
11664563 48
11664637 12
11664733 1328
11664799 465
11664811 36
11664899 61
11664923 16
11665001 15
11665007 12
11665007 5344
11665013 6508
11665037 15
11665037 339
11665037 2119
11665039 197
11665039 5289
11665151 13
11665237 3
11665237 179
11665243 105
11665253 480
11665271 336
11665333 15
11665333 27
11665363 312
11665363 3885
11665363 5448
11665429 20
11665441 3
11665463 181
11665483 1712
11665483 2633
11665501 39
11665501 471
11665523 1
11665573 23
11665573 203
11665613 1407
11665649 15
11665679 1
11665699 21
11665741 3
11665769 124
11665813 5535
11665847 85
11665847 184
11666051 1
11666051 48
11666113 3
11666141 5023
11666191 41
11666227 8
11666329 3912
11666371 5
11666393 3
11666393 15
11666393 3876
11666407 2153
11666429 115
11666533 432
11666549 51
11666549 567
11666617 3
11666689 84
11666693 48
11666701 1619
11666737 15
11666797 3
11666797 27
11666797 1940
11666833 3323
11666843 4132
11666939 2257
11667017 60
11667133 3
11667143 313
11667167 12
11667167 268
11667167 288
11667209 6727
11667211 20
11667221 2320
11667307 2820
11667391 5
11667413 711
11667443 1
11667503 1
11667503 1657
11667511 8
11667659 4
11667659 12
11667707 4
11667713 16
11667727 9
11667731 1
11667907 84
11667937 68
11667937 2532
11667977 12
11667991 20
11668009 12
11668009 615
11668049 4
11668073 3
11668073 7
11668073 63
11668169 4999
11668229 2959
11668259 1
11668271 1
11668277 468
11668387 413
11668399 8397
11668513 5127
11668583 45
11668619 777
11668661 19
11668661 144
11668661 856
11668691 1
11668691 6729
11668771 41
11668841 36
11668847 4449
11668897 1380
11669081 31
11669137 1335
11669159 780
11669209 219
11669209 7071
11669221 3
11669243 1
11669243 661
11669353 3
11669387 9
11669417 15
11669663 21
11669711 1
11669711 316
11669753 171
11669821 56
11669851 29
11669869 1532
11669887 1068
11669963 357
11670011 40
11670091 8205
11670181 56
11670221 51
11670257 4
11670257 52
11670293 15
11670343 21
11670367 104
11670419 1
11670443 1
11670509 304
11670559 56
11670559 141
11670671 4
11670671 4413
11670679 29
11670679 204
11670689 171
11670689 4351
11670719 9
11670779 1
11670859 221
11670859 6420
11670977 1935
11670991 45
11671067 4
11671067 25
11671117 780
11671123 540
11671217 12
11671237 12
11671259 1
11671397 292
11671397 307
11671411 5
11671411 9
11671507 20
11671523 4441
11671579 5
11671637 4
11671711 8208
11671747 7469
11671817 4
11671817 567
11671837 3
11671837 1203
11671853 51
11671987 2897
11672051 453
11672159 69
11672173 35
11672191 5
11672191 45
11672273 1260
11672303 148
11672341 3
11672341 4808
11672417 4584
11672491 24
11672491 81
11672579 1
11672579 4
11672603 3468
11672621 64
11672623 12
11672677 4367
11672789 1396
11672917 3
11672917 63
11672939 1201
11672977 23
11673041 3
11673047 7224
11673071 1
11673089 16
11673161 559
11673199 441
11673383 81
11673401 528
11673419 184
11673491 16
11673491 3229
11673499 440
11673517 8
11673553 20
11673617 4
11673617 19
11673653 3
11673731 1405
11673743 1
11673743 21
11673757 24
11673757 2859
11673881 288
11673899 1
11673943 12
11673943 113
11673947 24
11673947 64
11673989 2379
11674099 21
11674171 356
11674207 1713
11674231 144
11674253 228
11674253 363
11674349 39
11674361 15
11674447 7989
11674451 1
11674583 1
11674657 107
11674661 391
11674673 3
11674757 7
11674781 216
11674781 4119
11674783 5
11674829 4
11674829 75
11674909 335
11674919 324
11674969 6947
11674981 3828
11675087 304
11675087 424
11675179 396
11675207 4708
11675341 5964
11675369 4039
11675449 587
11675483 100
11675507 52
11675507 208
11675537 604
11675537 9067
11675567 4
11675663 21
11675759 4
11675759 600
11675761 15
11675761 6156
11675791 1101
11675819 1
11675837 540
11675897 67
11675897 1464
11676031 108
11676079 8597
11676097 315
11676097 5388
11676169 320
11676211 5541
11676239 57
11676239 3801
11676251 1
11676421 104
11676551 5880
11676563 756
11676673 11
11676857 27
11676871 108
11676881 220
11676881 400
11676883 140
11676991 413
11677033 4251
11677073 415
11677129 27
11677139 24
11677201 11
11677217 343
11677313 183
11677357 3
11677357 684
11677493 88
11677513 443
11677643 33
11677709 1896
11677747 645
11677879 60
11677891 2273
11677943 1
11678003 1
11678021 4
11678063 33
11678159 9
11678171 1
11678171 7033
11678197 7080
11678221 3
11678279 1
11678279 4
11678279 52
11678297 603
11678311 5
11678341 179
11678393 955
11678431 141
11678489 472
11678621 39
11678651 684
11678651 4620
11678699 57
11678767 20
11678827 12
11678827 7040
11678857 47
11678869 176
11678911 5
11678951 229
11678959 77
11678959 4404
11679007 8
11679011 2128
11679037 12
11679049 11
11679049 735
11679097 44
11679097 1980
11679103 141
11679131 1
11679163 161
11679191 1
11679253 1187
11679277 27
11679277 123
11679407 4
11679413 16
11679443 1
11679497 147
11679523 17
11679587 1777
11679593 928
11679611 1
11679611 4384
11679611 4936
11679631 1728
11679971 1
11679971 16
11680027 80
11680099 5
11680183 32
11680213 27
11680261 635
11680261 1751
11680337 987
11680337 5035
11680337 6415
11680373 3240
11680379 1
11680457 88
11680457 435
11680489 15
11680489 20
11680577 48
11680607 13
11680609 12
11680759 21
11680871 1
11680883 21
11680897 3
11680897 60
11680919 5376
11681053 140
11681063 6117
11681093 51
11681183 1360
11681191 8
11681221 255
11681221 579
11681303 1900
11681413 8
11681459 145
11681459 192
11681459 576
11681491 845
11681543 73
11681557 323
11681563 948
11681641 20
11681653 3
11681689 12
11681689 36
11681801 4
11681911 9
11682103 17
11682107 4477
11682109 3407
11682149 4
11682173 3
11682211 9
11682217 5163
11682221 3
11682233 807
11682277 108
11682287 4
11682361 8
11682361 15
11682371 364
11682371 645
11682457 35
11682617 207
11682623 5556
11682637 12
11682647 24
11682683 36
11682751 336
11682817 920
11682883 1212
11682887 105
11683013 36
11683019 237
11683033 95
11683033 132
11683033 5148
11683051 105
11683079 1
11683099 57
11683099 77
11683127 105
11683127 5517
11683291 29
11683361 4
11683363 5
11683381 35
11683387 1352
11683493 271
11683603 132
11683717 80
11683733 7372
11683739 4
11683739 9
11683769 2631
11683877 4
11683891 1584
11683907 9
11684039 16
11684051 1720
11684111 1
11684213 3
11684243 1
11684249 1060
11684279 1
11684279 165
11684339 1
11684339 1900
11684357 19
11684363 105
11684401 23
11684441 79
11684459 49
11684501 175
11684501 6720
11684513 48
11684521 651
11684749 2840
11684819 2749
11684821 99
11685017 12
11685049 12
11685049 2871
11685053 3
11685097 12
11685101 16
11685197 639
11685227 9
11685227 508
11685241 15
11685253 15
11685383 13
11685461 15
11685517 63
11685517 819
11685581 39
11685757 3
11685797 12
11685841 111
11685911 1
11685991 24
11686013 1468
11686027 12
11686061 99
11686061 799
11686061 2400
11686091 1
11686091 33
11686133 120
11686183 1928
11686211 1
11686267 68
11686303 213
11686403 28
11686439 4
11686439 25
11686459 209
11686471 65
11686513 3
11686513 188
11686541 16
11686541 5004
11686589 9316
11686601 3
11686637 5083
11686663 1061
11686687 224
11686693 2100
11686747 8388
11686777 32
11686777 3099
11686793 103
11686859 1
11686867 9
11686867 2925
11686943 1
11686993 11
11686993 828
11686999 65
11687063 12
11687063 921
11687077 563
11687231 4
11687281 1983
11687293 1235
11687303 1
11687563 20
11687563 6672
11687567 153
11687591 48
11687801 1363
11687833 3827
11687903 52
11688121 24
11688151 20
11688251 1
11688251 21
11688311 1
11688373 68
11688377 48
11688409 12
11688433 20
11688433 188
11688433 4596
11688451 105
11688473 16
11688499 6896
11688631 20
11688727 20
11688751 9
11688793 992
11688863 1
11688863 16
11688883 5
11688883 128
11688917 447
11688959 696
11688961 591
11689079 2676
11689103 1
11689109 280
11689147 405
11689193 12
11689211 1
11689211 2620
11689277 327
11689343 636
11689343 4285
11689409 15
11689439 49
11689547 9
11689549 8871
11689583 112
11689621 23
11689631 5020
11689703 1
11689703 136
11689781 7608
11689837 27
11689859 645
11689973 12
11690057 7119
11690059 5
11690059 240
11690089 32
11690089 791
11690137 8103
11690243 832
11690257 468
11690257 2940
11690321 19
11690333 856
11690401 104
11690423 2061
11690521 4868
11690531 1
11690573 43
11690573 115
11690593 20
11690737 3
11690803 6780
11690839 2480
11690879 189
11690893 7691
11690933 871
11690957 3
11690989 60
11691037 9560
11691047 1864
11691059 9
11691059 37
11691133 51
11691133 9672
11691157 99
11691161 184
11691179 6552
11691259 120
11691259 224
11691293 31
11691347 4
11691377 400
11691397 3
11691419 40
11691419 469
11691473 28
11691487 5
11691587 69
11691643 8
11691649 3584
11691661 95
11691671 3228
11691677 15
11691679 9
11691679 3125
11691689 2680
11691697 12
11691739 72
11691773 2731
11691787 92
11691787 237
11691863 1
11691941 219
11691943 8261
11692033 2088
11692091 1069
11692091 6256
11692097 88
11692229 3979
11692231 309
11692313 3
11692393 2268
11692451 1
11692501 20
11692501 9099
11692567 384
11692631 4248
11692649 4
11692727 4
11692727 60
11692867 425
11692973 28
11693057 4
11693063 33
11693089 80
11693261 3
11693389 116
11693393 6648
11693441 15
11693471 169
11693483 12
11693543 501
11693557 60
11693557 144
11693573 3
11693597 7
11693663 52
11693681 771
11693687 4
11693743 33
11693861 40
11693863 8
11693879 280
11693879 1765
11693963 1
11694013 7955
11694071 1
11694071 49
11694107 24
11694149 1039
11694157 1232
11694233 4788
11694251 105
11694259 2712
11694383 1
11694401 843
11694413 2131
11694491 4
11694523 656
11694559 129
11694583 12
11694583 20
11694601 3
11694637 48
11694733 147
11694733 7683
11694857 7
11694863 1657
11694871 24
11694877 3
11694877 848
11694889 135
11694989 4059
11695003 3741
11695067 93
11695067 1588
11695171 293
11695171 5661
11695261 3
11695283 1
11695297 12
11695349 4
11695357 860
11695417 20
11695513 6347
11695603 53
11695627 4389
11695633 3
11695687 1644
11695709 375
11695769 3091
11695823 12
11695837 3
11695837 2268
11695919 1
11695927 8
11696059 96
11696099 1
11696131 45
11696137 35
11696183 1
11696183 36
11696197 80
11696227 1380
11696297 187
11696299 57
11696299 344
11696339 7344
11696359 5
11696383 8
11696423 1
11696441 1023
11696479 8841
11696621 460
11696669 1476
11696677 15
11696683 57
11696693 12
11696759 9
11696801 16
11696801 36
11696801 2143
11696807 4
11696821 23
11696957 4528
11696981 2244
11696987 4
11696999 180
11697001 48
11697067 5
11697131 4
11697167 4704
11697251 40
11697277 719
11697289 1911
11697349 315
11697349 2004
11697373 3
11697373 4668
11697379 317
11697397 27
11697403 8
11697437 3
11697437 403
11697449 4
11697481 99
11697481 7283
11697529 56
11697551 1264
11697583 60
11697667 300
11697671 1
11697709 171
11697709 240
11697737 27
11697793 8
11697859 20
11697859 276
11697929 427
11697949 99
11697949 515
11697953 2295
11698117 24
11698199 4
11698217 7
11698307 129
11698331 93
11698367 49
11698391 108
11698523 1
11698529 27
11698607 4
11698649 16
11698679 316
11698747 2445
11698751 1
11698769 4
11698801 120
11698807 1569
11698823 28
11698877 700
11698963 1208
11699153 40
11699173 123
11699293 548
11699327 153
11699399 1
11699399 5580
11699423 37
11699423 2980
11699507 429
11699531 1
11699539 104
11699543 1
11699543 21
11699561 6588
11699563 141
11699599 9
11699669 4
11699671 93
11699729 36
11699843 4608
11699879 1
11699899 8897
11699911 36
11699911 936
11699921 15
11699957 8127
11699959 20
11700001 15
11700049 771
11700083 33
11700119 1
11700119 820
11700127 12
11700149 31
11700223 212
11700341 91
11700407 165
11700433 2520
11700443 1
11700461 151
11700487 48
11700487 408
11700497 3
11700497 1023
11700553 11
11700589 32
11700589 35
11700653 163
11700677 3819
11700683 2577
11700707 24
11700763 492
11700797 7
11700803 1
11700803 4917
11700809 8799
11700817 339
11700907 20
11700911 4
11700971 589
11700973 11
11701099 960
11701103 1
11701147 3264
11701171 20
11701171 309
11701267 5
11701279 17
11701279 36
11701303 57
11701379 25
11701639 1004
11701639 1452
11701673 51
11701693 180
11701693 212
11701721 2851
11701757 4
11701931 4
11701951 3125
11702021 6199
11702111 3444
11702143 237
11702183 325
11702213 7
11702219 1
11702231 1
11702281 11
11702293 23
11702297 3
11702297 6247
11702329 119
11702359 84
11702441 1528
11702497 72
11702543 36
11702599 12
11702599 56
11702683 36
11702687 13
11702687 2949
11702701 3
11702701 119
11702701 9291
11702723 2397
11702723 3748
11702843 1
11702861 6516
11702893 176
11702893 471
11702897 3
11702909 319
11702909 504
11702927 4
11702947 140
11702969 5044
11703061 111
11703073 15
11703073 491
11703203 1
11703203 13
11703271 44
11703451 24
11703457 83
11703631 9
11703817 152
11703917 75
11703949 27
11704039 17
11704051 21
11704051 81
11704073 1276
11704141 44
11704157 1588
11704249 11
11704249 32
11704271 13
11704559 24
11704717 39
11704733 28
11704753 3
11704757 64
11704793 7
11704799 369
11704853 3
11704853 327
11704859 1
11704897 1923
11704921 3
11704921 11
11705017 3
11705033 6223
11705077 104
11705081 3
11705081 700
11705173 3
11705207 9
11705219 252
11705219 316
11705219 1812
11705233 180
11705279 4
11705293 167
11705327 2293
11705411 1
11705453 7
11705461 4143
11705471 1
11705651 1
11705651 120
11705657 5800
11705753 91
11705789 4
11705789 1296
11705797 3
11705797 27
11705891 141
11705893 2103
11705927 4
11706017 40
11706049 12
11706143 1
11706283 1848
11706301 384
11706377 1120
11706419 1
11706419 12
11706433 1656
11706509 4
11706559 305
11706697 27
11706731 8293
11706857 187
11706857 264
11706859 5
11706883 296
11706917 7
11706941 568
11706953 3
11706979 3180
11707013 5455
11707013 8083
11707063 33
11707313 7
11707321 156
11707337 5044
11707411 608
11707411 1029
11707411 2409
11707447 9
11707499 265
11707517 19
11707537 8
11707649 76
11707711 593
11707741 3
11707763 6597
11707823 13
11707937 4
11707939 3561
11707981 3
11707981 84
11708033 3196
11708069 4
11708129 6331
11708167 60
11708171 1
11708171 24
11708233 27
11708309 460
11708339 129
11708363 1
11708381 24
11708419 9
11708551 5868
11708591 9
11708603 7077
11708611 36
11708611 101
11708621 99
11708701 24
11708737 3
11708833 3
11709007 17
11709007 1344
11709053 456
11709077 4
11709079 164
11709167 72
11709281 571
11709307 8
11709319 9
11709361 23
11709361 980
11709569 3444
11709769 51
11709983 1
11710009 1095
11710031 49
11710031 616
11710037 1720
11710057 59
11710103 1
11710117 647
11710121 16
11710123 48
11710273 23
11710313 3
11710337 244
11710337 735
11710367 24
11710451 24
11710451 36
11710487 64
11710487 85
11710507 128
11710507 1652
11710547 1017
11710549 2216
11710579 296
11710579 1620
11710627 68
11710651 89
11710667 9
11710687 1589
11710763 12
11710819 1461
11710847 2940
11710987 84
11710987 288
11711009 4
11711009 7
11711017 348
11711017 4319
11711123 12
11711123 16
11711159 1
11711159 60
11711159 517
11711213 7
11711221 960
11711261 160
11711263 77
11711311 48
11711321 3
11711377 1952
11711407 8
11711411 2581
11711411 3849
11711431 9
11711461 24
11711519 96
11711561 1884
11711587 597
11711627 49
11711639 16
11711639 72
11711639 244
11711639 717
11711699 841
11711701 8
11711783 1
11711783 93
11711849 4
11711849 7
11711851 1325
11711879 1
11711957 3
11711957 148
11711981 2820
11712059 16
11712119 40
11712131 1
11712191 4
11712251 4
11712277 3
11712289 39
11712319 5
11712319 4197
11712431 7956
11712577 3
11712611 2620
11712703 48
11712731 1
11712733 3
11712733 1256
11712817 95
11712853 1407
11712859 5
11712929 472
11712989 2620
11712997 164
11713019 6901
11713147 1028
11713277 240
11713297 1608
11713313 451
11713441 3
11713441 1748
11713621 168
11713621 468
11713699 5
11713711 84
11713771 408
11713771 1980
11713907 4
11713991 1
11714029 1040
11714083 17
11714123 148
11714137 35
11714147 4
11714159 97
11714201 3
11714239 192
11714251 1005
11714369 15
11714387 13
11714407 12
11714539 1349
11714569 12
11714617 104
11714639 1
11714639 69
11714693 163
11714707 5
11714723 1
11714723 21
11714741 16
11714771 1
11714779 56
11714837 148
11714873 72
11714873 256
11714893 15
11714909 144
11714917 8
11714939 1005
11714959 2921
11715029 60
11715029 1576
11715031 5
11715031 105
11715031 224
11715089 4
11715107 868
11715133 3
11715133 116
11715157 3
11715157 2592
11715181 60
11715181 200
11715203 16
11715203 3525
11715271 989
11715401 1140
11715409 659
11715413 31
11715469 11
11715493 12
11715527 169
11715611 1464
11715611 4164
11715617 15
11715853 23
11715857 48
11715881 3
11715881 76
11715889 11
11715911 9
11715929 4
11715929 7
11715931 9
11715961 35
11716007 4
11716007 2025
11716091 1225
11716097 7
11716097 19
11716153 11
11716153 576
11716157 3
11716231 80
11716297 3
11716343 1
11716409 7
11716469 4315
11716487 105
11716501 3
11716571 100
11716613 3
11716721 2964
11716801 3
11716811 1
11716891 68
11716891 224
11716967 4809
11716979 1
11717009 16
11717077 92
11717099 1
11717099 5076
11717137 159
11717213 2448
11717263 740
11717263 1040
11717273 420
11717333 3
11717351 1
11717521 2636
11717579 105
11717591 313
11717723 12
11717723 33
11717837 24
11717873 76
11717897 3
11717897 55
11717897 6523
11717903 12
11717921 48
11717933 3
11717941 3
11717999 1
11718061 3
11718131 336
11718191 321
11718229 467
11718257 3163
11718277 3
11718401 3
11718449 247
11718449 1876
11718503 9180
11718709 111
11718709 695
11718739 1577
11718787 153
11718857 3
11718857 27
11718859 12
11718979 89
11719009 44
11719013 112
11719133 1227
11719223 1
11719369 35
11719369 9891
11719429 96
11719429 1227
11719529 39
11719619 1
11719619 520
11719651 24
11719691 1153
11719699 1961
11719753 3
11719781 3
11719859 4825
11719913 15
11719913 43
11719933 15
11719997 24
11719997 204
11719997 1459
11720039 4440
11720053 248
11720117 3
11720117 159
11720119 12
11720323 2508
11720399 1
11720431 8
11720551 24
11720581 56
11720591 1
11720591 21
11720603 1
11720647 5
11720671 5
11720689 359
11720693 31
11720773 48
11720783 2721
11720851 1484
11720873 3
11720873 5868
11721049 191
11721163 6705
11721253 15
11721371 1
11721397 135
11721491 1464
11721497 1659
11721667 3089
11721779 1
11721791 1
11721793 107
11721799 32
11721799 2429
11721811 9
11721883 96
11722013 9555
11722283 1585
11722331 4
11722331 36
11722391 1
11722391 1261
11722393 392
11722397 483
11722499 1
11722499 6957
11722591 41
11722643 1
11722643 60
11722661 363
11722661 5544
11722717 15
11722759 1077
11722817 12
11722831 2748
11722871 1
11722937 15
11722957 75
11722973 51
11723009 679
11723099 189
11723147 372
11723329 15
11723377 12
11723443 233
11723443 4880
11723447 2713
11723519 69
11723519 621
11723527 9
11723681 4356
11723717 115
11723737 288
11723867 564
11723903 1
11723977 3
11724173 460
11724239 1
11724247 2753
11724283 485
11724313 2696
11724413 940
11724481 56
11724527 133
11724533 240
11724533 1795
11724563 921
11724599 1
11724703 32
11724703 2756
11724709 4692
11724731 16
11724773 3
11724809 327
11724941 4
11725001 1903
11725039 56
11725081 15
11725151 1
11725159 7872
11725163 132
11725169 39
11725267 4109
11725277 12
11725289 1851
11725379 1
11725391 1
11725391 145
11725429 2751
11725447 384
11725463 1
11725507 5
11725517 7
11725663 185
11725663 420
11725709 15
11725739 1
11725757 4
11725823 1
11725841 2160
11725927 5
11725943 1
11725949 264
11725957 12
11725963 45
11726119 1244
11726131 185
11726219 1132
11726263 8720
11726321 4
11726419 12
11726437 8
11726497 72
11726531 1
11726543 45
11726597 4
11726707 1473
11726717 4
11726717 559
11726783 1
11726843 1
11726843 1837
11726863 8
11726863 180
11726881 15
11726881 35
11726903 121
11726929 2556
11727011 1
11727043 153
11727061 3
11727073 11
11727143 1
11727143 40
11727143 588
11727173 16
11727173 60
11727181 80
11727277 135
11727323 1
11727323 12
11727341 756
11727403 297
11727449 100
11727451 2556
11727553 1128
11727679 344
11727697 228
11727713 1668
11727791 4
11727809 8044
11727811 3260
11727829 15
11727829 36
11727839 361
11727887 1029
11727899 1
11727917 19
11728021 3
11728099 141
11728217 1020
11728271 25
11728271 36
11728271 1560
11728279 12
11728289 64
11728307 9
11728307 132
11728309 12
11728309 2132
11728319 5200
11728349 4
11728349 2812
11728363 56
11728373 1020
11728391 13
11728439 105
11728523 1
11728523 417
11728559 4
11728621 3
11728627 285
11728649 4
11728649 1507
11728663 185
11728841 24
11728877 12
11728883 1
11728891 44
11728891 101
11728903 2832
11728931 81
11728931 964
11728939 20
11728967 73
11728973 192
11729027 709
11729147 5529
11729177 15
11729219 4756
11729309 3052
11729351 4
11729357 3
11729387 97
11729467 65
11729587 5240
11729591 189
11729633 112
11729699 1
11729719 20
11729807 12
11729827 12
11729843 1
11729923 77
11730001 3
11730001 1395
11730029 76
11730079 7497
11730083 1
11730083 7981
11730091 20
11730149 12
11730281 24
11730319 20
11730371 13
11730373 11
11730373 1520
11730449 7
11730457 3
11730491 1104
11730553 1820
11730571 5
11730571 24
11730623 25
11730637 3
11730707 133
11730811 5
11730893 700
11730913 15
11730997 8
11731007 12
11731061 196
11731087 4413
11731091 1
11731129 24
11731211 1
11731211 781
11731253 463
11731327 2717
11731339 45
11731451 1
11731589 4
11731651 8
11731693 92
11731763 1
11731777 27
11731843 5
11731847 7845
11731927 5
11731927 497
11731927 3368
11731933 20
11731961 3
11732033 207
11732081 435
11732113 2255
11732339 117
11732377 119
11732381 4
11732401 3
11732407 5
11732411 1
11732473 3
11732587 33
11732639 1
11732639 237
11732647 492
11732789 291
11732803 17
11732887 29
11732933 7
11732933 688
11732951 1
11732969 304
11732977 3488
11733017 3
11733067 6605
11733083 1
11733191 1
11733199 140
11733209 231
11733287 48
11733287 9693
11733301 131
11733311 7368
11733343 341
11733347 4
11733353 603
11733457 312
11733467 64
11733521 15
11733529 87
11733529 152
11733541 755
11733541 2204
11733649 11
11733677 7
11733713 3
11733737 72
11733739 5
11733751 89
11733781 20
11733817 2172
11733823 308
11733851 40
11733851 264
11733937 3372
11734133 3
11734157 12
11734249 3455
11734249 5112
11734351 4665
11734421 664
11734453 3
11734469 4
11734469 7
11734511 1
11734511 964
11734517 5007
11734549 12
11734559 1
11734637 3
11734729 671
11734757 112
11734781 3
11734781 331
11734867 33
11734871 160
11734939 936
11734967 432
11734973 127
11735039 1
11735051 1
11735069 52
11735183 6492
11735189 12
11735189 4219
11735209 20
11735237 4
11735387 493
11735411 48
11735413 432
11735443 521
11735447 12
11735467 32
11735501 4
11735527 5105
11735533 11
11735533 3228
11735567 12
11735573 7
11735587 7425
11735651 1
11735707 429
11735719 224
11735719 2664
11735723 1
11735723 21
11735767 5
11735827 8
11735917 3375
11736029 4
11736029 7
11736029 31
11736071 1
11736079 672
11736083 273
11736133 20
11736143 1
11736143 12
11736157 188
11736169 11
11736199 5
11736203 1837
11736311 421
11736343 2477
11736497 3
11736533 136
11736533 1543
11736539 4
11736607 8
11736779 1
11736841 75
11736883 1340
11736913 12
11736913 9147
11736961 195
11736997 47
11737067 157
11737129 384
11737241 139
11737241 5995
11737333 192
11737417 1140
11737471 1733
11737699 1724
11737709 4
11737757 72
11737819 216
11737879 425
11737903 45
11737907 885
11737909 15
11737919 325
11737967 73
11738021 4
11738033 267
11738033 2323
11738039 9136
11738063 60
11738173 3
11738339 1
11738339 52
11738407 32
11738471 9
11738609 364
11738609 936
11738659 17
11738729 7
11738761 3
11738761 63
11738777 4207
11738813 120
11738873 135
11738899 5
11738899 56
11738899 2184
11738933 1867
11739031 1973
11739071 4
11739241 3
11739281 39
11739293 63
11739379 21
11739383 1293
11739383 3172
11739451 4809
11739467 753
11739493 3
11739677 204
11739677 252
11739733 60
11739737 207
11739799 777
11739971 1
11739971 4
11740019 169
11740033 12
11740037 240
11740037 592
11740039 45
11740123 5
11740151 73
11740181 40
11740199 1
11740207 5
11740229 1096
11740237 663
11740277 4
11740279 21
11740429 912
11740429 2307
11740439 4597
11740451 16
11740483 12
11740483 2952
11740483 6281
11740513 3008
11740529 52
11740559 1
11740691 9
11740739 4
11740777 3
11740777 215
11740837 612
11740997 3772
11741113 2816
11741123 1
11741161 11
11741231 273
11741273 508
11741287 269
11741291 1
11741291 4
11741369 196
11741437 588
11741459 1
11741479 72
11741507 40
11741551 21
11741579 160
11741633 343
11741771 1
11741819 1032
11741857 60
11741887 300
11741893 72
11741893 603
11741929 1047
11741929 5040
11742001 3
11742047 13
11742047 108
11742067 12
11742083 12
11742083 108
11742173 7
11742179 1
11742179 4
11742179 2776
11742217 3
11742217 12
11742217 375
11742251 9
11742251 6645
11742329 24
11742371 1
11742373 2396
11742457 8472
11742473 36
11742473 135
11742503 12
11742503 4836
11742503 9405
11742611 2089
11742617 4
11742649 2447
11742677 3
11742677 24
11742751 6909
11742901 1551
11742901 2144
11742979 257
11743001 4
11743001 28
11743003 17
11743019 777
11743027 45
11743037 112
11743103 273
11743337 3
11743337 19
11743351 1281
11743519 9
11743553 16
11743621 20
11743727 357
11743813 3
11743841 3
11743841 280
11743841 2104
11743871 13
11743931 40
11743997 1612
11744023 128
11744041 200
11744197 47
11744231 28
11744233 15
11744233 4007
11744303 2616
11744353 60
11744393 3
11744393 271
11744419 96
11744483 1
11744483 52
11744531 445
11744581 51
11744617 27
11744657 132
11744669 27
11744801 4
11744827 5504
11744849 456
11744861 3
11744933 3
11744969 4
11744981 4
11745007 8
11745017 15
11745017 252
11745037 27
11745061 1979
11745281 4
11745359 40
11745427 3269
11745451 8
11745451 45
11745451 2013
11745467 1209
11745509 7647
11745599 1
11745607 1812
11745607 2297
11745647 568
11745649 399
11745689 31
11745697 8
11745719 1312
11745749 4240
11745757 603
11745859 5
11746001 183
11746001 3940
11746069 1451
11746069 4052
11746129 8976
11746153 8
11746157 7
11746157 124
11746157 252
11746379 61
11746379 312
11746499 3384
11746523 1
11746547 60
11746607 25
11746607 73
11746621 435
11746727 28
11746753 240
11746789 6060
11746793 7
11746837 15
11746849 36
11746939 440
11746963 36
11746979 1
11747009 12
11747107 5244
11747159 1
11747159 5544
11747179 416
11747191 9
11747231 1
11747251 1140
11747287 5
11747287 408
11747341 228
11747401 140
11747401 155
11747429 8671
11747473 1440
11747507 4
11747551 5
11747587 8
11747621 4
11747621 5016
11747623 36
11747623 8805
11747633 3
11747633 15
11747647 557
11747683 12
11747683 797
11747711 21
11747783 1
11747803 33
11747831 1
11747843 1768
11747891 1
11747933 12
11748043 1097
11748049 3476
11748049 4271
11748067 9
11748067 24
11748119 277
11748127 9
11748131 3448
11748133 35
11748133 48
11748133 2028
11748199 372
11748223 1365
11748281 136
11748301 108
11748367 2133
11748397 447
11748553 587
11748677 3
11748679 6969
11748703 125
11748713 603
11748809 16
11748809 315
11748811 8
11748811 60
11748851 1
11748923 1
11748953 2887
11749051 20
11749061 4
11749099 5261
11749141 8
11749141 411
11749369 315
11749421 28
11749541 5451
11749579 9
11749583 1
11749643 13
11749697 4
11749709 4135
11749819 12
11749819 861
11749841 39
11749889 847
11749921 23
11749937 52
11749937 1608
11749973 43
11749981 260
11749981 4499
11750117 4
11750131 7280
11750143 1665
11750177 3
11750243 12
11750243 1132
11750293 15
11750293 27
11750293 8991
11750357 3
11750371 9
11750377 1892
11750407 33
11750407 3624
11750407 8757
11750449 56
11750467 5100
11750489 4
11750623 33
11750639 1
11750657 172
11750657 1144
11750659 5
11750663 21
11750741 244
11750749 6467
11750777 4
11750807 568
11750899 1925
11750909 4
11751011 1
11751023 1
11751023 4596
11751031 4073
11751043 408
11751049 4887
11751053 12
11751053 5556
11751127 128
11751143 1
11751143 60
11751193 83
11751217 855
11751241 168
11751343 41
11751521 4
11751541 203
11751587 4
11751611 1
11751673 3
11751683 5097
11751737 4
11751791 45
11751799 24
11751923 1
11751923 813
11752109 7
11752159 2892
11752177 924
11752207 48
11752217 844
11752283 1
11752283 60
11752283 1453
11752289 7
11752297 12
11752427 193
11752493 3
11752493 7876
11752501 204
11752567 4893
11752571 1
11752633 68
11752739 229
11752891 9
11752921 3
11752943 1
11752957 3
11752969 56
11752973 2871
11752981 8
11753051 5061
11753083 45
11753167 7752
11753279 36
11753311 21
11753363 601
11753377 27
11753453 7
11753453 111
11753459 1
11753459 780
11753503 8
11753509 15
11753509 291
11753513 3
11753527 3237
11753543 976
11753561 735
11753719 5
11753719 24
11753831 1
11753881 3
11753881 224
11753881 8163
11753983 273
11754073 3
11754131 148
11754133 1272
11754137 4
11754229 351
11754343 48
11754343 1632
11754383 5380
11754397 80
11754469 6972
11754503 1
11754503 165
11754503 417
11754539 9
11754539 96
11754593 567
11754593 2272
11754649 15
11754649 231
11754649 599
11754661 36
11754733 116
11754779 1
11754829 1652
11754839 1
11754989 187
11755043 76
11755067 1813
11755097 939
11755141 59
11755157 72
11755181 379
11755223 1
11755301 55
11755321 15
11755463 28
11755589 99
11755589 5116
11755591 8
11755621 11
11755633 168
11755663 12
11755787 8589
11755943 3337
11755957 39
11755963 65
11755979 1
11755979 12
11756023 5
11756081 1159
11756083 401
11756083 1500
11756153 123
11756189 99
11756207 585
11756207 3168
11756219 1
11756273 3
11756273 1407
11756279 12
11756341 3968
11756351 4
11756357 43
11756377 4640
11756477 1923
11756659 125
11756743 12
11756761 3
11756971 8
11757041 4
11757061 6399
11757073 12
11757077 40
11757077 48
11757077 439
11757121 344
11757169 687
11757223 8
11757299 1
11757329 1344
11757337 588
11757373 3
11757419 1
11757419 4
11757443 6412
11757457 39
11757509 4
11757569 24
11757719 160
11757743 1
11757841 644
11757869 12
11757901 51
11757913 27
11757913 1847
11757961 3
11757961 108
11758003 476
11758027 20
11758091 1
11758091 88
11758217 2155
11758333 51
11758457 4
11758559 1
11758613 1336
11758619 60
11758661 3
11758673 67
11758741 120
11758771 4784
11758793 2836
11758937 12
11758963 1197
11758987 252
11759009 52
11759017 23
11759023 32
11759089 20
11759089 7736
11759149 35
11759149 375
11759171 1
11759219 12
11759227 6968
11759243 1
11759273 15
11759287 53
11759317 252
11759327 12
11759327 192
11759399 1
11759399 4
11759399 1885
11759441 96
11759479 116
11759479 176
11759479 284
11759479 4160
11759591 621
11759591 940
11759591 3409
11759591 7561
11759623 53
11759653 51
11759681 195
11759681 460
11759791 888
11759791 1680
11759863 560
11759963 1
11759987 4
11759987 733
11760013 56
11760037 63
11760079 29
11760389 315
11760391 104
11760391 6564
11760467 5040
11760557 135
11760607 8
11760667 260
11760667 2753
11760803 1
11760839 1
11760839 3421
11760839 5757
11760913 3
11760941 28
11760941 156
11760961 51
11760977 4
11761003 20
11761021 3711
11761031 1
11761051 9
11761067 9
11761259 1
11761273 191
11761457 828
11761459 5
11761483 132
11761499 376
11761577 3604
11761657 35
11761727 300
11761873 2415
11761889 76
11761903 576
11761961 43
11761991 93
11762059 12
11762059 701
11762059 2556
11762143 21
11762183 828
11762221 1079
11762363 1
11762369 16
11762369 87
11762383 77
11762393 3
11762473 815
11762483 1
11762483 88
11762567 28
11762567 508
11762711 1
11762851 129
11762869 15
11762897 940
11762903 328
11762917 267
11763137 88
11763137 168
11763203 1
11763239 1
11763277 8
11763329 19
11763421 8
11763421 1575
11763443 2268
11763457 12
11763457 288
11763529 687
11763551 1
11763581 3
11763593 9708
11763599 196
11763691 84
11763757 8
11763767 13
11763823 512
11763841 20
11763841 119
11763859 60
11763923 97
11763991 33
11764079 1
11764087 65
11764117 2027
11764133 115
11764139 1
11764183 5
11764223 1
11764223 5653
11764279 41
11764321 8
11764349 4
11764369 207
11764411 8
11764433 211
11764471 665
11764583 1
11764747 1040
11764801 3
11765051 61
11765057 1819
11765063 1252
11765141 39
11765179 5
11765179 329
11765269 5379
11765291 5985
11765353 291
11765363 21
11765419 60
11765471 21
11765599 932
11765641 20
11765759 4
11765779 357
11765797 6563
11765813 16
11765881 555
11765881 2724
11765953 3
11765987 4
11766109 500
11766217 4428
11766217 6455
11766241 8
11766241 656
11766241 4995
11766277 8
11766277 2895
11766299 145
11766323 177
11766331 24
11766331 3033
11766341 1756
11766383 856
11766401 3636
11766421 4964
11766487 537
11766487 3653
11766527 888
11766539 1
11766539 6580
11766539 9984
11766541 84
11766611 48
11766637 15
11766739 152
11766749 4
11766773 196
11766809 27
11767051 9
11767087 348
11767139 6744
11767141 63
11767141 191
11767163 1
11767181 2619
11767193 7
11767241 31
11767267 5
11767271 640
11767331 1
11767351 6165
11767367 4
11767397 852
11767397 2812
11767397 3639
11767429 60
11767447 4209
11767463 13
11767577 103
11767579 21
11767607 4
11767667 228
11767699 2549
11767711 309
11767751 1
11767771 8169
11767793 7
11767843 80
11767843 101
11768017 95
11768069 4
11768089 191
11768089 3431
11768117 2140
11768191 5
11768261 15
11768297 1312
11768327 3753
11768333 88
11768333 2508
11768347 45
11768357 3
11768399 84
11768443 596
11768443 5172
11768509 51
11768513 7
11768557 347
11768557 3684
11768579 1
11768579 64
11768639 1
11768651 61
11768683 105
11768707 17
11768759 7209
11768761 171
11768767 357
11768831 2593
11768833 8
11768833 27
11768851 5
11768863 2445
11768903 1
11768917 3
11768957 3
11768957 4
11768957 220
11768993 5388
11769137 27
11769137 39
11769203 4876
11769211 56
11769239 1
11769239 352
11769257 135
11769343 932
11769413 1155
11769431 541
11769473 232
11769479 9
11769503 1
11769619 5
11769643 320
11769701 171
11769701 4731
11769731 1
11769731 9508
11769743 1
11769809 39
11769809 636
11769907 60
11769943 5
11770019 1
11770151 1
11770349 16
11770349 3804
11770373 2263
11770379 1036
11770397 4
11770463 705
11770513 2271
11770523 1
11770597 3
11770639 1304
11770663 681
11770867 17
11770883 48
11770909 39
11770961 3
11771063 12
11771063 196
11771087 9688
11771107 32
11771113 3
11771113 87
11771183 1
11771183 697
11771261 3031
11771339 1
11771411 288
11771453 603
11771489 1296
11771509 156
11771519 169
11771533 1152
11771611 5
11771623 732
11771657 15
11771687 540
11771687 1440
11771689 512
11771741 379
11771741 820
11771783 1
11771801 28
11771801 351
11771821 104
11771897 4
11771983 8
11772071 4
11772193 575
11772221 1828
11772221 1911
11772301 23
11772367 180
11772391 8
11772407 208
11772433 1875
11772499 44
11772589 1344
11772611 880
11772779 1
11772949 35
11772961 3
11772991 8
11773019 477
11773031 1
11773031 3328
11773051 629
11773093 443
11773213 3207
11773219 885
11773241 268
11773387 317
11773471 24
11773561 7428
11773603 57
11773651 20
11773651 9300
11773693 75
11773747 20
11773777 359
11773837 903
11773849 1872
11773871 1
11773871 4
11773889 7
11773919 4
11773919 16
11773933 207
11773963 5
11773963 1133
11773969 11
11773991 1
11774023 237
11774023 6873
11774039 1
11774117 67
11774153 72
11774201 448
11774267 6504
11774291 1
11774293 8
11774309 520
11774311 3033
11774381 48
11774381 4228
11774501 163
11774579 1
11774617 755
11774683 8
11774723 445
11774779 237
11774797 2808
11774803 56
11774809 11
11774821 44
11774821 9116
11774837 3
11774879 112
11774881 20
11774923 105
11774933 3
11774989 15
11775037 1563
11775053 168
11775251 4009
11775311 21
11775329 24
11775371 1
11775389 51
11775389 2544
11775389 9747
11775541 303
11775571 60
11775601 3
11775641 283
11775817 24
11775949 27
11775949 111
11776003 173
11776003 912
11776007 180
11776007 5368
11776043 8325
11776097 3607
11776129 56
11776279 12
11776357 12
11776361 3
11776423 68
11776517 3
11776607 9
11776627 512
11776643 1
11776859 4
11776879 60
11776927 9
11776927 3113
11776957 3
11776957 420
11776967 40
11777057 427
11777057 1083
11777099 1545
11777177 4075
11777191 2316
11777201 3
11777231 3981
11777237 3
11777261 135
11777503 140
11777533 3968
11777543 256
11777629 111
11777653 360
11777659 36
11777723 1
11777791 8
11778097 80
11778097 3347
11778097 8843
11778197 7
11778197 1587
11778227 97
11778251 85
11778367 4104
11778479 1
11778491 1
11778491 9
11778491 4464
11778493 3
11778493 848
11778539 16
11778563 2137
11778563 3828
11778587 4
11778619 12
11778631 9
11778647 189
11778659 4
11778659 4401
11778707 2097
11778707 4077
11778719 4180
11778731 1
11778749 7
11778787 5
11778911 1
11778911 9
11778973 3440
11778989 24
11778997 464
11779049 871
11779171 3200
11779189 1631
11779213 3
11779231 104
11779301 3
11779301 1711
11779331 1
11779331 4
11779333 3
11779363 92
11779393 752
11779421 3
11779447 48
11779511 1
11779511 4
11779577 27
11779577 123
11779627 6845
11779633 851
11779667 40
11779723 456
11779843 216
11779853 400
11779877 40
11779879 957
11779879 1349
11779879 8289
11779903 17
11779961 3
11779973 3
11779973 3123
11780039 21
11780053 32
11780053 3875
11780063 1
11780063 28
11780081 15
11780081 816
11780123 12
11780191 1589
11780267 2212
11780291 105
11780339 957
11780339 1072
11780357 4
11780357 28
11780479 201
11780519 172
11780537 12
11780537 360
11780579 16
11780591 1569
11780599 89
11780617 2304
11780719 1224
11780737 2247
11780749 35
11780777 8680
11780819 1
11780863 116
11780887 488
11780921 123
11780927 5308
11780963 112
11780963 7645
11781001 1119
11781089 76
11781089 187
11781139 20
11781149 1512
11781157 1892
11781173 715
11781173 4551
11781241 135
11781307 5
11781377 5319
11781379 7121
11781541 231
11781547 8
11781571 9
11781673 303
11781703 720
11781827 28
11781827 1128
11781827 2833
11781839 1
11781841 4703
11781841 6404
11781851 1
11781941 4
11781949 2804
11782019 1
11782019 4
11782031 60
11782103 1
11782103 12
11782117 3
11782219 576
11782291 21
11782307 4
11782313 3
11782349 360
11782369 156
11782453 92
11782481 3
11782481 6811
11782567 20
11782567 24
11782609 8331
11782619 9
11782633 27
11782669 11
11782691 4
11782723 168
11782913 1011
11782931 1
11782993 15
11782997 3
11783017 300
11783017 1755
11783053 4943
11783099 12
11783117 3
11783141 115
11783147 13
11783171 1
11783197 12
11783273 3
11783273 1896
11783293 71
11783293 72
11783297 4659
11783339 261
11783377 4575
11783411 60
11783411 61
11783573 3
11783641 675
11783641 1980
11783683 888
11783741 16
11783741 124
11783801 295
11783809 11
11783809 6084
11783833 1247
11783897 252
11783911 708
11783917 12
11783917 95
11783951 1
11784007 140
11784079 581
11784133 15
11784233 16
11784233 43
11784277 243
11784301 24
11784307 1109
11784547 105
11784551 4
11784551 205
11784613 32
11784631 48
11784631 140
11784631 185
11784637 3
11784637 1167
11784713 7
11784847 12
11784889 2436
11784889 7635
11784919 740
11784931 24
11784953 3
11785001 199
11785003 701
11785013 31
11785013 427
11785021 744
11785043 36
11785079 4
11785127 25
11785127 193
11785171 2156
11785183 1100
11785229 4675
11785231 6188
11785259 2665
11785271 1
11785271 685
11785337 5727
11785463 1
11785517 1023
11785523 1
11785531 20
11785583 153
11785601 4
11785633 56
11785667 244
11785667 3520
11785693 3
11785703 1
11785703 141
11785771 185
11785799 1
11785799 256
11785831 68
11785841 196
11785889 1452
11785937 199
11785979 1
11785979 1137
11786009 64
11786009 124
11786057 7
11786149 107
11786197 1047
11786297 12
11786303 1
11786353 1187
11786407 8292
11786513 208
11786569 392
11786647 8
11786659 189
11786689 15
11786717 3
11786759 4
11786837 4515
11786869 35
11786869 4967
11786881 756
11786891 1
11786903 1
11786903 48
11786981 291
11786981 4395
11787067 8
11787179 36
11787229 92
11787229 656
11787257 15
11787257 28
11787299 12
11787299 192
11787301 11
11787319 120
11787319 297
11787371 4
11787371 148
11787439 3297
11787463 8
11787481 131
11787493 5132
11787631 9
11787631 24
11787649 27
11787653 16
11787751 33
11787887 664
11787943 68
11787943 548
11787991 8
11788019 4
11788039 5
11788079 9
11788099 740
11788111 1980
11788243 5
11788243 1077
11788391 264
11788477 180
11788537 419
11788549 272
11788591 2448
11788639 384
11788741 203
11788747 8
11788747 272
11788801 2508
11788879 24
11788883 1
11788883 1000
11788891 3636
11788901 4
11788901 171
11788927 72
11788937 3
11788937 3535
11788979 1
11788979 97
11789003 1
11789033 235
11789039 4
11789047 737
11789131 248
11789131 689
11789213 3
11789231 1
11789231 4033
11789233 20
11789233 75
11789293 183
11789293 4548
11789333 103
11789333 528
11789333 5736
11789359 32
11789359 1301
11789461 36
11789473 32
11789473 300
11789587 1352
11789623 8
11789663 1
11789681 36
11789683 12
11789707 1665
11789753 471
11789773 3128
11789807 33
11789879 9
11789933 1980
11789969 307
11789971 33
11789977 543
11790017 12
11790049 2916
11790113 1000
11790133 3
11790151 153
11790341 4
11790353 516
11790491 1
11790497 1239
11790529 32
11790661 5444
11790677 264
11790683 1
11790763 213
11790787 8
11790787 4157
11790797 3
11790797 4015
11790923 421
11790959 1
11790959 9021
11791009 155
11791037 912
11791051 5
11791151 1
11791163 1
11791181 1743
11791193 16
11791201 3
11791201 896
11791393 32
11791459 41
11791459 560
11791517 28
11791541 3
11791553 63
11791601 3
11791691 1
11791807 9
11791831 113
11791831 288
11791861 1559
11791867 345
11791867 3897
11791973 7
11791987 5604
11791987 6368
11791991 1
11792029 60
11792029 3360
11792057 1015
11792111 21
11792119 5
11792197 3
11792197 704
11792273 12
11792273 996
11792317 600
11792329 20
11792351 4
11792351 253
11792419 44
11792467 68
11792479 9
11792479 1637
11792503 417
11792551 1289
11792719 21
11792719 57
11792731 80
11792801 171
11792827 93
11792881 11
11792971 260
11792983 5
11792999 84
11793017 15
11793143 1
11793307 765
11793317 3
11793413 3
11793421 3
11793469 11
11793493 543
11793581 276
11793589 2856
11793611 7969
11793629 7
11793643 141
11793751 1569
11793781 8888
11793791 9
11793827 9
11793827 25
11793827 1713
11793863 1
11793913 155
11793913 495
11793913 4383
11793959 1
11793959 301
11793979 296
11794067 60
11794093 2667
11794151 4
11794199 385
11794219 5
11794241 3
11794253 420
11794301 4
11794313 1776
11794339 12
11794339 365
11794507 593
11794571 1
11794667 249
11794729 212
11794813 576
11794987 177
11795009 4
11795027 1248
11795039 457
11795089 404
11795099 1524
11795183 1
11795183 313
11795197 47
11795461 255
11795461 8735
11795479 1305
11795519 376
11795549 8031
11795699 1801
11795743 48
11795783 40
11795801 63
11795897 4
11795911 20
11795983 12
11796023 708
11796049 47
11796077 2572
11796097 455
11796139 5
11796269 4
11796277 24
11796293 7
11796349 12
11796383 72
11796439 5
11796443 1101
11796503 1
11796563 100
11796593 751
11796593 4216
11796613 3
11796619 3425
11796689 16
11796731 1789
11796761 7339
11796809 1239
11796817 3495
11796893 7
11796937 12
11796947 12
11796979 8837
11797001 2304
11797139 100
11797193 2575
11797199 9
11797213 15
11797213 716
11797243 1112
11797249 716
11797301 3
11797319 36
11797333 8568
11797343 1
11797361 3
11797363 1073
11797483 92
11797483 101
11797531 128
11797553 5023
11797559 96
11797589 787
11797619 1
11797619 4
11797637 15
11797661 4
11797771 8
11797771 48
11797861 56
11797901 115
11797937 88
11797967 9
11798023 17
11798063 1045
11798063 3577
11798063 3592
11798159 769
11798167 48
11798179 120
11798219 2157
11798279 325
11798291 1
11798453 3
11798467 8
11798467 24
11798513 211
11798543 1
11798581 15
11798603 81
11798659 21
11798723 1
11798881 1791
11798903 28
11798929 140
11798929 2160
11798953 3
11798957 2635
11799061 11
11799077 1479
11799091 4905
11799113 16
11799131 156
11799181 20
11799187 9
11799223 93
11799223 2072
11799257 4
11799289 92
11799383 16
11799383 21
11799383 37
11799439 5
11799461 3
11799569 411
11799659 1
11799727 72
11799833 256
11799857 3
11799869 52
11799869 564
11799869 760
11799889 144
11799913 8
11799919 180
11799919 2612
11799979 9
11800037 19
11800049 3612
11800051 1461
11800069 35
11800093 687
11800123 21
11800123 36
11800123 153
11800163 1
11800163 96
11800199 1
11800381 5019
11800391 336
11800409 4
11800427 528
11800433 540
11800469 5520
11800489 95
11800559 36
11800561 1631
11800573 996
11800639 1557
11800753 3
11800819 44
11800819 6357
11800823 1
11800871 48
11800931 1
11800951 1688
11800951 2184
11801063 1
11801129 196
11801269 560
11801269 3092
11801303 40
11801327 309
11801341 15
11801341 23
11801429 27
11801453 3
11801453 1512
11801561 24
11801701 11
11801701 140
11801759 1
11801771 45
11801827 20
11801873 15
11801899 5
11801941 191
11801941 3036
11801981 315
11801981 748
11802017 3
11802017 504
11802067 353
11802083 13
11802107 345
11802191 4
11802221 99
11802247 8
11802257 3
11802283 273
11802293 3
11802313 1335
11802337 900
11802359 1
11802359 396
11802367 5
11802367 117
11802443 1
11802451 3320
11802457 3
11802481 99
11802487 2432
11802503 1
11802523 12
11802587 40
11802589 1815
11802671 1
11802803 1
11802803 13
11802821 304
11802821 391
11802851 81
11802853 8
11802853 995
11802871 345
11802871 2208
11803019 2784
11803021 36
11803067 4
11803093 48
11803097 28
11803133 2380
11803159 9
11803223 420
11803243 33
11803327 5
11803369 5979
11803397 3
11803397 7
11803399 236
11803411 33
11803487 6117
11803489 959
11803511 2644
11803523 1
11803601 43
11803601 124
11803601 1275
11803619 1
11803691 6445
11803751 784
11803817 40
11803849 236
11803861 260
11803873 155
11803873 4632
11803931 1
11803969 24
11804029 155
11804077 3
11804081 3
11804113 3
11804183 1
11804201 4
11804207 1152
11804249 91
11804327 7653
11804357 2740
11804399 4
11804413 956
11804461 15
11804503 276
11804549 12
11804557 83
11804603 1
11804603 36
11804717 7440
11804731 1209
11804753 43
11804753 3303
11804759 1
11804791 2864
11804801 99
11804861 4
11804917 3
11804963 3705
11804971 2469
11805119 1
11805193 23
11805323 8112
11805329 16
11805373 15
11805373 3428
11805439 60
11805439 644
11805461 3
11805481 9104
11805709 336
11805713 7656
11805751 1973
11805763 3788
11805799 896
11805847 140
11805853 2091
11805863 1
11805887 4
11805889 32
11805919 12
11805931 308
11805971 1
11806063 501
11806079 745
11806139 1
11806147 524
11806231 41
11806231 620
11806357 3
11806411 996
11806453 8
11806499 1
11806499 4
11806511 513
11806511 9004
11806577 267
11806633 72
11806681 11
11806681 143
11806931 9
11806931 249
11806933 383
11807017 783
11807039 1
11807053 303
11807141 739
11807167 5
11807219 2940
11807501 303
11807561 3
11807591 1
11807647 8
11807659 597
11807693 60
11807723 1
11807723 28
11807723 73
11807723 6556
11807779 2021
11807891 4
11807909 15
11808019 5
11808053 3
11808067 2633
11808221 1176
11808227 9
11808227 1092
11808263 21
11808271 45
11808299 1
11808317 6535
11808337 3
11808337 1659
11808341 268
11808371 4
11808547 8
11808547 72
11808547 644
11808583 1700
11808607 8
11808607 17
11808647 1257
11808647 2352
11808781 404
11808833 2323
11809009 59
11809043 1
11809043 12
11809093 2240
11809103 1
11809103 8452
11809151 1
11809163 1
11809211 64
11809277 159
11809319 9
11809331 13
11809333 2531
11809379 12
11809571 1
11809663 36
11809673 43
11809687 9
11809717 3
11809727 708
11809751 888
11809769 1680
11809807 345
11809871 45
11809913 7
11809943 1
11809979 21
11810081 4
11810107 57
11810119 1160
11810147 52
11810171 1
11810219 12
11810459 220
11810497 12
11810527 5
11810551 5189
11810629 39
11810657 4
11810657 7
11810657 24
11810803 5
11810987 12
11810999 1
11811043 3576
11811077 2644
11811089 7
11811203 33
11811203 2413
11811253 27
11811253 491
11811287 3720
11811343 5
11811343 20
11811361 23
11811361 3119
11811389 2964
11811419 1
11811419 45
11811433 12
11811461 3991
11811479 1
11811479 264
11811539 6105
11811601 128
11811629 39
11811659 960
11811697 3
11811763 5660
11811797 4
11811847 8
11811853 192
11811887 4
11811887 25
11812007 2328
11812007 2592
11812183 41
11812217 8823
11812343 1
11812403 1
11812631 1
11812631 4
11812729 11
11812783 132
11812783 516
11812873 11
11812903 5
11812903 297
11812919 1
11812919 4144
11812939 6056
11812963 572
11812991 1
11813033 51
11813033 2500
11813111 2496
11813209 4692
11813233 155
11813251 6213
11813303 1
11813303 28
11813341 99
11813437 87
11813441 3
11813551 281
11813567 4
11813567 9
11813609 7
11813621 3264
11813707 5457
11813729 420
11813741 283
11813819 189
11813819 600
11813849 76
11813887 144
11813887 273
11813891 285
11813899 416
11813917 6167
11813939 4
11813987 117
11814059 8505
11814119 1
11814149 355
11814163 801
11814197 19
11814199 21
11814251 1
11814277 20
11814277 24
11814277 27
11814277 132
11814353 780
11814353 1368
11814449 4
11814457 60
11814457 708
11814461 4
11814461 6808
11814493 332
11814533 3
11814559 296
11814559 2616
11814563 5613
11814589 1344
11814623 1
11814641 28
11814679 69
11814923 117
11814947 25
11814989 52
11815043 97
11815073 88
11815103 1
11815103 12
11815109 4
11815127 769
11815129 107
11815157 259
11815171 345
11815213 3
11815313 3
11815313 1540
11815337 4
11815429 32
11815429 56
11815429 95
11815481 31
11815481 79
11815501 3
11815513 11
11815523 21
11815597 3
11815603 437
11815621 3
11815627 3917
11815633 11
11815633 9891
11815733 451
11815943 661
11815949 6247
11816029 20
11816111 493
11816131 209
11816153 523
11816197 228
11816221 60
11816279 9
11816303 13
11816353 3
11816353 531
11816449 39
11816477 15
11816527 2573
11816531 1
11816591 61
11816647 17
11816719 5141
11816771 1
11816773 996
11816927 348
11817019 2697
11817053 55
11817053 531
11817077 7839
11817083 6660
11817089 51
11817191 1
11817229 11
11817229 299
11817241 15
11817269 4
11817269 7
11817269 3915
11817277 2312
11817461 1039
11817517 12
11817643 81
11817667 212
11817667 537
11817709 15
11817709 176
11817721 1700
11817739 32
11817769 15
11817769 2040
11817853 392
11817863 1
11817901 80
11817901 215
11817931 8
11817937 3
11817947 112
11817959 9
11817973 156
11817973 612
11817979 12
11817979 669
11818061 1764
11818069 47
11818091 1
11818097 484
11818139 1
11818139 16
11818141 59
11818211 1
11818229 4
11818241 4
11818273 71
11818307 5217
11818441 8
11818463 21
11818463 3337
11818511 1
11818561 8
11818661 100
11818693 836
11818693 5660
11818727 40
11818787 4
11818847 4
11818973 172
11818999 5
11819047 744
11819077 3803
11819321 3
11819321 40
11819333 7
11819333 832
11819519 1
11819567 12
11819567 3033
11819659 305
11819693 72
11819779 65
11819789 7
11819891 1
11819893 11
11819893 2492
11819903 5373
11820047 12
11820089 4639
11820121 159
11820187 8
11820187 3065
11820191 21
11820191 441
11820209 235
11820209 1732
11820239 1
11820239 9
11820407 4
11820407 57
11820433 5091
11820439 9764
11820493 15
11820839 9496
11820857 3
11820857 40
11821027 8
11821031 1
11821081 1259
11821123 20
11821237 8
11821267 473
11821301 6280
11821331 28
11821367 3337
11821501 3
11821631 105
11821673 3
11821699 5
11821717 512
11821787 592
11821853 2496
11821903 48
11822029 7055
11822081 28
11822087 4
11822087 12
11822143 36
11822177 3
11822179 20
11822179 69
11822231 4
11822287 8
11822287 20
11822527 45
11822533 872
11822533 1151
11822533 8211
11822581 48
11822663 1
11822663 136
11822729 15
11822747 33
11822747 157
11822813 27
11822929 2007
11822957 12
11822957 27
11823011 1
11823037 3
11823037 44
11823043 1101
11823079 32
11823089 15
11823107 5205
11823193 32
11823209 16
11823209 1000
11823241 3
11823247 120
11823257 1119
11823257 3699
11823281 403
11823401 3
11823419 1
11823443 21
11823443 93
11823613 15
11823673 732
11823673 5096
11823673 9192
11823731 60
11823733 75
11823787 7004
11823797 420
11823853 3963
11823881 3
11823899 4
11824039 81
11824049 7
11824079 1
11824117 3
11824117 1139
11824133 91
11824147 9
11824261 191
11824511 268
11824529 31
11824529 39
11824577 4
11824661 223
11824717 3
11824817 228
11824909 131
11824909 1020
11824997 219
11825017 3899
11825029 27
11825071 156
11825071 1188
11825113 3
11825119 5
11825171 1
11825207 9
11825207 28
11825207 1392
11825221 3
11825279 25
11825287 425
11825321 6219
11825357 2320
11825371 5
11825371 236
11825461 5931
11825479 2664
11825491 236
11825497 168
11825531 480
11825621 40
11825669 4
11825669 196
11825699 4
11825699 961
11825699 3069
11825699 4485
11825861 3
11825861 3568
11825953 152
11825953 827
11826007 29
11826041 3
11826041 16
11826043 33
11826119 4
11826197 1788
11826239 1
11826263 61
11826263 513
11826317 3
11826349 80
11826349 831
11826377 67
11826433 3
11826499 21
11826499 56
11826499 2045
11826527 3012
11826589 15
11826641 3708
11826707 7540
11826719 1185
11826733 2036
11826743 657
11826979 144
11826979 777
11827007 4
11827007 6708
11827097 3612
11827103 13
11827111 44
11827247 4
11827297 120
11827303 21
11827349 1851
11827357 452
11827369 12
11827379 805
11827433 7956
11827507 5
11827507 188
11827547 9
11827559 1176
11827579 32
11827579 8349
11827591 1601
11827601 3
11827603 5
11827667 108
11827687 29
11827687 33
11827693 228
11827703 1
11827741 3
11827813 788
11827841 3
11827843 5
11827843 125
11827897 12
11827897 264
11827919 64
11827943 1
11827987 405
11827987 773
11827997 5748
11828041 228
11828111 1
11828171 1
11828207 724
11828237 103
11828291 21
11828321 148
11828339 24
11828423 1
11828429 87
11828441 276
11828519 76
11828629 71
11828629 359
11828767 5
11828767 9
11828771 13
11828779 9
11828891 2461
11828899 4001
11828903 21
11828933 3
11828981 79
11828983 5268
11829029 160
11829029 1452
11829043 300
11829113 3
11829113 9156
11829281 16
11829341 3
11829341 36
11829359 796
11829373 251
11829437 3
11829451 120
11829451 1188
11829473 948
11829563 1
11829563 1740
11829731 1
11829731 4
11829743 1
11829743 1677
11829743 3321
11829833 51
11829833 888
11829847 212
11829893 15
11830061 15
11830081 1131
11830163 1
11830193 3
11830193 2056
11830237 3
11830237 87
11830237 323
11830237 747
11830337 4
11830337 27
11830387 53
11830409 75
11830409 531
11830439 504
11830531 5
11830537 3104
11830631 4
11830813 15
11830817 27
11830831 1200
11830991 1
11831077 8
11831089 1652
11831221 3315
11831233 72
11831293 3588
11831419 5
11831459 7812
11831483 1
11831497 4200
11831551 180
11831551 1461
11831587 140
11831587 1445
11831717 3
11831753 7
11831753 3807
11831759 69
11831873 1848
11831951 1
11831977 39
11831977 3092
11832031 53
11832053 28
11832053 256
11832061 5324
11832071 1
11832071 493
11832083 1
11832127 20
11832137 4
11832287 73
11832349 15
11832413 12
11832427 3312
11832449 55
11832473 468
11832473 2068
11832521 4
11832523 5
11832529 2360
11832581 123
11832589 155
11832677 264
11832683 85
11832757 6800
11832823 2240
11832823 6077
11832851 213
11832881 135
11832923 1
11833033 107
11833039 5
11833039 2109
11833057 15
11833121 3
11833123 152
11833123 180
11833193 7
11833193 12
11833223 25
11833223 321
11833259 1
11833319 4
11833387 5
11833403 1
11833403 972
11833433 27
11833483 3321
11833583 5752
11833621 5999
11833639 612
11833639 1497
11833667 4744
11833687 12
11833691 28
11833691 5880
11833777 3
11833777 5607
11833831 21
11833973 12
11834047 5
11834101 3
11834101 168
11834153 855
11834237 3
11834237 15
11834287 333
11834297 3
11834453 27
11834519 1
11834539 3885
11834629 35
11834689 1640
11834699 4
11834699 2541
11834819 49
11834821 200
11834831 48
11834951 1
11834951 4
11835071 828
11835143 12
11835143 481
11835151 440
11835221 255
11835251 1
11835259 212
11835283 173
11835359 1
11835359 204
11835391 113
11835401 3
11835401 4
11835497 7
11835497 723
11835539 1
11835539 696
11835643 3137
11835721 1620
11835739 6705
11835767 252
11835827 373
11835881 2884
11835937 159
11835979 420
11836067 45
11836159 4616
11836207 20
11836207 204
11836207 3132
11836523 45
11836523 133
11836523 4425
11836613 472
11836667 12
11836679 1644
11836711 5
11836711 1005
11836729 44
11836751 2536
11836763 1
11836831 4049
11836991 1
11837039 289
11837051 1
11837093 3
11837113 11
11837129 27
11837131 4001
11837131 4008
11837167 33
11837167 44
11837173 8
11837183 312
11837251 80
11837261 3
11837297 4
11837339 180
11837351 13
11837351 1149
11837363 16
11837459 1576
11837569 107
11837647 60
11837699 9
11837717 19
11837717 235
11837717 388
11837717 727
11837717 8719
11837747 4
11837789 12
11837863 8
11837867 9
11837873 5563
11837923 21
11837923 1668
11838017 3
11838067 5
11838179 117
11838221 4
11838259 5
11838347 280
11838389 7
11838413 40
11838457 32
11838479 76
11838481 3
11838481 44
11838481 7500
11838503 1
11838509 19
11838521 4
11838571 5
11838661 11
11838679 9
11838773 331
11838793 371
11838839 1
11838907 800
11838929 19
11838929 2112
11838943 5
11839013 7
11839013 15
11839031 4
11839097 292
11839103 12
11839169 855
11839187 4153
11839249 51
11839309 12
11839309 9096
11839537 3
11839561 843
11839567 1473
11839573 603
11839691 25
11839853 291
11839879 7389
11839913 7
11839913 5748
11839957 3
11839979 16
11839999 1824
11840029 84
11840167 777
11840183 1
11840209 276
11840219 1041
11840303 1
11840443 173
11840509 372
11840669 16
11840707 9
11840711 1
11840753 36
11840833 12
11840911 5300
11840951 1441
11841083 1
11841119 712
11841289 12
11841311 1
11841311 456
11841409 2376
11841421 7343
11841449 7
11841449 652
11841463 312
11841499 81
11841499 7881
11841623 40
11841701 3
11841779 381
11841829 159
11841881 4
11841881 4300
11841923 168
11842037 255
11842099 101
11842099 185
11842163 1
11842393 3
11842487 160
11842507 185
11842577 12
11842577 67
11842687 240
11842709 12
11842771 6228
11842807 9
11842921 44
11842927 8
11842927 9644
11843047 4452
11843053 20
11843057 3
11843113 3
11843149 6536
11843207 4
11843207 4333
11843231 1273
11843233 27
11843243 1053
11843243 1281
11843257 204
11843291 1
11843303 196
11843329 36
11843357 400
11843357 9220
11843399 1
11843401 1308
11843431 564
11843453 3
11843471 4
11843527 377
11843549 72
11843633 612
11843647 137
11843717 4
11843779 152
11843879 1
11843927 12
11843927 208
11843947 69
11843971 636
11843983 5
11843999 2385
11844029 7392
11844037 468
11844043 72
11844247 749
11844247 6072
11844271 1320
11844317 79
11844319 32
11844319 7196
11844341 1755
11844389 351
11844397 564
11844397 3087
11844407 4
11844463 33
11844509 67
11844527 4
11844533 16
11844541 3
11844541 4844
11844671 13
11844683 640
11844683 5952
11844689 51
11844709 7820
11844713 12
11844727 360
11844787 17
11844829 87
11844829 191
11844851 1
11844979 344
11844979 5364
11845201 3
11845241 3
11845241 99
11845259 1
11845271 1
11845313 43
11845313 175
11845331 16
11845343 1
11845367 52
11845453 47
11845459 32
11845577 5607
11845591 240
11845591 3744
11845619 9
11845817 4
11845817 40
11845969 1091
11845993 3
11846033 28
11846099 1
11846099 129
11846183 1
11846243 16
11846251 1116
11846251 2625
11846273 36
11846299 60
11846353 336
11846363 1
11846369 72
11846377 3
11846377 23
11846477 2644
11846531 21
11846599 200
11846621 91
11846647 92
11846651 1
11846657 4
11846713 3
11846713 36
11846803 452
11847061 3
11847083 13
11847091 264
11847119 1
11847263 1
11847271 53
11847271 248
11847271 4724
11847427 93
11847463 1905
11847499 5
11847533 2196
11847533 4327
11847581 4
11847593 15
11847653 3
11847653 231
11847761 1876
11847791 1
11847791 85
11847877 152
11847961 243
11847977 27
11848027 17
11848093 68
11848129 3471
11848159 44
11848159 3120
11848253 7
11848393 3
11848451 1
11848451 13
11848451 373
11848469 4
11848489 440
11848489 872
11848537 1199
11848553 1411
11848589 15
11848619 1
11848673 492
11848751 13
11848757 4
11848801 3
11848829 7
11848853 55
11848909 135
11848931 2025
11848937 1287
11849039 616
11849053 15
11849053 63
11849077 3335
11849111 1
11849177 4
11849249 76
11849269 1911
11849291 1
11849291 601
11849401 500
11849473 48
11849491 161
11849491 213
11849491 4065
11849557 104
11849567 645
11849599 285
11849689 7379
11849693 7
11849699 165
11849713 8
11849741 16
11849801 379
11849801 720
11849813 12
11849881 155
11849947 905
11849947 3048
11850019 117
11850049 11
11850073 11
11850077 2475
11850103 252
11850169 95
11850169 1019
11850191 21
11850283 6413
11850341 51
11850341 8883
11850373 971
11850427 53
11850469 56
11850611 2673
11850667 4584
11850677 99
11850791 1276
11850803 12
11850803 37
11850829 47
11850859 5
11850877 3
11850899 6412
11850907 6557
11850931 41
11850941 3
11850953 123
11850983 1
11850991 41
11851127 229
11851139 1
11851157 19
11851201 3456
11851291 9
11851447 1188
11851481 480
11851523 1
11851529 99
11851589 211
11851597 23
11851613 7
11851613 495
11851639 84
11851753 4071
11851759 9921
11851799 184
11851799 477
11851813 1292
11851859 4
11851867 33
11851919 4
11851967 4
11852017 3
11852051 2809
11852053 3
11852059 240
11852059 381
11852129 4
11852287 12
11852297 7
11852303 156
11852327 4
11852341 1016
11852369 12
11852369 204
11852531 1
11852537 3
11852537 2683
11852557 8792
11852579 1
11852579 1429
11852623 108
11852641 180
11852717 3
11852717 1060
11852719 189
11852741 5971
11852759 1
11852807 2053
11852809 152
11852837 3
11852879 196
11852959 96
11853019 576
11853019 9884
11853031 996
11853133 11
11853161 255
11853181 99
11853323 1
11853323 9960
11853367 33
11853383 132
11853383 177
11853419 1701
11853557 3
11853571 9
11853613 3
11853613 1116
11853791 1
11853839 9
11853839 177
11853883 248
11853883 7080
11853883 8760
11854019 1
11854061 3
11854163 1
11854169 5916
11854211 249
11854327 1509
11854379 1
11854399 7040
11854411 1404
11854433 51
11854439 4
11854439 496
11854463 61
11854463 157
11854489 2615
11854523 1
11854529 1776
11854571 1
11854607 4
11854691 76
11854757 264
11854813 3
11854873 11
11854891 8
11854891 9245
11854919 1
11854937 12
11854937 3483
11854979 21
11855023 1077
11855033 607
11855033 1827
11855033 7012
11855149 27
11855149 6891
11855177 43
11855231 4
11855267 1104
11855267 1453
11855269 7100
11855303 13
11855353 3
11855353 23
11855353 1895
11855357 144
11855357 747
11855359 9941
11855413 2751
11855489 2551
11855531 360
11855551 21
11855567 88
11855633 28
11855633 55
11855633 1387
11855653 731
11855687 2208
11855699 1
11855713 6288
11855731 5
11855743 2516
11855839 365
11855881 8
11855959 17
11855959 1952
11855999 4
11856023 7572
11856071 1861
11856107 88
11856151 24
11856161 15
11856193 1532
11856199 5
11856311 288
11856371 1
11856461 3619
11856479 1
11856547 1565
11856583 5
11856653 16
11856659 2905
11856697 3
11856731 13
11856731 81
11856763 113
11856857 3
11856877 284
11856899 1
11856919 36
11857003 17
11857073 3792
11857081 183
11857091 49
11857091 6288
11857093 11
11857243 348
11857249 12
11857327 8
11857327 260
11857361 936
11857361 1740
11857367 25
11857393 183
11857409 4
11857481 63
11857481 96
11857493 40
11857499 4
11857499 1521
11857543 9425
11857613 7
11857693 47
11857709 9159
11857753 27
11857763 60
11857793 60
11857801 11
11857831 5
11857873 363
11857907 12
11857907 5937
11857991 1
11858017 7563
11858023 81
11858039 1
11858039 960
11858039 1009
11858039 2572
11858159 4
11858177 8400
11858201 4
11858227 7824
11858243 1
11858279 1
11858359 944
11858543 1
11858557 180
11858569 876
11858579 4
11858629 12
11858629 135
11858629 215
11858719 36
11858729 3676
11858747 220
11858779 9
11858783 300
11858851 9608
11858921 4
11858953 1127
11859017 3
11859031 1109
11859049 1851
11859061 8
11859083 6528
11859109 12
11859157 24
11859157 8255
11859163 753
11859179 4
11859233 2155
11859241 4316
11859349 11
11859349 12
11859371 1
11859427 8
11859433 36
11859473 408
11859473 1015
11859539 285
11859539 421
11859541 15
11859569 432
11859571 6425
11859611 49
11859713 3
11859719 124
11859791 1
11859833 3
11859889 1259
11859889 5316
11859901 95
11859979 2205
11859997 3
11860031 1
11860039 4449
11860081 171
11860087 93
11860103 73
11860151 85
11860171 5
11860171 53
11860207 9
11860223 1
11860411 401
11860469 31
11860477 1035
11860477 2940
11860483 17
11860483 92
11860517 1768
11860547 9817
11860619 4
11860649 7
11860649 39
11860661 616
11860661 1191
11860687 5
11860699 12
11860703 1
11860703 400
11860753 192
11860777 3
11860811 36
11860859 949
11860963 773
11861033 28
11861071 33
11861081 19
11861089 11
11861141 55
11861219 24
11861219 192
11861231 289
11861237 24
11861293 20
11861303 1
11861327 13
11861351 1
11861351 2833
11861411 1
11861441 288
11861539 165
11861569 20
11861573 580
11861639 469
11861639 1452
11861671 161
11861683 896
11861687 4
11861693 3
11861701 3
11861711 1
11861713 420
11861819 1
11861827 12
11861827 1352
11861849 19
11861959 12
11862007 5
11862029 4
11862083 1
11862217 1895
11862241 3
11862269 415
11862271 5
11862307 113
11862307 177
11862307 345
11862313 743
11862527 4324
11862563 1
11862563 33
11862577 8879
11862611 1161
11862673 32
11862713 76
11862791 40
11862803 1248
11862857 3
11862857 19
11862881 4
11862959 9
11863021 3
11863031 1
11863153 260
11863153 5888
11863237 1148
11863237 1304
11863249 15
11863253 28
11863289 175
11863403 12
11863409 1935
11863417 3948
11863441 44
11863457 568
11863493 2316
11863499 1
11863499 9117
11863507 12
11863507 32
11863507 48
11863507 897
11863541 3
11863559 4552
11863609 32
11863609 1431
11863613 3
11863613 7
11863613 15
11863627 2357
11863751 1
11863751 109
11863751 2704
11863777 3
11863777 3699
11863811 25
11863843 17
11863843 33
11863843 537
11863879 2081
11863981 96
11864057 1900
11864081 483
11864107 20
11864131 7016
11864183 13
11864197 3
11864207 13
11864207 25
11864233 1616
11864243 28
11864263 12
11864263 237
11864263 2673
11864371 21
11864381 4
11864381 1584
11864399 1
11864407 1380
11864429 4
11864429 16
11864459 1440
11864483 57
11864653 192
11864659 9
11864659 36
11864669 52
11864687 25
11864717 4
11864761 8
11864771 664
11864819 1
11864843 1
11864989 8264
11865001 900
11865017 3
11865017 5859
11865067 1484
11865107 13
11865131 28
11865149 15
11865169 11
11865181 815
11865199 956
11865211 20
11865223 3393
11865361 2375
11865421 71
11865509 60
11865533 583
11865571 45
11865571 2028
11865577 935
11865629 127
11865629 2184
11865673 27
11865739 12
11865797 12
11866109 2055
11866157 364
11866247 9
11866259 9
11866411 653
11866577 7
11866619 1
11866691 36
11866739 4
11866739 345
11866861 3
11866861 1191
11866871 6961
11866913 7
11866913 3135
11866961 2184
11867027 1012
11867027 1572
11867027 3393
11867041 239
11867041 4715
11867059 2585
11867111 1
11867321 3
11867357 120
11867357 2367
11867407 17
11867407 20
11867407 1553
11867413 3
11867447 93
11867501 99
11867549 51
11867623 8
11867719 5
11867731 6813
11867767 45
11867783 12
11867783 3421
11867893 1320
11867897 27
11867993 1131
11868019 144
11868151 4116
11868187 717
11868209 12
11868223 572
11868281 4863
11868287 12
11868433 20
11868481 431
11868509 7
11868641 1383
11868707 3757
11868763 32
11868799 1457
11868929 235
11868959 1
11868973 11
11869021 3
11869093 803
11869103 1
11869133 3
11869259 9
11869261 15
11869261 543
11869271 4
11869393 108
11869423 5
11869531 8
11869607 309
11869607 3900
11869619 57
11869631 1264
11869639 36
11869673 1767
11869687 5
11869691 1
11869777 3
11869777 32
11869789 516
11869877 159
11869967 225
11869981 11
11869997 604
11869999 5
11870011 21
11870113 11
11870119 36
11870137 8
11870137 99
11870143 8
11870143 1880
11870219 60
11870237 7
11870249 27
11870317 1599
11870329 5672
11870371 8
11870503 92
11870587 3389
11870597 15
11870713 27
11870717 4
11870753 52
11870779 236
11870779 3249
11870791 9
11870791 41
11870797 215
11870813 60
11870869 579
11870893 36
11870951 21
11870951 141
11870983 1820
11871077 4
11871091 216
11871091 825
11871133 27
11871133 203
11871227 49
11871227 1108
11871269 36
11871269 556
11871281 84
11871317 4
11871317 72
11871323 16
11871361 2484
11871421 3
11871437 19
11871451 9
11871463 8
11871463 437
11871511 93
11871571 176
11871649 156
11871649 2019
11871721 1443
11871731 1
11871773 31
11871793 47
11871829 539
11871973 303
11871973 4355
11872033 11
11872051 24
11872057 23
11872099 5
11872111 7740
11872213 12
11872213 72
11872243 356
11872277 4
11872303 72
11872447 9
11872447 17
11872447 3660
11872459 1076
11872723 20
11872753 3
11872787 285
11872801 3
11872813 2700
11872823 1
11872823 36
11872841 15
11872877 24
11873111 1
11873201 4
11873201 24
11873269 15
11873269 3744
11873287 65
11873333 63
11873339 4
11873339 2844
11873339 3025
11873413 3
11873471 2301
11873483 1
11873507 52
11873567 313
11873591 1
11873591 4885
11873663 1
11873717 4
11873777 7
11873801 3
11873821 83
11873933 75
11873933 915
11873999 4
11873999 3952
11874029 16
11874029 2352
11874139 204
11874179 1
11874193 3
11874223 5
11874283 161
11874319 4089
11874329 792
11874361 51
11874383 501
11874403 20
11874403 93
11874431 1296
11874451 5501
11874557 172
11874593 3
11874623 465
11874623 673
11874637 2412
11874763 5
11875049 16
11875063 33
11875079 105
11875081 9219
11875091 1369
11875099 5
11875109 3207
11875141 1539
11875169 411
11875177 23
11875217 12
11875217 208
11875319 72
11875319 204
11875373 3
11875373 12
11875373 36
11875379 85
11875403 48
11875411 524
11875433 7
11875459 21
11875459 65
11875477 347
11875499 16
11875519 5
11875519 41
11875651 60
11875693 4688
11875733 36
11875739 1201
11875769 84
11875793 580
11875849 12
11876009 4
11876023 8
11876057 19
11876077 3
11876107 2225
11876177 2383
11876191 153
11876191 500
11876279 1
11876321 28
11876369 2112
11876507 9
11876537 4
11876537 15
11876551 8
11876587 237
11876647 320
11876647 2880
11876701 3
11876773 603
11876789 1024
11876849 292
11876861 1431
11876959 9
11877079 5
11877079 2756
11877121 3
11877143 216
11877209 387
11877251 21
11877251 5949
11877251 8080
11877263 1
11877289 15
11877289 72
11877379 20
11877409 27
11877491 6681
11877529 24
11877529 35
11877539 16
11877539 1876
11877727 5
11877727 69
11877731 1
11877829 3251
11877893 5883
11877911 24
11877923 1
11877997 3
11878043 1585
11878043 1896
11878043 9361
11878067 25
11878109 2287
11878117 72
11878123 152
11878123 452
11878187 33
11878193 232
11878259 16
11878267 84
11878267 2229
11878271 1
11878271 9
11878271 408
11878297 3827
11878319 1
11878333 63
11878337 4
11878343 1
11878403 1
11878409 99
11878421 3
11878441 291
11878577 19
11878627 1557
11878651 404
11878679 5632
11878697 15
11878697 108
11878847 312
11878871 1
11878973 252
11878973 687
11878991 348
11879011 108
11879027 12
11879059 845
11879113 3408
11879177 3
11879207 9
11879207 12
11879249 36
11879291 1
11879341 84
11879369 2520
11879501 3
11879537 7
11879537 24
11879537 1020
11879561 2608
11879713 1055
11879717 84
11879723 1
11879773 3
11879773 315
11879977 12
11879977 15
11879977 9459
11880047 4
11880061 2235
11880107 433
11880131 1
11880241 1520
11880287 9
11880311 76
11880311 529
11880311 828
11880353 147
11880403 140
11880523 177
11880559 489
11880563 237
11880571 3209
11880601 15
11880607 585
11880721 104
11880769 59
11880809 712
11880821 48
11880931 188
11880997 384
11881027 24
11881141 351
11881193 3
11881279 5
11881301 4
11881319 1
11881333 27
11881357 87
11881357 248
11881357 504
11881379 1
11881379 9
11881379 1741
11881379 4161
11881451 4
11881451 9
11881481 3
11881531 729
11881673 3
11881781 64
11881787 9
11881867 53
11881901 19
11881913 783
11881927 2753
11881931 1
11881931 2040
11881957 48
11882177 955
11882219 472
11882219 2401
11882279 4
11882281 935
11882323 20
11882411 1
11882443 17
11882621 3
11882701 3
11882713 12
11882713 180
11882719 669
11882723 52
11882737 27
11882911 2688
11882917 3
11882917 7523
11883103 33
11883103 48
11883107 4932
11883149 4
11883169 399
11883229 11
11883257 243
11883281 3
11883299 132
11883299 324
11883299 2244
11883337 464
11883343 5
11883397 1920
11883409 1224
11883457 1352
11883467 12
11883491 1
11883491 529
11883659 1
11883779 424
11883811 24
11883923 1
11883979 104
11883983 1
11884001 3
11884009 360
11884057 104
11884079 21
11884133 16
11884199 4
11884217 3
11884237 20
11884331 1
11884441 20
11884441 5883
11884471 1313
11884589 1500
11884657 95
11884673 415
11884679 1
11884699 84
11884933 2576
11884981 744
11885017 3
11885077 12
11885087 1888
11885147 4
11885189 4
11885309 67
11885311 309
11885323 8
11885437 2184
11885443 1868
11885521 3
11885537 204
11885543 13
11885551 20
11885569 11
11885749 27
11885801 3
11885813 3
11885903 1
11885903 1677
11885953 1367
11885959 1425
11886013 5175
11886107 37
11886157 32
11886157 39
11886167 9
11886227 117
11886233 28
11886241 839
11886367 7592
11886397 108
11886409 6491
11886431 1
11886443 1
11886487 5
11886487 12
11886487 17
11886601 231
11886649 75
11886649 2015
11886659 1
11886659 12
11886709 531
11886727 377
11886739 5
11886899 72
11886923 1
11886967 1428
11887039 1620
11887081 80
11887133 351
11887163 1
11887163 3705
11887201 6119
11887223 1
11887277 207
11887321 24
11887357 8
11887511 16
11887543 12
11887583 3828
11887721 103
11887727 388
11887751 49
11887769 12
11887769 19
11887769 96
11887781 3
11887781 1168
11887919 1
11887921 8699
11887943 1
11887979 21
11888101 39
11888111 193
11888143 36
11888143 68
11888161 36
11888249 7
11888249 9520
11888257 27
11888329 20
11888399 1
11888399 5317
11888467 177
11888477 3
11888477 79
11888477 5460
11888497 3
11888501 4
11888543 1
11888549 4
11888549 79
11888587 24
11888587 1152
11888659 1197
11888693 52
11888909 1759
11888963 5461
11889011 16
11889067 5
11889067 77
11889107 9
11889121 279
11889191 3393
11889191 5049
11889203 1
11889301 3
11889329 151
11889389 19
11889401 8976
11889403 12
11889403 57
11889403 8661
11889431 1
11889431 16
11889433 3
11889433 48
11889439 20
11889487 29
11889487 104
11889491 1
11889539 60
11889569 1080
11889587 33
11889587 348
11889607 24
11889607 1857
11889641 60
11889659 1
11889659 4
11889791 1213
11889793 4835
11889809 4
11889949 75
11889979 269
11889979 3237
11889989 19
11890031 1
11890049 292
11890091 49
11890127 144
11890169 7
11890213 68
11890213 4083
11890297 1280
11890301 4
11890309 47
11890339 5
11890421 5496
11890481 4236
11890507 5
11890559 1
11890559 1317
11890657 8
11890679 9645
11890733 7
11890733 103
11890733 1008
11890757 495
11890771 185
11890777 47
11890799 52
11890807 20
11890873 2403
11890909 116
11890933 4227
11890951 8
11890993 3
11890997 7
11890997 180
11891111 1
11891119 4256
11891129 159
11891153 2431
11891261 3
11891261 99
11891287 284
11891287 1640
11891413 23
11891591 33
11891623 8
11891641 1424
11891699 1
11891723 1
11891771 28
11891801 759
11891821 1904
11891833 3
11891833 2403
11891917 35
11891917 155
11891933 508
11891953 3
11892017 3
11892017 4755
11892019 69
11892019 6840
11892079 56
11892121 716
11892239 37
11892253 3
11892253 20
11892341 3
11892341 48
11892371 1
11892371 16
11892521 15
11892521 795
11892557 3
11892557 775
11892703 252
11892719 3409
11892737 3
11892773 3
11892787 44
11892823 5
11892827 13
11892869 27
11892887 133
11892919 8664
11892953 196
11892961 35
11893051 21
11893151 1
11893187 4
11893223 1
11893247 685
11893291 120
11893313 55
11893331 9
11893501 11
11893643 180
11893657 35
11893667 3040
11893769 652
11893771 44
11893787 105
11893811 1
11893853 3
11893913 7
11893913 7311
11893993 8
11894009 12
11894081 6520
11894083 21
11894083 116
11894083 7776
11894093 51
11894117 75
11894117 144
11894159 1
11894159 49
11894191 2825
11894251 5
11894327 9
11894347 44
11894383 5
11894411 1
11894411 4
11894413 6572
11894471 4
11894479 60
11894537 4
11894563 4140
11894569 27
11894581 1875
11894581 3036
11894671 1200
11894851 33
11894881 15
11894891 748
11894899 884
11894977 3
11894989 27
11895029 2415
11895157 243
11895157 308
11895179 1
11895179 16
11895187 5
11895187 528
11895229 80
11895239 1
11895239 420
11895287 157
11895293 3
11895293 2475
11895431 1
11895467 25
11895493 1163
11895517 827
11895517 4604
11895523 101
11895581 15
11895607 1644
11895727 8
11895727 425
11895731 1
11895731 48
11895743 9192
11895749 76
11895953 1083
11895997 5532
11896019 4
11896063 12
11896081 20
11896091 1
11896193 12
11896271 1
11896271 4
11896303 36
11896331 1
11896331 93
11896411 101
11896477 8
11896513 3
11896513 12
11896553 2383
11896673 3
11896799 84
11896823 36
11896933 203
11896961 15
11897051 1
11897051 285
11897117 4
11897117 604
11897191 21
11897219 1
11897231 40
11897261 3
11897299 81
11897317 3
11897357 88
11897393 36
11897449 411
11897471 1
11897471 13
11897489 4
11897507 672
11897539 5
11897539 1292
11897573 15
11897597 3528
11897687 6277
11897777 3
11897777 7
11897777 675
11897779 281
11897783 1
11897849 5272
11898001 3
11898001 135
11898001 464
11898013 15
11898043 7448
11898059 1
11898119 249
11898119 489
11898253 11
11898373 12
11898431 1
11898433 8
11898433 935
11898533 228
11898547 53
11898547 924
11898577 12
11898647 4
11898791 181
11898791 7696
11898833 76
11898877 68
11898881 400
11898881 7408
11898983 1
11899007 4545
11899049 267
11899051 41
11899051 213
11899213 1367
11899249 804
11899271 1
11899271 196
11899271 420
11899343 1372
11899417 15
11899457 12
11899469 4
11899477 884
11899513 1896
11899549 372
11899597 24
11899637 7
11899721 1104
11899759 56
11899787 1164
11899817 7
11899841 76
11899841 9195
11899843 5
11899913 6696
11899933 11
11899991 24
11900087 100
11900087 1957
11900167 273
11900173 27
11900243 1
11900297 3
11900297 244
11900351 1
11900351 13
11900351 564
11900419 2400
11900509 392
11900513 63
11900519 1
11900543 57
11900563 453
11900599 9
11900599 72
11900617 8
11900641 2004
11900711 2733
11900887 137
11900891 4
11900893 3987
11900909 40
11900927 132
11900951 1
11900963 225
11900989 195
11901007 213
11901017 108
11901023 1
11901151 41
11901157 1199
11901167 13
11901187 1137
11901191 88
11901371 2304
11901389 4
11901389 31
11901451 48
11901509 6840
11901529 2735
11901553 8
11901559 32
11901569 247
11901611 1
11901611 9
11901623 12
11901653 28
11901761 36
11901781 243
11901821 543
11901913 1080
11901937 24
11901973 12
11901973 992
11902001 4104
11902031 1164
11902067 129
11902183 96
11902243 1152
11902301 3
11902321 548
11902343 108
11902343 397
11902427 4
11902433 7
11902453 1203
11902507 1148
11902613 15
11902637 3
11902763 1
11902777 3
11902811 6409
11902819 981
11902823 1
11902841 6735
11902867 1124
11902871 405
11902931 1
11902931 4
11902931 4204
11903083 5816
11903093 3
11903341 8
11903347 93
11903471 9
11903471 460
11903497 3
11903497 959
11903503 56
11903527 1568
11903569 35
11903579 1
11903729 4
11903729 700
11903779 777
11903797 459
11903803 65
11903803 6233
11903849 7
11903849 100
11903867 840
11903887 8
11903911 5
11903953 95
11903971 248
11904059 1
11904083 105
11904103 4332
11904149 1719
11904173 36
11904223 188
11904247 389
11904281 19
11904281 9184
11904283 5
11904283 177
11904353 1407
11904443 21
11904443 580
11904449 135
11904449 540
11904461 819
11904481 1644
11904559 129
11904671 1
11904671 181
11904707 25
11904721 716
11904751 125
11904857 9463
11904859 5
11904917 4
11904931 164
11904941 6876
11904979 20
11904983 1
11905013 3351
11905037 7
11905087 32
11905139 621
11905213 87
11905217 39
11905259 4
11905303 45
11905319 1
11905331 1
11905331 1185
11905349 79
11905427 445
11905427 7365
11905483 41
11905483 792
11905499 9
11905583 660
11905589 1060
11905679 4
11905679 889
11905709 3315
11905727 613
11905813 8447
11905849 420
11905871 76
11905991 765
11906003 1
11906021 4
11906021 19
11906231 1
11906243 136
11906261 19
11906261 1659
11906423 193
11906423 288
11906423 732
11906429 4
11906467 2864
11906507 520
11906539 749
11906569 24
11906623 3761
11906669 8139
11906689 3927
11906693 2415
11906729 84
11906753 12
11906777 4
11906809 71
11906857 1200
11906857 7439
11906897 7
11906897 115
11906897 8959
11906969 4
11906969 40
11906981 339
11907011 1
11907013 8
11907059 265
11907059 1992
11907061 1811
11907073 11
11907073 23
11907101 48
11907107 184
11907107 2017
11907113 2116
11907187 5432
11907289 107
11907299 1
11907409 39
11907419 1960
11907473 7
11907527 13
11907559 3897
11907607 17
11907631 5
11907641 4
11907641 60
11907683 1
11907829 11
11907869 5031
11907877 3
11907877 312
11907989 4
11908019 60
11908073 175
11908133 3
11908133 507
11908157 48
11908217 315
11908331 9
11908597 8
11908597 480
11908661 4279
11908669 600
11908747 5
11908777 23
11908811 1
11908843 7697
11909057 7
11909063 1
11909069 856
11909159 21
11909167 12
11909173 255
11909221 51
11909263 1005
11909309 412
11909351 1
11909353 4232
11909399 97
11909411 9
11909413 4691
11909419 9
11909431 9
11909461 11
11909483 1
11909519 1
11909543 1
11909543 81
11909591 1
11909591 21
11909647 9
11909759 1
11909767 177
11909771 1693
11909813 3
11909851 56
11909869 1587
11909971 7488
11909999 8376
11910043 521
11910071 768
11910071 6901
11910077 4
11910133 11
11910137 4
11910167 105
11910221 3628
11910221 7620
11910253 11
11910287 5073
11910497 4564
11910499 9
11910499 65
11910601 920
11910629 196
11910649 56
11910649 1952
11910673 15
11910673 35
11910683 1
11910697 687
11910719 9
11910763 8
11910809 1659
11910823 8
11910823 20
11910893 216
11910937 707
11911111 93
11911177 8
11911321 744
11911439 8272
11911481 99
11911553 48
11911639 5
11911639 12
11911763 37
11911793 315
11911793 703
11911799 4
11911811 9
11911811 1413
11911811 3828
11911927 1713
11911931 1305
11912051 1
11912051 6325
11912063 213
11912071 5
11912083 56
11912101 15
11912111 1513
11912123 1
11912177 7
11912177 100
11912249 5775
11912293 8
11912293 96
11912311 773
11912471 1
11912503 8
11912531 1
11912569 15
11912581 15
11912581 63
11912581 6051
11912581 6108
11912633 207
11912807 4
11912891 1
11912891 40
11912899 5
11912899 57
11912933 16
11913007 53
11913017 39
11913061 3
11913071 69
11913071 76
11913071 445
11913119 1
11913127 3653
11913179 1
11913179 4
11913179 24
11913233 196
11913347 904
11913401 264
11913401 3595
11913409 171
11913469 11
11913491 604
11913497 4
11913553 23
11913619 24
11913659 837
11913689 219
11913691 48
11913721 11
11913773 52
11913799 200
11913883 833
11914031 2121
11914033 131
11914079 1
11914079 172
11914081 3
11914087 488
11914169 784
11914187 24
11914271 49
11914277 3355
11914351 8
11914351 501
11914369 216
11914417 164
11914657 4832
11914699 1632
11914751 28
11914781 3
11914813 11
11914823 21
11914831 204
11914879 17
11914951 9
11914951 129
11914967 97
11914993 336
11915009 60
11915023 5
11915041 8
11915041 2555
11915107 9
11915159 1
11915177 4
11915269 132
11915339 1885
11915417 3
11915471 1
11915483 76
11915573 388
11915639 40
11915681 424
11915747 49
11915779 9216
11915797 3
11915837 3
11915837 1068
11915881 11
11915903 1713
11916103 48
11916131 424
11916343 981
11916349 60
11916409 180
11916433 3
11916503 16
11916511 29
11916557 168
11916577 27
11916581 363
11916601 23
11916613 431
11916613 527
11916623 1
11916623 52
11916623 76
11916623 96
11916823 20
11916823 1101
11916841 531
11916851 589
11916893 16
11916893 612
11917001 4
11917049 7
11917099 36
11917099 372
11917159 9
11917181 3
11917249 32
11917291 20
11917393 3
11917447 48
11917453 5967
11917487 849
11917531 2469
11917537 3
11917567 12
11917571 1
11917597 3
11917639 4761
11917681 3
11917747 48
11917777 2343
11917817 339
11917817 2163
11917859 316
11917859 2709
11917877 3
11917879 5
11917889 4
11917937 12
11917963 8897
11917973 9567
11917993 20
11918243 37
11918243 1161
11918287 633
11918419 489
11918503 21
11918503 60
11918503 212
11918521 4011
11918573 55
11918573 508
11918579 3012
11918603 1
11918639 1
11918749 11
11918759 9
11918789 219
11918861 4
11918891 1
11918927 9
11918981 3
11918993 688
11919067 5
11919079 596
11919361 740
11919371 16
11919421 203
11919437 3
11919443 1
11919449 919
11919491 96
11919491 388
11919511 5861
11919539 172
11919653 16
11919653 7992
11919683 1
11919683 1881
11919709 140
11919709 327
11919767 1140
11919857 3
11919857 12
11919983 21
11919983 2560
11920061 55
11920061 3076
11920309 8855
11920313 31
11920333 347
11920351 2120
11920351 8280
11920373 192
11920379 1
11920387 105
11920511 1
11920561 83
11920613 952
11920637 12
11920661 168
11920663 48
11920663 3720
11920691 1
11920691 309
11920789 176
11920807 1269
11920871 9
11920897 200
11920991 4
11921069 339
11921069 7839
11921071 5088
11921083 500
11921089 395
11921101 20
11921177 3
11921219 189
11921269 1335
11921297 24
11921311 168
11921381 3
11921401 1175
11921423 33
11921593 15
11921633 936
11921669 156
11921677 12
11921687 4
11921687 3789
11921687 7333
11921713 107
11921761 3
11921867 85
11922007 20
11922007 72
11922013 12
11922019 5532
11922019 7929
11922089 15
11922089 360
11922091 1493
11922293 12
11922301 8
11922301 363
11922359 1
11922371 244
11922419 1377
11922419 1876
11922419 4309
11922467 4
11922479 1
11922479 4
11922539 1
11922539 1869
11922553 216
11922563 528
11922571 24
11922613 7788
11922619 197
11922619 2349
11922629 120
11922649 12
11922679 20
11922697 3
11922719 504
11922731 1
11922773 195
11922791 1
11922803 7908
11922821 139
11922821 280
11922863 496
11922863 8728
11922881 15
11922881 120
11922907 45
11923097 4
11923181 1219
11923207 6560
11923217 7
11923231 116
11923259 1
11923447 84
11923447 537
11923447 1293
11923493 7
11923493 588
11923643 2016
11923739 1
11923741 63
11923787 757
11923823 4777
11923829 7
11923829 1999
11923981 755
11923981 8135
11924141 424
11924167 5
11924177 7
11924303 1
11924347 3080
11924359 416
11924389 12
11924467 1833
11924483 708
11924611 8
11924611 48
11924611 308
11924641 215
11924657 63
11924747 3469
11924753 7
11924789 1264
11924849 7420
11924893 11
11924897 484
11924911 216
11924953 8
11924963 12
11924977 7355
11924999 1
11925013 87
11925029 4
11925047 3004
11925113 7135
11925161 4444
11925203 12
11925283 4353
11925289 15
11925299 1
11925299 69
11925307 92
11925311 1
11925503 121
11925539 69
11925623 720
11925737 2764
11925973 4395
11925973 9092
11926009 24
11926199 1
11926249 192
11926253 8467
11926283 1
11926283 181
11926283 8880
11926363 8
11926363 20
11926403 817
11926451 1
11926451 180
11926451 1596
11926529 1279
11926583 28
11926669 4487
11926757 3
11926763 1
11926799 5649
11926841 16
11926879 5
11926879 549
11926883 408
11926883 765
11926891 9
11926897 3
11926907 3333
11926931 120
11926933 4587
11926939 24
11926963 957
11927059 9
11927089 15
11927099 1
11927101 1179
11927171 1
11927171 4
11927203 33
11927203 53
11927213 532
11927233 35
11927249 27
11927291 1
11927303 96
11927359 32
11927369 87
11927371 20
11927371 69
11927371 2604
11927449 1875
11927449 9659
11927473 56
11927483 1
11927527 629
11927533 3
11927551 5
11927561 436
11927683 60
11927683 137
11927711 1
11927743 65
11927789 3916
11927803 5
11927803 696
11927849 2464
11927857 3
11927893 507
11927933 3
11927933 16
11927983 156
11927987 93
11928017 3
11928043 8
11928079 9
11928079 24
11928079 32
11928079 4077
11928107 232
11928113 7
11928173 3
11928227 4
11928227 24
11928313 63
11928313 816
11928347 1500
11928359 1
11928361 8
11928401 3
11928431 1
11928517 248
11928641 3
11928737 735
11928757 2888
11928767 7425
11928811 20
11928811 29
11928811 1688
11928811 4893
11928859 8765
11928863 1
11928877 24
11928887 700
11928907 429
11928919 716
11928953 4620
11928997 135
11929039 3401
11929091 1
11929123 17
11929147 9
11929163 1408
11929217 3
11929241 60
11929241 751
11929243 8
11929271 1
11929279 245
11929391 36
11929499 1
11929517 928
11929543 45
11929607 4749
11929609 2339
11929627 5
11929627 149
11929639 9
11929667 13
11929693 68
11929721 43
11929727 1813
11929789 12
11929793 463
11929861 6183
11929949 16
11929949 67
11929993 87
11930047 1005
11930099 112
11930167 9
11930173 68
11930239 329
11930291 1
11930407 128
11930407 9093
11930521 996
11930531 1
11930543 6292
11930707 264
11930773 12
11930773 72
11930843 1
11930843 13
11930851 20
11930857 2883
11930869 87
11930873 60
11930969 900
11931061 363
11931079 240
11931079 821
11931121 3
11931121 8
11931121 164
11931163 17
11931163 4433
11931323 888
11931329 667
11931431 1
11931527 1057
11931713 168
11931827 12
11931851 1
11931877 1847
11931919 185
11931989 52
11931989 55
11931991 9
11932013 52
11932153 15
11932211 40
11932211 84
11932259 21
11932309 7871
11932387 264
11932391 1
11932391 6520
11932421 16
11932433 15
11932451 1
11932523 1
11932523 352
11932559 1
11932597 12
11932603 17
11932667 12
11932771 8
11932777 3
11932777 23
11932777 5927
11932819 672
11932889 4
11932909 44
11932919 1
11932951 9149
11932957 540
11932979 109
11933017 32
11933023 5
11933039 37
11933057 7
11933063 1
11933071 588
11933137 20
11933263 128
11933287 48
11933401 3
11933461 68
11933521 39
11933557 108
11933633 3
11933687 4
11933687 712
11933699 441
11933783 1
11933837 3
11933923 68
11933963 168
11934029 4
11934047 229
11934077 1503
11934133 128
11934133 2135
11934203 585
11934281 3
11934311 649
11934353 88
11934491 28
11934557 3
11934563 1
11934581 40
11934599 1
11934617 4
11934617 112
11934619 996
11934623 1
11934647 9
11934661 15
11934691 24
11934691 89
11934749 72
11934781 11
11934817 3
11934859 12
11934859 4832
11934899 4
11934961 363
11934971 45
11935009 11
11935057 15
11935067 4
11935073 3
11935129 131
11935393 23
11935499 1
11935519 77
11935531 140
11935621 8
11935801 320
11935871 556
11935939 21
11936021 16
11936063 28
11936063 241
11936131 329
11936279 172
11936293 4695
11936299 12
11936321 4
11936381 64
11936557 24
11936621 3
11936677 227
11936753 31
11936789 96
11936803 53
11936909 124
11936923 360
11936957 3795
11936963 16
11937019 240
11937041 3
11937041 6051
11937091 165
11937097 32
11937193 72
11937227 84
11937239 1
11937271 5
11937271 24
11937271 416
11937319 1344
11937427 24
11937461 679
11937463 2372
11937467 453
11937503 37
11937503 60
11937503 1048
11937559 404
11937599 4
11937701 84
11937707 372
11937743 12
11937787 420
11937881 1219
11937923 1
11938033 3
11938033 363
11938039 36
11938039 3696
11938049 15
11938079 1
11938151 16
11938151 544
11938159 2244
11938163 9112
11938307 12
11938307 37
11938319 1
11938331 1
11938361 268
11938453 27
11938463 1
11938463 3360
11938481 3
11938499 1
11938499 12
11938543 420
11938643 28
11938769 6711
11938853 16
11938933 8247
11938967 580
11938991 1
11939003 421
11939009 256
11939021 408
11939099 4
11939101 51
11939111 105
11939183 436
11939203 20
11939227 1008
11939297 3
11939351 1
11939377 272
11939377 2979
11939437 3660
11939453 1635
11939527 33
11939563 5
11939701 23
11939791 5
11939843 21
11939843 5880
11939887 2189
11939947 1104
11939959 549
11940077 4
11940091 5573
11940157 92
11940169 384
11940217 3
11940241 3
11940293 2391
11940407 4
11940407 9
11940407 12
11940419 1
11940499 92
11940557 3
11940583 3645
11940659 24
11940661 179
11940671 1
11940739 5
11940757 84
11940757 3068
11940787 8
11940787 8877
11940821 4
11940839 1
11940839 756
11940853 12
11940853 7032
11940857 292
11940947 4
11940947 25
11941003 36
11941019 21
11941199 4
11941273 83
11941381 68
11941381 816
11941399 5
11941453 831
11941453 2007
11941583 180
11941607 780
11941691 84
11941711 24
11941729 3627
11941883 1
11941981 1143
11942027 484
11942039 12
11942081 655
11942213 27
11942213 352
11942233 1400
11942251 33
11942291 1
11942303 2680
11942369 4
11942419 125
11942477 12
11942477 15
11942479 20
11942531 124
11942597 4
11942597 28
11942629 2220
11942633 1075
11942743 36
11942753 15
11942753 583
11942807 549
11942807 9757
11942941 243
11943011 4
11943011 184
11943023 1
11943023 3033
11943031 305
11943053 823
11943097 3
11943101 255
11943137 703
11943143 673
11943167 3993
11943203 1
11943203 745
11943227 84
11943287 5529
11943289 39
11943433 267
11943557 12
11943599 4
11943611 3961
11943683 493
11943697 419
11943713 535
11943733 3
11943733 4995
11943779 6081
11943791 1
11943817 644
11943929 316
11943929 2935
11943973 251
11943977 3
11944039 32
11944091 6349
11944099 177
11944109 64
11944109 451
11944129 396
11944139 21
11944211 9
11944241 79
11944253 51
11944277 24
11944277 108
11944357 15
11944399 1449
11944453 27
11944453 2651
11944501 3
11944561 2519
11944631 9
11944643 1
11944763 1
11944819 677
11944853 1216
11944859 4
11944861 680
11944913 16
11944913 487
11944979 4
11944991 7728
11944993 15
11944993 3887
11945069 31
11945083 21
11945083 140
11945107 288
11945179 1157
11945221 20
11945249 51
11945347 93
11945377 20
11945377 23
11945503 221
11945519 1
11945519 61
11945581 3
11945603 1
11945621 108
11945711 1
11945743 45
11945831 1428
11945831 5616
11945867 52
11945867 7765
11945897 600
11945957 4
11946029 19
11946059 1
11946089 376
11946091 1713
11946199 149
11946241 3
11946251 1
11946323 1
11946323 52
11946397 7359
11946409 2067
11946419 669
11946547 317
11946577 68
11946659 1
11946707 964
11946743 1
11946743 325
11946773 1315
11946799 9
11946799 17
11946923 1
11946923 73
11946983 1
11947009 59
11947037 4
11947079 4
11947127 420
11947129 200
11947283 21
11947291 5
11947339 1901
11947343 1
11947361 3
11947471 4781
11947591 21
11947609 315
11947613 3748
11947657 35
11947693 11
11947699 69
11947699 6504
11947807 5
11947807 57
11947891 24
11947993 11
11947993 83
11948021 16
11948143 752
11948147 9
11948147 2284
11948221 3
11948317 3
11948317 2763
11948323 1673
11948341 8
11948351 1
11948407 9
11948411 13
11948411 561
11948449 11
11948581 299
11948617 9023
11948693 75
11948771 385
11948789 7
11948813 408
11948953 7331
11948953 9383
11948971 1344
11949001 35
11949013 3
11949071 469
11949097 147
11949103 276
11949191 9
11949257 7
11949281 120
11949437 4
11949523 248
11949583 281
11949617 12
11949617 1384
11949649 15
11949659 1
11949671 84
11949733 6420
11949767 253
11949923 1
11949937 3
11950007 1108
11950129 51
11950129 407
11950157 3808
11950207 33
11950261 183
11950313 136
11950343 1
11950381 195
11950399 5
11950417 3
11950427 120
11950429 60
11950441 176
11950447 1029
11950453 863
11950483 57
11950633 3
11950703 1
11950837 4520
11950901 4
11950907 1525
11950931 1
11950951 1140
11950969 11
11950979 1
11951011 8
11951063 1
11951083 6812
11951083 8468
11951167 17
11951179 77
11951287 144
11951321 40
11951339 5677
11951351 3780
11951363 12
11951369 276
11951473 672
11951491 164
11951503 173
11951519 1
11951591 1
11951593 3
11951609 7
11951609 3139
11951699 9481
11951713 176
11951729 12
11951837 3
11951963 1
11951963 1213
11952001 4184
11952029 4
11952091 8
11952091 1661
11952179 4
11952191 180
11952247 5640
11952307 4592
11952359 21
11952469 75
11952503 12
11952557 15
11952569 7
11952587 4297
11952671 21
11952673 11
11952737 84
11952757 7448
11952793 248
11952943 233
11952979 200
11952991 125
11953121 3760
11953129 24
11953129 164
11953187 9
11953229 532
11953349 64
11953349 135
11953391 1
11953457 199
11953483 360
11953493 28
11953493 136
11953511 2433
11953517 1344
11953559 1
11953589 744
11953681 15
11953687 185
11953687 369
11953723 12
11953801 35
11953811 4165
11953897 3
11953961 3
11953999 1832
11954051 2200
11954221 24
11954269 531
11954303 1
11954303 81
11954321 19
11954339 3277
11954399 592
11954443 7145
11954533 12
11954557 912
11954567 2752
11954651 469
11954653 192
11954653 672
11954659 17
11954713 96
11954753 3
11954753 216
11954827 9
11954923 296
11955037 3
11955037 6855
11955121 3
11955133 8348
11955179 3540
11955187 120
11955227 1045
11955289 752
11955289 972
11955341 196
11955371 1
11955373 887
11955467 505
11955649 15
11955659 360
11955683 6388
11955689 24
11955751 3993
11955803 1
11955803 48
11955851 1
11955869 24
11955871 428
11955943 140
11955953 1308
11955989 6039
11956081 2628
11956177 632
11956181 19
11956271 1
11956361 4
11956361 3291
11956403 1
11956459 29
11956489 1812
11956583 1
11956691 64
11956691 165
11956727 933
11956759 7164
11956807 1352
11956811 136
11956859 172
11956943 1
11956951 264
11956991 1
11956993 3192
11957027 960
11957107 5
11957131 2073
11957161 215
11957189 5235
11957221 395
11957329 2840
11957329 3752
11957377 3
11957377 992
11957459 4
11957459 72
11957461 224
11957509 15
11957521 291
11957531 1
11957651 1
11957719 17
11957719 1569
11957731 6288
11957849 16
11957849 7096
11957863 60
11957867 913
11958047 4
11958071 120
11958103 165
11958103 861
11958119 132
11958187 3129
11958241 75
11958241 935
11958269 12
11958313 140
11958371 1
11958449 51
11958493 96
11958521 2596
11958523 5
11958589 135
11958691 41
11958707 28
11958707 325
11958857 744
11958857 1624
11958907 9
11958917 7
11958937 12
11958997 947
11959001 2904
11959039 5
11959043 1
11959133 3
11959133 43
11959139 1785
11959163 468
11959349 75
11959439 6804
11959481 196
11959487 69
11959561 1943
11959561 2931
11959579 3000
11959751 9
11959757 1827
11959771 3704
11959777 68
11959777 1724
11959841 148
11959853 16
11959859 1
11959859 25
11959859 352
11959859 421
11959897 3
11959903 56
11959903 333
11959957 1200
11960167 9
11960183 1
11960239 24
11960279 9
11960281 3
11960281 171
11960281 4355
11960359 5
11960381 2815
11960411 4908
11960471 13
11960477 3
11960477 64
11960587 4949
11960617 1068
11960623 108
11960771 105
11960827 1433
11960867 4
11960891 1
11960929 75
11960933 211
11960999 1
11961067 12
11961083 237
11961143 1
11961151 104
11961151 404
11961211 2316
11961221 3
11961263 741
11961289 500
11961377 868
11961407 49
11961413 9696
11961589 27
11961589 219
11961589 1244
11961671 4
11961683 16
11961683 1336
11961751 6816
11961997 32
11962019 16
11962057 179
11962099 36
11962099 45
11962289 111
11962387 6233
11962403 57
11962421 4
11962459 749
11962463 13
11962463 76
11962477 147
11962499 37
11962537 239
11962627 5
11962631 1801
11962637 159
11962697 88
11962697 3027
11962739 1
11962751 13
11962943 1
11962963 396
11962981 48
11962981 2108
11962991 1
11962991 4
11962991 124
11962991 769
11962997 4
11963089 311
11963101 11
11963143 72
11963191 3213
11963201 4
11963221 3
11963309 3931
11963351 1
11963443 317
11963467 29
11963467 537
11963477 679
11963569 39
11963663 12
11963663 61
11963683 5
11963729 3616
11963797 3
11963891 5229
11963927 28
11963953 20
11963969 12
11963969 2379
11963993 72
11964011 13
11964041 2335
11964131 1
11964193 3
11964259 405
11964259 4145
11964299 12
11964299 5392
11964307 377
11964331 9
11964373 72
11964569 5431
11964599 1489
11964679 12
11964713 55
11964731 1
11964731 4
11964751 9
11964751 2024
11964839 1329
11964881 1575
11964947 4
11964947 165
11964959 12
11964983 1
11965181 5064
11965271 13
11965279 17
11965279 96
11965279 144
11965279 1232
11965403 1
11965507 7004
11965549 15
11965549 299
11965549 384
11965561 131
11965607 24
11965607 37
11965619 1
11965627 45
11965741 3180
11965747 312
11965769 1600
11965771 8
11965817 4
11965831 9
11965847 220
11965879 17
11965903 41
11965913 16
11965931 1
11965931 181
11965963 81
11965963 500
11965963 513
11965979 1
11966023 5
11966039 1
11966063 1
11966111 1161
11966159 1
11966189 24
11966243 1
11966293 27
11966323 2985
11966369 16
11966377 104
11966459 12
11966459 1989
11966483 5713
11966611 9
11966641 11
11966681 2344
11966753 312
11966791 233
11966833 3
11966833 8
11966887 260
11966893 6168
11966921 64
11966953 12
11966993 55
11967077 2944
11967079 69
11967091 165
11967119 8901
11967139 21
11967191 24
11967229 312
11967251 364
11967301 4319
11967313 23
11967323 93
11967379 360
11967497 388
11967743 1
11967757 3
11967757 123
11967757 140
11967821 3
11967833 7
11967863 1
11967911 1
11967937 228
11968141 455
11968189 35
11968217 63
11968217 384
11968381 3191
11968469 3007
11968591 444
11968637 315
11968643 16
11968643 3072
11968721 3
11968721 4
11968721 16
11968753 2007
11968823 1
11968903 8
11968949 9847
11968951 368
11969011 221
11969117 28
11969119 9
11969147 6084
11969159 1
11969201 3
11969233 5480
11969239 1472
11969263 5412
11969273 36
11969273 460
11969327 72
11969387 208
11969413 168
11969423 1
11969471 4
11969471 48
11969473 2691
11969491 9
11969491 2064
11969519 9
11969557 348
11969567 109
11969567 352
11969569 60
11969597 3
11969597 7
11969621 3
11969761 8
11969803 168
11969807 2313
11969879 1
11969911 8
11969911 605
11969963 21
11970031 5
11970031 9
11970031 20
11970041 28
11970067 8
11970157 3680
11970253 2351
11970347 1452
11970353 396
11970377 2395
11970503 6237
11970521 696
11970559 177
11970643 8
11970683 9340
11970713 3
11970719 1
11970757 15
11970821 2016
11970887 4
11970919 36
11971013 9912
11971079 1
11971087 48
11971087 77
11971087 389
11971117 3767
11971207 3504
11971217 3
11971357 12
11971357 255
11971369 11
11971397 4
11971397 2055
11971439 1
11971469 12
11971499 1
11971499 36
11971567 8
11971639 576
11971667 93
11971669 12
11971711 69
11971717 35
11971763 73
11971783 141
11971829 4
11971829 255
11971829 259
11971901 3
11971987 8
11971991 13
11972083 8853
11972101 735
11972143 20
11972161 176
11972183 1
11972203 8
11972249 151
11972269 116
11972327 3660
11972333 3
11972341 68
11972393 7
11972629 959
11972633 6775
11972651 4
11972651 73
11972677 12
11972683 480
11972729 1167
11972747 4132
11972837 504
11972837 1572
11972971 5
11973023 96
11973077 4
11973149 52
11973359 1
11973361 1119
11973361 2844
11973431 64
11973443 16
11973443 736
11973461 5995
11973487 9
11973487 2217
11973529 267
11973551 244
11973587 24
11973641 180
11973649 564
11973677 127
11973683 2212
11973697 195
11973713 471
11973721 11
11973779 1
11973779 525
11973791 4
11973851 4
11973883 5
11973901 248
11973959 1
11973959 21
11973979 392
11973979 1437
11974019 109
11974021 24
11974037 3499
11974097 7
11974111 380
11974111 501
11974121 3
11974189 35
11974247 357
11974321 35
11974367 1360
11974373 27
11974373 31
11974379 21
11974387 17
11974397 84
11974397 7912
11974423 41
11974507 12
11974531 9
11974531 1808
11974537 435
11974537 1875
11974637 3
11974657 135
11974751 1
11974799 1
11974799 45
11974901 460
11974909 11
11974933 216
11975011 69
11975059 1329
11975077 527
11975081 1840
11975137 8
11975147 9
11975147 1008
11975189 99
11975209 2276
11975251 720
11975291 321
11975291 1836
11975363 1
11975363 228
11975389 6347
11975399 1
11975417 24
11975419 81
11975423 1072
11975539 29
11975563 48
11975591 1
11975597 75
11975597 159
11975683 8
11975683 1385
11975699 1
11975713 4527
11975759 232
11975767 297
11975809 804
11975849 39
11975993 16
11976047 7860
11976131 1
11976131 40
11976131 720
11976247 44
11976253 3
11976259 21
11976269 444
11976281 31
11976329 4
11976343 392
11976401 996
11976473 7
11976539 1
11976539 21
11976611 45
11976611 49
11976611 381
11976683 1
11976691 353
11976703 32
11976749 144
11976773 7
11976773 16
11976827 2760
11976851 1
11976851 300
11976851 760
11976947 13
11977003 5
11977109 12
11977157 3
11977291 9
11977291 1361
11977321 71
11977397 2815
11977421 36
11977613 51
11977627 4940
11977631 1
11977727 13
11977739 24
11977739 229
11977759 1001
11977883 1341
11978023 12
11978033 751
11978063 4273
11978137 660
11978167 137
11978173 35
11978233 56
11978237 3
11978237 28
11978293 12
11978389 312
11978429 4836
11978459 4
11978459 1612
11978507 9
11978579 1
11978579 21
11978581 3
11978581 315
11978581 4023
11978587 537
11978609 31
11978611 5
11978647 4217
11978651 2100
11978737 188
11978867 4
11978893 3
11978921 955
11979047 124
11979109 1980
11979151 80
11979161 91
11979167 4
11979173 280
11979347 4
11979347 9
11979433 35
11979433 9296
11979497 4
11979553 15
11979553 87
11979553 195
11979553 2103
11979563 321
11979659 1
11979719 21
11979727 8
11979787 68
11979839 1180
11979911 1
11979931 269
11979931 9765
11979967 5
11979983 1
11979991 501
11979997 140
11980091 760
11980091 1360
11980109 1800
11980141 11
11980153 4160
11980181 5044
11980183 8
11980231 8
11980433 972
11980483 8
11980603 96
11980673 7911
11980679 4
11980693 35
11980777 1208
11980781 4
11980877 15
11980877 24
11980879 5
11980879 65
11980901 4
11981023 1740
11981027 13
11981041 144
11981117 27
11981197 3
11981297 1387
11981317 12
11981329 6599
11981341 11
11981353 23
11981357 4
11981357 2824
11981363 1
11981363 16
11981399 9
11981429 67
11981587 57
11981603 1
11981603 4861
11981623 7616
11981707 332
11981791 1269
11981833 8507
11981899 5
11981911 21
11981917 147
11981941 275
11982023 1
11982037 32
11982071 4
11982199 176
11982221 31
11982247 189
11982359 21
11982437 27
11982493 215
11982547 5
11982557 75
11982617 19
11982629 19
11982643 161
11982653 7
11982679 185
11982703 32
11982811 8
11982847 9
11982851 1
11982889 1679
11982899 165
11982953 63
11982973 27
11983007 3588
11983021 8
11983021 2151
11983033 20
11983033 92
11983057 5120
11983187 5497
11983229 19
11983229 1092
11983241 15
11983259 5140
11983289 7219
11983331 16
11983337 4
11983379 4
11983379 85
11983381 719
11983393 3
11983393 336
11983397 100
11983403 1
11983417 407
11983427 328
11983427 385
11983427 1152
11983441 624
11983441 1539
11983481 1143
11983501 1004
11983507 9
11983507 29
11983507 6165
11983561 15
11983567 9153
11983571 1
11983663 21
11983663 1896
11983721 9868
11983739 529
11983901 3
11984009 1144
11984023 2661
11984051 1
11984129 1524
11984171 285
11984309 4
11984317 3048
11984327 4
11984393 2536
11984407 8
11984407 44
11984419 756
11984443 228
11984527 32
11984543 25
11984551 549
11984561 16
11984597 72
11984639 25
11984653 3
11984663 1
11984783 1
11984827 620
11984857 3
11984923 3440
11984939 1
11984971 116
11985019 17
11985037 1868
11985041 1099
11985109 515
11985121 63
11985163 48
11985199 392
11985269 7107
11985301 1688
11985377 4
11985397 2000
11985401 51
11985427 44
11985487 48
11985487 329
11985551 16
11985593 3
11985703 8
11985763 21
11985767 9
11985767 49
11985767 732
11985821 4
11985839 1
11985887 633
11985907 137
11985923 25
11985977 3
11985977 4168
11985997 528
11986147 5
11986159 629
11986211 1
11986211 24
11986237 3
11986571 1
11986571 2604
11986573 3
11986577 840
11986627 104
11986661 4
11986669 84
11986693 416
11986729 276
11986747 5
11986811 1
11986847 288
11986861 131
11986913 7
11986951 5
11986951 9
11986951 1944
11986973 2967
11986991 456
11987011 8
11987011 29
11987029 12
11987033 7
11987113 336
11987141 4
11987167 5189
11987177 1212
11987201 9820
11987203 176
11987267 2845
11987291 4
11987419 104
11987453 160
11987453 4020
11987471 1
11987501 4963
11987687 2545
11987719 21
11987779 57
11987783 513
11987863 441
11987893 51
11987957 2200
11987981 55
11987981 195
11988029 12
11988047 93
11988143 1
11988143 93
11988191 1
11988241 8
11988253 12
11988253 9447
11988307 125
11988307 333
11988341 483
11988367 5
11988617 3
11988637 3
11988643 276
11988649 831
11988671 4
11988719 1
11988737 55
11988833 12
11988841 3
11988853 548
11988881 183
11988929 75
11988941 1548
11988953 2587
11988997 5724
11989039 261
11989067 9
11989091 16
11989091 7029
11989099 749
11989129 9971
11989163 1
11989177 3
11989193 2095
11989283 832
11989319 549
11989321 5108
11989379 3120
11989451 3169
11989493 55
11989493 2208
11989511 1
11989511 4
11989547 937
11989553 7263
11989799 1060
11989897 108
11989897 800
11989979 144
11989993 51
11990009 4
11990009 6699
11990023 1493
11990053 2096
11990093 27
11990113 143
11990129 5376
11990171 93
11990239 225
11990261 39
11990339 9
11990359 65
11990401 3
11990431 3045
11990449 2415
11990453 160
11990483 1
11990483 121
11990519 1
11990569 5819
11990611 45
11990617 24
11990723 325
11990777 4
11990777 1615
11990779 405
11990779 1797
11990861 91
11990873 211
11990971 8
11990999 1
11991047 2733
11991097 3
11991131 1
11991131 13
11991139 24
11991151 36
11991151 269
11991209 619
11991209 1212
11991253 75
11991263 16
11991263 9285
11991269 3672
11991377 240
11991457 860
11991481 3
11991517 68
11991583 1152
11991601 3
11991689 612
11991719 1
11991773 1288
11991913 195
11991937 3843
11991977 3
11991977 4
11992067 24
11992111 8
11992139 124
11992217 3
11992243 2625
11992297 8
11992411 116
11992511 1
11992559 1
11992559 4
11992583 1
11992693 243
11992733 40
11992733 403
11992733 4147
11992811 24
11992811 4656
11992817 19
11992889 171
11992889 180
11992891 5
11992891 485
11992963 977
11992987 257
11993039 69
11993057 40
11993099 49
11993101 60
11993119 2796
11993203 1041
11993203 2121
11993287 8
11993341 111
11993353 12
11993383 5777
11993411 9
11993453 3
11993459 6721
11993519 85
11993521 35
11993549 15
11993563 65
11993591 5461
11993659 365
11993677 83
11993719 9
11993743 128
11993747 4
11993909 84
11993963 1
11994001 3
11994011 13
11994077 4
11994089 4
11994089 2647
11994097 3
11994223 216
11994233 7
11994277 8
11994397 3
11994397 972
11994547 8
11994581 1495
11994677 3828
11994793 351
11994803 85
11994949 3039
11995019 124
11995079 1
11995091 16
11995157 835
11995187 37
11995261 3
11995261 168
11995391 1
11995453 12
11995453 27
11995453 32
11995507 5
11995507 17
11995537 8195
11995547 60
11995639 17
11995651 5
11995721 4
11995759 372
11995799 1432
11995817 163
11995849 5355
11995883 1
11995891 5
11995927 1793
11996113 3
11996123 6072
11996191 44
11996197 3
11996359 200
11996359 780
11996377 12
11996381 3
11996447 144
11996447 244
11996533 3
11996539 20
11996557 3944
11996591 25
11996617 3
11996629 20
11996711 1
11996729 39
11996741 4
11996741 96
11996837 40
11996851 149
11996939 181
11996993 2995
11997059 1
11997059 2817
11997107 1609
11997179 180
11997179 3609
11997269 4
11997277 279
11997311 1
11997311 4
11997343 5
11997383 1
11997383 48
11997383 300
11997443 268
11997481 971
11997533 1632
11997547 3185
11997553 8
11997617 120
11997649 1491
11997659 252
11997691 20
11997751 404
11997841 2255
11997893 48
11997893 115
11997901 2964
11998013 15
11998031 4
11998043 1
11998043 253
11998127 12
11998171 48
11998183 321
11998303 2636
11998303 3461
11998381 60
11998439 1
11998529 19
11998529 6591
11998601 3
11998601 19
11998717 227
11998733 120
11998741 48
11998813 1983
11998859 1021
11998933 3
11998933 360
11998967 4
11999111 40
11999159 1
11999159 4
11999173 156
11999173 1928
11999291 4
11999423 1
11999443 828
11999443 4293
11999461 1196
11999531 2416
11999531 6880
11999657 7
11999657 1464
11999657 4084
11999719 9
11999719 24
11999719 56
11999723 1
11999777 55
11999789 540
11999797 4620
11999797 5328
11999831 4
11999831 4909
11999837 3
11999837 19
11999843 1
11999843 720
11999857 8
11999879 12
11999941 51
11999941 351
11999987 6508
