20000023 93
20000059 116
20000069 67
20000147 1288
20000153 75
20000171 1969
20000243 1
20000303 16
20000311 9
20000329 1424
20000377 267
20000389 72
20000429 112
20000429 4540
20000507 13
20000531 1344
20000573 67
20000623 356
20000641 3
20000723 1
20000779 1124
20000917 83
20000951 1881
20000969 24
20000971 33
20001019 9
20001031 8
20001067 633
20001161 168
20001277 3
20001277 423
20001439 9992
20001491 1
20001491 13
20001491 64
20001491 8769
20001557 508
20001659 1
20001799 9
20001823 6321
20001853 3
20001929 27
20002007 144
20002007 637
20002027 77
20002027 348
20002067 4513
20002097 7
20002159 237
20002261 155
20002321 23
20002361 84
20002361 1119
20002363 305
20002399 60
20002399 1664
20002453 147
20002457 3
20002457 40
20002537 8
20002537 1115
20002537 1784
20002729 12
20002739 1
20002739 337
20002823 4393
20002831 161
20002919 9
20002919 57
20002919 4284
20003063 1377
20003117 7239
20003161 20
20003173 15
20003173 2423
20003231 613
20003293 3
20003393 4323
20003443 9380
20003461 15
20003549 7531
20003567 4
20003663 13
20003677 32
20003677 2148
20003869 24
20003909 64
20003981 1471
20004001 44
20004031 8
20004059 1
20004059 4
20004059 21
20004071 9
20004133 3
20004133 11
20004211 588
20004239 412
20004289 15
20004343 32
20004367 185
20004431 3484
20004487 12
20004581 4
20004583 57
20004689 7
20004731 4
20004851 1
20004883 5
20004883 12
20004973 2663
20005021 48
20005021 2835
20005129 51
20005159 341
20005207 329
20005291 8793
20005301 4
20005351 101
20005351 641
20005441 2735
20005451 981
20005483 740
20005519 101
20005523 981
20005541 4
20005637 144
20005681 11
20005709 612
20005721 15
20005729 1364
20005823 2616
20005829 15
20005981 179
20005981 440
20006053 80
20006087 7348
20006101 1676
20006149 204
20006179 5
20006279 360
20006339 61
20006351 1
20006419 5
20006431 36
20006561 4
20006641 180
20006663 1
20006737 9048
20006743 5
20006797 348
20006827 152
20006837 199
20006881 584
20006887 2280
20006953 12
20006983 12
20006993 3
20007107 13
20007149 12
20007157 48
20007203 1
20007223 293
20007257 28
20007311 84
20007319 476
20007371 1
20007479 1
20007479 4
20007527 84
20007557 495
20007569 940
20007683 733
20007737 1012
20007847 5
20007971 388
20007973 2288
20008097 3
20008141 1028
20008151 273
20008169 5364
20008171 153
20008301 4
20008319 232
20008343 1
20008447 5
20008447 6737
20008477 15
20008487 13
20008529 3247
20008531 1433
20008559 1
20008669 920
20008801 176
20008817 1615
20008939 1197
20008999 5
20008999 129
20009029 644
20009029 1680
20009029 3156
20009053 8
20009137 4499
20009183 12
20009183 297
20009273 9523
20009279 12
20009293 7628
20009329 191
20009389 552
20009389 792
20009393 27
20009443 5
20009453 51
20009531 8844
20009581 23
20009593 3
20009597 168
20009651 1
20009651 4
20009653 83
20009659 164
20009713 7655
20009741 3
20009741 700
20009753 112
20009813 843
20009819 3201
20009863 2448
20009887 137
20009917 3
20009929 4860
20010017 999
20010061 215
20010073 3
20010077 507
20010187 257
20010239 6060
20010269 1332
20010281 6231
20010307 1124
20010313 8
20010349 252
20010371 4
20010409 44
20010457 75
20010701 3
20010721 3
20010721 6624
20010799 9116
20010863 1
20010941 511
20010967 8
20010967 33
20011007 13
20011093 263
20011097 4
20011273 27
20011291 5
20011441 3
20011441 2271
20011483 20
20011507 29
20011507 557
20011543 6768
20011559 1
20011571 1
20011583 1
20011583 7312
20011631 4
20011631 465
20011699 5681
20011763 28
20011763 37
20011811 4
20011919 1
20011951 69
20011993 11
20011993 7931
20012011 656
20012053 155
20012101 3
20012101 119
20012119 5
20012191 188
20012203 48
20012219 25
20012261 136
20012261 2320
20012341 8
20012411 48
20012543 1
20012561 3
20012561 3388
20012593 423
20012767 29
20012903 1
20012939 1
20012999 12
20013031 5
20013031 81
20013067 1353
20013083 1
20013121 15
20013179 1
20013239 1
20013247 32
20013299 1
20013311 16
20013311 73
20013311 6676
20013377 163
20013379 1680
20013407 405
20013439 4145
20013443 1
20013463 140
20013463 5160
20013523 656
20013547 20
20013563 45
20013737 4
20013739 29
20013883 813
20013893 235
20013971 1
20013991 3396
20014009 755
20014069 9087
20014073 3
20014133 3
20014139 4029
20014171 41
20014199 2092
20014213 8
20014217 103
20014217 904
20014223 1
20014249 12
20014249 779
20014259 1
20014271 1
20014331 48
20014427 9
20014481 4
20014481 96
20014523 1
20014583 400
20014591 24
20014693 191
20014751 1
20014777 560
20014811 1341
20014859 669
20014861 6396
20014913 52
20014913 1107
20014949 19
20014949 6972
20014957 3
20014957 1068
20015059 1401
20015131 189
20015131 285
20015131 1260
20015147 160
20015179 9
20015207 448
20015251 1893
20015357 3
20015363 37
20015363 5901
20015507 105
20015591 1
20015591 8301
20015657 3
20015657 435
20015663 37
20015731 800
20015767 188
20015893 132
20015921 3
20016043 80
20016103 65
20016137 475
20016181 11
20016221 48
20016287 25
20016379 12
20016389 96
20016553 3
20016589 144
20016613 212
20016691 680
20016749 6732
20016767 5644
20016833 376
20016839 9
20016847 548
20016883 32
20016907 12
20016911 4
20017031 1
20017091 5673
20017141 15
20017147 1764
20017181 756
20017189 5579
20017223 1
20017237 8
20017237 819
20017301 16
20017301 2068
20017409 7
20017421 19
20017423 1052
20017427 4
20017427 28
20017447 1404
20017457 7
20017559 9
20017601 1495
20017607 933
20017649 331
20017649 756
20017759 5
20017759 21
20017819 21
20017831 41
20017951 3693
20018017 3
20018017 8
20018021 3
20018081 3
20018087 264
20018113 3
20018161 128
20018171 45
20018269 552
20018293 128
20018351 244
20018357 1704
20018393 312
20018437 20
20018437 320
20018477 4
20018477 163
20018543 1
20018587 12
20018617 5900
20018767 5
20018819 4
20018821 23
20018833 8
20018881 651
20018893 152
20018923 8
20018953 12
20018959 729
20018959 1140
20018969 24
20019023 73
20019031 5
20019053 48
20019061 111
20019073 120
20019091 60
20019203 4857
20019427 8
20019443 541
20019449 255
20019457 48
20019619 9
20019677 3055
20019691 45
20019691 456
20019719 2472
20019763 5
20019817 12
20019833 231
20019833 3295
20019887 1753
20020001 39
20020019 61
20020093 8
20020103 1081
20020109 12
20020207 5
20020279 3261
20020291 701
20020421 16
20020453 3
20020453 11
20020457 4
20020463 105
20020487 1465
20020501 8
20020501 11
20020537 747
20020619 7417
20020631 1
20020723 1232
20020841 15
20020901 811
20020943 48
20021069 55
20021069 4011
20021081 63
20021153 48
20021233 8
20021263 420
20021297 15
20021299 32
20021387 25
20021399 1
20021539 3144
20021663 25
20021669 9991
20021711 9
20021851 5
20021951 1
20021951 181
20021999 45
20022011 1
20022043 48
20022059 1
20022089 27
20022097 179
20022113 771
20022127 5
20022137 4
20022203 13
20022229 11
20022239 1
20022239 1569
20022427 8
20022451 5
20022451 21
20022467 4
20022503 1
20022529 1071
20022553 47
20022571 53
20022571 140
20022577 8
20022619 12
20022689 7
20022839 57
20022841 15
20022841 5903
20022851 1
20022853 1256
20022859 6885
20022971 13
20023001 4
20023027 69
20023037 15
20023043 1
20023061 39
20023121 336
20023259 241
20023307 6480
20023391 4
20023519 1404
20023567 45
20023583 40
20023583 3333
20023609 1179
20023693 147
20023753 132
20023763 136
20023819 6120
20023819 6860
20023859 16
20023901 1456
20023931 1
20023931 645
20023933 2015
20024131 524
20024161 6200
20024167 3884
20024219 3049
20024339 16
20024527 885
20024527 5024
20024579 1
20024581 3
20024611 321
20024749 1472
20024833 4112
20024857 23
20024969 31
20024969 99
20024987 6033
20025037 47
20025037 5999
20025041 19
20025059 85
20025067 9
20025227 4
20025227 12
20025253 1367
20025353 123
20025409 95
20025419 1
20025443 481
20025503 1
20025527 4
20025581 3
20025611 1
20025611 9
20025611 96
20025661 56
20025661 704
20025743 1332
20025787 3353
20025823 6041
20025833 2031
20025883 65
20026009 27
20026129 176
20026141 3
20026141 176
20026141 1619
20026151 1
20026207 1709
20026207 2265
20026231 161
20026291 224
20026373 12
20026379 24
20026463 1
20026463 2052
20026469 2056
20026469 6732
20026471 584
20026481 3
20026481 1311
20026499 12
20026553 2032
20026603 353
20026607 157
20026673 1452
20026753 68
20026871 9
20026871 693
20026921 3
20026927 129
20026933 116
20026957 27
20026967 45
20027087 7248
20027113 3623
20027177 5203
20027213 3
20027257 12
20027263 8
20027363 12
20027437 3
20027507 24
20027569 11
20027591 121
20027633 192
20027737 267
20027741 63
20027783 2040
20027851 920
20027873 3
20027873 7
20027941 108
20027941 584
20027971 8
20027993 16
20027993 168
20028013 3
20028017 7
20028031 20
20028079 9
20028083 1
20028209 4
20028209 7
20028209 540
20028221 483
20028287 8860
20028341 3
20028341 408
20028457 132
20028467 45
20028509 4
20028637 143
20028683 40
20028689 192
20028731 1
20028731 1260
20028823 2016
20028863 1
20028889 99
20028889 615
20028971 220
20028977 147
20028991 24
20029081 39
20029123 248
20029147 1284
20029157 280
20029199 1
20029199 36
20029241 4
20029241 40
20029253 28
20029319 4
20029319 1857
20029381 9368
20029391 1396
20029403 1
20029453 23
20029489 7644
20029531 9
20029561 3
20029561 2955
20029579 5
20029657 900
20029693 3
20029721 40
20029721 1939
20029741 5199
20029747 2984
20029973 4635
20029991 1
20029991 16
20030011 41
20030053 12
20030069 8416
20030071 360
20030089 204
20030177 3
20030177 15
20030191 9984
20030291 1
20030291 880
20030327 4
20030333 16
20030477 28
20030587 53
20030599 5
20030657 28
20030669 111
20030671 68
20030711 3276
20030761 3
20030761 300
20030771 1
20030779 36
20030809 15
20030831 1
20030849 1672
20030893 707
20030987 37
20031041 228
20031059 1
20031103 1265
20031139 2769
20031217 8484
20031313 411
20031343 6660
20031383 328
20031439 5669
20031463 12
20031563 28
20031659 1
20031731 64
20031799 3360
20031877 399
20031883 5
20031923 3993
20031943 53
20031989 4
20032043 13
20032079 4
20032141 56
20032141 560
20032163 1
20032261 8
20032279 264
20032283 1
20032283 421
20032351 24
20032381 95
20032381 468
20032423 272
20032489 120
20032489 159
20032499 4216
20032673 12
20032673 151
20032679 1
20032687 5
20032751 1
20032751 9
20032847 9
20032847 8337
20032867 1940
20032891 9
20033009 340
20033177 3
20033177 24
20033177 747
20033183 9820
20033231 1780
20033231 5521
20033309 295
20033359 5
20033459 1
20033477 7
20033527 677
20033557 3
20033579 16
20033641 3048
20033729 135
20033887 104
20034019 24
20034031 408
20034197 4639
20034251 1984
20034257 4
20034263 33
20034323 88
20034397 39
20034589 5984
20034601 164
20034629 111
20034647 40
20034673 11
20034727 8
20034803 441
20034841 48
20034869 39
20034893 3
20034899 21
20034977 3
20035109 487
20035117 8
20035123 357
20035153 3
20035189 444
20035283 1
20035403 5152
20035451 1
20035451 8821
20035487 244
20035513 12
20035541 4
20035627 12
20035657 140
20035753 872
20035831 80
20035849 116
20035867 5
20035933 20
20035943 1
20035997 4
20036021 1128
20036021 1639
20036131 300
20036131 2988
20036171 1
20036221 8
20036221 83
20036239 596
20036257 3
20036287 5
20036293 3
20036309 3111
20036321 3
20036321 51
20036603 1
20036677 275
20036791 1908
20036801 223
20036903 220
20036903 1005
20036923 65
20036977 2004
20037013 48
20037037 2187
20037197 552
20037211 284
20037223 3812
20037257 160
20037307 6137
20037337 12
20037359 1
20037467 9
20037467 13
20037503 325
20037593 472
20037599 1264
20037607 93
20037659 1
20037739 89
20037791 1
20037791 21
20037817 800
20037911 1
20037911 60
20037937 3
20037961 44
20038091 13
20038157 784
20038199 261
20038243 3425
20038253 12
20038273 3
20038279 9
20038297 12
20038367 48
20038373 15
20038433 2220
20038619 1
20038637 3
20038783 20
20038841 544
20038979 16
20038979 1261
20038981 56
20039207 112
20039351 3408
20039387 4
20039443 8
20039473 3
20039473 27
20039627 93
20039639 1
20039731 20
20039797 8084
20039843 1
20039861 3
20039869 1172
20039879 1164
20039891 1
20039933 12
20039933 532
20039953 2615
20039983 165
20040133 15
20040133 155
20040187 72
20040191 69
20040203 6540
20040227 3405
20040257 3207
20040289 20
20040359 1876
20040403 413
20040463 21
20040499 9
20040509 7
20040509 40
20040523 12
20040557 28
20040577 12
20040619 257
20040619 996
20040619 2096
20040689 304
20040737 2188
20040803 1
20040829 5352
20040851 909
20040851 5505
20040899 36
20040913 3
20040919 4769
20040929 415
20040959 1
20040983 1
20041187 4
20041187 592
20041237 68
20041237 1104
20041391 4768
20041403 157
20041501 243
20041507 12
20041513 72
20041513 308
20041577 1687
20041607 12
20041633 68
20041709 300
20041757 1120
20041757 4668
20041799 1
20041811 13
20042041 3
20042261 4
20042299 5
20042357 7
20042467 1128
20042513 15
20042551 2244
20042557 80
20042621 163
20042717 4
20042723 1
20042801 4
20042903 1
20042933 15
20042933 2668
20042999 1
20043007 29
20043053 7
20043071 28
20043239 9
20043239 897
20043259 24
20043311 1
20043599 192
20043641 3
20043691 80
20043769 171
20043811 96
20043823 413
20043869 7
20043923 21
20043937 3
20044027 165
20044147 369
20044187 7372
20044237 68
20044303 117
20044319 1
20044393 176
20044459 2889
20044463 1
20044511 4
20044529 76
20044529 2616
20044637 7
20044679 64
20044811 100
20044909 164
20044919 1
20044949 4
20045093 9912
20045161 108
20045197 59
20045521 5595
20045573 15
20045621 148
20045651 4
20045651 108
20045681 351
20045681 2688
20045789 616
20045789 6067
20045791 21
20045827 477
20045849 7
20045887 12
20045939 480
20045939 3249
20045981 4
20045999 1
20046011 1
20046011 13
20046053 7
20046079 5
20046167 28
20046203 613
20046419 1
20046421 8243
20046461 4
20046461 1096
20046479 1
20046589 612
20046671 1120
20046671 6021
20046737 147
20046839 9
20046913 12
20046959 1
20046959 7372
20047019 1
20047019 84
20047123 5
20047127 45
20047177 35
20047177 47
20047241 744
20047361 3
20047373 3
20047373 7
20047387 608
20047387 2625
20047411 33
20047579 9
20047579 17
20047583 1780
20047633 2556
20047757 948
20047757 2428
20047871 1
20047871 2068
20047921 15
20047943 7465
20047987 792
20047987 1160
20048087 1189
20048129 4
20048129 112
20048129 159
20048129 9055
20048137 84
20048177 3
20048213 76
20048233 116
20048243 1
20048359 176
20048359 2561
20048447 7908
20048503 672
20048513 7
20048519 1
20048519 4
20048521 143
20048659 9
20048701 4908
20048927 109
20048929 239
20048929 3464
20049067 125
20049083 777
20049151 341
20049217 20
20049241 6000
20049311 1
20049413 7143
20049473 451
20049571 4944
20049607 8
20049607 68
20049763 12
20049773 112
20049773 648
20049781 3371
20049797 4
20049797 7
20049833 3
20049917 843
20049937 15
20049937 39
20049973 8
20049973 623
20049989 12
20050013 7
20050031 364
20050039 225
20050117 75
20050171 5
20050171 449
20050171 8736
20050183 317
20050291 125
20050307 4
20050321 71
20050351 36
20050357 8
20050451 1
20050451 2784
20050523 12
20050561 3
20050573 3
20050601 168
20050631 1
20050727 1032
20050799 300
20050843 3161
20050859 112
20050867 453
20050981 63
20051081 288
20051159 1
20051159 4161
20051221 15
20051231 1
20051257 3
20051257 107
20051309 7
20051363 277
20051407 48
20051407 1644
20051431 8
20051453 51
20051527 1392
20051539 204
20051587 33
20051587 569
20051609 424
20051621 2475
20051623 372
20051623 6953
20051627 232
20051627 628
20051639 84
20051659 1385
20051663 993
20051677 20
20051711 16
20051767 8
20051767 197
20051831 21
20051849 27
20051881 215
20051893 396
20051953 56
20051953 2520
20051971 381
20051987 4
20052023 1
20052077 4179
20052161 19
20052161 139
20052211 36
20052223 20
20052281 219
20052283 41
20052337 380
20052407 4
20052407 193
20052413 31
20052419 4
20052419 520
20052457 132
20052521 3
20052521 8223
20052587 204
20052671 1
20052677 1332
20052689 16
20052821 5464
20052869 75
20052889 11
20052913 6783
20053009 896
20053021 2123
20053043 12
20053153 8
20053289 16
20053291 21
20053307 69
20053357 39
20053367 1729
20053393 548
20053403 13
20053457 67
20053573 36
20053613 3
20053637 3
20053673 7
20053699 5
20053763 1
20053871 1441
20053883 10000
20053951 9
20054011 8
20054149 7584
20054201 3
20054201 3619
20054273 7
20054317 1995
20054401 39
20054467 4677
20054537 3
20054549 112
20054581 11
20054591 1
20054603 1
20054669 1959
20054743 1820
20054773 72
20054773 488
20054819 40
20054831 93
20054891 21
20054977 468
20055001 3011
20055017 3
20055083 1
20055097 83
20055179 1
20055179 81
20055187 8
20055283 392
20055377 108
20055463 5
20055473 411
20055479 361
20055491 36
20055611 6964
20055751 153
20055787 20
20055803 5368
20055857 4
20055901 1596
20055911 13
20055991 44
20056097 52
20056097 300
20056147 6260
20056177 272
20056213 111
20056259 1
20056321 3
20056403 121
20056427 124
20056427 1284
20056433 15
20056511 13
20056511 24
20056579 261
20056579 1557
20056691 1
20056769 4
20056769 12
20056769 39
20056769 120
20056903 12
20057021 2391
20057029 80
20057113 12
20057123 1
20057137 9264
20057171 1
20057171 4
20057281 3
20057291 1341
20057363 1
20057383 7733
20057431 101
20057437 84
20057461 971
20057507 4
20057507 369
20057507 4485
20057519 1
20057533 2192
20057591 1
20057617 3288
20057621 3
20057629 15
20057743 680
20057777 3
20057777 244
20057831 1168
20057833 36
20057833 183
20057953 540
20057963 1
20058097 4323
20058133 23
20058133 4656
20058149 19
20058149 112
20058217 192
20058347 85
20058371 1
20058373 3
20058383 8032
20058391 200
20058397 4379
20058427 9
20058431 49
20058473 2671
20058611 24
20058697 47
20058803 48
20058839 52
20058853 12
20058911 5716
20058937 72
20058959 1
20058959 40
20059163 2577
20059187 60
20059211 1
20059211 361
20059279 260
20059321 956
20059327 285
20059327 513
20059447 1509
20059463 1
20059471 8
20059471 3261
20059517 2092
20059531 185
20059583 13
20059631 1
20059631 1228
20059681 3
20059769 36
20059817 7
20059849 1212
20059861 11
20059903 173
20059937 52
20059939 24
20060003 13
20060003 5596
20060107 12
20060191 33
20060263 8
20060263 272
20060291 1
20060471 1
20060569 15
20060591 1
20060611 296
20060641 23
20060641 3899
20060647 1704
20060647 4337
20060653 663
20060717 3
20060717 4
20060753 180
20060783 1
20060797 12
20060927 12
20060981 4
20061007 320
20061007 357
20061103 45
20061113 5916
20061137 3
20061137 4500
20061191 160
20061191 4128
20061269 124
20061271 45
20061319 12
20061367 5784
20061409 32
20061439 6480
20061491 88
20061493 680
20061611 4
20061623 97
20061673 171
20061737 3
20061841 111
20061871 65
20061901 44
20061961 44
20062019 52
20062039 17
20062061 195
20062073 268
20062073 3288
20062093 3
20062099 12
20062151 1
20062181 3
20062303 536
20062321 2319
20062411 264
20062411 8093
20062451 13
20062451 73
20062457 408
20062597 455
20062657 3
20062697 15
20062729 7200
20062799 1
20062849 1200
20062849 2304
20062853 595
20062883 792
20062927 72
20062979 12
20063159 1
20063177 4
20063243 1
20063269 92
20063279 40
20063299 105
20063369 159
20063423 1
20063471 1
20063497 8
20063579 4
20063581 8
20063633 6103
20063707 24
20063711 84
20063711 489
20063713 35
20063759 241
20063951 1
20063993 12
20063993 1600
20064017 12
20064053 163
20064169 152
20064169 1140
20064173 711
20064179 1
20064203 2545
20064241 740
20064277 3
20064277 7772
20064311 1
20064383 12
20064431 1
20064497 2160
20064563 337
20064631 36
20064677 807
20064721 3
20064769 32
20064823 3648
20064833 3
20064851 1
20064851 100
20064917 7
20064923 1
20064953 31
20065043 1
20065061 3
20065163 1
20065163 40
20065181 115
20065183 4772
20065229 7
20065231 5
20065259 3064
20065313 112
20065351 5
20065351 453
20065393 435
20065439 1
20065439 24
20065481 3
20065489 4379
20065537 3
20065621 3
20065777 2643
20065811 13
20065823 1
20065847 393
20065849 1055
20065939 36
20065939 56
20065961 16
20066003 1
20066023 57
20066027 4
20066027 804
20066027 1453
20066041 3
20066063 217
20066113 1520
20066197 8
20066279 1
20066279 9
20066369 40
20066369 132
20066369 372
20066399 9
20066447 268
20066503 4977
20066513 48
20066569 11
20066611 5
20066623 17
20066633 7
20066633 36
20066633 943
20066633 9015
20066639 1
20066639 12
20066699 1
20066707 4464
20066719 389
20066729 4
20066729 7
20066771 1
20066899 12
20066911 44
20066989 59
20067029 19
20067029 3115
20067037 8
20067067 45
20067071 256
20067071 325
20067077 3
20067079 320
20067119 9
20067119 69
20067121 3
20067149 3019
20067239 4
20067301 2948
20067319 5
20067379 224
20067433 12
20067479 1
20067521 4
20067533 28
20067539 4
20067581 2244
20067643 3725
20067647 33
20067793 60
20067811 5
20067911 5709
20067917 4
20067997 3
20068019 1
20068043 5181
20068049 100
20068063 8
20068093 3
20068117 2975
20068219 84
20068219 240
20068219 632
20068327 5
20068361 4
20068409 1956
20068463 1
20068463 192
20068469 3436
20068471 336
20068583 357
20068583 5176
20068597 20
20068597 1332
20068669 35
20068679 1
20068691 1224
20068709 672
20068849 12
20068871 40
20068933 3
20068963 20
20068963 33
20068991 1
20068999 9536
20069107 57
20069209 111
20069219 85
20069251 5
20069303 1
20069321 336
20069341 3
20069383 20
20069383 56
20069389 147
20069507 12
20069531 1
20069531 8128
20069531 9420
20069579 4
20069633 3
20069657 52
20069723 160
20069729 7
20069737 60
20069761 3
20069807 1705
20069849 367
20069957 4
20070101 4
20070103 17
20070229 920
20070307 8060
20070371 721
20070389 1336
20070433 860
20070461 36
20070461 55
20070553 8
20070563 60
20070571 713
20070719 1377
20070737 4
20070773 15
20070803 73
20070887 4
20070887 564
20070899 9
20070907 5
20070917 3492
20070923 96
20070943 2096
20070971 1
20070991 8588
20070997 35
20071141 2084
20071147 1788
20071159 24
20071211 649
20071211 2964
20071217 355
20071267 6965
20071333 11
20071361 123
20071367 37
20071409 7
20071409 1839
20071409 6619
20071481 3
20071517 7
20071613 4728
20071631 1
20071643 1
20071691 2328
20071699 32
20071757 7
20071783 5
20071783 161
20071817 79
20071901 220
20071901 1740
20071907 337
20071963 56
20071963 252
20071991 13
20071991 189
20072047 377
20072051 1
20072119 1460
20072161 3
20072177 7
20072177 1108
20072207 172
20072287 9
20072287 72
20072369 4
20072383 1712
20072483 3393
20072543 28
20072621 31
20072777 528
20072777 1039
20072809 92
20072839 3020
20073007 24
20073071 1
20073143 1
20073199 29
20073271 389
20073299 645
20073373 6032
20073419 1
20073439 1329
20073509 1876
20073517 35
20073589 164
20073673 3
20073679 725
20073731 1
20073731 48
20073749 4632
20073853 5195
20073947 357
20073973 380
20073997 644
20074027 9
20074027 165
20074031 1
20074031 76
20074057 3
20074139 1
20074169 135
20074181 28
20074183 65
20074253 660
20074277 7
20074277 72
20074277 720
20074283 1
20074319 492
20074321 2328
20074349 232
20074361 16
20074447 9384
20074511 1
20074511 309
20074553 16
20074559 12
20074559 445
20074619 1261
20074643 1
20074657 155
20074721 256
20074759 12
20074771 485
20074783 77
20074987 9
20074993 71
20075071 9
20075089 107
20075089 8336
20075183 1
20075261 3
20075339 1
20075339 45
20075339 4485
20075441 51
20075551 8
20075591 1
20075603 13
20075687 1077
20075831 64
20075899 212
20075899 1985
20075911 125
20075959 20
20075971 621
20076041 343
20076113 15
20076113 271
20076181 2283
20076211 441
20076233 3
20076247 9
20076257 5863
20076299 1
20076299 69
20076307 1773
20076367 3657
20076449 720
20076479 72
20076569 16
20076569 195
20076569 240
20076577 80
20076691 8
20076703 5
20076773 7
20076773 208
20076821 3
20076899 60
20076899 201
20076937 3
20076941 75
20077009 11
20077009 159
20077081 80
20077133 12
20077147 117
20077163 1
20077171 8313
20077217 4824
20077271 61
20077279 56
20077327 93
20077333 12
20077333 996
20077361 3
20077427 13
20077489 395
20077489 7979
20077537 12
20077591 1989
20077703 1
20077751 336
20077921 3
20077973 3
20077979 1
20077999 2661
20078027 597
20078029 140
20078029 212
20078053 35
20078081 3
20078081 624
20078101 1955
20078101 6180
20078137 3
20078167 8
20078183 133
20078213 1080
20078257 3
20078257 492
20078273 535
20078339 1
20078339 592
20078341 996
20078453 3
20078453 12
20078533 6051
20078551 5
20078579 16
20078623 5
20078677 7803
20078777 3532
20078783 1
20078843 1
20078867 45
20078969 2571
20079089 456
20079167 24
20079239 1
20079313 3
20079331 881
20079377 7
20079403 201
20079457 3
20079457 20
20079457 300
20079491 1
20079547 5
20079559 8969
20079611 405
20079613 11
20079673 3552
20079677 4
20079677 288
20079743 336
20079757 20
20079779 64
20079793 2151
20079809 6579
20079817 3
20079973 75
20080031 1
20080031 16
20080087 5
20080171 24
20080199 1
20080199 97
20080199 372
20080211 1
20080231 20
20080289 3156
20080331 1
20080409 100
20080483 20
20080483 5681
20080531 20
20080573 3
20080589 12
20080681 3
20080691 3648
20080727 48
20080727 340
20080741 36
20080741 351
20080763 52
20080763 133
20080861 23
20080861 1880
20080933 132
20080933 507
20080933 4815
20081051 1
20081077 668
20081207 5824
20081221 1896
20081227 3468
20081293 6111
20081297 7
20081317 3
20081317 380
20081353 15
20081419 1329
20081531 121
20081531 253
20081609 940
20081623 8
20081623 32
20081623 1865
20081629 11
20081797 155
20081821 35
20081821 75
20081827 5
20081863 2328
20081863 7037
20081869 420
20081909 7
20081939 4
20082067 69
20082067 624
20082077 43
20082109 5579
20082191 4
20082299 1
20082317 468
20082331 165
20082407 28
20082409 624
20082521 3
20082541 39
20082577 12
20082619 197
20082659 100
20082691 6488
20082697 80
20082709 3416
20082757 23
20082817 1832
20082893 1555
20082911 1
20082911 141
20083013 96
20083027 168
20083073 3
20083079 9
20083079 24
20083079 7365
20083081 8808
20083087 9
20083097 15
20083181 3
20083211 4
20083309 299
20083487 12
20083519 3185
20083667 492
20083751 2220
20083787 145
20083897 20
20083961 4
20083961 2479
20083981 51
20083981 1496
20084017 384
20084101 2576
20084143 53
20084143 392
20084171 9576
20084173 2075
20084203 8
20084209 12
20084243 1
20084261 15
20084299 21
20084381 4
20084411 25
20084431 5
20084513 76
20084513 5647
20084567 12
20084579 1
20084591 1
20084663 5052
20084783 1
20084851 3428
20084891 1945
20084927 148
20085113 231
20085133 3
20085133 1076
20085173 328
20085199 264
20085209 411
20085229 2147
20085239 1
20085239 40
20085319 72
20085323 33
20085323 268
20085521 75
20085563 1
20085577 20
20085623 1
20085629 19
20085629 24
20085631 8
20085631 9624
20085727 12
20085743 1
20085809 120
20085817 2603
20085839 1
20085839 121
20085847 32
20085847 1245
20085851 1845
20085881 3
20085881 4
20085929 7
20085979 29
20086051 69
20086091 1
20086103 93
20086123 4557
20086219 261
20086219 761
20086271 1
20086393 15
20086393 2283
20086421 3
20086427 2028
20086657 3
20086657 1679
20086657 3779
20086709 555
20086739 49
20086757 115
20086811 3345
20086867 4500
20086921 104
20087083 248
20087131 5
20087141 15
20087381 331
20087399 201
20087429 5755
20087429 8284
20087437 1884
20087443 312
20087513 2688
20087539 3321
20087593 8
20087603 1
20087603 1600
20087729 4464
20087779 692
20087791 21
20087819 552
20087953 11
20087953 1283
20087953 2795
20088017 3
20088049 92
20088071 13
20088071 33
20088161 6916
20088221 876
20088253 423
20088259 756
20088293 783
20088371 4
20088391 5420
20088473 1027
20088517 8
20088533 156
20088707 9
20088727 5448
20088763 233
20088779 1620
20088839 1
20088911 60
20088949 2420
20088983 505
20089031 4
20089033 140
20089033 371
20089073 3
20089073 52
20089073 123
20089103 1
20089103 40
20089109 15
20089109 52
20089117 3
20089117 63
20089123 96
20089171 5
20089211 4
20089229 36
20089297 3
20089337 175
20089337 363
20089339 17
20089367 9493
20089369 12
20089417 1232
20089451 1
20089477 3884
20089541 483
20089567 312
20089609 4535
20089661 411
20089747 153
20089757 3
20089757 1863
20089889 492
20089963 225
20090027 1332
20090027 3544
20090143 2160
20090207 33
20090227 1160
20090251 9969
20090299 257
20090303 1
20090303 585
20090347 9
20090347 180
20090351 1
20090351 13
20090363 1
20090537 3
20090659 5
20090659 669
20090677 183
20090711 25
20090723 57
20090729 75
20090743 777
20090827 8
20090927 12
20090927 24
20090927 165
20090951 40
20091023 2701
20091101 3
20091101 148
20091101 339
20091163 60
20091173 876
20091179 4
20091251 1
20091299 217
20091377 280
20091389 31
20091389 84
20091551 193
20091587 40
20091613 3
20091613 791
20091613 2700
20091733 3203
20091769 272
20091769 6012
20091803 1933
20091913 695
20091931 428
20091941 76
20091947 13
20091961 35
20092001 84
20092001 1543
20092043 28
20092507 93
20092561 3
20092573 3
20092687 44
20092769 315
20092783 32
20092783 152
20092859 9
20092901 3
20092909 7455
20092957 35
20093069 4
20093119 9
20093179 5
20093219 1
20093231 88
20093291 9
20093309 3276
20093477 4
20093483 1
20093483 357
20093509 611
20093539 5
20093629 12
20093873 63
20093873 111
20093891 1
20093917 3039
20093947 173
20093987 57
20094143 556
20094247 224
20094251 1
20094311 13
20094407 33
20094407 3208
20094413 87
20094413 672
20094413 987
20094467 4
20094497 3
20094611 13
20094649 4436
20094667 8
20094671 265
20094703 77
20094703 540
20094713 7983
20094779 232
20094779 5880
20094839 57
20094857 3
20094863 1
20094953 3
20095063 3353
20095067 1489
20095069 11
20095189 3696
20095193 51
20095249 15
20095267 5
20095357 552
20095381 8
20095421 3
20095549 1475
20095553 3
20095553 163
20095553 723
20095561 51
20095619 1000
20095619 4884
20095687 3617
20095709 4
20095799 40
20095861 8
20095861 48
20095879 89
20095897 503
20095961 19
20095969 8355
20095981 20
20095981 2588
20095987 8
20096039 1
20096059 81
20096081 43
20096081 5428
20096173 96
20096231 96
20096269 267
20096311 8
20096347 684
20096371 8948
20096387 4
20096387 13
20096501 4948
20096563 72
20096591 1
20096597 3
20096689 15
20096689 59
20096689 884
20096723 1512
20096767 8
20096801 75
20096803 873
20096821 236
20096831 7716
20096987 9
20097137 7
20097151 285
20097169 44
20097221 31
20097241 164
20097299 4
20097313 791
20097313 3176
20097367 12
20097379 6932
20097409 7256
20097431 1
20097431 108
20097433 23
20097439 20
20097439 704
20097439 5376
20097479 889
20097481 1251
20097499 101
20097563 3240
20097569 51
20097569 3352
20097589 9084
20097599 25
20097643 765
20097683 1
20097683 2196
20097733 12
20097751 344
20097751 5601
20097787 3609
20097907 249
20097911 100
20097911 2760
20097997 3
20098009 11
20098061 6688
20098061 8883
20098079 784
20098129 1344
20098193 696
20098229 7035
20098249 9251
20098259 21
20098417 12
20098439 1
20098451 9
20098541 19
20098543 272
20098543 593
20098591 4916
20098597 543
20098601 7428
20098613 528
20098817 3
20098853 183
20098889 304
20098957 3
20098963 465
20099069 4
20099077 39
20099113 663
20099141 820
20099161 3
20099173 2847
20099231 1
20099357 2335
20099419 681
20099483 1
20099557 35
20099567 112
20099633 508
20099719 24
20099857 20
20099903 60
20099903 73
20099939 1
20100079 132
20100181 8931
20100253 227
20100257 3040
20100263 36
20100299 4
20100317 24
20100337 12
20100389 100
20100401 40
20100433 12
20100463 32
20100467 13
20100467 25
20100481 8
20100481 11
20100527 93
20100539 16
20100599 880
20100629 24
20100629 27
20100629 219
20100629 1839
20100673 12
20100709 6252
20100719 1
20100809 4
20100893 15
20100893 16
20101001 19
20101009 371
20101073 16
20101073 27
20101073 208
20101079 1
20101079 4
20101091 220
20101091 373
20101199 9
20101229 4699
20101331 4
20101331 6408
20101349 16
20101399 5
20101483 5793
20101519 1080
20101559 156
20101589 192
20101951 81
20102009 16
20102087 537
20102119 77
20102213 316
20102227 5
20102263 6008
20102267 13
20102267 592
20102273 7996
20102293 4283
20102473 48
20102527 593
20102569 24
20102569 39
20102573 15
20102591 1
20102591 1561
20102609 4
20102609 55
20102689 11
20102707 153
20102707 6917
20102711 1
20102717 52
20102807 64
20102809 2016
20102861 4
20102861 60
20102861 9856
20102899 264
20102917 8
20102917 147
20102933 4167
20103071 1
20103091 41
20103101 3
20103101 2616
20103113 15
20103203 1
20103313 8
20103329 36
20103359 2085
20103373 1923
20103383 6216
20103427 8
20103427 132
20103487 432
20103493 1503
20103511 2273
20103533 3
20103533 111
20103659 1
20103697 4943
20103737 3
20103751 80
20103773 4900
20103793 3
20103793 107
20103803 1021
20103971 1
20103971 36
20103977 3
20104003 740
20104031 5964
20104153 3
20104229 4
20104241 4
20104241 4336
20104307 9820
20104351 5
20104351 2004
20104379 1
20104433 16
20104493 111
20104531 8
20104759 236
20104769 12
20104811 73
20104823 1
20104867 1092
20104933 36
20104993 63
20104993 2912
20105089 2084
20105131 101
20105191 624
20105227 93
20105257 3
20105303 1
20105333 1392
20105341 176
20105387 237
20105507 1737
20105521 23
20105521 1035
20105551 2213
20105599 45
20105627 4
20105627 48
20105627 789
20105677 243
20105741 1191
20105759 1
20105777 135
20105779 44
20105791 1748
20105797 8
20105797 80
20105807 2965
20105863 5
20105927 625
20105929 6332
20105957 3
20105957 4
20106001 3
20106001 8
20106007 8
20106061 404
20106091 21
20106143 37
20106287 4
20106311 1209
20106337 308
20106407 12
20106407 2388
20106469 32
20106487 1140
20106521 2520
20106607 165
20106641 15
20106641 1411
20106643 261
20106659 1
20106743 61
20106917 40
20106917 127
20106973 1607
20107049 31
20107049 4284
20107067 1225
20107177 128
20107349 12
20107349 727
20107429 36
20107523 4480
20107541 324
20107553 3
20107603 80
20107649 435
20107679 2224
20107693 543
20107729 372
20107729 5267
20107733 7
20107733 423
20107739 1
20107739 100
20107751 3288
20107807 833
20107823 736
20107837 15
20107853 171
20108009 12
20108009 939
20108027 2317
20108029 24
20108051 2833
20108063 732
20108159 2800
20108167 9
20108171 1024
20108351 2980
20108377 252
20108377 764
20108443 17
20108443 740
20108531 1
20108531 25
20108609 139
20108747 4
20108789 691
20108839 444
20108857 320
20108917 3
20108939 12
20109007 9
20109041 6403
20109059 1
20109071 124
20109073 56
20109119 4381
20109197 55
20109319 320
20109319 1025
20109343 3941
20109413 36
20109493 3
20109517 27
20109553 168
20109653 3
20109653 408
20109667 5
20109839 9
20109863 357
20109871 509
20109871 1109
20109877 863
20109883 221
20109893 295
20109977 7
20110217 4
20110217 7
20110217 4572
20110229 16
20110229 1596
20110231 281
20110241 36
20110243 1188
20110273 15
20110397 232
20110399 2244
20110481 744
20110483 12
20110511 1
20110511 25
20110523 1
20110523 201
20110553 252
20110583 6673
20110613 696
20110613 7491
20110631 1
20110801 156
20110819 5144
20110841 4
20110927 57
20110927 257
20110927 504
20110927 6084
20110957 84
20111087 2404
20111167 12
20111183 12
20111243 180
20111257 8
20111303 85
20111411 1
20111411 1429
20111501 3
20111681 24
20111687 385
20111711 1
20111803 17
20111869 27
20111879 25
20111933 3091
20112007 29
20112023 1
20112107 552
20112107 3949
20112151 353
20112223 857
20112233 28
20112269 132
20112319 3204
20112403 117
20112503 1
20112611 9
20112637 3
20112727 4217
20112727 8352
20112739 780
20112791 1
20112839 4
20112839 36
20112871 944
20112899 1
20112947 1797
20112973 48
20112973 1080
20112973 5696
20113043 112
20113043 160
20113073 252
20113099 36
20113139 1
20113187 4
20113187 1020
20113189 75
20113217 3
20113337 7
20113367 232
20113547 289
20113627 108
20113651 2429
20113651 7241
20113721 2395
20113783 5
20113817 4
20113817 2595
20113883 1
20113883 5440
20113949 112
20113963 120
20113999 9
20114047 7589
20114099 3240
20114123 6496
20114173 56
20114183 1
20114183 300
20114249 736
20114249 2547
20114299 80
20114309 4
20114309 7
20114309 1344
20114317 168
20114321 3
20114321 123
20114389 56
20114447 397
20114459 4
20114491 8
20114491 56
20114557 15
20114573 123
20114651 1
20114651 124
20114659 24
20114659 252
20114687 153
20114701 3
20114707 17
20114707 1577
20114827 12
20114837 79
20115101 180
20115113 31
20115191 4
20115197 2332
20115323 1
20115331 5
20115413 7
20115449 91
20115449 112
20115451 1109
20115481 168
20115493 308
20115503 1
20115553 903
20115587 4
20115659 1
20115659 45
20115713 43
20115727 2988
20115829 71
20115917 4615
20115971 1
20115983 1
20116021 111
20116039 105
20116073 3
20116133 28
20116163 3088
20116211 9
20116367 109
20116367 1233
20116381 635
20116417 6779
20116429 599
20116451 1
20116451 3280
20116477 24
20116543 68
20116667 9
20116717 3
20116727 1825
20116741 1028
20116783 41
20116813 23
20116891 8760
20116919 1
20116997 3
20117003 136
20117003 1621
20117023 3156
20117243 1
20117243 13
20117243 153
20117287 5
20117299 21
20117303 21
20117351 1
20117359 12
20117473 3
20117519 841
20117627 2644
20117711 136
20117717 6480
20117759 1
20117869 4239
20117891 196
20117891 369
20117947 1617
20117963 1
20118037 743
20118041 1111
20118071 40
20118071 216
20118073 5060
20118097 75
20118103 5
20118107 37
20118299 4
20118299 57
20118419 1
20118419 904
20118421 200
20118421 3896
20118437 7
20118481 11
20118499 17
20118523 48
20118541 3
20118551 369
20118617 168
20118617 1408
20118653 3
20118661 644
20118677 3
20118677 4639
20118733 32
20118751 416
20118869 600
20118983 381
20119037 139
20119037 588
20119097 4
20119097 5367
20119139 81
20119153 843
20119291 5
20119369 4880
20119439 1
20119441 24
20119543 5
20119661 63
20119681 35
20119709 3852
20119751 60
20119751 61
20119831 5
20119867 5
20119867 12
20119877 72
20119903 332
20119919 25
20120029 951
20120047 333
20120071 1136
20120153 75
20120203 557
20120251 5
20120447 249
20120533 23
20120533 560
20120539 1697
20120543 1
20120623 12
20120651 1
20120651 4
20120657 4
20120657 108
20120657 6100
20120717 1999
20120729 12
20120743 792
20120759 36
20120801 4
20120957 4
20120959 2280
20120959 3504
20121043 8
20121043 92
20121097 3
20121097 2063
20121107 49
20121173 7140
20121193 12
20121193 2247
20121271 1325
20121281 2035
20121347 445
20121391 9
20121427 5
20121427 9
20121433 83
20121539 1
20121539 52
20121683 12
20121769 1640
20121823 473
20121823 536
20121839 4
20121841 15
20121923 3208
20121923 8437
20121989 1660
20122051 468
20122087 8
20122087 5640
20122093 3
20122147 44
20122199 12
20122241 3
20122369 11
20122369 84
20122469 556
20122477 1044
20122477 1179
20122511 9
20122591 5
20122591 345
20122637 207
20122673 15
20122699 2541
20122703 408
20122757 292
20122763 13
20122807 48
20122819 5
20122831 261
20122831 3981
20122853 7
20122853 15
20122873 48
20122901 3231
20122979 1800
20122997 3
20123149 176
20123171 21
20123177 12
20123287 144
20123293 15
20123339 36
20123377 15
20123387 312
20123401 623
20123437 3288
20123479 17
20123539 1941
20123549 460
20123581 120
20123633 28
20123633 43
20123683 1100
20123759 4
20123771 333
20123809 3260
20123843 1872
20123843 9061
20123861 3
20123891 3528
20123891 4896
20123923 5
20123927 12
20123927 192
20123959 2564
20124101 3
20124127 32
20124179 1161
20124193 692
20124217 95
20124253 15
20124323 1
20124323 48
20124353 75
20124353 100
20124491 88
20124529 35
20124551 244
20124551 2556
20124581 2263
20124593 255
20124647 9
20124833 940
20124943 296
20124953 7
20125073 2868
20125087 5
20125153 3
20125381 3
20125387 548
20125397 8923
20125471 8
20125513 651
20125543 236
20125601 2604
20125613 1012
20125631 4
20125697 4
20125723 2268
20125751 88
20125751 160
20125867 12
20125871 208
20125991 493
20126053 300
20126053 320
20126201 4
20126207 4
20126231 541
20126231 661
20126329 24
20126333 432
20126333 487
20126399 1
20126417 3
20126497 8
20126497 35
20126497 320
20126497 987
20126503 8
20126597 4
20126713 1631
20126891 1
20126891 36
20126989 96
20127109 491
20127119 4
20127143 117
20127143 8041
20127193 1571
20127301 3
20127301 8
20127509 180
20127607 48
20127713 207
20127713 2368
20127739 252
20127851 1
20127911 1
20127911 9
20127929 111
20127929 4267
20127971 16
20127977 4
20128061 3
20128061 4
20128123 236
20128211 1
20128223 5757
20128301 8023
20128337 2584
20128399 5
20128399 8492
20128421 3
20128469 31
20128477 24
20128583 1
20128583 4488
20128607 28
20128681 96
20128681 111
20128699 129
20128763 1
20128789 4319
20128837 7128
20128879 336
20128903 336
20128937 160
20129023 732
20129023 1428
20129047 480
20129141 100
20129143 825
20129159 1
20129167 8
20129269 2351
20129311 33
20129339 16
20129339 45
20129383 5
20129503 4581
20129651 28
20129663 1
20129663 148
20129687 25
20129713 11
20129713 48
20129743 5
20129743 1148
20129749 104
20129773 23
20129789 72
20129861 3
20129897 3
20129897 9784
20129951 1
20129981 379
20130001 3
20130043 300
20130079 12
20130197 7143
20130251 1
20130349 39
20130403 48
20130449 16
20130527 352
20130529 420
20130599 9
20130683 141
20130707 217
20130707 3697
20130769 36
20130791 24
20130791 181
20130797 1047
20130931 956
20130931 2093
20130949 1020
20130949 7631
20130961 3
20131019 1
20131019 4317
20131031 21
20131081 56
20131103 1
20131129 7092
20131207 1032
20131211 1
20131211 105
20131217 5104
20131271 1
20131271 84
20131273 3455
20131297 15
20131297 44
20131373 12
20131399 1085
20131513 12
20131513 8411
20131547 1005
20131547 2188
20131607 232
20131681 299
20131717 3
20131753 1575
20131931 1
20131931 805
20131981 11
20132009 67
20132129 7
20132179 1781
20132243 1
20132251 545
20132251 1248
20132297 27
20132303 1
20132401 84
20132479 2769
20132509 939
20132587 17
20132617 12
20132639 1
20132713 2436
20132803 741
20132813 16
20132821 15
20132911 2808
20132923 8
20132933 3507
20132999 1
20132999 52
20133023 48
20133041 763
20133053 220
20133193 1740
20133277 200
20133329 31
20133397 639
20133413 540
20133551 1
20133551 4420
20133563 1
20133623 1
20133677 3
20133731 1
20133739 84
20133793 63
20133803 5008
20133851 69
20133851 105
20133937 7067
20133943 2468
20133959 1
20133989 160
20134043 700
20134063 117
20134111 345
20134123 5037
20134201 1244
20134313 12
20134333 60
20134343 1
20134343 12
20134379 1
20134391 105
20134417 72
20134463 1
20134553 3
20134619 1
20134627 8
20134633 263
20134711 825
20134757 7
20134757 75
20134769 40
20134799 1
20134883 1
20134897 84
20134897 5652
20134931 1
20134937 4
20134937 12
20134949 1875
20134979 1
20134997 4
20135197 3
20135197 120
20135239 3581
20135257 452
20135257 7688
20135263 20
20135267 13
20135347 1548
20135431 2505
20135539 24
20135539 77
20135623 5
20135623 6672
20135629 171
20135681 63
20135761 4136
20135827 957
20136173 12
20136173 235
20136241 335
20136367 24
20136383 40
20136383 2496
20136421 179
20136503 1
20136511 5373
20136553 80
20136553 4991
20136631 9
20136631 2768
20136679 132
20136679 369
20136731 1
20136731 2401
20136773 7
20136841 23
20136841 51
20136911 1
20136911 5449
20136967 5
20136967 32
20136973 552
20136997 135
20137057 68
20137081 3
20137193 4291
20137331 4
20137331 1149
20137331 2836
20137417 8
20137487 9
20137541 148
20137589 67
20137651 9
20137651 48
20137783 5
20137829 4
20137829 15
20137849 5724
20137951 1748
20137963 36
20138159 1
20138171 4
20138191 24
20138243 28
20138269 39
20138273 336
20138273 4996
20138273 6211
20138303 48
20138449 20
20138453 3
20138453 7
20138527 9
20138633 2943
20138633 7200
20138827 372
20138903 25
20139011 1
20139011 345
20139109 1500
20139127 8
20139131 1
20139143 312
20139239 1
20139239 64
20139247 197
20139479 1332
20139503 1
20139557 87
20139661 3668
20139683 1
20139857 4
20139871 9
20139937 12
20139983 37
20139997 32
20140027 8
20140031 1
20140091 1
20140213 875
20140243 5
20140271 1
20140279 381
20140301 55
20140331 1
20140343 2896
20140451 3696
20140457 4179
20140489 372
20140559 36
20140573 6048
20140609 1344
20140613 4555
20140643 3520
20140739 21
20140751 1
20140787 9972
20140807 200
20140831 9
20140943 1
20140949 339
20141003 1
20141081 3
20141111 264
20141153 2011
20141171 16
20141221 683
20141249 91
20141263 825
20141269 119
20141321 3
20141321 4239
20141383 20
20141467 1704
20141711 1
20141711 1120
20141789 159
20141789 900
20141809 632
20141893 8156
20141917 5123
20141929 32
20142013 3
20142049 47
20142389 1540
20142389 1939
20142401 96
20142511 404
20142517 23
20142583 21
20142673 2528
20142701 4
20142701 1296
20142701 2419
20142803 25
20142803 52
20142803 801
20142821 15
20142851 21
20142919 345
20142919 2525
20142919 6137
20142929 39
20143027 8
20143031 1
20143037 427
20143043 372
20143153 3
20143301 163
20143379 1
20143381 3
20143411 636
20143421 15
20143427 8904
20143441 23
20143489 44
20143489 620
20143621 1779
20143631 933
20143639 125
20143663 21
20143729 15
20143817 7
20143829 136
20143859 141
20143859 312
20143889 19
20143901 1891
20143943 1
20144023 185
20144051 21
20144071 5
20144077 7683
20144107 92
20144119 57
20144143 1965
20144219 1
20144219 12
20144231 9
20144239 4017
20144249 31
20144249 4027
20144261 3
20144273 3
20144279 1
20144279 184
20144321 1035
20144387 4
20144521 99
20144521 4080
20144549 75
20144587 7709
20144599 56
20144599 852
20144627 180
20144741 1231
20144767 273
20144809 140
20144857 3
20144903 1
20144963 1048
20144977 195
20145109 207
20145109 2631
20145233 9132
20145361 63
20145583 33
20145617 3
20145617 1644
20145689 12
20145689 3475
20145791 1
20145793 5207
20145863 28
20145889 15
20145949 36
20146111 5
20146171 6008
20146177 492
20146177 4424
20146219 281
20146223 28
20146267 228
20146319 1
20146331 1
20146337 40
20146349 892
20146349 1731
20146349 3411
20146393 8
20146453 8112
20146573 1200
20146573 2508
20146639 377
20146681 63
20146757 7999
20146801 3
20146927 9
20146979 132
20147111 1
20147221 551
20147251 60
20147371 5
20147389 104
20147399 1
20147423 1
20147437 3
20147459 49
20147459 412
20147483 1
20147483 877
20147539 1416
20147587 105
20147623 21
20147683 132
20147707 5
20147761 2111
20147857 672
20147891 4
20147899 20
20147899 200
20147899 1281
20147903 708
20148041 240
20148131 24
20148137 4
20148217 327
20148241 740
20148269 264
20148367 32
20148409 36
20148433 8
20148433 1863
20148521 499
20148581 84
20148619 5
20148647 1465
20148679 132
20148767 4677
20148827 9
20148839 961
20148883 68
20148899 9
20148899 76
20148901 11
20148959 1
20148959 4
20148959 616
20149037 3
20149043 1
20149043 45
20149049 4152
20149099 12
20149099 41
20149109 7
20149117 3
20149117 24
20149123 21
20149153 6732
20149211 676
20149237 783
20149309 864
20149427 4
20149453 216
20149477 3
20149489 1259
20149501 260
20149523 1
20149529 460
20149529 1287
20149543 5
20149553 7
20149559 4
20149589 4
20149603 33
20149603 1788
20149627 29
20149637 6888
20149651 449
20149673 216
20149711 5
20149711 8
20149799 1
20149799 640
20149859 1
20149889 4
20149889 8131
20149931 1
20149931 33
20149973 88
20150033 27
20150033 3852
20150087 9
20150087 177
20150153 91
20150189 196
20150233 668
20150257 44
20150267 49
20150267 165
20150303 96
20150303 6397
20150443 17
20150453 4471
20150569 27
20150573 2100
20150687 4
20150687 28
20150687 1972
20150749 972
20150749 1220
20150821 35
20150861 3
20150861 4
20150957 519
20150983 1025
20151011 1
20151097 15
20151181 188
20151221 3
20151221 100
20151233 12
20151251 1
20151277 408
20151311 1
20151311 24
20151311 85
20151311 553
20151359 4
20151407 124
20151449 7987
20151479 45
20151479 585
20151529 72
20151619 5
20151667 105
20151701 171
20151701 1431
20151737 7
20151743 420
20151743 4552
20151751 9
20151827 88
20151827 2925
20151871 309
20151877 120
20151947 3208
20151959 1
20151961 3768
20151973 23
20152039 45
20152063 12
20152073 163
20152177 3
20152177 207
20152211 1
20152213 3
20152261 3
20152313 15
20152367 60
20152381 11
20152459 12
20152471 5
20152523 1
20152591 213
20152603 1908
20152609 3687
20152703 12
20152747 1388
20152823 1
20152931 64
20152969 99
20153051 1
20153291 1
20153323 132
20153377 540
20153389 56
20153401 623
20153401 6344
20153473 620
20153491 5885
20153561 15
20153723 1
20153849 7
20153879 12
20153941 495
20153951 465
20154037 1043
20154089 1467
20154133 12
20154191 1
20154313 15
20154361 63
20154361 191
20154403 17
20154419 1
20154473 72
20154473 196
20154527 393
20154581 220
20154613 3
20154613 1112
20154613 8307
20154671 1
20154683 1708
20154689 15
20154727 5
20154727 620
20154833 55
20154859 5
20154887 205
20154907 1433
20155097 1087
20155097 6099
20155169 15
20155327 9380
20155357 4343
20155441 1596
20155481 720
20155511 1
20155649 7
20155669 444
20155669 3807
20155679 7872
20155703 177
20155909 1044
20156029 27
20156153 16
20156153 1236
20156183 1
20156219 1
20156243 1
20156329 44
20156369 232
20156573 580
20156581 620
20156621 4
20156621 4411
20156627 4
20156627 57
20156629 11
20156681 1560
20156821 8
20156879 2352
20156921 16
20156933 280
20156963 1113
20157029 67
20157047 688
20157083 265
20157097 3
20157187 5
20157229 564
20157229 692
20157253 3396
20157337 1412
20157353 132
20157367 257
20157367 2112
20157391 4920
20157413 100
20157421 39
20157433 23
20157503 76
20157647 2668
20157677 120
20157679 221
20157707 60
20157737 7
20157743 21
20157749 1596
20157833 16
20157833 28
20158049 4
20158093 8
20158163 37
20158207 48
20158289 7
20158363 933
20158399 29
20158421 3
20158421 1528
20158547 1089
20158597 395
20158703 165
20158739 1
20158777 2519
20158807 17
20158819 2192
20158843 12
20158883 8217
20158909 39
20158967 580
20158993 468
20159119 12
20159177 388
20159261 3
20159261 2499
20159267 24
20159267 1564
20159317 348
20159327 72
20159327 297
20159383 21
20159407 513
20159407 825
20159417 3
20159417 4
20159507 4
20159509 279
20159537 3
20159537 2187
20159591 1
20159597 12
20159681 3
20159723 21
20159723 48
20159747 189
20159761 468
20159761 9819
20159917 12
20159933 160
20159939 1
20159941 191
20159947 7020
20160037 92
20160037 1100
20160067 8
20160251 1
20160253 1287
20160319 1460
20160457 1955
20160461 1291
20160529 36
20160533 7
20160727 392
20160773 16
20160817 99
20160821 4
20160953 3220
20160961 8
20161027 648
20161091 525
20161103 261
20161153 1236
20161157 1155
20161243 60
20161321 35
20161343 1
20161487 13
20161523 1
20161567 8
20161567 17
20161591 228
20161693 1715
20161697 7
20161697 108
20161751 765
20161753 3
20161787 9
20161853 196
20161877 48
20161909 479
20162123 1
20162167 5
20162171 21
20162213 1432
20162239 12
20162257 3
20162257 1964
20162267 673
20162321 403
20162333 255
20162333 612
20162339 2521
20162537 7
20162539 21
20162567 28
20162827 8
20162887 2349
20162957 4
20162959 5592
20162963 1
20162999 40
20163023 12
20163023 136
20163043 3293
20163053 328
20163067 8
20163083 772
20163119 1
20163151 144
20163167 4513
20163223 5
20163239 1
20163301 5664
20163317 55
20163317 183
20163359 1
20163397 20
20163443 1
20163491 1
20163551 1
20163701 39
20163701 84
20163839 2085
20163931 33
20164013 171
20164049 24
20164121 31
20164121 103
20164163 108
20164163 396
20164219 120
20164283 1
20164381 104
20164423 5
20164423 380
20164429 164
20164439 4
20164451 1504
20164493 120
20164493 307
20164523 2976
20164561 24
20164577 12
20164577 247
20164733 12
20164763 28
20164777 35
20164777 39
20164847 9
20164853 696
20164877 4
20164877 28
20164931 4
20164931 84
20165141 3
20165161 8
20165231 1
20165339 1
20165377 2412
20165377 5667
20165401 891
20165471 24
20165473 3051
20165489 7
20165507 2625
20165521 3
20165521 2499
20165533 1055
20165543 12
20165609 72
20165623 6593
20165627 9400
20165647 5
20165681 4
20165681 43
20165681 1515
20165767 57
20165819 1
20165843 2097
20165857 20
20165857 5435
20165911 5
20165921 6208
20165941 3500
20166119 36
20166143 1
20166247 8637
20166317 27
20166389 267
20166407 109
20166413 7
20166439 24
20166439 7281
20166481 216
20166521 3
20166521 19
20166583 21
20166721 83
20166781 671
20166781 2780
20166781 4163
20166841 5411
20166851 1
20166893 7
20166959 1
20167003 768
20167009 15
20167009 627
20167031 216
20167031 576
20167031 2728
20167079 1
20167127 4
20167181 271
20167207 9
20167207 6353
20167211 1
20167211 408
20167229 55
20167241 31
20167283 13
20167291 33
20167333 11
20167471 8
20167517 328
20167523 1
20167571 2833
20167571 6921
20167643 1
20167669 24
20167699 77
20167717 1572
20167739 1732
20167799 1
20167799 4417
20167811 1
20167811 3288
20167853 3
20167853 568
20167951 21
20168009 1084
20168041 3
20168051 1
20168119 1172
20168129 15
20168227 2720
20168237 1443
20168279 1
20168279 7077
20168303 1
20168371 149
20168381 16
20168411 1
20168459 1545
20168527 8
20168527 324
20168587 969
20168767 5
20168777 192
20168801 3
20168831 4
20168873 3
20168921 640
20168933 36
20168947 32
20169047 4
20169133 15
20169133 140
20169139 29
20169199 9
20169299 4281
20169419 1
20169481 11
20169491 525
20169503 1
20169517 312
20169559 7029
20169571 20
20169619 41
20169649 24
20169719 4
20169731 36
20169767 808
20169829 1175
20169841 3
20169883 17
20170009 192
20170049 87
20170081 39
20170121 2991
20170141 39
20170169 12
20170247 385
20170301 9084
20170363 240
20170499 1
20170499 37
20170511 1
20170511 21
20170627 2297
20170637 15
20170637 532
20170639 57
20170643 28
20170649 480
20170651 101
20170651 564
20170679 4
20170697 160
20170699 7637
20170831 8508
20170847 6724
20170853 2832
20170867 24
20170879 5409
20170901 3
20170903 8
20170933 4611
20171017 35
20171071 5
20171071 8
20171083 8
20171083 9888
20171101 36
20171219 36
20171219 381
20171233 3
20171233 83
20171279 1
20171321 48
20171329 27
20171351 1
20171351 1620
20171383 8
20171477 15
20171477 4987
20171497 39
20171531 13
20171603 1
20171603 1437
20171633 40
20171633 3096
20171647 33
20171681 28
20171699 1
20171729 7795
20171777 163
20171797 692
20171797 1007
20171813 12
20171813 6336
20171951 1
20171951 120
20171951 1969
20172001 3
20172001 80
20172007 9
20172037 372
20172073 83
20172107 4
20172121 23
20172137 3
20172137 327
20172193 75
20172211 9
20172247 9
20172247 17
20172343 260
20172407 25
20172409 1119
20172419 1
20172499 12
20172641 3
20172643 12
20172683 1
20172731 1
20172731 405
20172743 28
20172781 24
20172827 460
20172941 63
20173081 99
20173091 21
20173133 28
20173289 67
20173463 2485
20173561 3
20173609 7775
20173613 43
20173613 88
20173613 96
20173723 108
20173723 4032
20173753 47
20173757 3
20173757 2583
20173799 1
20173873 3
20173957 8
20173999 5
20174017 2519
20174039 1
20174039 9
20174081 3
20174117 2439
20174239 3101
20174249 4
20174261 3
20174311 89
20174311 165
20174317 143
20174369 19
20174383 1001
20174389 11
20174389 107
20174411 1
20174471 4636
20174533 635
20174641 15
20174653 20
20174729 1407
20174897 28
20174899 129
20175013 3
20175013 420
20175061 51
20175149 4
20175161 4164
20175191 93
20175193 3
20175193 2195
20175371 1
20175377 4
20175377 7
20175469 15
20175653 9807
20175671 1
20175773 2628
20175979 89
20175979 3960
20175983 1
20175983 2500
20175997 227
20176003 20
20176003 245
20176049 204
20176087 1028
20176193 616
20176213 23
20176213 188
20176243 60
20176249 44
20176327 392
20176327 872
20176337 3
20176391 1
20176463 36
20176463 97
20176477 3
20176601 543
20176621 3
20176699 149
20176759 396
20176789 12
20176831 5
20177021 4
20177033 7
20177119 332
20177161 11
20177177 19
20177231 1
20177239 305
20177323 1161
20177329 11
20177387 129
20177413 9815
20177461 3
20177629 35
20177723 16
20177743 5
20177743 21
20177747 13
20177749 2132
20177761 60
20177779 7145
20177821 3
20177837 12
20177999 1
20178157 3
20178253 80
20178293 16
20178299 1
20178311 45
20178317 6640
20178377 5523
20178479 1
20178503 36
20178607 5
20178667 8
20178667 2384
20178713 3
20178731 8776
20178853 3
20178853 227
20178857 7
20178857 40
20178953 187
20178971 4
20178973 240
20179139 1324
20179217 4
20179217 43
20179241 4
20179241 15
20179249 12
20179337 147
20179343 1
20179351 20
20179351 41
20179351 1164
20179363 221
20179433 3456
20179499 3969
20179507 8
20179519 857
20179531 3500
20179531 7361
20179559 60
20179631 24
20179637 4
20179693 2552
20179741 8
20179751 1069
20179877 7
20179891 5
20179891 2249
20179921 3
20180009 12
20180063 328
20180087 49
20180087 108
20180123 1
20180179 4100
20180189 100
20180189 2175
20180191 5
20180311 5328
20180341 2519
20180353 51
20180359 404
20180359 2657
20180399 1
20180399 4
20180533 3
20180539 261
20180539 1377
20180621 3
20180627 48
20180627 52
20180707 5
20180707 4449
20180731 24
20180759 4
20180833 572
20180851 929
20180857 3
20180857 12
20180933 3
20181053 3
20181053 7320
20181121 8
20181131 21
20181191 1
20181311 13
20181347 1764
20181487 92
20181503 1333
20181521 19
20181523 12
20181523 1208
20181571 165
20181619 1344
20181739 4680
20181757 44
20181769 231
20181793 876
20181803 1
20181937 3
20181979 5
20182049 304
20182049 3264
20182073 4440
20182163 12
20182219 2072
20182297 3444
20182303 420
20182403 81
20182493 1492
20182517 3
20182571 24
20182577 88
20182639 377
20182651 5624
20182681 15
20182717 15
20182831 5
20182831 33
20182849 960
20182889 2647
20182901 4
20182907 4
20182913 3
20182933 728
20183021 4
20183309 1812
20183347 1424
20183417 132
20183441 3
20183447 4
20183477 7167
20183483 4161
20183519 49
20183617 8
20183621 39
20183651 1
20183651 21
20183659 17
20183699 1
20183711 3333
20183837 3
20183929 1416
20184011 9
20184011 376
20184053 568
20184067 44
20184067 3105
20184167 4
20184257 63
20184299 1
20184337 3
20184397 3
20184443 120
20184481 24
20184533 12
20184683 1
20184701 504
20184733 3
20184767 4
20184799 204
20184811 7125
20184863 1
20184959 1
20184959 4
20184977 100
20185093 36
20185097 139
20185177 68
20185199 1
20185213 552
20185331 361
20185357 35
20185381 3
20185471 440
20185523 1
20185573 3860
20185577 3
20185589 627
20185691 61
20185709 24
20185727 9
20185751 1
20185777 135
20185801 203
20185859 7572
20185861 3
20185967 1033
20186017 20
20186041 60
20186071 2373
20186137 5027
20186141 4
20186167 840
20186311 1580
20186339 1
20186339 64
20186381 7236
20186399 4
20186447 204
20186447 3073
20186461 35
20186501 84
20186501 160
20186561 3
20186561 4
20186561 2056
20186711 9
20186711 108
20186783 21
20186827 9284
20186879 84
20186897 3
20186897 4
20186951 1
20186951 6441
20187071 1
20187119 4
20187137 15
20187151 116
20187191 124
20187421 23
20187467 40
20187529 7671
20187571 5
20187641 595
20187641 5163
20187659 1
20187697 32
20187719 1840
20187773 375
20187773 4480
20187803 720
20187821 28
20187833 36
20187911 1
20187911 3420
20187961 296
20187989 31
20188001 19
20188033 428
20188081 24
20188081 144
20188151 16
20188151 60
20188307 888
20188307 4140
20188331 24
20188451 984
20188477 168
20188481 3
20188489 72
20188613 72
20188631 1
20188823 1
20188829 12
20188879 9
20188907 385
20188907 1828
20189069 351
20189111 1
20189329 695
20189329 9995
20189399 1
20189453 5260
20189471 6844
20189513 7
20189567 9592
20189599 129
20189621 2863
20189627 49
20189681 40
20189707 7748
20189789 7
20189797 147
20189831 1
20189831 9
20189831 409
20189849 111
20189849 895
20189849 1584
20189857 3
20189879 96
20189891 1
20189891 189
20189909 4
20190097 24
20190161 2019
20190161 5160
20190221 39
20190227 405
20190227 5388
20190299 4
20190301 11
20190323 12
20190421 23
20190421 24
20190461 4
20190523 12
20190563 712
20190593 7
20190601 24
20190719 1209
20190743 40
20190847 5
20190857 523
20190893 60
20190913 611
20190943 80
20191043 28
20191117 3
20191117 8
20191141 35
20191151 4
20191169 4
20191333 20
20191343 1477
20191351 189
20191403 1
20191417 32
20191421 115
20191429 1139
20191439 2365
20191481 4
20191637 2803
20191687 377
20191741 1139
20191753 23
20191799 1
20191799 4
20191841 148
20191987 12
20192171 48
20192171 7645
20192177 340
20192203 60
20192279 84
20192287 557
20192353 15
20192353 668
20192357 24
20192357 5827
20192369 195
20192401 63
20192441 1363
20192521 216
20192561 3
20192693 7
20192717 3
20192737 75
20192737 6023
20192743 36
20192759 1
20192771 4
20192771 16
20192771 21
20192831 1
20192849 4
20193001 3
20193037 3
20193037 23
20193097 560
20193113 3
20193119 109
20193133 155
20193301 48
20193311 1
20193343 60
20193347 72
20193419 1
20193521 1968
20193629 75
20193863 1
20193991 849
20194061 3
20194183 3845
20194259 1
20194259 4
20194301 16
20194301 1476
20194309 351
20194319 1
20194327 2205
20194357 20
20194381 1244
20194571 13
20194619 16
20194703 1
20194729 1347
20194787 12
20194789 24
20194841 399
20194847 9
20194871 25
20194903 65
20194921 2664
20194931 2629
20194969 227
20195047 608
20195177 5700
20195401 8
20195401 519
20195429 2340
20195521 171
20195557 2060
20195579 4
20195603 57
20195653 8
20195653 15
20195683 120
20195719 5
20195719 29
20195719 96
20195723 1960
20195789 832
20195869 12
20195893 8
20195893 32
20195957 2244
20196083 412
20196101 31
20196227 57
20196317 228
20196359 1
20196359 1524
20196361 908
20196409 15
20196439 432
20196443 1
20196623 1
20196653 7
20196653 271
20196679 65
20196679 624
20196721 896
20196751 8
20196797 103
20196809 816
20196889 191
20196907 293
20196923 3588
20197069 2600
20197087 2832
20197127 553
20197237 3
20197249 39
20197271 40
20197279 21
20197417 23
20197439 2229
20197447 9513
20197453 12
20197511 1
20197511 4240
20197561 8
20197561 15
20197669 20
20197687 320
20197739 76
20197799 1
20197907 228
20197909 36
20197937 4263
20197939 24
20198039 1
20198039 100
20198111 73
20198147 2412
20198251 5
20198251 53
20198251 4280
20198279 160
20198327 25
20198377 132
20198377 803
20198419 629
20198543 40
20198573 60
20198599 32
20198603 1
20198713 5427
20198743 33
20198813 3
20198821 4868
20198911 201
20198953 3
20198953 192
20198953 2555
20199059 7860
20199131 1
20199191 1
20199203 237
20199329 399
20199547 33
20199559 29
20199581 336
20199581 9988
20199583 5
20199643 60
20199643 4448
20199659 1
20199659 7576
20199701 316
20199821 4003
20199917 6435
20199931 5
20199931 65
20199947 12
20199973 56
20200027 9
20200027 284
20200057 5388
20200087 8
20200123 72
20200237 3624
20200253 3
20200253 8071
20200259 1
20200259 57
20200289 172
20200393 3
20200511 28
20200549 27
20200589 427
20200589 1179
20200657 272
20200673 340
20200679 21
20200681 3
20200703 592
20200757 4
20200757 5148
20200757 9960
20200801 60
20200813 95
20200889 24
20201021 4
20201053 12
20201063 1
20201063 13
20201101 3
20201143 353
20201173 2148
20201179 57
20201227 7869
20201249 31
20201507 49
20201551 45
20201551 140
20201651 1
20201651 349
20201651 2176
20201663 12
20201663 105
20201669 60
20201683 180
20201683 3753
20201723 28
20201803 8868
20201821 3540
20201849 16
20201897 3
20201897 220
20201911 84
20201983 65
20202011 25
20202011 2920
20202071 3193
20202179 72
20202179 7729
20202191 1
20202191 4
20202197 264
20202223 20
20202313 12
20202439 636
20202461 19
20202493 12
20202509 7
20202517 3
20202571 56
20202571 1985
20202631 2861
20202797 48
20202803 601
20202841 8
20202881 16
20202883 36
20202943 332
20203049 15
20203049 51
20203133 52
20203217 15
20203301 111
20203489 3731
20203567 5
20203643 1
20203657 140
20203721 75
20203721 720
20203889 2355
20203919 1
20204003 1
20204027 469
20204113 596
20204113 5468
20204207 73
20204209 452
20204231 1
20204243 60
20204299 401
20204341 3
20204351 1
20204389 20
20204411 468
20204417 48
20204477 243
20204573 3
20204671 444
20204753 3
20204831 9
20204861 235
20204861 595
20204903 108
20205139 12
20205281 4
20205301 711
20205301 1184
20205331 3585
20205371 1
20205533 3
20205611 1
20205617 3
20205623 1
20205623 28
20205739 12
20205739 296
20205767 4
20205781 735
20206019 1
20206129 3939
20206171 1608
20206211 4
20206247 48
20206283 133
20206343 96
20206343 517
20206427 45
20206631 729
20206721 28
20206801 276
20206961 3
20207147 493
20207207 28
20207233 3
20207281 3
20207281 3215
20207309 7
20207309 39
20207333 96
20207389 495
20207417 15
20207419 149
20207437 27
20207437 95
20207459 177
20207471 1
20207471 376
20207521 3
20207597 3
20207617 3
20207617 20
20207651 1
20207651 21
20207723 2688
20207771 4213
20207801 4
20207833 63
20207839 257
20207909 19
20207987 2424
20207989 51
20208047 6352
20208163 165
20208247 5
20208277 3
20208299 9
20208319 56
20208403 1196
20208413 51
20208413 63
20208431 1
20208431 13
20208443 2140
20208523 2141
20208541 4508
20208547 44
20208547 1365
20208619 60
20208619 2124
20208719 1
20208781 15
20208863 417
20208959 1
20208959 4
20208961 3
20209043 12
20209043 1101
20209207 5
20209213 1907
20209337 4
20209337 4440
20209367 12
20209381 20
20209429 380
20209547 3432
20209649 2611
20209691 1
20209751 2296
20209789 5640
20209811 324
20209841 4
20209841 183
20209883 1
20209883 5436
20209909 27
20209949 1059
20209961 24
20209963 8
20209963 8040
20210027 2680
20210039 21
20210101 23
20210143 2013
20210291 553
20210317 12
20210689 36
20210717 4
20210753 27
20210759 1
20210759 144
20210803 36
20210867 1197
20210881 4284
20210891 1
20211031 236
20211031 341
20211203 1
20211203 61
20211259 21
20211407 13
20211461 3
20211613 11
20211617 28
20211671 1
20211671 16
20211683 1
20211683 93
20211749 52
20211749 1735
20211931 1316
20211949 59
20211973 803
20212001 4
20212033 203
20212063 8
20212103 1
20212111 21
20212223 208
20212223 768
20212319 4
20212327 489
20212499 1
20212547 12
20212667 5137
20212723 3360
20212747 8
20212747 7188
20212889 259
20213059 4416
20213099 16
20213197 3
20213197 24
20213293 23
20213351 648
20213353 20
20213353 1076
20213399 4
20213471 349
20213471 1116
20213497 3
20213563 20
20213639 1012
20213717 3
20213719 7449
20213819 3169
20213873 348
20213923 36
20213923 72
20214053 1011
20214113 72
20214137 1119
20214203 493
20214223 32
20214269 1096
20214287 6505
20214319 5784
20214323 28
20214329 391
20214413 16
20214451 3281
20214569 96
20214611 1
20214611 9
20214611 21
20214721 23
20214731 1
20214731 169
20214731 441
20214749 7
20214749 16
20214791 1
20214809 12
20214829 3675
20214959 3165
20214991 48
20215033 167
20215093 47
20215093 60
20215133 2335
20215171 8
20215241 15
20215267 60
20215267 72
20215303 32
20215451 1
20215457 4588
20215537 107
20215537 824
20215561 15
20215661 108
20215667 25
20215711 8
20215757 3
20215799 37
20215841 3
20215883 1
20215883 568
20215967 60
20215967 72
20215991 49
20215997 5919
20216033 3520
20216087 9852
20216093 571
20216099 1
20216099 4
20216099 280
20216137 7820
20216167 8
20216201 3
20216237 52
20216237 1387
20216243 45
20216297 3
20216489 595
20216501 276
20216593 35
20216633 528
20216639 57
20216641 8
20216699 1
20216699 36
20216699 40
20216827 5
20216827 6113
20216863 228
20216921 75
20216921 5563
20216939 8785
20216951 1
20216951 13
20217137 3
20217163 2237
20217173 51
20217209 31
20217269 7
20217283 813
20217287 1764
20217313 711
20217319 21
20217343 77
20217347 28
20217367 8
20217367 1260
20217371 1
20217371 108
20217371 156
20217371 4716
20217427 20
20217427 365
20217493 23
20217557 4
20217619 101
20217679 12
20217679 224
20217679 369
20217749 892
20217817 3
20217931 5
20218139 21
20218193 3
20218313 3967
20218333 972
20218349 480
20218427 33
20218463 541
20218531 5
20218571 1
20218607 60
20218631 8428
20218697 43
20218703 48
20218787 13
20218787 1108
20218819 372
20218843 5
20218859 76
20218949 15
20219011 4061
20219077 240
20219141 439
20219183 1
20219189 4
20219197 992
20219257 1007
20219333 7
20219377 1700
20219387 4069
20219473 5475
20219539 5
20219587 72
20219651 1
20219869 360
20219891 1
20219939 1
20219939 169
20219951 9
20220077 67
20220121 15
20220127 5
20220143 21
20220149 7
20220173 16
20220247 120
20220251 1
20220253 543
20220253 5351
20220283 12
20220307 5144
20220323 12
20220331 488
20220359 169
20220373 1020
20220383 1
20220467 364
20220467 1033
20220619 4364
20220653 2656
20220679 72
20220817 239
20220877 3
20220877 1175
20220901 96
20220983 1
20221009 159
20221049 7
20221049 132
20221151 544
20221153 12
20221183 720
20221193 40
20221259 81
20221259 85
20221261 191
20221261 2139
20221307 4
20221319 1
20221319 1060
20221457 264
20221541 64
20221547 9
20221547 769
20221633 3767
20221697 99
20221727 337
20221801 116
20221819 9
20221843 2733
20221849 240
20221849 3551
20221913 3
20221921 3
20221963 113
20221963 3185
20222003 1
20222047 24
20222047 6369
20222063 1
20222063 16
20222123 348
20222161 8
20222161 371
20222179 24
20222233 20
20222243 313
20222249 396
20222351 4
20222351 2820
20222353 8
20222357 180
20222603 2380
20222611 5784
20222723 52
20222767 428
20222767 1469
20222837 1204
20222933 3
20222953 260
20223023 8637
20223083 9088
20223101 19
20223257 8844
20223403 1265
20223499 29
20223551 448
20223551 708
20223691 3969
20223767 213
20223787 105
20223857 535
20223943 8460
20223977 2227
20224013 48
20224069 15
20224091 1
20224247 64
20224247 144
20224481 3
20224483 5
20224537 932
20224537 7400
20224541 16
20224559 4
20224667 97
20224811 465
20224909 11
20224909 20
20224943 57
20224943 313
20224943 652
20225011 21
20225047 20
20225077 3239
20225159 8545
20225167 8
20225243 21
20225477 372
20225479 12
20225503 12
20225507 4072
20225539 425
20225573 511
20225593 12
20225593 27
20225629 11
20225657 420
20225687 208
20225749 39
20225771 40
20225837 60
20225911 45
20225977 260
20225987 4
20225999 12
20226023 1
20226023 28
20226067 9
20226071 1
20226071 40
20226113 1267
20226221 931
20226233 15
20226247 12
20226247 33
20226289 324
20226359 1
20226389 4
20226389 72
20226421 8
20226421 264
20226517 3
20226587 4
20226629 16
20226629 292
20226649 759
20226673 9147
20226677 55
20226707 60
20226707 249
20226721 296
20226749 7
20226797 7
20227003 1521
20227043 37
20227087 8
20227133 247
20227133 9508
20227237 128
20227303 56
20227357 3
20227393 3
20227393 63
20227411 8
20227421 324
20227421 4644
20227477 8
20227477 135
20227481 43
20227489 144
20227553 60
20227561 479
20227709 451
20227729 39
20227747 3144
20227817 27
20227849 12
20227859 1
20227859 4
20227919 21
20228041 2195
20228099 565
20228177 324
20228203 8
20228269 224
20228287 1725
20228303 6996
20228309 112
20228363 1
20228489 915
20228683 252
20228699 9
20228737 9500
20228779 5
20228783 1
20228903 465
20228951 1
20228959 732
20228981 3
20228993 43
20229007 20
20229071 36
20229071 456
20229119 9
20229119 60
20229193 5295
20229197 3
20229353 3
20229553 243
20229553 411
20229569 12
20229569 132
20229571 48
20229619 332
20229667 213
20229721 8
20229721 119
20229731 9
20229731 73
20229793 872
20229799 8721
20229829 896
20229863 9181
20229899 1221
20229901 5628
20229971 28
20229977 4
20230037 63
20230057 455
20230057 5223
20230103 1
20230109 39
20230109 72
20230121 48
20230219 4844
20230297 5315
20230361 3328
20230387 84
20230411 1853
20230499 1
20230517 3
20230571 4
20230619 4
20230643 1
20230741 24
20230751 1
20230751 5569
20230757 75
20230781 4
20230781 4828
20230967 3697
20231023 273
20231069 2016
20231093 12
20231137 2867
20231171 9
20231179 825
20231273 4927
20231279 1
20231279 144
20231279 5325
20231279 6049
20231303 1
20231383 2660
20231389 7167
20231423 1
20231429 7
20231461 3
20231527 2168
20231551 56
20231551 141
20231557 20
20231557 68
20231567 13
20231567 28
20231567 45
20231591 1
20231597 4
20231669 6520
20231677 155
20231693 156
20231707 9
20231863 5516
20231873 2128
20232001 243
20232011 1
20232041 3
20232071 1
20232127 33
20232127 104
20232133 4196
20232139 5
20232139 432
20232143 1
20232293 7
20232313 5151
20232353 7
20232371 40
20232413 8767
20232437 27
20232521 36
20232559 5765
20232659 16
20232713 75
20232731 1
20232781 20
20232781 248
20232787 2325
20232931 200
20232973 1488
20232977 300
20232991 8
20232991 396
20233063 5
20233067 9
20233093 12
20233099 641
20233319 1
20233363 1161
20233463 1
20233463 81
20233469 4
20233471 9
20233567 5
20233567 200
20233567 357
20233567 1233
20233597 387
20233601 7920
20233687 12
20233687 4848
20233769 16
20233771 141
20233771 1085
20233781 4
20233831 4448
20233861 291
20233891 941
20233897 3
20233903 345
20233919 1
20233943 1
20234023 213
20234047 197
20234101 3
20234101 80
20234117 4
20234117 15
20234167 1964
20234177 672
20234177 1299
20234231 160
20234237 3
20234251 848
20234281 11
20234311 9
20234311 3240
20234311 5180
20234329 1764
20234579 4
20234707 77
20234729 2452
20234741 16
20234741 1816
20234759 664
20234759 2140
20234803 5
20234833 23
20234927 12
20234959 432
20234989 71
20235013 11
20235043 101
20235109 12
20235109 20
20235143 88
20235197 1119
20235251 16
20235269 351
20235269 3640
20235329 111
20235353 3
20235353 7
20235353 55
20235419 4
20235511 8
20235581 343
20235599 1
20235641 595
20235641 1755
20235647 4
20235737 4
20235811 9
20235827 33
20235847 2312
20235869 4
20235889 15
20235889 51
20235911 1944
20236033 167
20236319 57
20236319 2661
20236339 3881
20236423 2021
20236507 8
20236537 3
20236537 20
20236543 437
20236609 735
20236639 6516
20236673 6415
20236717 24
20236721 64
20236721 936
20236861 155
20236943 1
20236973 1108
20237029 956
20237051 1
20237051 1053
20237093 88
20237093 688
20237101 3359
20237117 3
20237233 612
20237237 19
20237257 3
20237341 68
20237353 23
20237369 24
20237411 1
20237419 4116
20237479 8277
20237501 4
20237501 640
20237549 495
20237549 3751
20237669 124
20237669 4111
20237687 3549
20237689 87
20237759 4252
20237813 27
20237827 8
20237827 9
20237857 84
20237951 73
20237963 1
20237989 219
20238017 3
20238067 5
20238089 1116
20238131 1
20238151 5
20238233 811
20238329 15
20238353 307
20238353 616
20238469 7371
20238473 87
20238523 357
20238649 8471
20238671 13
20238719 1
20238821 19
20238901 8
20238913 2492
20238937 447
20238989 4
20238989 292
20239019 1600
20239033 11
20239033 1416
20239039 132
20239253 3
20239321 11
20239321 3140
20239337 268
20239411 5
20239463 1
20239487 85
20239487 153
20239507 9
20239507 20
20239529 7
20239613 3627
20239663 776
20239669 11
20239679 1
20239699 21
20239699 77
20239811 88
20239831 53
20239913 67
20239943 28
20239981 4308
20240089 11
20240141 4
20240219 1
20240219 7084
20240257 623
20240293 8315
20240333 12
20240399 1
20240411 36
20240459 16
20240459 445
20240543 1
20240651 180
20240663 540
20240663 568
20240683 65
20240723 12
20240789 4
20240807 9
20240903 1
20240933 4731
20240933 8703
20241119 12
20241119 1365
20241131 1
20241139 24
20241187 68
20241211 8
20241211 9
20241211 33
20241229 131
20241469 60
20241523 4925
20241563 1
20241619 189
20241653 12
20241709 152
20241709 396
20241731 1
20241787 1217
20241899 8976
20241929 252
20241967 5
20242009 644
20242021 48
20242031 1
20242051 129
20242099 5
20242169 24
20242169 1035
20242199 1
20242297 719
20242303 7688
20242331 124
20242351 9921
20242433 16
20242447 369
20242451 1
20242459 185
20242459 1805
20242483 8
20242559 4
20242697 3
20242697 7
20242951 8
20242993 7715
20243021 88
20243081 3
20243087 5209
20243089 131
20243117 952
20243143 5
20243149 180
20243203 32
20243203 4977
20243207 757
20243219 1080
20243287 3533
20243291 1
20243339 1
20243357 408
20243467 20
20243467 500
20243501 216
20243533 3
20243579 1
20243593 3
20243603 1
20243681 31
20243689 24
20243779 140
20243809 155
20243831 1
20243833 15
20243843 1
20243857 23
20243857 1703
20243879 4
20243939 157
20243953 252
20243969 72
20244089 664
20244113 16
20244167 493
20244239 97
20244317 39
20244337 579
20244383 1641
20244383 3597
20244409 224
20244449 1836
20244509 4
20244583 7788
20244599 1
20244647 1393
20244713 3
20244797 3
20244839 1
20245061 31
20245157 163
20245157 1392
20245187 2629
20245213 3
20245259 4012
20245261 884
20245411 2445
20245447 12
20245447 125
20245447 204
20245499 1
20245499 9
20245559 1
20245637 15
20245637 604
20245651 9
20245711 2228
20245739 2776
20245807 188
20245837 735
20245867 20
20245877 19
20245879 20
20245891 429
20246029 2504
20246081 2328
20246123 1
20246123 21
20246123 148
20246129 832
20246299 5
20246339 25
20246377 383
20246483 1
20246483 196
20246483 316
20246591 4
20246591 1269
20246701 671
20246729 75
20246783 1
20246783 7213
20246791 24
20246803 32
20246909 835
20246921 3
20246921 1876
20246953 12
20246977 3
20247047 13
20247127 2469
20247131 49
20247197 7
20247197 1863
20247239 1
20247239 216
20247301 120
20247313 483
20247341 3
20247343 4320
20247373 1620
20247377 4
20247377 132
20247413 1236
20247457 192
20247509 387
20247707 1312
20247793 1995
20247803 1
20247853 80
20247947 84
20248001 996
20248021 1463
20248121 19
20248121 259
20248147 228
20248147 4545
20248181 4
20248247 85
20248273 3
20248273 111
20248273 188
20248321 59
20248381 3
20248451 1
20248477 60
20248531 5376
20248537 795
20248537 944
20248589 15
20248589 75
20248733 67
20248771 29
20248871 1780
20248897 8
20248961 120
20249083 1572
20249123 1
20249153 7
20249167 29
20249183 13
20249237 5572
20249291 1
20249291 429
20249353 3
20249399 169
20249399 417
20249423 1
20249423 12
20249423 433
20249443 8
20249503 8
20249519 40
20249633 195
20249641 68
20249681 15
20249699 5980
20249791 9
20249819 1
20249837 87
20249843 1197
20249891 4
20250163 753
20250199 4701
20250239 1
20250299 7317
20250317 12
20250343 8
20250367 6300
20250389 4
20250421 24
20250421 1091
20250491 1
20250509 439
20250509 679
20250509 4611
20250539 1
20250563 1
20250563 25
20250673 3
20250673 27
20250799 29
20250821 2424
20250847 684
20250851 6324
20250869 799
20250871 389
20250887 49
20250889 35
20250899 85
20250947 7665
20250991 153
20250991 1629
20251043 40
20251043 2445
20251079 1
20251079 4
20251183 485
20251373 63
20251393 5912
20251457 7
20251457 64
20251493 196
20251513 255
20251519 4017
20251579 20
20251579 129
20251631 9
20251631 309
20251643 61
20251837 15
20251837 6575
20251849 11
20251993 171
20252017 3
20252017 59
20252051 28
20252051 649
20252093 280
20252107 6125
20252279 1
20252359 4172
20252473 212
20252501 180
20252521 8
20252539 9
20252611 21
20252707 9
20252767 12
20252783 1
20252783 556
20252839 105
20252839 4500
20252851 224
20252941 24
20253011 1
20253011 193
20253011 549
20253119 1
20253187 149
20253197 595
20253353 7
20253419 1
20253469 15
20253539 1
20253707 388
20253707 613
20253853 8
20253853 171
20253887 48
20253971 9
20254009 1067
20254049 4
20254061 255
20254243 360
20254391 1656
20254393 83
20254393 2792
20254433 360
20254547 697
20254583 96
20254609 836
20254631 1753
20254669 36
20254723 533
20254733 232
20254777 3
20254781 576
20254813 15
20254831 168
20254937 3
20254981 24
20254991 1
20254991 16
20254991 85
20254991 225
20255003 1
20255057 7
20255077 3
20255153 171
20255173 4872
20255201 84
20255227 525
20255329 56
20255423 325
20255429 91
20255441 4
20255441 7300
20255447 49
20255533 131
20255603 40
20255723 1
20255743 117
20255771 4
20255903 172
20255903 6352
20255933 1252
20255981 415
20256029 7
20256073 192
20256161 5811
20256217 44
20256221 3
20256283 21
20256323 21
20256323 132
20256329 1539
20256359 4
20256377 4
20256403 432
20256433 32
20256521 4
20256541 99
20256631 65
20256689 295
20256763 273
20256851 4308
20256937 372
20256959 1
20257073 7
20257091 1
20257117 3
20257169 51
20257271 1
20257333 908
20257357 420
20257459 116
20257459 365
20257529 91
20257613 468
20257621 3
20257669 27
20257751 265
20257789 15
20257793 4567
20257837 20
20257901 3
20257943 1
20258071 816
20258089 27
20258093 63
20258113 2211
20258131 33
20258149 44
20258177 820
20258191 45
20258261 4
20258261 615
20258267 1804
20258291 1
20258341 3
20258383 33
20258471 4
20258477 643
20258507 888
20258587 185
20258597 3147
20258629 4815
20258663 1
20258831 1
20258897 48
20258911 69
20258923 1697
20258939 25
20258969 1812
20258983 12
20258993 1795
20259133 135
20259143 28
20259193 32
20259193 987
20259203 96
20259227 69
20259229 12
20259247 704
20259277 44
20259311 4
20259419 1
20259467 2152
20259571 744
20259599 297
20259623 1168
20259653 456
20259713 12
20259731 1
20259739 96
20259809 4
20259887 1537
20259913 3
20259973 408
20259983 1
20260007 360
20260013 7
20260021 2640
20260199 12
20260237 12
20260259 25
20260397 447
20260451 9
20260459 681
20260511 13
20260529 99
20260637 3
20260637 1012
20260679 8616
20260679 9441
20260813 5811
20260837 464
20260921 8
20260921 4811
20260979 1
20260997 79
20260997 244
20261099 40
20261119 5
20261261 19
20261279 25
20261281 116
20261281 675
20261287 5
20261431 8
20261431 6680
20261519 52
20261519 6244
20261567 2248
20261861 220
20261863 380
20261881 264
20261947 5
20262019 5
20262019 44
20262083 52
20262083 168
20262089 19
20262133 20
20262133 608
20262197 4
20262239 1
20262239 4
20262343 45
20262401 4600
20262433 27
20262433 300
20262601 164
20262601 3875
20262661 8
20262661 215
20262661 2835
20262703 8276
20262863 60
20262917 28
20262943 36
20262961 63
20263027 5
20263027 4848
20263043 892
20263073 12
20263153 683
20263193 715
20263249 9407
20263261 44
20263351 548
20263379 700
20263387 3053
20263409 859
20263423 5
20263567 8
20263601 1164
20263673 40
20263687 8565
20263723 1880
20263751 2524
20263757 3147
20263811 1873
20263843 2292
20263931 100
20263939 45
20264047 20
20264077 8
20264113 1872
20264129 15
20264249 4
20264249 31
20264269 12
20264551 20
20264599 5
20264609 7
20264747 108
20264791 56
20264861 4
20264899 77
20264927 105
20264927 1305
20265017 24
20265017 63
20265017 123
20265061 15
20265061 104
20265121 8
20265137 352
20265187 333
20265299 4
20265391 5
20265409 84
20265467 28
20265499 24
20265499 80
20265551 1
20265629 15
20265629 211
20265629 456
20265703 3156
20265781 551
20265793 1535
20265871 53
20265871 129
20265871 405
20265929 1116
20265941 76
20265941 375
20266003 9492
20266063 612
20266069 167
20266069 540
20266069 6167
20266097 235
20266153 8
20266171 605
20266199 1
20266199 4
20266199 2904
20266241 975
20266391 1
20266391 24
20266409 31
20266481 351
20266537 3
20266583 4680
20266607 4
20266613 5736
20266637 672
20266699 17
20266733 903
20266783 6653
20266871 1
20266877 7492
20266927 2820
20266957 3
20266957 35
20267197 527
20267227 32
20267249 3060
20267251 120
20267297 19
20267321 2508
20267329 24
20267381 100
20267419 189
20267419 212
20267441 24
20267579 9
20267603 1
20267617 3
20267629 12
20267659 77
20267671 3461
20267719 5
20267869 671
20267903 5568
20267983 7736
20267987 120
20267987 213
20267987 409
20268091 5
20268121 3
20268163 321
20268263 28
20268379 992
20268397 3
20268397 8
20268427 5
20268431 1
20268431 8700
20268487 285
20268491 336
20268511 5
20268511 3833
20268557 4
20268601 243
20268701 3
20268749 4
20268749 136
20268757 12
20268851 1045
20268893 1588
20268901 8
20268959 1
20268979 5
20269063 116
20269097 699
20269097 4104
20269157 15
20269169 91
20269169 856
20269189 356
20269471 1088
20269489 219
20269517 1059
20269553 3
20269651 440
20269657 395
20269871 1
20269901 84
20269999 516
20270143 5
20270161 8
20270167 120
20270267 28
20270303 1
20270389 12
20270513 903
20270563 17
20270573 12
20270617 47
20270863 5
20270911 168
20270989 320
20271037 3
20271107 40
20271131 9
20271187 5
20271197 64
20271323 1
20271373 6992
20271469 987
20271521 4
20271527 24
20271557 48
20271577 3
20271607 2084
20271697 39
20271697 1167
20271793 3
20271827 72
20271863 277
20271983 12
20272079 864
20272117 12
20272199 297
20272207 9
20272207 197
20272229 7
20272379 9
20272471 884
20272529 4
20272561 15
20272607 4
20272783 5
20272783 8
20272783 512
20272859 1
20272949 3160
20272979 1
20272997 3
20273017 27
20273017 2319
20273069 4
20273131 60
20273131 1193
20273173 1811
20273257 120
20273257 344
20273261 415
20273273 31
20273303 1681
20273321 3
20273371 5
20273527 365
20273641 1584
20273641 8315
20273699 1
20273767 4940
20273821 48
20273863 9680
20274019 9
20274179 1
20274203 1
20274269 72
20274313 80
20274329 55
20274329 1204
20274413 7
20274439 612
20274439 5172
20274469 60
20274503 4141
20274647 133
20274677 4
20274703 32
20274733 12
20274733 27
20274791 1
20274791 1044
20274791 3504
20274809 16
20274809 72
20274811 1188
20274833 3
20274833 52
20274847 33
20274851 24
20274913 1191
20274941 139
20274979 36
20275049 72
20275063 8
20275117 24
20275117 7275
20275133 3
20275163 1
20275181 28
20275181 76
20275207 305
20275289 1032
20275327 444
20275391 60
20275391 4164
20275433 3
20275487 28
20275487 184
20275487 2049
20275499 1
20275511 1
20275523 612
20275547 4
20275547 6405
20275573 623
20275663 20
20275877 7
20275921 11
20275921 1040
20275991 25
20275991 4929
20276063 40
20276089 4307
20276089 5864
20276107 20
20276107 224
20276131 1061
20276167 617
20276183 33
20276183 93
20276183 172
20276203 132
20276209 1632
20276299 9
20276351 261
20276447 9
20276447 4260
20276513 3
20276513 403
20276537 7
20276537 19
20276561 16
20276587 9
20276831 4
20277011 285
20277011 6765
20277113 1068
20277113 2688
20277113 8131
20277143 1
20277197 3
20277203 1
20277269 8116
20277287 4
20277287 720
20277371 144
20277451 941
20277527 40
20277589 32
20277599 1
20277619 1877
20277629 75
20277643 140
20277793 3
20277793 108
20277877 303
20277953 16
20278031 1
20278151 1
20278351 293
20278403 1
20278481 996
20278493 127
20278507 44
20278549 32
20278613 15
20278711 7529
20278721 2875
20278763 1
20278799 2440
20278837 35
20278919 12
20278933 4820
20278967 253
20279081 15
20279081 543
20279143 77
20279227 257
20279243 28
20279269 35
20279339 4
20279339 252
20279339 3460
20279393 4915
20279401 143
20279411 585
20279417 1648
20279431 380
20279437 1364
20279557 3
20279599 36
20279599 1361
20279719 3137
20279723 1
20279723 121
20279731 20
20279803 8
20279873 7
20279881 411
20279899 32
20279927 28
20280059 1
20280067 1097
20280119 1
20280119 4161
20280151 21
20280157 168
20280191 160
20280191 6801
20280287 69
20280307 5
20280307 7389
20280311 2689
20280389 6279
20280419 4
20280433 11
20280437 175
20280443 1
20280569 7896
20280577 24
20280661 3
20280671 148
20280679 9
20280721 15
20280749 411
20280763 1125
20280781 3
20280791 24
20280791 184
20280811 524
20280817 1079
20280839 1
20280877 128
20280893 103
20280893 1516
20280899 4
20280899 9
20280929 12
20281013 3043
20281081 303
20281141 3
20281141 68
20281241 1059
20281253 3
20281267 8
20281267 1073
20281271 1893
20281279 257
20281451 1
20281451 604
20281477 15
20281477 267
20281577 19
20281603 288
20281609 75
20281619 7200
20281687 5
20281687 113
20281763 1
20281801 263
20281819 5
20281819 96
20281823 1
20281889 4635
20281913 9331
20281973 1023
20281993 35
20281997 183
20281997 1432
20282057 3
20282083 4841
20282221 15
20282221 44
20282231 1
20282287 932
20282303 1
20282323 3972
20282351 4
20282351 73
20282399 757
20282419 252
20282447 4177
20282473 75
20282543 2833
20282597 240
20282609 12
20282609 232
20282663 525
20282723 12
20282837 4
20282839 5
20282903 1
20282917 2384
20282963 4332
20283077 112
20283097 3
20283097 60
20283097 2099
20283119 261
20283119 1936
20283199 17
20283257 268
20283323 297
20283421 11
20283451 356
20283559 456
20283581 135
20283667 60
20283671 1
20283671 3073
20283821 339
20283959 84
20284193 1531
20284223 1
20284249 44
20284279 236
20284279 3089
20284279 6216
20284289 4
20284301 76
20284301 391
20284331 1
20284331 36
20284639 65
20284669 1167
20284697 5640
20284727 237
20284793 7
20284841 3
20285003 2968
20285017 3
20285033 595
20285071 9396
20285077 288
20285081 99
20285093 12
20285299 345
20285303 93
20285303 453
20285359 165
20285393 43
20285467 9
20285519 4
20285527 273
20285581 504
20285599 21
20285621 639
20285633 15
20285633 211
20285653 11
20285719 5405
20285729 535
20285753 328
20285801 3
20285827 53
20285827 1928
20285827 4008
20285831 9
20285831 33
20285899 17
20285933 28
20285989 84
20285989 404
20286157 32
20286169 8664
20286223 996
20286241 3
20286263 1
20286359 624
20286367 48
20286419 1
20286443 1
20286443 3532
20286467 3228
20286503 1
20286523 5
20286569 7
20286569 2524
20286653 268
20286703 257
20286719 45
20286811 6365
20287147 20
20287199 1
20287207 5
20287207 17
20287207 224
20287261 7104
20287277 3
20287297 155
20287313 15
20287391 609
20287451 4
20287451 60
20287457 72
20287483 45
20287489 5619
20287583 1
20287717 23
20287777 35
20287789 4119
20287831 68
20287903 1605
20287931 28
20288003 1
20288033 112
20288113 251
20288339 156
20288393 31
20288413 116
20288459 1
20288479 2301
20288491 1688
20288533 927
20288623 117
20288629 107
20288641 24
20288641 80
20288699 1
20288731 9
20288731 1685
20288759 1
20288759 9804
20288761 7068
20288843 1
20288899 5
20288927 69
20288927 2284
20288999 96
20289011 1
20289011 940
20289023 12
20289167 33
20289193 11
20289281 2731
20289281 3564
20289287 57
20289287 1137
20289293 27
20289319 249
20289361 944
20289439 129
20289497 4
20289497 7800
20289623 40
20289631 773
20289667 2480
20289683 25
20289791 2676
20289869 15
20290001 115
20290001 9744
20290009 32
20290037 972
20290051 284
20290139 105
20290147 5
20290147 72
20290147 9420
20290223 52
20290331 1
20290349 76
20290397 7
20290427 7684
20290519 32
20290579 29
20290657 23
20290661 3
20290789 56
20290801 8
20290847 2053
20290889 60
20290931 4164
20290943 1
20291077 267
20291317 599
20291417 12
20291423 1
20291431 6200
20291437 3
20291471 1
20291473 4760
20291483 1
20291483 120
20291501 780
20291581 3284
20291611 53
20291653 36
20291653 92
20291671 5
20291783 1
20291857 399
20291879 1
20291983 20
20292071 1
20292127 9
20292127 197
20292131 1
20292179 60
20292227 120
20292241 500
20292241 5660
20292287 144
20292299 37
20292343 5
20292457 9312
20292479 1
20292527 300
20292533 676
20292541 216
20292557 784
20292683 12
20292683 252
20292731 28
20292763 8145
20292791 1
20292793 3
20292793 2691
20292821 8008
20292859 101
20292859 1209
20292863 21
20292997 15
20293103 1
20293111 5
20293151 1
20293201 171
20293213 68
20293219 164
20293309 204
20293543 116
20293547 5137
20293657 23
20293709 339
20293837 3
20293841 1120
20293849 155
20293853 12
20293853 975
20293879 32
20293963 192
20294063 1
20294063 28
20294077 8
20294077 2303
20294089 5096
20294173 51
20294297 3
20294327 4
20294363 1
20294387 12
20294453 2860
20294453 3360
20294623 17
20294623 5721
20294623 8765
20294653 32
20294777 1647
20294783 2080
20294941 3
20294951 25
20295047 25
20295061 215
20295083 1
20295133 3
20295257 3
20295323 1
20295329 564
20295367 512
20295403 21
20295403 137
20295419 8052
20295427 24
20295479 217
20295581 75
20295623 1
20295701 48
20295727 4133
20295791 1
20295797 1048
20295839 337
20295887 13
20296121 36
20296121 159
20296231 56
20296261 8
20296267 5
20296267 165
20296369 3047
20296439 1
20296457 3423
20296519 77
20296519 89
20296561 15
20296673 3
20296673 7
20296733 1128
20296789 347
20296867 1620
20296873 195
20296873 288
20296891 1109
20296949 4267
20296973 183
20296987 1005
20297027 4
20297131 9765
20297191 20
20297309 4
20297363 1
20297363 28
20297383 72
20297483 3813
20297531 1
20297587 108
20297597 3
20297597 495
20297633 3
20297633 187
20297647 8597
20297713 3
20297803 68
20298133 11
20298191 1569
20298233 3
20298233 276
20298241 6843
20298281 3
20298281 51
20298293 72
20298413 135
20298449 7
20298449 19
20298503 13
20298539 1
20298601 6491
20298611 1
20298613 107
20298737 5140
20298757 27
20298763 413
20298767 85
20298913 3
20298953 3
20298953 16
20299063 96
20299151 1
20299157 3
20299157 7
20299211 4
20299229 355
20299243 560
20299267 5964
20299303 5
20299381 395
20299399 5172
20299453 2480
20299597 47
20299613 3
20299667 1360
20299757 27
20299781 3
20299789 9815
20299841 24
20299841 183
20299859 1
20300003 1368
20300017 279
20300017 3204
20300039 4
20300089 1155
20300123 1
20300177 3244
20300201 2031
20300243 57
20300243 76
20300279 1
20300299 41
20300333 360
20300459 1
20300477 27
20300519 1
20300519 1492
20300573 3
20300627 325
20300719 20
20300741 3
20300821 3
20300869 147
20300879 156
20300879 2721
20300963 892
20300977 47
20300999 1
20301059 1
20301107 165
20301137 3
20301221 3
20301257 268
20301263 412
20301277 47
20301301 744
20301371 1
20301397 24
20301409 5124
20301529 12
20301563 1
20301637 8
20301691 305
20301731 76
20301751 9
20301751 2700
20301779 1
20301779 4
20301779 205
20301793 1376
20301857 7
20301877 663
20301889 591
20301913 20
20301949 47
20301991 3401
20301997 788
20302067 9172
20302091 25
20302091 1029
20302091 2733
20302133 3
20302151 1
20302171 669
20302211 1
20302259 4
20302283 40
20302297 275
20302319 1
20302319 277
20302361 3
20302367 172
20302409 4
20302411 780
20302411 1581
20302481 6499
20302519 9
20302519 404
20302567 5
20302567 68
20302609 32
20302619 1
20302627 9
20302753 20
20302829 7
20302847 69
20302907 64
20302907 100
20302927 8
20303011 5
20303011 48
20303027 3124
20303033 2647
20303071 449
20303141 3
20303147 193
20303147 2949
20303249 84
20303281 4191
20303347 9
20303441 228
20303449 3636
20303471 3465
20303519 4
20303551 45
20303663 1
20303809 11
20303809 3884
20303887 540
20303903 120
20303909 40
20303923 45
20303947 1004
20304077 5379
20304209 4
20304223 168
20304223 5352
20304227 9
20304313 12
20304413 175
20304419 1
20304481 8
20304499 1257
20304523 548
20304541 2231
20304547 2237
20304563 12
20304589 212
20304617 204
20304689 1375
20304769 531
20304769 695
20304803 61
20304811 1133
20305049 8835
20305063 8
20305079 1
20305079 7672
20305151 688
20305199 12
20305231 8
20305321 288
20305339 5
20305379 12
20305379 40
20305379 5049
20305421 723
20305451 1
20305513 347
20305517 120
20305541 91
20305541 696
20305583 1
20305583 337
20305601 28
20305601 235
20305609 7356
20305631 9
20305781 15
20305811 160
20305843 56
20305931 4
20305979 1
20305979 1456
20306017 4475
20306059 357
20306113 743
20306113 1455
20306129 16
20306137 15
20306137 20
20306227 1104
20306233 1088
20306257 3
20306291 8656
20306339 1
20306393 7
20306453 3
20306527 5
20306651 25
20306651 105
20306651 3240
20306729 631
20306731 8
20306749 392
20306749 531
20306831 100
20306887 45
20306911 1784
20306987 4188
20307059 16
20307071 1
20307121 104
20307251 1
20307281 835
20307317 7843
20307347 457
20307421 11
20307461 75
20307509 4
20307541 3
20307557 3
20307559 621
20307631 21
20307631 648
20307649 35
20307649 87
20307667 128
20307667 273
20307667 4140
20307671 1
20307719 1
20307719 712
20307757 15
20307929 12
20308009 4895
20308031 1
20308031 9
20308037 132
20308037 4384
20308049 5092
20308051 1505
20308051 1829
20308157 15
20308157 24
20308199 1
20308411 2321
20308481 3
20308481 4
20308481 15
20308499 2860
20308501 116
20308529 19
20308543 4185
20308633 3
20308633 8
20308657 99
20308859 37
20308879 1901
20308919 1821
20308919 7005
20308933 452
20308933 4860
20308949 39
20308949 5995
20309057 12
20309057 2532
20309131 333
20309137 3
20309143 8
20309153 3
20309153 655
20309209 87
20309243 5428
20309281 3
20309297 7
20309381 2604
20309453 76
20309453 151
20309489 7
20309771 1
20309771 780
20309791 761
20309791 1176
20309797 12
20309843 1
20309843 6012
20309857 599
20310119 9
20310131 1
20310131 48
20310181 3
20310181 23
20310197 3207
20310209 1335
20310217 3
20310247 3260
20310317 7
20310341 3
20310341 2131
20310599 12
20310613 12
20310623 393
20310683 1
20310683 96
20310737 55
20310793 80
20310803 493
20310841 8583
20310877 23
20310911 481
20310931 5
20311079 1
20311103 1
20311111 9
20311177 3
20311177 39
20311177 663
20311307 97
20311331 4
20311439 4
20311547 289
20311559 1
20311559 5224
20311559 7317
20311591 8
20311601 175
20311607 12
20311619 9
20311693 3
20311717 6743
20311831 33
20311859 1
20311901 4
20311903 5
20311979 1
20312053 8
20312057 4
20312137 275
20312143 8
20312143 132
20312191 5
20312219 1
20312221 24
20312221 303
20312239 2592
20312249 156
20312393 51
20312429 4
20312437 12
20312437 60
20312561 4
20312563 53
20312597 892
20312597 5455
20312629 47
20312629 4116
20312639 1
20312693 55
20312693 616
20312779 120
20312791 353
20312791 2253
20312819 1
20312819 45
20312827 8385
20312837 2604
20312921 3
20312921 36
20312923 113
20312959 449
20312983 33
20312983 48
20312989 11
20313001 71
20313119 1600
20313203 4197
20313247 20
20313383 1912
20313421 3
20313493 2348
20313583 4596
20313607 9
20313653 3
20313731 45
20313749 2007
20313751 20
20313751 648
20313779 4
20313809 7551
20313841 203
20313871 3729
20314043 1
20314043 208
20314043 372
20314067 57
20314081 35
20314169 39
20314237 6555
20314247 2905
20314277 5800
20314351 413
20314379 141
20314391 9
20314417 3
20314487 477
20314523 1
20314583 1525
20314603 536
20314753 5636
20314757 292
20314841 88
20314843 33
20314859 172
20314907 4
20314919 165
20314919 3601
20314937 3
20314981 1463
20315063 3288
20315069 52
20315083 80
20315143 5088
20315189 156
20315189 280
20315201 228
20315201 2935
20315203 17
20315227 9212
20315359 1577
20315369 19
20315467 12
20315551 8
20315551 4964
20315557 759
20315569 6816
20315671 1560
20315699 1
20315767 9572
20315773 407
20315783 1
20315791 2325
20315861 388
20315861 876
20316017 27
20316017 4368
20316041 16
20316083 1
20316133 167
20316151 8
20316151 9
20316203 1893
20316323 1876
20316341 100
20316341 156
20316391 305
20316427 5
20316523 2373
20316539 1
20316587 729
20316677 228
20316677 3612
20316701 1879
20316761 91
20316767 4
20316781 35
20316781 6168
20316977 15
20317021 56
20317049 6499
20317127 2812
20317277 1435
20317337 39
20317411 101
20317559 361
20317597 24
20317651 504
20317727 4
20317727 12
20317757 4
20317799 1
20317903 21
20317903 4505
20318003 1
20318003 12
20318101 3500
20318161 20
20318197 95
20318261 4
20318303 6885
20318381 1956
20318399 4
20318399 705
20318401 96
20318413 4811
20318471 1
20318527 20
20318539 341
20318761 8
20318839 612
20318843 1
20318863 2465
20318891 1
20318911 141
20318933 4068
20319007 825
20319127 33
20319217 3
20319223 1040
20319317 3
20319317 4
20319329 16
20319371 1
20319389 135
20319389 216
20319427 6720
20319499 5
20319499 32
20319503 1
20319503 88
20319599 1
20319707 108
20319799 3416
20319853 11
20319863 420
20320033 23
20320043 21
20320043 196
20320103 625
20320241 199
20320343 13
20320361 4
20320373 3
20320373 1152
20320439 1
20320439 72
20320453 51
20320577 4180
20320609 20
20320739 12
20320739 49
20320757 39
20320759 5
20320829 15
20320907 505
20320913 732
20321003 37
20321039 6121
20321149 219
20321153 15
20321159 1
20321201 40
20321201 1471
20321237 24
20321303 1
20321339 4
20321377 27
20321417 3
20321417 792
20321537 7
20321557 3
20321617 1728
20321669 315
20321687 69
20321759 5064
20321879 4
20321909 16
20321909 19
20322037 23
20322053 7
20322061 956
20322083 2065
20322131 189
20322163 5
20322163 200
20322173 463
20322193 263
20322257 3
20322331 21
20322433 6860
20322451 5889
20322521 3
20322521 339
20322607 1040
20322751 8
20322767 1785
20322781 3
20322817 44
20322919 1520
20322977 3
20322977 63
20322977 112
20322983 1
20323013 487
20323021 416
20323031 1
20323169 2460
20323271 3625
20323339 5
20323351 21
20323351 2313
20323379 1
20323453 11
20323487 4704
20323489 780
20323529 7
20323561 1584
20323609 56
20323613 688
20323657 147
20323661 7495
20323769 16
20323781 324
20323837 620
20323871 1
20323957 68
20324039 432
20324113 5612
20324131 248
20324141 4
20324159 1
20324159 601
20324267 12
20324573 643
20324723 1
20324723 37
20324839 9585
20324867 1473
20324921 831
20324929 24
20325083 1
20325101 24
20325101 76
20325133 2240
20325203 5616
20325211 9
20325257 8163
20325379 1484
20325379 2009
20325653 3
20325707 108
20325707 1897
20325743 1
20325847 45
20325853 3431
20325883 645
20325883 680
20326021 15
20326051 305
20326099 4385
20326157 4
20326157 2412
20326171 41
20326183 117
20326277 79
20326307 12
20326349 8475
20326363 5
20326489 27
20326499 1
20326511 100
20326511 2008
20326591 5
20326643 1
20326643 1465
20326643 4156
20326681 3
20326717 1503
20326837 3
20326879 17
20326921 1184
20326921 5295
20326961 2796
20326967 129
20327011 3816
20327033 31
20327039 1
20327117 3360
20327129 51
20327149 327
20327191 125
20327287 1629
20327357 3144
20327369 135
20327383 876
20327477 3
20327501 4
20327501 256
20327509 395
20327509 5444
20327617 59
20327633 168
20327719 1077
20327729 36
20327761 2015
20327849 4
20327849 747
20327917 812
20327959 3057
20328023 112
20328151 264
20328229 764
20328257 472
20328331 29
20328421 9336
20328431 8025
20328437 804
20328463 681
20328463 1968
20328479 37
20328547 8
20328547 1869
20328643 5
20328701 39
20328713 7
20328767 9
20328911 1
20329009 5552
20329009 8924
20329013 3
20329121 60
20329121 79
20329123 140
20329129 567
20329139 1
20329277 4
20329301 99
20329489 420
20329513 48
20329513 152
20329559 85
20329597 5223
20329649 4
20329853 172
20329853 1527
20329901 4
20329901 79
20329919 217
20329979 1
20330129 15
20330309 4192
20330333 3
20330339 1
20330369 67
20330411 4
20330491 713
20330491 4160
20330543 1
20330581 108
20330587 369
20330683 3432
20330773 5495
20330819 1
20330879 49
20330911 8
20330951 1
20330951 61
20331023 3625
20331061 483
20331107 348
20331109 119
20331127 8
20331151 9
20331151 1020
20331191 405
20331209 4
20331263 1533
20331281 271
20331301 3
20331317 160
20331323 1
20331403 41
20331403 4380
20331419 9
20331617 7
20331743 1
20331743 61
20331791 64
20331841 720
20331851 256
20332099 1025
20332099 1572
20332229 156
20332271 4468
20332283 1
20332283 45
20332283 168
20332327 440
20332343 33
20332363 905
20332439 1
20332439 501
20332577 24
20332579 1044
20332583 1
20332589 7
20332693 35
20332709 3099
20332733 36
20332853 391
20332861 3
20332919 1
20332979 1
20332981 8
20332981 75
20333039 1816
20333083 608
20333197 1160
20333197 5984
20333273 547
20333353 12
20333353 683
20333543 13
20333699 1
20333791 48
20333791 4904
20333899 129
20333947 5
20333953 3
20333987 3604
20334049 27
20334103 285
20334121 468
20334137 3
20334137 300
20334241 780
20334271 8
20334437 1008
20334529 11
20334637 359
20334709 3456
20334733 23
20334779 9256
20334877 3
20334877 8375
20335033 36
20335033 1047
20335109 79
20335157 3328
20335223 1
20335229 4
20335277 3
20335277 7
20335279 45
20335313 451
20335379 1
20335379 4
20335489 164
20335493 1027
20335543 276
20335697 4
20335709 8472
20335751 4
20335771 9
20335801 179
20335811 1681
20335823 225
20335853 7
20335879 24
20335897 92
20335937 3
20335981 8
20335993 176
20336059 20
20336237 732
20336257 8
20336269 5831
20336299 764
20336359 212
20336399 1
20336599 5
20336611 761
20336689 536
20336843 1
20336873 2395
20336941 24
20337043 5033
20337073 147
20337127 72
20337139 6249
20337193 3
20337199 21
20337337 8
20337349 51
20337367 93
20337371 1
20337403 32
20337403 48
20337403 1277
20337433 35
20337463 1353
20337509 607
20337521 28
20337563 1
20337563 3952
20337571 113
20337721 6539
20337731 64
20337869 652
20337883 6132
20337959 1
20337979 17
20338057 32
20338081 51
20338099 864
20338111 33
20338223 1917
20338223 2092
20338243 1320
20338327 8
20338333 3627
20338363 812
20338393 3975
20338433 3
20338433 31
20338469 7
20338481 28
20338529 4471
20338621 963
20338627 132
20338709 24
20338751 40
20338777 15
20338933 48
20338943 1
20338943 21
20338943 237
20338951 188
20338951 1493
20338951 6969
20339029 659
20339087 348
20339197 3
20339197 23
20339323 93
20339339 1
20339351 21
20339357 3
20339489 7440
20339533 11
20339563 33
20339563 92
20339587 8
20339587 2480
20339597 4
20339597 12
20339597 2248
20339609 19
20339609 976
20339611 348
20339743 7848
20339819 112
20339831 16
20339849 55
20339959 32
20339983 57
20340029 387
20340029 1932
20340031 56
20340101 28
20340251 1
20340301 24
20340319 1217
20340373 12
20340409 24
20340413 36
20340413 151
20340461 9616
20340637 240
20340863 1
20340907 17
20341019 64
20341081 599
20341187 9
20341261 3
20341273 71
20341303 32
20341327 5
20341411 5
20341481 3
20341561 7136
20341759 17
20341813 315
20341879 3381
20341931 36
20341957 395
20341991 1
20341991 21
20341991 349
20342011 5
20342011 165
20342029 12
20342083 8165
20342093 168
20342167 189
20342173 216
20342243 1
20342243 48
20342249 67
20342303 1
20342351 1
20342351 49
20342431 8
20342503 125
20342573 367
20342611 101
20342689 116
20342701 15
20342801 16
20342873 3
20342921 3616
20342923 8
20343329 556
20343331 1073
20343371 1
20343397 1524
20343629 7035
20343677 3
20343677 1708
20343689 36
20343727 5
20343797 127
20343833 3
20343833 27
20343971 4
20343979 416
20343979 4709
20344097 3
20344111 444
20344141 3
20344211 1
20344249 35
20344271 16
20344271 24
20344273 3
20344273 116
20344319 1
20344327 9912
20344369 12
20344369 35
20344369 59
20344447 17
20344447 197
20344501 59
20344501 2556
20344517 12
20344517 9027
20344601 2383
20344607 73
20344619 1
20344679 61
20344759 5
20344759 597
20344823 1
20344879 101
20344927 1152
20344993 11
20345051 7636
20345161 11
20345167 48
20345251 24
20345293 4511
20345441 355
20345453 27
20345477 28
20345483 1
20345483 1461
20345491 8
20345491 108
20345519 1
20345603 1
20345621 396
20345621 1443
20345669 480
20345683 48
20345687 273
20345687 4449
20345749 12
20345771 1
20345797 3
20345833 1928
20345917 87
20345947 24
20345993 163
20345999 81
20346019 12
20346043 60
20346071 1
20346071 189
20346089 7
20346103 12
20346119 9
20346251 1
20346251 105
20346427 5
20346437 75
20346457 12
20346497 1152
20346499 41
20346583 3060
20346617 4
20346749 27
20346889 3360
20346899 1
20346923 1
20346983 1
20347027 5
20347031 33
20347037 4
20347069 39
20347121 351
20347303 5
20347427 7657
20347511 1
20347519 80
20347577 867
20347577 1524
20347577 3003
20347631 4
20347631 156
20347633 491
20347667 12
20347667 148
20347681 6716
20347697 8239
20347711 125
20347721 4
20347721 3943
20347843 7592
20347883 112
20347907 45
20348017 39
20348137 1428
20348147 12
20348147 817
20348171 1
20348171 64
20348287 104
20348357 1512
20348453 36
20348453 1756
20348501 4
20348561 3
20348561 36
20348579 9
20348689 260
20348717 2079
20348759 4057
20348849 159
20348879 276
20348957 1095
20348963 1
20349103 5
20349103 36
20349103 185
20349103 7853
20349127 5
20349157 627
20349157 684
20349157 3432
20349157 4968
20349179 3417
20349229 4140
20349269 3960
20349283 33
20349383 25
20349479 9
20349491 2745
20349557 3
20349587 28
20349587 649
20349587 2112
20349683 1
20349743 1
20349773 28
20349773 75
20349803 220
20349907 1053
20349913 152
20349929 4
20349947 265
20349983 33
20350079 9
20350087 977
20350129 2219
20350217 3
20350439 36
20350439 49
20350471 188
20350471 980
20350487 5248
20350531 36
20350531 69
20350559 1
20350639 369
20350669 647
20350709 415
20350789 1076
20350817 3
20350871 2100
20350879 12
20350879 32
20350927 8
20350931 1
20350931 2508
20350963 20
20351017 3140
20351027 9
20351029 8540
20351053 23
20351077 95
20351087 877
20351101 240
20351119 276
20351153 72
20351173 203
20351263 156
20351263 281
20351339 1
20351339 12
20351381 100
20351447 24
20351483 12
20351521 5643
20351609 1051
20351609 5320
20351627 13
20351647 389
20351671 8
20351677 75
20351741 3
20351791 108
20351959 20
20351993 12
20352083 208
20352083 501
20352083 828
20352083 2005
20352161 19
20352161 316
20352191 1
20352203 1
20352203 4597
20352289 2652
20352341 4
20352413 163
20352421 24
20352503 7857
20352571 2625
20352649 72
20352671 13
20352671 1425
20352737 7
20352737 1248
20352811 9
20352811 80
20352881 1383
20352947 3288
20352949 84
20352949 336
20353049 7
20353187 393
20353253 3
20353283 48
20353283 268
20353283 625
20353379 4
20353393 3
20353429 15
20353429 56
20353493 100
20353559 1
20353583 1
20353603 5
20353649 7
20353649 4027
20353651 5
20353651 1805
20353651 3164
20353703 6705
20353721 3
20353813 4692
20353849 120
20353849 5940
20353937 3
20353967 3724
20354071 1256
20354129 7
20354231 4
20354303 1
20354519 357
20354561 88
20354629 2912
20354641 75
20354669 1020
20354779 5
20354779 360
20354827 45
20354843 25
20354861 4
20354891 1
20355011 88
20355019 329
20355107 72
20355149 4
20355191 2413
20355221 76
20355221 2283
20355241 3
20355271 108
20355287 13
20355473 595
20355571 8
20355607 1584
20355617 4
20355757 3803
20355779 9
20355781 68
20355887 13
20355887 9924
20355917 7
20355961 11
20356033 336
20356043 1185
20356051 2796
20356093 20
20356097 3
20356111 20
20356139 1
20356211 1
20356229 4
20356241 171
20356267 672
20356291 7173
20356393 92
20356433 16
20356439 1
20356507 12
20356507 20
20356519 512
20356537 1328
20356559 2260
20356571 700
20356571 1705
20356577 3
20356591 9
20356603 65
20356631 1
20356631 7533
20356741 644
20356751 1
20356901 3
20356933 3
20356979 324
20356991 1
20356991 168
20357003 28
20357107 20
20357171 1
20357171 456
20357201 379
20357243 6937
20357287 17
20357339 60
20357399 1
20357399 369
20357411 1
20357521 119
20357527 93
20357629 104
20357639 9
20357639 3445
20357657 12
20357663 1
20357677 5744
20357717 123
20357819 1
20357839 24
20357851 20
20357851 1836
20357947 1040
20357947 5184
20357951 1
20357951 24
20357977 615
20357999 1
20357999 84
20358031 3149
20358083 1
20358083 6816
20358131 9
20358133 63
20358137 4
20358179 477
20358179 484
20358179 6897
20358223 17
20358269 2107
20358341 1036
20358409 107
20358421 3
20358421 36
20358421 8723
20358439 21
20358449 7
20358449 52
20358449 75
20358529 11
20358563 36
20358563 57
20358587 4
20358617 19
20358619 5
20358647 57
20358683 1
20358697 228
20358761 195
20358799 5
20358827 1632
20358827 2793
20358851 4
20358851 2596
20358883 8
20358901 11
20358941 496
20358959 1777
20358983 1
20359019 37
20359021 44
20359057 3
20359187 4
20359237 44
20359271 5581
20359483 161
20359517 7384
20359541 24
20359589 7420
20359631 4
20359637 4
20359637 268
20359667 448
20359679 309
20359679 409
20359721 1204
20359793 55
20359793 3531
20359861 1716
20359877 7
20359951 224
20359993 3
20360063 16
20360063 573
20360089 36
20360183 457
20360201 1419
20360243 156
20360299 1757
20360317 8
20360363 132
20360363 573
20360479 185
20360491 504
20360507 33
20360537 15
20360537 400
20360567 1497
20360579 120
20360603 1
20360617 12
20360623 873
20360657 7
20360677 8915
20360699 1
20360719 5
20360833 11
20360833 83
20360881 3
20360881 99
20360891 4
20360909 60
20360933 15
20360933 48
20361037 3
20361139 20
20361139 57
20361157 6839
20361157 7740
20361163 45
20361181 624
20361221 2655
20361241 651
20361421 495
20361437 19
20361443 1
20361457 3
20361479 1
20361479 165
20361493 312
20361511 69
20361533 363
20361547 180
20361553 1631
20361587 2533
20361623 76
20361623 8736
20361791 1
20361827 13
20361851 456
20361889 15
20361889 71
20361889 240
20361917 1488
20361989 24
20362003 1433
20362033 6492
20362057 2327
20362063 1076
20362081 3
20362081 11
20362087 800
20362169 7
20362231 29
20362289 315
20362373 660
20362387 3077
20362409 624
20362541 1911
20362571 1
20362571 3756
20362633 11
20362633 80
20362637 28
20362637 204
20362663 6125
20362679 2892
20362733 7815
20362757 3
20362763 336
20362777 12
20363099 1
20363099 4
20363141 15
20363159 4
20363159 12
20363197 963
20363279 1
20363279 1480
20363351 1
20363351 100
20363389 15
20363627 12
20363647 44
20363647 132
20363663 1
20363677 480
20363851 5
20363879 4
20363963 1
20363971 4421
20364013 11
20364101 211
20364101 7191
20364193 23
20364251 1
20364341 7659
20364391 3365
20364431 25
20364451 269
20364479 1
20364479 4
20364479 7317
20364653 243
20364947 4
20364977 520
20365013 8463
20365139 1
20365139 100
20365141 4068
20365193 123
20365193 1311
20365237 1587
20365297 188
20365313 3
20365351 141
20365421 331
20365421 931
20365421 3124
20365421 3264
20365463 12
20365493 27
20365493 211
20365567 969
20365589 84
20365601 3
20365637 5200
20365691 21
20365693 83
20365753 1236
20365771 5169
20365783 4988
20365837 224
20365867 8745
20365957 3
20365957 48
20365973 43
20365979 4
20365999 296
20366029 347
20366069 132
20366089 195
20366179 140
20366183 1173
20366237 583
20366251 9
20366341 1695
20366351 4
20366351 388
20366393 3
20366443 233
20366453 3195
20366501 4
20366501 28
20366531 144
20366543 1
20366551 5468
20366579 1
20366639 1
20366639 244
20366683 7736
20366809 35
20366809 216
20366851 4541
20366897 84
20366939 1
20367001 3
20367047 144
20367047 6484
20367199 20
20367313 15
20367359 1
20367409 1091
20367437 3
20367491 1
20367587 60
20367587 220
20367757 3
20367817 48
20367973 23
20368001 283
20368043 3880
20368079 1
20368097 2440
20368097 9627
20368099 129
20368177 3
20368213 260
20368223 1
20368259 4
20368373 796
20368423 5
20368487 9960
20368573 956
20368651 53
20368661 3
20368757 4
20368769 51
20368793 136
20368793 1228
20368811 1624
20368889 24
20368889 2055
20368903 297
20368927 6093
20368979 1
20369017 567
20369047 2817
20369051 9
20369051 145
20369137 20
20369137 99
20369171 1
20369227 12
20369227 45
20369231 1
20369347 92
20369369 196
20369399 4
20369527 524
20369549 124
20369551 20
20369581 176
20369623 33
20369711 364
20369717 448
20369747 708
20369771 21
20369857 15
20369879 1
20369953 3
20369969 12
20370023 1057
20370169 999
20370221 16
20370263 1
20370307 765
20370319 5
20370373 3
20370443 141
20370509 456
20370887 84
20370929 547
20371051 669
20371073 7
20371139 40
20371187 12
20371199 1
20371213 2195
20371217 3939
20371243 36
20371243 257
20371289 2532
20371291 96
20371297 3
20371327 9
20371331 516
20371367 2965
20371691 1
20371699 5
20371699 17
20371699 1169
20371739 25
20371751 120
20371783 521
20371787 52
20371853 4695
20371927 20
20371931 1
20371993 743
20372059 60
20372063 1
20372083 185
20372113 1151
20372293 311
20372333 9520
20372347 9
20372447 417
20372461 71
20372483 1
20372483 4473
20372491 48
20372591 1
20372743 600
20372801 2004
20372951 61
20373019 1065
20373029 1156
20373061 39
20373061 1184
20373139 776
20373173 3163
20373203 3445
20373211 21
20373211 7245
20373247 20
20373247 1812
20373289 5235
20373323 1
20373371 33
20373371 9856
20373449 147
20373523 21
20373523 2276
20373553 3
20373557 4
20373739 329
20373781 8
20373841 2903
20373911 1428
20373917 4
20373919 416
20373919 9212
20373971 7573
20374031 349
20374063 20
20374063 5432
20374073 36
20374139 3376
20374163 28
20374199 1
20374199 12
20374199 969
20374201 8
20374201 11
20374201 180
20374241 111
20374241 499
20374267 65
20374357 2783
20374369 860
20374433 507
20374463 532
20374463 585
20374477 372
20374477 3188
20374537 12
20374577 12
20374577 15
20374577 400
20374579 1392
20374583 1041
20374583 2145
20374603 228
20374639 77
20374693 363
20374693 1812
20374723 60
20374771 5
20374877 3
20374877 40
20374933 3035
20374943 1680
20374979 489
20375041 359
20375041 3555
20375101 20
20375177 2343
20375183 21
20375209 104
20375219 4
20375221 8
20375279 1
20375291 48
20375297 3475
20375423 1
20375471 1
20375491 548
20375501 300
20375501 1063
20375743 5
20375801 64
20375819 4
20375881 39
20375921 3
20375933 60
20375963 1
20376017 235
20376061 83
20376121 3
20376127 92
20376131 1
20376131 1276
20376199 84
20376199 204
20376203 1
20376253 20
20376311 1
20376347 4
20376347 2029
20376347 4333
20376373 128
20376439 80
20376469 111
20376553 1716
20376581 4
20376757 8
20376767 12
20377099 5072
20377129 60
20377163 1
20377183 1253
20377319 540
20377319 2241
20377337 4
20377337 7
20377397 15
20377397 24
20377397 27
20377411 396
20377499 1
20377499 36
20377547 177
20377547 1968
20377573 3
20377589 9952
20377603 453
20377603 552
20377627 57
20377681 2991
20377831 56
20377927 17
20377949 4
20377949 31
20378027 4
20378047 369
20378093 8323
20378233 12
20378233 5880
20378297 15
20378297 235
20378321 48
20378327 2649
20378399 1
20378429 15
20378429 511
20378473 3608
20378539 7856
20378549 4524
20378557 20
20378557 32
20378593 3
20378717 7968
20378803 8
20378951 1
20379011 220
20379097 368
20379101 19
20379101 7888
20379133 392
20379187 5
20379187 717
20379241 8
20379283 345
20379287 4
20379319 197
20379361 155
20379361 788
20379451 5
20379467 844
20379479 12
20379479 481
20379503 21
20379503 40
20379523 5
20379553 3
20379553 3995
20379559 17
20379641 204
20379641 1779
20379703 125
20379713 7
20379841 63
20379907 72
20379929 19
20379971 13
20380091 256
20380111 5
20380123 93
20380169 15
20380177 3
20380207 33
20380211 3420
20380259 4
20380271 9
20380291 173
20380307 73
20380343 168
20380439 1
20380453 71
20380453 4931
20380471 2448
20380541 16
20380561 3
20380571 1
20380571 180
20380589 655
20380643 877
20380681 3
20380769 3664
20380799 717
20380831 3125
20380853 660
20380889 51
20380903 981
20380937 279
20380951 4581
20381027 144
20381051 225
20381069 4
20381149 36
20381201 4
20381219 1
20381237 4
20381261 3
20381261 183
20381297 3640
20381321 168
20381359 89
20381549 19
20381651 168
20381701 15
20381741 195
20381909 912
20381993 487
20381993 6300
20382013 1476
20382017 4
20382029 136
20382107 12
20382121 123
20382169 891
20382191 25
20382233 28
20382259 624
20382277 4683
20382391 5
20382463 5
20382487 1685
20382499 29
20382503 1
20382503 16
20382529 180
20382569 24
20382599 1
20382613 35
20382823 548
20382833 7
20382919 5
20382919 24
20382959 112
20382961 119
20383117 3
20383141 8343
20383169 667
20383183 188
20383229 807
20383249 12
20383361 691
20383453 3
20383471 1344
20383511 33
20383541 4
20383553 28
20383553 280
20383567 9
20383613 3
20383673 3
20383673 60
20383691 3865
20383801 11
20383877 3
20383991 13
20383991 64
20383999 21
20383999 6257
20384057 43
20384059 497
20384099 1
20384149 1571
20384209 15
20384251 5
20384251 9
20384251 20
20384261 6171
20384381 39
20384381 243
20384443 192
20384491 8
20384563 4736
20384657 135
20384711 1
20384731 24
20384737 8
20384747 85
20384747 109
20384789 559
20384809 215
20384809 824
20384863 5385
20384879 1
20384899 492
20384911 21
20385143 13
20385143 48
20385251 1
20385257 4147
20385301 5880
20385359 336
20385367 377
20385371 7561
20385401 79
20385457 347
20385481 8
20385509 15
20385509 40
20385509 2059
20385511 276
20385571 5
20385571 3756
20385571 4008
20385583 53
20385611 1
20385641 4
20385671 33
20385887 805
20385977 28
20386039 3137
20386081 11
20386081 24
20386123 57
20386123 77
20386133 48
20386169 1279
20386207 2664
20386229 31
20386253 916
20386277 2092
20386283 5313
20386319 1
20386319 4
20386357 12
20386363 5
20386381 36
20386423 5
20386459 3557
20386511 4
20386523 21
20386571 1
20386631 1
20386657 3
20386679 4
20386697 7
20386697 63
20386733 3
20386787 13
20386823 1
20386853 67
20386853 1696
20387023 3536
20387027 4
20387027 2904
20387047 213
20387083 945
20387083 1088
20387201 216
20387219 9
20387219 16
20387249 3316
20387387 28
20387387 268
20387401 8
20387431 104
20387621 304
20387693 15
20387693 207
20387693 900
20387693 4863
20387761 1604
20387771 1
20387813 3
20387897 763
20387993 423
20388047 9
20388077 492
20388107 117
20388133 48
20388157 155
20388191 349
20388283 177
20388391 965
20388391 2349
20388409 12
20388413 2032
20388437 79
20388449 3792
20388481 15
20388509 151
20388733 11
20388749 384
20388773 5392
20388779 12
20388839 9
20388853 1431
20388883 12
20388997 3
20389003 8
20389003 17
20389073 2052
20389151 24
20389157 3
20389157 2932
20389163 1
20389169 40
20389513 7928
20389543 752
20389561 311
20389583 2748
20389727 40
20389829 4
20389829 31
20389883 2145
20389903 1157
20389903 4385
20390003 1
20390017 1367
20390077 23
20390221 11
20390291 76
20390297 5488
20390309 36
20390329 791
20390329 3872
20390353 1496
20390413 1560
20390431 6465
20390483 1
20390549 52
20390549 87
20390597 4
20390597 187
20390641 3
20390681 2644
20390717 12
20390717 3204
20390723 37
20390759 1
20390827 8
20390827 284
20390833 36
20390863 5
20390873 108
20390891 21
20390891 108
20390941 3
20391053 7
20391071 424
20391103 80
20391121 35
20391131 1
20391169 47
20391281 1728
20391323 1
20391487 9
20391599 4
20391647 37
20391671 1
20391677 19
20391713 15
20391737 4
20391821 55
20391841 11
20391841 60
20391851 1
20391851 3229
20391887 1657
20391907 5
20392159 7964
20392181 3
20392193 12
20392241 4
20392271 4
20392271 2889
20392297 300
20392343 12
20392357 3
20392397 3
20392417 32
20392447 329
20392609 51
20392657 3
20392667 153
20392751 9993
20392759 29
20392759 200
20392763 1
20392807 57
20392817 4
20392817 4515
20392873 908
20392891 1065
20393033 3
20393039 1
20393041 1731
20393143 128
20393147 484
20393147 2589
20393221 20
20393221 368
20393299 5
20393311 9773
20393323 5
20393323 285
20393383 21
20393407 1260
20393507 12
20393507 168
20393603 1
20393677 2919
20393717 103
20393717 1140
20393729 4024
20393777 3400
20393839 5
20393951 24
20394079 9009
20394131 1
20394131 9
20394139 12
20394167 2817
20394233 232
20394299 4
20394299 1621
20394323 85
20394323 7620
20394401 475
20394401 504
20394443 1
20394449 2436
20394449 8575
20394463 8168
20394481 2715
20394523 1556
20394529 1344
20394533 1083
20394571 60
20394613 8652
20394637 3
20394739 21
20394811 116
20394811 2349
20394817 192
20394953 192
20394989 2367
20394991 788
20395003 225
20395079 1
20395079 4
20395423 8
20395423 20
20395469 1831
20395477 32
20395499 1
20395519 116
20395541 31
20395633 3828
20395657 99
20395681 8
20395747 72
20395747 237
20395763 696
20395789 236
20395811 1
20395883 141
20395919 24
20395931 496
20395933 5352
20395951 8604
20395997 27
20395997 3100
20396003 40
20396017 4872
20396053 131
20396059 672
20396059 5069
20396081 3
20396227 17
20396231 9
20396231 120
20396303 1
20396323 5
20396323 300
20396399 1
20396399 4
20396399 945
20396401 96
20396459 1
20396459 7161
20396479 105
20396567 7620
20396741 43
20396767 5
20396767 108
20396777 864
20396797 432
20396797 9728
20396863 116
20396867 93
20396867 1005
20396933 1755
20396939 160
20396939 696
20396941 11
20396963 220
20397019 65
20397023 96
20397031 8400
20397077 8388
20397079 5
20397173 52
20397173 7191
20397187 225
20397313 20
20397313 416
20397341 2959
20397367 9
20397373 672
20397383 721
20397551 129
20397571 3108
20397631 29
20397719 1
20397719 12
20397719 2341
20397749 2956
20397823 137
20397901 3
20397917 28
20397929 192
20397929 724
20397931 5601
20398009 284
20398109 12
20398127 168
20398193 3
20398199 60
20398207 9
20398219 1941
20398289 27
20398333 3
20398333 32
20398333 152
20398409 31
20398531 465
20398627 5
20398643 13
20398649 187
20398663 608
20398757 15
20398757 655
20398909 2540
20398921 299
20398967 13
20398981 75
20399009 5527
20399039 9
20399221 3
20399221 56
20399233 12
20399233 83
20399257 3
20399257 12
20399299 5
20399411 4
20399447 4
20399447 5104
20399453 7
20399503 17
20399531 229
20399531 1509
20399573 43
20399579 1
20399633 48
20399651 28
20399653 288
20399669 7
20399723 60
20399737 443
20399867 9820
20399909 7
20400019 356
20400101 28
20400173 28
20400197 3423
20400239 1
20400257 9603
20400271 105
20400301 8
20400353 127
20400353 195
20400599 1
20400631 105
20400637 12
20400671 4
20400811 1073
20400869 27
20400959 1
20401013 5523
20401033 1151
20401063 8
20401109 4
20401109 16
20401217 3
20401217 3483
20401219 72
20401321 24
20401321 744
20401349 40
20401397 7
20401427 33
20401487 4
20401487 25
20401499 1
20401523 1
20401571 1
20401603 12
20401609 287
20401663 792
20401691 21
20401691 48
20401739 1
20401739 8677
20401781 139
20401783 5
20401861 2571
20401867 240
20401919 1
20402087 2364
20402201 159
20402201 639
20402233 972
20402267 9
20402267 12
20402267 724
20402269 275
20402321 3
20402381 9331
20402387 4
20402387 148
20402419 60
20402441 16
20402521 3
20402563 8681
20402593 12
20402693 3
20402801 48
20402831 1
20402831 13
20402831 505
20402861 115
20402951 4
20402951 16
20402981 183
20403007 1980
20403011 1
20403013 348
20403023 1
20403121 3
20403137 792
20403151 8
20403197 7
20403233 355
20403241 75
20403241 680
20403419 1
20403419 57
20403479 4
20403589 11
20403727 293
20403841 303
20403841 3600
20403857 55
20403899 1
20403913 260
20403913 776
20403913 1587
20403917 1180
20403989 7
20404049 5472
20404093 2060
20404133 1527
20404261 24
20404331 48
20404387 5
20404393 1607
20404393 2772
20404493 3
20404493 507
20404547 9
20404577 12
20404577 4455
20404591 5
20404711 1701
20404759 1377
20404771 473
20404817 3
20404837 2072
20404843 7688
20404961 4
20405027 108
20405039 4
20405041 8
20405059 9
20405089 4775
20405113 767
20405137 3
20405141 84
20405213 256
20405213 748
20405303 1
20405323 2240
20405353 3
20405459 1
20405501 180
20405513 1887
20405527 2108
20405557 59
20405569 56
20405579 565
20405641 24
20405663 1
20405783 1
20405783 3276
20405893 3
20405927 424
20405941 20
20405993 27
20406011 9
20406107 672
20406143 1
20406149 6715
20406161 139
20406229 3167
20406293 3
20406329 24
20406439 6137
20406461 96
20406539 1
20406611 33
20406667 7484
20406697 180
20406829 60
20406973 5648
20407099 117
20407181 711
20407229 2091
20407297 8
20407319 1632
20407397 48
20407477 120
20407477 435
20407481 4
20407511 1
20407523 153
20407559 4
20407589 904
20407613 1875
20407631 1
20407711 48
20407759 5
20407813 80
20407813 143
20407861 24
20407867 5
20407883 1
20407903 92
20407903 141
20407921 3
20407997 4
20407997 252
20408051 220
20408117 252
20408189 79
20408239 21
20408243 1
20408411 1
20408533 1032
20408543 1
20408561 4
20408561 223
20408573 1540
20408639 1
20408677 72
20408677 164
20408711 1
20408743 9633
20408747 24
20408807 85
20408849 12
20408957 283
20408987 88
20408987 1789
20409001 8
20409013 260
20409131 1
20409223 200
20409223 3857
20409247 524
20409331 45
20409353 91
20409383 72
20409437 5992
20409547 128
20409689 960
20409691 1293
20409733 8
20409737 19
20409751 21
20409751 81
20409847 273
20409919 5
20409919 12
20409919 6276
20409967 33
20409973 587
20409989 60
20410007 4
20410073 15
20410129 32
20410129 99
20410139 1
20410139 4957
20410303 768
20410543 321
20410633 1280
20410759 12
20410847 24
20410891 101
20410981 240
20411029 6419
20411089 2952
20411221 3
20411221 260
20411233 675
20411239 120
20411359 164
20411359 761
20411371 116
20411371 405
20411381 4
20411411 1
20411411 76
20411539 2325
20411579 9
20411579 3717
20411593 3
20411689 275
20411723 97
20411773 3
20411773 47
20411801 3895
20411843 25
20411869 20
20411869 3251
20412037 7368
20412047 9484
20412071 1
20412083 1
20412083 4653
20412089 7
20412151 29
20412221 3
20412253 140
20412319 12
20412409 276
20412409 1820
20412541 3
20412541 1376
20412559 12
20412559 629
20412599 1
20412671 1000
20412673 695
20412677 4
20412877 3
20412881 16
20412893 3
20412893 235
20412913 3
20412913 492
20412929 4
20412949 1451
20413051 53
20413117 60
20413219 9
20413247 4
20413247 4377
20413279 192
20413331 2265
20413357 20
20413441 108
20413451 16
20413451 48
20413457 19
20413499 1
20413499 2305
20413597 932
20413667 57
20413703 28
20413739 21
20413831 8
20413831 9
20413873 3
20413891 6960
20413901 5223
20413997 4
20414129 2079
20414171 25
20414171 2604
20414287 888
20414327 4
20414503 3368
20414533 8
20414633 7
20414633 60
20414657 3
20414657 100
20414659 2457
20414677 60
20414707 545
20414741 324
20414819 1
20414819 21
20414857 624
20414917 3
20414951 180
20414951 1045
20414959 204
20415071 4
20415163 5
20415167 4
20415203 1
20415319 464
20415341 3
20415383 1
20415389 2295
20415397 1443
20415457 915
20415463 5
20415491 1
20415509 51
20415523 32
20415529 119
20415599 1
20415599 72
20415713 3
20415713 31
20415757 48
20415767 144
20415779 1
20415817 3
20415817 83
20415821 19
20415851 9
20415911 4
20415911 829
20415911 1989
20415959 1
20415959 4
20416063 33
20416247 13
20416391 265
20416597 3
20416793 40
20416793 75
20416829 24
20416889 12
20416931 4
20416943 36
20417069 12
20417071 336
20417183 172
20417213 76
20417387 4
20417503 8880
20417567 532
20417597 144
20417597 4972
20417651 21
20417701 3
20417701 20
20417801 48
20417843 1
20417861 391
20417897 7
20417987 4
20417987 504
20418011 4
20418031 221
20418121 935
20418137 43
20418137 8047
20418157 75
20418157 387
20418157 927
20418169 95
20418169 384
20418239 1
20418239 49
20418239 276
20418283 17
20418283 7761
20418311 88
20418337 35
20418341 1755
20418341 4003
20418361 20
20418379 24
20418379 41
20418379 2852
20418499 12
20418527 444
20418571 56
20418613 15
20418659 1
20418689 4
20418701 3
20418701 24
20418799 44
20418803 1
20418889 1496
20418911 121
20418911 2104
20418919 4629
20418973 1635
20419033 3
20419097 127
20419123 9828
20419163 1
20419169 936
20419183 53
20419253 3627
20419279 9
20419381 44
20419391 1
20419417 435
20419501 15
20419541 279
20419541 400
20419541 651
20419571 1
20419571 4
20419571 16
20419639 120
20419697 3
20419697 988
20419717 35
20419801 56
20419823 4492
20419829 7
20419831 3608
20419849 624
20419849 2631
20420011 48
20420027 5829
20420051 85
20420053 1736
20420129 1119
20420209 171
20420237 12
20420243 1
20420243 292
20420243 2325
20420293 656
20420293 696
20420357 84
20420371 21
20420377 3
20420479 732
20420531 8928
20420563 821
20420579 4
20420591 24
20420591 108
20420759 1
20420761 116
20420773 8736
20420891 1
20420891 589
20420951 1
20420951 285
20420977 2768
20421013 32
20421043 101
20421043 153
20421073 15
20421179 84
20421187 24
20421209 16
20421209 99
20421209 6175
20421223 12
20421241 1439
20421277 1868
20421337 3
20421389 4
20421407 45
20421419 1
20421433 12
20421433 156
20421451 113
20421491 7965
20421503 357
20421553 435
20421553 8516
20421593 3
20421749 4
20421749 39
20421767 4
20421767 24
20421787 9
20421859 21
20421871 41
20421881 3580
20421949 4064
20421967 3765
20421971 4
20421971 3976
20422001 5563
20422027 60
20422079 769
20422081 1463
20422189 11
20422243 116
20422247 9
20422309 11
20422313 5076
20422447 9
20422499 4560
20422513 1311
20422513 2163
20422517 304
20422601 1651
20422609 236
20422657 3
20422657 399
20422697 27
20422733 3
20422751 1
20422837 12
20422859 1
20422867 2597
20423041 48
20423147 2245
20423401 456
20423441 91
20423483 165
20423539 5936
20423567 9
20423587 1452
20423591 24
20423813 3
20423831 9
20423831 16
20423927 8629
20423929 99
20423939 1
20423939 144
20423939 297
20423989 995
20423989 3752
20423989 4056
20424043 68
20424049 5847
20424101 3
20424101 4
20424101 328
20424139 7832
20424143 1
20424197 4
20424199 29
20424263 1
20424263 516
20424331 8
20424337 3
20424337 20
20424377 19
20424377 84
20424427 8
20424493 95
20424511 84
20424511 296
20424809 40
20424893 36
20424893 91
20424923 372
20425021 56
20425117 3515
20425121 39
20425189 96
20425217 3819
20425271 1
20425271 345
20425319 1
20425333 15
20425451 2104
20425571 1
20425583 777
20425637 12
20425709 16
20425787 340
20425793 7
20425799 1
20425799 217
20425849 44
20426069 24
20426099 4
20426137 3
20426137 2115
20426143 33
20426167 528
20426167 4773
20426249 1887
20426291 1
20426293 3
20426297 9607
20426317 228
20426389 6671
20426443 317
20426561 39
20426561 75
20426597 7
20426597 115
20426603 1
20426603 5488
20426633 168
20426711 49
20426711 169
20426713 8
20426743 65
20426761 360
20426801 19
20426801 355
20426821 3
20426831 81
20426851 5
20426941 1179
20426953 27
20426953 228
20426953 531
20426969 2107
20427007 1188
20427007 3897
20427031 21
20427119 1
20427179 24
20427179 2349
20427241 20
20427241 456
20427271 1185
20427283 1712
20427311 13
20427311 49
20427317 7
20427359 1
20427359 9
20427361 4776
20427377 4
20427377 1464
20427383 72
20427457 8
20427461 4
20427499 5
20427551 25
20427551 156
20427593 36
20427643 21
20427707 13
20427707 57
20427763 353
20427859 17
20427859 441
20427871 9
20427923 165
20427943 752
20427971 1
20427971 180
20428003 56
20428007 4
20428019 165
20428141 3
20428171 173
20428171 341
20428223 1348
20428273 2600
20428307 49
20428319 1
20428379 1
20428379 85
20428379 1405
20428381 8
20428399 869
20428489 1920
20428517 3
20428523 280
20428601 3
20428621 744
20428637 7
20428651 5540
20428757 12
20428801 11
20428801 44
20428801 336
20428829 7
20428909 56
20428987 17
20429011 821
20429131 185
20429147 4
20429323 21
20429333 7516
20429471 1
20429489 4
20429621 4
20429623 893
20429663 4897
20429909 616
20429917 24
20430041 3
20430079 57
20430191 1
20430191 4393
20430323 1
20430349 27
20430373 20
20430503 168
20430551 1
20430551 316
20430563 21
20430577 719
20430589 35
20430607 569
20430653 112
20430679 5772
20430713 7
20430727 84
20430749 4
20430769 24
20430793 12
20430841 6459
20430911 4
20430983 780
20431003 5
20431043 61
20431091 1
20431091 108
20431091 144
20431223 1
20431237 20
20431237 99
20431319 1
20431343 1
20431421 4984
20431451 340
20431547 1360
20431549 636
20431577 4
20431591 8
20431627 104
20431667 4
20431667 37
20431667 973
20431679 105
20431777 1647
20431787 12
20431787 237
20431799 8497
20431847 9
20431867 2769
20431967 4
20432021 4
20432039 105
20432077 8
20432099 1
20432123 105
20432149 515
20432173 12
20432261 76
20432287 285
20432333 15
20432407 24
20432407 93
20432437 387
20432513 3
20432669 511
20432677 395
20432729 16
20432767 5
20432803 36
20432803 101
20432879 40
20433173 127
20433239 1
20433323 1
20433349 35
20433349 5279
20433367 5
20433367 348
20433383 13
20433397 8
20433397 6419
20433443 276
20433481 3
20433533 60
20433617 1035
20433629 12
20433709 4952
20433739 5
20433739 2565
20433811 5
20433851 4
20433887 12
20433967 149
20433971 49
20433971 120
20433977 67
20434069 647
20434081 3
20434109 16
20434109 307
20434157 3
20434171 345
20434369 92
20434387 152
20434553 1807
20434571 16
20434597 1292
20434643 1
20434703 1
20434871 4
20434873 1016
20434951 5
20434951 41
20434957 23
20434961 4
20434961 4095
20435021 88
20435099 36
20435117 1980
20435117 7224
20435257 3
20435423 2200
20435491 56
20435531 40
20435531 61
20435533 87
20435579 45
20435629 519
20435677 20
20435719 5
20435813 1120
20435903 9405
20435939 1
20435959 272
20435969 1960
20435993 16
20436019 81
20436089 7
20436089 195
20436103 1157
20436151 9
20436151 125
20436151 128
20436187 357
20436263 712
20436331 516
20436331 2448
20436359 1
20436379 3200
20436401 6888
20436511 1809
20436527 9
20436547 8
20436547 69
20436551 1
20436623 1
20436659 1
20436667 105
20436751 4793
20436797 703
20436863 1
20436937 684
20437093 831
20437097 3
20437301 8623
20437577 303
20437631 4
20437633 3272
20437657 2799
20437687 140
20437687 225
20437717 3
20437733 2328
20437751 4725
20437763 72
20437799 336
20437843 5
20437861 3839
20437889 6864
20437979 1
20438189 2215
20438221 164
20438311 5
20438311 5129
20438441 603
20438441 7735
20438611 584
20438669 31
20438711 3165
20438729 1635
20438767 8
20438779 5
20438791 24
20438809 20
20439007 12
20439047 37
20439103 2828
20439121 7896
20439143 21
20439173 132
20439179 1
20439277 3
20439299 1741
20439317 87
20439379 3360
20439541 119
20439541 668
20439563 3565
20439569 3376
20439583 2576
20439613 12
20439613 416
20439641 4
20439647 1032
20439691 4508
20439701 15
20439719 1
20439857 444
20439911 1
20439919 21
20439929 7
20439929 471
20440109 31
20440163 13
20440163 1192
20440207 533
20440289 4
20440291 113
20440309 51
20440309 120
20440313 40
20440313 612
20440337 135
20440421 4
20440421 5839
20440423 60
20440487 4
20440507 12
20440549 1584
20440573 1751
20440601 79
20440639 1100
20440703 45
20440733 412
20440747 5
20440753 2612
20440891 224
20440921 3
20440921 204
20440933 780
20441119 56
20441129 27
20441129 307
20441137 959
20441147 3445
20441177 19
20441249 79
20441261 3159
20441269 224
20441269 1332
20441269 2631
20441363 2100
20441437 3
20441437 99
20441471 7840
20441573 15
20441627 9
20441669 7
20441669 579
20441669 672
20441699 1
20441699 4149
20441791 3729
20441807 117
20441857 2583
20441873 75
20441933 247
20441947 5
20442011 1
20442203 21
20442203 1872
20442349 80
20442349 5012
20442439 180
20442479 57
20442479 720
20442557 1183
20442599 1
20442649 360
20442659 1
20442691 9
20442707 64
20442739 17
20442739 1989
20442901 188
20443009 272
20443019 1
20443037 7
20443091 33
20443279 9956
20443331 2469
20443387 285
20443439 16
20443453 92
20443453 1395
20443523 240
20443523 333
20443529 4
20443589 64
20443613 7092
20443679 480
20443679 949
20443681 891
20443691 1
20443691 13
20443691 3376
20443693 4676
20443771 36
20443783 2960
20443823 1576
20443837 99
20443853 3
20443879 120
20443901 3
20443901 36
20443937 4
20443957 35
20443999 1337
20444027 4
20444087 9
20444111 4
20444213 12
20444213 1011
20444341 3324
20444351 469
20444381 24
20444429 4
20444471 1
20444519 2304
20444639 204
20444707 17
20444713 612
20444719 12
20444771 1
20444771 61
20444771 540
20444791 744
20444833 56
20444839 1121
20444839 2249
20444887 12
20444933 252
20444939 9552
20445017 364
20445071 1329
20445097 1839
20445149 40
20445181 71
20445233 3
20445259 309
20445289 11
20445353 15
20445443 1
20445583 5
20445583 1997
20445589 1679
20445599 541
20445613 3
20445613 303
20445619 572
20445629 15
20445739 1604
20445773 108
20445773 367
20445791 1
20445889 11
20445923 1
20445947 1804
20446001 4588
20446007 9
20446007 480
20446051 5313
20446123 17
20446123 852
20446157 364
20446157 460
20446213 560
20446271 1
20446357 1835
20446417 435
20446429 12
20446487 13
20446511 229
20446561 1476
20446579 12
20446649 7
20446649 820
20446667 9
20446667 24
20446669 11
20446687 524
20446709 19
20446721 180
20446799 1
20446813 3
20446837 3
20446843 660
20446843 8997
20446847 9948
20446897 143
20447003 25
20447057 639
20447057 5067
20447111 13
20447159 1
20447179 249
20447179 9732
20447341 3059
20447411 1
20447509 351
20447533 12
20447657 3
20447671 5
20447711 4345
20447723 25
20447729 7
20447809 1067
20447849 1056
20447899 4137
20447969 4
20448101 304
20448119 1
20448203 13
20448287 9
20448293 75
20448293 676
20448293 1380
20448341 4
20448341 19
20448377 127
20448377 3739
20448401 9535
20448413 163
20448443 1
20448443 1776
20448553 503
20448661 2319
20448689 7
20448721 2003
20448803 1
20448829 27
20448853 3
20448941 3
20448949 51
20449061 28
20449109 1060
20449151 1
20449151 2536
20449189 11
20449279 617
20449309 15
20449327 44
20449333 15
20449337 820
20449343 1
20449343 2721
20449391 1
20449391 684
20449489 255
20449547 412
20449601 3
20449601 4
20449661 4
20449787 2680
20450033 7
20450051 616
20450063 1
20450117 3
20450141 1075
20450239 20
20450239 6689
20450317 183
20450317 8004
20450351 1
20450389 11
20450393 127
20450467 8
20450579 16
20450623 453
20450659 117
20450659 152
20450693 3
20450719 29
20450737 860
20450741 3
20450797 3
20450819 1
20450939 1
20450981 24
20451001 15
20451059 961
20451077 1075
20451097 3
20451181 2844
20451259 2532
20451317 39
20451397 15
20451437 3
20451443 28
20451463 8
20451517 164
20451523 20
20451539 2125
20451547 1029
20451547 1653
20451551 1
20451637 12
20451649 2592
20451811 9053
20451877 3743
20451911 1
20451929 7
20451967 8
20451979 1304
20452031 24
20452049 16
20452051 8
20452079 537
20452109 15
20452199 1
20452213 15
20452357 8943
20452363 1013
20452469 315
20452559 40
20452573 51
20452639 192
20452639 1844
20452673 7
20452673 132
20452697 1008
20452699 96
20452699 144
20452703 1
20452711 2505
20452739 1
20452811 69
20452829 55
20452837 359
20452843 428
20452879 2637
20452931 1488
20452979 1
20452997 3
20453009 16
20453009 52
20453039 1
20453053 1448
20453123 57
20453123 1456
20453203 428
20453311 89
20453311 176
20453453 4683
20453501 3
20453549 2467
20453591 1
20453623 8
20453663 1
20453683 2661
20453701 4640
20454001 8
20454023 60
20454023 2841
20454029 4
20454067 233
20454157 39
20454169 296
20454173 5227
20454221 351
20454277 3
20454307 57
20454341 3
20454359 429
20454361 23
20454403 33
20454403 656
20454523 12
20454607 5
20454607 1092
20454641 51
20454647 3268
20454649 3311
20454653 108
20454653 4971
20454677 63
20454857 7
20454883 32
20454883 177
20455003 20
20455007 717
20455051 8
20455051 9
20455051 321
20455139 2896
20455207 24
20455273 3
20455277 259
20455289 4
20455321 164
20455397 192
20455417 32
20455417 152
20455439 1521
20455459 9
20455499 1
20455531 381
20455531 1320
20455531 2520
20455541 124
20455553 16
20455559 1
20455601 4
20455637 3
20455661 855
20455859 165
20455867 69
20455871 21
20455891 8
20455891 9
20455927 2892
20456081 4
20456123 4216
20456197 3
20456197 84
20456221 371
20456221 1115
20456257 23
20456333 3
20456393 3
20456477 43
20456617 5927
20456651 1
20456651 4
20456651 81
20456699 3472
20456713 2360
20456809 312
20456963 1
20457023 1
20457037 8
20457119 7729
20457127 308
20457127 4284
20457131 13
20457133 3
20457193 11
20457313 15
20457343 2336
20457431 121
20457461 243
20457473 183
20457473 2872
20457617 3
20457677 4
20457791 3028
20457803 2193
20457911 13
20457911 1708
20457917 1020
20457937 663
20457949 132
20458033 188
20458033 2196
20458069 1275
20458093 2423
20458093 2880
20458103 1
20458103 9433
20458127 4
20458127 2277
20458213 51
20458283 1
20458297 72
20458381 723
20458387 12
20458387 3608
20458553 103
20458567 1097
20458643 1
20458643 81
20458699 41
20458703 1
20458723 36
20458747 92
20458813 2600
20458981 3
20458981 8
20459027 1348
20459071 24
20459107 977
20459209 11
20459291 36
20459293 32
20459317 9248
20459353 12
20459377 12
20459377 63
20459503 120
20459609 1260
20459651 1
20459651 24
20459689 479
20459771 61
20459821 96
20459837 12
20459837 6043
20459849 7
20459849 100
20459909 19
20459939 4
20459947 1313
20459951 184
20460241 8
20460241 23
20460287 4
20460361 56
20460361 116
20460577 8
20460581 4
20460637 555
20460637 1787
20460653 7992
20460677 63
20460677 79
20460683 1
20460697 5423
20460743 133
20460779 384
20460857 100
20460949 3764
20460977 24
20460989 7
20461019 1
20461139 1
20461151 1
20461297 243
20461307 9693
20461321 3
20461321 56
20461321 171
20461373 276
20461391 21
20461393 180
20461417 12
20461541 3039
20461607 4
20461607 48
20461619 1564
20461673 1255
20461699 20
20461699 21
20461769 871
20461817 28
20461817 48
20461823 12
20461957 60
20461963 5772
20462017 2568
20462047 1628
20462059 7029
20462063 1
20462179 3936
20462363 253
20462419 120
20462683 45
20462773 3
20462833 407
20462921 3
20462983 7536
20462993 651
20463017 7
20463017 247
20463043 120
20463119 4
20463119 4584
20463139 12
20463181 11
20463203 28
20463463 4937
20463517 227
20463523 41
20463581 24
20463581 60
20463683 441
20463739 21
20463761 16
20463811 624
20463811 2081
20463889 95
20463889 264
20463907 149
20463953 51
20463953 1011
20463979 705
20464057 24
20464057 843
20464099 12
20464109 7
20464133 3
20464151 525
20464193 336
20464211 1
20464217 7
20464331 1
20464357 23
20464417 1772
20464421 60
20464471 756
20464511 1
20464529 316
20464531 1668
20464537 15
20464657 20
20464657 7784
20464823 13
20464841 5023
20464973 3
20464979 9
20465099 64
20465117 175
20465117 3052
20465233 15
20465233 1536
20465293 7820
20465303 1
20465309 3435
20465411 21
20465449 71
20465521 135
20465521 1911
20465531 1
20465647 3225
20465693 16
20465723 1
20465723 12
20465723 45
20465761 1148
20465771 1
20465771 9
20465903 156
20465987 13
20466119 156
20466227 25
20466269 4
20466301 2975
20466311 1
20466377 4
20466461 28
20466463 920
20466473 16
20466473 267
20466493 3
20466493 8
20466601 3828
20466613 468
20466637 39
20466679 1521
20466737 7
20466737 163
20466737 292
20466763 1436
20466917 7
20466961 584
20466967 992
20466977 2199
20466983 40
20467061 244
20467103 1
20467189 11
20467259 1
20467267 93
20467283 1
20467289 147
20467331 4
20467379 8541
20467459 101
20467519 69
20467547 8584
20467553 1276
20467583 108
20467589 4
20467819 21
20467819 4872
20467849 819
20467849 5876
20467927 24
20467961 7780
20468027 40
20468099 1
20468177 67
20468237 52
20468281 60
20468281 1656
20468407 12
20468419 381
20468423 12
20468423 25
20468449 884
20468521 68
20468521 111
20468549 9432
20468557 827
20468737 480
20468753 87
20468771 141
20468831 48
20468849 15
20468857 3
20468857 80
20468893 156
20468939 81
20468951 1
20468957 7
20469013 3
20469091 9
20469131 4
20469181 3443
20469191 4
20469217 183
20469233 1327
20469311 13
20469311 988
20469313 1163
20469329 2232
20469347 349
20469349 1071
20469353 7
20469353 36
20469359 1
20469413 40
20469433 35
20469467 25
20469481 3
20469509 72
20469511 5
20469511 164
20469529 9599
20469551 4
20469571 45
20469577 6275
20469719 12
20469727 5
20469731 120
20469791 1
20469871 3341
20469913 3
20469937 3
20469959 1065
20470061 355
20470097 784
20470123 216
20470133 1800
20470147 84
20470171 9
20470183 21
20470183 48
20470187 1845
20470249 27
20470337 3967
20470409 2700
20470421 240
20470459 24
20470459 29
20470469 4
20470519 936
20470679 12
20470739 45
20470753 11
20470753 932
20470763 81
20470763 180
20470811 2133
20470837 72
20470889 4
20471057 120
20471107 657
20471137 239
20471183 12
20471261 2815
20471279 397
20471291 1248
20471291 9381
20471411 1
20471441 523
20471459 3229
20471579 1
20471579 325
20471747 4333
20471777 4
20471819 4
20471951 3469
20471963 1
20472013 2247
20472031 9
20472031 141
20472077 4
20472077 12
20472091 300
20472191 1
20472247 129
20472299 1
20472349 4752
20472377 3
20472377 183
20472421 15
20472497 2740
20472533 3
20472623 205
20472629 9744
20472733 11
20472763 17
20472839 1
20472841 1163
20472887 13
20472919 132
20472971 133
20472973 11
20472973 12
20472997 192
20473007 24
20473039 201
20473129 176
20473129 1511
20473129 9044
20473163 1
20473301 4
20473331 1
20473331 60
20473331 144
20473351 608
20473351 1424
20473399 116
20473421 91
20473429 2987
20473433 15
20473451 1
20473517 1360
20473589 31
20473589 535
20473589 2979
20473667 49
20473751 108
20473751 3061
20473759 5
20473823 61
20473879 65
20474009 4
20474011 5
20474021 5079
20474123 40
20474161 104
20474257 1175
20474297 7243
20474309 24
20474359 329
20474369 15
20474371 8
20474411 1
20474453 15
20474497 12
20474497 2099
20474549 4
20474651 1
20474677 1287
20474687 8152
20474803 17
20474897 4
20474897 1075
20474917 15
20475107 160
20475107 1585
20475121 11
20475151 204
20475151 1536
20475281 16
20475281 168
20475491 1
20475527 148
20475613 260
20475647 5232
20475683 1
20475731 4
20475731 1581
20475733 8
20475857 4
20475907 413
20475971 1720
20476051 29
20476139 36
20476171 189
20476171 200
20476199 297
20476219 9372
20476303 177
20476307 4612
20476331 1
20476333 548
20476397 3
20476447 1572
20476501 35
20476609 59
20476637 3
20476649 67
20476667 100
20476733 3
20476763 2673
20476801 3
20476811 6220
20477057 75
20477059 8021
20477077 20
20477113 8135
20477123 133
20477227 5969
20477309 16
20477311 104
20477377 5880
20477407 5
20477423 1
20477461 24
20477519 1
20477519 1837
20477591 144
20477593 87
20477609 4
20477617 1527
20477629 752
20477833 3
20477903 1
20477927 193
20477959 200
20478037 3
20478043 12
20478043 225
20478121 8
20478121 135
20478173 195
20478253 4983
20478397 2312
20478439 17
20478463 740
20478539 1
20478571 233
20478571 804
20478587 4857
20478677 60
20478719 36
20478749 7
20478749 15
20478823 320
20478917 3
20478919 21
20479087 117
20479139 4
20479229 4
20479297 8
20479363 228
20479367 9
20479439 8457
20479489 6504
20479553 3
20479583 1
20479609 11
20479709 3939
20479751 13
20479751 24
20479793 60
20479859 1
20479859 540
20479859 2496
20479937 3
20479999 41
20480071 56
20480111 6640
20480137 147
20480249 112
20480269 11
20480329 3471
20480353 3
20480371 24
20480371 141
20480381 84
20480431 8
20480431 29
20480503 405
20480531 16
20480531 28
20480569 12
20480569 2940
20480617 68
20480683 5
20480813 187
20481067 2652
20481193 3
20481317 4407
20481341 2131
20481361 756
20481389 91
20481397 192
20481401 16
20481451 21
20481463 1040
20481467 9
20481469 11
20481491 1
20481553 9875
20481599 1
20481641 336
20481679 5
20481701 864
20481751 165
20481767 2257
20481823 77
20481913 3
20481947 28
20481959 1
20482043 1
20482043 16
20482051 989
20482051 3849
20482157 1095
20482183 8
20482223 1
20482223 12
20482279 132
20482279 4725
20482387 149
20482391 1
20482463 1
20482481 571
20482481 2115
20482541 99
20482573 131
20482601 3
20482667 4
20482837 1359
20482859 4
20482937 5799
20483213 8280
20483417 24
20483471 16
20483471 204
20483473 12
20483473 387
20483473 623
20483537 52
20483627 9
20483699 3940
20483807 813
20483933 51
20483959 8592
20484017 835
20484067 309
20484143 72
20484251 49
20484259 536
20484271 69
20484287 84
20484293 60
20484319 65
20484511 9521
20484547 77
20484599 52
20484631 908
20484683 2953
20484691 3168
20484799 3096
20484833 7011
20484883 461
20484901 51
20484913 92
20484913 411
20484923 37
20485033 3
20485121 15
20485159 125
20485193 2743
20485229 4
20485277 7575
20485307 4
20485369 51
20485463 1
20485499 1
20485511 1
20485547 69
20485669 39
20485711 5
20485733 7452
20485739 9
20485739 909
20485841 1968
20485879 800
20485909 9911
20485973 16
20485999 57
20486033 8671
20486051 1
20486129 9000
20486149 36
20486149 116
20486339 21
20486387 6840
20486449 84
20486449 164
20486449 7215
20486519 1
20486519 9
20486519 12
20486519 345
20486527 152
20486611 5
20486639 8596
20486681 36
20486707 5
20486743 732
20486831 1
20486861 3
20486923 56
20487029 4
20487067 33
20487107 520
20487109 147
20487119 1
20487211 3173
20487251 676
20487289 3339
20487317 19
20487317 648
20487343 36
20487359 61
20487371 28
20487473 3
20487563 1
20487563 96
20487563 208
20487583 45
20487613 3
20487697 3
20487721 3
20487721 20
20487763 1173
20487773 2332
20487787 305
20487989 40
20488003 33
20488057 60
20488103 1
20488129 36
20488219 132
20488291 8
20488313 507
20488333 15
20488337 43
20488373 7
20488411 9
20488421 468
20488463 1
20488537 2144
20488579 105
20488609 99
20488649 3492
20488651 5
20488763 1
20488789 164
20488849 11
20488891 153
20488907 12
20488907 153
20488921 15
20488943 1
20489099 1
20489153 16
20489177 4
20489221 3
20489387 97
20489431 29
20489477 12
20489507 93
20489531 1
20489531 484
20489531 9693
20489563 5
20489597 175
20489663 1
20489737 3
20489759 249
20490047 964
20490077 3
20490133 831
20490157 603
20490161 43
20490191 1
20490199 2565
20490299 849
20490311 196
20490343 6240
20490347 205
20490367 17
20490373 6816
20490413 132
20490439 65
20490451 1121
20490551 1
20490601 36
20490653 132
20490839 7584
20490929 36
20490947 28
20490973 348
20490979 5
20490997 27
20491157 15
20491243 17
20491301 388
20491343 1
20491433 3676
20491469 19
20491567 2969
20491571 1
20491571 276
20491631 148
20491631 1416
20491631 1953
20491729 215
20491739 1
20491753 6668
20491957 8879
20491997 4008
20492027 49
20492027 3997
20492063 372
20492071 8
20492077 15
20492083 20
20492257 363
20492273 1347
20492477 2679
20492513 28
20492513 6480
20492551 249
20492627 1972
20492629 44
20492629 56
20492629 795
20492651 1
20492669 7
20492729 4560
20492761 816
20492819 4
20492827 48
20492831 261
20492831 7816
20492851 53
20492929 116
20492957 259
20492971 21
20492971 381
20493019 20
20493029 19
20493043 8
20493059 49
20493091 41
20493091 2153
20493091 7460
20493091 8165
20493113 4032
20493131 2785
20493197 3
20493371 4
20493433 1100
20493463 653
20493493 1448
20493497 4
20493553 12
20493589 171
20493659 12
20493659 504
20493677 4
20493677 27
20493677 372
20493677 4327
20493719 1
20493719 564
20493719 3817
20493773 192
20493911 4
20493953 5976
20493961 3
20494043 765
20494157 9447
20494211 328
20494223 97
20494307 33
20494373 5356
20494393 23
20494493 12
20494493 372
20494511 144
20494699 32
20494699 576
20494699 6201
20494717 3
20494723 1037
20494753 408
20494753 1823
20494763 1
20494769 4
20494807 129
20494807 488
20494883 181
20495023 417
20495117 15
20495119 1500
20495171 460
20495177 4
20495201 3
20495221 1748
20495269 456
20495287 5
20495317 3
20495339 1
20495341 483
20495347 173
20495359 9
20495359 161
20495383 12
20495393 3
20495467 549
20495537 303
20495569 300
20495569 1047
20495639 625
20495653 12
20495653 75
20495701 3
20495701 1115
20495749 947
20495819 16
20495819 7777
20495831 13
20495963 1
20495987 160
20496017 19
20496043 12
20496097 3
20496167 12
20496211 21
20496221 79
20496227 369
20496263 1
20496293 3
20496299 12
20496317 7
20496347 4
20496517 23
20496571 9
20496607 3465
20496613 3
20496613 8
20496643 48
20496647 7485
20496683 1
20496769 332
20496803 1
20496811 9
20496811 996
20496851 9
20496851 369
20496857 4
20496857 507
20496913 3
20496913 5847
20496923 1
20496937 8
20496941 3
20496961 3
20497003 20
20497021 4508
20497031 4
20497039 89
20497039 192
20497073 4195
20497129 44
20497157 2235
20497201 3
20497237 47
20497271 1
20497331 49
20497363 8
20497391 1
20497429 11
20497567 117
20497571 228
20497571 2280
20497579 12
20497579 24
20497619 297
20497621 131
20497657 663
20497811 1
20497859 1
20497877 43
20497879 3089
20497901 1120
20497921 1748
20497993 15
20497999 32
20498117 7
20498147 13
20498201 100
20498249 4
20498299 404
20498353 15
20498363 528
20498363 9676
20498459 1
20498503 17
20498503 36
20498537 7
20498551 5
20498609 8464
20498743 8000
20498767 1212
20498789 76
20498789 112
20498789 4800
20498827 9
20498833 3
20498857 755
20498869 2171
20498903 1
20498941 216
20498981 1231
20498983 993
20499001 3
20499001 624
20499023 1
20499131 573
20499179 1
20499209 7
20499211 2084
20499247 5
20499247 780
20499299 9
20499313 183
20499329 219
20499341 1663
20499389 4
20499389 16
20499431 1
20499449 7
20499487 9
20499511 5
20499511 8
20499527 2593
20499533 3276
20499533 4548
20499553 3
20499673 15
20499673 71
20499679 56
20499697 27
20499761 99
20499761 303
20499799 2661
20499907 8
20499937 3
20499937 48
20499971 256
