27000011 21
27000049 236
27000179 4
27000179 52
27000191 1
27000221 856
27000257 12
27000257 3379
27000257 3568
27000293 15
27000299 1
27000361 104
27000433 68
27000527 9
27000563 1
27000599 9
27000599 4741
27000671 225
27000733 3
27000761 16
27000851 4
27000871 2465
27000899 2964
27000901 8855
27000971 600
27000991 5
27000991 9
27000991 1536
27001019 117
27001043 1
27001199 132
27001307 37
27001339 1940
27001393 3
27001393 23
27001483 4952
27001511 109
27001633 8
27001633 855
27001687 1073
27001691 13
27001691 144
27001841 64
27001927 5
27001969 1527
27001973 208
27002057 3
27002057 88
27002177 3
27002257 3104
27002357 4
27002369 3552
27002399 1
27002441 1884
27002453 183
27002497 1284
27002497 2199
27002513 3
27002597 3
27002611 29
27002699 21
27002747 5097
27002861 4
27002879 4801
27002929 2967
27002981 3
27002981 4
27002981 4420
27003019 245
27003019 1461
27003029 4
27003029 7
27003059 1
27003059 177
27003079 32
27003083 1161
27003107 6240
27003131 4
27003143 1
27003167 424
27003181 3
27003181 251
27003187 5
27003187 4304
27003283 96
27003307 69
27003337 23
27003367 140
27003563 85
27003563 96
27003593 72
27003623 48
27003623 2133
27003631 201
27003637 3
27003719 1
27003797 195
27003857 112
27003937 1187
27004037 3
27004039 885
27004079 1
27004091 45
27004091 109
27004223 1
27004267 417
27004309 47
27004421 79
27004511 1
27004513 47
27004531 9
27004541 4
27004541 7183
27004669 84
27004697 3
27004697 784
27004711 5
27004723 17
27004739 1
27004777 32
27004793 2136
27004811 1
27004889 520
27004951 8
27004997 4
27005039 25
27005051 48
27005353 15
27005387 9
27005411 9
27005417 4
27005453 7
27005477 4680
27005507 1228
27005549 67
27005569 11
27005569 12
27005569 51
27005621 9708
27005651 1
27005651 33
27005761 44
27005789 3796
27005789 4759
27005791 6224
27005827 32
27005827 149
27005831 1
27005833 92
27005857 192
27005903 1
27005903 993
27005917 1715
27005939 1
27006019 21
27006019 452
27006113 1587
27006127 117
27006127 140
27006137 115
27006211 1461
27006257 3
27006299 1
27006311 784
27006313 272
27006431 1
27006437 4
27006443 1
27006583 6201
27006589 95
27006593 7
27006593 27
27006613 371
27006613 723
27006647 1425
27006647 4045
27006649 192
27006691 21
27006851 1
27006851 61
27006869 19
27006893 7
27006977 3
27006979 5
27006997 104
27007009 92
27007021 51
27007049 136
27007133 15
27007147 9
27007199 1
27007217 559
27007229 31
27007241 115
27007241 1204
27007247 2749
27007249 107
27007291 780
27007403 1920
27007433 91
27007471 3984
27007511 136
27007537 3
27007583 6972
27007601 259
27007661 3
27007837 2223
27007921 1683
27007927 8
27007979 21
27007997 367
27008021 3
27008123 1
27008143 4625
27008197 467
27008209 92
27008273 432
27008369 6936
27008369 7396
27008411 24
27008419 32
27008453 3
27008521 228
27008567 73
27008593 3
27008593 96
27008609 4
27008617 4124
27008621 3
27008621 199
27008753 15
27008771 16
27008837 567
27008929 60
27008953 3
27008957 1728
27008987 105
27009049 12
27009049 36
27009071 145
27009167 4
27009193 4748
27009211 1013
27009211 4973
27009221 15
27009221 1051
27009233 27
27009341 6528
27009347 37
27009347 2793
27009391 6725
27009407 12
27009473 12
27009491 69
27009623 232
27009691 21
27009737 492
27009743 5356
27009779 9
27009893 4255
27009907 1104
27009907 2312
27009937 123
27010171 464
27010187 540
27010187 2148
27010189 935
27010199 9
27010201 1115
27010253 28
27010391 1
27010463 28
27010561 2819
27010589 1216
27010631 1
27010681 3
27010681 80
27010721 304
27010831 2928
27010831 3420
27010871 105
27010933 3
27010937 4959
27010981 3999
27011071 104
27011123 1
27011161 1964
27011273 1236
27011363 36
27011393 7
27011393 108
27011429 172
27011477 87
27011477 243
27011489 267
27011507 4
27011507 292
27011507 7825
27011513 996
27011531 1
27011549 7
27011573 12
27011581 24
27011599 132
27011599 8189
27011629 200
27011641 3864
27011671 8
27011671 69
27011671 9464
27011713 11
27011717 99
27011723 1
27011773 920
27011779 2384
27011797 1548
27011849 232
27011851 20
27011903 4732
27011983 1956
27011987 13
27012023 60
27012179 1
27012179 4
27012229 20
27012361 15
27012379 980
27012407 8037
27012613 3
27012617 580
27012637 72
27012641 7111
27012679 996
27012913 8
27012917 3352
27012919 144
27013061 279
27013171 7124
27013313 7
27013313 52
27013313 168
27013351 9
27013387 8
27013387 284
27013397 63
27013463 1
27013489 36
27013499 4
27013499 9
27013531 7733
27013543 5
27013633 392
27013639 1245
27013643 1
27013709 324
27013717 3
27013733 3
27013781 28
27013837 1064
27013859 1
27013907 12
27013907 4893
27013919 1
27013919 1269
27013919 1492
27013951 168
27013963 152
27014083 5
27014083 8
27014171 349
27014243 1
27014249 76
27014261 4
27014311 953
27014321 3
27014441 28
27014473 12
27014483 316
27014557 6507
27014651 13
27014657 172
27014839 20
27014899 92
27014947 488
27014959 429
27015011 1
27015011 9
27015011 3420
27015013 3
27015071 1
27015073 236
27015101 1735
27015103 1685
27015299 84
27015371 4
27015371 24
27015403 77
27015419 1
27015487 45
27015557 3
27015557 55
27015589 20
27015631 8
27015797 19
27015851 4
27015893 7
27015953 96
27015959 8761
27016013 3
27016063 92
27016127 180
27016147 80
27016163 1
27016361 19
27016391 24
27016397 84
27016459 89
27016501 9423
27016541 36
27016547 4
27016547 304
27016567 2000
27016589 12
27016667 2028
27016679 7512
27016687 924
27016699 5
27016709 3216
27016729 1167
27016739 4
27016819 312
27016861 4404
27016939 141
27016967 817
27016967 9105
27017017 3
27017021 1363
27017153 1891
27017167 45
27017167 189
27017219 1
27017219 12
27017231 4
27017381 156
27017407 705
27017521 6603
27017603 1165
27017611 29
27017671 21
27017687 193
27017687 2733
27017713 9711
27017759 1
27017831 3264
27017933 15
27017953 23
27017999 1
27018119 1
27018311 1
27018359 3220
27018379 300
27018427 4953
27018521 3
27018521 28
27018569 36
27018571 8
27018647 49
27018793 3183
27018829 36
27018851 1
27018853 36
27018911 2281
27018919 12
27019327 120
27019327 1580
27019373 5040
27019427 4
27019427 12
27019537 999
27019541 96
27019567 120
27019591 5
27019703 1
27020179 1101
27020237 2452
27020263 5
27020303 1
27020303 280
27020309 27
27020309 639
27020317 3
27020473 308
27020563 4553
27020639 1
27020737 3
27020771 1
27020821 219
27020839 5
27020857 1812
27020863 53
27020893 108
27020893 320
27020897 40
27020941 11
27020963 36
27020993 16
27021017 4
27021047 49
27021077 27
27021079 2237
27021121 243
27021179 109
27021229 12
27021229 24
27021271 141
27021277 119
27021311 1
27021383 640
27021443 1
27021541 6488
27021697 8895
27021727 4469
27021893 12
27021983 496
27022003 2165
27022043 73
27022201 203
27022211 16
27022213 35
27022241 1839
27022271 2364
27022279 9
27022283 36
27022283 300
27022381 183
27022459 17
27022547 48
27022553 8803
27022561 3
27022561 20
27022613 4663
27022703 12
27022703 736
27022717 1164
27022799 1
27022829 27
27022829 76
27022973 1015
27023021 3
27023023 6852
27023063 12
27023147 49
27023147 229
27023197 164
27023203 21
27023231 1
27023267 2437
27023323 372
27023341 5456
27023461 9888
27023473 12
27023497 8
27023509 2151
27023509 8619
27023533 63
27023617 48
27023641 15
27023747 72
27023747 513
27023771 76
27023779 432
27023839 9
27023851 9
27023891 289
27023993 196
27023993 268
27024031 9
27024071 1
27024119 4
27024133 68
27024139 872
27024163 120
27024191 3853
27024293 367
27024299 4
27024463 8
27024463 65
27024493 1136
27024497 255
27024499 20
27024523 5
27024581 3
27024601 3
27024619 9
27024841 3
27024887 9
27025003 21
27025003 36
27025079 1
27025079 124
27025213 8
27025213 56
27025213 3876
27025247 4
27025247 369
27025261 128
27025301 16
27025319 117
27025333 3
27025417 5264
27025567 857
27025613 52
27025931 381
27025949 8547
27026047 8
27026047 825
27026119 9
27026147 1873
27026177 60
27026183 21
27026191 7445
27026473 2660
27026507 313
27026533 48
27026563 5
27026591 561
27026621 864
27026641 8
27026653 3768
27026711 181
27026773 3
27026777 7
27026777 135
27026801 1215
27026899 5
27026941 3
27027053 1647
27027053 2128
27027149 24
27027157 87
27027163 1512
27027179 4
27027211 5
27027211 384
27027269 27
27027283 632
27027307 57
27027317 43
27027419 1
27027421 2228
27027503 1
27027587 13
27027587 4588
27027601 3
27027613 15
27027647 9
27027647 13
27027647 184
27027677 4
27027683 1
27027683 1753
27027761 160
27027811 21
27027811 41
27028091 9793
27028103 1
27028193 52
27028201 3
27028361 8776
27028363 21
27028367 2353
27028387 128
27028399 5
27028511 208
27028633 8
27028669 20
27028741 7479
27028753 3
27028753 168
27028787 4
27028927 8828
27028999 116
27028999 600
27029017 8
27029063 88
27029087 4
27029087 4344
27029173 23
27029221 3
27029221 8
27029239 9
27029339 1
27029357 27
27029357 2535
27029369 8355
27029423 1848
27029449 915
27029503 5
27029777 3
27029839 65
27029887 5
27029909 4
27029909 16
27029921 63
27029921 555
27029921 1863
27029969 19
27029993 31
27030049 11
27030049 35
27030061 3
27030061 8
27030071 5220
27030131 9
27030149 135
27030149 420
27030463 8
27030467 520
27030557 39
27030649 27
27030701 259
27030713 88
27030733 2267
27030739 29
27030811 5
27030811 9
27030959 52
27030967 5
27030973 15
27031033 212
27031033 1632
27031079 21
27031079 7476
27031181 3
27031211 1
27031211 4
27031223 1
27031223 1857
27031363 57
27031379 1
27031577 4375
27031583 1
27031633 1407
27031883 201
27031897 3
27031951 9
27032051 1
27032099 4
27032111 1
27032129 7
27032129 187
27032219 9
27032219 1897
27032273 36
27032281 51
27032339 1
27032483 4116
27032503 32
27032591 4
27032627 100
27032647 8
27032647 140
27032717 7
27032779 65
27032857 708
27032897 3
27032963 1912
27033121 83
27033121 95
27033241 1055
27033299 1
27033343 5
27033367 17
27033401 6103
27033449 4
27033449 1656
27033449 9087
27033491 1
27033491 28
27033509 1360
27033593 6247
27033619 5
27033619 17
27033659 16
27033697 8
27033731 1488
27033899 1
27033911 1
27033911 1141
27034019 297
27034027 29
27034027 57
27034103 12
27034151 1
27034159 81
27034243 416
27034247 492
27034261 3
27034303 1596
27034327 48
27034327 4352
27034417 159
27034417 3992
27034439 1
27034523 1
27034523 2281
27034597 3
27034649 27
27034789 20
27034793 660
27034933 3
27034933 1143
27034933 3228
27034939 36
27035153 207
27035171 4
27035311 45
27035399 1
27035417 783
27035707 20
27035731 5481
27035761 71
27035843 1
27035849 7300
27035867 244
27035891 4
27035891 168
27035909 591
27036077 4
27036157 27
27036193 2276
27036211 80
27036211 965
27036277 863
27036391 224
27036467 237
27036517 144
27036599 25
27036617 3
27036617 43
27036853 3
27036853 108
27036859 21
27036901 24
27037097 3
27037159 9
27037249 39
27037249 1880
27037279 1692
27037319 1
27037319 36
27037321 3
27037331 1
27037331 33
27037447 164
27037523 60
27037567 6980
27037609 135
27037631 25
27037687 585
27037691 25
27037739 1
27037789 804
27037891 428
27037999 24
27038023 8
27038057 7
27038059 77
27038059 497
27038339 877
27038359 21
27038519 1
27038519 1089
27038591 1
27038597 3
27038597 8748
27038623 20
27038647 3704
27038657 3
27038657 1024
27038659 476
27038723 1
27038813 7
27038819 4
27038899 6321
27038941 8
27038953 8
27039079 1401
27039101 3
27039167 6808
27039209 27
27039239 4
27039269 7
27039269 264
27039301 8
27039301 23
27039361 759
27039373 32
27039403 132
27039497 3
27039499 509
27039511 8
27039599 1
27039613 8828
27039643 8
27039703 5
27039763 7865
27039791 1
27039791 4
27039829 12
27039829 239
27039833 3352
27039839 1
27039917 39
27040051 2573
27040099 497
27040121 4
27040147 368
27040159 5
27040241 84
27040309 4007
27040337 24
27040337 99
27040411 36
27040469 27
27040511 100
27040529 2211
27040567 5
27040577 232
27040631 1
27040631 4
27040681 216
27040691 9
27040721 19
27040723 5
27040723 801
27040723 1860
27040763 1
27040907 949
27040991 4
27041029 20
27041029 291
27041039 1
27041041 3
27041041 51
27041071 5
27041143 5
27041167 8268
27041233 3
27041291 1
27041323 9177
27041327 109
27041429 4
27041569 59
27041569 72
27041653 20
27041771 1
27041821 1976
27041831 1
27041851 1128
27041879 4501
27041893 3
27041933 4228
27041953 2727
27042091 8
27042097 3
27042131 229
27042373 92
27042419 1
27042467 12
27042467 157
27042487 6492
27042557 567
27042583 233
27042601 1776
27042713 60
27042713 1056
27042749 6420
27042913 468
27042941 3
27043019 4077
27043157 99
27043319 72
27043369 12
27043463 28
27043519 29
27043529 4171
27043571 5188
27043691 21
27043711 1193
27043909 12
27043931 36
27043987 17
27044071 48
27044107 5
27044141 1776
27044179 1205
27044209 852
27044233 1892
27044267 4
27044267 1368
27044333 43
27044333 172
27044351 1
27044351 4513
27044491 881
27044609 4
27044627 60
27044639 352
27044651 1
27044783 13
27044869 59
27044879 1
27044903 1
27044903 36
27044957 448
27044959 525
27044981 24
27044993 87
27045041 223
27045077 27
27045103 1248
27045253 8
27045311 8589
27045329 24
27045353 3
27045367 12
27045439 6692
27045611 1
27045649 44
27045673 411
27045709 231
27045871 101
27045923 9060
27046007 4
27046021 99
27046057 3
27046111 69
27046111 1868
27046127 12
27046153 6507
27046169 27
27046169 1155
27046189 51
27046189 612
27046193 252
27046199 1
27046207 128
27046307 429
27046333 12
27046343 48
27046447 65
27046471 84
27046501 48
27046517 364
27046529 91
27046529 4675
27046559 1
27046619 1
27046637 388
27046703 328
27046751 1
27046771 165
27046777 252
27046777 5628
27046783 1100
27046837 407
27046883 357
27046897 387
27046997 1963
27047021 264
27047099 100
27047099 181
27047117 7
27047117 103
27047161 263
27047179 5724
27047191 93
27047243 1
27047261 63
27047263 1076
27047299 297
27047299 6200
27047347 5
27047441 15
27047477 39
27047519 1
27047519 45
27047549 4
27047549 535
27047591 1
27047591 4
27047597 3
27047623 5
27047623 120
27047651 9
27047653 12
27047689 6591
27047729 4
27047729 8620
27047737 104
27047737 6447
27047759 1
27047921 4
27047921 91
27048283 5
27048283 21
27048313 8
27048317 3
27048361 23
27048473 327
27048473 796
27048551 1
27048569 6432
27048611 1
27048719 549
27048719 5125
27048839 1524
27049151 4
27049177 9447
27049241 2764
27049259 1
27049259 9757
27049313 15
27049339 129
27049439 25
27049439 57
27049439 957
27049471 33
27049471 176
27049513 48
27049661 408
27049667 133
27049723 56
27049723 525
27049751 1
27049753 11
27049777 639
27049853 7371
27049877 4
27049879 461
27049879 1089
27049933 12
27049937 12
27049969 960
27050207 4
27050227 7700
27050327 717
27050377 147
27050431 84
27050557 8
27050579 12
27050677 3
27050677 623
27050759 6409
27050767 2409
27050773 12
27050831 4
27050867 4
27050887 4220
27051001 276
27051007 93
27051043 5
27051043 32
27051109 39
27051119 1
27051137 15
27051149 124
27051173 5212
27051191 1
27051209 5824
27051347 28
27051347 1348
27051373 27
27051481 8
27051481 255
27051569 3916
27051617 3
27051659 1
27051659 825
27051659 6037
27051721 9251
27051767 3532
27051799 36
27051821 3
27051863 1
27051971 349
27052007 480
27052177 15
27052177 5003
27052189 27
27052247 889
27052279 2009
27052279 7976
27052297 1812
27052309 4824
27052327 5
27052327 9
27052379 12
27052379 1204
27052511 181
27052511 2104
27052567 129
27052583 1
27052583 73
27052607 1668
27052639 5264
27052643 1
27052673 7
27052709 5436
27052793 40
27052889 16
27052897 3
27052897 555
27053041 60
27053107 204
27053119 21
27053189 4
27053227 749
27053231 1
27053263 5
27053293 11
27053303 1
27053347 9
27053353 3003
27053387 3645
27053707 408
27053711 1
27053711 73
27053713 51
27053737 179
27053857 3
27053857 35
27053867 28
27053879 1
27053981 39
27054017 4467
27054091 8
27054101 3
27054109 24
27054151 321
27054179 1
27054211 21
27054323 181
27054323 3913
27054331 156
27054331 221
27054373 752
27054407 2677
27054409 1331
27054449 3879
27054527 9
27054527 25
27054557 120
27054571 84
27054617 1464
27054791 33
27054827 1864
27054827 8872
27054991 213
27055001 3219
27055013 276
27055087 17
27055141 384
27055159 20
27055283 45
27055283 9088
27055309 387
27055361 16
27055423 12
27055423 21
27055433 7
27055433 27
27055433 75
27055549 104
27055627 5
27055667 4
27055667 492
27055667 5533
27055781 3
27055813 47
27055957 308
27055997 964
27056011 20
27056053 3
27056053 60
27056053 4752
27056059 672
27056077 23
27056083 1145
27056093 5308
27056167 5
27056219 1
27056233 8
27056243 25
27056243 453
27056321 3
27056321 2040
27056339 1
27056339 64
27056483 40
27056569 111
27056669 507
27056669 4839
27056837 4
27056837 3987
27056891 336
27056899 701
27056957 3
27056957 88
27056989 15
27056989 116
27056999 2116
27057011 1
27057167 9
27057167 37
27057181 971
27057409 239
27057553 3
27057553 3452
27057559 1001
27057593 12
27057617 5719
27057623 385
27057631 1533
27057647 57
27057689 4
27057721 4784
27057743 1
27057929 4
27057941 15
27057941 340
27057941 2668
27058103 1
27058111 2480
27058121 744
27058259 1
27058259 316
27058259 969
27058307 7845
27058331 1
27058331 13
27058331 348
27058393 20
27058453 11
27058453 32
27058463 1
27058517 9795
27058571 1
27058583 12
27058621 1823
27058663 5196
27058799 972
27058813 656
27058853 151
27058861 788
27058891 5
27058931 213
27059003 1
27059003 1452
27059101 435
27059209 7095
27059413 240
27059531 1
27059533 140
27059647 5
27059663 8073
27059689 215
27059749 935
27059779 89
27059897 400
27059999 460
27060001 188
27060023 1
27060023 37
27060083 1
27060197 247
27060197 859
27060217 8
27060247 9
27060329 4
27060331 56
27060359 1
27060401 4
27060419 1
27060437 127
27060491 508
27060493 603
27060497 3
27060497 72
27060529 2495
27060529 9756
27060569 12
27060623 913
27060629 4
27060629 7
27060647 97
27060661 3
27060661 3611
27060707 1744
27060871 1620
27060947 2860
27061019 5241
27061039 5
27061051 7520
27061081 8
27061081 35
27061169 79
27061169 304
27061169 5484
27061207 825
27061241 4
27061241 19
27061313 55
27061417 12
27061417 444
27061457 4
27061609 12
27061711 36
27061717 23
27061751 49
27061759 5
27061787 7348
27061817 12
27061897 8
27061981 8
27062047 12
27062047 69
27062047 288
27062153 3
27062201 5563
27062377 803
27062381 3
27062471 1
27062471 585
27062527 1313
27062531 1
27062537 55
27062591 25
27062603 160
27062621 4939
27062641 183
27062641 191
27062683 225
27062689 5019
27062801 9651
27062803 21
27062803 801
27062837 2875
27062869 167
27062989 3231
27062989 3947
27063041 3
27063191 301
27063247 149
27063251 1
27063263 780
27063271 2609
27063307 17
27063373 11
27063389 12
27063389 84
27063437 4
27063437 487
27063481 8
27063497 3
27063497 52
27063529 500
27063557 259
27063607 372
27063637 24
27063653 7
27063653 8608
27063671 1
27063671 2401
27063691 33
27063697 39
27063769 11
27063791 24
27063833 27
27063833 52
27063889 360
27063943 372
27064001 819
27064003 56
27064013 1432
27064109 4119
27064111 4044
27064129 1199
27064267 125
27064343 1
27064351 33
27064351 105
27064351 488
27064409 99
27064439 4
27064489 660
27064553 9376
27064619 4
27064637 255
27064729 2780
27064771 9
27064883 1
27064913 247
27064967 7752
27065069 7
27065069 1216
27065209 44
27065209 872
27065237 4
27065257 27
27065267 13
27065267 148
27065293 11
27065333 67
27065333 1131
27065459 4
27065501 100
27065627 324
27065711 93
27065743 5177
27065767 7452
27065803 3432
27065809 1044
27065827 113
27065911 41
27065933 1591
27065957 3
27065957 52
27066059 1
27066059 217
27066121 11
27066121 2775
27066187 5
27066257 4
27066323 16
27066341 19
27066341 3303
27066359 1
27066401 183
27066409 860
27066491 1
27066509 459
27066563 1
27066577 3
27066719 181
27066733 3308
27066757 140
27066817 1199
27066821 4
27066931 3804
27066967 245
27067133 6220
27067151 1
27067151 28
27067151 145
27067163 1612
27067273 15
27067279 1601
27067409 616
27067409 1536
27067463 648
27067483 192
27067583 1
27067639 4092
27067657 179
27067693 3
27067739 1
27067763 1
27067763 253
27067771 60
27067771 104
27067783 176
27067823 1
27067823 801
27067829 27
27067829 4824
27068021 9288
27068023 956
27068081 3
27068081 36
27068117 3
27068143 17
27068227 3348
27068243 273
27068317 12
27068333 31
27068333 2475
27068333 5736
27068357 319
27068387 72
27068467 5
27068467 33
27068467 1653
27068501 4036
27068563 5
27068773 3567
27068837 228
27068843 240
27068857 203
27068857 2712
27068857 3252
27068903 13
27068969 7
27068969 16
27068989 56
27069001 4608
27069043 3005
27069047 2028
27069071 1
27069103 360
27069193 15
27069283 177
27069323 93
27069331 56
27069347 45
27069431 129
27069437 4
27069521 3540
27069527 457
27069529 95
27069659 4
27069683 1
27069793 356
27069821 43
27069863 25
27069877 60
27069983 37
27070009 9527
27070013 3
27070039 420
27070123 17
27070123 137
27070189 36
27070207 9
27070207 65
27070217 28
27070279 8412
27070283 52
27070301 19
27070429 11
27070489 15
27070559 1
27070559 21
27070559 6772
27070583 3532
27070691 3888
27070711 1236
27070751 33
27070819 41
27070871 1
27070871 21
27070889 7471
27070963 33
27070973 8608
27070993 2651
27071189 27
27071243 28
27071267 48
27071419 437
27071449 27
27071449 1695
27071461 36
27071491 5
27071573 327
27071623 605
27071687 489
27071719 84
27071719 177
27071783 1
27071783 12
27071797 3
27071801 684
27071833 248
27071839 12
27071881 8
27071921 3
27071921 784
27071929 11
27071999 4885
27072011 1
27072061 3
27072121 3
27072137 964
27072233 3
27072293 52
27072307 60
27072373 1335
27072407 4
27072491 24
27072491 3781
27072599 1
27072607 1053
27072659 4
27072719 1
27072737 7
27072743 3097
27072781 4344
27072841 68
27072953 3
27072953 28
27072961 3
27072989 7
27072989 247
27073009 99
27073031 1
27073049 607
27073069 231
27073097 48
27073097 283
27073133 243
27073133 360
27073253 16
27073279 641
27073283 5341
27073337 2475
27073339 17
27073351 5
27073463 1
27073591 8
27073591 9
27073661 3
27073769 484
27073801 3
27073903 392
27073939 276
27073939 864
27074029 1691
27074083 8
27074083 41
27074087 900
27074239 77
27074249 304
27074273 3
27074293 2063
27074323 12
27074339 217
27074431 456
27074479 24
27074483 8721
27074503 117
27074503 212
27074527 9
27074527 5189
27074587 8
27074587 624
27074647 48
27074701 159
27074701 488
27074717 3
27074717 4
27074809 1332
27074819 409
27074843 13
27074953 4655
27074987 57
27075023 3156
27075127 588
27075179 36
27075227 4
27075229 647
27075413 120
27075487 20
27075497 63
27075497 159
27075523 101
27075557 1660
27075667 545
27075701 135
27075743 465
27075757 1907
27075791 9
27075809 1335
27076061 4
27076067 868
27076069 975
27076079 9
27076097 3
27076097 75
27076151 1
27076151 24
27076157 447
27076213 3
27076319 1
27076321 855
27076373 1128
27076391 1
27076397 2047
27076417 3
27076447 9
27076471 2244
27076487 9
27076507 24
27076601 696
27076607 4
27076669 12
27076717 1743
27076739 1
27076759 921
27076873 12
27076909 311
27076927 20
27076927 44
27076999 3305
27077041 456
27077159 981
27077359 120
27077423 1
27077429 4
27077429 15
27077623 20
27077669 84
27077681 264
27077779 4184
27077833 3
27077857 1688
27077893 80
27077977 3
27077993 96
27078053 43
27078053 156
27078151 36
27078197 7
27078203 3612
27078313 27
27078379 257
27078427 1700
27078473 3
27078497 1648
27078523 1712
27078539 1
27078589 80
27078599 1
27078641 1728
27078703 3960
27078731 1
27078731 9
27078749 7059
27078823 1572
27078847 5
27078853 2940
27078917 2124
27078991 1164
27079037 8335
27079061 120
27079061 8688
27079093 48
27079093 723
27079099 57
27079103 1
27079103 256
27079163 120
27079253 1975
27079291 53
27079357 4112
27079373 115
27079391 9
27079391 424
27079439 1
27079477 3
27079477 12
27079531 293
27079537 3
27079537 224
27079553 3
27079607 9
27079621 756
27079631 204
27079631 1705
27079681 51
27079847 840
27079889 7
27079889 31
27079889 36
27079973 303
27079991 1
27080057 2640
27080087 9
27080159 1
27080243 21
27080293 15
27080293 528
27080393 15
27080503 81
27080569 164
27080579 4
27080597 1707
27080611 8
27080621 19
27080819 9
27080843 1
27080843 5677
27080849 127
27080987 1540
27080987 4828
27081007 45
27081179 100
27081211 228
27081371 21
27081449 4
27081469 899
27081487 6033
27081539 52
27081589 132
27081773 3
27081773 468
27081779 112
27081809 76
27081827 109
27081877 15
27081907 45
27081913 1895
27081931 8
27081947 225
27082007 4
27082007 9
27082043 1
27082117 3
27082117 584
27082157 4
27082213 11
27082361 15
27082399 41
27082457 4
27082703 1
27082777 2147
27082787 52
27082949 564
27082997 4
27083051 1
27083051 864
27083081 199
27083087 24
27083117 160
27083141 175
27083171 4
27083239 5
27083239 564
27083267 4
27083269 11
27083299 4760
27083317 168
27083321 4216
27083401 248
27083579 1
27083621 3
27083659 5
27083659 84
27083729 924
27083743 7505
27083789 4
27083809 239
27083929 644
27083951 1
27083951 1221
27083983 156
27083989 27
27084017 24
27084047 4
27084091 9
27084191 1
27084191 9
27084191 2044
27084199 32
27084217 3
27084257 12
27084257 2787
27084331 3164
27084403 8568
27084433 851
27084493 515
27084503 1
27084523 5
27084523 8
27084691 5
27084691 528
27084697 3
27084713 1980
27084721 3
27084787 392
27084821 888
27084833 3
27084853 32
27084877 20
27084919 32
27084923 21
27084929 52
27084991 5
27084991 3896
27085031 3925
27085111 5
27085277 4
27085319 9
27085319 436
27085439 49
27085511 4
27085529 3940
27085561 8
27085579 5
27085579 20
27085589 24
27085711 2753
27085717 12
27085819 29
27085841 43
27085907 1924
27085921 95
27086051 1
27086063 1
27086063 141
27086063 2653
27086069 4
27086123 508
27086131 1425
27086131 1556
27086197 8
27086333 1003
27086351 4
27086357 3
27086443 108
27086443 2232
27086503 21
27086581 308
27086581 5304
27086597 43
27086639 1
27086753 5115
27086911 21
27086911 5733
27086929 56
27087023 33
27087023 672
27087059 136
27087113 420
27087143 513
27087191 1
27087223 7700
27087251 25
27087323 3721
27087373 9708
27087457 603
27087461 4
27087581 1711
27087601 968
27087607 5
27087679 24
27087689 51
27087691 5516
27087793 2055
27087887 804
27087889 339
27087971 64
27088007 57
27088069 84
27088069 1035
27088169 7
27088177 1655
27088207 5588
27088213 287
27088351 96
27088387 77
27088423 53
27088483 21
27088543 5117
27088609 104
27088631 9
27088739 1
27088739 9
27088739 7705
27088751 28
27088751 165
27088877 3
27088951 5808
27088969 1095
27088969 3380
27088991 1
27089017 32
27089047 33
27089099 1
27089113 587
27089141 1711
27089221 3
27089221 3143
27089329 176
27089353 471
27089399 1
27089473 1035
27089501 3
27089501 19
27089533 51
27089549 8416
27089617 120
27089659 156
27089669 27
27089767 8
27089773 23
27089773 8471
27089851 69
27089861 4
27089873 1687
27089977 3
27089977 15
27090023 925
27090083 1
27090157 128
27090221 96
27090307 9
27090313 8
27090341 1203
27090383 1
27090431 1300
27090491 1
27090491 9
27090551 1144
27090563 3072
27090647 328
27090653 307
27090671 385
27090703 45
27090793 168
27090881 3
27091019 1
27091019 1069
27091091 145
27091091 1549
27091139 1509
27091213 123
27091261 131
27091271 1
27091271 880
27091409 7
27091439 1
27091439 4
27091439 2889
27091483 8
27091483 12
27091531 116
27091531 585
27091553 127
27091607 177
27091619 220
27091633 240
27091643 132
27091711 60
27091711 84
27091721 15
27091847 45
27091879 9429
27091901 4684
27091903 8
27091943 1
27091949 87
27092011 8
27092011 21
27092111 1
27092111 61
27092147 4
27092173 27
27092173 83
27092239 12
27092281 3
27092281 1431
27092281 3855
27092311 5
27092311 93
27092311 573
27092333 3
27092333 16
27092383 1608
27092449 75
27092449 1856
27092453 7
27092501 319
27092501 583
27092519 12
27092531 1
27092581 3
27092603 1857
27092627 3549
27092711 4
27092731 20
27092743 1632
27092833 600
27092839 44
27092867 9
27092887 128
27092921 15
27092953 3
27092963 36
27093013 900
27093043 5
27093097 12
27093097 32
27093151 21
27093173 3
27093173 52
27093179 1
27093179 1117
27093193 3956
27093263 3501
27093281 4
27093281 243
27093383 85
27093383 2788
27093403 7281
27093421 7160
27093499 56
27093503 25
27093611 808
27093683 2053
27093811 44
27093823 1968
27093893 1692
27094099 5
27094121 48
27094121 1140
27094163 292
27094211 876
27094211 3328
27094241 19
27094261 3
27094261 63
27094283 1
27094283 57
27094427 33
27094451 1
27094499 1
27094517 115
27094633 96
27094643 1380
27094783 441
27094783 1005
27094843 273
27094843 357
27094933 3
27094933 32
27094933 1128
27095039 304
27095053 395
27095177 3
27095179 296
27095207 49
27095231 16
27095279 1356
27095279 1384
27095281 56
27095291 1
27095291 3549
27095317 152
27095363 1
27095381 3
27095429 75
27095441 4
27095447 40
27095567 265
27095639 1
27095707 8
27095743 797
27095759 3036
27095777 3
27095777 4
27095791 500
27095821 24
27095899 17
27096023 921
27096049 147
27096053 3415
27096119 9
27096137 3
27096137 4
27096233 100
27096233 3336
27096253 11
27096371 849
27096389 52
27096403 41
27096499 24
27096571 45
27096683 9756
27096809 4
27096911 1
27096977 4
27096977 2127
27097039 21
27097039 369
27097123 21
27097247 25
27097321 5763
27097417 2112
27097459 21
27097517 15
27097517 3487
27097529 799
27097607 753
27097871 24
27097879 5
27097879 24
27097879 501
27097883 1
27097901 3
27098101 144
27098177 4
27098251 8
27098251 29
27098293 3
27098303 237
27098327 1233
27098359 2385
27098369 240
27098431 584
27098483 336
27098509 12
27098521 440
27098567 1960
27098597 120
27098657 3
27098707 8
27098717 555
27098719 824
27098723 1
27098843 1
27098843 9337
27098917 15
27098971 500
27098983 80
27098983 7781
27098999 1
27099013 435
27099029 2772
27099043 645
27099091 41
27099097 3164
27099101 1135
27099131 144
27099169 3587
27099199 5
27099203 1
27099211 1284
27099211 1640
27099211 3485
27099337 2423
27099337 2907
27099437 4
27099509 16
27099509 256
27099551 24
27099563 1
27099599 4161
27099619 9
27099623 25
27099671 9
27099697 15
27099731 9
27099731 141
27099781 24
27099791 25
27099823 8
27099841 8
27099913 2088
27099937 8
27099967 365
27100037 6232
27100103 1
27100201 2640
27100373 3
27100427 148
27100429 440
27100459 116
27100523 456
27100553 487
27100553 1615
27100559 801
27100571 1
27100573 60
27100573 348
27100637 9555
27100643 2617
27100781 91
27100847 1488
27100919 1
27100981 15
27101021 3
27101059 41
27101069 7
27101069 51
27101071 8873
27101089 5147
27101171 316
27101227 5
27101231 4
27101293 3
27101317 4212
27101423 12
27101423 181
27101443 6248
27101453 15
27101513 3
27101513 60
27101513 2940
27101549 7
27101597 259
27101609 4
27101681 3
27101687 40
27101713 3936
27101773 23
27101777 3
27101777 7
27101777 1872
27101839 29
27101839 1625
27101951 9
27101953 3
27101953 1611
27101953 2612
27101959 9
27101959 20
27101983 6852
27102001 63
27102001 4248
27102149 1276
27102157 3
27102331 21
27102331 309
27102337 203
27102421 3
27102473 28
27102527 40
27102563 1
27102563 276
27102613 275
27102613 1332
27102623 13
27102667 5072
27102703 4533
27102899 1
27102989 564
27103001 3
27103019 1
27103123 9825
27103169 7
27103283 1
27103397 3303
27103411 8
27103411 104
27103411 153
27103441 99
27103463 57
27103541 520
27103589 132
27103621 8
27103649 31
27103651 128
27103697 307
27103751 60
27103801 1268
27103919 3969
27103963 1880
27103969 11
27103969 51
27103997 4
27104081 28
27104197 9827
27104201 55
27104219 1
27104249 16
27104333 3
27104411 1
27104459 16
27104471 301
27104471 1065
27104543 1
27104593 8
27104653 3
27104653 35
27104687 9
27104687 40
27104689 47
27104689 156
27104761 11
27104867 12
27104941 224
27104989 212
27104993 3235
27105047 8365
27105073 596
27105073 6596
27105163 8
27105203 1
27105203 168
27105233 1156
27105263 13
27105283 8
27105283 17
27105359 1
27105359 57
27105373 8
27105443 1
27105443 333
27105539 1297
27105593 123
27105653 1863
27105671 181
27105809 2299
27105817 87
27105863 60
27105943 5
27106031 13
27106033 35
27106033 1311
27106033 1572
27106063 228
27106063 5645
27106099 2532
27106111 5
27106129 11
27106129 1892
27106139 756
27106151 6441
27106199 1
27106393 1211
27106399 12
27106399 45
27106441 15
27106477 3395
27106571 1
27106649 832
27106697 3
27106771 8
27106843 273
27106847 537
27106889 12
27106979 1
27106999 2825
27107021 16
27107081 3931
27107117 63
27107207 72
27107233 3
27107233 632
27107393 3
27107411 120
27107419 1245
27107459 1696
27107603 1
27107629 3195
27107653 1316
27107653 6435
27107711 1
27107761 59
27107819 9
27107891 1
27107903 85
27107917 147
27108089 96
27108131 1
27108131 1744
27108157 3
27108157 12
27108209 4
27108239 1
27108293 4095
27108311 1
27108349 39
27108349 116
27108479 1
27108479 1176
27108491 60
27108511 860
27108511 1544
27108517 3039
27108541 3815
27108629 7
27108691 369
27108721 719
27108869 36
27108871 1773
27108941 40
27108979 17
27109001 3
27109037 183
27109079 1
27109091 1
27109091 4
27109099 941
27109141 20
27109151 156
27109151 8344
27109301 4
27109301 1500
27109351 164
27109391 4
27109429 15
27109457 3
27109457 7
27109471 204
27109517 139
27109699 1944
27109711 36
27109787 372
27109807 8
27109837 20
27109843 21
27109919 421
27109921 4815
27109961 175
27109961 463
27109987 24
27110021 43
27110423 21
27110467 5
27110513 3091
27110579 1
27110579 12
27110591 1
27110651 9
27110851 8
27110953 251
27110981 1075
27111011 1
27111083 1
27111103 45
27111131 1
27111167 273
27111173 7
27111223 3897
27111239 1
27111377 3
27111377 5143
27111431 1
27111509 19
27111517 3
27111599 1
27111611 1
27111761 75
27111941 19
27111961 8904
27111971 1
27112021 3
27112027 528
27112037 43
27112103 1
27112181 780
27112219 8717
27112343 481
27112363 7853
27112451 45
27112499 1
27112499 4
27112499 240
27112499 2109
27112513 15
27112517 255
27112621 3
27112621 1040
27112649 67
27112663 225
27112663 1493
27112691 1
27112691 9
27112691 5125
27112889 276
27112979 1
27112991 441
27112993 48
27113039 21
27113039 252
27113123 25
27113129 7
27113129 6255
27113137 3
27113137 372
27113293 12
27113329 719
27113363 1
27113417 168
27113477 75
27113497 12
27113507 4
27113507 3765
27113519 96
27113609 3067
27113629 32
27113789 3135
27113797 5532
27113813 3
27113887 12
27113903 21
27114041 1755
27114137 7
27114179 1
27114221 2128
27114293 7
27114419 4
27114419 40
27114613 15
27114613 1415
27114671 4
27114679 609
27114707 28
27114727 125
27114823 20
27114823 36
27114889 1904
27114929 3192
27114929 3756
27114979 1197
27114991 9
27115027 5265
27115199 1
27115211 201
27115259 72
27115307 9
27115349 100
27115351 9
27115433 111
27115553 51
27115567 3653
27115591 225
27115721 264
27115721 2004
27115727 25
27115943 1693
27115951 2324
27115973 7
27116051 9384
27116077 8
27116081 3744
27116161 8
27116161 11
27116171 88
27116209 12
27116213 15
27116233 72
27116239 5
27116239 8525
27116267 9
27116279 21
27116279 232
27116303 57
27116339 1
27116339 64
27116381 771
27116387 1104
27116489 12
27116633 355
27116651 1
27116863 1440
27116891 1
27116897 984
27116927 12
27116927 28
27116939 4
27117011 4
27117217 147
27117221 711
27117241 8
27117241 59
27117257 307
27117317 3084
27117353 7
27117479 16
27117487 69
27117557 1663
27117631 24
27117631 6969
27117679 569
27117689 60
27117691 828
27117719 1
27117751 84
27117763 92
27117773 28
27117773 348
27117787 2625
27117799 32
27117833 132
27117833 4347
27117841 83
27117889 39
27117911 1081
27118067 273
27118109 4
27118109 36
27118181 3
27118271 28
27118283 16
27118303 5153
27118313 3
27118313 36
27118391 588
27118477 15
27118579 5
27118627 257
27118627 3585
27118631 21
27118649 15
27118661 4
27118879 137
27118907 289
27118919 1
27118919 9292
27118979 1
27118991 213
27119107 357
27119117 3
27119237 4
27119237 43
27119243 1
27119243 273
27119293 11
27119383 21
27119413 3
27119413 3200
27119531 1
27119567 9417
27119597 1195
27119629 11
27119647 84
27119671 8
27119693 12
27119723 13
27119867 132
27119903 153
27119977 3
27119977 927
27119993 48
27120019 357
27120097 383
27120139 236
27120211 5
27120211 41
27120283 1140
27120283 1997
27120293 252
27120361 3
27120437 4
27120451 309
27120517 740
27120547 2273
27120719 37
27120811 285
27120811 348
27120853 516
27120857 568
27120857 6343
27120893 3
27120901 3131
27120941 175
27121009 591
27121019 157
27121051 24
27121093 572
27121099 281
27121099 981
27121217 4
27121321 6240
27121421 139
27121453 8
27121463 1
27121529 7
27121547 1540
27121547 3028
27121571 1
27121609 35
27121649 24
27121657 128
27121687 33
27121693 3
27121793 127
27121903 105
27121933 2592
27122009 31
27122093 111
27122119 12
27122141 319
27122209 36
27122231 84
27122231 388
27122297 3
27122297 267
27122297 4255
27122309 1219
27122363 1
27122567 280
27122611 768
27122659 389
27122663 1
27122677 603
27122731 5
27122731 2660
27122881 2288
27122891 1
27122933 3
27122941 8
27122993 3
27123023 1
27123079 101
27123179 16
27123221 3
27123221 99
27123253 2063
27123301 1131
27123361 44
27123443 1
27123443 16
27123443 553
27123581 3
27123599 1
27123637 27
27123637 44
27123683 1
27123779 1
27123799 5
27123799 1817
27123913 35
27124033 443
27124057 435
27124057 1539
27124081 3660
27124103 33
27124121 3
27124121 7143
27124183 4176
27124243 6156
27124249 75
27124249 1440
27124259 6804
27124283 157
27124303 333
27124319 1
27124327 3692
27124369 4707
27124379 1
27124403 1
27124423 8
27124507 549
27124511 4
27124511 28
27124523 157
27124621 3
27124679 316
27124813 3
27124819 2309
27124871 1
27124871 40
27124891 8400
27125221 3
27125243 1
27125243 57
27125261 15
27125269 20
27125269 632
27125299 5
27125321 175
27125323 5
27125339 76
27125443 113
27125447 12
27125459 1
27125459 7677
27125513 472
27125513 1588
27125563 80
27125587 84
27125633 340
27125633 1215
27125741 1843
27125831 696
27125893 11
27125941 3
27125951 13
27126013 11
27126013 335
27126037 1355
27126061 96
27126103 5
27126103 80
27126193 216
27126283 45
27126283 116
27126347 4
27126383 37
27126419 1
27126481 1704
27126553 1532
27126601 3
27126677 7
27126689 7704
27126787 408
27126787 3005
27126797 703
27126811 221
27126859 17
27126863 85
27126881 31
27126881 40
27126929 15
27126997 3047
27127159 1085
27127159 1421
27127159 1785
27127169 6772
27127229 91
27127229 187
27127241 6976
27127357 35
27127439 1465
27127543 8
27127561 176
27127567 5
27127567 105
27127703 813
27127757 3
27127769 99
27127979 16
27128083 5
27128117 648
27128117 7288
27128263 21
27128327 168
27128351 1
27128393 12
27128407 45
27128417 28
27128417 48
27128567 12
27128573 12
27128587 5
27128587 12
27128653 363
27128693 15
27128711 28
27128779 5
27128779 489
27128791 269
27128797 359
27128897 3
27128953 3
27129023 477
27129031 2376
27129041 3
27129071 1
27129143 1
27129227 304
27129233 3
27129253 9648
27129383 2781
27129491 16
27129601 8
27129667 8
27129721 11
27129731 1753
27129733 672
27129779 1
27129829 1652
27129871 84
27130021 459
27130063 381
27130183 17
27130199 1
27130199 2640
27130217 195
27130219 401
27130297 1308
27130333 3
27130373 627
27130381 3
27130391 1
27130429 12
27130661 339
27130693 2943
27130717 95
27130739 9
27130757 39
27130801 8
27130811 96
27130847 24
27130867 5
27130867 693
27130951 168
27130951 1233
27131009 4311
27131011 5
27131011 249
27131023 53
27131029 51
27131029 827
27131131 80
27131141 148
27131149 24
27131369 15
27131369 199
27131453 63
27131483 36
27131557 207
27131569 80
27131593 143
27131729 7
27131759 24
27131761 1188
27131771 1
27131939 1
27132173 7
27132179 1
27132229 11
27132229 2540
27132431 96
27132473 16
27132631 2048
27132643 8
27132733 20
27132757 140
27132757 4724
27132823 4568
27132977 4
27132977 12
27133061 120
27133061 3771
27133081 39
27133133 3
27133177 15
27133177 8099
27133193 1960
27133199 9
27133361 3
27133363 5
27133369 71
27133373 7
27133409 2415
27133427 225
27133441 20
27133441 4371
27133517 1672
27133591 20
27133693 12
27133699 161
27133739 217
27133739 361
27133741 11
27133781 79
27133801 23
27133889 12
27133889 99
27133889 6460
27133927 8
27133979 1
27134119 84
27134119 1137
27134131 5
27134137 59
27134183 1477
27134197 23
27134279 1
27134291 1
27134291 3121
27134309 52
27134309 1167
27134377 215
27134473 23
27134477 192
27134519 336
27134551 980
27134551 6684
27134561 595
27134563 128
27134581 15
27134707 1364
27134741 3
27134741 28
27134753 267
27134759 1
27134759 4
27134953 48
27135083 40
27135149 136
27135181 3
27135181 11
27135203 1
27135217 8499
27135397 8
27135649 3251
27135767 4
27135767 973
27135767 2484
27135803 21
27135853 2123
27135989 15
27136051 204
27136099 836
27136157 72
27136177 180
27136177 4115
27136211 1
27136303 5
27136303 17
27136309 80
27136349 3115
27136381 1436
27136409 300
27136453 11
27136463 2716
27136493 3
27136507 1260
27136511 28
27136631 240
27136633 3
27136661 604
27136673 3
27136673 36
27136673 175
27136691 4
27136771 7145
27136829 115
27136847 4129
27136919 12
27136969 15
27137003 3345
27137017 3
27137027 2569
27137027 5572
27137041 1724
27137107 833
27137179 65
27137269 35
27137291 556
27137351 4
27137437 132
27137489 1195
27137557 8
27137609 27
27137609 5104
27137611 504
27137647 1112
27137651 1
27137683 2292
27137689 56
27137689 1692
27137767 140
27137767 2372
27137783 1
27137867 1168
27137963 441
27138049 195
27138071 7933
27138151 176
27138157 3
27138263 172
27138277 3440
27138281 1015
27138301 2508
27138323 1
27138329 7
27138329 2311
27138343 68
27138389 39
27138439 12
27138457 5007
27138481 1188
27138509 7
27138583 33
27138659 57
27138691 5
27138701 63
27138739 1505
27138743 21
27138767 49
27138767 2037
27138799 1149
27138799 4776
27138823 12
27138823 113
27138841 2396
27138883 692
27138911 1
27138931 2405
27138971 1
27139061 64
27139247 4
27139271 24
27139451 4
27139459 12
27139547 4
27139559 1
27139591 6009
27139603 272
27139807 1200
27139943 1
27139951 5
27139997 28
27140033 3
27140051 1
27140101 36
27140101 5468
27140219 1729
27140231 148
27140233 191
27140249 175
27140257 8
27140261 4
27140261 19
27140273 3
27140273 2107
27140359 77
27140359 84
27140363 1
27140411 1
27140431 153
27140473 1715
27140497 1424
27140537 3
27140537 19
27140537 5979
27140651 1
27140681 4848
27140819 1
27140843 1
27140899 2676
27140923 852
27140983 120
27141143 21
27141167 177
27141287 1708
27141437 604
27141487 20
27141617 1020
27141677 979
27141677 4812
27141721 120
27141721 1679
27141749 84
27141773 7
27141773 5916
27141791 333
27141841 671
27141847 413
27141931 1280
27141953 8791
27141991 8
27142151 216
27142187 37
27142243 728
27142253 7
27142333 1716
27142337 628
27142439 16
27142459 5
27142529 144
27142613 156
27142613 5731
27142673 168
27142673 427
27142673 432
27142873 20
27142919 285
27143021 24
27143021 6276
27143029 140
27143117 564
27143119 17
27143161 140
27143213 15
27143213 16
27143293 15
27143341 39
27143351 1
27143377 960
27143377 8627
27143411 309
27143411 361
27143437 6048
27143539 9
27143539 69
27143639 1
27143651 153
27143731 4349
27143821 323
27143821 1631
27143827 105
27143881 3
27143969 1060
27144017 4
27144037 3
27144041 15
27144113 12
27144119 1
27144181 1404
27144191 25
27144191 36
27144193 3
27144269 4
27144409 992
27144443 1
27144527 37
27144613 663
27144701 31
27144707 4
27144727 8
27144757 59
27144833 15
27144839 1
27144959 1
27144961 996
27144961 2331
27145003 8
27145003 212
27145003 2513
27145021 1755
27145031 420
27145049 1584
27145103 1785
27145147 5
27145241 15
27145289 4
27145291 89
27145577 3
27145621 3
27145621 3564
27145627 5
27145627 57
27145637 103
27145639 24
27145667 172
27145691 1
27145691 901
27145693 155
27145717 39
27145717 87
27145763 1
27145777 683
27145847 964
27145883 1
27145883 13
27146039 1
27146039 4
27146051 1
27146087 9
27146107 165
27146113 6080
27146143 65
27146191 9
27146227 9
27146239 20
27146321 2191
27146411 64
27146423 552
27146429 4
27146453 111
27146453 267
27146453 651
27146491 21
27146491 1821
27146579 1
27146579 4045
27146593 12
27146621 3
27146677 3
27146699 1
27146771 1093
27146857 3
27146897 2619
27146939 25
27147031 4889
27147073 8
27147149 39
27147151 5
27147173 5196
27147193 2016
27147209 99
27147217 2355
27147223 36
27147259 21
27147271 789
27147311 120
27147443 1
27147443 733
27147479 1
27147539 1
27147667 1437
27147671 1
27147671 13
27147727 8228
27147761 1720
27147767 4
27147839 1
27147947 9
27147947 573
27148013 480
27148039 36
27148049 24
27148049 687
27148151 1
27148213 8
27148223 1
27148223 165
27148327 5
27148339 4736
27148367 3037
27148421 16
27148489 15
27148531 5
27148559 192
27148607 9664
27148613 31
27148621 20
27148691 744
27148729 264
27148757 4539
27148799 12
27148817 4
27148969 387
27149099 60
27149147 145
27149147 264
27149167 12
27149179 3036
27149203 8
27149237 48
27149261 880
27149321 4
27149327 1749
27149351 484
27149449 1419
27149471 108
27149471 2553
27149501 4
27149509 144
27149557 35
27149567 9
27149699 537
27149711 1
27149711 145
27149747 1837
27149779 8349
27149791 1100
27149797 3
27149861 4
27149909 4
27149953 15
27149953 180
27149957 3
27149957 360
27149981 3
27150001 663
27150001 1676
27150007 5
27150023 1
27150029 7
27150029 19
27150043 45
27150103 452
27150169 4400
27150239 9
27150239 792
27150301 131
27150301 420
27150391 8
27150401 15
27150401 19
27150553 56
27150577 3
27150619 1496
27150749 4
27150803 37
27150803 252
27150869 159
27150889 47
27150889 1544
27150923 1
27150961 3
27151037 568
27151037 7948
27151093 2255
27151217 568
27151403 1440
27151429 231
27151493 15
27151577 27
27151577 1243
27151583 16
27151583 1396
27151637 640
27151639 96
27151643 3856
27151739 1
27151757 3
27151769 16
27151829 4
27151867 345
27151879 12
27151921 15
27152003 1
27152093 3
27152107 20
27152183 76
27152183 3016
27152267 784
27152309 1932
27152327 45
27152341 3
27152341 3279
27152401 3
27152401 63
27152401 84
27152509 152
27152597 63
27152647 128
27152659 557
27152711 1
27152753 5815
27152773 12
27152813 3
27152813 48
27152897 15
27152897 67
27152899 9
27152959 2249
27153037 24
27153083 1
27153083 805
27153163 288
27153163 1548
27153173 7
27153187 497
27153341 3
27153377 672
27153377 5860
27153391 8
27153391 69
27153391 213
27153443 1480
27153457 2075
27153463 180
27153557 43
27153563 48
27153571 21
27153583 17
27153653 7
27153661 111
27153661 2943
27153839 1
27153881 351
27153901 335
27153937 3
27153937 9360
27154051 8
27154091 2361
27154243 893
27154271 9
27154273 1463
27154331 1
27154381 6416
27154397 7
27154453 3
27154453 1887
27154511 1
27154511 24
27154549 200
27154663 1176
27154703 325
27154847 244
27154849 2195
27154891 5
27154891 3981
27154903 8
27154903 20
27154913 312
27154993 4988
27155113 251
27155113 4007
27155131 224
27155173 591
27155201 63
27155201 3300
27155393 91
27155449 4520
27155459 589
27155483 33
27155501 4
27155501 48
27155563 1268
27155593 32
27155627 73
27155699 24
27155717 544
27155771 9
27155827 12
27155839 9
27155881 7779
27155923 521
27155951 1
27156067 524
27156067 2289
27156109 20
27156287 45
27156317 19
27156323 1
27156323 537
27156359 1
27156359 784
27156379 7809
27156449 2059
27156469 119
27156533 12
27156541 3
27156601 48
27156601 6423
27156611 1
27156709 164
27156743 2820
27156749 12
27156793 3
27156793 8
27156809 972
27156839 16
27156851 8820
27156931 7845
27156971 1
27156971 273
27157069 11
27157127 52
27157127 88
27157127 745
27157157 384
27157391 205
27157391 424
27157423 80
27157463 33
27157469 8907
27157477 39
27157499 4
27157597 515
27157651 2508
27157693 12
27157813 3095
27157861 20
27157901 91
27157903 5
27157913 688
27157931 265
27157937 3
27157937 232
27157939 36
27157979 1
27157979 312
27158039 52
27158051 9
27158063 1
27158063 205
27158119 20
27158137 3
27158137 408
27158149 15
27158233 51
27158251 476
27158273 3
27158303 1
27158309 7
27158393 7
27158447 1224
27158459 1
27158491 6549
27158497 1299
27158563 57
27158563 81
27158591 4
27158609 16
27158623 17
27158711 1
27158753 3
27158899 2064
27158941 3
27158941 171
27158951 4
27159157 3
27159191 996
27159239 4
27159239 1165
27159247 737
27159337 27
27159383 1
27159397 12
27159409 9300
27159469 12
27159497 4
27159521 211
27159541 236
27159541 480
27159641 195
27159707 1093
27159733 8
27159733 2408
27159851 1
27159943 876
27159943 6933
27159959 1
27160051 8453
27160103 1
27160103 13
27160151 1
27160181 3
27160267 29
27160297 32
27160333 3
27160351 9
27160351 161
27160423 1712
27160429 164
27160429 636
27160429 5492
27160489 491
27160517 3960
27160547 204
27160621 36
27160643 1
27160663 5
27160711 6465
27160759 44
27160789 12
27160789 24
27160829 7
27160831 453
27160871 33
27160943 4252
27160949 564
27161011 125
27161027 33
27161059 597
27161111 1
27161119 3545
27161243 1
27161249 9895
27161327 9192
27161339 1
27161353 4047
27161411 1
27161443 257
27161521 3356
27161591 1
27161747 33
27161753 3
27161759 1
27161809 9972
27161857 3900
27161957 4
27162013 200
27162013 1640
27162041 3
27162041 40
27162043 48
27162151 360
27162337 3
27162347 25
27162389 7
27162389 211
27162437 99
27162493 1856
27162493 2252
27162529 11
27162529 56
27162529 111
27162539 1
27162539 1624
27162547 24
27162607 1388
27162607 4368
27162677 235
27162731 1
27162731 5089
27162749 264
27162857 67
27162881 4
27162929 720
27163181 3
27163261 275
27163273 1356
27163277 2988
27163313 1147
27163319 1
27163363 737
27163421 3
27163463 25
27163463 3640
27163547 40
27163553 5127
27163561 3
27163567 213
27163571 9
27163583 1
27163651 5
27163651 144
27163679 12
27163753 1308
27163907 4
27163921 159
27163951 173
27163963 5
27163963 1352
27164009 24
27164021 1699
27164101 3
27164251 56
27164251 84
27164273 3360
27164341 251
27164363 1
27164441 1440
27164443 440
27164513 3
27164701 8
27164701 756
27164717 72
27164729 187
27164789 732
27164791 128
27164831 1
27164843 1
27164873 1023
27164899 6924
27164941 15
27164981 1083
27164989 11
27165029 7
27165043 3768
27165101 2223
27165119 4
27165163 417
27165179 1
27165211 33
27165361 8
27165377 400
27165403 260
27165569 15
27165569 3399
27165623 13
27165629 15
27165631 140
27165653 255
27165701 4
27165731 1
27165791 144
27165793 1223
27165823 2661
27165841 191
27165841 444
27165899 4
27165899 1357
27165913 2940
27165937 720
27165973 2388
27165997 6063
27166033 72
27166037 307
27166037 1104
27166037 6079
27166049 376
27166079 69
27166171 276
27166171 509
27166277 27
27166277 339
27166291 24
27166291 204
27166303 21
27166331 4
27166367 4
27166393 20
27166501 276
27166553 12
27166553 72
27166631 1
27166639 9
27166739 1149
27166739 2929
27166807 5
27166807 840
27166831 1296
27166837 47
27166849 11
27166871 1
27166897 5460
27166981 3
27167083 5
27167083 8
27167137 143
27167167 908
27167183 1
27167219 7965
27167221 276
27167221 711
27167293 428
27167417 3
27167419 5777
27167431 68
27167453 7
27167471 88
27167527 1049
27167537 1300
27167579 4
27167603 1
27167743 21
27167771 1
27167771 9
27167801 3
27167801 724
27167951 1
27167957 3
27167963 9060
27168007 9
27168187 5
27168187 17
27168319 156
27168341 3
27168341 3780
27168403 1512
27168419 1
27168443 48
27168457 708
27168469 227
27168509 4
27168509 19
27168551 36
27168611 4
27168671 1
27168769 1187
27168857 3
27168863 1
27168863 16
27168923 1
27168923 1048
27169033 963
27169061 439
27169091 1
27169091 13
27169283 513
27169313 28
27169379 1
27169379 577
27169453 11
27169501 3
27169501 239
27169523 48
27169537 84
27169579 60
27169657 180
27169687 5
27169763 40
27169763 192
27169787 1672
27169811 808
27169819 17
27169841 303
27169841 735
27169843 560
27169861 71
27169963 4665
27170027 4
27170069 16
27170119 285
27170147 1177
27170239 29
27170243 1
27170243 165
27170243 8317
27170333 631
27170401 9939
27170417 7
27170449 2064
27170461 20
27170497 47
27170497 828
27170509 35
27170537 4
27170599 5
27170639 1
27170669 55
27170669 244
27170699 4
27170753 900
27170827 4389
27170903 252
27171019 5
27171019 1017
27171071 84
27171161 4
27171161 19
27171337 360
27171409 8027
27171427 588
27171541 320
27171631 29
27171631 6308
27171721 675
27171877 440
27171953 3
27171953 3228
27172237 68
27172421 76
27172421 1188
27172429 984
27172441 95
27172531 9
27172531 404
27172567 29
27172577 1347
27172583 1
27172583 73
27172597 92
27172597 3308
27172643 1
27172711 5
27172711 5921
27172891 980
27172931 28
27172933 107
27172973 5980
27173017 6284
27173053 143
27173057 52
27173093 156
27173131 33
27173147 4
27173147 5200
27173233 636
27173339 1
27173417 19
27173519 1
27173521 3
27173561 91
27173579 1
27173579 72
27173647 620
27173681 195
27173687 4693
27173737 23
27173777 1707
27173779 2937
27173831 1
27173831 21
27173869 7815
27173903 12
27173963 1
27173981 5980
27173989 104
27174071 1
27174139 12
27174167 2373
27174209 112
27174223 5
27174239 12
27174241 3
27174269 4
27174403 72
27174473 4932
27174491 5973
27174577 2280
27174599 1
27174599 204
27174673 11
27174767 4125
27174779 505
27174811 8
27174887 12
27174887 69
27174893 15
27174967 44
27175009 36
27175009 155
27175091 9
27175103 208
27175103 1428
27175103 9408
27175153 32
27175217 127
27175237 1524
27175297 4004
27175451 1
27175471 5073
27175517 67
27175531 668
27175619 1
27175717 20
27175873 1208
27176033 2548
27176069 7
27176141 5623
27176189 1015
27176257 20
27176257 368
27176257 3828
27176287 3732
27176309 124
27176423 36
27176449 15
27176453 496
27176483 132
27176551 6801
27176663 45
27176719 284
27176753 555
27176789 4
27176843 1
27176843 40
27176917 15
27176917 27
27176917 803
27176927 6364
27176957 4
27176983 3737
27177071 433
27177119 1
27177179 9
27177179 1597
27177179 2409
27177217 59
27177257 115
27177289 372
27177323 12
27177323 88
27177427 3689
27177487 7544
27177503 4552
27177599 1
27177613 35
27177613 68
27177643 681
27177643 3548
27177673 1775
27177779 37
27177803 1
27177833 7
27177911 1
27177967 1188
27178003 12
27178057 183
27178061 4
27178171 6224
27178181 4
27178181 1536
27178187 4
27178187 2332
27178213 47
27178331 484
27178397 12
27178447 444
27178477 99
27178511 93
27178517 15
27178523 1
27178579 12
27178579 849
27178621 8
27178691 121
27178693 12
27178693 1700
27178747 12
27178747 3113
27178799 1
27178883 8937
27178981 6855
27178997 364
27179051 229
27179057 955
27179093 91
27179149 60
27179237 15
27179267 37
27179267 1224
27179309 147
27179371 8
27179419 1569
27179437 372
27179459 1
27179473 3
27179533 240
27179533 3132
27179561 51
27179561 1435
27179657 172
27179693 27
27179693 123
27179693 696
27179759 1
27179791 1016
27179879 1
27179903 1
27179917 3
27179939 84
27179993 168
27179993 307
27180001 576
27180067 20
27180067 33
27180067 8012
27180103 1532
27180113 3
27180191 1488
27180217 6927
27180313 3
27180371 1
27180421 6656
27180463 72
27180479 21
27180529 56
27180557 267
27180557 735
27180653 7
27180799 9
27180851 193
27180869 4
27181097 1024
27181139 1
27181157 3
27181183 368
27181277 120
27181277 1083
27181459 80
27181471 228
27181481 8803
27181499 1
27181529 72
27181537 500
27181559 1044
27181577 180
27181577 223
27181621 3
27181621 1908
27181751 4
27181807 713
27181841 4908
27181897 8
27181969 3420
27181991 1
27181993 3
27182123 1081
27182143 8
27182261 6411
27182273 3
27182273 7
27182273 4735
27182329 104
27182357 579
27182377 1524
27182401 44
27182437 59
27182471 85
27182501 2263
27182641 51
27182671 560
27182671 1688
27182689 347
27182689 735
27182731 20
27182783 1
27182783 48
27182783 201
27182801 4
27182839 1481
27182861 15
27182927 73
27182963 1045
27183043 276
27183103 5
27183139 105
27183203 76
27183227 292
27183239 1
27183269 12
27183293 3
27183313 243
27183397 1203
27183529 7980
27183589 351
27183757 215
27183811 240
27183899 309
27183913 23
27183913 72
27183973 12
27184021 3
27184021 60
27184067 28
27184109 15
27184331 1
27184337 3
27184351 56
27184357 192
27184433 355
27184519 6912
27184567 93
27184637 3
27184637 292
27184667 49
27184679 4
27184721 24
27184733 223
27184879 5
27184903 1016
27184943 13
27184979 45
27185089 1224
27185107 24
27185153 3
27185153 291
27185231 9
27185231 4933
27185299 5
27185351 4
27185351 4981
27185377 8
27185377 384
27185423 1
27185437 23
27185467 8
27185579 1
27185591 1
27185591 4221
27185677 848
27185779 29
27185779 197
27185891 3496
27186041 4
27186073 3
27186091 6164
27186139 20
27186221 3211
27186343 65
27186343 113
27186353 1251
27186361 476
27186371 1
27186373 11
27186373 228
27186421 6635
27186479 1
27186517 27
27186569 4
27186583 5
27186589 44
27186619 1109
27186623 25
27186631 444
27186781 15
27186781 8244
27186857 307
27186931 56
27187003 1928
27187067 48
27187091 1
27187091 4
27187229 3876
27187241 3
27187283 1737
27187361 3
27187367 4
27187367 129
27187411 129
27187441 23
27187441 7095
27187553 7
27187553 36
27187661 243
27187813 8
27187843 8
27187921 111
27187973 27
27188027 8568
27188041 3
27188041 36
27188123 873
27188251 8469
27188647 24
27188663 552
27188683 4776
27188873 3
27188939 589
27188951 573
27188999 4
27189007 8
27189061 11
27189067 6092
27189221 3
27189293 12
27189377 6112
27189397 12
27189397 23
27189433 8
27189479 1
27189527 4
27189529 12
27189571 60
27189571 108
27189577 3
27189623 16
27189629 27
27189649 12
27189881 288
27189937 15
27190049 859
27190099 69
27190199 25
27190199 132
27190211 2680
27190213 5240
27190283 1
27190381 275
27190417 8
27190447 488
27190451 21
27190459 1089
27190489 44
27190507 225
27190517 3
27190517 12
27190517 24
27190549 12
27190571 4
27190589 2707
27190651 56
27190697 3
27190697 4599
27190909 1355
27190981 1083
27191039 1
27191039 4
27191039 36
27191063 1
27191117 27
27191117 63
27191141 75
27191149 215
27191207 912
27191209 191
27191287 9
27191317 27
27191317 299
27191341 396
27191377 215
27191453 3
27191459 16
27191471 13
27191503 5
27191513 1948
27191533 8
27191579 1
27191693 532
27191701 84
27191761 8816
27191849 192
27191873 552
27191887 1229
27191921 55
27191999 4
27191999 64
27192023 1
27192241 3
27192241 8384
27192409 224
27192421 1715
27192457 500
27192547 5
27192563 1
27192589 11
27192589 15
27192701 6123
27192751 5
27192757 8480
27192839 1
27192863 40
27192961 3
27192961 83
27192973 1092
27193003 36
27193043 21
27193109 15
27193171 24
27193241 283
27193279 32
27193333 2576
27193487 628
27193547 340
27193553 1123
27193583 1
27193597 6335
27193601 63
27193633 15
27193703 1
27193721 3159
27193763 1
27193787 4
27193799 457
27193819 377
27193847 37
27193951 96
27194107 3369
27194173 335
27194173 392
27194197 9488
27194231 1
27194231 688
27194287 20
27194449 255
27194473 647
27194537 99
27194537 5460
27194599 32
27194639 192
27194711 21
27194801 43
27194801 123
27194863 1232
27194873 115
27194977 20
27194977 4239
27195031 504
27195071 3420
27195101 40
27195101 63
27195139 12
27195151 68
27195167 9
27195247 1688
27195271 185
27195271 204
27195293 456
27195601 23
27195617 4
27195647 84
27195799 5292
27195871 5
27195887 9700
27195923 1
27195923 712
27196003 1385
27196027 24
27196067 4
27196067 165
27196139 1
27196151 9
27196177 1419
27196193 3
27196193 51
27196193 300
27196283 1
27196283 13
27196283 57
27196313 3
27196319 7705
27196319 8889
27196321 683
27196333 12
27196349 7
27196487 52
27196781 388
27196783 45
27196801 15
27196801 1199
27196877 2772
27196903 45
27196913 36
27196913 360
27196943 1
27196943 780
27196993 3
27197029 9840
27197111 45
27197167 6912
27197237 4
27197281 15
27197383 20
27197413 155
27197557 15
27197663 121
27197699 1
27197803 12
27197803 6953
27197813 43
27197837 55
27197839 5
27197869 99
27197893 9488
27198043 596
27198043 680
27198107 2668
27198107 4632
27198179 1
27198203 180
27198247 92
27198287 4
27198287 100
27198331 41
27198341 436
27198349 207
27198349 7196
27198551 1
27198599 1
27198697 15
27198713 3
27198797 1644
27198869 7
27198953 351
27198991 6396
27198991 8288
27199037 315
27199061 19
27199141 11
27199163 1
27199217 4
27199223 1
27199339 2696
27199453 35
27199517 127
27199589 112
27199657 3164
27199657 8975
27199663 8
27199729 215
27199747 309
27199787 328
27199817 6264
27199841 7299
27199853 715
27199901 51
27199901 4240
27199919 4
27199993 32
27200009 12
27200111 1
27200161 2639
27200207 9
27200233 135
27200297 208
27200309 955
27200333 391
27200339 1
27200399 2277
27200491 5
27200633 628
27200633 1792
27200777 1900
27200801 3
27200933 2256
27200977 2268
27201089 12
27201089 16
27201091 8
27201197 7
27201221 220
27201257 132
27201257 6228
27201287 25
27201371 553
27201371 4069
27201379 101
27201403 8
27201403 21
27201403 405
27201451 33
27201731 4
27201781 3
27201793 1260
27201803 28
27201829 15
27201857 15
27201857 24
27202013 811
27202033 3
27202033 12
27202033 251
27202081 60
27202103 741
27202163 13
27202163 100
27202199 21
27202297 5595
27202327 24
27202333 8
27202361 16
27202561 123
27202631 21
27202649 151
27202751 1173
27202849 71
27202853 75
27202943 1
27203017 644
27203081 783
27203093 352
27203123 13
27203161 3
27203171 1
27203201 3
27203243 1
27203291 381
27203387 585
27203419 29
27203569 2655
27203599 125
27203719 309
27203719 344
27203767 237
27203789 240
27203837 3
27203903 13
27203903 48
27203971 348
27204011 1
27204031 824
27204041 79
27204049 27
27204083 60
27204161 283
27204167 9
27204169 2324
27204173 3
27204223 1865
27204263 1
27204263 232
27204283 797
27204473 16
27204473 163
27204497 19
27204517 24
27204553 231
27204601 63
27204647 69
27204659 105
27204707 4
27204739 56
27204787 8
27204787 1017
27204889 75
27204893 363
27204937 39
27204977 4
27205019 9
27205033 4791
27205097 67
27205097 1308
27205319 1
27205319 109
27205333 32
27205333 2475
27205391 96
27205439 1
27205579 237
27205679 1
27205691 1333
27205751 1
27205751 9
27205751 1356
27205847 57
27205889 52
27205889 3676
27205943 1
27205957 15
27206071 65
27206117 72
27206149 719
27206203 5765
27206243 1
27206327 4
27206407 9
27206533 543
27206639 60
27206717 6372
27206813 16
27206833 35
27206833 68
27206867 652
27206873 895
27206909 2992
27206941 3
27206941 180
27206969 7
27206969 12
27207023 1
27207121 3
27207143 1
27207253 572
27207329 15
27207359 1
27207503 1
27207511 8
27207517 39
27207529 527
27207571 33
27207581 339
27207659 4
27207671 1
27207671 109
27207703 4457
27207743 5740
27207799 2397
27207811 8948
27207823 5
27207833 3
27207881 9580
27207959 4
27207977 519
27208039 549
27208043 16
27208073 3
27208079 157
27208213 8
27208301 823
27208367 264
27208373 1372
27208393 3
27208393 1283
27208459 132
27208541 3
27208553 7
27208553 63
27208613 880
27208639 20
27208739 1
27208787 432
27208829 4
27208849 216
27208927 33
27208933 3
27208999 57
27209057 39
27209113 12
27209131 8
27209243 1
27209263 141
27209263 212
27209291 1
27209291 21
27209321 24
27209321 43
27209449 47
27209711 220
27209771 1
27209803 8
27209921 120
27209951 1
27209951 36
27209999 1
27210077 63
27210119 1
27210119 4161
27210137 268
27210203 28
27210233 576
27210257 3
27210277 2495
27210283 21
27210367 69
27210383 1
27210431 4
27210461 3
27210559 80
27210563 45
27210611 4576
27210619 2624
27210647 120
27210809 4
27210847 9
27210847 4529
27210853 243
27210881 3
27210917 15
27211081 191
27211099 1520
27211099 2364
27211111 36
27211141 20
27211141 5979
27211153 683
27211157 4
27211187 12
27211187 84
27211241 4
27211361 51
27211433 2683
27211453 1691
27211529 1327
27211757 2500
27211817 700
27211817 5844
27211867 204
27211903 273
27211969 291
27211981 6419
27212027 133
27212051 1
27212093 3
27212167 20
27212183 1
27212191 8
27212209 12
27212281 6884
27212323 5
27212401 59
27212441 4768
27212443 461
27212587 68
27212621 4
27212621 991
27212641 8
27212641 119
27212641 8520
27212651 28
27212677 2904
27212681 6643
27212711 4
27212719 20
27212741 3
27212743 60
27212743 608
27212777 7
27212777 4707
27212819 1
27212819 100
27212819 225
27212821 71
27212863 972
27212879 1
27212891 24
27213029 16
27213061 8
27213083 1
27213089 4
27213139 272
27213139 344
27213161 4
27213161 424
27213239 1
27213317 4540
27213409 5631
27213437 103
27213437 624
27213469 159
27213497 28
27213569 4
27213601 3
27213649 12
27213679 849
27213737 52
27213773 36
27213839 1
27213911 1
27213917 1452
27213937 6780
27213943 5
27213971 1
27213971 84
27213997 120
27214009 2019
27214039 5124
27214199 1
27214219 5
27214279 152
27214307 313
27214321 183
27214391 1
27214391 748
27214409 76
27214519 6996
27214547 129
27214613 3172
27214717 3
27214729 375
27214769 772
27214777 1704
27214867 77
27214879 5
27214921 3
27214921 15
27214987 8
27215051 733
27215053 3
27215063 1
27215063 741
27215101 15
27215101 9551
27215171 9
27215191 84
27215197 1088
27215291 1128
27215411 13
27215423 1
27215423 808
27215459 12
27215497 5784
27215519 85
27215533 5747
27215633 3
27215701 7044
27215723 25
27215767 5
27215789 127
27215801 3700
27215819 7996
27215863 353
27215873 27
27215873 4408
27215899 2409
27215911 3381
27215953 1631
27216001 99
27216017 9543
27216019 152
27216023 25
27216071 4
27216221 15
27216229 11
27216229 12
27216311 493
27216313 2048
27216331 93
27216331 273
27216361 3
27216373 20
27216373 611
27216433 75
27216443 5845
27216443 5853
27216503 1
27216559 477
27216593 672
27216601 3
27216601 3744
27216731 61
27216767 9
27216767 33
27216863 721
27216887 1125
27217019 1837
27217117 8895
27217181 15
27217181 864
27217199 52
27217213 3
27217301 7588
27217313 7
27217313 16
27217361 4
27217361 4335
27217387 5
27217447 669
27217469 7
27217471 5
27217511 1
27217583 12
27217591 161
27217591 8688
27217613 7
27217661 60
27217741 3
27217741 5304
27217781 3
27217807 12
27217811 13
27217843 1845
27217873 3
27217919 8841
27218021 523
27218027 84
27218033 3
27218077 372
27218119 41
27218249 16
27218267 24
27218329 96
27218369 3772
27218371 480
27218519 1
27218531 973
27218531 1584
27218579 40
27218579 60
27218579 112
27218753 232
27218777 924
27218923 165
27218977 8
27218987 168
27219011 180
27219011 433
27219029 147
27219029 1296
27219041 3
27219259 9
27219331 336
27219347 9
27219389 60
27219433 3
27219433 368
27219433 1620
27219443 13
27219463 5
27219631 173
27219743 1
27219887 4293
27219911 69
27219961 3596
27219979 45
27220001 651
27220019 1
27220117 200
27220153 116
27220163 1
27220169 3564
27220199 5749
27220267 117
27220279 9
27220289 4
27220327 5
27220327 128
27220373 255
27220441 3
27220463 1
27220469 124
27220469 4359
27220481 4
27220517 3
27220601 424
27220643 1
27220657 575
27220703 1
27220841 4
27220873 27
27220873 2220
27220931 213
27220981 9839
27220997 360
27221023 9356
27221039 1
27221039 85
27221041 56
27221059 7881
27221087 4
27221123 1
27221219 37
27221287 2033
27221303 172
27221309 492
27221309 747
27221339 672
27221393 51
27221429 24
27221681 5308
27221693 3
27221693 156
27221717 148
27221819 9
27222001 51
27222101 16
27222149 3880
27222197 3340
27222241 23
27222289 20
27222463 77
27222551 1
27222551 229
27222553 132
27222583 1580
27222737 192
27222751 104
27222751 3449
27222779 1620
27222781 56
27222911 1
27223037 423
27223043 36
27223061 3
27223111 48
27223153 3
27223247 9
27223247 129
27223267 9
27223267 29
27223277 5695
27223403 1
27223543 128
27223571 85
27223571 141
27223597 968
27223709 7227
27223811 1
27223901 3400
27223901 4848
27223913 376
27223961 424
27223967 84
27224129 1891
27224129 8392
27224149 911
27224159 1680
27224257 143
27224297 7
27224303 25
27224347 605
27224437 8
27224537 1443
27224573 196
27224573 432
27224611 3764
27224653 2592
27224657 2092
27224657 3624
27224671 29
27224677 12
27224867 108
27224867 8697
27224927 28
27225089 271
27225091 1553
27225127 1349
27225179 1
27225239 12
27225241 75
27225323 1
27225329 15
27225413 1263
27225433 143
27225439 69
27225467 69
27225481 9716
27225487 5469
27225547 20
27225563 1
27225587 753
27225587 1548
27225587 5484
27225683 1
27225683 4593
27225883 272
27225883 6432
27226049 4431
27226063 176
27226159 2885
27226169 12
27226217 3
27226247 124
27226249 9980
27226327 9177
27226363 885
27226417 12
27226427 4
27226517 4
27226523 336
27226603 272
27226669 20
27226691 1
27226729 4659
27226763 120
27226763 7693
27226769 1839
27226777 8
27226777 2223
27226819 89
27226861 840
27226891 104
27226999 44
27226999 5432
27227003 97
27227023 153
27227033 375
27227063 16
27227159 1
27227267 4
27227267 12
27227267 1020
27227273 72
27227303 1
27227407 77
27227507 73
27227633 12
27227633 5368
27227639 1
27227639 52
27227639 69
27227647 8
27227663 12
27227749 387
27227821 3528
27227857 3
27227857 275
27227923 2505
27228029 7
27228029 67
27228119 1
27228151 8
27228277 3
27228431 1444
27228647 129
27228647 624
27228671 76
27228701 324
27228727 9
27228727 128
27228739 1536
27228779 1012
27228853 71
27228911 49
27228953 16
27228959 276
27229117 8
27229141 7259
27229201 240
27229351 69
27229417 75
27229421 183
27229421 3336
27229513 816
27229523 1
27229633 815
27229649 5140
27229747 84
27229751 4
27229889 72
27229889 792
27229963 8616
27230003 117
27230009 1051
27230029 39
27230029 111
27230057 7
27230111 780
27230111 1368
27230117 3
27230251 4133
27230293 623
27230561 4020
27230603 1
27230603 16
27230639 24
27230639 724
27230663 133
27230669 2179
27230677 320
27230783 1
27230851 9
27230869 231
27230881 108
27230891 1
27230899 516
27230909 16
27230921 5208
27230939 1
27230977 3
27230977 24
27230977 672
27231023 88
27231067 224
27231119 117
27231121 8
27231133 1296
27231163 5
27231233 1455
27231271 2289
27231271 4464
27231289 1691
27231311 1
27231439 5
27231469 24
27231473 451
27231473 2428
27231511 24
27231571 464
27231697 2168
27231761 3
27231761 4
27231779 12
27231823 5
27231859 225
27231881 244
27232019 1869
27232027 5
27232033 35
27232063 776
27232081 4376
27232133 988
27232199 49
27232343 97
27232511 6468
27232531 9
27232613 3520
27232627 20
27232729 2172
27232739 1
27232811 1
27232867 380
27232949 16
27232949 339
27233039 9
27233051 6685
27233123 933
27233183 1
27233183 45
27233203 45
27233207 1297
27233287 113
27233287 953
27233309 40
27233321 4
27233447 1012
27233497 60
27233543 1
27233611 324
27233653 992
27233659 5
27233693 16
27233719 17
27233729 7
27233729 2016
27233737 392
27233839 3192
27233851 908
27233879 1
27233879 4117
27233957 340
27233957 2787
27234041 60
27234113 3
27234307 20
27234307 1532
27234377 120
27234397 32
27234397 5195
27234407 193
27234491 4
27234533 31
27234569 312
27234653 7
27234661 3
27234673 3
27234673 128
27234743 1
27234743 16
27234749 7
27234749 927
27234793 68
27234839 2752
27234859 884
27234929 4
27234937 584
27235129 5471
27235333 3
27235337 3
27235349 3219
27235457 472
27235477 128
27235477 740
27235477 1899
27235511 1
27235511 69
27235511 8365
27235679 1140
27235729 20
27235729 779
27235739 1
27235739 40
27235823 1
27235823 45
27235861 539
27235861 1383
27236059 2004
27236149 3359
27236219 705
27236351 528
27236357 28
27236369 15
27236389 740
27236399 1
27236399 816
27236413 8
27236441 123
27236479 269
27236491 608
27236491 3728
27236497 39
27236509 36
27236527 5
27236591 25
27236611 9
27236617 5624
27236663 1
27236809 27
27236821 1739
27236929 1896
27236953 3
27237047 13
27237053 3
27237053 16
27237073 347
27237139 5
27237209 31
27237227 1549
27237239 1
27237253 36
27237253 495
27237307 5
27237307 6168
27237307 8093
27237449 7
27237559 617
27237667 3104
27237673 767
27237761 28
27237841 308
27237923 1
27237923 28
27237967 48
27238009 4796
27238033 191
27238091 1
27238093 11
27238093 12
27238129 3492
27238129 5207
27238157 4
27238177 27
27238259 1
27238273 176
27238423 461
27238499 1
27238501 123
27238501 696
27238613 40
27238621 63
27238639 6981
27238643 1
27238643 136
27238733 1912
27238927 7224
27238931 64
27238949 1531
27238949 4675
27238957 900
27238999 5
27239059 1496
27239063 108
27239099 1
27239171 1
27239171 1608
27239213 372
27239237 3
27239411 13
27239449 35
27239677 3
27239713 5267
27239713 8472
27239761 20
27239767 689
27239833 6672
27239873 12
27240007 5
27240011 4
27240011 13
27240011 265
27240011 5508
27240097 3
27240097 59
27240131 1
27240133 12
27240181 111
27240181 191
27240203 1
27240361 1208
27240403 5
27240467 4
27240593 7
27240593 2568
27240601 51
27240673 171
27240691 888
27240743 7593
27240827 64
27240929 7
27241069 27
27241073 40
27241183 93
27241187 13
27241187 793
27241367 13
27241393 3
27241439 592
27241651 20
27241673 91
27241699 9
27241703 253
27241727 25
27241741 11
27241787 9
27241787 13
27241883 16
27241897 459
27241961 4
27241967 93
27241993 2036
27242003 1
27242003 85
27242021 2499
27242071 381
27242231 4
27242233 3
27242291 16
27242311 120
27242443 5
27242461 299
27242461 1031
27242647 4257
27242659 6572
27242773 75
27242849 1452
27242851 8
27242869 2552
27242923 5
27243031 485
27243077 5875
27243091 20
27243091 8700
27243121 23
27243233 2008
27243329 6091
27243341 183
27243439 12
27243479 24
27243497 15
27243497 5227
27243589 20
27243653 535
27243653 8188
27243743 1477
27243863 13
27243919 2280
27243949 11
27244031 105
27244033 80
27244141 8
27244141 180
27244331 1
27244331 28
27244517 7
27244573 51
27244573 71
27244583 1
27244603 8
27244699 1157
27244739 1996
27244781 2520
27244853 16
27244859 540
27244873 3
27244883 1
27244883 1933
27244883 3441
27244933 20
27244963 96
27245011 1353
27245077 423
27245111 13
27245129 7
27245137 1599
27245159 5416
27245167 12
27245201 3
27245201 444
27245219 1
27245227 3033
27245293 1452
27245417 12
27245473 32
27245473 695
27245567 528
27245627 7417
27245809 12
27245831 1
27245921 3
27245989 344
27246013 92
27246143 201
27246227 609
27246253 3
27246253 8
27246253 275
27246431 1
27246431 396
27246433 1872
27246577 135
27246581 3
27246599 1
27246629 4
27246647 12
27246671 1
27246671 501
27246683 1
27246691 236
27246757 255
27246781 39
27246833 8848
27246959 4
27246977 79
27246977 1408
27246997 72
27247043 1
27247049 51
27247093 3
27247307 4
27247313 15
27247471 29
27247567 1148
27247771 4761
27247819 24
27247823 1
27247841 4
27247861 71
27247861 7095
27247967 13
27248009 7
27248027 3613
27248051 1
27248087 49
27248227 12
27248239 12
27248239 429
27248321 919
27248363 1
27248387 13
27248483 1473
27248503 1280
27248591 28
27248591 36
27248591 64
27248609 52
27248839 156
27248857 1379
27248953 1496
27248989 99
27249073 83
27249073 1580
27249083 12
27249083 292
27249121 255
27249139 3396
27249197 52
27249203 561
27249259 1757
27249281 3
27249359 2880
27249407 24
27249491 201
27249511 44
27249511 168
27249559 9
27249619 752
27249619 8081
27249653 295
27249661 3
27249727 2937
27249727 5312
27249757 72
27249841 2456
27249889 575
27249923 936
27250081 3
27250121 3051
27250183 7868
27250283 1605
27250291 281
27250291 2936
27250367 348
27250397 28
27250403 252
27250403 501
27250403 2916
27250451 348
27250511 1
27250523 1
27250529 27
27250529 132
27250547 25
27250547 64
27250567 4704
27250571 48
27250661 4
27250721 2268
27250739 1
27250739 81
27250747 1353
27250793 688
27250801 2084
27250841 3
27250841 703
27250849 11
27250877 132
27250897 3
27250897 8904
27250933 11
27250963 21
27250969 12
27250969 4499
27250987 3693
27251071 441
27251233 11
27251239 69
27251327 108
27251363 1
27251363 156
27251383 948
27251383 1560
27251437 303
27251501 235
27251579 1
27251611 69
27251621 216
27251669 16
27251801 60
27251957 1935
27251977 3
27252101 3
27252119 1
27252341 3
27252359 1
27252397 308
27252419 24
27252437 172
27252473 3
27252473 4671
27252481 908
27252509 4
27252523 80
27252529 47
27252559 1025
27252611 69
27252613 188
27252613 563
27252671 1
27252671 4
27252671 865
27252737 4
27252737 195
27252761 31
27252763 21
27252763 8336
27252791 244
27252889 195
27252893 3
27252899 1
27253067 13
27253067 132
27253117 39
27253211 693
27253381 35
27253403 1
27253451 324
27253463 1
27253483 20
27253483 21
27253483 2597
27253489 92
27253621 4899
27253717 5607
27253813 527
27253813 7488
27253871 1
27253913 28
27253931 360
27253949 1227
27253987 473
27254021 4
27254081 4
27254119 17
27254153 63
27254231 1
27254321 328
27254377 3
27254399 1
27254473 4775
27254543 1
27254573 7275
27254599 9
27254639 61
27254651 1
27254651 2181
27254657 460
27254779 72
27254869 24
27254923 65
27254993 4216
27255049 276
27255071 9
27255103 1281
27255181 1695
27255251 4
27255257 4
27255289 11
27255289 27
27255289 6315
27255359 1
27255373 80
27255377 7
27255383 1
27255419 1
27255419 745
27255427 45
27255491 1
27255511 105
27255511 4785
27255649 9287
27255689 19
27255691 8
27255731 1
27255731 121
27255733 8
27255751 165
27255821 75
27255847 48
27255863 1
27255973 140
27256007 64
27256067 49
27256067 940
27256133 3
27256153 8
27256153 83
27256199 1
27256249 111
27256291 9
27256303 33
27256319 2449
27256331 2644
27256331 4965
27256387 5
27256387 9
27256499 60
27256511 1
27256577 3
27256651 20
27256651 225
27256699 176
27256741 71
27256847 169
27256913 12
27256921 20
27256921 135
27256991 436
27257063 1
27257063 132
27257099 1
27257101 3168
27257107 2868
27257143 536
27257221 35
27257261 268
27257309 36
27257371 65
27257371 560
27257473 8
27257537 3
27257551 9
27257591 73
27257693 15
27257759 9
27257809 1352
27257831 1
27257831 268
27257887 5
27257899 480
27257963 1
27257977 3
27258149 6652
27258193 836
27258193 3335
27258221 88
27258227 13
27258353 132
27258373 8
27258373 23
27258401 3
27258617 4
27258617 2203
27258619 2145
27258629 204
27258719 1
27258733 15
27258773 352
27258779 1
27258793 1091
27258797 3
27258797 43
27258799 5384
27258937 3
27258961 3311
27258971 1
27258989 7
27258997 923
27259061 3
27259069 84
27259157 4167
27259171 336
27259247 25
27259363 596
27259363 7152
27259423 45
27259487 165
27259487 964
27259489 8391
27259523 16
27259523 25
27259523 168
27259691 1
27259717 3
27259933 8
27259963 356
27259963 5081
27260113 771
27260113 2087
27260131 33
27260131 105
27260147 292
27260251 176
27260279 9129
27260407 5
27260489 3691
27260509 35
27260539 500
27260693 232
27260693 3268
27260699 1
27260771 1
27260813 436
27260837 288
27260881 135
27260963 85
27261007 1025
27261007 2268
27261041 24
27261043 197
27261043 9881
27261053 295
27261203 57
27261259 17
27261301 8
27261317 5787
27261317 7780
27261349 20
27261407 4
27261497 135
27261541 3
27261629 535
27261667 269
27261733 8
27261743 1
27261797 40
27261853 83
27261887 2652
27262009 1580
27262049 2091
27262057 59
27262111 9
27262111 2216
27262127 2040
27262231 24
27262259 460
27262327 9
27262357 2688
27262393 11
27262439 1
27262439 144
27262513 3
27262667 225
27262691 1701
27262811 1
27262877 43
27263017 2288
27263021 1656
27263051 213
27263057 115
27263063 1
27263101 48
27263113 11
27263113 1080
27263123 1
27263143 48
27263143 4401
27263293 27
27263389 1332
27263657 12
27263813 300
27263939 229
27263963 2988
27264019 5
27264037 35
27264157 2924
27264179 1
27264191 516
27264299 1
27264319 161
27264323 57
27264383 33
27264397 3
27264397 9248
27264493 23
27264569 27
27264581 288
27264599 1
27264599 40
27264599 984
27264599 1396
27264607 8
27264607 80
27264641 4
27264761 3
27265067 345
27265163 1
27265187 60
27265211 1
27265237 860
27265379 12
27265409 7
27265453 1127
27265457 3
27265489 131
27265543 5
27265549 2135
27265613 2160
27265619 2692
27265643 1
27265643 72
27265643 156
27265661 16
27265661 228
27265873 3
27265907 240
27265961 16
27265961 28
27266089 95
27266111 265
27266191 105
27266243 712
27266389 11
27266411 1
27266411 4
27266411 385
27266417 3
27266483 40
27266509 2412
27266513 60
27266527 369
27266537 4
27266581 56
27266609 12
27266713 5355
27266809 8999
27266849 27
27266951 1
27267041 4
27267083 1
27267101 8296
27267157 6168
27267181 36
27267193 11
27267313 3
27267313 83
27267313 2148
27267323 525
27267341 4
27267353 2196
27267503 1
27267517 3
27267517 935
27267797 72
27267893 1095
27267937 3344
27267967 164
27268013 3
27268013 16
27268061 6688
27268067 28
27268121 2779
27268139 72
27268141 84
27268141 1175
27268147 68
27268147 9668
27268181 223
27268303 5
27268327 24
27268337 67
27268387 1400
27268441 3
27268453 3
27268463 13
27268513 7848
27268517 4
27268517 135
27268573 627
27268607 85
27268693 8
27268721 63
27268723 273
27268793 1975
27268847 6217
27268979 4260
27268999 84
27269027 1092
27269087 652
27269113 407
27269357 4
27269371 81
27269399 16
27269399 4869
27269441 675
27269441 6636
27269443 117
27269527 8064
27269563 113
27269573 7
27269779 5
27269849 1260
27269849 1531
27269897 655
27269897 2664
27269939 1
27270137 3
27270181 2076
27270239 1056
27270251 9
27270311 225
27270317 4012
27270457 684
27270457 875
27270473 7
27270569 12
27270587 148
27270611 180
27270623 196
27270671 168
27270811 1836
27270931 308
27270967 857
27271067 2485
27271067 6153
27271129 99
27271133 15
27271133 48
27271133 6060
27271217 204
27271249 11
27271333 468
27271459 5856
27271463 1
27271483 9417
27271499 825
27271499 1081
27271567 68
27271567 3980
27271667 4
27271763 16
27271793 3
27271823 1
27271837 3
27271987 168
27271991 21
27272341 15
27272341 8900
27272347 197
27272407 44
27272407 128
27272431 108
27272519 7725
27272561 63
27272561 691
27272569 24
27272723 801
27272761 711
27272797 20
27272827 57
27272857 107
27272867 828
27272957 3
27273041 1011
27273089 4
27273187 32
27273203 1
27273209 52
27273289 9735
27273299 1
27273313 1268
27273317 3439
27273353 3607
27273359 1
27273413 3
27273413 1711
27273497 447
27273523 5
27273523 276
27273523 5192
27273539 1
27273539 21
27273553 252
27273563 1
27273563 16
27273709 4016
27273809 160
27273859 80
27273937 24
27274087 84
27274157 64
27274157 187
27274189 11
27274189 32
27274229 75
27274271 313
27274391 1
27274417 8
27274433 3
27274589 55
27274601 135
27274601 2616
27274657 788
27274727 625
27274763 1
27274769 411
27274769 2875
27274781 111
27274781 220
27274781 3720
27274853 3232
27274903 32
27275057 279
27275093 3
27275093 3835
27275137 8
27275219 1
27275219 369
27275219 2425
27275243 445
27275249 4
27275273 927
27275411 1
27275441 4756
27275551 4164
27275587 9
27275587 60
27275671 21
27275707 32
27275707 1853
27275789 36
27275789 367
27275819 109
27275819 1297
27275819 4077
27275869 2084
27275873 16
27275893 8
27275893 15
27275909 4
27275981 1111
27276047 4
27276047 613
27276059 1
27276071 1
27276071 880
27276127 1872
27276167 25
27276241 23
27276307 212
27276329 4
27276433 140
27276433 483
27276479 1
27276581 3
27276607 20
27276757 24
27276773 180
27276803 5796
27276853 11
27276937 3
27276937 8
27277039 5
27277073 183
27277091 144
27277091 2473
27277219 60
27277321 36
27277321 159
27277321 291
27277493 43
27277753 36
27277801 300
27277879 224
27277879 792
27277993 8
27278089 71
27278089 111
27278101 3
27278137 144
27278159 9
27278159 1581
27278197 6467
27278221 39
27278221 71
27278351 1
27278351 184
27278497 3824
27278501 4
27278513 3880
27278551 5
27278551 9584
27278579 1
27278689 11
27278807 1657
27278831 1
27278831 4080
27278891 4
27278903 1
27278903 1320
27278903 1425
27278963 48
27278969 276
27278969 7840
27278971 213
27279023 177
27279097 300
27279097 4280
27279337 15
27279377 3
27279377 12
27279389 820
27279493 492
27279493 515
27279503 1
27279583 216
27279641 6583
27279643 80
27279661 231
27279671 64
27279677 19
27279677 204
27279689 507
27279731 13
27279737 4
27279737 447
27279743 1
27279751 8
27279799 77
27279803 2125
27279827 3873
27279911 9
27280049 27
27280091 1
27280157 6507
27280199 252
27280367 4993
27280471 44
27280483 293
27280483 4361
27280511 16
27280511 324
27280537 15
27280567 5417
27280697 40
27280741 3
27280861 224
27280879 257
27280879 1080
27280901 991
27280919 324
27280987 8
27281003 1
27281029 411
27281071 2969
27281117 3
27281171 7420
27281227 5
27281263 5813
27281327 6025
27281383 173
27281383 693
27281389 39
27281407 5873
27281417 4
27281417 27
27281539 7512
27281677 3
27281693 7
27281693 9952
27281791 456
27281831 196
27281977 504
27281983 2613
27281983 3257
27282029 180
27282029 8527
27282197 7
27282197 28
27282259 5
27282323 1
27282371 1360
27282379 120
27282421 1904
27282457 372
27282551 108
27282667 8
27282667 140
27282709 227
27282797 4
27282971 7153
27283127 129
27283127 264
27283159 9672
27283177 1344
27283189 2091
27283391 144
27283549 591
27283559 16
27283561 36
27283579 1860
27283603 72
27283603 1641
27283631 2413
27283637 300
27283649 324
27283651 660
27283651 6264
27283679 61
27283757 3
27283799 1
27283913 75
27284027 4
27284053 3
27284069 132
27284177 3
27284219 24
27284219 40
27284237 15
27284237 2739
27284291 1521
27284291 1804
27284321 8524
27284329 39
27284353 8
27284353 1007
27284363 1
27284501 3
27284561 3
27284573 40
27284683 8
27284683 17
27284683 1745
27284723 1
27284753 31
27284773 752
27284827 9
27284857 12
27284909 4
27284953 11
27284987 25
27285151 41
27285151 56
27285151 1644
27285233 96
27285443 33
27285497 148
27285551 4128
27285679 104
27285743 1
27285793 4508
27286009 15
27286019 1
27286031 16
27286031 21
27286067 532
27286201 3
27286201 20
27286213 11
27286229 784
27286289 91
27286327 24
27286327 53
27286373 7
27286403 40
27286403 1480
27286429 15
27286433 6183
27286453 12
27286517 2283
27286529 1804
27286583 4552
27286613 12
27286619 9
27286669 975
27286877 7
27287003 1
27287009 15
27287053 3387
27287063 40
27287063 1132
27287129 231
27287137 72
27287171 1
27287171 45
27287189 7
27287233 1568
27287237 739
27287251 5
27287303 705
27287317 95
27287399 1
27287423 2088
27287497 3
27287549 4
27287569 8792
27287573 3
27287593 15
27287593 1635
27287681 379
27287681 2179
27287713 3
27287723 1
27287747 4
27287917 47
27287963 432
27287983 20
27287989 15
27287989 92
27288017 523
27288139 161
27288139 365
27288181 11
27288197 168
27288227 313
27288263 1536
27288347 3373
27288377 3
27288377 3612
27288413 5520
27288433 3347
27288697 3
27288707 52
27288817 23
27288817 4380
27288817 6195
27288881 64
27288881 99
27288949 567
27288983 1
27289123 20
27289151 9
27289169 7035
27289217 4
27289217 19
27289271 4
27289343 12
27289433 468
27289433 1092
27289543 5
27289679 4
27289679 8409
27289687 1505
27289697 4
27289697 2032
27289721 64
27289807 320
27289901 43
27289901 1980
27289943 16
27289961 28
27289987 32
27289991 4
27290017 3
27290063 153
27290089 287
27290089 6516
27290191 8
27290233 11
27290267 9
27290269 15
27290279 1785
27290359 20
27290437 8
27290521 3
27290551 9
27290563 8928
27290567 280
27290611 5576
27290647 80
27290689 759
27290701 23
27290741 4
27290761 975
27290773 3
27290773 8
27290987 88
27291101 3
27291101 31
27291101 399
27291127 545
27291139 20
27291151 9900
27291181 176
27291211 9
27291347 2833
27291367 8888
27291371 1
27291437 3
27291437 7
27291487 5529
27291497 64
27291499 24
27291521 7420
27291559 9
27291611 1
27291611 9
27291683 180
27291739 5661
27291763 297
27291779 1
27291779 9
27291787 5
27291793 1920
27291839 264
27291841 3
27291841 59
27291841 963
27291863 85
27292003 5
27292049 40
27292061 3
27292063 21
27292073 192
27292159 209
27292163 21
27292313 3
27292399 209
27292469 19
27292547 13
27292553 1252
27292561 5856
27292669 1016
27292673 535
27292843 4208
27292997 4
27293093 67
27293179 129
27293219 280
27293359 36
27293359 5889
27293543 1
27293603 1
27293731 33
27293923 45
27293933 3
27293999 1
27294083 1
27294097 12
27294119 16
27294149 264
27294221 103
27294221 328
27294247 5
27294277 4520
27294283 17
27294283 32
27294343 8
27294343 212
27294391 221
27294433 3
27294569 7
27294791 16
27294797 7
27294823 4877
27294833 2827
27294893 5547
27294901 539
27294983 1
27294991 24
27295007 853
27295033 5700
27295057 3507
27295069 4511
27295231 21
27295277 1599
27295313 88
27295339 32
27295393 3
27295399 5
27295427 424
27295507 5
27295511 1
27295511 4
27295519 29
27295601 3
27295601 6031
27295679 1
27295739 1
27295769 159
27295771 660
27295859 4
27295859 2461
27295949 835
27296051 1
27296063 61
27296081 4
27296149 3687
27296419 356
27296473 72
27296579 1
27296609 19
27296657 7
27296657 103
27296767 33
27296767 2760
27296903 1
27296903 156
27297001 3
27297001 80
27297013 3
27297031 129
27297041 55
27297041 400
27297097 3
27297133 3
27297133 147
27297191 1
27297191 45
27297227 13
27297227 124
27297229 107
27297269 16
27297287 4717
27297467 4
27297539 4
27297593 463
27297617 268
27297617 2695
27297713 3576
27297719 21
27297817 8
27297871 681
27298067 433
27298081 15
27298157 3
27298387 1340
27298441 1260
27298553 895
27298619 97
27298633 8
27298717 1772
27298721 3
27298727 25
27298759 201
27298849 156
27298891 393
27298951 1049
27298961 39
27299021 111
27299039 49
27299087 60
27299117 7
27299191 53
27299201 15
27299381 3
27299423 1
27299423 33
27299473 512
27299567 4
27299651 28
27299683 2436
27299819 204
27299863 1337
27299863 4988
27299893 3
27299939 25
27299957 48
27299963 13
27299989 500
27300019 272
27300121 3
27300209 12
27300209 99
27300263 1
27300437 1983
27300479 4681
27300529 15
27300619 5
27300631 128
27300673 20
27300947 937
27300979 540
27301091 1
27301163 2148
27301199 1
27301243 32
27301243 45
27301279 5
27301291 1200
27301321 71
27301357 15
27301387 7208
27301427 52
27301453 308
27301567 1788
27301619 1
27301691 1
27301723 60
27301733 136
27301739 4
27301739 136
27301741 36
27301741 80
27301753 83
27301753 111
27301801 8
27301823 48
27301823 448
27301961 55
27301961 91
27302003 21
27302039 1
27302053 23
27302071 5
27302083 6945
27302129 1975
27302141 1963
27302161 131
27302201 4
27302243 2532
27302273 1035
27302279 3649
27302393 3331
27302453 103
27302501 3
27302501 4
27302581 11
27302581 59
27302591 205
27302591 460
27302689 287
27302773 15
27302777 687
27302783 1
27302801 2920
27302839 29
27302857 288
27302903 1
27302903 3720
27302939 1
27302963 97
27302987 4
27302987 109
27302993 3216
27303119 9
27303187 8
27303191 24
27303203 12
27303271 2993
27303337 920
27303383 1
27303433 3
27303449 355
27303469 11
27303469 60
27303469 99
27303469 1116
27303629 7
27303629 19
27303643 53
27303707 4
27303821 3
27303883 17
27303911 1669
27303943 233
27303949 20
27303977 4
27303977 1152
27304009 15
27304021 3
27304049 39
27304141 59
27304163 1
27304213 6176
27304231 21
27304259 276
27304331 9420
27304337 5712
27304429 4004
27304477 3
27304639 164
27304817 4
27304909 4535
27304913 16
27304913 1596
27304913 2551
27304943 1
27304987 308
27304999 1421
27305027 37
27305027 5488
27305039 1
27305039 4392
27305177 4
27305231 1
27305237 7
27305237 72
27305287 2004
27305329 35
27305339 1
27305357 3
27305359 5
27305363 1
27305471 1
27305497 92
27305561 3
27305563 21
27305701 6864
27305809 6200
27305879 76
27305897 1119
27305951 1
27305951 33
27305977 3
27305981 3
27306011 76
27306011 456
27306163 1340
27306263 1
27306269 2952
27306329 39
27306343 8
27306379 116
27306583 4701
27306659 4
27306701 9240
27306827 28
27307013 2028
27307139 61
27307139 925
27307153 2007
27307171 6788
27307213 3
27307327 45
27307421 28
27307453 680
27307459 432
27307493 3
27307493 1003
27307513 3
27307513 128
27307513 3755
27307571 124
27307583 1
27307711 1653
27307717 3
27307759 80
27307789 7484
27307837 1572
27307871 9
27308023 12
27308101 1760
27308131 225
27308231 145
27308231 6421
27308441 63
27308461 120
27308467 113
27308527 8
27308689 56
27308713 260
27308717 135
27308791 1553
27308881 20
27308887 65
27308887 3260
27308893 672
27308951 76
27308951 265
27309043 1277
27309091 116
27309143 1
27309229 279
27309281 2584
27309311 49
27309311 88
27309323 1
27309323 196
27309437 1899
27309449 112
27309551 4
27309641 144
27309647 28
27309647 48
27309797 172
27309797 3307
27309827 4257
27309839 1
27309899 285
27309929 12
27309929 132
27309983 1
27310099 5
27310099 1680
27310229 139
27310417 20
27310421 111
27310457 24
27310457 775
27310531 24
27310579 225
27310583 1
27310601 3
27310601 103
27310639 24
27310693 236
27310711 216
27310919 1
27310963 5
27310973 28
27311017 7875
27311047 893
27311099 805
27311147 117
27311173 123
27311203 357
27311213 3
27311213 328
27311267 25
27311363 1
27311443 1428
27311461 9303
27311467 12
27311539 600
27311597 588
27311717 64
27311819 420
27311827 12
27311827 2664
27311861 543
27311887 5
27311917 20
27311929 71
27311969 5116
27312167 4
27312223 8
27312463 12
27312479 1
27312529 600
27312553 2676
27312563 1
27312647 12
27312757 3
27312757 3203
27312763 9437
27312793 131
27312821 336
27312881 64
27312913 15
27312913 75
27312979 552
27313007 9
27313009 5619
27313043 52
27313193 235
27313199 1
27313199 52
27313211 109
27313243 17
27313537 15
27313537 1875
27313571 1
27313579 5
27313661 3
27313681 11
27313691 1
27313691 253
27313691 645
27313691 2908
27313717 1863
27313751 4
27313751 249
27314093 7168
27314123 3201
27314269 699
27314279 1
27314279 292
27314293 3
27314297 3
27314383 5
27314383 8
27314423 2725
27314471 1
27314471 4
27314477 639
27314509 2727
27314543 16
27314671 1109
27314713 140
27314759 8361
27314851 5
27314873 27
27314953 480
27314957 27
27315089 75
27315149 76
27315157 3
27315401 5895
27315461 4
27315461 91
27315473 31
27315473 2067
27315503 1
27315527 993
27315569 292
27315671 2961
27315677 3
27315721 68
27315763 416
27315809 135
27315853 1788
27315877 9599
27315913 1320
27315949 11
27316031 1
27316031 28
27316087 68
27316099 20
27316099 1232
27316109 15
27316109 24
27316109 636
27316139 5932
27316151 4
27316151 24
27316151 8568
27316169 327
27316279 164
27316403 1
27316409 19
27316423 9296
27316453 3
27316517 4399
27316643 1
27316721 9148
27316769 1311
27316777 1095
27316777 2792
27316799 181
27316871 316
27316907 4
27316907 508
27316937 7
27316937 24
27317051 201
27317233 15
27317243 1
27317281 3
27317281 48
27317309 427
27317309 2899
27317363 256
27317429 400
27317509 60
27317539 5
27317671 5
27317683 9920
27317699 1441
27317713 167
27317713 1007
27317837 4
27317903 85
27317993 16
27318041 3
27318041 4
27318047 12
27318047 13
27318047 49
27318059 1
27318077 4
27318091 5
27318091 9
27318163 77
27318191 148
27318547 12
27318601 35
27318601 1431
27318607 7788
27318611 393
27318653 27
27318773 7540
27318853 51
27318859 396
27318887 4
27318901 15
27318961 440
27318971 28
27318989 60
27318989 340
27319109 1200
27319129 60
27319151 1
27319151 45
27319151 1444
27319157 3
27319531 60
27319627 20
27319661 3
27319661 5236
27319757 19
27319757 3904
27319783 65
27319931 1
27319931 1665
27319937 19
27319997 4
27320099 1
27320101 3
27320149 927
27320149 3147
27320219 1864
27320231 1
27320239 1805
27320257 1763
27320299 5
27320327 273
27320353 7088
27320369 7
27320369 24
27320413 9000
27320431 189
27320459 592
27320509 516
27320509 2016
27320543 1
27320543 5325
27320563 5105
27320603 160
27320617 3
27320617 24
27320633 15
27320633 40
27320731 8
27320773 71
27320773 147
27320773 435
27320773 1452
27320809 36
27320897 1732
27320897 3604
27320933 1167
27320981 31
27321127 4100
27321191 1
27321191 9
27321191 3504
27321247 2757
27321269 12
27321271 8
27321313 15
27321391 5
27321787 948
27321793 60
27321793 420
27321803 7161
27321851 1
27321869 711
27321923 1
27321991 5
27322073 48
27322153 320
27322159 9
27322159 8216
27322201 2175
27322237 927
27322303 116
27322319 265
27322331 1
27322511 1
27322699 624
27322849 4556
27322879 165
27322963 2456
27322987 5
27323039 1
27323099 1
27323099 6904
27323171 4
27323341 1760
27323347 17
27323381 240
27323383 48
27323399 1
27323399 5485
27323411 13
27323419 17
27323453 3
27323453 5736
27323473 1388
27323503 5
27323537 63
27323657 163
27323689 11
27323819 4
27323819 1509
27323819 1840
27323851 384
27323939 120
27323953 3
27323953 47
27324131 4
27324133 7971
27324197 4
27324277 1512
27324281 4
27324281 96
27324313 3
27324329 4
27324329 36
27324359 1
27324379 32
27324379 777
27324383 1
27324383 45
27324443 1
27324553 3
27324653 3
27324653 51
27324653 6091
27324727 17
27324727 20
27324761 3
27324769 12
27324769 87
27324769 2511
27324841 24
27324863 40
27324863 121
27324917 99
27324953 12
27324959 1
27325007 1017
27325117 27
27325121 31
27325139 9
27325139 2284
27325217 459
27325223 16
27325267 1373
27325373 5383
27325517 4
27325561 495
27325657 228
27325703 1
27325733 36
27325777 59
27325789 380
27325811 1161
27325811 1264
27325979 1
27326041 11
27326099 12
27326141 3
27326141 4
27326141 411
27326171 1
27326203 41
27326281 35
27326311 7161
27326363 28
27326477 168
27326483 1
27326501 171
27326557 99
27326587 9260
27326603 105
27326647 5
27326647 8
27326657 4
27326657 1027
27326699 1
27326699 3024
27326707 44
27326777 3
27326843 448
27326851 44
27326891 1
27326917 23
27326989 236
27327023 165
27327061 980
27327103 4577
27327133 20
27327173 3
27327247 12
27327247 9917
27327271 8
27327299 37
27327359 69
27327389 160
27327413 12
27327431 1
27327563 1
27327563 16
27327637 8547
27327673 3
27327731 1
27327737 403
27327799 24
27327799 1956
27327851 1
27327931 20
27327931 240
27328031 4
27328031 81
27328229 2335
27328243 237
27328313 6636
27328363 8072
27328463 705
27328507 6200
27328523 1
27328547 853
27328547 1428
27328547 8857
27328579 56
27328579 572
27328751 9405
27328753 5663
27328771 7293
27328799 1
27328811 13
27328811 84
27328811 201
27328811 8401
27328849 11
27328921 3
27328921 2868
27328997 39
27329033 8127
27329039 9
27329053 3
27329111 360
27329227 828
27329453 16
27329669 55
27329699 1
27329723 13
27329831 1
27329831 36
27329837 123
27329839 17
27329849 12
27329849 352
27329873 192
27329933 112
27330011 4
27330217 8340
27330263 121
27330263 232
27330337 6860
27330343 81
27330467 12
27330469 12
27330469 3771
27330481 11
27330481 203
27330481 984
27330571 24
27330613 1803
27330649 11
27330691 2364
27330733 3
27330791 1
27330799 56
27330839 1
27330869 7
27330977 4
27330977 52
27331067 9
27331069 116
27331147 9
27331211 421
27331303 353
27331349 4
27331357 2259
27331397 4803
27331417 2543
27331439 1
27331441 719
27331459 36
27331459 576
27331657 12
27331687 20
27331763 1
27331781 328
27331793 535
27331841 4
27331939 5
27331939 60
27331943 1
27331943 52
27331991 8040
27331999 32
27332059 20
27332131 5
27332191 81
27332309 75
27332387 4
27332573 36
27332593 20
27332597 84
27332699 1
27332737 3
27332737 8099
27332759 1
27332759 21
27332777 27
27332783 361
27333157 8
27333157 9980
27333209 7
27333329 7
27333349 279
27333431 36
27333469 1679
27333487 5
27333503 1
27333503 12
27333539 1
27333583 8145
27333617 175
27333653 7
27333701 4
27333811 9
27333833 3
27333833 8640
27333851 1
27333851 1140
27333881 16
27333919 89
27333937 1107
27334001 24
27334007 25
27334019 1965
27334063 20
27334091 5149
27334183 8
27334183 221
27334253 820
27334271 1
27334313 271
27334313 595
27334403 1
27334403 21
27334403 441
27334403 3540
27334633 3143
27334663 300
27334667 4
27334667 357
27334729 72
27334757 283
27334841 184
27334843 693
27334919 24
27334991 64
27335041 659
27335047 6353
27335083 12
27335123 1
27335123 4453
27335131 8
27335131 141
27335171 6480
27335179 2796
27335219 1
27335249 2280
27335299 12
27335351 1
27335369 24
27335417 2595
27335519 60
27335537 6583
27335543 2013
27335629 611
27335701 4563
27335731 968
27335771 40
27335773 3
27335773 6900
27335773 9356
27335809 2256
27335827 9
27335929 536
27335981 384
27336013 68
27336031 29
27336059 525
27336059 7365
27336061 3251
27336077 1804
27336107 4
27336161 811
27336173 3
27336191 1
27336191 244
27336233 28
27336277 119
27336329 7111
27336373 8
27336373 851
27336403 5
27336427 273
27336427 440
27336427 468
27336457 3203
27336461 15
27336461 64
27336503 1
27336521 144
27336593 1311
27336721 75
27336851 21
27336931 1233
27337019 157
27337159 4952
27337223 1
27337223 1060
27337243 5
27337249 39
27337267 29
27337357 4095
27337433 3
27337439 9
27337441 2028
27337469 7
27337469 9811
27337483 92
27337549 27
27337643 1
27337679 4
27337711 345
27337729 1056
27337741 2940
27337747 357
27337781 4
27337811 36
27337811 108
27337813 687
27337829 420
27337829 447
27337883 1
27337883 1192
27337883 2661
27337889 1971
27337949 160
27337949 592
27337991 93
27337991 121
27337991 2253
27338111 16
27338119 917
27338173 32
27338183 1
27338279 4
27338327 9
27338459 1185
27338483 1
27338483 57
27338483 408
27338551 4553
27338593 3116
27338627 105
27338693 127
27338699 45
27338723 432
27338741 7339
27338767 9
27338809 39
27338809 296
27338809 1596
27338863 20
27338879 1
27338903 1
27338917 3
27338939 1
27338939 84
27338953 11
27338957 9975
27338999 1
27338999 60
27339023 1
27339023 12
27339049 4280
27339071 3568
27339073 3
27339097 8
27339139 1521
27339223 101
27339227 13
27339227 1833
27339229 299
27339239 1
27339253 12
27339253 635
27339343 5357
27339343 5732
27339413 3
27339421 980
27339437 52
27339457 1728
27339469 4784
27339517 8
27339523 5348
27339523 8996
27339539 4
27339731 649
27339839 1
27339919 60
27339937 60
27339937 3560
27339971 1
27339971 1464
27340057 107
27340111 8
27340111 869
27340141 3
27340141 1823
27340163 148
27340163 277
27340193 3
27340193 100
27340213 11
27340343 16
27340387 17
27340387 113
27340387 2648
27340393 35
27340459 77
27340519 161
27340603 5
27340619 1
27340661 4
27340697 55
27340799 7525
27340843 5
27340847 73
27340877 3
27341011 8
27341033 52
27341059 17
27341213 43
27341231 13
27341231 285
27341291 1
27341333 96
27341339 1
27341341 8
27341387 37
27341471 28
27341471 205
27341533 15
27341569 5291
27341579 76
27341647 12
27341651 1
27341653 1148
27341719 72
27341749 11
27341749 56
27341759 4497
27341789 76
27341791 69
27341791 881
27341959 125
27341981 4
27341981 1296
27342017 12
27342017 304
27342053 40
27342053 1435
27342061 3
27342061 824
27342067 113
27342151 29
27342151 68
27342199 189
27342241 59
27342251 1
27342257 2355
27342257 3564
27342283 17
27342373 947
27342373 1088
27342379 204
27342461 3
27342461 1231
27342671 1
27342671 13
27342677 7
27342709 876
27342779 640
27342923 1
27342943 152
27342979 9
27342979 8685
27342983 132
27343003 8
27343013 3
27343013 480
27343093 603
27343097 28
27343163 12
27343163 13
27343181 3
27343213 1967
27343241 4
27343417 20
27343441 740
27343471 485
27343487 1500
27343493 820
27343577 3
27343669 9299
27343699 12
27343699 7812
27343817 7
27343817 108
27343873 3012
27343931 1
27343937 19
27343937 3220
27343949 1315
27343997 15
27344027 28
27344027 529
27344099 1
27344117 163
27344167 29
27344197 3
27344197 2063
27344227 5
27344231 1
27344297 4
27344323 17
27344351 1
27344351 133
27344377 3
27344461 1208
27344479 12
27344561 55
27344561 568
27344587 5
27344633 756
27344699 1
27344699 9289
27344729 916
27344839 92
27344843 697
27344923 4961
27344957 1620
27344987 4
27345041 196
27345067 20
27345089 91
27345107 33
27345133 1508
27345167 28
27345167 1228
27345391 24
27345457 212
27345491 2749
27345511 9
27345529 2832
27345557 4
27345623 2292
27345641 2296
27345667 20
27345713 3
27345713 12
27345833 436
27345907 452
27345917 4464
27345971 1
27346003 6168
27346049 4095
27346079 4
27346091 13
27346091 165
27346351 228
27346399 72
27346411 5
27346411 8
27346439 1
27346447 3345
27346469 4
27346699 9
27346703 1
27346717 12
27346717 48
27346741 24
27346741 608
27346799 1
27346799 9
27346859 1
27346933 12
27346933 35
27347027 33
27347051 796
27347071 1580
27347209 36
27347219 1
27347317 3
27347387 4477
27347413 5687
27347447 13
27347513 3
27347531 33
27347539 80
27347623 212
27347681 5196
27347689 720
27347693 52
27347813 100
27347813 607
27347927 117
27347981 84
27348017 343
27348037 563
27348047 9
27348059 1
27348161 16
27348179 1
27348199 12
27348203 3561
27348317 39
27348469 39
27348493 35
27348509 12
27348571 5
27348571 8
27348593 183
27348641 5683
27348677 135
27348751 44
27348779 21
27348781 11
27348781 755
27348791 748
27348983 1
27349043 1
27349097 12
27349097 52
27349097 484
27349123 320
27349297 83
27349321 63
27349367 340
27349459 24
27349477 8
27349541 2544
27349541 4231
27349571 9
27349823 1
27349877 3
27349913 3
27349913 7
27350039 160
27350179 209
27350237 292
27350249 1444
27350251 21
27350261 603
27350293 8
27350383 165
27350419 1937
27350441 3
27350551 2000
27350579 1
27350579 4
27350647 57
27350651 1
27350651 3493
27350681 2223
27350737 12
27350761 123
27350903 1
27351061 143
27351151 176
27351229 12
27351229 39
27351229 936
27351253 3
27351253 960
27351353 3775
27351367 12
27351367 5108
27351377 7
27351449 7
27351449 19
27351587 2149
27351593 3
27351601 3
27351743 1
27351803 12
27351833 27
27351839 16
27351871 8
27351943 81
27352033 536
27352033 1656
27352121 3
27352309 35
27352333 12
27352349 7
27352357 6227
27352363 5
27352373 3
27352373 352
27352373 8527
27352387 444
27352427 40
27352427 180
27352427 2284
27352469 211
27352477 12
27352477 60
27352487 97
27352649 127
27352729 8847
27352769 7
27352883 1657
27352961 136
27352999 1572
27353083 401
27353093 823
27353111 2709
27353213 3996
27353239 36
27353303 1
27353303 868
27353303 988
27353399 21
27353399 24
27353411 1
27353411 4
27353449 12
27353533 107
27353593 8
27353593 11
27353701 255
27353723 85
27353761 459
27353779 284
27353783 2128
27353819 9
27353827 24
27353857 9267
27353933 136
27353971 6861
27353983 8
27354073 747
27354079 1025
27354143 1
27354191 1
27354289 99
27354311 1
27354451 329
27354499 144
27354527 4
27354629 4
27354697 563
27354931 29
27354931 1725
27355019 541
27355039 21
27355121 2316
27355151 388
27355171 8
27355189 756
27355189 6896
27355213 2283
27355271 240
27355319 1
27355319 132
27355331 33
27355331 60
27355351 20
27355351 380
27355451 9549
27355507 5
27355571 4
27355577 87
27355577 180
27355619 381
27355681 128
27355747 513
27355759 444
27355781 204
27355943 12
27356083 1548
27356089 971
27356089 5415
27356207 649
27356359 1497
27356363 4308
27356377 24
27356467 2912
27356489 327
27356489 367
27356597 255
27356603 1
27356627 5820
27356669 192
27356687 4
27356687 828
27356753 3
27356803 8
27356809 164
27356809 1692
27356897 4075
27356921 408
27356981 228
27356981 348
27357019 2984
27357053 60
27357059 1
27357157 15
27357167 13
27357241 1035
27357299 1
27357311 4
27357349 4571
27357361 2748
27357361 8064
27357383 1
27357427 8
27357493 15
27357611 1
27357623 13
27357661 3
27357661 8
27357679 117
27357719 1
27357719 1156
27357797 27
27357839 1
27357881 1455
27357899 9
27357917 28
27357919 105
27357919 2577
27357961 1491
27357983 1
27358057 15
27358103 13
27358159 305
27358273 32
27358361 8404
27358367 4
27358697 1375
27358717 23
27358717 3852
27358733 3276
27358781 3
27358801 11
27358813 9668
27358843 1937
27358853 135
27358853 451
27358889 2940
27358901 19
27358921 2183
27358987 165
27359039 277
27359063 336
27359063 348
27359119 900
27359179 260
27359203 1565
27359261 3
27359357 15
27359399 1
27359471 1
27359513 27
27359513 3156
27359551 528
27359573 3
27359599 105
27359623 8
27359693 6907
27359741 1375
27359831 1
27359831 85
27359869 2531
27359869 3872
27359879 1
27359947 5
27359977 8
27360077 55
27360103 68
27360167 213
27360257 139
27360299 4
27360449 39
27360457 3
27360479 1
27360493 3
27360493 3135
27360517 5844
27360527 2245
27360563 1
27360617 7
27360637 3
27360643 485
27360673 4167
27360727 200
27360727 869
27360733 36
27360733 111
27360889 4335
27360913 3
27360923 1
27360923 37
27361027 89
27361039 56
27361141 11
27361153 512
27361153 783
27361171 5
27361361 8904
27361519 1661
27361547 2272
27361591 5
27361699 5
27361723 17
27361793 9555
27361879 41
27361931 1
27361937 1947
27361963 561
27361969 836
27361987 773
27362077 35
27362177 28
27362183 1
27362207 52
27362273 427
27362441 4
27362441 28
27362441 76
27362453 7051
27362483 168
27362549 99
27362557 20
27362561 7279
27362579 9
27362623 57
27362627 4
27362701 8
27362743 53
27362759 1
27362771 1
27362791 36
27362917 15
27362957 3
27362957 1279
27363023 1
27363043 5
27363131 85
27363181 843
27363209 7
27363227 9
27363257 1635
27363257 3784
27363311 4
27363311 3849
27363341 19
27363377 12
27363383 1
27363397 3
27363397 920
27363449 4
27363473 3087
27363481 24
27363493 1211
27363493 5351
27363503 73
27363587 33
27363599 4
27363641 208
27363647 297
27363647 7593
27363697 8
27363881 3
27363901 668
27363913 27
27363937 3
27364109 87
27364147 8
27364157 8392
27364163 1
27364223 1
27364231 9
27364241 15
27364433 375
27364439 1
27364511 1
27364529 900
27364633 20
27364633 6768
27364717 2247
27364829 55
27364859 72
27364991 4
27364993 15
27365003 1
27365083 5
27365083 57
27365113 2088
27365153 12
27365159 2856
27365269 27
27365269 132
27365369 31
27365449 44
27365449 1496
27365477 19
27365537 240
27365623 68
27365671 105
27365711 1
27365717 828
27365783 33
27365827 633
27365857 44
27366037 3
27366071 2296
27366077 15
27366133 23
27366133 92
27366191 1
27366193 207
27366197 399
27366239 784
27366299 1564
27366323 1
27366359 1
27366509 7
27366551 1
27366601 5163
27366683 3208
27366701 4
27366733 303
27366743 21
27366743 88
27366811 9
27366851 1
27366931 5
27366953 12
27366961 3
27366961 56
27366961 83
27366961 1116
27367001 4
27367037 4135
27367051 9329
27367169 151
27367199 49
27367199 4024
27367321 8
27367321 156
27367349 3111
27367363 413
27367367 49
27367367 1513
27367421 3
27367463 21
27367463 445
27367499 304
27367547 73
27367607 1189
27367633 4563
27367751 1
27367867 4073
27367913 3
27367913 1795
27367987 17
27368017 59
27368023 8
27368039 189
27368057 7
27368059 12
27368059 480
27368101 84
27368111 1
27368213 8148
27368239 5
27368239 9
27368449 192
27368513 43
27368587 252
27368717 3
27368717 4
27368749 384
27368791 9909
27368813 327
27368819 1912
27368821 8
27368849 816
27368893 75
27368947 9
27368981 3
27369029 31
27369059 1
27369077 60
27369161 408
27369211 149
27369217 303
27369323 16
27369341 324
27369403 216
27369521 120
27369703 5
27369733 4307
27369781 95
27369809 31
27369841 8
27369877 1143
27369913 11
27370019 1
27370019 1812
27370037 108
27370037 1747
27370099 2204
27370111 20
27370111 96
27370139 16
27370201 6083
27370297 20
27370297 720
27370331 9
27370523 2560
27370543 2952
27370549 1064
27370573 8
27370627 4265
27370633 107
27370643 13
27370669 1320
27370687 8
27370687 2492
27370691 1
27370691 4
27370703 48
27370723 161
27370741 5619
27370769 16
27370817 3
27370891 213
27370961 2479
27371111 1
27371119 9
27371189 8752
27371213 28
27371213 91
27371251 8328
27371321 55
27371321 1188
27371353 2120
27371387 9
27371417 4380
27371459 277
27371483 13
27371599 9
27371599 300
27371639 1
27371671 4373
27371677 255
27371699 1
27371843 28
27371857 20
27371857 1599
27371891 1
27371891 28
27371923 8
27371923 20
27371957 6487
27372053 55
27372127 33
27372127 2189
27372181 1100
27372197 7
27372263 2440
27372337 252
27372413 31
27372439 1389
27372509 432
27372509 2091
27372523 21
27372523 6716
27372613 20
27372619 156
27372689 60
27372731 1
27372791 4
27372913 671
27372973 95
27373039 12
27373039 209
27373063 161
27373133 123
27373133 1732
27373139 957
27373163 1
27373183 21
27373183 8028
27373183 9048
27373189 1440
27373211 153
27373211 2569
27373231 240
27373253 412
27373253 1203
27373481 16
27373543 113
27373561 20
27373561 48
27373583 1
27373627 12
27373627 93
27373627 309
27373631 1
27373679 1
27373681 3
27373729 20
27373751 1
27373867 3320
27373873 27
27373939 1229
27374027 409
27374279 1
27374279 2296
27374287 5
27374293 8
27374443 17
27374461 503
27374509 536
27374509 1359
27374551 425
27374591 1333
27374657 4
27374657 39
27374663 868
27374681 3
27374707 144
27374719 5
27374729 4
27374747 9
27374747 144
27374747 1084
27374759 61
27374771 1
27374849 1075
27374917 20
27374933 15
27375013 20
27375059 1
27375091 3125
27375137 19
27375137 3412
27375191 16
27375251 1
27375251 4
27375307 5
27375349 36
27375367 8
27375379 5
27375433 711
27375473 1480
27375527 1144
27375611 4056
27375653 3
27375721 4656
27375769 36
27375769 4296
27375917 43
27376117 8
27376157 3
27376183 1397
27376211 325
27376259 4
27376277 4
27376357 75
27376381 2219
27376421 4
27376429 4784
27376429 5975
27376523 1
27376537 9464
27376589 220
27376631 1
27376651 84
27376703 1
27376763 1
27376763 13
27376787 4
27376871 9
27376871 981
27376931 1
27376933 2771
27377017 3
27377017 548
27377059 5
27377087 12
27377101 3
27377113 816
27377143 3972
27377159 1
27377159 6240
27377167 4368
27377173 3
27377177 4
27377219 5965
27377411 1
27377411 165
27377443 65
27377459 1
27377491 156
27377561 4
27377561 2163
27377587 17
27377591 76
27377657 168
27377683 5
27377683 156
27377723 2440
27377893 168
27377899 20
27377951 1
27377951 16
27377963 2188
27378023 1
27378047 9
27378079 2157
27378089 16
27378089 24
27378103 113
27378151 5
27378151 20
27378151 348
27378173 1111
27378223 2385
27378271 5
27378271 164
27378271 1628
27378353 15
27378353 3555
27378371 1
27378371 9
27378371 61
27378397 3
27378397 423
27378479 456
27378479 1584
27378539 301
27378751 41
27378851 21
27378851 4441
27378881 15
27379069 744
27379069 2244
27379117 968
27379201 236
27379283 1
27379283 925
27379309 35
27379343 2112
27379447 3504
27379477 995
27379579 1617
27379579 3036
27379657 3
27379753 732
27379783 5
27379783 12
27379811 1876
27379823 85
27379873 3
27379873 75
27379907 4000
27379951 8
27379981 759
27379987 5
27379987 6825
27379997 8199
27379999 21
27380053 380
27380231 1
27380231 549
27380237 27
27380279 4
27380341 143
27380341 8436
27380429 16
27380459 1
27380477 6375
27380519 1
27380527 8
27380923 20
27380987 9
27380993 3
27381061 999
27381113 2076
27381149 216
27381161 175
27381209 16
27381281 88
27381331 24
27381427 20
27381433 27
27381457 3
27381491 333
27381533 7
27381533 280
27381533 9723
27381689 391
27381709 12
27381737 39
27381743 7017
27381787 12
27381787 2549
27381791 3925
27381797 24
27381911 8013
27381923 1
27381967 17
27381997 3
27382037 3
27382039 12
27382051 84
27382057 152
27382139 1
27382151 40
27382171 441
27382279 2060
27382307 13
27382349 4
27382349 4704
27382423 381
27382423 6933
27382429 2459
27382441 39
27382441 6528
27382457 760
27382463 81
27382493 223
27382559 1
27382639 32
27382639 129
27382639 1452
27382643 13
27382651 8
27382697 15
27382739 640
27382741 51
27382759 1469
27382853 235
27382991 16
27383011 213
27383017 119
27383189 4
27383201 96
27383231 1
27383231 1513
27383233 2531
27383263 5
27383263 53
27383287 237
27383339 1236
27383437 3
27383459 805
27383641 8
27383659 81
27383701 11
27383701 104
27383701 1823
27383773 203
27383831 69
27383893 15
27383899 137
27383933 3
27383953 3
27383963 12
27383963 76
27383977 3435
27384011 1
27384011 1144
27384013 3
27384079 44
27384113 60
27384113 387
27384113 8995
27384209 16
27384209 75
27384239 1
27384341 15
27384347 33
27384359 1
27384359 49
27384389 24
27384419 1
27384449 492
27384457 3
27384463 5
27384463 12
27384557 4
27384557 340
27384587 52
27384601 296
27384601 483
27384607 8
27384607 1188
27384611 556
27384649 24
27384737 7
27384823 141
27384839 37
27384949 995
27384953 940
27384971 1
27384979 644
27385073 28
27385087 9
27385139 1
27385159 297
27385159 4820
27385199 1
27385219 1052
27385361 39
27385573 3
27385693 2700
27385751 1
27385751 4
27385811 105
27385837 119
27385873 11
27385931 1
27385931 8665
27385937 3
27386017 504
27386081 36
27386129 592
27386147 33
27386147 3937
27386221 4635
27386297 19
27386297 172
27386347 605
27386503 12
27386533 23
27386563 12
27386573 3
27386591 1
27386591 1521
27386687 12
27386699 1
27386747 60
27386761 11
27386761 9044
27386783 1
27386803 188
27386803 6201
27386867 72
27386867 120
27386897 7
27386897 163
27387071 84
27387071 160
27387091 116
27387211 24
27387257 67
27387317 1255
27387329 5187
27387361 1043
27387433 3
27387443 36
27387491 4
27387491 88
27387509 171
27387599 1
27387637 452
27387643 257
27387781 1040
27387937 3
27388001 715
27388021 3
27388061 4
27388289 4
27388303 5988
27388379 1
27388381 5600
27388507 7584
27388579 2904
27388609 39
27388631 1
27388631 705
27388657 3
27388703 1
27388723 33
27388787 517
27388831 9
27388859 1
27388909 15
27388919 1972
27388931 81
27388981 39
27388993 591
27389029 12
27389041 1140
27389069 739
27389077 564
27389077 644
27389179 77
27389191 5
27389231 2901
27389293 15
27389293 792
27389293 2900
27389339 1272
27389407 33
27389477 24
27389497 23
27389519 3000
27389617 3
27389651 1
27389783 36
27389797 20
27389821 3
27389821 4604
27389881 44
27389893 2115
27390061 23
27390119 9
27390151 764
27390157 8
27390271 2208
27390443 25
27390463 4916
27390491 1
27390497 7
27390563 460
27390599 4
27390611 96
27390751 308
27390773 355
27390931 141
27390971 1
27390997 3
27391031 4944
27391081 11
27391193 28
27391241 139
27391241 6151
27391381 4856
27391439 252
27391493 40
27391493 856
27391499 1
27391537 572
27391583 1
27391603 396
27391627 9
27391723 65
27391751 325
27391783 56
27391799 96
27391807 608
27391823 1
27391933 3
27392069 12
27392137 87
27392303 1
27392329 2295
27392411 1
27392413 3
27392413 2520
27392413 5147
27392429 4
27392479 660
27392657 52
27392663 1
27392663 172
27392713 131
27392753 4372
27392773 332
27392837 4755
27392903 12
27392929 11
27392929 39
27392999 9
27393053 1023
27393101 15
27393101 51
27393101 135
27393101 3760
27393167 232
27393217 788
27393227 1072
27393251 4
27393257 1123
27393343 36
27393349 15
27393539 304
27393581 3
27393599 100
27393601 8424
27393607 53
27393683 1
27393683 13
27393689 76
27393721 708
27393731 1
27393767 492
27393827 84
27393833 28
27393853 3
27393857 39
27393923 1
27394007 232
27394007 3013
27394069 3287
27394093 8
27394151 1
27394193 868
27394271 1
27394271 961
27394303 156
27394337 355
27394501 11
27394649 27
27394651 1376
27394739 252
27394777 164
27394777 1479
27394819 6360
27394883 1
27394987 2040
27395021 16
27395021 475
27395021 1875
27395021 4735
27395129 2899
27395183 72
27395191 80
27395209 20
27395237 39
27395261 96
27395261 228
27395261 3624
27395299 9
27395363 105
27395497 279
27395579 4
27395603 456
27395609 187
27395717 3
27395821 15
27395881 3
27395881 5499
27395939 100
27396037 435
27396133 27
27396179 561
27396179 6400
27396191 1
27396191 1461
27396217 339
27396223 5
27396251 756
27396263 1
27396263 313
27396263 9081
27396337 3
27396337 48
27396337 320
27396359 4
27396359 40
27396377 280
27396491 4
27396533 1036
27396623 1
27396637 35
27396671 25
27396731 1
27396833 3
27396899 165
27396931 464
27396953 91
27396961 56
27397003 5
27397033 1263
27397049 312
27397127 1024
27397133 7
27397277 9343
27397291 6188
27397463 28
27397609 44
27397619 936
27397631 21
27397679 1
27397679 4
27397679 144
27397697 7
27397813 11
27397817 19
27397879 105
27397883 1312
27397939 9
27397961 6264
27398071 1016
27398081 4
27398207 1009
27398303 1
27398311 5
27398317 72
27398341 35
27398411 1
27398419 177
27398453 103
27398471 1
27398471 4545
27398531 69
27398531 981
27398677 8
27398729 312
27398731 21
27398753 3
27398753 9480
27398803 32
27398837 2943
27398953 96
27399023 1
27399023 385
27399079 5
27399079 504
27399343 5
27399343 33
27399353 840
27399377 3
27399391 504
27399479 556
27399487 132
27399517 12
27399613 11
27399613 891
27399689 52
27399727 33
27399727 204
27399727 704
27399793 7188
27399847 9
27399859 140
27399859 4197
27399959 1
27399989 19
27400103 13
27400133 7627
27400151 1
27400171 449
27400211 1
27400301 5139
27400319 4
27400619 1
27400619 9
27400619 897
27400661 420
27400661 1260
27400687 273
27400729 2507
27400777 140
27400777 7535
27400799 1
27400799 8629
27400883 1
27400939 1872
27400973 63
27401009 27
27401041 39
27401203 5
27401267 204
27401323 80
27401411 13
27401447 12
27401519 1
27401573 175
27401617 320
27401711 1
27401711 4
27401741 1540
27401753 28
27401813 15
27401831 9
27401831 613
27401831 8949
27401903 1
27401903 28
27401903 312
27402031 113
27402059 24
27402073 75
27402073 2732
27402103 12
27402119 4
27402119 25
27402119 349
27402217 27
27402247 5
27402247 8
27402247 260
27402259 3744
27402293 27
27402293 988
27402383 25
27402383 3045
27402413 3
27402443 105
27402461 24
27402509 4
27402527 8812
27402577 275
27402587 69
27402649 35
27402649 60
27402673 2795
27402797 3
27402797 1827
27402983 1
27403007 24
27403009 2891
27403087 17
27403147 5624
27403177 3
27403193 363
27403319 16
27403331 4
27403379 657
27403379 4876
27403429 24
27403613 7
27403613 1755
27403709 4804
27403729 11
27403751 1
27403919 72
27403921 4536
27404129 1999
27404147 184
27404177 252
27404303 12
27404401 3
27404467 29
27404471 5613
27404491 8
27404557 8
27404563 2637
27404621 1143
27404719 2217
27404771 7084
27404779 5
27404843 1605
27404941 171
27404953 35
27405047 84
27405047 288
27405047 1300
27405073 3
27405073 32
27405083 1
27405113 252
27405137 4228
27405143 1068
27405199 12
27405199 17
27405403 8
27405407 669
27405461 423
27405461 3379
27405541 84
27405571 5
27405731 61
27405737 3
27405737 60
27405941 1596
27406013 3
27406051 29
27406051 324
27406079 225
27406109 16
27406129 1680
27406321 3
27406411 276
27406447 20
27406447 477
27406471 33
27406471 1076
27406559 285
27406583 1
27406667 8217
27406733 7
27406763 1
27406831 1041
27406853 147
27406909 4596
27406919 5817
27406933 8
27406993 9512
27407123 21
27407161 39
27407203 36
27407279 1
27407321 15
27407321 8916
27407357 1467
27407363 16
27407411 1269
27407459 385
27407459 484
27407473 456
27407509 56
27407531 1
27407543 1
27407573 3
27407711 441
27407759 9
27407759 69
27407767 848
27407819 441
27407827 24
27407851 164
27407851 4248
27407857 72
27407857 9452
27407869 15
27407959 237
27407983 380
27408053 112
27408053 132
27408179 16
27408331 48
27408439 24
27408439 7517
27408481 3
27408481 48
27408523 36
27408559 1869
27408677 3
27408757 15
27408827 4
27408917 3
27408919 2912
27409157 3
27409163 516
27409243 128
27409297 1092
27409309 276
27409351 885
27409409 139
27409477 312
27409643 16
27409693 2232
27409819 77
27409873 12
27410011 68
27410057 3
27410147 2209
27410281 215
27410287 113
27410291 1
27410323 2085
27410323 7788
27410371 24
27410567 1968
27410573 7
27410623 81
27410743 573
27410759 1
27410759 21
27410947 7085
27411019 1329
27411187 8
27411277 3
27411283 633
27411283 3053
27411301 8
27411407 9
27411431 3028
27411541 24
27411551 693
27411563 1
27411613 75
27411613 216
27411673 56
27411673 2747
27411697 7568
27411721 11
27411799 21
27411799 1904
27411817 27
27411823 5793
27411847 1013
27411913 3
27412019 4
27412081 1443
27412141 4043
27412141 8435
27412283 1116
27412291 344
27412351 5
27412351 8
27412351 236
27412387 17
27412439 4
27412499 36
27412499 160
27412513 80
27412529 24
27412577 1000
27412601 19
27412613 91
27412643 21
27412657 3
27412657 843
27412739 4
27412837 4335
27412907 73
27412919 4
27412981 120
27413017 8
27413093 91
27413159 61
27413159 2496
27413363 1
27413369 520
27413423 1
27413531 2961
27413591 1
27413629 284
27413669 184
27413783 1557
27413801 144
27413801 1284
27413957 1375
27414119 484
27414221 3
27414313 83
27414383 1840
27414461 595
27414539 61
27414619 9
27414619 509
27414679 96
27414697 3
27414797 4524
27414799 6720
27414911 1
27414911 3433
27414923 1948
27415051 561
27415097 40
27415139 21
27415139 124
27415163 1
27415217 19
27415229 15
27415231 80
27415247 5425
27415259 36
27415313 192
27415313 247
27415327 2120
27415343 4005
27415403 1
27415463 96
27415463 181
27415477 1067
27415489 35
27415513 507
27415579 2069
27415667 24
27415697 163
27415783 1013
27415831 8
27415837 1184
27415847 9
27415867 5
27415891 1064
27416017 44
27416017 708
27416119 165
27416243 1
27416243 81
27416329 216
27416351 841
27416353 3
27416357 87
27416357 7192
27416383 225
27416383 845
27416453 1800
27416453 7992
27416581 119
27416591 49
27416723 1
27416723 85
27416737 243
27416761 519
27416821 71
27416899 6456
27416911 113
27416911 1229
27416923 17
27416947 129
27416969 16
27417083 1
27417083 25
27417139 704
27417223 141
27417317 3
27417329 1639
27417371 28
27417373 3
27417373 168
27417389 16
27417409 12
27417419 1
27417419 37
27417427 8
27417457 35
27417457 3680
27417463 21
27417527 108
27417563 1
27417667 12
27417727 57
27417781 108
27417899 409
27418031 4
27418049 4
27418049 4195
27418051 3609
27418081 203
27418109 36
27418129 59
27418201 8
27418247 4
27418351 1364
27418361 3
27418361 4
27418583 7528
27418619 1
27418619 1137
27418621 15
27418639 369
27418733 3003
27418747 12
27418753 8
27418757 2124
27418799 205
27418823 120
27418837 3
27418837 12
27418933 12
27418933 4655
27418997 63
27419039 4
27419081 60
27419101 96
27419149 239
27419347 9
27419369 19
27419383 2097
27419401 104
27419507 268
27419653 56
27419663 1
27419723 1060
27419729 396
27419731 713
27419807 4
27419807 93
27419813 195
27419881 143
27419957 2664
27419957 6567
27419999 1
27420007 5
27420013 20
27420121 3599
27420157 1239
27420229 12
27420329 12
27420359 1
27420377 400
27420539 1
27420571 1208
27420583 32
27420583 36
27420611 1456
27420661 3
27420671 1
27420773 16
27420791 9
27420791 856
27420871 105
27420907 5
27420931 56
27421039 9
27421103 468
27421151 9
27421183 4125
27421183 5780
27421213 23
27421249 1392
27421309 36
27421409 324
27421411 20
27421417 3
27421417 179
27421423 5
27421519 1892
27421529 7
27421529 391
27421529 2772
27421531 5
27421747 80
27421871 4344
27421991 1665
27422033 520
27422033 7612
27422039 1
27422093 48
27422113 3
27422119 2504
27422137 35
27422159 45
27422177 1584
27422201 2179
27422237 4
27422251 356
27422257 3
27422299 156
27422441 2479
27422467 45
27422539 21
27422539 24
27422599 845
27422653 4020
27422663 1
27422663 8505
27422711 1
27422737 63
27422743 5
27422861 591
27422881 3
27422911 21
27422981 48
27423001 11
27423007 5
27423007 12
27423173 4740
27423203 228
27423271 5
27423271 369
27423281 51
27423287 769
27423311 1116
27423323 1
27423391 48
27423439 9
27423439 20
27423493 227
27423503 1
27423553 3
27423829 20
27423917 339
27423931 5
27423931 5505
27423959 4
27423959 6372
27423959 7140
27424031 1
27424081 6131
27424151 1
27424259 57
27424339 105
27424351 185
27424357 8
27424399 4817
27424447 60
27424643 1
27424693 23
27424697 8064
27424759 5
27424861 540
27424979 1
27425003 73
27425141 76
27425159 1
27425191 2453
27425273 915
27425287 9
27425309 4
27425317 83
27425339 21
27425339 880
27425389 3087
27425521 3
27425549 7
27425549 3055
27425771 24
27425803 12
27425819 2125
27425887 605
27425953 272
27425977 35
27426011 1
27426011 8965
27426019 129
27426019 372
27426019 420
27426023 6528
27426079 24
27426079 357
27426079 720
27426079 1241
27426251 16
27426341 3
27426397 83
27426403 396
27426479 84
27426527 133
27426613 80
27426629 51
27426629 675
27426629 6571
27426631 369
27426697 4928
27426701 4
27426719 1
27426719 204
27426727 5
27426727 9
27426781 15
27426941 4
27427009 300
27427091 1
27427091 1108
27427117 323
27427139 36
27427181 439
27427189 12
27427207 24
27427259 40
27427261 623
27427357 23
27427391 28
27427391 5008
27427441 2003
27427451 301
27427493 2947
27427627 633
27427739 9
27427759 41
27427787 13
27427789 36
27427867 509
27427909 3504
27427927 189
27428033 3
27428099 1
27428099 16
27428099 2140
27428161 3
27428161 131
27428231 1
27428249 115
27428299 20
27428299 4344
27428347 249
27428353 267
27428431 584
27428543 1
27428543 5340
27428573 16
27428573 2236
27428579 21
27428579 60
27428699 1
27428783 1
27428887 17
27428899 617
27429023 1
27429047 25
27429047 877
27429049 219
27429067 9
27429089 4
27429097 224
27429113 7
27429263 1
27429349 24
27429397 344
27429403 197
27429487 8
27429607 365
27429707 4
27429707 193
27429709 579
27429713 40
27429719 21
27429719 912
27429817 3
27429887 25
27429907 29
27429967 84
27429971 1
27430021 7748
27430063 81
27430079 49
27430079 676
27430157 1603
27430217 3
27430223 1
27430229 1215
27430267 5
27430289 24
27430321 3
27430363 21
27430393 36
27430439 1
27430451 3208
27430463 4068
27430499 97
27430597 1719
27430631 4
27430631 60
27430687 6945
27430703 1
27430703 61
27430709 31
27430759 84
27430829 9171
27430901 4491
27431057 163
27431147 3060
27431179 192
27431191 45
27431279 1
27431279 4
27431293 12
27431321 60
27431381 475
27431389 3272
27431441 55
27431447 1624
27431461 380
27431471 2220
27431561 3
27431561 1896
27431671 225
27431699 240
27431797 48
27431947 32
27432001 3
27432017 72
27432113 3
27432121 11
27432131 1
27432187 17
27432187 300
27432187 3285
27432283 96
27432313 15
27432329 15
27432367 8
27432367 1857
27432467 300
27432479 357
27432481 3
27432497 40
27432683 1
27432701 976
27432763 8
27432803 1
27432833 91
27432851 1
27432893 7
27432971 13
27433033 512
27433099 44
27433201 3
27433261 2384
27433313 3
27433313 5352
27433339 9
27433339 60
27433363 21
27433379 1
27433403 276
27433453 35
27433453 840
27433493 27
27433493 2532
27433517 52
27433531 20
27433559 16
27433579 12
27433579 2772
27433583 1845
27433607 973
27433751 1
27433811 121
27433919 52
27433981 44
27434003 1
27434047 228
27434111 4
27434213 3
27434213 3223
27434249 19
27434257 2508
27434317 1127
27434369 847
27434419 749
27434581 468
27434657 2920
27434711 4
27434747 4789
27434749 2115
27434809 84
27434947 20
27434947 117
27434951 13
27434971 33
27434983 1448
27434999 24
27435047 4
27435077 4
27435097 3683
27435097 7523
27435119 36
27435179 1
27435211 24
27435257 3
27435301 3
27435581 3
27435623 1
27435731 1
27435731 25
27435839 1
27435839 4
27435871 21
27435923 540
27435971 2488
27435971 7420
27436037 28
27436039 1772
27436049 12
27436169 4392
27436177 5867
27436177 5943
27436303 8
27436411 9
27436417 8
27436417 12
27436417 243
27436417 1163
27436471 45
27436471 168
27436477 447
27436481 3
27436531 1601
27436609 36
27436693 1760
27436823 1
27436823 196
27436879 41
27437021 4
27437023 21
27437087 1480
27437117 424
27437119 9
27437149 120
27437317 1028
27437339 16
27437407 77
27437467 69
27437471 4
27437533 555
27437647 117
27437687 3325
27437743 3425
27437747 169
27437747 2148
27437771 1
27437797 27
27437849 364
27437923 32
27438049 7512
27438097 8
27438107 12
27438137 3
27438137 3015
27438157 6164
27438161 4
27438181 2588
27438197 1348
27438431 229
27438473 1092
27438533 4627
27438533 6843
27438533 8935
27438581 3
27438581 4
27438661 71
27438709 75
27438781 3
27438811 321
27438821 3
27438821 36
27438821 1099
27438863 781
27438949 3816
27439019 1
27439019 156
27439063 8
27439103 108
27439109 4
27439177 3
27439193 12
27439259 1
27439271 1
27439277 19
27439327 168
27439421 279
27439463 13
27439463 21
27439541 3
27439549 11
27439561 1436
27439567 9
27439627 200
27439673 43
27439721 448
27439723 248
27439723 692
27439817 1843
27439961 31
27440089 12
27440137 155
27440183 1
27440183 25
27440279 1
27440317 1799
27440411 21
27440593 3
27440653 1380
27440659 4821
27440663 21
27440711 184
27440843 52
27440851 9
27440857 60
27440927 3957
27440929 3644
27441053 5040
27441083 1
27441097 3
27441101 15
27441131 148
27441307 204
27441317 79
27441371 241
27441473 3
27441581 3
27441763 17
27441763 48
27441811 501
27441839 1
27441907 68
27441907 2673
27442039 125
27442249 407
27442357 3
27442391 1
27442399 1676
27442433 3088
27442511 868
27442523 816
27442523 4536
27442543 8
27442559 1
27442577 315
27442621 11
27442627 188
27442651 7901
27442699 17
27442759 41
27442759 1700
27442799 1
27442813 3
27442927 1560
27442931 1
27442957 2372
27442993 11
27442997 88
27443023 825
27443051 13
27443051 45
27443051 1680
27443191 129
27443191 1868
27443197 728
27443291 169
27443333 592
27443411 25
27443513 7
27443513 28
27443513 63
27443579 4
27443579 225
27443699 25
27443699 3601
27443777 295
27443827 5
27443837 72
27443837 112
27443861 4
27443879 100
27443939 1
27443957 3
27443963 37
27444091 65
27444091 648
27444133 188
27444139 29
27444149 307
27444169 192
27444233 3055
27444257 39
27444317 3
27444349 1047
27444367 5
27444541 48
27444551 1
27444551 40
27444611 1
27444611 4
27444671 1
27444709 11
27444709 8435
27444761 15
27444761 19
27444803 1
27444803 12
27444821 88
27444847 68
27444929 336
27444961 236
27444973 3
27445027 404
27445079 1
27445079 1585
27445109 211
27445163 16
27445193 7
27445213 27
27445217 3
27445289 135
27445337 19
27445349 7
27445391 9
27445399 69
27445399 6129
27445511 4
27445511 1285
27445529 7
27445541 2091
27445541 3028
27445577 4
27445619 52
27445673 3903
27445711 156
27445723 8
27445723 372
27445741 104
27445763 1
27445921 143
27445963 5
27446123 1
27446149 35
27446183 1
27446281 11
27446281 396
27446299 129
27446329 7739
27446333 40
27446369 1380
27446491 24
27446579 1
27446579 132
27446593 323
27446597 3
27446603 6045
27446647 8
27446647 165
27446647 1512
27446647 9965
27446651 1
27446707 177
27446761 3
27446777 244
27446777 3495
27446957 3
27446971 68
27447037 9704
27447227 853
27447271 5
27447271 113
27447359 24
27447379 824
27447443 6541
27447461 1896
27447467 148
27447529 32
27447547 12
27447569 7
27447593 1911
27447613 8592
27447779 1
27447779 45
27447787 17
27447829 12
27447841 1100
27447853 8532
27447919 8361
27447923 9793
27447929 4
27448033 8
27448121 235
27448151 25
27448163 1
27448273 51
27448273 167
27448277 912
27448321 59
27448321 636
27448363 4668
27448391 1
27448409 87
27448409 1396
27448441 1991
27448451 1
27448583 28
27448643 1
27448661 220
27448793 148
27448793 207
27448807 20
27448807 117
27448903 2553
27448907 12
27448933 3347
27448969 27
27448973 7
27449011 8
27449011 41
27449021 4
27449077 3
27449077 6308
27449099 1
27449111 1
27449209 176
27449251 7044
27449371 509
27449393 2187
27449483 85
27449537 3
27449537 7227
27449561 7308
27449629 3516
27449641 8
27449693 423
27449711 1
27449753 3
27449753 31
27449789 187
27449857 8
27449923 5
27449987 5289
27450013 32
27450013 3623
27450119 1
27450119 72
27450253 12
27450323 1
27450323 172
27450457 20
27450473 1680
27450551 4
27450587 37
27450587 7920
27450601 768
27450629 19
27450719 1
27450719 181
27450721 3
27450749 24
27450859 4824
27451007 12
27451031 28
27451049 7
27451049 12
27451087 1745
27451211 2005
27451231 24
27451271 69
27451273 156
27451423 201
27451423 1521
27451439 1
27451493 3
27451499 3505
27451537 560
27451559 3541
27451573 3
27451639 6812
27451643 1
27451657 188
27451799 4
27451841 3
27451841 2179
27451927 173
27451927 4124
27452057 7
27452101 80
27452129 12
27452141 4039
27452171 4
27452219 4
27452219 420
27452339 4
27452423 1
27452429 24
27452441 24
27452449 2124
27452573 27
27452597 3
27452687 24
27452687 357
27452743 96
27452771 4305
27452783 1
27452797 15
27452819 1
27452819 4
27452959 24
27452987 1428
27453059 1
27453061 108
27453061 1056
27453121 60
27453131 1
27453143 1
27453143 72
27453203 1
27453203 9052
27453301 11
27453301 4419
27453323 1
27453323 1500
27453337 8
27453341 376
27453431 21
27453493 147
27453493 260
27453683 1
27453683 21
27453683 168
27453683 2493
27453731 4
27453731 36
27453731 7168
27453761 40
27453761 211
27453773 7
27453883 512
27453883 1436
27453901 1991
27453911 1
27453911 300
27454103 1
27454139 52
27454139 100
27454153 35
27454177 3
27454187 13
27454211 40
27454211 8709
27454309 180
27454319 192
27454319 5104
27454363 3053
27454391 1
27454421 195
27454447 173
27454451 633
27454501 4200
27454613 40
27454613 2560
27454699 164
27454787 93
27454837 3867
27454859 1
27454997 3079
27455047 53
27455159 144
27455177 67
27455287 5
27455303 1
27455303 8952
27455387 340
27455509 47
27455569 431
27455639 25
27455641 9539
27455707 8
27455719 365
27455719 840
27455807 4
27455807 84
27455807 805
27455839 7545
27455843 1
27455851 44
27455851 189
27455891 1
27455903 177
27455903 3076
27455971 201
27455977 23
27456073 12
27456223 3333
27456263 372
27456277 4179
27456281 16
27456281 271
27456323 52
27456323 8121
27456361 20
27456439 81
27456509 12
27456617 43
27456659 1
27456659 121
27456713 196
27456721 236
27456763 45
27456851 280
27456959 4
27456973 11
27457063 17
27457081 8
27457081 3443
27457093 27
27457093 6588
27457097 492
27457121 3
27457121 51
27457121 1708
27457181 3
27457247 9
27457247 964
27457357 3
27457393 63
27457453 3
27457457 7623
27457487 12
27457691 1
27457783 228
27457861 659
27457897 3
27457919 40
27457933 8
27457957 3
27458017 815
27458089 60
27458129 2211
27458237 7620
27458317 3399
27458393 3
27458531 508
27458581 68
27458603 1
27458603 268
27458719 177
27458729 4
27458747 12
27458747 2172
27459031 69
27459067 3744
27459083 1
27459119 4
27459197 12
27459209 4
27459527 4
27459569 4
27459569 7
27459569 255
27459571 33
27459581 1983
27459599 904
27459629 4576
27459659 4
27459857 339
27459863 1
27459863 12
27459979 92
27460061 55
27460099 17
27460249 84
27460271 225
27460289 8284
27460313 3
27460319 1344
27460403 1
27460403 40
27460403 2212
27460439 24
27460523 1
27460523 156
27460577 3
27460577 339
27460583 1188
27460721 15
27460723 236
27460891 5
27460903 681
27460907 1284
27460931 564
27460981 56
27461029 212
27461033 91
27461053 5835
27461087 3940
27461101 1364
27461123 12
27461129 6211
27461177 3
27461183 2113
27461191 129
27461279 9
27461281 9216
27461383 1580
27461387 73
27461411 1
27461459 337
27461459 612
27461543 1
27461543 2373
27461557 3
27461617 12
27461737 1515
27461831 1
27461867 7017
27461873 3
27461879 37
27461879 901
27461891 1
27461899 5
27461899 3164
27461947 2304
27461947 8309
27462047 40
27462047 60
27462173 7
27462173 15
27462257 4
27462301 768
27462319 9
27462511 1256
27462569 6115
27462629 4
27462679 324
27462761 204
27462857 3
27462859 201
27462947 4
27462947 25
27462959 1
27462979 5
27463001 28
27463003 2877
27463039 77
27463091 64
27463243 4373
27463273 1943
27463301 1944
27463309 24
27463333 15
27463441 39
27463451 184
27463567 297
27463717 23
27463763 232
27463763 5412
27463801 443
27463837 480
27463937 15
27464069 6727
27464071 33
27464141 3
27464147 1713
27464147 1848
27464267 12
27464317 152
27464317 303
27464351 1
27464399 1
27464413 347
27464431 44
27464453 7
27464491 300
27464501 4
27464513 216
27464539 56
27464651 4
27464651 84
27464663 1
27464687 25
27464743 41
27464797 59
27464797 104
27464837 463
27464849 16
27464851 176
27464909 6379
27464953 8
27464953 636
27464963 16
27464999 52
27465017 3
27465019 5
27465029 280
27465071 1
27465073 140
27465091 5021
27465103 168
27465161 615
27465187 12
27465199 2532
27465247 24
27465257 4
27465331 984
27465457 3
27465457 83
27465461 319
27465481 491
27465551 4
27465551 13
27465553 3
27465553 1395
27465553 5696
27465563 1
27465587 9
27465631 485
27465679 192
27465743 337
27465787 20
27465791 4
27465883 4376
27465961 75
27466129 24
27466129 32
27466259 1876
27466367 3865
27466429 12
27466429 207
27466513 3
27466627 12
27466727 9
27466729 6531
27466927 132
27466927 165
27466949 40
27466949 3276
27466979 4
27467281 104
27467309 4
27467309 855
27467311 168
27467339 1
27467339 1977
27467413 6543
27467443 140
27467459 4920
27467467 2429
27467471 13
27467591 1
27467617 2892
27467717 3
27467821 11
27467851 2393
27467861 228
27467861 5023
27467879 784
27467893 3
27467897 7
27468029 12
27468029 160
27468041 108
27468041 1044
27468041 1291
27468101 3
27468101 4
27468101 19
27468131 304
27468253 2696
27468373 1215
27468403 80
27468479 9
27468577 3
27468643 17
27468653 1788
27468671 24
27468671 5185
27468677 19
27468691 5
27468733 75
27468809 24
27468817 1179
27468817 4107
27468817 7815
27468949 600
27469019 561
27469181 168
27469181 1803
27469187 72
27469447 5
27469487 3729
27469493 3
27469499 1
27469517 132
27469543 4008
27469579 17
27469591 189
27469619 1
27469661 3
27469669 116
27469747 5
27469867 437
27469913 7408
27470017 863
27470141 3
27470167 5829
27470213 12
27470213 352
27470293 3
27470293 23
27470363 1
27470437 84
27470503 176
27470503 6960
27470519 1
27470633 3367
27470659 320
27470669 7
27470669 171
27470669 192
27470731 21
27470747 265
27470777 40
27470797 287
27470797 4104
27470893 3
27470953 128
27471127 5
27471217 32
27471247 77
27471247 528
27471247 765
27471259 6504
27471299 1
27471347 13
27471373 3
27471373 71
27471373 1323
27471401 175
27471419 25
27471421 7908
27471443 1
27471443 120
27471461 135
27471463 5
27471469 39
27471529 264
27471557 348
27471607 8
27471709 492
27471761 9523
27471791 1
27471799 17
27471811 24
27471811 56
27471919 9
27471947 229
27471947 1125
27472037 12
27472063 6732
27472069 347
27472217 184
27472279 4160
27472283 1
27472307 2013
27472321 195
27472321 2540
27472339 41
27472343 292
27472369 9120
27472409 471
27472441 3
27472607 4
27472637 4
27472771 705
27472771 813
27472813 183
27472847 2644
27472873 11
27472873 36
27472877 3
27472877 4
27472877 5088
27472883 1
27472897 3
27472903 297
27473269 36
27473269 572
27473269 924
27473279 1
27473323 5253
27473371 165
27473389 440
27473399 1
27473399 129
27473399 144
27473441 3
27473491 605
27473491 6933
27473503 32
27473653 6116
27473807 85
27473807 477
27473857 12
27473857 164
27473939 4
27473939 60
27473959 9
27473969 12
27473969 75
27474011 28
27474043 8
27474053 280
27474263 1
27474263 81
27474289 347
27474301 656
27474379 21
27474523 1280
27474631 144
27474631 5088
27474659 4
27474679 7740
27474731 81
27474911 505
27474913 243
27474917 4
27474917 135
27474917 184
27474973 48
27474973 56
27475057 8
27475109 75
27475163 1
27475169 204
27475319 1
27475351 273
27475351 2624
27475373 4335
27475411 8
27475477 8
27475537 3
27475537 20
27475537 204
27475583 1
27475631 9
27475733 60
27475771 5585
27475817 3
27475831 5
27475831 20
27475831 8229
27475849 119
27475909 12
27475909 59
27475913 3
27475993 8
27475993 2700
27476051 1
27476159 1
27476167 20
27476303 1
27476327 432
27476549 24
27476563 80
27476587 125
27476593 1767
27476773 3
27476773 1512
27476773 6411
27476863 21
27476863 6293
27476873 8088
27476887 425
27476959 1157
27476987 192
27477077 4
27477101 39
27477137 8935
27477179 1
27477349 96
27477349 1239
27477383 453
27477523 2793
27477551 1693
27477589 27
27477641 6003
27477673 71
27477767 28
27477851 1240
27477883 77
27477907 8
27477907 57
27477943 6993
27477979 204
27478163 1
27478177 83
27478177 7964
27478193 7
27478193 267
27478259 1
27478259 4
27478259 400
27478267 3669
27478271 21
27478279 5261
27478453 123
27478559 9
27478567 44
27478639 240
27478657 3
27478673 3
27478673 496
27478823 1
27478831 1353
27478907 64
27478961 183
27479047 693
27479119 21
27479141 4
27479203 5
27479311 3284
27479351 1
27479359 20
27479509 11
27479563 1241
27479593 56
27479611 449
27479677 2063
27479741 16
27479759 1
27479783 45
27479861 4
27479861 16
27479923 32
27479987 177
27479999 1
27479999 4
27479999 505
27480077 15
27480097 15
27480203 465
27480473 1108
27480727 8
27481001 4
27481031 5560
27481037 75
27481039 1925
27481151 40
27481151 924
27481291 5
27481291 381
27481313 75
27481319 52
27481373 12
27481381 1344
27481409 2952
27481451 1
27481499 205
27481523 1
27481529 60
27481541 4
27481567 420
27481577 5280
27481631 1
27481631 5020
27481889 127
27481901 24
27481907 64
27481991 4533
27482017 180
27482069 7131
27482087 12
27482101 3111
27482219 1
27482233 8
27482233 1088
27482281 2339
27482363 16
27482443 36
27482479 12
27482479 1445
27482509 12
27482561 76
27482561 604
27482627 12
27482729 2200
27482839 65
27482839 5852
27482881 1088
27482899 264
27482963 1
27482993 75
27483011 136
27483017 88
27483059 4
27483077 3
27483121 8
27483187 9
27483223 777
27483223 4056
27483227 3544
27483233 55
27483233 1527
27483263 72
27483283 657
27483331 873
27483347 268
27483347 1332
27483349 36
27483371 33
27483377 28
27483419 1
27483419 204
27483431 913
27483473 7
27483487 272
27483487 884
27483517 3
27483607 5
27483607 249
27483623 576
27483761 4323
27483811 305
27483847 600
27483857 3
27483857 4672
27483871 185
27483901 728
27484043 160
27484097 2448
27484123 36
27484319 1612
27484349 7800
27484361 24
27484409 36
27484433 31
27484441 7455
27484553 7
27484559 1
27484601 684
27484661 111
27484679 1
27484909 12
27484909 4364
27484921 3248
27484927 60
27484981 71
27484991 28
27484993 3
27485033 51
27485063 1
27485093 87
27485099 1
27485099 57
27485099 1804
27485119 837
27485131 41
27485131 48
27485173 8
27485173 107
27485203 3000
27485233 500
27485279 369
27485291 4
27485317 104
27485321 2583
27485369 27
27485489 7
27485489 3679
27485531 7108
27485537 15
27485543 1
27485597 303
27485779 1832
27485789 111
27485791 536
27485819 1
27485963 232
27485977 84
27486049 5976
27486071 1
27486089 7
27486089 19
27486209 111
27486247 29
27486343 605
27486353 7903
27486409 3375
27486439 36
27486451 44
27486451 2369
27486469 87
27486497 4
27486497 123
27486583 5708
27486611 2524
27486791 28
27486791 5668
27486917 4
27487039 12
27487087 24
27487087 1869
27487121 64
27487121 435
27487171 5100
27487177 12
27487309 6507
27487417 8
27487573 11
27487627 44
27487627 329
27487643 1
27487819 1205
27487939 12
27487939 1145
27487987 8
27487987 9
27488011 8
27488053 8
27488063 57
27488063 921
27488113 120
27488119 701
27488173 8
27488177 4
27488177 7
27488183 120
27488207 4
27488213 928
27488281 11
27488297 535
27488311 285
27488341 8
27488341 135
27488399 1129
27488533 3
27488543 192
27488551 9
27488581 96
27488717 3
27488731 708
27488731 2084
27488849 7
27488849 16
27488873 3
27488921 88
27488939 2365
27488957 2604
27489041 19
27489053 3316
27489073 560
27489109 24
27489131 901
27489179 1
27489197 348
27489211 2025
27489233 15
27489247 7872
27489251 1
27489337 8
27489383 21
27489481 351
27489487 213
27489503 36
27489503 268
27489559 705
27489571 21
27489659 4
27489743 1
27489793 23
27489887 97
27489893 7
27489911 1
27489937 5987
27489997 23
27490027 228
27490063 8
27490109 7
27490123 33
27490163 12
27490163 28
27490193 3
27490247 148
27490259 600
27490261 8
27490339 9
27490339 1932
27490387 32
27490387 473
27490403 93
27490417 783
27490471 21
27490501 48
27490553 3
27490571 13
27490613 3
27490627 9
27490693 8
27490693 23
27490693 6263
27490711 7620
27490733 4312
27490789 2871
27490877 355
27490877 9784
27490919 112
27491021 19
27491027 192
27491027 4725
27491063 96
27491071 8
27491207 25
27491231 1461
27491249 4479
27491293 11
27491393 136
27491483 97
27491521 23
27491549 187
27491573 3
27491587 5
27491591 1
27491591 6768
27491621 159
27491671 1821
27491731 41
27491747 4
27491759 1
27491773 4235
27491801 16
27491843 1161
27491869 131
27491963 1
27491963 4920
27492191 721
27492233 112
27492277 8
27492317 24
27492497 43
27492511 5
27492589 8900
27492733 27
27492811 3461
27492917 7
27492917 724
27492937 12
27492947 85
27492947 117
27492947 757
27492967 1508
27492989 96
27492991 464
27493021 3
27493021 539
27493111 84
27493153 80
27493153 2135
27493153 2432
27493283 1
27493309 12
27493339 5
27493339 24
27493339 201
27493381 15
27493381 1676
27493387 12
27493387 29
27493391 1
27493463 1536
27493489 1091
27493547 25
27493547 712
27493633 488
27493747 5088
27493789 6020
27493801 15
27493987 20
27494011 5
27494021 168
27494023 276
27494087 28
27494101 11
27494171 333
27494171 336
27494279 1
27494309 31
27494353 3
27494377 12
27494381 64
27494473 1107
27494521 11
27494549 36
27494549 8127
27494629 15
27494689 11
27494807 57
27494851 9
27494983 140
27494993 103
27494993 907
27495053 787
27495059 549
27495073 3
27495101 3
27495101 1776
27495101 3348
27495203 2296
27495257 1084
27495319 140
27495463 1740
27495583 1521
27495599 1
27495623 48
27495803 8637
27495883 8
27495901 3
27495917 163
27495943 177
27496003 93
27496019 1
27496057 4460
27496061 15
27496093 72
27496093 2376
27496171 9
27496223 1
27496223 360
27496279 4352
27496499 1
27496499 756
27496561 428
27496583 4840
27496589 7
27496657 332
27496697 127
27496757 12
27496789 11
27496831 68
27496831 189
27496831 1449
27496873 8
27496919 1
27496991 4
27496991 136
27497003 13
27497231 36
27497299 29
27497383 56
27497521 24
27497669 367
27497669 5355
27497699 1
27497741 5059
27497747 7012
27497917 8
27497969 267
27497969 687
27498017 763
27498047 1984
27498103 45
27498181 3
27498253 36
27498319 665
27498391 120
27498587 12
27498599 9
27498701 3
27498781 896
27498791 1
27498841 8
27499001 36
27499009 1944
27499019 1
27499019 4
27499039 140
27499067 37
27499097 7
27499123 21
27499159 2669
27499207 2472
27499211 1
27499261 5160
27499271 16
27499273 1640
27499301 28
27499481 39
27499679 1
27499709 12
27499721 868
27499847 9
27499987 57
27499987 117
