28500023 72
28500049 4092
28500137 355
28500239 1
28500317 15
28500349 60
28500349 1172
28500499 780
28500499 3881
28500547 53
28500569 2284
28500601 48
28500629 4
28500683 1
28500763 7088
28500883 1316
28500883 2180
28500991 3768
28501051 24
28501237 3
28501241 36
28501241 40
28501327 5
28501327 305
28501373 3
28501427 297
28501511 156
28501547 1060
28501553 1068
28501567 293
28501589 975
28501961 720
28502009 4
28502153 15
28502171 5824
28502179 9
28502197 164
28502197 1647
28502197 2799
28502239 9
28502281 3456
28502297 4
28502363 16
28502363 3400
28502471 228
28502531 4
28502599 20
28502599 44
28502689 840
28502701 363
28502753 1228
28502759 1
28502783 12
28502791 8
28502833 3
28502833 1271
28502843 12
28502933 483
28503031 3309
28503053 36
28503107 25
28503107 1717
28503119 1
28503119 16
28503227 1012
28503227 2548
28503263 372
28503301 156
28503383 1
28503443 4737
28503467 369
28503467 580
28503469 1427
28503511 48
28503521 4
28503521 280
28503701 3
28503703 21
28503751 521
28503767 3577
28503791 1
28503791 4
28503833 7
28503851 1
28503869 7
28504067 4
28504207 3348
28504277 19
28504369 111
28504403 1
28504403 292
28504403 2685
28504409 499
28504417 3
28504433 1207
28504439 1
28504451 48
28504451 388
28504573 48
28504577 1500
28504639 144
28504673 8428
28504741 3
28504787 145
28504787 3684
28504789 2016
28504793 4648
28504961 24
28505011 1508
28505051 1
28505153 375
28505159 1
28505177 40
28505249 147
28505249 520
28505251 81
28505261 3604
28505401 5900
28505417 4
28505417 163
28505471 4
28505471 9981
28505501 403
28505501 2284
28505539 12
28505611 33
28505699 4
28505767 65
28505803 5
28505803 81
28505881 3
28505903 1
28505969 135
28506013 32
28506109 44
28506157 240
28506157 3660
28506301 3
28506301 140
28506323 8620
28506419 4
28506419 192
28506431 3100
28506451 44
28506523 41
28506523 140
28506641 1639
28506649 144
28506791 24
28506799 17
28506871 1481
28506889 119
28506911 1
28507021 2031
28507109 36
28507159 605
28507217 7
28507363 5
28507411 48
28507463 7465
28507627 1653
28507627 2120
28507643 12
28507697 84
28507729 524
28507747 8
28507789 399
28507889 4
28507933 420
28507939 41
28507943 45
28508057 823
28508059 6749
28508171 1
28508191 476
28508219 1
28508261 199
28508281 51
28508309 831
28508321 3676
28508399 360
28508423 1
28508429 2635
28508503 6593
28508629 11
28508629 476
28508663 1
28508713 3
28508783 52
28508819 9
28508849 2356
28508861 39
28508861 144
28509073 8
28509133 155
28509163 1232
28509419 816
28509539 4
28509619 12
28509667 9117
28509727 5
28509769 1440
28509827 193
28509953 7980
28509967 20
28509983 60
28509983 1797
28510057 32
28510057 63
28510057 504
28510217 379
28510283 1060
28510291 36
28510331 4
28510331 13
28510397 12
28510397 1303
28510403 1
28510403 61
28510439 1
28510499 517
28510589 396
28510619 229
28510627 168
28510631 4
28510681 308
28510739 1
28510753 3
28510789 84
28510871 28
28510871 196
28510877 60
28510927 192
28510967 312
28510967 3924
28510991 49
28510991 853
28511167 17
28511183 1
28511183 3565
28511213 7
28511291 6028
28511309 271
28511309 280
28511317 1868
28511387 13
28511407 188
28511479 9
28511491 5
28511531 5649
28511591 381
28511603 1
28511699 1
28511699 9
28511713 15
28511729 40
28511753 3
28511767 65
28511779 405
28511891 1
28511891 3565
28512013 147
28512037 47
28512073 3
28512131 144
28512137 5007
28512167 64
28512173 3
28512229 3812
28512283 48
28512301 3
28512301 464
28512313 68
28512431 24
28512541 5283
28512581 6916
28512637 912
28512703 321
28512707 477
28512719 36
28512739 161
28512763 8
28512763 96
28512793 12
28512797 4
28512833 2451
28512853 260
28512899 4636
28512959 45
28512959 244
28513021 2784
28513027 8405
28513117 3
28513153 12
28513153 15
28513157 4
28513229 276
28513283 28
28513297 872
28513313 1356
28513367 204
28513367 3717
28513439 109
28513453 308
28513493 495
28513517 7
28513559 1
28513559 40
28513559 1600
28513633 3975
28513679 1
28513679 4
28513691 76
28513711 1548
28513759 581
28513781 4
28513787 85
28513789 72
28513789 812
28513789 2952
28513861 3
28513867 84
28513871 1
28513871 4
28513883 5617
28514009 2259
28514039 1
28514063 108
28514099 1
28514099 4
28514119 144
28514177 112
28514251 2084
28514251 2489
28514251 5429
28514303 1
28514303 276
28514359 9
28514441 4488
28514489 4
28514543 1
28514653 395
28514711 328
28514747 88
28514777 4
28514861 999
28514939 1
28515061 8388
28515107 168
28515119 16
28515247 5
28515251 1
28515353 6312
28515413 3
28515413 12
28515451 6165
28515491 40
28515797 267
28515811 48
28515841 191
28515841 2844
28516049 4
28516069 5655
28516087 5
28516121 100
28516133 3
28516141 20
28516151 1
28516151 813
28516151 2724
28516153 35
28516403 36
28516409 5971
28516507 1317
28516507 1440
28516717 87
28516759 1872
28516877 247
28516877 2340
28516903 521
28516903 1485
28517039 2944
28517173 12
28517197 80
28517219 4
28517243 4672
28517311 9
28517399 261
28517443 5
28517443 1140
28517479 284
28517603 132
28517623 5
28517659 5625
28517663 1
28517807 4
28517821 3
28517897 5104
28517939 76
28518013 15
28518043 57
28518071 1
28518079 429
28518103 5528
28518121 6143
28518227 9
28518227 205
28518241 83
28518257 4
28518257 132
28518323 228
28518341 99
28518341 643
28518421 180
28518439 80
28518463 8
28518473 2236
28518509 15
28518547 5
28518631 281
28518647 684
28518671 9
28518779 1
28518797 504
28518863 1
28518881 3
28518947 465
28518991 3965
28519063 56
28519109 727
28519159 180
28519273 48
28519301 91
28519397 4
28519397 84
28519451 36
28519451 489
28519507 3717
28519531 5
28519549 15
28519661 148
28519681 8411
28519709 6291
28519763 1
28519819 12
28519819 209
28519819 2609
28519913 36
28519921 2924
28519927 45
28519991 4
28520003 81
28520057 664
28520143 8
28520243 936
28520267 412
28520267 1213
28520269 95
28520291 1
28520291 4
28520363 1
28520363 976
28520417 27
28520491 216
28520581 3
28520581 35
28520641 24
28520711 748
28520711 4029
28520893 32
28520893 567
28520909 124
28520983 912
28521001 1055
28521037 3
28521193 15
28521203 1
28521247 3309
28521253 9972
28521371 1
28521419 4
28521497 3
28521673 87
28521683 1
28521707 4
28521707 268
28521739 201
28521811 65
28521841 1820
28521847 5
28521847 1488
28521881 19
28521881 79
28521959 1
28521959 3529
28521973 3
28522099 9
28522177 204
28522177 620
28522199 12
28522289 27
28522289 4947
28522349 31
28522349 60
28522463 1
28522463 25
28522493 4711
28522517 240
28522589 1359
28522649 39
28522727 652
28522733 60
28522799 21
28522847 4
28522861 3
28522861 2096
28522903 1952
28522919 1
28522919 4
28522943 1
28522961 2799
28523101 836
28523177 15
28523179 65
28523227 68
28523279 1
28523281 4863
28523291 124
28523303 616
28523333 3
28523333 36
28523431 65
28523461 15
28523477 60
28523513 3
28523587 9
28523639 1
28523641 8583
28523669 12
28523743 5
28523771 4
28523777 3
28523903 1
28523903 8397
28523923 4068
28524019 5
28524019 65
28524019 152
28524047 489
28524157 240
28524227 57
28524241 8
28524259 5
28524311 1
28524401 531
28524403 20
28524403 57
28524427 92
28524443 528
28524467 1573
28524497 307
28524667 9
28524667 1908
28524707 12
28524707 133
28524799 497
28524851 2601
28524877 63
28524917 4
28524917 9387
28524949 759
28524983 16
28525069 59
28525073 16
28525151 4
28525151 145
28525253 532
28525309 119
28525319 337
28525331 1
28525333 431
28525349 279
28525373 43
28525373 5488
28525391 1
28525411 29
28525423 5
28525493 16
28525493 3540
28525499 24
28525621 7859
28525687 57
28525691 1
28525799 6516
28525807 9
28525807 137
28525877 7
28525967 4
28526033 1275
28526081 48
28526089 407
28526129 172
28526171 1
28526209 15
28526257 2324
28526263 5
28526287 84
28526549 36
28526599 9
28526653 935
28526671 8589
28526699 1117
28526783 1
28526843 1
28526933 48
28526941 8
28526947 8
28527001 104
28527011 4
28527011 9
28527011 1845
28527043 57
28527053 51
28527067 437
28527143 72
28527209 124
28527397 5087
28527419 9
28527427 4448
28527463 7565
28527497 4
28527559 464
28527563 2785
28527713 607
28527799 69
28527817 167
28527839 96
28527937 12
28528037 7
28528037 12
28528039 1800
28528079 5356
28528117 20
28528117 920
28528231 5
28528231 521
28528259 100
28528273 3
28528301 4
28528427 5884
28528459 12
28528459 29
28528537 3
28528537 8
28528691 1
28528691 8736
28528697 67
28528727 4
28528733 135
28528741 3348
28528781 399
28528793 63
28528807 2120
28528849 435
28528879 1269
28528879 3161
28528889 12
28528889 16
28528891 140
28528939 269
28529041 48
28529113 443
28529159 1
28529197 6188
28529233 3
28529251 60
28529261 2464
28529351 264
28529387 2577
28529429 15
28529443 17
28529539 9
28529561 19
28529623 257
28529681 2331
28529713 11
28529747 940
28529801 24
28529819 4
28529911 3081
28530017 132
28530017 220
28530017 4159
28530043 101
28530121 3
28530121 2856
28530181 3828
28530259 2741
28530331 8
28530391 656
28530473 7
28530563 1
28530583 8
28530583 17
28530721 1556
28530763 848
28530769 15
28530797 144
28530839 1
28530899 40
28530917 27
28531123 57
28531127 4
28531271 1
28531297 35
28531343 132
28531361 264
28531487 4
28531507 84
28531541 4
28531571 24
28531583 5628
28531589 631
28531759 101
28531759 960
28531801 11
28531823 1
28531829 4
28531829 16
28531849 9959
28531913 28
28531973 300
28531973 1332
28531999 1785
28532033 1123
28532039 1
28532041 3
28532057 40
28532083 5
28532111 5140
28532233 347
28532233 2048
28532261 3423
28532267 565
28532293 5960
28532347 3704
28532359 6684
28532363 61
28532363 433
28532411 1
28532447 13
28532467 77
28532639 1
28532641 3
28532677 3
28532711 45
28532759 21
28532771 4
28532771 120
28532771 256
28532831 1
28532837 567
28532893 8
28532893 12
28532899 2169
28533017 3
28533017 67
28533061 3
28533121 884
28533121 6035
28533221 903
28533251 829
28533331 149
28533433 3
28533469 152
28533469 3524
28533569 147
28533569 7399
28533689 711
28533727 192
28533793 12
28533833 40
28533881 4611
28533937 32
28533959 1
28533959 532
28534003 5
28534091 1
28534183 5945
28534271 9
28534277 735
28534349 2215
28534367 2812
28534369 44
28534549 56
28534613 1236
28534613 8683
28534679 1
28534747 473
28534769 484
28534799 1
28534799 157
28534853 60
28534871 1
28534889 411
28534963 161
28535051 1
28535053 96
28535053 5748
28535077 8
28535083 500
28535107 5
28535141 60
28535141 8475
28535293 3
28535293 392
28535357 72
28535369 7
28535371 96
28535393 3
28535393 27
28535453 3
28535471 64
28535687 24
28535711 1
28535711 48
28535711 621
28535729 75
28535839 3876
28535863 636
28535987 4
28535989 44
28536019 29
28536113 3
28536293 16
28536311 105
28536323 4153
28536329 19
28536371 5313
28536467 189
28536511 341
28536517 15
28536517 23
28536517 8087
28536559 3641
28536577 3
28536587 4
28536623 2433
28536671 1
28536701 3
28536701 339
28536713 1660
28536749 7
28536857 3
28536857 120
28536881 1771
28536923 268
28536929 7
28536973 3
28537021 2520
28537039 17
28537039 104
28537063 17
28537063 60
28537099 12
28537121 39
28537129 4856
28537147 17
28537163 1
28537163 3232
28537199 1
28537207 5
28537211 244
28537231 9
28537253 3
28537279 3740
28537351 69
28537357 32
28537417 5435
28537427 4
28537427 25
28537493 7
28537513 660
28537541 4
28537541 883
28537571 1
28537657 288
28537657 1280
28537667 3088
28537697 124
28537709 7420
28537739 1972
28537741 8
28537921 1248
28537933 3908
28537937 1048
28538017 15
28538021 363
28538033 43
28538141 8128
28538183 1
28538183 25
28538311 9
28538317 6708
28538329 72
28538429 12
28538429 3580
28538443 5
28538443 888
28538443 3972
28538483 1
28538491 336
28538491 344
28538491 1449
28538527 5
28538621 3
28538621 19
28538659 101
28538669 355
28538761 15
28538761 71
28538771 16
28538771 2184
28538773 11
28538891 844
28539233 135
28539383 1
28539383 3316
28539391 6741
28539419 9
28539431 4408
28539547 84
28539551 1153
28539677 3
28539677 12
28539677 99
28539743 25
28539949 8216
28539967 92
28540021 2799
28540091 1
28540097 7575
28540231 9764
28540313 3
28540319 597
28540339 80
28540427 28
28540531 8
28540531 504
28540571 9
28540607 885
28540643 1
28540751 1
28540931 1
28540973 63
28540979 61
28541039 1696
28541053 11
28541057 3
28541057 15
28541167 17
28541167 705
28541221 3
28541221 35
28541221 203
28541221 4136
28541299 17
28541329 11
28541333 9288
28541369 4
28541407 6944
28541497 15
28541603 1
28541603 13
28541603 253
28541659 117
28541783 2625
28541881 120
28541921 855
28541923 17
28541939 1
28542029 355
28542043 5
28542043 500
28542053 183
28542079 821
28542139 1169
28542179 1
28542209 5871
28542221 123
28542263 1
28542271 9
28542317 15
28542317 4935
28542323 1
28542341 1168
28542359 232
28542419 280
28542431 93
28542457 323
28542539 57
28542551 25
28542551 948
28542659 61
28542671 193
28542727 17
28542743 48
28542797 252
28542809 7
28542851 1
28542851 25
28542851 28
28542863 97
28542863 456
28543027 1824
28543043 1
28543211 61
28543211 333
28543211 645
28543373 15
28543399 9
28543399 20
28543439 1
28543481 4
28543577 3
28543607 28
28543709 651
28543843 21
28543849 32
28543849 56
28543973 3
28543997 1107
28544039 100
28544107 152
28544123 1
28544123 528
28544183 60
28544239 360
28544267 493
28544293 1056
28544333 3
28544407 44
28544419 117
28544419 665
28544443 72
28544471 1
28544489 4
28544489 15
28544617 3
28544629 15
28544693 2472
28544777 4
28544801 7444
28544843 1
28544843 1140
28544891 1
28544917 3
28544927 97
28544947 8073
28544963 5481
28545007 137
28545119 1
28545169 1287
28545197 3
28545197 7
28545233 12
28545259 92
28545259 2604
28545259 5052
28545289 24
28545299 24
28545347 873
28545347 1137
28545359 501
28545371 9
28545379 545
28545401 3
28545401 31
28545401 343
28545563 1
28545577 3
28545577 84
28545631 584
28545787 317
28545791 1
28545841 3
28545887 5788
28545971 289
28545991 20
28545997 6147
28546019 7084
28546031 16
28546031 381
28546169 144
28546201 75
28546229 171
28546229 2680
28546229 8335
28546333 315
28546363 3821
28546403 60
28546447 105
28546447 225
28546547 9
28546613 3
28546681 48
28546699 237
28546709 36
28546799 16
28546799 5404
28546879 57
28547011 53
28547023 21
28547027 45
28547039 12
28547069 199
28547083 8
28547119 9
28547219 16
28547287 4160
28547381 4
28547413 3
28547413 8
28547429 4
28547459 12
28547473 7952
28547503 5
28547503 92
28547537 4
28547569 5804
28547689 99
28547713 32
28547903 1
28547951 88
28547989 92
28548059 1
28548139 9
28548187 17
28548187 132
28548227 277
28548293 1723
28548379 5
28548463 48
28548479 1
28548479 40
28548479 720
28548521 3675
28548547 9
28548617 903
28548643 9321
28548769 56
28548809 4
28548809 7
28548841 128
28548937 12
28549063 56
28549093 3023
28549177 2619
28549259 1
28549277 4
28549399 5
28549553 9415
28549621 2363
28549637 3
28549637 4
28549637 3199
28549657 12
28549733 3
28549733 87
28549867 5
28549879 29
28549897 287
28549907 9
28549921 8
28550087 9
28550099 744
28550201 243
28550243 1
28550299 5
28550339 1
28550339 2260
28550447 4
28550453 768
28550527 192
28550611 96
28550653 8
28550657 147
28550699 1
28550897 3
28551001 524
28551169 32
28551247 65
28551329 8355
28551343 108
28551389 6912
28551503 13
28551503 8493
28551521 39
28551557 124
28551563 213
28551571 68
28551709 1512
28551829 515
28551839 1
28551877 44
28551893 15
28551893 16
28551911 4624
28551997 200
28552081 15
28552091 1
28552103 16
28552127 2160
28552151 1
28552159 17
28552159 380
28552159 6165
28552169 16
28552169 60
28552273 5576
28552291 5
28552291 53
28552369 15
28552429 1320
28552463 141
28552463 5632
28552487 9525
28552543 5
28552543 1481
28552553 16
28552583 1165
28552597 20
28552621 2448
28552651 5
28552663 233
28552663 240
28552703 393
28552751 516
28552837 479
28553093 16
28553099 12
28553171 684
28553191 20
28553191 36
28553347 9
28553359 21
28553383 2156
28553467 5
28553513 27
28553579 4
28553579 57
28553579 4732
28553597 1344
28553621 64
28553639 1
28553641 896
28553663 1
28553773 476
28553773 1796
28553881 3
28553881 276
28553881 7196
28553911 41
28553977 143
28553989 7872
28554041 220
28554139 9429
28554199 3900
28554257 8512
28554443 2052
28554479 1
28554479 4
28554551 400
28554563 1
28554571 1004
28554593 7
28554683 96
28554703 336
28554857 4
28554887 360
28554941 31
28554947 484
28555063 57
28555069 659
28555091 1000
28555097 4
28555171 44
28555193 228
28555211 864
28555243 9525
28555301 75
28555361 16
28555363 17
28555451 76
28555451 433
28555463 600
28555519 5
28555519 852
28555531 5
28555573 35
28555609 3155
28555621 9443
28555679 997
28555687 17
28555763 2320
28555777 8
28555829 1807
28555883 1
28555907 100
28555939 9
28556081 211
28556093 1267
28556153 156
28556167 12
28556173 3
28556201 24
28556261 175
28556287 945
28556383 297
28556443 360
28556471 153
28556483 1
28556497 260
28556603 1
28556603 96
28556609 1779
28556701 83
28556707 17
28556707 45
28556707 417
28556741 3
28556747 4
28556831 1
28556831 9
28556881 48
28556881 7259
28557047 2140
28557077 3
28557077 780
28557119 25
28557143 232
28557311 321
28557311 868
28557313 8
28557313 95
28557359 1
28557359 1357
28557383 1
28557427 677
28557493 3
28557523 53
28557539 21
28557553 3
28557643 1113
28557701 4
28557757 3
28557757 248
28557799 996
28557857 139
28557857 3004
28557887 4
28557899 21
28557901 1523
28557901 2660
28557941 663
28557983 1
28558001 3
28558001 76
28558021 3
28558073 60
28558139 2161
28558331 9789
28558547 468
28558567 8
28558627 12
28558631 201
28558769 15
28558897 3
28558897 380
28558909 915
28558909 3696
28558927 48
28559017 219
28559129 7
28559129 387
28559131 9
28559143 8
28559143 968
28559183 1
28559183 120
28559207 85
28559231 1
28559231 84
28559239 9872
28559273 1320
28559291 1476
28559309 276
28559317 1272
28559347 32
28559389 87
28559497 795
28559521 24
28559563 33
28559579 1
28559579 16
28559617 32
28559623 300
28559627 2493
28559647 5
28559749 6816
28559753 771
28559759 180
28559777 168
28559851 6549
28559899 137
28559899 1601
28559911 60
28559969 127
28559977 3
28560029 96
28560047 5445
28560107 28
28560143 100
28560179 1
28560199 5
28560241 23
28560251 196
28560361 15
28560437 67
28560449 16
28560449 415
28560463 501
28560541 1943
28560613 5808
28560671 168
28560811 21
28560817 3
28560869 36
28560967 4293
28560989 7
28561067 240
28561067 493
28561187 1849
28561243 45
28561249 320
28561301 208
28561321 3
28561399 17
28561451 1
28561471 36
28561531 2373
28561627 5
28561639 5
28561829 195
28561913 36
28561927 5709
28561927 9897
28562101 3620
28562123 1705
28562143 5
28562143 125
28562143 336
28562143 512
28562231 40
28562239 9
28562243 132
28562267 9
28562273 3
28562311 5
28562311 8576
28562459 1
28562461 255
28562507 4
28562507 1653
28562537 1740
28562561 156
28562627 3888
28562647 693
28562731 5
28562761 3
28562791 396
28562861 15
28562917 155
28562921 396
28562977 80
28563011 13
28563011 40
28563071 165
28563083 9417
28563113 3
28563113 63
28563187 17
28563287 4
28563313 56
28563361 6083
28563391 5
28563391 1860
28563407 13
28563503 193
28563523 6332
28563643 336
28563721 3
28563763 5
28563877 15
28563877 35
28563917 19
28563937 212
28564031 1
28564099 12
28564103 1
28564219 900
28564271 1
28564271 9
28564279 56
28564379 1
28564379 3949
28564397 1024
28564559 289
28564559 417
28564787 49
28564819 5
28564957 903
28565099 16
28565137 12
28565153 540
28565267 4
28565269 300
28565419 56
28565483 9373
28565513 87
28565573 132
28565599 1956
28565659 84
28565671 9
28565671 4080
28565687 13
28565741 91
28565767 2928
28565773 927
28565869 39
28565893 695
28565921 3
28565939 4
28566047 5704
28566119 1
28566191 2200
28566323 21
28566323 36
28566323 153
28566371 1
28566371 2169
28566497 1387
28566581 19
28566617 3219
28566623 60
28566743 213
28566761 3459
28566803 1
28566877 119
28566959 12
28567031 9
28567043 1
28567043 316
28567043 928
28567109 19
28567169 16
28567169 156
28567169 1779
28567169 4356
28567171 740
28567391 3240
28567481 360
28567537 84
28567571 1768
28567573 23
28567573 92
28567579 4772
28567597 80
28567603 12
28567603 153
28567603 1353
28567619 121
28567691 1
28567751 45
28567753 500
28567787 217
28567933 9471
28567949 211
28567967 9
28568101 3
28568101 1763
28568147 192
28568147 5160
28568201 571
28568203 41
28568227 752
28568237 4768
28568237 5467
28568263 752
28568399 1
28568459 105
28568471 1
28568479 77
28568479 5561
28568593 12
28568629 879
28568629 6719
28568663 253
28568693 15
28568717 63
28568717 6015
28568779 21
28568831 2613
28568831 3601
28568957 7
28569053 87
28569077 12
28569127 89
28569161 3
28569241 588
28569253 20
28569283 72
28569283 321
28569301 711
28569413 108
28569413 4528
28569433 6836
28569449 19
28569449 132
28569461 63
28569637 15
28569641 300
28569719 112
28569763 180
28569767 3385
28569847 5
28569847 1109
28569857 135
28569869 7
28569917 15
28569917 252
28569923 1
28569973 11
28570007 6697
28570063 17
28570063 296
28570123 7796
28570211 1
28570291 9
28570291 36
28570379 4
28570511 256
28570517 3
28570517 4
28570543 5033
28570567 8
28570649 8976
28570739 1
28570741 39
28570811 1048
28570909 39
28570909 1019
28570909 6891
28570943 2577
28571021 3
28571077 167
28571077 752
28571087 24
28571201 4491
28571227 92
28571287 6713
28571329 599
28571471 13
28571519 4
28571519 100
28571537 4
28571537 4083
28571563 93
28571591 1
28571593 11
28571623 5
28571639 40
28571663 1
28571771 9
28571779 332
28571831 544
28571869 47
28571897 1464
28572001 11
28572149 12
28572151 188
28572191 1
28572437 3
28572539 1
28572617 3
28572623 1
28572679 324
28572703 1257
28572721 828
28572749 36
28572773 52
28572773 3051
28572871 165
28572967 7380
28572977 3
28572983 1
28573009 6351
28573031 49
28573049 4
28573157 7
28573231 645
28573249 6039
28573357 2007
28573483 137
28573757 3
28573757 4
28573771 44
28573771 5744
28573807 9669
28573819 2256
28573849 2516
28573859 232
28574009 115
28574009 2095
28574041 1944
28574131 5148
28574137 60
28574141 4
28574141 100
28574179 897
28574393 7
28574531 1
28574563 77
28574621 1848
28574633 3
28574633 16
28574681 304
28574699 496
28574719 5
28574719 1820
28574737 3
28574761 200
28574851 5
28574893 731
28574983 128
28574999 1
28574999 181
28575077 3
28575167 4
28575191 489
28575257 19
28575257 588
28575301 35
28575409 72
28575461 2460
28575467 2472
28575473 2076
28575593 7
28575619 261
28575763 5
28575763 213
28575857 403
28575863 1
28575863 5893
28575901 59
28575919 92
28575983 472
28576027 57
28576081 840
28576183 56
28576187 4
28576187 40
28576267 1184
28576279 509
28576291 281
28576343 1
28576403 1
28576403 28
28576403 97
28576403 181
28576403 312
28576621 3
28576727 445
28576729 2115
28576789 20
28576819 297
28576829 7
28576829 12
28576831 5
28576883 681
28576927 272
28577023 5
28577027 1069
28577039 1
28577113 3
28577173 735
28577303 157
28577407 69
28577407 6504
28577609 159
28577639 1
28577651 1
28577693 3
28577719 281
28577777 3
28577873 1575
28577897 3
28577897 4
28577953 1308
28577977 6644
28578019 732
28578133 480
28578163 8
28578163 20
28578163 152
28578163 572
28578217 3
28578283 12
28578371 1629
28578499 5
28578569 4
28578709 75
28578761 75
28578761 8584
28578787 20
28578929 4
28578959 109
28578959 156
28579027 173
28579063 6261
28579093 95
28579129 11
28579153 8
28579183 105
28579217 3
28579289 16
28579459 372
28579469 4
28579469 15
28579469 5320
28579487 40
28579679 1
28579729 12
28579741 1320
28579741 2828
28579753 443
28579801 3
28579937 2619
28579997 3
28580003 7245
28580063 1
28580143 8
28580173 671
28580221 588
28580231 1
28580309 987
28580311 9
28580311 165
28580333 75
28580359 5
28580507 2433
28580771 1
28580819 249
28580897 328
28580911 60
28581011 1
28581053 1167
28581071 4
28581071 424
28581089 15
28581089 207
28581127 1437
28581181 75
28581277 668
28581317 3
28581347 52
28581347 129
28581359 16
28581389 171
28581533 15
28581629 9519
28581673 180
28581767 4468
28581769 44
28581911 1
28581929 4
28581929 12
28581941 4
28581941 19
28582003 305
28582009 312
28582079 21
28582109 147
28582163 21
28582163 4033
28582189 15
28582199 21
28582273 47
28582297 3
28582469 4072
28582481 16
28582507 8
28582511 36
28582597 4104
28582601 676
28582633 3
28582643 1
28582711 33
28582861 80
28582889 72
28582903 8
28582903 12
28582943 1
28583033 7635
28583041 3
28583047 108
28583047 5060
28583083 113
28583119 56
28583167 8
28583371 381
28583479 405
28583501 6208
28583539 36
28583561 5811
28583591 21
28583651 460
28583693 48
28583791 5
28583827 968
28583837 892
28583837 3147
28583857 39
28583897 84
28583977 3
28583993 15
28584071 1
28584071 493
28584181 6788
28584197 3
28584253 3
28584253 1991
28584289 320
28584307 264
28584323 1656
28584349 11
28584419 136
28584443 12
28584443 16
28584509 631
28584527 549
28584533 5608
28584587 4
28584587 24
28584623 1
28584641 28
28584739 252
28584761 639
28584799 41
28584799 285
28584877 3
28584991 33
28585013 508
28585019 25
28585019 96
28585031 1
28585057 152
28585093 1071
28585247 169
28585457 19
28585457 27
28585457 367
28585607 4
28585631 1809
28585663 12
28585703 1
28585769 16
28585811 69
28585811 88
28585871 1
28585871 64
28585901 4951
28586017 119
28586059 144
28586059 4452
28586081 28
28586101 3
28586111 1
28586111 1113
28586219 1
28586339 4437
28586353 3
28586417 7
28586423 1
28586429 7
28586429 15
28586477 19
28586543 1
28586561 4
28586561 156
28586587 4289
28586617 3
28586633 307
28586651 49
28586713 392
28586713 900
28586891 1
28586927 12
28586927 28
28586983 20
28587037 1283
28587061 8
28587107 13
28587197 4
28587257 3
28587257 127
28587257 363
28587323 1
28587337 92
28587401 79
28587401 663
28587407 88
28587463 8
28587497 75
28587563 1
28587583 1112
28587677 3
28587677 52
28587709 1791
28587787 800
28587787 3069
28587887 2229
28587917 595
28587929 156
28587943 152
28587971 264
28588019 1
28588019 9352
28588051 56
28588129 5831
28588177 59
28588291 9
28588291 2016
28588327 53
28588393 8
28588529 220
28588583 3633
28588631 249
28588799 4
28588811 1
28588811 309
28588841 5131
28588873 3
28588873 1188
28588873 1931
28588909 99
28588949 219
28588999 2076
28589081 3
28589083 1425
28589179 644
28589213 16
28589237 4
28589237 7
28589237 39
28589237 712
28589237 727
28589293 8
28589317 12
28589411 436
28589411 693
28589413 8
28589413 47
28589413 611
28589549 2439
28589573 1131
28589579 484
28589591 1
28589633 4332
28589741 3
28589779 120
28589879 129
28590031 9
28590031 1400
28590047 40
28590047 73
28590103 41
28590139 5
28590139 24
28590181 2819
28590281 24
28590281 703
28590319 9
28590361 3
28590389 24
28590437 4
28590503 28
28590503 52
28590533 1815
28590539 1
28590589 359
28590703 5
28590707 12
28590791 24
28590803 88
28590937 84
28591019 1921
28591051 5
28591177 44
28591177 2352
28591177 8595
28591237 3
28591261 15
28591301 2436
28591307 1957
28591441 543
28591483 201
28591547 2752
28591559 4041
28591567 1440
28591571 1
28591571 144
28591573 20
28591753 11
28591753 12
28591753 132
28591753 491
28591867 108
28591879 5
28591879 144
28591897 3
28591907 604
28591907 4657
28591939 612
28591949 156
28591949 207
28591973 3
28591987 24
28591987 584
28591987 1988
28592071 273
28592149 27
28592171 820
28592273 31
28592327 69
28592411 1
28592461 3
28592479 6120
28592573 15
28592581 1848
28592617 12
28592671 6881
28592687 120
28592747 132
28592747 8212
28592783 3528
28592789 340
28592803 5
28592813 15
28592849 1407
28592953 8
28592969 804
28592983 1121
28592983 6480
28593091 8
28593127 824
28593179 1
28593179 16
28593263 28
28593263 6805
28593317 828
28593319 5
28593379 3797
28593431 1
28593463 72
28593517 20
28593629 100
28593679 981
28593683 37
28593703 5
28593809 112
28593857 15
28593883 320
28593989 424
28594103 1
28594133 12
28594141 3
28594141 36
28594141 4328
28594393 3
28594457 88
28594457 112
28594481 24
28594583 1812
28594619 4
28594627 4193
28594661 4
28594693 9183
28594807 789
28594837 320
28594859 24
28594913 3
28594961 4048
28595029 47
28595029 1751
28595069 7
28595267 144
28595269 20
28595291 1
28595291 25
28595311 48
28595311 584
28595383 48
28595401 3
28595401 8240
28595569 1500
28595639 1
28595669 4
28595681 3
28595681 604
28595851 273
28595909 7
28595909 1231
28596011 76
28596011 553
28596011 1273
28596131 456
28596151 668
28596241 135
28596283 6036
28596299 1
28596299 40
28596299 249
28596389 12
28596401 1083
28596409 27
28596413 7
28596427 752
28596439 5
28596461 4
28596467 33
28596517 5144
28596553 15
28596637 3468
28596709 39
28596709 6131
28596731 1
28596731 13
28596773 4048
28596793 11
28596793 63
28596823 213
28597031 1
28597171 224
28597171 261
28597199 1012
28597273 3
28597343 2205
28597351 5
28597397 747
28597399 1529
28597427 4
28597427 12
28597511 1
28597523 5233
28597661 355
28597669 11
28597669 15
28597703 1
28597753 51
28597771 29
28597771 749
28597867 848
28597981 108
28598099 540
28598123 1
28598149 8960
28598159 1
28598159 4
28598183 1
28598309 2016
28598309 2860
28598309 3844
28598327 729
28598327 1504
28598393 3
28598519 1
28598533 456
28598597 3
28598677 147
28598677 375
28598677 4524
28598707 173
28598809 12
28598861 3
28598873 3
28598939 45
28598989 75
28599121 20
28599167 4
28599167 48
28599169 44
28599173 28
28599299 1
28599299 144
28599323 36
28599379 729
28599433 8
28599469 6036
28599479 1
28599499 5
28599499 657
28599689 1671
28599689 5451
28599737 12
28599743 1
28599751 41
28599881 4
28599929 4
28600043 3705
28600097 67
28600127 4
28600153 8
28600157 7
28600163 1
28600207 5
28600207 204
28600213 3
28600283 265
28600421 115
28600463 348
28600463 3460
28600489 971
28600687 1785
28600709 7
28600711 245
28600723 4337
28600763 1
28600813 3
28600813 131
28600823 40
28600823 288
28600967 13
28600967 609
28601203 261
28601357 7
28601357 244
28601381 408
28601389 15
28601399 1
28601399 2457
28601539 5
28601603 1
28601647 2292
28601759 4
28601767 197
28601791 6684
28601813 15
28601813 4743
28601819 76
28601861 8980
28601899 1584
28601957 19
28601981 8968
28601987 1605
28602157 47
28602199 69
28602251 1
28602283 5
28602373 63
28602377 3
28602377 12
28602383 1
28602401 3
28602437 132
28602533 76
28602533 168
28602617 1140
28602643 6608
28602719 4
28602773 292
28602797 63
28602841 44
28602841 2148
28602851 1
28602851 156
28602853 3
28602901 95
28602901 3140
28602907 45
28602943 188
28602979 20
28603241 2331
28603291 24
28603387 537
28603429 159
28603507 9
28603579 9
28603583 180
28603637 255
28603637 2500
28603801 11
28603801 1479
28603853 3
28603961 1779
28603963 632
28604119 41
28604129 211
28604171 1
28604189 139
28604269 359
28604281 2295
28604299 4305
28604327 229
28604423 1
28604423 13
28604501 3
28604549 4
28604581 3
28604581 60
28604699 36
28604773 8
28604783 136
28604813 12
28604819 61
28604881 15
28604881 723
28604941 23
28604941 48
28604969 7
28604969 352
28605043 180
28605061 2228
28605079 3992
28605133 3
28605149 24
28605209 27
28605217 444
28605221 16
28605251 2056
28605389 3487
28605427 8
28605433 12
28605589 1296
28605631 2453
28605641 103
28605667 612
28605683 21
28605761 151
28605769 20
28605827 388
28605911 1
28605949 9636
28605959 304
28606049 7
28606177 47
28606213 5291
28606213 5648
28606241 328
28606297 807
28606301 48
28606307 1177
28606421 4
28606447 17
28606517 87
28606519 9
28606553 12
28606603 1752
28606639 465
28606693 3
28606703 553
28606703 1048
28606811 1
28606811 324
28606817 12
28606817 6004
28606843 20
28606843 261
28607023 1856
28607063 52
28607093 1107
28607113 1568
28607149 879
28607237 88
28607321 4
28607329 500
28607339 1
28607347 1025
28607471 1
28607479 3956
28607503 113
28607519 409
28607563 381
28607629 72
28607669 1935
28607701 303
28607773 12
28607783 60
28607783 172
28607797 8
28607797 144
28607801 28
28607933 3
28608011 24
28608121 324
28608221 4144
28608241 7259
28608337 20
28608337 179
28608379 56
28608457 48
28608521 28
28608599 1512
28608607 5
28608607 17
28608683 52
28608721 11
28608731 1
28608791 4
28608809 340
28608863 16
28608863 21
28608929 136
28608949 11
28608967 4032
28608989 7
28609013 1140
28609151 1
28609151 4
28609169 84
28609169 127
28609169 1804
28609253 7
28609291 1521
28609331 28
28609369 12
28609393 540
28609423 45
28609439 1
28609463 1
28609489 9396
28609499 4
28609523 1
28609583 1
28609601 4560
28609627 9
28609661 4
28609697 3
28609813 411
28609829 132
28609873 167
28609961 168
28610051 36
28610111 36
28610119 80
28610149 267
28610237 3
28610389 4452
28610431 24
28610591 1
28610591 4
28610591 13
28610633 43
28610749 12
28610749 47
28610749 692
28610753 12
28610753 136
28610863 33
28610957 3
28610971 585
28610971 7344
28611041 3
28611133 11
28611137 7
28611251 21
28611263 448
28611299 3849
28611377 63
28611521 799
28611551 4
28611559 44
28611593 8895
28611659 1
28611659 3997
28611683 1
28611691 24
28611721 3
28611871 149
28611883 12
28611917 84
28611923 1
28612091 1
28612123 1428
28612153 11
28612217 4
28612229 7
28612229 916
28612273 627
28612333 4016
28612369 3440
28612393 875
28612393 1011
28612403 132
28612403 5196
28612427 744
28612439 1
28612439 24
28612447 8340
28612471 5
28612511 1
28612541 751
28612567 192
28612583 1
28612603 137
28612697 208
28612789 615
28612979 616
28613003 1
28613029 2067
28613197 12
28613237 2019
28613243 97
28613461 3
28613477 72
28613479 12
28613569 1280
28613597 3
28613597 40
28613719 29
28613743 716
28613831 1
28613857 83
28613903 96
28613953 107
28613969 471
28614041 2928
28614059 381
28614067 20
28614067 72
28614067 7320
28614191 1
28614193 12
28614203 736
28614217 15
28614263 1
28614263 105
28614319 876
28614559 7896
28614583 1020
28614601 4704
28614611 1
28614611 4
28614631 24
28614701 16
28614743 300
28614853 8
28614853 56
28614919 5
28614919 60
28614983 1
28615019 1
28615033 3
28615049 76
28615087 8
28615109 36
28615123 5
28615333 8
28615333 423
28615333 1748
28615361 3315
28615439 36
28615451 28
28615493 1171
28615529 4
28615549 1487
28615619 145
28615739 1
28615819 2456
28615877 3
28616177 4
28616377 15
28616473 8
28616473 12
28616521 56
28616521 551
28616569 8156
28616579 1
28616587 9
28616639 1
28616737 107
28616849 4
28616857 3
28616857 24
28616857 3819
28616879 381
28616879 625
28616941 4440
28617007 6408
28617109 371
28617299 1
28617311 1
28617311 345
28617361 1211
28617493 728
28617503 1
28617517 8
28617517 20
28617551 1
28617569 2599
28617571 4920
28617583 1700
28617697 12
28617731 1
28617731 408
28617763 1028
28617889 252
28617961 2564
28617977 255
28617997 3
28617997 539
28618033 1935
28618061 223
28618133 3
28618153 2807
28618297 935
28618439 4
28618489 351
28618507 8
28618507 128
28618517 43
28618543 861
28618559 1
28618631 1
28618631 481
28618643 16
28618721 4
28618753 527
28618771 149
28618771 689
28618789 4371
28618823 336
28618937 1195
28619029 20
28619113 3
28619257 8844
28619267 1744
28619281 24
28619329 11
28619369 15
28619387 2532
28619399 1
28619411 1
28619501 6439
28619581 35
28619581 3131
28619593 452
28619609 495
28619677 20
28619911 24
28619939 1
28619939 136
28620017 4395
28620107 4
28620281 3928
28620463 245
28620547 57
28620551 1
28620589 36
28620617 672
28620643 305
28620797 4
28620797 52
28620811 345
28620827 712
28620857 7
28620857 664
28620863 2017
28620983 1
28620997 27
28620997 6459
28621027 408
28621027 4860
28621079 12
28621079 57
28621093 3
28621097 4015
28621121 3
28621193 3
28621193 952
28621253 12
28621259 4
28621267 1473
28621283 2572
28621301 4
28621343 73
28621363 2417
28621399 3641
28621447 44
28621447 1653
28621469 16
28621493 1015
28621507 108
28621631 2176
28621633 36
28621699 12
28621699 5604
28621709 1324
28621763 52
28621823 708
28621841 3
28621841 856
28622003 16
28622171 2493
28622183 1
28622261 3
28622267 45
28622323 2601
28622383 177
28622431 5
28622471 76
28622521 99
28622639 4
28622651 1
28622731 101
28622771 1
28622831 1
28622831 108
28622981 4
28622983 1292
28623041 3
28623041 3331
28623041 3708
28623071 1
28623143 4728
28623187 8
28623193 3
28623193 660
28623209 756
28623211 329
28623403 245
28623487 24
28623527 9
28623527 60
28623527 3184
28623593 367
28623599 1
28623599 12
28623731 3313
28623743 40
28623761 2308
28623839 12
28623919 297
28623923 73
28623989 4
28624007 1444
28624031 1
28624031 9
28624033 72
28624133 12
28624133 5463
28624159 12
28624159 24
28624231 48
28624303 5
28624327 180
28624361 3
28624367 24
28624423 17
28624423 3908
28624451 1
28624513 32
28624543 513
28624553 3660
28624619 1
28624681 8
28624681 224
28624699 1076
28624807 204
28624819 12
28624829 27
28624859 1
28624901 3
28624901 480
28624907 613
28624909 1104
28624931 9
28624931 2089
28625111 1
28625171 21
28625279 4
28625293 60
28625321 1996
28625321 5499
28625327 9
28625341 3
28625341 75
28625347 5169
28625357 3
28625411 4
28625411 325
28625437 207
28625447 9
28625461 6756
28625477 7
28625477 519
28625599 45
28625599 876
28625627 4585
28625629 467
28625713 12
28625833 168
28625879 1
28625939 1
28625963 1
28626097 3
28626107 3129
28626139 12
28626163 5493
28626239 49
28626239 637
28626373 3
28626391 93
28626443 1
28626517 39
28626523 240
28626523 3653
28626527 157
28626553 32
28626553 1607
28626593 3
28626593 55
28626599 1
28626599 64
28626607 644
28626679 17
28626757 24
28626757 3504
28626781 23
28626781 156
28626781 900
28626791 1
28626791 2536
28626797 7
28626797 3348
28626803 1
28626823 41
28626839 1201
28627057 1244
28627171 1184
28627199 1
28627199 21
28627253 196
28627301 16
28627351 9
28627351 3693
28627373 15
28627397 739
28627429 231
28627457 15
28627493 540
28627597 27
28627631 4
28627691 1
28627877 19
28627903 9905
28628113 3
28628219 1
28628263 5
28628297 2584
28628381 8088
28628461 8684
28628471 1
28628519 52
28628591 1
28628591 616
28628641 8
28628683 3360
28628749 920
28628827 8973
28629001 84
28629011 489
28629023 72
28629049 39
28629049 4775
28629077 264
28629121 3
28629131 145
28629163 56
28629287 204
28629299 1
28629329 4
28629347 4
28629361 15
28629383 21
28629383 5560
28629407 1032
28629437 5103
28629451 5
28629481 3
28629499 1217
28629539 21
28629539 921
28629661 8
28629673 6420
28629677 624
28629707 12
28629739 269
28629781 71
28629781 483
28629817 3
28629817 80
28629817 1079
28629863 33
28629973 543
28630051 9
28630139 1
28630139 24
28630187 4
28630297 219
28630387 24
28630417 227
28630429 420
28630451 88
28630451 105
28630457 328
28630529 7
28630529 8811
28630579 5961
28630583 16
28630597 3
28630649 1596
28630649 4855
28630687 5
28630717 6935
28630793 3
28630799 1
28630799 4
28630831 20
28630831 185
28630841 2695
28630939 5
28630939 41
28630993 20
28631059 17
28631069 15
28631171 1
28631203 21
28631209 27
28631209 336
28631237 3
28631237 124
28631279 180
28631287 332
28631341 11
28631591 561
28631609 832
28631663 21
28631663 33
28631717 7
28631833 6615
28631843 3492
28631873 7
28631881 24
28631887 173
28632059 4
28632083 25
28632143 1
28632151 53
28632203 1
28632211 5
28632293 2607
28632407 1077
28632433 95
28632497 612
28632521 1656
28632521 2935
28632559 60
28632577 39
28632577 140
28632577 608
28632689 4
28632701 1680
28632713 5631
28632733 12
28632757 2495
28632803 1173
28632841 8
28632859 920
28632899 9
28632949 119
28633021 11
28633043 1
28633067 672
28633109 592
28633223 525
28633289 2380
28633289 5151
28633331 1
28633607 1044
28633609 875
28633651 869
28633667 28
28633679 1
28633751 1
28633751 36
28633799 1
28633883 21
28633883 601
28633993 248
28634029 8232
28634063 45
28634143 1752
28634183 117
28634201 16
28634213 391
28634267 49
28634299 72
28634413 1136
28634423 1
28634491 5
28634531 1
28634533 3
28634561 4188
28634569 12
28634693 7
28634717 3
28634819 156
28634863 8
28634909 4
28634951 1
28634981 3
28634981 4
28635059 1
28635059 12
28635401 15
28635401 148
28635407 37
28635461 2491
28635469 8567
28635533 3
28635533 48
28635569 31
28635631 53
28635899 4
28635899 84
28635899 96
28635923 1
28636037 4
28636051 2373
28636061 135
28636061 219
28636073 72
28636213 11
28636213 12
28636247 333
28636259 1
28636331 328
28636379 3576
28636397 40
28636397 1179
28636457 3
28636457 4720
28636457 5863
28636561 3
28636603 525
28636639 285
28636649 379
28636691 213
28636691 1105
28636693 4691
28636703 1
28636871 525
28637003 13
28637003 9648
28637017 24
28637099 324
28637117 4
28637153 31
28637261 619
28637347 5
28637347 2240
28637359 41
28637387 4
28637387 412
28637467 24
28637549 732
28637549 852
28637569 819
28637627 229
28637657 1219
28637671 8280
28637689 675
28637689 5276
28637723 105
28637729 3220
28637837 7
28637863 17
28637879 1
28637887 525
28637927 45
28637927 817
28637933 3
28637933 27
28637971 81
28637981 8811
28638019 81
28638191 9
28638193 1508
28638209 19
28638299 4
28638299 1389
28638359 1
28638383 1
28638419 1
28638487 185
28638487 725
28638499 1092
28638503 1
28638517 3384
28638563 6640
28638697 63
28638737 99
28638821 51
28638893 55
28638941 519
28638971 480
28639003 8
28639007 24
28639007 312
28639021 1275
28639111 8
28639223 1
28639223 21
28639229 619
28639277 3
28639277 27
28639321 3
28639337 3
28639487 120
28639493 243
28639493 2940
28639549 11
28639549 167
28639553 87
28639553 4555
28639571 1
28639571 513
28639649 2851
28639693 1400
28639777 3
28639777 455
28639817 3
28639843 273
28639847 220
28639847 477
28639913 2808
28639913 8380
28639931 1
28639979 1129
28639993 8
28640119 5
28640119 36
28640203 4181
28640233 20
28640347 44
28640419 9852
28640551 36
28640609 91
28640653 1071
28640663 1
28640753 576
28640779 1532
28640839 17
28640939 12
28640947 33
28640947 129
28640981 4
28641013 60
28641017 64
28641029 4
28641097 80
28641097 204
28641211 8741
28641229 15
28641281 75
28641343 65
28641419 1
28641433 911
28641527 25
28641539 25
28641541 3
28641541 15
28641541 35
28641751 20
28641751 276
28641853 123
28641859 4277
28641917 12
28641989 24
28642057 87
28642151 1
28642213 12
28642301 60
28642321 168
28642379 12
28642381 24
28642447 504
28642577 364
28642583 1
28642591 36
28642619 384
28642759 12
28642811 1
28642829 4
28642837 279
28642871 1
28642871 201
28642883 13
28642931 1
28642973 5020
28642979 1
28642993 15
28642993 27
28642993 1071
28642997 3060
28643177 3019
28643177 8295
28643183 2920
28643189 484
28643189 1059
28643233 3
28643357 8248
28643399 12
28643423 213
28643471 4
28643599 5
28643627 213
28643687 9
28643711 1
28643761 8
28643761 516
28643801 4
28643819 1
28643921 15
28643921 2436
28643999 1
28643999 184
28644013 51
28644073 3
28644089 619
28644101 8383
28644107 37
28644137 4
28644193 123
28644331 24
28644523 12
28644523 33
28644557 4
28644569 4
28644599 52
28644701 1539
28644731 744
28644769 12
28644827 4
28644887 13
28644887 7053
28644901 8664
28644943 5
28644991 24
28645033 12
28645037 67
28645063 1248
28645079 837
28645213 1863
28645219 72
28645297 3
28645411 1181
28645411 9416
28645681 5564
28645699 36
28645817 112
28645909 1032
28645919 2140
28645937 3
28646099 1
28646183 1765
28646221 1191
28646381 4
28646381 2095
28646407 44
28646483 1
28646531 1
28646539 32
28646609 4
28646831 16
28646861 55
28646899 5
28646899 572
28647011 1
28647011 21
28647011 25
28647089 7
28647109 207
28647197 15
28647209 7
28647373 15
28647373 27
28647403 12
28647559 944
28647623 1
28647631 1013
28647727 77
28647779 316
28647799 9072
28647869 115
28647869 159
28648001 4
28648057 2615
28648091 144
28648091 1333
28648093 200
28648093 2171
28648097 4
28648097 1072
28648157 3
28648183 117
28648183 7581
28648199 1
28648199 1024
28648267 4592
28648307 4
28648439 1
28648441 75
28648457 127
28648489 1035
28648517 3
28648601 4
28648733 403
28648759 9
28648871 1
28648877 3
28648883 8328
28649021 3
28649057 364
28649059 5
28649083 2688
28649111 1
28649111 664
28649167 117
28649183 37
28649263 8
28649297 3
28649297 228
28649311 5
28649323 4848
28649339 777
28649459 3297
28649483 85
28649531 4
28649531 21
28649557 87
28649639 309
28649659 741
28649689 939
28649717 195
28649783 12
28649813 7068
28649861 4
28650067 53
28650073 8
28650109 1712
28650113 7
28650131 1
28650131 61
28650131 940
28650199 2409
28650317 4
28650439 24
28650487 5
28650533 463
28650631 165
28650731 1
28650757 3
28650779 12
28650829 240
28650833 7
28650901 1463
28650911 1
28650911 21
28650961 6204
28650989 5364
28651013 3
28651013 115
28651079 4
28651219 2409
28651253 28
28651319 61
28651321 80
28651339 5
28651361 3
28651379 96
28651379 165
28651379 7029
28651421 28
28651439 4
28651457 1639
28651577 4
28651621 843
28651643 1
28651729 15
28651807 977
28651823 1
28651891 540
28651921 359
28651933 116
28651939 1460
28652033 7056
28652051 60
28652161 2675
28652269 20
28652291 136
28652329 155
28652359 32
28652363 1
28652419 17
28652443 5
28652447 69
28652537 12
28652537 8052
28652593 12
28652639 616
28652669 31
28652677 228
28652683 2756
28652693 5743
28652777 112
28653049 3272
28653077 7383
28653089 1095
28653113 7
28653113 292
28653169 239
28653223 17
28653223 65
28653227 7009
28653241 8
28653259 5
28653367 8
28653371 69
28653403 392
28653419 1
28653431 1
28653511 5
28653787 113
28653797 8683
28653893 7
28653917 48
28653917 99
28654123 32
28654123 36
28654127 12
28654133 3
28654193 12
28654207 69
28654207 3429
28654313 15
28654319 1
28654319 2001
28654463 21
28654487 33
28654543 8
28654601 4
28654657 632
28654733 3
28654753 96
28654753 1271
28654823 1
28654853 16
28654889 7
28654931 1753
28654931 3504
28655087 12
28655261 3
28655261 636
28655293 2820
28655303 108
28655327 25
28655327 148
28655369 7
28655369 19
28655399 6456
28655411 28
28655437 20
28655491 9
28655491 56
28655609 207
28655633 3
28655633 883
28655657 2160
28655747 13
28655827 5
28655941 7539
28655969 460
28656011 1
28656053 91
28656071 24
28656083 1153
28656151 5
28656259 7704
28656311 1
28656311 3388
28656451 5988
28656469 20
28656469 3371
28656737 3
28656737 495
28656751 984
28656779 1
28656851 145
28656983 1
28657009 1575
28657141 80
28657151 1
28657163 28
28657261 7551
28657273 155
28657283 7200
28657309 444
28657439 1
28657439 2112
28657457 39
28657457 40
28657501 8
28657511 204
28657561 44
28657633 3423
28657637 319
28657637 448
28657687 224
28657711 2280
28657711 8873
28657753 11
28657763 432
28657763 3117
28657873 15
28657873 5495
28657897 8
28657973 48
28658051 616
28658053 11
28658093 3
28658093 2607
28658117 139
28658153 687
28658219 1
28658263 6020
28658281 15
28658417 532
28658423 156
28658473 1863
28658507 4
28658537 4
28658543 756
28658543 1981
28658563 41
28658599 1452
28658633 3
28658633 4036
28658639 1
28658639 4
28658639 49
28658723 25
28658779 260
28658813 180
28658857 1472
28658891 1
28658921 3
28658939 1
28659109 284
28659193 95
28659223 5
28659223 8
28659461 3
28659473 3
28659503 1
28659503 52
28659563 1
28659607 317
28659607 477
28659611 4
28659623 1
28659731 1
28659749 7
28659821 208
28659889 1172
28659937 63
28659959 4681
28659971 5665
28660081 3
28660199 1
28660211 1
28660241 4
28660243 1428
28660327 69
28660343 36
28660349 747
28660397 28
28660433 487
28660451 1
28660519 7125
28660543 696
28660543 1248
28660559 120
28660561 15
28660663 5
28660717 63
28660739 25
28660781 3259
28660837 380
28661011 5
28661027 4
28661053 180
28661137 15
28661153 3
28661161 255
28661221 308
28661317 3104
28661357 3
28661389 32
28661389 320
28661389 471
28661459 1
28661579 1
28661579 72
28661629 956
28661663 1
28661663 7776
28661713 32
28661713 116
28661819 1
28661819 4
28661819 45
28661819 276
28661837 3679
28661839 17
28661839 104
28661999 1
28662103 180
28662103 6872
28662143 12
28662173 15
28662173 195
28662191 76
28662199 1064
28662287 24
28662343 117
28662343 2957
28662373 11
28662463 5
28662481 888
28662521 91
28662653 31
28662709 27
28662787 152
28662791 4
28662791 784
28662917 4
28662929 1035
28662947 549
28663121 16
28663163 25
28663177 72
28663253 3031
28663409 820
28663501 71
28663559 21
28663603 21
28663603 81
28663631 28
28663709 2859
28664131 2193
28664171 1
28664171 693
28664231 1
28664231 33
28664351 4
28664351 25
28664387 13
28664401 11
28664459 1
28664459 8112
28664477 3
28664477 4
28664479 89
28664569 87
28664579 1
28664651 1
28664653 3
28664723 25
28664767 572
28664947 392
28664947 888
28664959 29
28665019 5
28665041 708
28665101 16
28665187 68
28665211 128
28665233 3
28665251 16
28665251 7209
28665257 7
28665293 36
28665313 528
28665341 88
28665389 36
28665389 175
28665419 12
28665419 16
28665419 1456
28665449 307
28665457 119
28665457 503
28665473 3
28665493 12
28665503 1
28665529 120
28665529 960
28665569 139
28665599 141
28665647 13
28665647 2925
28665943 416
28665943 4092
28665971 469
28665971 1128
28666021 63
28666091 1
28666091 16
28666147 89
28666207 44
28666357 8
28666399 224
28666409 51
28666409 436
28666433 3
28666531 8
28666559 1
28666559 12
28666571 1428
28666621 39
28666721 3
28666721 16
28666753 48
28666753 311
28666753 2463
28666793 36
28666843 20
28666951 545
28666969 20
28666969 1976
28666987 9
28667017 2507
28667057 3
28667081 1039
28667081 3648
28667087 1440
28667129 15
28667129 151
28667137 647
28667183 4956
28667203 6753
28667207 360
28667297 27
28667363 112
28667383 93
28667459 1
28667459 165
28667459 3297
28667473 71
28667497 59
28667503 185
28667503 2525
28667543 45
28667623 12
28667719 17
28667801 1203
28667819 945
28667851 204
28667953 5228
28668023 1
28668113 568
28668173 15
28668181 3
28668217 788
28668257 27
28668293 27
28668317 195
28668371 9
28668469 35
28668491 4
28668713 12
28668743 1
28668803 1
28668803 16
28668823 65
28668847 1089
28668961 3
28668973 8
28668989 240
28669051 9261
28669093 20
28669093 2612
28669097 127
28669097 5992
28669169 4572
28669187 4
28669189 1739
28669211 220
28669211 1389
28669229 7
28669283 180
28669351 1361
28669369 39
28669409 187
28669409 196
28669517 3
28669517 7
28669541 3
28669541 15
28669547 52
28669591 128
28669789 2507
28669897 23
28670189 6136
28670363 1980
28670459 4156
28670591 1645
28670617 180
28670617 2183
28670641 8
28670657 919
28670897 28
28670911 93
28670911 165
28670921 159
28670921 1620
28670923 312
28670923 468
28670953 1028
28671017 99
28671077 7
28671127 144
28671217 23
28671229 420
28671277 3
28671301 4419
28671421 2375
28671491 1
28671527 93
28671557 4395
28671631 4364
28671733 3
28671803 1
28671821 4
28671857 7
28671857 28
28671917 412
28671949 1331
28671949 6959
28671977 27
28672051 24
28672057 68
28672073 7
28672103 588
28672103 777
28672207 84
28672211 1
28672223 1
28672223 3097
28672247 13
28672291 5
28672313 6847
28672351 9
28672361 631
28672471 1904
28672541 88
28672549 2951
28672667 640
28672681 560
28672741 1251
28672751 1
28672811 1
28672823 3057
28672901 55
28672913 7
28672949 16
28672993 3
28672993 1595
28673011 5
28673077 72
28673087 25
28673087 52
28673089 36
28673123 12
28673143 21
28673179 21
28673201 4
28673231 5400
28673269 3779
28673317 99
28673363 300
28673453 4375
28673501 4
28673549 27
28673591 1
28673657 127
28673677 12
28673809 560
28673809 2127
28673833 20
28673857 3
28673969 1999
28674017 2847
28674137 7
28674137 15
28674179 1
28674253 2471
28674263 88
28674299 6069
28674313 75
28674419 1
28674467 4
28674497 3
28674617 3
28674671 1
28674683 1
28674769 795
28674769 995
28674773 2140
28674839 4
28674847 524
28674883 5
28674959 52
28674977 867
28675019 1
28675019 1269
28675019 9981
28675033 267
28675033 836
28675079 1
28675091 9
28675193 7
28675261 2171
28675271 5761
28675337 27
28675553 88
28675571 9
28675627 225
28675697 15
28675697 27
28675813 3
28675859 409
28675891 824
28675903 8
28675903 4368
28675931 4
28675931 2304
28676027 1045
28676027 2388
28676353 128
28676363 52
28676387 348
28676489 204
28676587 20
28676587 29
28676629 539
28676639 397
28676729 1036
28676759 1
28676777 5712
28676803 8
28676819 217
28676939 36
28676939 6204
28676959 1280
28677037 12
28677049 11
28677083 1377
28677133 3
28677151 1904
28677197 27
28677211 9
28677227 13
28677287 2353
28677497 15
28677497 532
28677557 408
28677683 5112
28677713 15
28677767 7948
28677773 5692
28677893 3
28677949 479
28677949 5847
28678019 292
28678103 1
28678103 156
28678151 1
28678253 1683
28678283 1
28678301 4
28678387 4044
28678399 152
28678399 917
28678457 28
28678511 1
28678511 1785
28678513 11
28678597 3
28678667 4
28678691 616
28678693 795
28678757 72
28678763 1
28678879 1545
28678891 20
28678927 5
28679029 7596
28679069 75
28679087 9
28679087 228
28679219 4
28679281 8
28679297 4
28679461 15
28679543 1
28679593 192
28679593 2871
28679611 8
28679639 1
28679639 4
28679639 456
28679647 2265
28679701 7151
28679771 1
28679909 412
28679933 5415
28679957 7
28680073 3
28680083 48
28680083 252
28680251 1
28680259 12
28680319 209
28680341 3
28680341 108
28680359 12
28680373 8
28680373 23
28680383 240
28680389 4
28680409 575
28680467 369
28680493 512
28680569 1000
28680599 12
28680599 472
28680629 55
28680637 3
28680637 8
28680637 20
28680653 183
28680679 7181
28680697 4223
28680749 75
28680761 2020
28680779 1
28680941 91
28681001 628
28681097 63
28681141 3
28681141 8
28681199 1
28681313 3
28681381 68
28681511 1
28681517 1384
28681577 7
28681613 3
28681693 8252
28681699 17
28681813 3
28681823 6345
28681871 1
28681921 24
28681921 4880
28681937 903
28681937 1963
28682033 88
28682033 1696
28682051 3829
28682107 7860
28682123 1
28682123 61
28682167 20
28682359 24
28682359 117
28682399 1
28682413 575
28682531 4368
28682551 21
28682579 4
28682611 1965
28682783 133
28682879 36
28682887 17
28682981 204
28683089 15
28683163 105
28683209 7
28683283 56
28683289 111
28683371 5148
28683373 8687
28683409 15
28683427 17
28683439 20
28683449 4
28683469 227
28683517 3
28683517 2039
28683659 465
28683679 5
28683689 672
28683779 1
28683779 2289
28683799 1529
28683803 432
28683833 3
28683923 16
28683923 556
28683983 1
28684009 2996
28684043 21
28684079 1
28684141 3
28684211 4
28684223 1
28684261 8
28684261 15
28684261 140
28684261 263
28684333 9815
28684349 4
28684609 1527
28684613 3
28684619 1
28684619 4
28684651 128
28684757 7
28684811 7545
28684829 15
28684847 25
28684853 3676
28684897 1928
28684987 8
28685029 255
28685057 4
28685099 37
28685113 8
28685149 96
28685297 4
28685359 836
28685407 1752
28685473 11
28685473 56
28685567 13
28685597 8895
28685653 47
28685731 81
28685771 1
28685779 2789
28685827 108
28685893 2331
28685903 105
28685911 3056
28685929 1584
28685939 9
28686127 32
28686127 9120
28686193 3
28686193 432
28686223 1428
28686233 3
28686233 295
28686431 1
28686491 208
28686499 84
28686583 1617
28686659 1
28686689 76
28686689 231
28686797 3
28686809 2436
28686857 103
28686893 423
28686901 288
28687031 1
28687051 6696
28687091 1
28687129 4215
28687133 7
28687163 1
28687199 1732
28687271 1
28687301 19
28687303 68
28687303 153
28687319 4
28687367 24
28687367 517
28687411 4865
28687441 1079
28687523 1
28687537 8
28687553 27
28687639 1752
28687727 49
28687733 315
28687781 4
28687781 1131
28687783 8273
28687807 1605
28687861 348
28687889 52
28687909 47
28687909 696
28687909 6915
28687921 96
28687921 8031
28687933 2256
28687961 40
28687979 1
28688087 244
28688087 673
28688111 1
28688111 561
28688123 1
28688123 1585
28688173 23
28688393 96
28688419 3792
28688497 68
28688587 32
28688711 1
28688761 3
28688789 4
28688827 7392
28688831 49
28688837 39
28688921 4
28688921 88
28688923 1268
28689071 1
28689071 60
28689077 7
28689169 12
28689179 1
28689263 85
28689263 1012
28689289 147
28689329 4
28689371 1
28689371 861
28689379 132
28689443 1
28689571 189
28689571 2153
28689623 1
28689649 15
28689649 59
28689649 2499
28689779 1
28689823 5
28689823 116
28689833 3
28689847 269
28689851 5616
28689889 2912
28690043 1
28690091 948
28690117 8
28690199 496
28690229 64
28690439 1065
28690463 172
28690463 208
28690463 225
28690477 3
28690523 1
28690549 800
28690549 2276
28690559 1
28690561 7299
28690567 1497
28690567 6573
28690619 36
28690619 2320
28690661 84
28690681 63
28690691 2965
28690699 72
28690751 4
28690777 3
28690777 20
28690789 491
28690819 5
28690897 99
28690897 3852
28690901 483
28690919 1
28690973 808
28690979 1
28690979 85
28691081 19
28691081 79
28691107 413
28691137 1007
28691161 9776
28691177 19
28691219 4
28691321 3795
28691381 3
28691543 1
28691543 1536
28691599 57
28691629 279
28691837 7
28691911 1745
28691941 8
28691941 9971
28691977 12
28692163 161
28692173 787
28692199 45
28692217 72
28692217 3983
28692217 8339
28692263 1
28692317 4
28692439 1161
28692457 335
28692473 1476
28692581 15
28692613 8
28692647 24
28692749 16
28692751 6228
28692757 275
28692779 9
28692823 68
28692841 3576
28692929 391
28692973 12
28693111 45
28693111 4140
28693123 5
28693139 1
28693199 72
28693199 361
28693271 64
28693309 720
28693319 157
28693319 2025
28693361 99
28693369 5955
28693409 7
28693409 559
28693429 56
28693447 5
28693493 9936
28693517 3
28693517 1903
28693573 152
28693787 193
28693813 1043
28693823 1
28693823 5997
28693901 4
28693993 251
28693993 387
28693993 495
28694053 3675
28694207 112
28694221 5088
28694227 8
28694257 8
28694261 519
28694273 36
28694333 5080
28694669 159
28694791 129
28694917 48
28694923 2388
28694999 1
28695011 1
28695019 24
28695067 93
28695077 3
28695077 5088
28695083 1
28695137 307
28695179 184
28695179 2916
28695209 124
28695221 4
28695221 15
28695257 3
28695281 55
28695281 924
28695323 1
28695323 3877
28695349 1356
28695353 2455
28695391 740
28695481 735
28695503 33
28695539 1
28695551 16
28695617 799
28695619 5
28695671 325
28695763 557
28695809 412
28695829 9059
28695853 11
28695913 56
28696121 28
28696121 6079
28696259 16
28696279 1517
28696319 36
28696417 1428
28696417 1908
28696439 1
28696439 324
28696511 1
28696511 196
28696529 2832
28696541 240
28696601 3
28696637 3
28696699 5
28696753 36
28696777 44
28696807 24
28697021 2299
28697027 112
28697027 4845
28697033 3943
28697063 181
28697093 15
28697107 249
28697117 4
28697131 1169
28697147 4
28697147 1224
28697147 1860
28697183 1
28697183 33
28697219 1
28697257 155
28697321 3
28697341 36
28697371 60
28697437 23
28697437 9680
28697509 116
28697531 21
28697531 64
28697563 5
28697569 2891
28697597 7
28697597 28
28697609 12
28697609 31
28697623 228
28697651 184
28697653 3
28697653 3263
28697761 68
28697803 12
28697891 76
28697897 3
28697927 40
28697927 645
28697947 77
28698083 1
28698289 24
28698389 691
28698433 3080
28698463 12
28698613 15
28698671 1
28698751 4533
28698799 5
28698841 39
28698877 6983
28698899 1
28699091 25
28699109 1200
28699133 427
28699327 8
28699343 1
28699343 93
28699387 69
28699471 644
28699499 9
28699501 71
28699501 1623
28699639 132
28699669 635
28699711 140
28699787 25
28699799 9
28699973 7603
28699997 492
28700107 153
28700129 96
28700143 20
28700171 25
28700171 376
28700333 12
28700387 228
28700537 3
28700537 19
28700537 984
28700569 92
28700647 224
28700647 725
28700657 1119
28700687 364
28700731 1053
28700741 103
28700759 4
28700783 1
28700831 4
28700831 885
28700953 11
28701019 2469
28701019 9584
28701073 3
28701131 1
28701149 16
28701157 3
28701311 1404
28701451 5676
28701469 195
28701469 3627
28701479 1
28701479 16
28701499 12
28701509 15
28701509 24
28701509 2640
28701613 471
28701731 520
28701791 1
28701791 9
28701791 504
28701817 5643
28701853 251
28702061 375
28702087 65
28702087 5348
28702117 24
28702139 1377
28702153 11
28702279 9
28702291 8249
28702529 4
28702607 2632
28702691 33
28702691 2145
28702823 181
28702871 4
28702903 3125
28703063 196
28703377 12
28703483 1
28703593 5888
28703603 516
28703621 63
28703627 1465
28703663 16
28703663 312
28703669 391
28703683 188
28703693 120
28703711 4
28703729 7
28703761 8739
28703797 1232
28703821 3
28703827 48
28703893 4212
28703929 56
28703929 84
28703947 12
28704089 1944
28704107 300
28704239 3192
28704259 17
28704259 560
28704317 3
28704371 24
28704371 3241
28704397 15
28704427 1305
28704439 5
28704479 1
28704527 229
28704541 564
28704659 700
28704727 69
28704769 4295
28704937 120
28705141 3
28705151 1
28705151 40
28705169 5295
28705189 11
28705223 1
28705223 21
28705321 11
28705343 1
28705373 3
28705493 3
28705493 132
28705499 1
28705499 12
28705499 1365
28705511 196
28705559 1465
28705669 12
28705669 96
28705759 5
28705933 3
28705961 15
28706003 1
28706101 39
28706137 99
28706137 9428
28706221 68
28706257 248
28706257 1139
28706261 3
28706261 4
28706263 17
28706263 117
28706291 1
28706291 81
28706333 1420
28706441 39
28706543 1
28706581 56
28706617 27
28706731 8
28706731 4893
28706749 71
28706773 2475
28706813 315
28706833 303
28706879 2064
28706987 13
28707017 4
28707017 220
28707131 136
28707139 1044
28707179 840
28707277 3
28707337 15
28707337 23
28707353 135
28707377 2967
28707379 9
28707379 441
28707433 1203
28707451 89
28707463 12
28707493 812
28707521 39
28707619 20
28707641 3
28707649 27
28707677 147
28707739 389
28707743 1
28707769 35
28707769 99
28707859 581
28707871 20
28707911 2680
28707923 4641
28707947 24
28707947 8008
28707997 224
28708051 5
28708079 1
28708313 12
28708417 824
28708423 21
28708499 1
28708501 4431
28708513 71
28708513 383
28708517 4
28708583 1285
28708661 1003
28708717 3
28708723 5
28708769 9855
28708843 501
28708913 727
28709071 8
28709113 3
28709113 1988
28709237 4
28709327 13
28709363 2452
28709419 7089
28709573 3232
28709579 4
28709699 1
28709953 27
28709953 1263
28709953 6548
28709981 3
28709981 36
28710053 691
28710173 16
28710221 403
28710289 5372
28710431 3156
28710457 3
28710523 321
28710607 2517
28710797 4
28710811 9
28710887 108
28710887 177
28711009 15
28711009 4859
28711013 336
28711043 1
28711103 12
28711211 1
28711237 35
28711289 36
28711339 9084
28711367 324
28711373 40
28711387 152
28711621 876
28711643 1
28711723 197
28711723 488
28711801 8
28711829 8371
28712053 12
28712077 6195
28712149 707
28712213 2236
28712227 8
28712251 273
28712263 2768
28712279 61
28712351 304
28712353 3
28712353 11
28712501 700
28712611 8
28712623 17
28712623 776
28712633 3
28712641 3
28712653 1071
28712687 3997
28712699 64
28712713 12
28712759 1
28712759 4
28712837 2400
28712891 1
28712927 532
28712963 76
28712969 132
28712969 624
28713011 1
28713011 4120
28713043 752
28713059 201
28713137 3024
28713173 436
28713233 3931
28713239 16
28713301 11
28713317 3
28713317 4779
28713331 825
28713337 23
28713359 196
28713437 3
28713437 24
28713473 87
28713473 2091
28713481 224
28713539 4
28713547 6497
28713599 1
28713677 7
28713677 192
28713779 381
28713779 916
28713889 3836
28714001 4
28714001 699
28714019 1
28714027 468
28714121 55
28714121 1203
28714151 1
28714151 24
28714157 3
28714193 3
28714193 2563
28714229 4
28714247 393
28714289 7
28714291 288
28714333 12
28714403 1
28714421 1191
28714691 1741
28714723 8
28714753 416
28714753 5412
28714831 428
28714859 1
28714967 2784
28714969 116
28715003 45
28715039 21
28715087 28
28715101 251
28715231 1116
28715257 95
28715317 8
28715413 15
28715413 1620
28715437 3
28715437 27
28715437 807
28715471 1
28715471 13
28715503 137
28715549 720
28715647 93
28715683 488
28715699 1
28715699 21
28715699 69
28715741 4
28715741 304
28715803 8
28715807 165
28715837 4
28715923 20
28715927 205
28715927 2524
28716047 1404
28716047 3933
28716139 8309
28716173 240
28716221 4
28716241 8
28716269 4
28716283 893
28716287 169
28716461 3
28716481 48
28716511 2301
28716511 2484
28716517 8
28716613 32
28716683 2961
28716841 75
28716899 4
28716901 1596
28716913 32
28716979 21
28716997 23
28716997 39
28716997 44
28717079 129
28717079 217
28717193 1456
28717307 93
28717309 7271
28717333 2688
28717349 132
28717393 63
28717411 213
28717433 1027
28717477 180
28717499 1
28717553 28
28717561 96
28717597 104
28717613 355
28717651 8
28717691 720
28717729 24
28717807 1049
28717849 2267
28717861 3
28717921 111
28717939 9629
28717943 1
28717963 8
28717973 148
28718017 12
28718089 39
28718119 209
28718147 12
28718227 2697
28718303 2700
28718353 3
28718449 12
28718507 108
28718507 432
28718533 15
28718699 4
28718713 111
28718731 329
28718759 1
28718759 16
28718909 636
28718953 3
28718953 848
28719059 1
28719073 32
28719161 64
28719199 5
28719233 3927
28719293 16
28719293 27
28719373 2583
28719497 787
28719529 15
28719611 141
28719611 501
28719619 1980
28719623 3133
28719661 1763
28719703 1092
28719731 4
28719781 3
28719781 135
28719797 79
28719797 327
28719931 20
28719979 5
28719979 12
28720091 1
28720129 459
28720141 20
28720189 452
28720273 123
28720379 1
28720441 84
28720487 24
28720661 204
28720789 5724
28720897 32
28720897 3452
28720931 1
28720931 2569
28720963 8
28720987 308
28721039 1
28721039 4
28721059 4244
28721083 8
28721083 20
28721113 1392
28721131 3461
28721171 13
28721267 4
28721309 7
28721353 255
28721353 8703
28721437 20
28721437 720
28721491 5
28721519 1
28721599 5
28721647 240
28721659 240
28721669 6799
28721699 2997
28721743 432
28721971 24
28721971 6945
28722011 9
28722019 5
28722019 449
28722251 4684
28722293 6651
28722307 140
28722329 31
28722359 25
28722373 51
28722479 81
28722721 3500
28722803 253
28722857 4339
28722901 308
28722931 56
28722931 2196
28722937 8
28722949 12
28723007 25
28723169 700
28723199 81
28723337 7
28723351 21
28723451 9
28723477 84
28723477 3684
28723553 1515
28723559 1
28723609 12
28723679 525
28723691 25
28723703 1
28723703 1752
28723733 268
28723811 1
28723813 3
28723813 6851
28723823 1
28723913 15
28723943 112
28723993 612
28724027 4
28724153 12
28724159 9
28724207 277
28724281 8
28724347 785
28724347 7380
28724459 4
28724467 564
28724603 1
28724603 397
28724639 1
28724639 49
28724719 29
28724749 11
28724797 3
28724831 1
28724897 4
28724929 231
28724947 2252
28724957 3
28724957 4
28724963 28
28725041 184
28725071 381
28725079 5
28725079 104
28725089 492
28725149 40
28725181 3
28725199 29
28725227 24
28725331 53
28725331 3648
28725443 4897
28725479 16
28725491 1
28725493 3
28725517 35
28725559 920
28725611 4
28725611 25
28725709 87
28725721 6464
28725761 4
28725799 809
28725799 2160
28725803 1
28725803 85
28725803 1141
28725821 43
28725833 7
28725899 16
28725943 77
28726001 3276
28726079 220
28726111 9
28726121 64
28726147 9
28726151 1
28726151 664
28726163 1
28726219 129
28726261 791
28726283 3693
28726339 1376
28726381 48
28726381 60
28726409 27
28726507 6909
28726589 55
28726661 4
28726673 87
28726703 621
28726777 3
28726807 5
28726829 1380
28726979 1336
28727029 3035
28727117 7
28727117 708
28727137 3
28727143 21
28727189 19
28727233 96
28727233 275
28727249 4
28727459 1
28727519 1
28727519 417
28727557 3
28727591 145
28727623 20
28727623 4641
28727747 28
28727801 28
28727801 123
28727813 2751
28727837 19
28727843 12
28727849 24
28727869 20
28727903 1
28727969 4996
28727983 21
28728013 180
28728023 16
28728071 1
28728083 76
28728097 3
28728197 12
28728211 96
28728211 8624
28728229 75
28728341 3
28728463 125
28728463 1568
28728503 85
28728523 437
28728571 56
28728571 948
28728593 88
28728649 99
28728673 6363
28728683 25
28728709 27
28728857 39
28728857 63
28728911 2416
28728919 9
28728919 756
28728941 4
28728967 57
28729049 147
28729081 168
28729097 3
28729097 4
28729237 48
28729237 59
28729271 1
28729307 33
28729409 4
28729417 20
28729417 27
28729499 9
28729621 3
28729639 1836
28729681 71
28729819 5
28729853 12
28729903 185
28729933 35
28730183 72
28730281 63
28730297 420
28730297 1099
28730297 6540
28730341 3719
28730369 7
28730417 79
28730467 737
28730479 144
28730551 65
28730551 153
28730593 3
28730593 311
28730621 4
28730623 5
28730719 5681
28730761 80
28730809 287
28730917 308
28730951 1
28730971 300
28731011 4
28731077 3
28731179 12
28731221 1404
28731259 17
28731299 1
28731359 1
28731371 649
28731433 131
28731509 7
28731517 8124
28731569 7
28731709 840
28731727 93
28731733 3
28731733 135
28731803 2113
28731881 3
28732003 57
28732139 1
28732271 1
28732271 9
28732271 384
28732399 45
28732411 8
28732439 57
28732477 3
28732507 44
28732523 1
28732547 1408
28732559 1
28732573 11
28732597 3
28732633 191
28732709 52
28732787 229
28732787 909
28732871 1
28732871 9
28732931 213
28732967 177
28732999 9
28733021 7011
28733123 2305
28733143 165
28733167 9
28733219 9
28733219 1597
28733227 84
28733231 1
28733239 20
28733267 9
28733269 371
28733303 40
28733351 228
28733387 4
28733387 6025
28733401 3
28733429 460
28733513 268
28733557 3
28733557 180
28733717 4
28733717 648
28733759 1
28733819 49
28733819 580
28733891 1
28733977 440
28734053 127
28734053 195
28734059 1
28734077 7
28734077 39
28734119 1
28734161 160
28734319 5
28734319 2520
28734323 76
28734367 9
28734509 12
28734557 160
28734569 199
28734637 1140
28734677 12
28734697 1272
28734701 399
28734763 33
28734787 17
28734857 67
28734857 463
28734887 217
28734887 1245
28734919 5
28734991 4541
28735039 24
28735079 16
28735093 8627
28735141 851
28735193 7
28735241 408
28735319 1
28735327 5
28735337 55
28735361 148
28735463 1
28735463 40
28735529 7
28735639 3180
28735783 113
28735783 4272
28735801 255
28735871 9
28735871 16
28735871 4888
28735877 27
28736047 3573
28736243 381
28736261 40
28736333 423
28736359 12
28736381 319
28736399 1
28736507 840
28736563 548
28736573 756
28736581 3
28736627 45
28736629 3836
28736641 3044
28736699 1
28736801 4
28736833 20
28736837 300
28736861 3
28736861 1248
28736909 60
28736909 136
28736947 104
28736977 27
28737083 232
28737091 5
28737109 2855
28737127 573
28737131 9
28737131 156
28737167 292
28737223 8
28737239 1
28737251 1
28737323 1
28737353 2380
28737431 1
28737547 2757
28737559 9
28737677 3
28737677 4
28737689 36
28737719 7752
28737749 4
28737749 87
28737757 255
28737791 556
28737809 39
28737857 267
28737949 312
28737979 12
28738121 399
28738139 9
28738231 53
28738261 3
28738261 168
28738301 19
28738351 20
28738363 1040
28738397 3
28738403 1
28738447 1808
28738537 255
28738537 1152
28738547 4
28738547 12
28738547 73
28738553 3
28738571 1
28738607 885
28738657 27
28738657 6459
28738691 1504
28738769 352
28738783 720
28738817 4
28738889 4
28738889 19
28739003 1
28739021 100
28739021 6771
28739089 20
28739107 20
28739209 231
28739209 251
28739233 8
28739233 68
28739273 1248
28739363 1
28739363 1128
28739363 1801
28739411 64
28739411 88
28739467 12
28739471 1
28739591 1
28739597 4012
28739617 140
28739617 6483
28739681 43
28739681 180
28739699 9
28739797 44
28739807 40
28739929 5420
28739933 3
28739999 1
28740011 1
28740029 16
28740059 729
28740067 2553
28740113 328
28740191 5461
28740203 148
28740277 27
28740281 48
28740311 1
28740311 4
28740311 45
28740427 1212
28740427 3768
28740497 48
28740539 4
28740539 3472
28740539 9912
28740553 5295
28740583 113
28740583 1905
28740637 3
28740721 8984
28740853 15
28740883 12
28740919 9
28741073 243
28741079 60
28741079 3181
28741087 1040
28741109 4
28741109 735
28741217 1735
28741231 5
28741231 81
28741253 720
28741313 147
28741331 6904
28741379 1
28741411 3680
28741417 195
28741511 2704
28741589 360
28741631 1
28741631 1689
28741733 55
28741771 93
28742009 660
28742011 780
28742011 4484
28742083 5
28742093 148
28742093 1392
28742093 5376
28742099 4
28742099 1785
28742227 300
28742243 1
28742327 48
28742347 8
28742401 888
28742503 45
28742557 84
28742653 9408
28742677 4928
28742711 1
28742711 96
28742719 1256
28742723 1
28742761 624
28742851 3581
28742941 3
28742951 1
28742951 33
28743037 8
28743061 3
28743233 355
28743289 140
28743289 2564
28743359 1
28743511 44
28743577 20
28743733 56
28743763 297
28743769 36
28743887 9
28743973 72
28743977 75
28743983 1
28744129 1860
28744343 1
28744361 163
28744393 2231
28744447 2129
28744493 43
28744543 101
28744571 121
28744619 1
28744619 289
28744627 20
28744631 48
28744669 1247
28744673 7803
28744697 472
28744789 104
28744789 152
28744817 7
28744823 1
28744949 3892
28744993 3
28745069 171
28745069 672
28745117 7
28745173 1103
28745179 32
28745179 4004
28745201 39
28745219 1
28745231 1
28745261 16
28745333 211
28745357 3
28745393 15
28745471 1
28745513 2416
28745531 48
28745581 36
28745669 6855
28745753 412
28745771 613
28745831 448
28745923 17
28745987 8257
28746071 1
28746071 3069
28746119 424
28746143 1
28746161 171
28746161 1668
28746349 167
28746379 141
28746397 1124
28746539 4
28746539 165
28746611 1
28746623 5280
28746667 137
28746667 7965
28746701 4
28746763 116
28746769 24
28746769 3684
28746811 596
28746811 3468
28746869 256
28746989 4
28747063 1353
28747139 1
28747139 621
28747139 4261
28747139 7245
28747259 24
28747319 1
28747363 20
28747417 3
28747417 2288
28747427 13
28747471 8
28747471 60
28747567 249
28747717 323
28747717 503
28747981 24
28747993 35
28747997 664
28748017 23
28748017 92
28748039 1
28748063 12
28748063 60
28748189 12
28748231 13
28748243 1
28748249 1744
28748333 55
28748347 3389
28748353 12
28748353 23
28748393 2716
28748417 99
28748509 56
28748543 7273
28748693 2667
28748857 227
28748857 1652
28748903 61
28748939 1
28748939 2865
28748971 5
28748981 4
28749137 3
28749137 228
28749181 3
28749229 195
28749263 1
28749271 216
28749283 341
28749293 3
28749419 36
28749419 216
28749421 2639
28749503 232
28749521 924
28749529 44
28749529 3071
28749547 4340
28749547 6692
28749557 15
28749593 2812
28749607 8
28749649 312
28749719 24
28749811 21
28749841 936
28749883 5
28749883 12
28749961 11
28750019 1
28750031 1
28750087 197
28750109 327
28750301 16
28750321 48
28750411 833
28750487 7948
28750537 80
28750633 23
28750633 272
28750639 224
28750643 13
28750769 904
28750783 17
28750783 2556
28750913 163
28751003 12
28751003 13
28751087 64
28751171 153
28751243 196
28751287 7932
28751417 487
28751483 21
28751491 5
28751543 1
28751581 8
28751603 1
28751651 4
28751659 17
28751687 1449
28751713 3
28751741 4
28751741 16
28752037 72
28752103 1277
28752127 5
28752127 3540
28752181 779
28752211 2309
28752239 1
28752331 2421
28752343 777
28752371 1
28752401 99
28752413 691
28752413 5647
28752431 9
28752463 221
28752473 88
28752551 1
28752587 12
28752587 37
28752587 160
28752671 4
28752683 1
28752707 72
28752721 920
28752739 12
28752749 679
28752769 11
28752793 51
28752827 3237
28752847 12
28752859 29
28752887 1353
28752953 871
28753003 8
28753133 3
28753159 96
28753163 1
28753429 120
28753499 4980
28753531 605
28753561 8
28753601 16
28753661 460
28753663 176
28753691 4
28753691 33
28753717 8
28753717 2472
28753729 912
28753757 2443
28753903 137
28753903 1200
28753937 4
28754111 1
28754129 12
28754233 6303
28754263 453
28754273 100
28754273 1891
28754279 676
28754279 1177
28754281 3
28754281 59
28754339 1
28754339 61
28754359 1269
28754683 92
28754731 53
28754767 77
28754821 504
28754861 1135
28754881 15
28754881 51
28754909 252
28754977 84
28754977 140
28754987 4528
28755029 540
28755061 588
28755121 5471
28755149 16
28755173 9208
28755283 80
28755323 1
28755323 5901
28755323 6028
28755329 715
28755329 4324
28755427 5
28755511 5
28755821 1060
28755851 1
28755851 4
28755851 2689
28755967 84
28755973 8
28755983 1
28755983 25
28756033 8
28756033 20
28756043 1680
28756093 9572
28756099 140
28756103 48
28756153 12
28756153 416
28756153 2451
28756153 7752
28756219 9
28756267 1664
28756267 9497
28756307 337
28756319 9
28756327 8
28756477 15
28756517 4452
28756589 655
28756699 45
28756787 628
28756799 189
28756939 9
28756943 1
28756943 33
28756993 3552
28757021 15
28757033 120
28757077 12
28757117 52
28757129 4
28757159 24
28757171 1
28757171 28
28757171 2124
28757173 3
28757303 21
28757341 1776
28757471 1
28757569 15
28757699 1
28757731 20
28757873 7
28757903 1
28757969 496
28757977 47
28758011 1
28758029 24
28758109 9872
28758113 327
28758137 147
28758143 16
28758143 288
28758187 257
28758199 5
28758199 221
28758307 8
28758307 9
28758329 535
28758377 7060
28758523 7773
28758551 2196
28758559 1944
28758581 319
28758617 328
28758623 1
28758623 280
28758757 3
28758929 4
28758929 2736
28758949 32
28758949 312
28759021 1983
28759091 1
28759091 424
28759091 2784
28759183 293
28759183 1476
28759321 383
28759391 6496
28759403 1
28759429 15
28759429 639
28759463 1
28759589 4
28759667 9
28759771 5
28759771 8
28759789 3011
28759837 35
28759877 7848
28759897 3
28759931 16
28759943 1
28759943 696
28759979 2377
28759993 1776
28760113 848
28760159 1
28760177 3
28760177 7680
28760191 125
28760197 3
28760197 8
28760197 392
28760371 284
28760383 72
28760383 212
28760399 196
28760449 32
28760449 1071
28760519 1
28760551 1629
28760783 157
28760783 616
28760843 1
28760867 129
28760867 349
28760903 832
28760981 103
28760989 2244
28760993 3
28760993 1140
28761071 213
28761101 15
28761113 132
28761113 9712
28761137 4648
28761167 133
28761251 49
28761251 225
28761253 11
28761277 23
28761277 135
28761371 1
28761391 156
28761407 405
28761437 3
28761599 1
28761653 16
28761673 627
28761701 4
28761737 7
28761779 1285
28761947 2580
28761947 3313
28762031 4
28762081 3
28762081 2171
28762099 1269
28762103 5797
28762127 8677
28762169 16
28762207 108
28762231 849
28762277 1039
28762309 11
28762337 163
28762369 1244
28762387 24
28762427 57
28762427 505
28762429 35
28762507 5
28762633 23
28762709 187
28762733 15
28762813 11
28762939 77
28762999 29
28763011 449
28763051 1
28763219 84
28763239 12
28763249 31
28763377 3
28763417 4
28763453 63
28763453 175
28763597 2587
28763641 3
28763641 3819
28763723 1
28763783 1
28763893 23
28763893 32
28763941 56
28763989 7835
28764023 21
28764067 5
28764163 5
28764163 93
28764251 1
28764251 13
28764361 123
28764389 4
28764551 1
28764551 61
28764569 547
28764661 563
28764779 1
28764779 100
28764787 1113
28764793 3443
28764811 620
28764823 21
28764829 11
28764859 17
28764863 40
28764959 1
28764961 831
28765001 3
28765001 31
28765147 24
28765189 2295
28765277 7
28765277 15
28765277 148
28765357 27
28765403 1
28765403 13
28765421 3
28765421 16
28765567 5
28765589 531
28765669 20
28765673 1252
28765679 40
28765771 8
28765823 28
28765871 1
28765879 269
28765903 1188
28765907 1008
28765967 9
28765967 64
28765993 480
28766063 697
28766093 12
28766237 175
28766291 1
28766341 3
28766401 3800
28766443 5
28766443 4812
28766449 396
28766473 15
28766497 5264
28766519 916
28766539 56
28766671 264
28766681 180
28766819 1
28766827 629
28766917 3
28766923 33
28766989 1799
28767059 1
28767059 69
28767071 2041
28767071 4168
28767143 76
28767251 160
28767307 9
28767317 27
28767367 4908
28767461 3
28767631 1928
28767677 3904
28767701 280
28767719 4
28767743 1
28767769 11
28767787 413
28767787 9869
28767821 3156
28767839 4
28767941 16
28767941 3543
28767967 32
28767967 353
28767967 6900
28767983 1
28768123 8
28768123 308
28768169 4
28768253 72
28768273 11
28768367 24
28768529 7
28768529 64
28768541 3
28768673 228
28768801 71
28768843 45
28768889 7
28768951 168
28768951 281
28768951 3680
28768991 4585
28769053 11
28769179 12
28769207 469
28769291 369
28769357 1084
28769467 9
28769473 591
28769473 600
28769557 180
28769579 1
28769641 56
28769693 316
28769737 1295
28769761 15
28769771 4
28769791 533
28769801 3
28769801 231
28769821 9903
28769861 88
28769861 3919
28769893 35
28769911 528
28769921 3
28770029 280
28770037 3
28770037 27
28770037 1263
28770113 72
28770169 3696
28770191 24
28770211 5
28770211 21
28770221 4
28770227 40
28770283 33
28770289 104
28770331 773
28770337 620
28770377 1035
28770383 2272
28770433 8
28770437 19
28770473 3
28770473 2632
28770517 3
28770551 1
28770733 231
28770737 375
28770751 3020
28770757 12
28770757 1028
28771013 103
28771051 8
28771121 163
28771439 1
28771489 35
28771489 164
28771559 1
28771559 1396
28771573 1872
28771727 865
28771759 6185
28771777 6384
28771793 7183
28771801 23
28771801 563
28771801 6239
28771819 209
28771889 16
28771901 3244
28771949 3400
28771957 87
28771961 79
28771961 156
28771987 5
28771991 6409
28772141 5680
28772167 8
28772167 204
28772179 9
28772179 104
28772179 861
28772197 24
28772339 1
28772453 12
28772453 67
28772489 4
28772489 504
28772503 561
28772521 15
28772539 20
28772699 1
28772699 1444
28772771 516
28772873 5791
28772879 1
28772987 7929
28773079 2961
28773119 1
28773131 1
28773137 4
28773181 11
28773221 36
28773281 4
28773287 2388
28773323 1
28773323 28
28773323 157
28773337 3807
28773551 1
28773553 8
28773637 12
28773637 32
28773649 51
28773697 12
28773743 1
28773799 89
28773803 132
28773817 128
28773937 7364
28774043 1
28774093 32
28774093 3407
28774121 480
28774157 168
28774243 5
28774297 164
28774301 40
28774313 28
28774313 2476
28774363 1113
28774381 336
28774381 7020
28774507 12
28774507 8564
28774573 35
28774619 121
28774643 1
28774709 531
28774861 3
28774861 8264
28774973 1200
28774973 4648
28774997 1039
28774997 3859
28775141 3
28775239 380
28775239 885
28775281 108
28775333 547
28775371 269
28775477 75
28775491 1404
28775573 736
28775573 2532
28775587 6417
28775759 1
28775779 1317
28775819 1
28775933 15
28775933 340
28775953 32
28775977 12
28776001 216
28776023 1356
28776023 1893
28776043 45
28776101 196
28776119 1
28776119 141
28776131 9
28776131 16
28776157 6339
28776193 2411
28776217 12
28776217 4104
28776233 3
28776233 172
28776283 21
28776283 660
28776329 84
28776347 789
28776379 104
28776457 24
28776479 16
28776499 17
28776521 4356
28776533 88
28776551 1
28776557 3
28776557 400
28776607 1260
28776653 16
28776661 3
28776731 25
28776799 1760
28776851 1
28776911 6549
28776967 44
28776967 428
28776997 119
28777051 20
28777129 272
28777139 1
28777139 16
28777201 20
28777241 31
28777291 8
28777291 353
28777297 68
28777337 3040
28777361 1611
28777373 6271
28777391 9
28777459 705
28777499 4
28777519 557
28777537 8
28777561 8
28777691 1
28777739 4905
28777783 57
28777811 21
28777877 3
28777877 4
28778011 21
28778011 24
28778021 3
28778021 76
28778039 97
28778047 1337
28778111 1
28778213 16
28778213 223
28778219 1
28778273 12
28778273 720
28778329 12
28778419 24
28778441 3
28778441 24
28778471 1
28778471 3388
28778579 7617
28778621 3
28778621 231
28778669 19
28778801 295
28778821 44
28778821 251
28778857 39
28778857 660
28778861 1044
28778879 7444
28778941 23
28778969 4440
28779043 5
28779143 1
28779203 1
28779209 304
28779271 168
28779313 12
28779313 1683
28779323 1
28779347 2080
28779349 15
28779431 4
28779473 3
28779473 487
28779529 752
28779607 5
28779679 116
28779731 201
28779847 33
28779859 429
28779869 15
28780039 189
28780067 1029
28780159 141
28780207 288
28780223 13
28780261 3
28780261 36
28780331 1
28780351 41
28780357 3
28780379 1236
28780417 792
28780571 9
28780571 300
28780571 1048
28780607 4
28780607 129
28780667 9768
28780771 8
28780891 7464
28781023 96
28781099 1
28781101 8
28781167 7808
28781209 72
28781243 901
28781273 1747
28781293 620
28781297 27
28781387 84
28781471 1029
28781477 588
28781497 3
28781509 455
28781587 9564
28781611 8
28781647 45
28781651 5913
28781653 327
28781723 1
28781723 2596
28781773 720
28781807 85
28781843 777
28781849 4
28781933 7
28781953 240
28782049 519
28782101 3
28782113 3
28782197 52
28782227 4
28782319 612
28782373 35
28782487 5
28782487 8
28782497 3
28782503 33
28782527 157
28782641 28
28782647 1308
28782671 64
28782757 3
28782757 195
28782773 3
28782791 8484
28782827 24
28782839 2361
28782857 3
28782863 1
28782863 16
28782889 32
28782947 4
28782979 9
28782997 284
28783031 9
28783037 184
28783049 744
28783049 2772
28783061 40
28783067 7308
28783141 15
28783199 37
28783319 1552
28783393 3135
28783409 4999
28783637 19
28783759 4761
28783759 4937
28783871 4
28783933 1952
28783943 4956
28784033 7
28784033 2511
28784047 944
28784051 4
28784081 4
28784081 88
28784101 3
28784101 816
28784117 720
28784117 9660
28784143 12
28784143 56
28784143 513
28784159 1
28784207 9
28784251 128
28784299 24
28784299 41
28784299 1025
28784363 181
28784363 936
28784407 177
28784447 1440
28784447 5409
28784527 44
28784531 3648
28784533 2772
28784579 1
28784683 5
28784773 192
28784773 2495
28784837 19
28784843 180
28784909 5104
28784923 5
28784953 8
28784971 5
28784971 825
28784999 1
28784999 21
28785179 4
28785193 20
28785271 281
28785283 1652
28785283 4125
28785331 2321
28785347 88
28785373 2100
28785457 4484
28785629 7
28785721 3
28785721 359
28785769 24
28785769 32
28785803 1
28785851 4
28785899 1
28785899 2829
28785929 516
28786039 165
28786063 1505
28786213 48
28786213 152
28786217 108
28786343 1
28786403 1
28786441 36
28786447 12
28786447 1928
28786487 3640
28786673 3
28786697 3
28786789 116
28786819 2765
28786853 288
28786883 1
28786943 37
28786991 1
28787123 1
28787123 148
28787131 9
28787177 3
28787183 9460
28787203 1176
28787203 3036
28787243 1
28787257 1848
28787257 2340
28787351 1
28787351 153
28787351 384
28787377 3572
28787419 417
28787419 737
28787419 5856
28787497 168
28787567 229
28787657 40
28787797 948
28787827 813
28787893 167
28787893 2975
28787911 5724
28787917 95
28787977 1887
28788037 8
28788037 972
28788079 1769
28788143 1
28788229 812
28788239 1396
28788307 4169
28788377 7
28788407 57
28788443 1
28788547 68
28788577 3
28788577 8
28788577 980
28788587 4
28788653 2628
28788703 1280
28788763 1101
28788869 520
28788913 3
28788983 1
28789001 436
28789129 12
28789129 9584
28789139 21
28789393 3
28789451 1
28789471 81
28789471 1685
28789487 24
28789493 3
28789493 55
28789711 356
28789799 16
28789841 360
28789841 651
28789877 3
28789931 28
28789973 87
28790051 96
28790081 1288
28790093 7
28790093 16
28790137 287
28790147 3688
28790191 80
28790191 4161
28790297 7
28790371 341
28790423 1
28790441 16
28790557 404
28790561 3
28790561 403
28790759 1
28790777 7
28790789 16
28790789 3792
28790849 907
28790851 8
28790903 1
28790987 48
28790987 72
28791211 65
28791223 2313
28791241 3
28791299 1
28791359 6852
28791361 3
28791361 311
28791407 169
28791431 505
28791449 1891
28791463 77
28791463 2192
28791473 15
28791481 24
28791601 36
28791677 12
28791691 2945
28791743 16
28791793 3
28791869 2424
28791869 2959
28791923 1
28791949 87
28791979 140
28792007 40
28792079 1
28792117 999
28792189 20
28792189 36
28792189 476
28792229 7
28792229 667
28792229 4587
28792349 76
28792501 3
28792763 1
28792859 5280
28792931 1
28792957 275
28793077 860
28793077 4487
28793077 6527
28793117 2932
28793131 644
28793267 48
28793293 15
28793339 3004
28793371 24
28793423 25
28793459 9
28793459 84
28793467 20
28793561 51
28793581 728
28793879 1
28793899 5
28793929 44
28794043 8
28794097 24
28794131 1581
28794239 64
28794299 1
28794347 100
28794347 993
28794383 1
28794383 45
28794397 24
28794499 17
28794581 75
28794659 12
28794659 1041
28794659 5724
28794707 25
28794817 3
28794893 7555
28794911 49
28795097 3
28795097 28
28795097 9279
28795133 343
28795141 771
28795163 1
28795189 539
28795211 1888
28795267 8
28795307 1653
28795457 208
28795561 936
28795577 1503
28795661 5839
28795667 2484
28795673 171
28795673 4707
28795673 8236
28795709 327
28795709 3216
28795757 112
28795759 5
28795769 531
28795873 11
28795873 2511
28795891 29
28795919 12
28795961 136
28796149 11
28796149 371
28796263 36
28796263 273
28796279 1
28796281 95
28796347 33
28796359 105
28796401 815
28796567 28
28796683 68
28796701 4511
28796749 576
28796753 6483
28796777 27
28796839 21
28796863 3377
28796891 4
28796891 9
28796893 12
28796909 4
28796917 23
28796917 720
28796953 32
28796959 296
28797011 1
28797053 196
28797071 1
28797239 1
28797343 365
28797367 348
28797409 35
28797409 92
28797427 12
28797479 1
28797547 48
28797611 1189
28797619 24
28797619 77
28797683 1
28797683 33
28797689 15
28797721 71
28797731 121
28797883 8
28797883 60
28797911 9
28797911 21
28797947 4
28798061 88
28798067 84
28798069 5679
28798151 660
28798151 1449
28798213 5952
28798219 7256
28798307 4833
28798331 4
28798331 2424
28798463 13
28798579 5
28798603 12
28798613 183
28798613 2383
28798673 447
28798741 924
28798873 32
28798997 12
28799027 28
28799051 685
28799237 4
28799237 652
28799273 3
28799311 9
28799333 3
28799447 40
28799539 5
28799539 3101
28799539 4577
28799681 4
28799731 65
28799737 8
28799761 611
28799807 33
28799807 204
28799857 239
28799867 468
28799941 3
28799941 15
28799951 1
28800019 12
28800019 257
28800043 5
28800131 136
28800263 6288
28800281 3
28800281 16
28800313 3
28800463 993
28800647 4
28800659 12
28800659 45
28800671 1
28800697 23
28800719 1444
28800719 5061
28800769 476
28800817 3
28800923 1
28801033 9923
28801051 113
28801117 3
28801231 176
28801319 1
28801319 37
28801457 4248
28801471 209
28801523 1
28801649 7699
28801679 777
28801837 3467
28801907 4
28801907 3837
28801951 468
28801963 5
28801963 321
28801973 108
28802087 45
28802093 87
28802159 1
28802173 212
28802237 4
28802321 4
28802401 4343
28802413 12
28802453 7
28802453 27
28802467 5385
28802491 645
28802567 312
28802617 3
28802677 167
28802699 84
28802707 464
28802723 1
28802801 1744
28802833 3
28802849 1575
28802849 2199
28802927 9
28802927 48
28803001 3
28803001 59
28803037 227
28803043 168
28803097 32
28803167 205
28803193 1388
28803217 363
28803419 1
28803581 2683
28803589 9000
28803611 1
28803667 53
28803667 948
28803701 4
28803701 115
28803779 261
28803833 3
28803877 8
28803883 12
28803911 109
28803913 8
28803913 495
28803917 3
28803959 4
28803959 777
28803959 6876
28803979 36
28803979 125
28804033 3
28804151 1
28804151 4
28804151 25
28804157 15
28804297 4428
28804333 348
28804381 11
28804423 53
28804429 4307
28804481 3
28804571 1
28804597 3
28804603 77
28804603 5061
28804603 8220
28804637 148
28804651 5
28804651 21
28804679 37
28804691 48
28804709 7
28804751 3961
28804753 3
28804753 32
28804799 1
28804813 8
28804879 5
28804903 12
28804961 4
28804967 3328
28805003 13
28805041 3095
28805071 585
28805071 1649
28805281 3164
28805303 108
28805303 7657
28805303 7836
28805317 3
28805317 275
28805333 52
28805383 21
28805401 44
28805401 1128
28805423 640
28805423 7693
28805431 56
28805437 3024
28805471 16
28805489 7
28805519 1
28805561 84
28805611 725
28805611 3233
28805639 16
28805809 35
28805891 1
28805893 11
28806059 129
28806059 169
28806079 5516
28806163 1716
28806179 1524
28806263 772
28806269 6532
28806361 23
28806383 1
28806443 565
28806539 6909
28806697 5460
28806707 13
28806733 5192
28806737 7
28806761 1215
28806839 3000
28806839 6444
28806871 1304
28806929 7
28806989 1884
28807013 40
28807039 2097
28807081 4011
28807139 61
28807151 1
28807217 75
28807241 3024
28807319 1
28807319 9
28807319 489
28807319 4696
28807403 1
28807447 9
28807481 4
28807487 85
28807601 4
28807621 3968
28807631 1
28807631 253
28807637 967
28807679 1
28807679 4
28807699 9
28807703 1
28807729 360
28807763 1
28807783 5
28807939 5
28807981 2064
28807993 591
28808137 8
28808159 1
28808177 7
28808357 795
28808371 225
28808383 3132
28808411 1173
28808419 45
28808473 987
28808537 4140
28808539 57
28808543 16
28808623 12
28808651 1
28808657 3388
28808671 48
28808671 564
28808699 2349
28808867 4
28808867 1120
28808867 1629
28808957 3
28808957 2235
28809023 1
28809059 1884
28809091 5
28809181 4463
28809191 1
28809229 107
28809239 1
28809241 9095
28809311 1
28809359 1
28809359 885
28809461 9208
28809467 9
28809479 1
28809559 24
28809559 132
28809653 7
28809667 1260
28809667 2085
28809779 1
28809779 97
28809841 3843
28809959 24
28809967 2685
28810049 55
28810081 555
28810139 132
28810207 20
28810321 11
28810333 8136
28810337 135
28810343 1
28810487 1129
28810519 237
28810637 28
28810643 61
28810693 2348
28810867 2088
28810879 101
28810879 269
28810889 4
28810889 100
28810907 1449
28810907 3097
28810909 116
28811071 36
28811099 49
28811113 11
28811173 23
28811269 12
28811281 23
28811291 4
28811603 1920
28811603 3493
28811609 124
28811711 24
28811759 1
28811779 21
28811831 16
28811899 465
28811917 12
28811929 4139
28811933 3
28811953 3
28811983 21
28812041 3
28812071 2016
28812083 225
28812097 3335
28812137 3
28812149 4
28812181 35
28812247 240
28812323 1
28812431 1
28812437 4147
28812559 69
28812559 180
28812587 600
28812599 1
28812697 3
28812787 128
28812799 44
28813133 16
28813223 133
28813261 183
28813307 6525
28813361 4
28813439 1
28813489 992
28813523 297
28813579 44
28813621 8
28813781 24
28813801 20
28813919 49
28813931 1
28813957 3
28814003 13
28814059 5
28814059 816
28814063 21
28814077 47
28814129 847
28814287 648
28814293 3
28814309 52
28814311 1220
28814437 272
28814491 29
28814567 7329
28814689 60
28814693 3
28814693 7
28814767 524
28814831 129
28814879 1201
28814959 20
28815029 36
28815043 57
28815107 9
28815197 1527
28815443 37
28815463 8
28815469 864
28815469 1271
28815469 8940
28815491 1
28815551 1
28815601 11
28815733 1080
28815779 1
28815863 21
28815893 43
28815931 33
28815949 432
28815971 1
28816043 1
28816043 217
28816043 297
28816057 107
28816127 57
28816127 304
28816159 21
28816163 97
28816181 1080
28816211 61
28816349 172
28816397 43
28816421 3
28816591 6768
28816693 168
28816793 3
28816849 75
28816877 435
28816897 275
28816897 519
28816943 1
28816993 200
28817003 1
28817069 1807
28817179 5
28817209 47
28817209 1059
28817323 60
28817333 523
28817381 111
28817381 1396
28817401 56
28817417 24
28817417 180
28817441 36
28817441 199
28817497 224
28817501 1135
28817557 15
28817557 20
28817573 628
28817641 20
28817641 35
28817753 2820
28817797 3768
28817807 33
28817837 3
28817837 940
28817843 1
28817917 80
28817939 7909
28817959 29
28817981 3
28817993 12
28817993 112
28818037 143
28818037 3164
28818071 1
28818113 3
28818197 3
28818211 9
28818323 3637
28818371 1
28818457 3
28818521 2448
28818589 1539
28818607 5
28818677 43
28818709 32
28818709 396
28818733 483
28818749 120
28818817 104
28818851 25
28818851 1324
28818863 1405
28818883 41
28818947 109
28818983 1
28818983 381
28819003 1013
28819027 69
28819061 468
28819111 21
28819157 1168
28819157 2664
28819223 13
28819423 1437
28819493 3
28819493 12
28819519 77
28819577 7
28819669 240
28819697 327
28819697 7059
28819829 16
28819837 768
28819909 1160
28819991 1
28819991 781
28820039 24
28820167 312
28820369 4
28820369 15
28820381 5491
28820401 8
28820411 1069
28820413 12
28820431 5
28820471 4
28820471 76
28820503 8
28820527 32
28820531 1
28820531 3636
28820761 24
28820767 9
28820783 1
28820783 7161
28820839 360
28820843 36
28820873 7
28820881 8
28820927 184
28821071 265
28821077 355
28821131 4
28821211 29
28821311 16
28821329 4
28821329 27
28821371 445
28821571 524
28821607 12
28821701 3
28821701 408
28821721 3
28821757 1532
28821797 28
28821827 33
28821931 24
28821941 688
28821959 4
28822039 41
28822133 5523
28822153 3
28822207 6360
28822279 12
28822291 153
28822459 732
28822481 1276
28822499 1
28822559 4501
28822583 100
28822637 3
28822637 4
28822637 12
28822669 224
28822693 9080
28822711 53
28822757 28
28822789 111
28822853 171
28822879 5
28822879 204
28822883 333
28822907 105
28822949 3460
28822951 60
28822991 9640
28823009 60
28823021 2175
28823051 1
28823051 1608
28823099 12
28823147 37
28823153 531
28823251 2885
28823257 540
28823269 36
28823371 44
28823441 60
28823489 1291
28823527 33
28823569 1539
28823611 5
28823621 196
28823671 45
28823819 2217
28823881 2048
28823953 47
28824031 8
28824091 53
28824109 36
28824139 396
28824143 1
28824143 13
28824329 160
28824407 289
28824611 21
28824611 28
28824661 96
28824769 11
28824769 7827
28824781 63
28824791 1
28824797 888
28824799 56
28824827 660
28824857 84
28824857 172
28824871 4169
28824953 87
28825031 3276
28825039 32
28825039 536
28825171 24
28825469 15
28825469 1015
28825487 112
28825547 357
28825673 7
28825673 43
28825859 456
28825871 1248
28825871 3649
28825921 2316
28825963 92
28826137 4539
28826141 951
28826143 5
28826183 1
28826201 124
28826263 5
28826351 1
28826393 43
28826393 60
28826417 768
28826443 8
28826443 1425
28826563 581
28826579 585
28826599 9
28826653 8040
28826671 8
28826671 744
28826717 3
28826719 5
28826719 120
28826741 55
28826761 344
28826779 41
28826803 8
28826879 1
28826879 252
28826893 375
28826911 5016
28827041 36
28827067 72
28827137 27
28827137 408
28827251 4
28827251 60
28827347 265
28827347 825
28827371 33
28827397 3
28827419 4
28827437 7
28827499 5
28827571 1281
28827581 136
28827611 40
28827637 35
28827637 107
28827641 3
28827709 15
28827839 4
28827859 9
28827871 81
28827907 5
28827983 1
28828021 2520
28828087 429
28828097 4
28828199 1
28828199 9
28828199 2629
28828231 381
28828259 1
28828313 16
28828313 1035
28828333 3
28828333 15
28828411 104
28828411 728
28828517 1563
28828519 5
28828571 1
28828571 2376
28828721 28
28828799 36
28828819 84
28828847 4324
28828861 251
28828901 1084
28828997 295
28829011 84
28829011 369
28829077 512
28829089 3779
28829113 8
28829113 267
28829197 24
28829197 188
28829231 1
28829237 3
28829249 40
28829429 4495
28829447 97
28829459 1
28829531 501
28829531 1425
28829539 84
28829627 457
28829627 1497
28829627 3492
28829629 212
28829639 121
28829653 4992
28829687 109
28829747 37
28829767 29
28829777 4
28829837 4
28829837 660
28829873 63
28829887 9
28829953 12
28829953 992
28830071 1
28830071 129
28830071 9040
28830077 79
28830083 1
28830083 1165
28830209 259
28830211 5
28830367 17
28830383 16
28830427 192
28830509 12
28830539 4
28830643 125
28830671 1
28830709 56
28830719 757
28830731 1
28830761 3423
28830821 3
28830821 4
28830821 1656
28830911 1
28830943 293
28830953 67
28831079 1
28831247 1489
28831289 175
28831483 8
28831483 213
28831501 3
28831501 20
28831631 8481
28831681 276
28831783 936
28831819 605
28831853 4935
28831931 1
28831969 9656
28831997 4
28831997 1659
28832047 45
28832071 8
28832071 20
28832149 27
28832161 944
28832161 2319
28832189 7
28832611 21
28832627 4224
28832659 24
28832711 1
28832801 36
28832801 40
28832927 12
28832941 1943
28832957 120
28833239 6840
28833253 5451
28833367 9
28833401 3
28833527 9648
28833577 44
28833599 21
28833631 36
28833797 1752
28833911 25
28834073 9667
28834109 16
28834181 3
28834231 5
28834243 4232
28834277 1564
28834291 749
28834349 7
28834409 7
28834459 1565
28834483 1661
28834493 3
28834493 528
28834621 1095
28834717 2999
28834753 2547
28834859 16
28834879 32
28834879 5921
28834891 9
28834937 3727
28834943 2752
28834943 8257
28835101 75
28835117 63
28835117 1039
28835221 260
28835269 11
28835347 428
28835489 691
28835501 3
28835503 2492
28835561 36
28835627 2337
28835761 1703
28835879 1
28835923 1193
28836077 5164
28836151 8
28836163 5
28836253 603
28836253 2580
28836307 1029
28836383 2001
28836443 5637
28836461 3
28836461 4395
28836517 3
28836631 5160
28836671 325
28836751 5
28836751 8
28836793 3
28836881 556
28836883 20
28836887 49
28836893 48
28836901 11
28836901 171
28836911 1
28837007 4
28837093 3
28837093 915
28837103 1
28837163 1281
28837189 672
28837229 231
28837241 1428
28837243 48
28837279 2349
28837313 736
28837351 8
28837351 161
28837373 1620
28837379 49
28837453 5160
28837547 4
28837751 1
28837751 361
28837771 9
28837951 9
28837951 464
28837951 2604
28837981 8
28838011 33
28838023 152
28838039 201
28838077 27
28838167 1049
28838189 1596
28838263 197
28838291 1
28838291 996
28838291 1869
28838321 355
28838323 45
28838347 5
28838497 3
28838501 255
28838569 12
28838611 93
28838629 4787
28838653 3
28838671 4424
28838687 4
28838753 15
28838989 3852
28839119 36
28839119 240
28839143 60
28839149 55
28839233 60
28839383 57
28839491 1
28839491 21
28839589 15
28839589 171
28839673 11
28839673 1955
28839683 1
28839683 25
28839737 643
28839773 15
28839779 7572
28839793 3
28839883 356
28839911 1
28839931 5
28839947 1629
28840001 3084
28840033 3
28840117 27
28840117 87
28840241 4
28840241 208
28840289 39
28840319 1
28840387 3060
28840397 3
28840417 12
28840477 635
28840477 7004
28840523 1
28840523 117
28840543 1397
28840631 33
28840661 3
28840661 6295
28840667 4
28840667 13
28840681 3
28840769 4959
28840901 3531
28840937 100
28840979 1
28841119 36
28841143 437
28841233 51
28841273 15
28841273 195
28841303 12
28841387 72
28841387 1033
28841387 3064
28841513 15
28841539 425
28841567 72
28841581 80
28841581 1716
28841723 1
28841731 20
28841767 32
28841783 6265
28841821 75
28841909 2644
28841929 84
28841971 2588
28842001 2255
28842103 7377
28842119 1737
28842287 6333
28842427 1517
28842439 117
28842461 3
28842479 1
28842479 9
28842491 1
28842491 129
28842677 12
28842757 107
28842797 2427
28842841 5855
28842887 340
28842929 39
28843019 4
28843063 12
28843189 171
28843201 80
28843307 172
28843319 7804
28843427 12
28843517 672
28843519 32
28843601 3
28843601 595
28843637 312
28843723 273
28843783 5793
28843877 52
28843931 4
28843949 7
28844051 4
28844059 17
28844059 3632
28844083 753
28844119 356
28844141 3460
28844159 145
28844159 429
28844219 5785
28844251 8
28844297 315
28844327 13
28844329 300
28844339 1
28844339 4497
28844377 284
28844411 1
28844449 467
28844513 2092
28844549 1339
28844551 7116
28844579 4
28844659 264
28844789 15
28844791 5121
28844819 52
28844843 48
28844861 3
28844917 1143
28844917 6452
28844927 1228
28845007 552
28845031 5249
28845071 24
28845101 360
28845121 84
28845127 8997
28845251 4
28845269 64
28845301 24
28845317 4
28845391 89
28845391 2540
28845491 9
28845503 40
28845559 12
28845589 3567
28845601 104
28845601 1695
28845643 176
28845653 7
28845653 528
28845679 116
28845679 3212
28845683 12
28845793 32
28845851 6600
28845881 4
28845899 1240
28845917 244
28846033 12
28846061 28
28846141 135
28846277 7
28846303 2873
28846403 1
28846423 1181
28846453 8
28846537 959
28846639 17
28846639 104
28846639 3680
28846663 1100
28846667 1480
28846687 32
28846723 65
28846723 912
28846757 7
28846757 6100
28846837 3
28846837 383
28846877 28
28846897 924
28847029 131
28847053 3
28847099 1
28847219 16
28847311 224
28847389 191
28847417 40
28847471 1
28847527 989
28847783 1
28847839 104
28847867 325
28847891 1
28847899 69
28847971 1364
28848041 88
28848119 217
28848151 153
28848173 3
28848179 9
28848299 1
28848307 5
28848307 185
28848307 209
28848389 16
28848401 55
28848467 12
28848467 33
28848481 275
28848557 3064
28848563 7657
28848577 80
28848607 452
28848661 183
28848661 9759
28848761 2535
28848947 12
28848971 93
28848971 5889
28848977 28
28849031 1
28849063 32
28849091 13
28849147 12
28849241 15
28849339 7536
28849369 299
28849441 3
28849441 39
28849511 1
28849511 21
28849511 984
28849729 191
28849729 192
28849817 3
28849829 204
28849883 1
28849883 12
28849897 7664
28849903 68
28849957 1187
28849987 12
28850021 16
28850021 564
28850051 1
28850077 12
28850117 15
28850131 416
28850203 93
28850231 36
28850251 4209
28850321 3
28850321 4
28850363 25
28850383 81
28850399 4
28850597 3
28850687 1728
28850771 1
28850909 60
28850959 141
28851029 855
28851061 8
28851079 1712
28851169 24
28851187 20
28851191 3036
28851197 3
28851197 15
28851217 3
28851293 3868
28851307 1173
28851349 132
28851391 989
28851461 3663
28851503 1
28851503 25
28851503 700
28851521 15
28851539 4
28851593 15
28851611 649
28851653 31
28851653 88
28851661 35
28851677 19
28851701 3
28851701 1495
28851707 4380
28851791 73
28851803 1000
28851871 6389
28851919 5
28851997 4727
28852099 20
28852169 16
28852169 72
28852259 7881
28852309 7427
28852333 3
28852339 141
28852391 496
28852427 1324
28852457 60
28852541 4
28852567 368
28852639 5
28852721 4
28852727 340
28852753 3
28852763 6720
28852801 9303
28852841 100
28852913 708
28852979 1
28852979 3177
28852981 6659
28853087 148
28853087 3169
28853107 692
28853179 297
28853263 48
28853317 284
28853327 12
28853327 49
28853353 3
28853371 113
28853401 216
28853417 7
28853417 52
28853423 9660
28853479 24
28853543 57
28853611 105
28853801 4
28853833 2960
28853857 15
28853893 12
28853897 6532
28853939 1
28853953 11
28854013 5211
28854227 4
28854227 357
28854233 52
28854367 4400
28854383 1
28854473 31
28854503 6316
28854733 56
28854923 12
28854961 263
28855037 7575
28855067 1657
28855111 48
28855223 1
28855223 33
28855223 256
28855283 1
28855297 143
28855441 20
28855441 59
28855441 188
28855457 919
28855481 24
28855487 12
28855487 289
28855649 15
28855811 4516
28855837 3
28855843 8
28855861 35
28855877 7
28855901 16
28855933 83
28855943 81
28855943 313
28855991 24
28855993 108
28856027 28
28856159 1209
28856161 3
28856197 3
28856197 20
28856209 56
28856291 1
28856291 9
28856417 2184
28856461 8
28856461 96
28856489 51
28856501 100
28856501 700
28856557 63
28856587 29
28856593 3
28856683 53
28856719 1496
28856719 4461
28856759 1
28856759 121
28856767 3489
28856777 2584
28856783 196
28856809 84
28856819 1
28856897 2743
28856917 3
28856981 3
28856983 12
28857083 220
28857083 1533
28857091 168
28857133 32
28857139 24
28857239 861
28857359 1
28857383 465
28857421 2619
28857443 1
28857443 3400
28857529 2175
28857589 384
28857623 1
28857643 168
28857733 792
28857883 8
28857923 52
28857937 7779
28858003 12
28858043 316
28858069 8435
28858087 9
28858111 1808
28858133 5047
28858229 36
28858237 3
28858499 1
28858603 236
28858751 1
28858751 5724
28858867 65
28858889 7
28858903 476
28858961 36
28858993 123
28858993 588
28859003 276
28859029 11
28859059 84
28859143 116
28859177 4
28859231 160
28859287 132
28859333 7
28859417 2047
28859447 4
28859459 1
28859497 108
28859533 3
28859581 59
28859617 3
28859617 392
28859629 12
28859717 3
28859723 1008
28859813 3
28859881 11
28859881 788
28859881 1959
28859899 116
28859939 772
28859951 4
28859953 611
28860001 1023
28860109 351
28860131 1
28860131 5589
28860157 312
28860157 4343
28860233 3
28860233 487
28860253 23
28860253 72
28860289 11
28860323 1
28860389 4
28860443 12
28860443 2817
28860523 8
28860541 1388
28860599 1
28860647 325
28860683 61
28860683 528
28860731 1
28860817 143
28860959 4
28860977 1023
28860983 1
28861051 8568
28861141 15
28861201 8
28861211 48
28861211 181
28861219 29
28861267 137
28861319 1612
28861331 193
28861439 61
28861559 1
28861579 5
28861667 108
28861697 4
28861697 15
28861709 15
28861793 3
28861793 27
28861853 40
28861867 3993
28861933 3
28861957 9384
28861993 35
28862087 1680
28862161 255
28862191 5
28862261 123
28862261 180
28862303 1
28862329 152
28862429 124
28862489 19
28862507 132
28862507 468
28862513 1195
28862563 8
28862579 1
28862663 996
28862759 1
28862783 1
28862809 1976
28862927 400
28862993 447
28863011 1084
28863013 3
28863097 3
28863119 1
28863287 3148
28863383 21
28863403 21
28863437 987
28863469 47
28863491 1
28863517 3
28863517 8664
28863521 291
28863529 752
28863661 11
28863661 6768
28863733 12
28863899 1
28863899 12
28863953 3
28863953 16
28864049 4
28864153 51
28864237 1707
28864307 12
28864361 4
28864421 1288
28864499 1
28864499 684
28864523 1
28864523 492
28864603 21
28864603 185
28864723 6588
28864729 84
28864733 3
28864753 20
28864753 47
28864753 2447
28864757 559
28864777 180
28864817 39
28864841 283
28864853 7
28864903 140
28864939 24
28864973 196
28864991 109
28865027 25
28865027 1449
28865051 1
28865131 48
28865227 5
28865453 7
28865479 5
28865519 1
28865563 5913
28865591 1
28865591 6789
28865623 276
28865623 312
28865623 6893
28865773 1835
28865803 4148
28865821 300
28865987 28
28866011 1
28866083 1
28866193 3
28866193 63
28866197 48
28866241 3
28866241 95
28866241 644
28866371 1
28866371 4
28866371 444
28866499 29
28866533 3
28866533 3168
28866599 1
28866637 3
28866637 224
28866727 5
28866737 4
28866743 40
28866907 392
28866923 252
28866941 3688
28866961 35
28866991 9
28867031 1
28867039 17
28867039 641
28867081 8
28867217 363
28867253 1035
28867261 11
28867271 8989
28867283 33
28867361 168
28867379 1
28867477 144
28867493 67
28867523 1
28867591 560
28867613 580
28867711 3248
28867831 8
28867841 4
28867877 4
28867901 1164
28867903 12
28867939 72
28867999 5
28868071 8
28868083 1085
28868153 7
28868219 156
28868321 28
28868321 183
28868383 5
28868423 76
28868423 853
28868459 9
28868459 712
28868557 659
28868563 17
28868579 21
28868597 3
28868597 5035
28868687 13
28868761 60
28868831 1
28868831 24
28869011 28
28869013 3
28869023 1
28869059 1581
28869073 3
28869101 144
28869109 84
28869223 8
28869263 13
28869397 15
28869433 1020
28869461 4
28869497 3
28869497 304
28869551 1
28869559 17
28869613 3036
28869719 37
28869857 27
28869917 12
28869977 8944
28869979 5
28869979 36
28869983 1
28870033 20
28870117 3
28870133 111
28870183 41
28870217 4
28870339 12
28870363 212
28870409 267
28870427 4
28870463 141
28870477 503
28870493 43
28870577 663
28870627 80
28870627 8289
28870649 51
28870763 4732
28870859 4
28870967 9
28870991 36
28871041 56
28871057 3
28871069 244
28871131 260
28871179 41
28871197 3
28871197 872
28871299 24
28871329 95
28871329 1059
28871347 273
28871347 285
28871357 1272
28871429 4816
28871471 1
28871497 8
28871497 63
28871519 1
28871519 957
28871537 7
28871537 115
28871597 1720
28871597 8275
28871603 1
28871657 87
28871681 16
28871737 2463
28871753 43
28871753 151
28871779 152
28871809 8040
28871851 41
28871861 4
28871863 17
28871911 773
28871939 1
28871939 1929
28871977 6600
28871993 976
28872071 781
28872097 3
28872097 167
28872113 15
28872167 13
28872187 5
28872203 1336
28872359 5557
28872379 221
28872379 1416
28872397 23
28872397 5199
28872413 111
28872461 268
28872551 16
28872593 7
28872637 3
28872643 8
28872713 2383
28872787 48
28872787 525
28872967 5
28872967 1848
28872983 1
28873001 739
28873057 128
28873147 393
28873193 3
28873249 1947
28873319 1
28873321 11
28873321 4484
28873381 188
28873381 1091
28873423 48
28873529 27
28873541 31
28873571 1
28873571 28
28873601 51
28873721 1455
28873753 300
28873811 13
28873907 12
28873907 292
28873907 1944
28873979 84
28874009 12
28874063 1
28874149 1431
28874189 84
28874231 1
28874233 147
28874317 4988
28874437 120
28874477 7
28874491 609
28874501 36
28874539 12
28874567 4
28874603 1
28874611 44
28874743 57
28874761 1151
28874809 15
28874819 4
28874897 3
28874897 967
28874921 64
28874941 5216
28875019 29
28875031 5
28875031 21
28875083 1
28875289 459
28875313 8
28875313 32
28875347 600
28875361 416
28875467 4
28875467 865
28875547 8
28875547 12
28875547 165
28875647 9
28875647 360
28875647 709
28875659 1
28875659 9
28875701 1416
28875709 171
28875733 531
28875779 4
28875827 49
28875853 20
28875853 71
28875857 19
28875887 52
28875887 372
28875941 3
28876009 107
28876061 16
28876121 43
28876121 148
28876121 499
28876121 6460
28876151 5445
28876261 155
28876301 91
28876357 44
28876417 4332
28876427 2152
28876427 4480
28876517 3
28876543 1161
28876651 20
28876651 584
28876667 6864
28876739 2281
28876849 4079
28876877 27
28877021 4
28877021 43
28877059 72
28877077 15
28877179 1904
28877231 84
28877309 364
28877347 8
28877363 1
28877447 613
28877531 4
28877531 1296
28877573 7
28877593 12
28877689 84
28877731 1661
28877809 564
28877971 41
28877971 144
28878127 12
28878151 344
28878209 1512
28878281 3
28878281 4
28878323 813
28878341 148
28878361 6180
28878467 9
28878571 9
28878601 84
28878643 5
28878667 12
28878683 1
28878761 4
28878761 43
28878761 2076
28878797 1960
28878881 39
28878919 545
28879001 19
28879001 540
28879013 247
28879049 31
28879139 4
28879181 4
28879267 80
28879327 8
28879339 5
28879339 2037
28879369 1331
28879423 3333
28879439 25
28879511 4
28879511 61
28879511 3553
28879517 2227
28879561 59
28879589 807
28879687 8
28879687 12
28879691 4
28879691 1549
28879777 3
28879831 5
28880009 4252
28880029 11
28880029 95
28880077 92
28880107 32
28880119 129
28880147 4
28880153 7
28880153 1243
28880213 112
28880227 2904
28880261 4
28880329 764
28880329 4880
28880381 3408
28880443 53
28880443 8360
28880573 232
28880611 176
28880629 6839
28880639 1
28880699 37
28880737 347
28880759 1
28880783 1
28880843 1
28880911 2804
28880923 321
28880941 2280
28880959 36
28880963 1
28880989 60
28881001 251
28881059 1
28881101 31
28881143 277
28881161 4
28881277 3
28881277 35
28881277 167
28881289 12
28881299 5532
28881323 141
28881383 1
28881421 195
28881431 1
28881737 3
28881791 1
28881841 60
28881841 6875
28882039 5
28882069 192
28882069 399
28882129 24
28882151 1
28882151 204
28882229 2667
28882339 17
28882481 3
28882499 1
28882499 8217
28882537 3
28882543 2453
28882591 1829
28882621 728
28882657 83
28882663 245
28882673 216
28882739 141
28882759 32
28882759 6561
28882771 116
28882783 465
28882877 3
28882937 12
28882943 1
28882991 1164
28883077 2292
28883093 7
28883117 4
28883131 5
28883201 63
28883213 151
28883233 3075
28883237 484
28883279 12
28883321 1680
28883321 3924
28883339 1
28883341 1563
28883383 185
28883411 4068
28883441 75
28883479 21
28883479 3180
28883531 48
28883597 7
28883689 104
28883693 1867
28883693 4971
28883741 559
28883759 45
28883773 1232
28883839 3920
28883849 40
28883891 1
28883903 1
28883903 1125
28883957 3
28883963 97
28884073 5091
28884133 15
28884263 1
28884307 9
28884307 173
28884341 3
28884419 4725
28884469 876
28884497 3
28884587 7969
28884601 9384
28884641 4
28884719 181
28884799 204
28884857 4
28884871 33
28884871 1013
28884881 4
28884917 7
28884923 277
28884953 276
28884953 556
28884979 81
28884983 1
28885013 3
28885061 5455
28885061 8395
28885127 144
28885133 72
28885183 9752
28885249 20
28885403 1
28885433 312
28885531 164
28885603 108
28885627 168
28885651 8
28885679 4
28885679 5880
28885693 8
28885741 579
28885783 5
28885783 6072
28885807 57
28885849 587
28885919 6172
28885933 2435
28885939 521
28885993 12
28886003 1
28886003 16
28886063 21
28886063 72
28886063 4792
28886069 15
28886069 3360
28886147 877
28886171 129
28886177 15
28886189 411
28886339 1
28886353 8
28886353 131
28886357 7
28886357 19
28886393 12
28886437 8052
28886449 224
28886527 5765
28886567 9
28886687 9
28886807 8200
28886831 1
28886831 13
28886833 276
28886833 308
28886881 168
28886887 12
28886917 539
28886953 92
28886969 195
28886971 1484
28887137 12
28887151 96
28887181 135
28887253 3
28887253 731
28887283 572
28887401 3
28887449 31
28887479 4
28887479 1861
28887511 8
28887553 51
28887583 32
28887583 60
28887583 813
28887613 35
28887697 15
28887823 8
28887829 12
28887869 1816
28887871 180
28887889 120
28887907 105
28887917 63
28888141 3
28888159 989
28888193 195
28888333 3
28888361 1179
28888367 64
28888367 1428
28888427 4
28888427 9
28888451 4884
28888481 324
28888501 6980
28888511 1
28888511 1156
28888619 4
28888649 120
28888841 216
28888841 5364
28888883 48
28888939 104
28888997 40
28888997 2419
28889027 268
28889059 9
28889129 4
28889153 472
28889207 172
28889209 80
28889339 84
28889351 1
28889353 2336
28889363 36
28889389 8795
28889389 9644
28889407 8
28889407 29
28889411 2889
28889473 620
28889503 5
28889569 875
28889599 936
28889639 1
28889639 52
28889743 5
28889803 6116
28889869 2315
28889879 1
28889879 4
28889951 9
28889963 1
28890031 80
28890053 772
28890053 7480
28890067 185
28890137 199
28890137 448
28890181 116
28890187 1473
28890311 196
28890311 268
28890359 4
28890373 180
28890413 3
28890413 15
28890437 7
28890457 380
28890479 136
28890493 20
28890503 25
28890551 1
28890727 20
28890727 29
28890781 5759
28890817 8
28890817 1883
28890859 9
28890919 5
28890919 8657
28890997 3227
28891139 4020
28891199 1
28891207 9
28891231 3956
28891273 3
28891367 13
28891403 301
28891409 4
28891409 280
28891481 2068
28891573 992
28891573 6072
28891579 24
28891607 9
28891631 1
28891631 321
28891669 776
28891679 1
28891693 3
28891717 2799
28891739 3240
28891847 157
28891871 141
28891897 68
28891903 7172
28891939 5
28891999 72
28892009 147
28892009 2676
28892011 5
28892069 12
28892137 4440
28892291 1
28892321 279
28892399 1
28892399 2640
28892429 960
28892533 27
28892533 36
28892543 100
28892543 376
28892587 165
28892719 24
28892719 2729
28892723 1
28892737 24
28892923 5
28892999 1
28892999 4
28893107 4
28893133 47
28893169 3644
28893173 48
28893283 201
28893413 3
28893419 16
28893461 255
28893467 1332
28893503 13
28893517 3
28893587 120
28893607 12
28893671 924
28893677 2328
28893691 5
28893703 21
28893719 1
28893743 21
28893751 8
28893769 872
28893779 7144
28893881 643
28893937 44
28893937 6075
28893973 107
28894051 6104
28894133 3
28894241 3
28894351 5
28894351 6893
28894391 3609
28894549 6752
28894561 3
28894561 39
28894639 320
28894661 6195
28894721 136
28894721 139
28894769 2007
28894823 397
28894871 85
28894909 884
28894967 48
28894967 412
28894967 3492
28895071 3368
28895099 1
28895129 4
28895129 507
28895159 1
28895159 817
28895179 20
28895197 15
28895197 32
28895297 4
28895299 65
28895327 148
28895401 923
28895407 9
28895507 7117
28895519 1
28895519 16
28895543 1
28895609 4
28895617 8
28895623 137
28895701 35
28895701 423
28895717 3019
28895743 185
28895773 1943
28895819 1
28895887 3012
28895963 1
28896029 195
28896071 4
28896173 31
28896191 4
28896221 4
28896233 3300
28896271 8
28896299 1
28896323 13
28896337 8
28896377 19
28896727 92
28896797 108
28896811 4716
28896827 4
28896919 1332
28896943 33
28896971 1
28897003 6485
28897027 5
28897051 2036
28897067 13
28897069 140
28897091 1
28897091 33
28897109 4
28897133 147
28897139 4
28897139 45
28897139 6157
28897217 1735
28897307 4
28897343 45
28897391 1
28897391 265
28897411 176
28897439 1
28897441 740
28897709 15
28897751 1
28897769 12
28897769 84
28897793 100
28897873 2300
28897873 2711
28897919 4
28897991 45
28898059 5
28898063 36
28898063 112
28898099 912
28898161 2556
28898167 9
28898173 72
28898273 3
28898341 3948
28898393 16
28898459 1
28898477 3
28898477 79
28898489 19
28898489 144
28898497 1772
28898503 8
28898539 1200
28898629 44
28898629 4739
28898647 48
28898693 112
28898711 136
28898777 4
28898783 1
28898801 555
28898899 32
28898951 949
28898957 7
28899001 260
28899001 428
28899007 92
28899011 1
28899089 4
28899107 12
28899149 7035
28899179 1
28899197 5412
28899263 1
28899263 2977
28899317 19
28899317 24
28899373 3
28899391 245
28899419 16
28899419 25
28899419 1284
28899419 3784
28899467 24
28899467 237
28899467 793
28899503 37
28899509 6619
28899529 5259
28899587 4
28899587 724
28899613 12
28899613 251
28899623 7665
28899709 180
28899721 3
28899833 3
28899901 20
28899901 83
28900129 1715
28900139 1
28900363 396
28900381 35
28900393 15
28900393 3320
28900439 1
28900477 1635
28900483 17
28900721 5779
28900889 7
28900889 324
28900943 13
28900951 204
28901017 203
28901027 684
28901057 4
28901057 228
28901069 27
28901077 8
28901101 1263
28901149 6167
28901153 7
28901221 8991
28901231 1
28901293 543
28901387 24
28901399 52
28901399 85
28901419 5
28901507 4
28901531 1
28901573 12
28901591 1
28901911 861
28901993 16
28901993 252
28902077 72
28902121 23
28902121 431
28902157 95
28902157 8159
28902277 455
28902347 52
28902373 3
28902403 1608
28902413 183
28902451 9
28902529 20
28902563 1
28902607 309
28902607 357
28902619 645
28902683 2028
28902739 2952
28902749 16
28902793 12
28902793 6540
28902829 404
28902851 1
28902899 1
28902953 31
28902961 63
28902961 216
28902989 4
28903103 1
28903141 540
28903153 8
28903153 56
28903163 16
28903223 1
28903307 168
28903307 420
28903409 4
28903453 3
28903453 3027
28903471 44
28903499 21
28903513 7260
28903531 5
28903531 8
28903613 7
28903619 1104
28903631 1
28903631 16
28903673 12
28903711 140
28903741 708
28903751 225
28903753 8
28903817 388
28903829 75
28903909 860
28903949 12
28903949 619
28903991 1
28904023 257
28904069 4939
28904081 48
28904089 392
28904093 880
28904129 79
28904147 2337
28904173 11
28904243 241
28904251 200
28904341 240
28904413 288
28904419 497
28904521 2099
28904563 17
28904587 164
28904593 3
28904647 240
28904737 1520
28904831 1
28904923 8
28904923 41
28904963 7053
28905053 67
28905059 1
28905059 4
28905133 140
28905143 2505
28905179 1
28905187 5
28905187 12
28905211 8
28905271 21
28905323 1396
28905343 8
28905343 341
28905353 256
28905379 425
28905379 8300
28905391 3213
28905413 7
28905421 3
28905577 23
28905599 1
28905623 153
28905637 1307
28905659 16
28905677 4080
28905691 965
28905691 9813
28905713 3
28905731 2233
28905959 4
28905977 24
28906013 3
28906027 5
28906093 12
28906117 48
28906217 15
28906259 1
28906261 279
28906309 111
28906373 112
28906463 1
28906481 256
28906481 316
28906483 788
28906529 5367
28906673 316
28906673 4431
28906723 1028
28906729 476
28906819 24
28906877 3
28906901 39
28907071 2388
28907117 720
28907183 85
28907233 447
28907239 5
28907243 7365
28907279 9
28907353 1028
28907381 15
28907383 828
28907507 13
28907507 5097
28907587 1088
28907603 100
28907623 12
28907663 1
28907687 4
28907719 296
28907731 5
28907819 49
28907819 996
28907831 1
28907831 313
28907897 15
28907897 460
28907951 4
28907951 1501
28907951 5008
28908287 4
28908311 45
28908421 3
28908421 68
28908469 11
28908487 12
28908521 63
28908553 1920
28908613 8
28908613 408
28908683 1
28908739 12
28908779 85
28908779 189
28908791 9
28908791 73
28908947 4
28909063 1577
28909103 48
28909151 1
28909151 13
28909151 420
28909379 16
28909399 36
28909399 224
28909409 36
28909513 3588
28909519 2820
28909541 336
28909541 4336
28909703 1
28909703 976
28909721 15
28909739 1
28909789 15
28909817 7
28909819 9
28910041 20
28910051 9
28910093 3
28910107 200
28910201 3
28910317 3
28910359 872
28910363 1
28910363 2028
28910429 4
28910503 17
28910573 516
28910573 3195
28910639 1
28910657 3
28910669 72
28910677 3
28910759 16
28910797 635
28910831 1
28910881 1259
28910887 629
28910899 401
28910953 207
28911019 17
28911059 1
28911059 3517
28911107 48
28911137 28
28911187 12
28911329 2071
28911353 4063
28911539 157
28911731 13
28911761 219
28911767 9
28911793 23
28911797 3
28911821 39
28911823 2552
28911833 15
28911877 39
28911877 99
28911889 12
28911889 420
28911889 7959
28911919 5
28911973 3
28912099 5
28912157 75
28912171 5
28912277 4
28912277 147
28912283 1
28912463 313
28912487 25
28912571 2181
28912607 24
28912621 83
28912669 224
28912729 51
28912781 5431
28912811 184
28912981 8
28913063 201
28913123 1
28913123 33
28913153 3
28913189 7
28913347 12
28913399 52
28913411 828
28913453 3
28913471 1
28913471 61
28913527 9
28913561 6724
28913623 12
28913701 3
28913743 677
28913869 900
28913903 1
28913959 221
28913999 289
28914043 5
28914113 7
28914139 156
28914191 1
28914287 28
28914293 7
28914311 1
28914317 7
28914317 1072
28914317 2832
28914337 3
28914343 5
28914349 3416
28914419 5100
28914443 1
28914449 4
28914481 95
28914517 3
28914659 9
28914673 3
28914673 107
28914707 345
28914709 5540
28914719 1
28914727 2240
28914737 3
28914859 5
28914863 1
28914961 119
28914997 120
28915031 1
28915099 5
28915153 27
28915177 3
28915213 143
28915223 12
28915261 2984
28915319 1
28915319 285
28915379 16
28915399 2676
28915417 3
28915571 1
28915571 268
28915583 1
28915583 273
28915597 12
28915643 16
28915643 1608
28915703 40
28915729 867
28915729 2156
28915993 1112
28915993 5460
28916003 1
28916003 525
28916141 255
28916177 3
28916183 1
28916191 213
28916191 300
28916213 3
28916213 16
28916333 1287
28916399 1
28916399 16
28916527 713
28916539 77
28916669 6576
28916749 32
28916761 296
28916843 1
28916963 1
28916963 825
28917029 60
28917037 3
28917041 64
28917043 21
28917043 77
28917067 369
28917067 488
28917067 3780
28917073 167
28917073 543
28917181 56
28917181 699
28917191 1
28917197 4
28917241 44
28917241 1223
28917299 57
28917347 9
28917347 93
28917403 96
28917419 1
28917419 12
28917419 21
28917419 37
28917443 1681
28917467 3532
28917533 1176
28917547 1112
28917593 12
28917619 5
28917653 72
28917653 1387
28917703 17
28917841 8483
28917851 1
28917853 23
28917883 2340
28917919 41
28917929 12
28917929 451
28918031 4
28918031 301
28918031 2068
28918063 12
28918093 36
28918181 220
28918333 12
28918333 492
28918363 8
28918397 4
28918457 4
28918493 55
28918529 139
28918529 276
28918531 5
28918537 1107
28918573 12
28918609 9179
28918693 3
28918711 96
28918711 1088
28918823 40
28918871 1
28918907 24
28918993 12
28919113 6572
28919129 499
28919129 2959
28919131 128
28919131 6141
28919171 13
28919171 2073
28919183 1
28919183 33
28919221 275
28919269 5504
28919321 4
28919399 5941
28919531 7729
28919549 219
28919591 1
28919591 433
28919603 1
28919831 228
28919851 140
28919861 3
28919861 4
28919897 1248
28919959 617
28920019 2436
28920041 1731
28920149 27
28920167 12
28920251 4
28920257 7
28920317 1452
28920341 4839
28920373 12
28920473 55
28920487 137
28920491 148
28920533 7
28920667 8
28920677 2499
28920779 1
28920779 40
28920779 96
28920911 36
28920919 9
28920919 24
28920953 4968
28920977 852
28920989 7
28920989 15
28921099 252
28921133 3
28921187 4
28921237 44
28921271 4
28921283 1
28921307 9933
28921681 3
28921703 12
28921727 4
28921817 99
28921861 3
28921877 127
28921891 809
28921927 12
28922093 1255
28922099 25
28922099 1045
28922111 9
28922111 1320
28922149 4655
28922167 8
28922189 4
28922233 51
28922269 164
28922269 420
28922291 1
28922371 2160
28922407 6300
28922459 9
28922501 160
28922581 8
28922581 11
28922609 36
28922623 6117
28922687 9
28922713 207
28922741 4
28922749 20
28922759 36
28922767 1605
28922941 1404
28923023 60
28923071 13
28923077 12
28923143 1
28923161 4
28923241 8
28923241 15
28923299 1
28923331 240
28923331 1584
28923383 945
28923421 23
28923497 6000
28923571 281
28923607 20
28923679 1457
28923781 48
28923793 47
28923803 1
28923803 916
28923893 180
28923931 5
28923931 8
28923931 425
28923931 473
28923959 9
28923971 5409
28923997 2243
28923997 2720
28924003 648
28924039 1461
28924243 1953
28924261 1383
28924277 12
28924277 2304
28924283 5913
28924297 3
28924321 6683
28924447 108
28924541 3
28924541 16
28924601 3
28924663 5
28924711 533
28924751 1485
28924793 751
28924793 5163
28924801 3
28924811 28
28924921 3200
28924933 3
28924969 1416
28924979 16
28924997 3
28925059 1089
28925063 693
28925063 2365
28925101 15
28925159 1
28925167 372
28925179 80
28925287 5
28925317 60
28925341 71
28925419 5
28925437 24
28925473 1223
28925473 9860
28925537 3
28925579 705
28925783 81
28925833 47
28925909 40
28925909 1636
28925921 4
28926011 1
28926187 32
28926199 1040
28926223 21
28926239 12
28926389 424
28926431 16
28926437 7
28926451 8
28926463 93
28926481 24
28926481 56
28926509 31
28926539 1
28926539 129
28926539 1600
28926619 1617
28926629 52
28926743 13
28926791 21
28926883 72
28926899 1
28926899 121
28926971 24
28927037 3
28927057 3
28927079 229
28927079 9396
28927187 45
28927267 2772
28927271 1
28927277 7
28927277 99
28927439 1
28927553 991
28927621 119
28927697 15
28927697 6327
28927729 7031
28927753 548
28927817 132
28927879 329
28927883 1
28927901 4824
28927973 7
28927973 63
28928059 3449
28928069 196
28928147 4
28928323 413
28928323 9216
28928327 4
28928327 9
28928351 64
28928371 33
28928479 92
28928591 180
28928593 3515
28928617 63
28928617 68
28928617 344
28928677 12
28928717 183
28928729 19
28928743 1116
28928833 2516
28928891 1333
28928897 60
28928953 8
28929023 1825
28929119 1
28929119 885
28929137 520
28929143 820
28929161 3
28929209 807
28929317 2083
28929323 52
28929347 12
28929347 313
28929353 48
28929491 445
28929499 44
28929517 47
28929517 2100
28929547 72
28929623 1
28929673 332
28929689 147
28929751 5576
28929757 63
28929829 15
28929833 7
28929839 4597
28929853 200
28929889 4731
28929983 13
28930091 1
28930091 1033
28930127 69
28930249 12
28930259 1
28930463 1
28930501 339
28930567 9
28930631 1
28930663 465
28930663 8616
28930687 3168
28930697 5872
28930793 3
28930799 4
28930799 121
28930823 1
28930841 3
28930841 664
28930921 59
28930921 96
28930969 239
28931017 59
28931099 37
28931099 64
28931239 41
28931239 77
28931291 5440
28931323 5
28931323 128
28931369 27
28931369 39
28931381 4
28931407 5
28931411 1
28931477 84
28931557 3
28931663 1
28931663 4680
28931759 144
28931759 1032
28931767 113
28931789 1072
28931921 1363
28931957 4
28931963 3337
28931971 5
28932023 1
28932049 1332
28932097 15
28932121 8
28932121 9284
28932131 105
28932131 133
28932133 8
28932149 40
28932149 511
28932247 69
28932263 381
28932451 701
28932499 5
28932509 7
28932697 3
28932697 1047
28932731 1
28932737 19
28932913 5247
28932961 9179
28932977 24
28932983 1
28933019 16
28933019 21
28933129 6684
28933183 5
28933183 12
28933301 3
28933301 2208
28933327 4812
28933343 165
28933351 41
28933357 12
28933357 224
28933433 15
28933433 4440
28933433 5667
28933483 2660
28933547 673
28933559 1281
28933603 3533
28933669 272
28933753 11
28933783 4001
28933787 12
28933841 31
28934053 275
28934063 1
28934071 413
28934107 33
28934123 1
28934149 587
28934179 104
28934179 161
28934231 1
28934261 316
28934261 583
28934287 5577
28934329 119
28934329 5811
28934383 8
28934387 517
28934491 8
28934573 3
28934611 293
28934611 980
28934617 612
28934651 2628
28934951 84
28934951 2464
28934977 2063
28934977 3123
28934981 1023
28935017 432
28935019 341
28935091 9
28935091 104
28935169 255
28935209 232
28935253 3
28935331 4325
28935383 1
28935383 1593
28935433 3
28935433 3888
28935437 3
28935451 36
28935551 1
28935559 8217
28935631 8
28935661 563
28935761 4
28935761 355
28935773 136
28935859 8765
28935877 15
28935913 36
28935937 15
28935941 19
28935943 8
28936007 429
28936013 156
28936073 12
28936097 48
28936097 468
28936123 20
28936123 4361
28936129 39
28936129 644
28936129 927
28936133 1560
28936157 3
28936157 1039
28936213 1712
28936213 5907
28936301 4
28936301 459
28936333 75
28936381 39
28936421 3
28936441 6024
28936763 1
28936777 39
28936813 56
28937039 1
28937047 9
28937143 3456
28937177 7
28937177 52
28937177 1020
28937201 24
28937221 3
28937287 8
28937327 453
28937333 796
28937347 33
28937393 67
28937449 44
28937543 201
28937567 13
28937669 816
28937693 4696
28937801 16
28937809 707
28937861 19
28937861 36
28937939 1
28937939 9
28937971 9
28938101 4
28938139 212
28938157 128
28938179 1
28938179 1849
28938383 265
28938443 1
28938529 12
28938659 1
28938659 121
28938799 4400
28938809 127
28939019 4
28939019 21
28939091 261
28939111 24
28939121 144
28939133 787
28939199 1
28939331 1
28939331 208
28939403 12
28939403 21
28939499 12
28939577 228
28939583 477
28939591 1796
28939619 549
28939637 15
28939741 8
28939741 2339
28939783 285
28939789 191
28939789 1571
28939837 3
28939877 1035
28939997 7
28940011 36
28940011 185
28940029 87
28940063 1
28940063 313
28940071 260
28940071 2700
28940101 23
28940117 19
28940189 27
28940243 21
28940243 4548
28940251 8
28940251 516
28940299 8904
28940393 2623
28940399 1
28940423 1
28940423 361
28940459 1
28940531 1
28940531 60
28940603 1
28940603 12
28940729 12
28940921 16
28940921 51
28940963 1
28941007 2433
28941103 332
28941181 20
28941239 1
28941301 2480
28941317 12
28941359 1
28941359 2092
28941379 5
28941431 1
28941439 20
28941439 801
28941469 15
28941553 171
28941589 20
28941749 3484
28941833 12
28941833 115
28941929 4
28941929 72
28941947 9
28941947 13
28942033 12
28942033 9996
28942063 65
28942169 136
28942217 168
28942241 1195
28942253 9535
28942259 24
28942283 21
28942373 7
28942373 615
28942379 16
28942379 21
28942451 1
28942457 4747
28942513 8
28942513 3872
28942601 64
28942631 1
28942777 23
28942799 1
28942867 512
28942961 96
28943053 3
28943069 19
28943069 4320
28943237 352
28943273 5476
28943297 87
28943371 1500
28943513 115
28943543 1
28943557 3
28943561 4
28943611 2121
28943641 8228
28943753 292
28943861 24
28943899 1172
28943903 1
28943903 172
28943983 5
28944029 16
28944263 1
28944263 813
28944283 3456
28944473 3
28944481 35
28944577 3
28944631 21
28944631 9593
28944689 67
28944689 3511
28944701 31
28944701 63
28944779 145
28944779 6096
28944779 7152
28944901 2435
28944911 1
28945003 41
28945031 4536
28945043 1
28945061 4
28945121 3
28945153 111
28945181 36
28945199 21
28945253 12
28945327 120
28945331 9
28945387 24
28945387 128
28945439 1
28945439 4
28945457 27
28945487 4
28945513 2235
28945597 3
28945621 3
28945621 183
28945727 712
28945739 121
28945757 127
28945789 4535
28945871 304
28946011 2205
28946051 1
28946233 791
28946237 75
28946249 496
28946261 331
28946303 3357
28946327 184
28946383 2900
28946429 7
28946509 351
28946551 45
28946551 2133
28946579 21
28946587 5
28946609 279
28946759 4
28946809 80
28946941 3
28946999 84
28947091 1244
28947103 293
28947251 24
28947371 13
28947403 3156
28947449 376
28947553 383
28947559 269
28947559 1229
28947631 5
28947871 5
28947871 564
28947973 147
28948021 35
28948067 132
28948103 1
28948103 3285
28948133 16
28948163 1
28948181 3528
28948211 5221
28948217 12
28948243 36
28948307 4
28948391 5841
28948411 6780
28948499 21
28948561 8
28948631 4
28948669 1980
28948687 5
28948793 1435
28948849 660
28948853 8467
28948859 4
28948861 956
28948879 60
28948937 732
28948937 3280
28948979 69
28948979 352
28949087 708
28949093 15
28949101 6020
28949189 5280
28949213 36
28949287 5
28949299 41
28949299 2441
28949309 276
28949467 29
28949467 324
28949513 76
28949527 489
28949573 7
28949573 100
28949581 11
28949671 276
28949677 224
28949677 2520
28949693 3
28949729 1524
28949887 5
28949953 4203
28950007 8
28950029 8775
28950109 155
28950191 1
28950191 9
28950199 36
28950199 101
28950209 4
28950217 20
28950221 3
28950227 777
28950227 8188
28950277 3548
28950343 216
28950347 9424
28950359 1
28950461 4
28950461 211
28950511 8
28950553 8
28950569 51
28950569 856
28950641 3816
28950709 12
28950709 36
28950839 96
28950979 57
28950991 401
28951033 1008
28951049 456
28951081 24
28951127 552
28951199 1
28951211 1873
28951243 65
28951339 197
28951361 15
28951463 6000
28951591 33
28951591 44
28951591 173
28951591 308
28951603 408
28951607 393
28951669 531
28951691 40
28951709 7
28951729 711
28951753 168
28951757 79
28951849 191
28951931 1
28952243 405
28952267 1084
28952327 33
28952467 5472
28952503 8
28952531 1
28952533 5123
28952557 44
28952597 3
28952711 2808
28952771 1
28952773 6495
28952783 1
28952831 13
28952873 52
28952879 1
28952897 19
28952939 109
28953013 20
28953013 300
28953037 60
28953059 6204
28953083 8925
28953149 7
28953191 1
28953341 519
28953373 1428
28953409 795
28953427 12
28953437 3
28953497 3
28953521 4
28953521 1903
28953559 2049
28953643 4113
28953671 25
28953679 5
28953707 105
28953733 3
28953733 1391
28953761 24
28953809 52
28953811 5
28953857 88
28953889 192
28953923 1
28953923 493
28953989 1531
28954001 4000
28954067 4
28954067 529
28954069 515
28954139 16
28954253 216
28954283 1
28954319 1
28954319 24
28954357 12
28954381 8
28954529 16
28954529 1200
28954529 2095
28954547 1485
28954559 1
28954559 400
28954561 8
28954591 576
28954643 1
28954661 2379
28954741 3195
28954811 4
28954811 144
28954817 483
28954819 1569
28954823 1
28954889 67
28954903 2985
28954969 84
28955099 1
28955099 180
28955261 1231
28955309 684
28955327 213
28955327 372
28955347 8
28955357 4
28955357 28
28955359 5
28955417 195
28955477 3
28955491 225
28955501 63
28955603 1
28955627 177
28955819 37
28955819 8752
28955831 1
28955903 1
28955903 12
28955921 135
28955957 4
28956013 60
28956017 840
28956131 1
28956131 3261
28956251 36
28956271 21
28956299 1
28956331 516
28956409 5087
28956443 588
28956443 1917
28956451 5
28956527 6733
28956553 5555
28956617 303
28956679 2540
28956727 569
28956743 880
28956911 16
28957031 6576
28957039 21
28957063 233
28957073 12
28957079 64
28957079 285
28957139 1
28957139 37
28957177 15
28957241 3
28957261 3
28957339 5
28957339 24
28957343 1
28957373 3
28957403 1
28957433 672
28957471 8
28957541 4
28957679 1
28957699 132
28957711 588
28957727 4
28957727 1068
28957739 69
28957739 72
28957763 1
28957823 1
28957867 57
28957867 464
28957909 32
28957909 279
28958023 1493
28958057 99
28958057 2964
28958099 3072
28958113 8
28958129 2091
28958231 33
28958239 4160
28958317 212
28958339 144
28958351 60
28958353 3071
28958491 2673
28958509 119
28958519 1
28958659 44
28958659 2232
28958663 2277
28958711 4
28958777 1320
28958873 9148
28958947 17
28958953 15
28959101 24
28959149 720
28959269 7
28959299 4
28959349 24
28959349 135
28959361 323
28959431 1
28959431 1764
28959481 3
28959499 17
28959503 1528
28959649 12
28959731 408
28959731 2589
28959839 1
28959881 84
28959913 80
28959919 177
28959947 1704
28959947 3504
28960021 4664
28960153 48
28960297 15
28960331 1
28960343 97
28960361 139
28960363 5457
28960423 393
28960517 43
28960597 47
28960619 1
28960643 1
28960643 316
28960649 19
28960721 195
28960781 103
28960781 4344
28960793 28
28960793 63
28960873 11
28960903 12
28960969 1971
28960991 9
28960991 133
28961017 8
28961029 231
28961029 1472
28961033 2467
28961039 1
28961039 337
28961147 169
28961213 456
28961281 8
28961291 13
28961329 24
28961357 3
28961419 5
28961419 32
28961617 219
28961711 961
28961717 7
28961731 33
28961783 45
28961809 2775
28961887 804
28961929 719
28961957 3
28961963 1
28962161 4
28962337 899
28962371 4
28962383 1
28962487 3248
28962547 5
28962547 137
28962553 3
28962581 3
28962581 115
28962697 3740
28962719 81
28962719 120
28962799 5016
28962887 4
28962929 64
28962943 561
28962949 359
28962991 44
28963007 9
28963079 12
28963079 592
28963093 3
28963171 29
28963171 605
28963177 24
28963213 96
28963271 1453
28963303 33
28963303 2393
28963321 111
28963367 9
28963367 9568
28963469 39
28963573 8
28963679 100
28963679 4884
28963681 3
28963681 8
28963757 4
28963787 412
28963793 3060
28963799 1860
28963861 144
28963873 1215
28964027 9
28964027 3232
28964083 228
28964093 87
28964161 23
28964233 3
28964233 275
28964329 171
28964333 247
28964371 416
28964423 1
28964539 44
28964563 5045
28964629 11
28964629 32
28964701 24
28964701 119
28964851 2301
28964891 1
28964893 6435
28964899 3800
28964941 3
28965061 8
28965071 45
28965133 9743
28965281 2571
28965323 1
28965389 31
28965457 3
28965463 1028
28965491 301
28965491 3249
28965623 2253
28965661 2160
28965683 348
28965691 164
28965707 13
28965707 133
28965733 87
28965733 1883
28965733 3408
28965791 1
28965791 4
28965791 33
28965829 15
28965887 72
28965887 85
28965887 4249
28965913 8
28965917 604
28965949 3792
28966009 1632
28966097 7
28966111 5
28966123 2616
28966169 12
28966187 4
28966193 7
28966303 7077
28966363 257
28966373 3
28966373 291
28966517 135
28966517 232
28966543 221
28966547 49
28966571 1
28966687 144
28966757 4
28966801 3
28966831 5
28966843 1685
28966891 161
28966979 1
28967011 2940
28967101 5040
28967111 1
28967129 7
28967231 1
28967261 223
28967353 135
28967357 7
28967363 1341
28967377 1512
28967429 211
28967429 484
28967501 3
28967501 51
28967501 135
28967551 9
28967567 780
28967579 1
28967591 84
28967611 4901
28967737 723
28967759 1084
28967891 1
28967891 148
28967893 191
28967963 40
28967999 2340
28968001 71
28968019 65
28968067 428
28968083 1
28968211 393
28968311 1
28968347 72
28968377 4
28968413 55
28968439 5
28968613 11
28968691 20
28968703 5777
28968739 161
28968757 168
28968871 8
28968881 9459
28968943 12
28969009 876
28969033 92
28969033 1367
28969051 2984
28969051 4908
28969141 263
28969183 180
28969183 7172
28969223 21
28969337 7
28969337 28
28969363 537
28969453 23
28969453 2927
28969511 1
28969541 936
28969553 3655
28969771 453
28969777 59
28969783 12
28969799 4
28969817 148
28969901 888
28969909 536
28969957 3
28970021 976
28970093 7495
28970173 12
28970203 41
28970243 940
28970287 1353
28970339 1
28970429 4792
28970531 1
28970551 5
28970587 168
28970653 3
28970663 1
28970677 960
28970717 243
28970749 11
28970881 15
28970881 248
28970891 1
28970939 352
28971049 71
28971101 1155
28971127 33
28971149 4
28971167 204
28971193 12
28971209 16
28971263 1
28971307 4200
28971311 13
28971311 8688
28971533 868
28971541 3
28971541 3888
28971611 4
28971623 2776
28971781 3
28971781 8
28971793 12
28971793 32
28971847 168
28971847 7169
28971853 315
28971991 8
28972003 8
28972037 40
28972037 100
28972043 1
28972103 1
28972123 5
28972159 5
28972253 3
28972423 21
28972453 3
28972453 47
28972487 84
28972523 1
28972547 60
28972553 2752
28972577 123
28972667 160
28972673 135
28972703 421
28972733 31
28972763 1
28972781 43
28972873 236
28973129 40
28973159 4
28973239 741
28973359 84
28973377 12
28973377 3339
28973411 361
28973519 1
28973579 1
28973579 96
28973579 280
28973611 9
28973611 65
28973699 1
28973741 124
28973753 183
28973771 9
28973837 420
28973983 5
28974079 5
28974109 287
28974139 5
28974151 276
28974151 5024
28974203 1501
28974349 60
28974349 1071
28974377 3
28974479 1
28974481 23
28974481 5580
28974499 21
28974499 501
28974587 40
28974763 405
28974769 32
28974833 103
28974877 1280
28975109 7
28975139 1
28975139 25
28975201 3444
28975237 7035
28975307 7233
28975333 32
28975367 69
28975439 1020
28975439 2364
28975517 1960
28975603 5
28975603 152
28975619 1
28975631 1
28975733 7
28975813 152
28975823 36
28975823 840
28975841 535
28976011 56
28976119 17
28976137 167
28976287 3017
28976303 1
28976327 553
28976371 245
28976377 3
28976377 444
28976399 9
28976461 6108
28976473 7160
28976491 5
28976567 52
28976603 21
28976617 3
28976617 2804
28976639 1
28976639 1329
28976663 2800
28976879 4
28976911 200
28976911 1464
28976921 7539
28976933 2563
28976953 15
28977041 15
28977059 1
28977089 2260
28977127 5
28977127 6885
28977149 2092
28977233 3
28977259 4644
28977269 12
28977329 2679
28977449 4
28977479 805
28977491 1
28977547 24
28977577 3
28977733 6903
28977797 352
28977859 141
28977859 341
28977881 16
28977941 2491
28977943 236
28978073 720
28978099 965
28978151 36
28978177 3
28978199 1
28978223 1
28978223 88
28978277 352
28978283 1
28978457 64
28978493 31
28978493 60
28978493 6636
28978501 59
28978501 483
28978619 997
28978679 1
28978723 357
28978739 16
28978799 4
28978867 5
28978889 1476
28978979 1
28978979 36
28978991 1
28979107 8532
28979129 292
28979179 5
28979219 6565
28979233 20
28979257 707
28979261 3
28979261 39
28979383 1436
28979507 4
28979539 9
28979539 201
28979567 97
28979591 1
28979591 1653
28979591 5044
28979651 1
28979827 452
28979861 4099
28979983 8
28980047 4
28980089 19
28980109 999
28980349 15
28980383 1
28980451 20
28980451 4101
28980517 152
28980517 959
28980577 4463
28980577 7280
28980701 219
28980739 344
28980761 1959
28980769 4464
28980799 3869
28981031 973
28981031 3520
28981067 132
28981067 8433
28981153 8
28981201 63
28981291 5
28981321 3323
28981333 80
28981339 20
28981343 1
28981427 2640
28981489 875
28981499 1
28981573 3
28981573 95
28981597 1979
28981661 7923
28981697 3
28981709 4
28981717 3
28981741 8
28981907 2988
28981969 296
28982081 3
28982101 11
28982113 15
28982141 31
28982143 3557
28982159 1552
28982249 975
28982311 8
28982321 3403
28982351 1
28982363 253
28982417 3
28982453 52
28982479 20
28982539 9009
28982623 132
28982711 144
28982741 6064
28982753 6528
28982753 6936
28982791 21
28982801 9811
28982819 789
28982843 76
28982843 2821
28982857 47
28982873 3
28982897 280
28983041 4
28983089 567
28983107 52
28983131 9
28983139 21
28983139 1644
28983203 1
28983313 692
28983359 21
28983371 9
28983401 184
28983413 7
28983413 295
28983431 1
28983467 9
28983509 9195
28983571 36
28983641 2568
28983653 12
28983719 1
28983727 5
28983727 44
28983743 1
28983743 40
28983817 3
28983959 1
28983991 8
28983991 345
28984093 447
28984157 55
28984183 33
28984183 1736
28984391 1
28984433 3
28984433 340
28984463 25
28984469 8356
28984591 5
28984619 1
28984649 172
28984649 604
28984661 3
28984661 48
28984673 60
28984673 556
28984733 187
28984777 12
28984841 859
28984873 8
28984883 1
28984961 3
28984997 1507
28985039 1
28985039 37
28985039 1609
28985059 5
28985063 1
28985137 44
28985219 1
28985269 300
28985303 1
28985503 405
28985617 3
28985657 4
28985771 781
28985783 1
28985861 220
28985921 36
28985923 41
28985927 60
28985947 312
28985987 4
28986053 3
28986053 843
28986073 1688
28986103 12
28986103 881
28986107 9
28986317 159
28986403 20
28986427 5
28986469 11
28986481 80
28986497 7
28986527 4
28986527 52
28986563 28
28986563 492
28986593 16
28986809 8331
28986821 388
28986943 20
28987073 3
28987111 8
28987111 125
28987183 68
28987183 1245
28987253 40
28987313 3
28987373 1428
28987417 3
28987421 19
28987423 4881
28987457 79
28987513 6695
28987531 108
28987537 32
28987603 432
28987681 3
28987681 543
28987793 76
28987823 1
28987853 87
28987961 339
28987997 19
28987997 87
28987997 135
28988117 4639
28988171 1
28988207 105
28988221 11
28988221 59
28988231 961
28988249 592
28988249 5896
28988251 24
28988291 1560
28988459 16
28988461 1391
28988489 432
28988489 759
28988563 20
28988593 3
28988633 7
28988731 125
28988767 60
28988807 120
28988807 169
28988821 200
28988849 4
28988857 8
28988899 36
28988903 292
28988929 15
28988959 12
28989011 4
28989011 141
28989143 6685
28989157 228
28989157 1995
28989217 68
28989221 108
28989379 21
28989461 3
28989461 19
28989481 35
28989533 1231
28989547 489
28989577 75
28989629 16
28989707 312
28989889 39
28989931 276
28989949 2460
28989997 23
28990009 56
28990021 96
28990061 1879
28990061 2296
28990141 636
28990147 9
28990201 11
28990229 31
28990261 8
28990261 15
28990421 264
28990477 3279
28990571 4
28990639 849
28990639 1749
28990651 5
28990733 3
28990733 9108
28990783 5
28990823 313
28990861 8
28990861 903
28990877 3
28990877 475
28990961 1564
28990991 1
28991021 19
28991071 8
28991071 1053
28991089 4571
28991173 1008
28991219 1
28991251 84
28991267 9
28991327 249
28991381 880
28991407 788
28991419 77
28991441 3
28991441 24
28991507 9
28991507 937
28991519 180
28991593 8
28991617 39
28991737 2495
28991861 4
28991861 2076
28992107 337
28992143 1
28992143 733
28992239 4
28992241 8
28992247 84
28992253 276
28992311 1
28992323 52
28992377 820
28992479 1
28992487 12
28992487 8108
28992577 504
28992611 1
28992619 1649
28992631 261
28992631 4205
28992767 3304
28992767 3948
28992767 4312
28992791 1
28992881 208
28992881 240
28992893 3
28992913 9843
28993093 12
28993093 63
28993103 960
28993103 2688
28993141 7359
28993157 12
28993213 11
28993213 408
28993241 3
28993241 4
28993241 744
28993319 1
28993429 7796
28993453 3
28993529 9111
28993571 4
28993577 7
28993577 9720
28993621 3
28993621 80
28993709 2544
28993759 84
28993841 28
28993843 5
28993933 768
28993949 2400
28993967 28
28993967 232
28993967 249
28994081 3
28994221 2996
28994309 4
28994477 64
28994479 89
28994507 13
28994507 60
28994617 27
28994621 4
28994653 48
28994711 1
28994759 21
28994879 1
28994891 1
28994891 21
28994921 3
28994921 19
28994923 20
28994923 48
28995011 4
28995049 1811
28995049 2472
28995049 2780
28995053 3
28995119 1
28995139 5
28995151 9764
28995167 85
28995209 24
28995209 2191
28995209 8704
28995271 3204
28995301 7820
28995401 643
28995419 1
28995559 12
28995587 2040
28995599 301
28995601 9359
28995613 23
28995623 2280
28995647 13
28995877 8
28995899 1
28995917 3243
28995991 7200
28996171 9
28996369 552
28996417 3
28996427 64
28996453 3
28996453 11
28996453 135
28996481 3
28996529 7
28996529 232
28996589 5512
28996621 3
28996621 39
28996727 1053
28996771 9
28996771 1260
28996819 17
28996909 12
28996967 300
28997113 15
28997117 3
28997347 44
28997383 1653
28997491 125
28997561 5136
28997581 2808
28997659 12
28997707 5
28997711 61
28997719 296
28997729 67
28997747 24
28997879 1
28997887 3252
28997911 8
28997911 56
28997911 633
28997921 36
28997939 717
28997957 1695
28997957 8152
28998001 3
28998017 619
28998091 216
28998127 8
28998133 3
28998133 332
28998143 1
28998197 4
28998197 84
28998227 1377
28998349 11
28998373 20
28998533 3
28998611 1
28998709 764
28998803 6297
28998833 5320
28998839 472
28998911 4
28998961 3
28998967 80
28998967 1517
28998971 1
28998979 137
28998989 4
28999037 180
28999057 4407
28999129 60
28999279 2081
28999319 1
28999337 40
28999349 420
28999351 1608
28999403 5145
28999417 3
28999447 12
28999489 3731
28999499 1
28999513 512
28999609 207
28999613 15
28999613 8676
28999667 184
28999727 4
28999847 373
28999891 2000
28999921 356
28999937 5928
28999967 12
