25500001 536
25500043 20
25500053 3
25500053 307
25500061 83
25500061 9515
25500089 139
25500091 8
25500107 9
25500131 2185
25500239 1
25500263 28
25500263 217
25500361 591
25500403 8
25500439 21
25500439 36
25500443 112
25500487 8
25500509 1476
25500509 2352
25500611 33
25500613 392
25500653 76
25500703 1128
25500973 68
25500991 348
25500991 969
25501027 44
25501033 8
25501033 531
25501153 5516
25501199 9
25501247 6532
25501277 40
25501277 508
25501351 1161
25501361 4
25501361 28
25501381 3
25501507 5
25501543 548
25501571 201
25501657 8
25501657 9495
25501681 3
25501739 1
25501799 1
25501807 4077
25501829 1587
25501831 5
25501919 1
25502033 3
25502033 787
25502111 1
25502131 33
25502387 2812
25502417 268
25502467 749
25502507 457
25502563 8
25502749 1119
25502759 165
25502767 200
25502773 20
25502777 3
25502783 1
25502957 79
25503011 1
25503019 17
25503059 4
25503157 15
25503157 7707
25503167 25
25503221 60
25503227 3817
25503239 37
25503241 216
25503311 1
25503311 4
25503329 19
25503329 459
25503347 73
25503347 525
25503347 3705
25503367 8637
25503371 165
25503371 309
25503371 3844
25503671 4
25503683 1
25503683 57
25503733 180
25503869 75
25503901 1388
25503943 5
25503967 5
25504027 657
25504043 561
25504067 4
25504067 289
25504067 3813
25504163 3240
25504201 3048
25504231 93
25504249 72
25504249 284
25504261 1244
25504321 3
25504373 16
25504379 1
25504387 5
25504387 12
25504469 399
25504469 415
25504481 36
25504519 537
25504753 3068
25504763 37
25504781 228
25504873 2076
25504883 501
25504901 36
25504939 4952
25504943 1
25505003 1197
25505017 3
25505017 135
25505023 5
25505057 4827
25505059 44
25505101 3
25505189 72
25505189 975
25505213 2131
25505279 1
25505279 9
25505317 243
25505317 507
25505317 1784
25505323 1373
25505339 49
25505453 63
25505549 15
25505609 19
25505693 3
25505699 6064
25505713 3
25505959 720
25505971 3168
25506079 65
25506191 8073
25506203 1
25506203 88
25506263 1261
25506323 633
25506329 79
25506373 203
25506461 16
25506461 43
25506557 279
25506577 8
25506587 33
25506587 453
25506619 9197
25506661 8
25506737 60
25506737 4599
25506757 1508
25506779 4
25506781 524
25506781 2519
25506937 1364
25506937 2219
25507019 12
25507091 6693
25507109 24
25507201 3
25507271 1
25507271 21
25507277 7
25507421 4
25507571 1
25507571 28
25507717 24
25507831 528
25507919 945
25507931 184
25507997 7
25508047 189
25508047 1025
25508057 4
25508269 2532
25508291 1
25508297 3
25508303 153
25508401 3
25508471 1
25508471 5860
25508477 19
25508491 593
25508669 16
25508711 661
25508731 5
25508767 5
25508767 7268
25509007 257
25509007 269
25509119 1
25509119 2829
25509173 15
25509221 5920
25509227 5172
25509293 3
25509301 4643
25509313 1236
25509349 39
25509349 852
25509349 6732
25509359 517
25509383 9268
25509397 204
25509443 12
25509443 28
25509509 4
25509509 2635
25509577 60
25509581 76
25509619 197
25509619 261
25509619 1052
25509629 31
25509709 35
25509859 161
25509893 31
25509893 5763
25509899 681
25509901 3
25509943 5
25510003 128
25510073 28
25510097 1207
25510099 5
25510099 80
25510171 9
25510189 2679
25510207 149
25510259 49
25510351 129
25510391 4084
25510403 156
25510477 1079
25510561 35
25510643 1221
25510669 59
25510717 12
25510813 20
25510973 27
25511021 4
25511051 6105
25511107 68
25511113 56
25511201 28
25511231 73
25511249 520
25511251 324
25511257 3
25511267 8448
25511399 4
25511429 7
25511429 52
25511429 292
25511477 504
25511527 104
25511581 68
25511593 1392
25511609 1839
25511621 4
25511639 1
25511723 1
25511723 157
25511749 32
25511779 5
25511953 3
25512017 3
25512143 52
25512143 633
25512197 3
25512197 28
25512247 24
25512371 60
25512407 9
25512413 3
25512437 3600
25512521 3
25512521 171
25512559 141
25512653 36
25512671 1
25512671 64
25512679 5
25512719 1
25512853 15
25512853 35
25512859 105
25512881 84
25512913 3
25512979 132
25512979 5244
25513097 28
25513097 60
25513283 1
25513283 1008
25513309 527
25513337 2559
25513349 72
25513381 3
25513381 704
25513381 1491
25513457 40
25513457 124
25513513 3
25513627 72
25513627 1697
25513861 6659
25513871 21
25513927 45
25513937 375
25513963 45
25513981 2091
25514009 6387
25514009 7152
25514039 1
25514051 5964
25514087 3292
25514089 20
25514141 55
25514143 3033
25514149 4587
25514231 448
25514249 4
25514249 67
25514299 2100
25514329 15
25514413 11
25514413 8052
25514441 4
25514443 5
25514557 3
25514579 705
25514707 6488
25514717 52
25514791 9393
25514803 161
25514987 4
25515029 15
25515029 744
25515053 7
25515107 2380
25515121 51
25515167 28
25515173 1168
25515223 8
25515299 640
25515337 35
25515379 341
25515397 5375
25515439 5
25515551 24
25515551 88
25515551 4416
25515761 4663
25515769 204
25515779 1
25515923 1
25516013 3
25516061 3
25516061 4
25516103 1
25516123 45
25516163 36
25516327 12
25516333 1292
25516339 1005
25516363 3965
25516423 41
25516663 465
25516703 76
25516709 1780
25516721 3
25516721 24
25516787 4
25516861 36
25516861 5211
25516871 1
25516877 4
25516879 2945
25516891 5
25517021 4
25517029 2340
25517083 1193
25517137 459
25517137 4064
25517179 17
25517251 44
25517251 624
25517251 2273
25517263 17
25517263 36
25517263 2717
25517291 1
25517333 15
25517377 8
25517423 201
25517623 300
25517683 45
25517717 7
25517717 739
25517719 416
25517777 3
25517911 8
25518041 3
25518041 4
25518151 36
25518179 4
25518203 2572
25518329 7
25518331 33
25518331 6113
25518341 4
25518341 231
25518371 460
25518397 3
25518401 5796
25518413 3
25518461 9544
25518473 600
25518497 3
25518497 24
25518511 33
25518617 24
25518709 72
25518719 69
25518719 81
25518803 1
25518803 60
25518991 5
25518991 573
25519031 16
25519031 1321
25519063 216
25519063 1893
25519141 3
25519141 168
25519157 7
25519283 1
25519283 12
25519387 5
25519387 8
25519387 5600
25519471 101
25519517 340
25519519 5
25519519 36
25519523 5145
25519591 4833
25519651 33
25519657 1872
25519661 196
25519667 192
25519687 45
25519783 8
25519889 4
25519891 309
25519909 27
25519909 3144
25519933 8
25519939 120
25519943 40
25519981 3
25519993 71
25519993 4808
25520017 20
25520063 1
25520123 40
25520137 267
25520167 6837
25520329 291
25520419 57
25520479 5529
25520569 47
25520597 3
25520653 8
25520653 71
25520699 9996
25520827 60
25520909 4
25520909 867
25520993 847
25521049 687
25521071 28
25521109 11
25521113 3
25521193 3
25521253 3035
25521269 19
25521269 8500
25521361 3
25521367 12
25521371 1
25521407 4
25521553 23
25521563 1
25521667 3605
25521737 3
25521817 3300
25521829 1524
25521887 73
25521917 499
25521917 8419
25521983 4188
25522033 20
25522099 89
25522169 147
25522181 5440
25522229 4
25522307 169
25522381 4571
25522439 637
25522463 1
25522481 15
25522493 12
25522501 3
25522501 39
25522531 129
25522531 3348
25522691 1
25522691 96
25522691 201
25522699 261
25522747 60
25522759 60
25522811 108
25522829 4000
25522829 4291
25522883 1
25522969 464
25523119 216
25523203 1332
25523221 11
25523243 1
25523299 1184
25523357 303
25523363 1
25523401 644
25523471 1
25523627 4
25523713 56
25523713 6360
25523723 1357
25523737 279
25523759 1
25523759 157
25523777 3
25523791 101
25523831 1
25523831 25
25523831 4429
25523843 13
25523891 4
25523891 9004
25524019 3521
25524071 1
25524097 1559
25524097 1844
25524127 5
25524131 9
25524179 1
25524193 7755
25524209 120
25524209 4824
25524299 384
25524307 525
25524419 525
25524559 5
25524647 4
25524773 9375
25524827 9
25524833 3052
25524839 1356
25524859 2424
25524869 31
25524911 208
25524913 68
25525043 4432
25525051 225
25525063 12
25525127 253
25525223 16
25525223 72
25525223 1176
25525343 1
25525343 12
25525403 1
25525441 11
25525441 1515
25525441 2336
25525471 3900
25525609 11
25525663 20
25525693 3
25525757 3
25525757 420
25525763 2473
25525793 148
25525793 2047
25525847 24
25525897 68
25525901 4
25525931 1
25525931 193
25525979 12
25525979 1965
25525979 7804
25526071 749
25526183 21
25526183 5713
25526279 1
25526339 40
25526461 3
25526461 680
25526483 220
25526513 2632
25526521 1556
25526551 441
25526597 1672
25526663 568
25526681 2839
25526689 20
25526749 1536
25526789 15
25526923 156
25526939 1
25526971 3624
25527041 4
25527041 3388
25527091 20
25527181 11
25527193 3
25527223 1616
25527283 6096
25527301 3671
25527389 64
25527391 9
25527391 641
25527407 208
25527409 159
25527643 12
25527647 24
25527673 200
25527709 11
25527709 1715
25527779 24
25527791 2380
25527793 3
25527923 1
25528051 269
25528133 867
25528301 1419
25528331 28
25528331 1941
25528333 12
25528361 15
25528429 104
25528463 1
25528499 76
25528501 123
25528511 201
25528511 333
25528523 1132
25528537 3
25528537 15
25528537 2835
25528579 9
25528649 1179
25528733 568
25528813 2435
25528819 3197
25528871 105
25528933 767
25528957 47
25528967 177
25529081 4
25529081 2143
25529303 1
25529311 1865
25529321 16
25529351 1
25529351 4
25529447 192
25529531 468
25529587 45
25529627 12
25529639 637
25529639 1000
25529639 2277
25529689 695
25529737 1488
25529753 196
25529761 795
25529797 3300
25529807 100
25529837 175
25529843 9313
25529851 269
25529873 147
25529897 19
25529897 307
25529899 21
25529989 36
25530007 117
25530013 12
25530083 1
25530083 525
25530133 3
25530133 1388
25530139 144
25530191 189
25530287 229
25530313 11
25530343 105
25530359 1
25530359 4
25530371 1
25530517 3
25530559 20
25530559 32
25530569 4
25530581 43
25530649 512
25530671 1
25530689 27
25530689 235
25530733 603
25530749 715
25530761 4
25530773 7
25530833 343
25530833 616
25530859 60
25530899 1
25530913 111
25530941 5079
25530977 40
25531013 3
25531031 120
25531031 588
25531031 1905
25531111 3528
25531139 1
25531157 2368
25531159 5
25531189 15
25531189 2171
25531201 819
25531249 11
25531283 1
25531409 7
25531579 1101
25531607 9
25531607 49
25531619 1
25531621 5736
25531717 708
25531729 12
25531783 33
25531783 77
25531853 7
25531873 9863
25531993 6755
25531999 357
25531999 6740
25532027 405
25532081 3856
25532149 1680
25532161 68
25532321 3
25532321 1335
25532341 3
25532399 9861
25532531 105
25532581 5276
25532651 4
25532681 16
25532687 172
25532743 80
25532761 3
25532761 15
25532779 1877
25532939 1
25532951 76
25532981 3
25532987 9
25532989 119
25533023 1
25533239 1
25533239 25
25533251 141
25533281 3544
25533317 4
25533401 3
25533457 47
25533493 8
25533527 237
25533551 1
25533551 960
25533559 116
25533619 152
25533653 12
25533773 3
25533791 364
25533899 1
25534139 1
25534139 6276
25534247 4
25534253 3
25534253 7
25534319 241
25534319 5325
25534427 9
25534469 492
25534559 216
25534567 3933
25534631 76
25534739 9
25534757 115
25534843 321
25534849 455
25534931 153
25534939 116
25534967 4
25534967 1332
25535099 1
25535171 1
25535177 4
25535197 3
25535201 1288
25535261 3
25535261 696
25535261 1260
25535317 9764
25535353 3
25535357 1008
25535357 9079
25535381 4
25535483 1
25535621 3
25535621 1399
25535651 1
25535669 175
25535767 33
25535813 31
25535833 11
25535891 13
25535891 76
25535927 4
25535927 88
25535933 651
25535941 6176
25535999 37
25536103 36
25536139 36
25536139 5537
25536143 1372
25536239 532
25536257 7
25536293 8580
25536307 5
25536307 2057
25536341 4
25536347 4
25536383 1
25536383 13
25536421 99
25536473 231
25536479 1080
25536523 140
25536547 44
25536593 8916
25536607 285
25536649 3419
25536661 75
25536661 4104
25536673 356
25536701 55
25536701 139
25536713 16
25536769 44
25536821 3
25536821 4
25536887 28
25537021 20
25537021 24
25537103 1
25537129 1556
25537133 363
25537151 48
25537163 1
25537207 1152
25537229 7
25537231 153
25537249 32
25537277 339
25537331 1
25537367 45
25537381 1235
25537427 133
25537441 8303
25537483 93
25537513 252
25537531 5
25537531 741
25537537 3
25537549 2099
25537753 147
25537763 1
25537781 19
25537783 8
25537783 1952
25537847 2977
25537847 6972
25537847 8325
25537861 3
25537931 1
25537931 4080
25537943 1285
25537991 24
25537999 89
25538003 48
25538003 5317
25538069 7864
25538263 7185
25538423 33
25538459 1
25538741 15
25538753 48
25538797 39
25538797 203
25538797 3203
25538797 4760
25538827 92
25538881 84
25538959 17
25539029 4
25539043 1076
25539077 24
25539149 12
25539167 88
25539181 5175
25539193 303
25539203 1
25539203 16
25539233 223
25539337 59
25539383 1
25539383 4885
25539467 148
25539467 240
25539713 7
25539803 1036
25539841 495
25539869 4
25539881 3
25539911 1
25539911 13
25539911 28
25539911 208
25539911 1093
25539949 20
25539949 1271
25539973 428
25540079 52
25540111 3489
25540133 67
25540139 1
25540139 60
25540139 120
25540139 360
25540157 219
25540211 1
25540211 25
25540211 460
25540243 1601
25540247 49
25540261 3
25540283 1
25540283 636
25540381 1088
25540447 3129
25540453 20
25540453 167
25540453 1667
25540523 1
25540651 9
25540763 40
25540777 563
25540847 4
25540877 4
25540897 6995
25540961 36
25540961 304
25540961 9276
25540979 1
25541027 72
25541081 5280
25541161 351
25541203 60
25541261 28
25541291 28
25541291 141
25541297 139
25541311 84
25541323 7956
25541363 8652
25541387 4
25541407 4389
25541413 171
25541419 9
25541449 272
25541449 632
25541519 4
25541521 8
25541557 1112
25541557 6155
25541609 3816
25541639 64
25541651 1
25541651 4
25541653 11
25541653 15
25541653 1188
25541671 288
25541713 1923
25541723 1
25541759 1
25541917 1667
25541969 12
25542071 196
25542217 8
25542271 80
25542299 1
25542329 96
25542329 144
25542523 5
25542523 632
25542523 1445
25542529 36
25542677 3
25542677 28
25542883 597
25542917 39
25542917 112
25543019 384
25543051 80
25543117 60
25543127 517
25543249 2420
25543289 31
25543303 8
25543319 25
25543393 36
25543439 1
25543523 316
25543709 244
25543723 8
25543747 20
25543747 3125
25543753 527
25543757 7
25543813 23
25543957 767
25543963 96
25543967 109
25543967 208
25544063 1
25544203 9108
25544209 11
25544209 27
25544261 156
25544333 4192
25544339 1
25544347 104
25544587 477
25544657 7624
25544747 9765
25544833 980
25544861 31
25544977 3
25545049 32
25545127 129
25545167 9
25545251 1
25545323 1
25545347 745
25545389 4
25545409 71
25545463 405
25545469 35
25545469 1587
25545473 952
25545493 11
25545517 3
25545517 428
25545517 4167
25545593 3
25545599 1
25545647 33
25545647 333
25545647 3240
25545649 116
25545683 45
25545703 21
25545721 4220
25545739 3360
25545787 5
25545853 572
25545983 1
25546033 11
25546067 28
25546069 44
25546097 1755
25546109 4
25546207 2868
25546271 189
25546319 25
25546337 243
25546349 360
25546379 1
25546513 203
25546517 3
25546627 93
25546643 3148
25546769 24
25546771 48
25546817 3
25546837 2507
25546919 1
25546931 1
25546931 436
25546933 3
25546957 3
25546979 24
25547003 1
25547051 564
25547129 7
25547129 19
25547129 675
25547201 76
25547239 144
25547321 4
25547339 1
25547339 549
25547369 7
25547377 20
25547393 7
25547407 1040
25547407 3060
25547477 828
25547491 465
25547563 33
25547597 60
25547597 2568
25547653 111
25547653 272
25547659 9
25547663 1
25547713 188
25547759 37
25547773 20
25547843 1
25547857 1839
25547881 503
25548053 16
25548097 8588
25548197 3
25548451 704
25548503 88
25548571 405
25548661 68
25548661 300
25548701 1983
25548713 5808
25548779 121
25548823 33
25548839 1
25548839 12
25548917 7
25548967 44
25548997 8
25549031 40
25549037 27
25549157 12
25549213 687
25549231 1140
25549313 108
25549379 9
25549543 953
25549571 1
25549577 4
25549631 49
25549723 20
25549753 11
25549753 3351
25549837 3
25549903 7121
25549933 3
25549933 72
25550027 28
25550059 12
25550411 9993
25550617 1503
25550621 39
25550627 709
25550627 9672
25550821 71
25550821 200
25550951 1
25550977 12
25551139 5
25551173 243
25551191 1
25551193 327
25551269 115
25551299 1
25551329 3292
25551389 4
25551431 1008
25551541 23
25551557 384
25551557 8032
25551577 4200
25551587 132
25551607 764
25551613 3
25551683 1005
25551727 5
25551853 767
25551923 8557
25551947 84
25551959 9
25551961 35
25552073 12
25552081 3
25552081 20
25552081 1271
25552187 9
25552213 1995
25552223 1
25552249 504
25552361 4
25552367 4
25552367 769
25552427 7084
25552441 39
25552477 24
25552561 1976
25552627 1700
25552633 60
25552679 1
25552753 15
25552759 7757
25552783 1005
25552831 41
25552843 5
25552883 3561
25552999 884
25553027 25
25553237 3
25553237 1500
25553237 5668
25553279 276
25553357 2479
25553401 20
25553401 323
25553447 12
25553497 3
25553497 6683
25553581 39
25553663 1
25553663 28
25553711 204
25553719 29
25553929 332
25554097 3
25554299 421
25554337 519
25554377 564
25554443 1
25554443 13
25554517 24
25554593 12
25554637 147
25554673 3
25554691 33
25554721 60
25554743 2761
25554779 1
25554839 1
25554839 9
25554877 15
25554889 11
25554889 5432
25554889 6312
25554911 340
25554929 51
25555081 3
25555151 1
25555163 8940
25555219 129
25555241 96
25555291 8
25555367 4
25555379 2940
25555463 2820
25555489 15
25555499 1
25555529 51
25555597 15
25555781 4495
25555927 3120
25556173 3
25556173 491
25556317 3
25556329 75
25556359 5
25556359 12
25556359 20
25556371 1164
25556393 3
25556411 4584
25556429 31
25556429 87
25556543 1
25556543 21
25556549 15
25556561 16
25556639 2637
25556647 5
25556753 75
25556807 4
25556879 1
25556893 8
25557011 1
25557073 728
25557157 5807
25557293 3
25557431 408
25557461 276
25557541 3140
25557563 40
25557563 1993
25557599 1
25557667 8
25557731 4
25557839 1
25557859 5
25557881 3
25557923 1
25557947 4
25557971 1
25557977 508
25557979 456
25558067 4
25558073 687
25558153 75
25558171 116
25558223 516
25558277 4
25558339 329
25558399 2697
25558409 7
25558409 15
25558409 424
25558499 1
25558613 7
25558619 9
25558661 3
25558711 8109
25558733 16
25558843 4797
25558891 33
25558943 1
25558943 1737
25558943 4401
25558987 24
25558991 2509
25558999 9
25559021 603
25559057 820
25559057 3199
25559137 132
25559293 635
25559299 60
25559507 4
25559627 6253
25559657 120
25559689 11
25559749 644
25559749 4467
25559773 20
25559783 1
25559827 17
25559843 120
25559861 844
25559879 1
25559971 348
25560133 95
25560137 27
25560191 1
25560211 24
25560211 113
25560233 420
25560313 8
25560319 404
25560323 1
25560331 5
25560347 4
25560389 676
25560581 823
25560617 120
25560683 2101
25560749 4
25560749 16
25560767 25
25560959 1
25560959 9
25561031 1
25561051 1449
25561057 612
25561243 8
25561247 5505
25561253 12
25561253 112
25561301 3
25561331 1
25561369 71
25561433 3
25561493 7
25561553 1252
25561559 1
25561559 9
25561603 32
25561643 21
25561687 8
25561687 12
25561831 125
25561853 28
25561883 52
25561969 524
25561997 24
25562029 6912
25562051 1
25562113 3
25562113 495
25562123 1
25562123 2128
25562171 28
25562171 249
25562221 3
25562221 216
25562261 15
25562347 5
25562387 28
25562417 2532
25562417 4864
25562527 9
25562567 25
25562737 680
25562767 8
25562869 35
25562987 84
25562993 15
25563011 108
25563029 4
25563071 261
25563193 3
25563259 5
25563319 3857
25563323 25
25563353 3
25563353 736
25563383 1
25563383 196
25563469 1079
25563581 4
25563581 48
25563641 19
25563641 3048
25563667 32
25563667 1005
25563677 1060
25563743 1
25563799 165
25563803 12
25563827 168
25563841 3
25563899 1
25563959 1632
25563997 95
25564027 492
25564069 6396
25564219 5697
25564223 1
25564223 1977
25564309 11
25564393 4527
25564397 7159
25564421 3484
25564459 5
25564459 924
25564499 1
25564499 681
25564559 1
25564711 2333
25564723 8
25564733 255
25564733 6223
25564793 3
25564793 1420
25564829 2680
25564843 261
25564951 33
25564951 813
25564961 531
25564963 1188
25564997 867
25565009 4
25565021 24
25565101 1736
25565143 48
25565413 8
25565453 7
25565651 1
25565651 1216
25565689 99
25565711 1936
25565737 20
25565741 3
25565753 7
25565753 1200
25565797 8
25565801 5488
25565933 12
25565941 3
25565957 8383
25565959 4212
25566031 140
25566053 15
25566053 1627
25566119 1
25566119 180
25566157 455
25566187 537
25566251 1648
25566287 889
25566349 159
25566389 7
25566451 6960
25566479 1
25566481 291
25566523 33
25566559 4137
25566559 4901
25566577 8
25566577 23
25566587 9
25566641 3
25566679 741
25566683 1
25566769 275
25566797 3
25566839 1429
25566841 8
25566851 2088
25566899 4
25566911 336
25566973 8
25567049 4
25567049 1632
25567093 3
25567123 5
25567261 3
25567393 20
25567393 5915
25567453 2988
25567603 20
25567687 297
25567693 131
25567741 3
25567873 15
25567951 9
25568041 3
25568093 15
25568099 21
25568131 5628
25568209 15
25568219 8160
25568293 3
25568317 3
25568393 91
25568407 5
25568407 93
25568437 9620
25568467 32
25568467 6557
25568513 15
25568567 12
25568639 1
25568671 389
25568671 9705
25568681 63
25568689 204
25568759 1
25568773 12
25568773 3951
25568861 136
25568891 25
25568929 2031
25568951 1
25569127 129
25569149 7
25569157 5403
25569217 92
25569293 7
25569319 2652
25569473 111
25569631 665
25569641 24
25569659 16
25569667 33
25569671 1
25569737 24
25569883 8757
25569889 35
25569913 15
25569917 24
25570093 60
25570117 3
25570117 348
25570247 24
25570289 132
25570357 344
25570421 3
25570421 396
25570427 232
25570427 1404
25570439 76
25570459 4560
25570463 1
25570469 732
25570481 48
25570481 79
25570481 3604
25570487 1869
25570537 8
25570577 7
25570591 5
25570591 288
25570631 1
25570631 1645
25570673 3
25570739 1
25570739 129
25570739 312
25570861 36
25570891 588
25570943 12
25570969 192
25570991 1
25570997 19
25571129 139
25571171 3580
25571257 3843
25571267 153
25571297 7
25571297 555
25571341 3
25571341 24
25571363 288
25571411 28
25571411 1888
25571437 3
25571537 75
25571537 120
25571647 5
25571717 3447
25571729 3436
25571737 27
25571737 99
25571801 3
25571879 1
25571911 5
25572137 4
25572187 33
25572259 12
25572331 53
25572467 4
25572497 819
25572601 216
25572611 1
25572671 1
25572671 1224
25572713 3
25572719 1
25572731 1
25572769 2292
25572961 8
25573043 1
25573231 564
25573307 4
25573363 17
25573363 473
25573399 5
25573441 68
25573547 13
25573547 2053
25573649 4
25573651 8568
25573787 85
25573817 24
25573859 5781
25573921 23
25573957 24
25573957 564
25573979 9
25573997 4
25574051 16
25574161 15
25574161 284
25574167 5
25574231 4
25574231 61
25574303 1812
25574347 20
25574377 3
25574377 23
25574407 4992
25574431 36
25574449 32
25574453 27
25574587 125
25574621 3
25574629 464
25574821 2355
25574869 5939
25574903 1
25575113 3
25575269 160
25575283 5
25575337 1047
25575359 609
25575391 129
25575391 6161
25575413 100
25575467 13
25575467 28
25575469 104
25575493 8
25575553 72
25575581 4
25575587 5733
25575601 116
25575611 1
25575631 65
25575673 303
25575689 540
25575749 19
25575751 21
25575763 45
25575787 129
25575791 4
25575821 3576
25575929 7
25575929 795
25575937 20
25575989 720
25576049 172
25576091 16
25576127 28
25576219 581
25576249 224
25576249 720
25576283 1
25576363 5
25576409 4
25576409 2344
25576549 1239
25576589 532
25576627 8
25576631 105
25576633 9936
25576703 1
25576703 117
25576763 1540
25576769 60
25576861 3
25576871 1
25576933 3
25576963 6732
25577003 1
25577009 12
25577009 151
25577051 361
25577053 3752
25577099 1
25577179 89
25577261 51
25577261 55
25577281 23
25577309 7447
25577329 20
25577329 240
25577329 2699
25577369 2544
25577393 888
25577557 1083
25577557 8895
25577579 1872
25577597 4
25577599 41
25577599 2889
25577777 160
25577777 6292
25577801 43
25577803 3573
25577983 45
25577999 1329
25578071 1
25578071 48
25578083 1
25578101 3
25578107 64
25578151 29
25578151 176
25578151 9929
25578173 3
25578263 1
25578263 21
25578407 6852
25578431 1
25578473 207
25578517 47
25578517 1932
25578647 9
25578719 1
25578719 57
25578757 888
25578767 4
25578767 33
25578767 37
25578823 5
25578853 3
25578853 8
25578853 1095
25578887 85
25578893 36
25578901 171
25578907 5
25578907 324
25578983 1612
25578983 1665
25578989 940
25579049 7
25579051 8541
25579199 1
25579201 695
25579387 660
25579397 3
25579399 36
25579399 56
25579423 17
25579483 17
25579523 33
25579553 76
25579553 1336
25579553 6568
25579583 1
25579633 1032
25579669 59
25579709 3372
25579717 15
25579721 3
25579721 2575
25579727 148
25579739 4321
25579759 44
25579819 216
25579837 1427
25579927 69
25579999 152
25580047 24
25580063 1
25580063 1585
25580077 3
25580077 167
25580077 599
25580081 496
25580089 3464
25580111 1
25580197 399
25580231 24
25580231 3916
25580293 11
25580473 3
25580497 348
25580561 259
25580603 1
25580627 60
25580663 1596
25580693 3
25580693 7
25580741 4
25580741 331
25580773 2636
25580809 15
25580839 17
25580909 40
25580939 1
25580941 7928
25581079 20
25581079 192
25581119 105
25581133 60
25581211 173
25581217 192
25581247 1644
25581299 1
25581307 1125
25581329 7
25581349 56
25581407 393
25581407 2332
25581443 1
25581461 16
25581547 5513
25581607 48
25581749 7975
25581823 56
25581917 4
25581971 1
25582001 3
25582019 1
25582057 75
25582057 2819
25582061 19
25582079 1
25582153 3
25582153 4887
25582163 1
25582181 15
25582243 828
25582253 12
25582259 1236
25582301 3
25582313 868
25582387 264
25582393 8
25582393 11
25582393 96
25582457 64
25582457 7612
25582547 4
25582547 108
25582547 253
25582567 32
25582751 1
25582801 1716
25582913 12
25582919 1
25582957 464
25583059 24
25583081 91
25583093 9567
25583111 705
25583149 1220
25583179 89
25583219 1
25583377 4104
25583381 4
25583573 12
25583609 2055
25583617 75
25583641 75
25583641 119
25583647 200
25583743 408
25583939 9
25583939 12
25583951 1
25584173 1116
25584187 45
25584191 661
25584263 1
25584263 525
25584283 312
25584301 8
25584373 152
25584373 6696
25584379 24
25584379 56
25584389 115
25584509 7
25584509 99
25584521 859
25584571 69
25584571 2696
25584599 12
25584599 4689
25584619 3677
25584653 55
25584679 5
25584679 12
25584679 77
25584731 1
25584787 9
25584929 267
25584959 201
25585141 4383
25585207 185
25585319 57
25585319 561
25585321 1184
25585333 3
25585363 8
25585369 531
25585423 777
25585577 3
25585597 960
25585699 24
25585711 9629
25585841 9655
25585849 59
25585873 311
25585957 24
25585997 324
25586069 4
25586087 4917
25586167 780
25586177 184
25586177 3364
25586233 1208
25586261 8664
25586339 1
25586359 384
25586371 5
25586387 340
25586401 15
25586453 16
25586461 2328
25586489 4
25586489 7
25586489 19
25586503 53
25586537 772
25586549 252
25586579 1
25586579 21
25586609 7
25586609 1120
25586773 1220
25586801 6796
25586837 7
25586927 105
25586947 20
25587031 21
25587031 173
25587049 20
25587127 8
25587131 144
25587137 3
25587143 228
25587143 256
25587169 36
25587203 1
25587311 385
25587371 4
25587491 496
25587503 225
25587503 2293
25587511 56
25587553 243
25587563 1
25587571 9
25587571 24
25587671 228
25587671 3616
25587673 56
25587713 348
25587721 35
25587733 243
25587743 1228
25587811 9
25587823 657
25587869 324
25588001 15
25588019 100
25588027 332
25588183 17
25588327 17
25588369 51
25588379 1
25588403 93
25588403 352
25588481 24
25588501 8
25588517 52
25588531 20
25588637 7899
25588669 512
25588679 9
25588699 69
25588789 7715
25588853 12
25588861 11
25588883 1
25588883 6180
25588939 3129
25589017 4319
25589071 24
25589117 3352
25589159 4
25589177 4
25589227 2289
25589227 9252
25589251 5756
25589269 44
25589287 17
25589321 1320
25589327 172
25589351 9469
25589413 3840
25589419 945
25589503 860
25589521 3
25589581 3
25589693 40
25589939 64
25589951 1
25589953 3
25589953 12
25589953 2895
25589959 5
25590113 3
25590161 4
25590241 983
25590307 5
25590307 1817
25590337 80
25590379 45
25590403 5
25590463 116
25590503 1
25590563 277
25590613 255
25590619 5
25590751 9
25590863 1
25590907 9
25591031 1873
25591051 441
25591057 27
25591091 21
25591183 32
25591541 31
25591583 625
25591589 4
25591637 7
25591661 4
25591661 856
25591799 1
25591823 1
25591843 857
25591849 39
25591931 93
25591991 1
25591991 88
25592027 1233
25592053 8
25592093 3
25592093 7
25592179 17
25592209 47
25592243 1
25592279 1
25592311 5
25592363 117
25592387 1344
25592503 12
25592507 52
25592533 11
25592533 263
25592683 5916
25592821 11
25592849 9136
25592893 3
25592933 291
25593037 284
25593037 572
25593053 3
25593053 40
25593103 360
25593187 29
25593229 11
25593317 4183
25593377 3
25593461 915
25593499 260
25593539 16
25593563 1
25593661 2040
25593661 2771
25593691 3593
25593707 24
25593707 540
25593719 1
25593719 261
25593791 40
25593791 381
25593839 1
25593961 84
25593977 1719
25594031 1
25594033 4752
25594081 923
25594133 3
25594133 220
25594157 6607
25594301 196
25594339 156
25594369 27
25594391 16
25594391 88
25594403 2916
25594411 9
25594451 5128
25594493 43
25594669 11
25594739 4
25594763 8625
25594799 1
25594867 1293
25594889 7
25594889 312
25594903 297
25594991 9913
25595039 61
25595093 16
25595093 31
25595179 512
25595189 16
25595329 311
25595359 12
25595411 28
25595419 12
25595431 5388
25595431 7365
25595483 1
25595497 3
25595497 1512
25595509 836
25595519 1
25595569 1016
25595587 224
25595593 3
25595639 1
25595651 1
25595663 25
25595807 69
25595819 7749
25595833 8
25595861 471
25595861 1635
25595881 135
25595891 1
25595891 9
25595909 1239
25595957 7
25596023 1461
25596047 769
25596061 36
25596071 1
25596071 16
25596073 3
25596107 105
25596107 1105
25596107 2160
25596343 21
25596391 3093
25596413 1216
25596449 1419
25596451 4881
25596491 2209
25596497 7
25596541 36
25596547 32
25596601 1235
25596643 365
25596719 4
25596719 132
25596817 2895
25596841 96
25596853 1791
25596863 480
25596887 2485
25596887 3409
25596919 384
25596929 4095
25597021 1016
25597049 7
25597049 5476
25597057 8375
25597063 197
25597127 33
25597277 435
25597331 388
25597349 7
25597421 4879
25597441 8
25597499 1
25597519 276
25597553 1035
25597567 8
25597619 84
25597639 32
25597639 6557
25597711 236
25597811 6609
25597813 3
25597861 3
25597951 5
25597951 5180
25598081 628
25598093 4191
25598171 4
25598179 6384
25598197 1343
25598197 1827
25598273 180
25598273 3031
25598431 29
25598569 39
25598603 1
25598633 3
25598633 183
25598813 1596
25598831 2385
25598887 24
25598897 3
25598897 5995
25598917 39
25598917 468
25598917 4547
25598933 12
25599019 20
25599031 1241
25599043 5
25599043 32
25599043 632
25599043 7652
25599073 1052
25599089 19
25599107 9
25599113 1227
25599131 4
25599191 7816
25599193 3
25599323 1
25599461 1456
25599611 16
25599619 81
25599649 32
25599677 55
25599877 24
25599877 212
25599971 1
25599979 17
25599991 368
25599991 4565
25600073 3
25600199 2449
25600307 4
25600319 9
25600361 55
25600363 108
25600427 48
25600483 68
25600517 7
25600529 7
25600613 3
25600613 31
25600651 93
25600669 684
25600703 1
25600711 5
25600711 21
25600727 745
25601011 5349
25601033 4983
25601123 1
25601129 639
25601291 1
25601321 4
25601321 31
25601351 1
25601423 1
25601489 52
25601539 840
25601539 4037
25601561 1860
25601663 1596
25601729 7
25601747 9
25601747 49
25601773 356
25601869 575
25601879 1
25601879 5161
25601893 8
25601893 128
25601909 19
25601941 1236
25602131 288
25602131 8821
25602167 2313
25602209 7
25602209 147
25602229 39
25602281 396
25602281 1960
25602361 1671
25602361 3000
25602377 39
25602383 1
25602431 1
25602431 2188
25602539 81
25602677 9559
25602821 183
25602839 40
25602839 96
25602839 196
25602847 29
25602877 23
25602881 168
25602949 27
25602959 1
25603009 780
25603043 1
25603133 4008
25603169 6216
25603199 684
25603199 1549
25603211 2485
25603243 117
25603261 3
25603289 879
25603541 160
25603559 1
25603679 4
25603789 20
25603847 4
25603891 24
25603891 3513
25603901 331
25603909 44
25603927 1944
25603943 1
25603969 24
25603999 72
25604009 100
25604021 4
25604027 9
25604113 108
25604179 9
25604263 2232
25604279 777
25604281 11
25604281 68
25604281 156
25604291 1
25604389 12
25604399 60
25604437 144
25604471 60
25604797 620
25604807 828
25604849 16
25605023 13
25605023 28
25605037 3
25605091 413
25605119 4
25605199 84
25605311 1
25605311 40
25605311 5685
25605313 3380
25605337 3
25605341 115
25605379 21
25605439 2684
25605449 4
25605449 76
25605479 4641
25605497 7264
25605533 28
25605533 336
25605539 1
25605649 8804
25605719 1
25605719 141
25605733 107
25605733 2060
25605737 7
25605821 16
25605883 17
25605883 20
25605989 7392
25605997 4184
25606013 2427
25606019 1
25606069 4611
25606223 52
25606223 72
25606307 513
25606417 12
25606463 2325
25606513 60
25606517 7
25606523 1
25606621 288
25606667 480
25606733 7
25606781 4
25606793 228
25606979 1
25607063 1
25607107 600
25607207 6649
25607341 44
25607431 593
25607471 4
25607473 3
25607513 15
25607599 101
25607651 45
25607669 55
25607683 156
25607689 107
25607713 852
25607867 2449
25607909 5232
25607951 4
25607999 4
25608031 369
25608041 379
25608049 39
25608083 1
25608101 75
25608151 8
25608157 359
25608197 48
25608353 15
25608367 837
25608413 3
25608463 12
25608491 313
25608497 3
25608503 12
25608509 252
25608533 27
25608629 4
25608809 4
25608839 1
25608917 3
25608917 12
25608917 19
25608917 228
25608931 56
25608971 4
25608997 8
25608997 347
25609013 3
25609013 28
25609013 268
25609013 1840
25609033 3
25609039 5
25609039 9
25609153 1071
25609247 3912
25609307 13
25609457 7
25609457 3579
25609537 27
25609631 1
25609637 579
25609643 2056
25609723 5792
25609747 660
25609949 291
25609979 616
25610051 316
25610087 2133
25610111 1
25610153 3
25610329 1767
25610383 12
25610411 1
25610411 309
25610471 1
25610479 509
25610491 7205
25610561 19
25610561 8164
25610573 3
25610579 16
25610581 4956
25610587 9
25610597 24
25610831 2788
25610887 33
25610887 137
25611307 5
25611317 24
25611451 176
25611457 35
25611473 16
25611473 171
25611491 184
25611583 8
25611623 1
25611623 4812
25611629 1380
25611631 41
25611731 249
25611737 64
25611749 72
25611779 1
25611827 88
25611847 77
25611893 3
25611907 7589
25611913 183
25611923 13
25611973 3
25611991 2009
25612073 52
25612109 7
25612141 20
25612141 8276
25612159 252
25612207 165
25612211 28
25612211 1005
25612229 55
25612229 591
25612259 5517
25612267 605
25612283 156
25612309 11
25612333 375
25612373 3
25612403 1
25612607 49
25612651 48
25612663 2520
25612733 516
25612759 5
25612889 319
25612967 45
25613039 9417
25613131 5
25613201 60
25613303 1
25613429 4
25613447 9
25613461 3
25613569 15
25613603 1
25613639 4
25613663 372
25613759 4
25613803 17
25613941 44
25613963 1
25613969 175
25614011 1929
25614023 25
25614059 1
25614073 155
25614161 3435
25614179 4
25614179 2929
25614191 460
25614227 4
25614233 12
25614331 348
25614367 1313
25614371 1
25614383 1
25614431 4
25614469 44
25614493 48
25614517 7823
25614643 41
25614643 188
25614653 1572
25614661 23
25614779 1
25614779 585
25614817 1919
25614829 899
25614851 1608
25614923 1
25614943 2660
25614997 23
25615003 137
25615087 12
25615151 1
25615217 4
25615259 1
25615409 4
25615409 544
25615441 35
25615441 131
25615559 1
25615697 72
25615739 232
25615789 8507
25615867 269
25615883 1
25615883 157
25615927 89
25615949 240
25615979 1
25615979 96
25616057 4
25616141 480
25616167 212
25616197 320
25616243 16
25616287 5
25616531 4
25616567 88
25616597 3
25616609 144
25616621 3
25616639 1
25616711 1
25616911 8265
25616951 28
25616953 428
25617023 1
25617023 25
25617161 16
25617511 41
25617583 105
25617611 4
25617611 1924
25617703 240
25617731 1
25617737 4
25617737 28
25617803 1
25617853 36
25617857 19
25617899 712
25617913 1511
25618039 684
25618069 2304
25618127 2089
25618217 3823
25618237 15
25618259 1
25618267 3857
25618279 2669
25618349 319
25618361 408
25618381 5396
25618529 352
25618543 2745
25618591 29
25618601 2883
25618667 12
25618699 245
25618729 192
25618777 32
25618829 252
25618871 4
25618979 1
25618997 132
25618997 3667
25619123 1
25619129 4
25619233 1736
25619249 19
25619257 8
25619327 28
25619333 607
25619359 476
25619413 35
25619449 7811
25619471 81
25619551 56
25619813 3276
25619897 4
25619917 12
25620017 79
25620097 528
25620143 52
25620209 507
25620263 21
25620281 120
25620347 52
25620487 29
25620577 35
25620631 624
25620709 104
25620713 7
25620821 3
25620821 24
25620823 8
25620851 28
25620857 7
25620857 2820
25620971 4
25620977 4
25620977 2964
25621003 8
25621003 305
25621003 5420
25621019 96
25621067 12
25621069 671
25621087 6285
25621129 51
25621129 4007
25621171 204
25621237 8
25621259 7105
25621303 33
25621331 1
25621459 12
25621513 92
25621573 63
25621577 3
25621577 112
25621577 543
25621591 53
25621591 749
25621619 1
25621637 2847
25621663 221
25621691 1
25621691 109
25621691 285
25621711 21
25621711 336
25621727 280
25621763 21
25621787 1668
25621787 2073
25621811 96
25621859 1
25621979 24
25621979 49
25621997 3795
25622021 151
25622081 4
25622173 2891
25622321 6696
25622339 1
25622339 12
25622347 8484
25622351 1
25622353 12
25622549 364
25622561 3
25622561 91
25622603 73
25622657 7
25622657 28
25622741 79
25622767 297
25622917 3
25623149 6756
25623167 52
25623167 745
25623187 24
25623239 1
25623239 8236
25623251 1869
25623289 3191
25623407 300
25623461 276
25623509 1431
25623551 1
25623557 1855
25623581 3
25623613 152
25623613 1416
25623797 1423
25623931 621
25623937 1988
25623973 107
25624019 1
25624033 12
25624097 504
25624099 56
25624099 92
25624169 291
25624187 825
25624271 1
25624283 16
25624309 164
25624337 4
25624411 21
25624451 3796
25624471 168
25624499 4
25624561 3
25624561 39
25624561 1071
25624579 132
25624583 1
25624591 7793
25624637 3
25624733 15
25624769 184
25624771 5
25624813 372
25624853 7
25624883 1
25624889 304
25624927 2729
25625071 5
25625099 2149
25625101 11
25625113 920
25625161 3
25625203 141
25625261 156
25625269 407
25625269 692
25625297 3
25625371 441
25625419 44
25625419 4809
25625441 16
25625441 1260
25625449 56
25625759 3177
25625767 1860
25625773 48
25625843 1
25625881 5531
25626277 83
25626277 92
25626281 16
25626287 3885
25626313 12
25626313 56
25626313 6327
25626319 4080
25626329 3747
25626487 33
25626487 6885
25626589 95
25626631 2484
25626673 15
25626737 6832
25626841 11
25626907 5
25626911 1
25626959 1
25626959 4
25627003 9608
25627061 4
25627103 1
25627103 97
25627201 239
25627229 12
25627229 724
25627229 5671
25627321 164
25627321 875
25627369 659
25627373 60
25627403 93
25627489 276
25627489 384
25627597 3
25627621 96
25627627 1473
25627733 3
25627949 16
25627963 7973
25628101 951
25628111 1
25628123 6060
25628167 12
25628221 3356
25628221 4076
25628269 1275
25628341 563
25628347 5
25628419 84
25628441 4011
25628459 172
25628483 1
25628483 12
25628483 52
25628497 3
25628501 2776
25628593 3
25628593 8
25628611 165
25628611 224
25628623 65
25628623 141
25628633 471
25628633 9936
25628641 2043
25628717 7
25628737 12
25628737 4283
25628789 4
25628887 29
25628947 753
25629077 7
25629137 679
25629257 2032
25629287 5377
25629313 80
25629407 13
25629481 243
25629481 6860
25629491 1
25629491 16
25629547 9
25629601 3
25629607 725
25629623 3660
25629691 1488
25629701 1044
25629731 1
25629827 8553
25629893 27
25629973 8
25629973 108
25630177 3
25630177 348
25630177 1179
25630337 3
25630337 384
25630337 3552
25630391 700
25630399 3545
25630457 103
25630513 48
25630559 4
25630727 40
25630733 16
25630789 267
25630789 5231
25630807 1469
25630877 3
25630877 204
25630939 129
25630961 40
25630987 404
25631029 540
25631033 75
25631149 9147
25631159 1
25631159 921
25631167 168
25631219 1
25631219 4
25631231 40
25631231 313
25631279 1
25631279 4
25631317 932
25631351 81
25631579 849
25631611 1316
25631659 77
25631693 3
25631719 1757
25631777 67
25631813 1360
25631831 13
25631857 12
25631857 1808
25631857 6819
25631887 20
25631927 24
25632059 801
25632067 660
25632151 5
25632179 40
25632293 51
25632359 52
25632457 1284
25632461 64
25632469 2732
25632479 12
25632493 1152
25632533 7
25632559 152
25632697 2024
25632829 11
25632847 20
25633021 111
25633021 740
25633021 2511
25633073 12
25633073 1468
25633087 872
25633103 1
25633133 1540
25633271 505
25633313 3
25633319 1
25633357 519
25633403 61
25633441 299
25633469 4240
25633499 9
25633577 352
25633577 955
25633577 7707
25633607 304
25633723 341
25633723 1025
25633889 1555
25633913 3
25633957 9488
25633997 1768
25634087 9
25634099 16
25634099 124
25634123 1
25634137 2168
25634159 2644
25634209 20
25634209 6764
25634227 48
25634263 473
25634281 320
25634309 4
25634341 4163
25634353 75
25634381 8700
25634437 60
25634449 5019
25634509 11
25634549 4
25634603 1441
25634639 1
25634641 3
25634663 1
25634699 1209
25634723 372
25634731 6225
25634867 13
25634887 8
25634891 25
25634909 967
25635059 1
25635121 7148
25635223 6077
25635277 3
25635367 6600
25635377 12
25635377 787
25635397 3
25635397 7712
25635479 1
25635497 52
25635509 352
25635527 288
25635557 1483
25635569 7
25635583 36
25635641 460
25635671 1
25635707 13
25635713 3
25635713 52
25635713 3060
25635721 75
25635833 91
25635871 2888
25635877 47
25635887 9
25635887 12
25635889 555
25635889 1916
25635937 1340
25636021 171
25636057 1139
25636063 236
25636097 15
25636097 28
25636133 91
25636199 1
25636207 8
25636217 3
25636217 4
25636243 548
25636253 3
25636253 75
25636333 363
25636343 1
25636433 7
25636433 12
25636433 943
25636447 77
25636463 1
25636463 13
25636463 7425
25636487 9
25636519 17
25636607 9
25636613 2971
25636619 1
25636657 3900
25636781 3
25636811 1
25636811 64
25636837 3644
25637083 548
25637147 445
25637239 45
25637321 3
25637321 6156
25637333 16
25637333 43
25637371 8
25637371 849
25637459 9
25637459 6025
25637501 4
25637501 64
25637539 3141
25637551 2796
25637609 439
25637611 21
25637639 72
25637693 5632
25637797 32
25637809 3672
25637831 1
25637831 1324
25637851 5
25637867 9
25637881 1340
25637903 436
25637917 72
25637917 1359
25637923 1596
25637947 77
25637947 189
25637957 247
25637959 12
25638103 8
25638181 3
25638187 72
25638203 97
25638203 108
25638211 5
25638259 4332
25638293 4651
25638293 6055
25638293 8856
25638311 1
25638401 3
25638493 4772
25638517 63
25638541 8
25638551 1
25638589 15
25638607 8
25638673 1796
25638797 912
25638889 164
25638911 1513
25639067 112
25639079 16
25639079 6652
25639147 960
25639363 12
25639373 36
25639441 15
25639463 1116
25639489 2711
25639507 224
25639597 347
25639633 20
25639667 4
25639777 2967
25639787 4
25639847 100
25639907 232
25639931 1
25639937 72
25639979 1
25640023 345
25640059 24
25640071 53
25640171 373
25640183 16
25640299 12
25640309 51
25640399 1
25640401 3
25640467 33
25640501 3
25640639 4
25640677 3
25640753 40
25640759 276
25640773 623
25640893 423
25640921 88
25640957 3
25641047 4
25641079 21
25641079 237
25641157 47
25641181 3
25641181 1311
25641211 2213
25641227 4
25641227 184
25641233 588
25641293 48
25641419 1
25641479 172
25641509 19
25641521 3
25641529 95
25641601 20
25641611 9
25641683 1
25641731 384
25641739 512
25641859 117
25641871 161
25641911 1
25641943 20
25641971 4
25641971 304
25641989 315
25642007 13
25642091 196
25642109 556
25642187 3252
25642193 283
25642207 17
25642277 28
25642439 1
25642469 5292
25642499 1
25642597 8832
25642649 4224
25642651 521
25642703 8053
25642717 384
25642801 84
25642801 4868
25642807 5
25642811 1
25642943 1153
25642973 196
25643063 13
25643063 40
25643063 9825
25643069 9420
25643113 2052
25643237 3
25643239 177
25643291 1
25643291 121
25643383 3353
25643419 9
25643441 2028
25643503 17
25643543 1
25643581 1344
25643593 8088
25643699 9
25643707 20
25643707 84
25643741 3300
25643759 141
25643771 1
25643831 88
25643869 27
25643897 2232
25643957 4
25644043 6048
25644067 1892
25644089 232
25644119 9
25644191 85
25644191 204
25644253 663
25644257 15
25644263 1
25644263 253
25644299 1
25644329 112
25644337 3
25644337 12
25644337 1008
25644361 135
25644431 1
25644431 384
25644629 16
25644649 36
25644761 3
25644779 1
25644821 28
25644833 415
25644841 3
25645013 123
25645133 3
25645187 228
25645201 7631
25645247 33
25645247 45
25645247 1092
25645289 795
25645337 3
25645337 4
25645351 5
25645351 9740
25645427 2613
25645513 12
25645513 48
25645553 40
25645601 84
25645601 315
25645817 40
25645957 155
25645987 1377
25646003 2253
25646147 7693
25646167 20
25646177 4
25646249 339
25646261 4
25646363 72
25646377 35
25646483 7597
25646521 3984
25646531 85
25646563 1625
25646573 688
25646629 75
25646683 5
25646683 8496
25646707 24
25646737 287
25646843 1
25646869 95
25646911 9
25646939 16
25646947 17
25646981 76
25647053 87
25647053 6555
25647119 772
25647197 7
25647197 903
25647337 15
25647371 4
25647403 197
25647403 480
25647499 216
25647527 1417
25647569 6159
25647649 24
25647659 1
25647659 616
25647961 4115
25647989 7692
25648009 699
25648033 36
25648123 5
25648163 25
25648199 157
25648201 3
25648351 105
25648547 4
25648561 11
25648663 12
25648717 48
25648867 5
25648867 12
25648867 3129
25648891 165
25648919 25
25648921 948
25649023 5
25649023 392
25649023 1076
25649023 1421
25649081 3
25649111 165
25649123 592
25649159 1
25649461 48
25649467 8589
25649501 24
25649599 2909
25649633 1023
25649693 12
25649699 4
25649777 535
25649831 9
25649831 7756
25649849 175
25649977 108
25649993 3
25650017 4
25650017 27
25650029 5640
25650047 157
25650137 24
25650137 43
25650137 55
25650307 228
25650307 2448
25650377 3
25650473 447
25650517 3
25650533 27
25650539 1
25650557 7
25650607 4373
25650617 675
25650631 128
25650641 3
25650701 3
25650743 21
25650763 68
25650799 5
25650799 24
25650851 3121
25650881 2355
25650923 733
25650997 1112
25651001 3
25651013 5215
25651037 684
25651097 19
25651211 1
25651211 69
25651211 2581
25651247 600
25651247 1540
25651259 1
25651267 5
25651337 495
25651343 1
25651357 1499
25651421 3
25651421 280
25651441 3
25651441 575
25651547 4
25651559 229
25651673 148
25651709 171
25651777 32
25651777 2787
25651783 101
25651783 8561
25651883 12
25651943 1
25651991 1
25652051 396
25652057 4
25652111 1
25652111 4
25652117 1108
25652117 2199
25652129 6364
25652131 956
25652149 224
25652173 15
25652189 12
25652233 3
25652293 15
25652323 5
25652323 21
25652339 1
25652339 16
25652377 3
25652423 141
25652503 1877
25652533 47
25652533 567
25652537 79
25652563 1160
25652569 192
25652569 671
25652573 3
25652621 15
25652663 1
25652663 16
25652723 88
25652723 976
25652723 3501
25652773 5375
25652821 3
25652873 2235
25652923 32
25653013 11
25653013 36
25653083 117
25653157 12
25653193 3
25653263 8472
25653301 11
25653359 1
25653359 24
25653403 77
25653403 225
25653421 399
25653517 32
25653703 21
25653713 1027
25653739 4457
25653779 21
25653779 2320
25653829 24
25653911 121
25653959 24
25654001 4
25654001 76
25654049 99
25654063 36
25654073 516
25654093 312
25654129 264
25654301 51
25654319 97
25654393 471
25654441 4100
25654543 17
25654619 1
25654619 525
25654679 1
25654823 1
25654829 75
25654897 44
25654907 4
25654933 3
25654943 1
25654973 7
25654973 1528
25655033 2427
25655081 88
25655089 572
25655237 3
25655251 8
25655251 4049
25655291 2380
25655447 64
25655449 11
25655489 1260
25655503 33
25655519 12
25655699 1
25655783 1
25655849 31
25655893 71
25655939 1
25655951 1
25656083 1
25656083 181
25656101 408
25656131 1
25656131 1201
25656181 8
25656199 105
25656199 125
25656331 5
25656331 8513
25656409 15
25656409 24
25656443 1
25656581 3795
25656629 96
25656671 1
25656739 285
25656899 1
25656899 84
25657031 1
25657031 8301
25657061 3
25657133 3
25657211 1
25657319 1
25657321 164
25657361 364
25657361 1659
25657409 240
25657453 23
25657501 8
25657519 5616
25657579 2156
25657579 8169
25657591 5
25657591 33
25657747 1848
25657757 2064
25657843 852
25657927 9
25658137 68
25658153 3
25658161 23
25658183 1
25658183 85
25658267 4
25658327 4
25658327 57
25658377 3
25658407 1520
25658419 1500
25658441 4
25658447 9
25658459 1
25658557 440
25658587 12
25658597 3
25658599 5
25658629 1440
25658641 1904
25658651 16
25658701 20
25658779 5
25658779 96
25658813 3
25658827 57
25658849 96
25658891 420
25658909 1851
25658909 6835
25658993 840
25659037 3
25659083 1
25659181 324
25659211 4820
25659251 1
25659503 1
25659521 423
25659547 45
25659637 3
25659637 68
25659713 267
25659731 4728
25659779 45
25659797 99
25659839 1
25659859 152
25659943 12
25659967 5024
25660067 28
25660067 429
25660079 2805
25660091 1
25660133 3
25660319 1
25660367 552
25660381 3
25660399 9
25660501 71
25660519 3441
25660541 4
25660589 16
25660589 831
25660619 84
25660619 3997
25660669 351
25660703 4168
25660727 105
25660751 4
25660751 724
25660807 5
25660807 33
25660937 315
25660949 19
25660979 172
25661071 9
25661071 20
25661071 81
25661099 4
25661101 2643
25661231 4
25661231 9
25661243 1
25661257 579
25661291 4
25661299 449
25661371 8309
25661429 7
25661479 80
25661501 3
25661501 5731
25661527 4197
25661611 780
25661639 12
25661639 780
25661651 1
25661659 77
25661717 63
25661719 5
25661771 1
25661791 1961
25661849 76
25661849 364
25661947 45
25661971 1484
25661981 24
25662059 96
25662097 3
25662107 228
25662199 6869
25662251 36
25662313 11
25662313 440
25662317 3
25662323 6528
25662337 335
25662353 4975
25662391 105
25662409 11
25662431 1
25662467 12
25662467 25
25662479 37
25662551 13
25662583 8
25662667 9
25662727 5
25662781 3
25662839 3649
25662899 117
25662953 72
25662961 608
25663111 8960
25663241 903
25663247 597
25663321 663
25663321 2931
25663361 2320
25663541 43
25663541 408
25663679 12
25663697 399
25663711 5
25663751 16
25663751 133
25663787 444
25663823 1525
25663853 3
25663853 48
25663853 8223
25664017 75
25664123 1
25664123 3777
25664189 799
25664263 801
25664281 3
25664281 344
25664363 16
25664521 96
25664531 1
25664629 35
25664629 47
25664929 2135
25665041 348
25665043 5
25665047 25
25665071 1
25665131 1
25665131 105
25665163 12
25665187 17
25665187 53
25665187 753
25665251 1209
25665329 180
25665391 53
25665391 2345
25665433 23
25665487 4172
25665589 12
25665641 5928
25665721 9296
25665743 1392
25665743 3112
25665793 3
25665793 275
25665839 4
25665911 25
25665929 27
25665929 100
25665943 20
25665947 177
25665949 320
25665973 47
25665973 2067
25666009 9860
25666033 1527
25666037 48
25666057 3
25666111 2645
25666213 411
25666217 3
25666217 4
25666217 1099
25666241 3
25666279 2745
25666307 13
25666307 8044
25666331 1
25666337 12
25666349 847
25666373 15
25666373 43
25666391 1
25666391 4
25666601 2580
25666603 60
25666637 352
25666661 115
25666703 1
25666717 5879
25666759 8112
25666763 228
25666859 1
25666859 9
25667051 1
25667111 1
25667177 115
25667209 279
25667329 92
25667393 255
25667483 13
25667561 108
25667683 1821
25667713 7280
25667743 20
25667743 1133
25667771 9
25667771 325
25667801 3
25667827 104
25667827 8732
25667897 7
25667897 3279
25667989 171
25668323 1
25668329 9171
25668371 1
25668523 12
25668557 952
25668607 5
25668619 24
25668679 41
25668689 79
25668697 20
25668743 517
25668763 7268
25668803 1
25668821 16
25668821 6148
25669001 16
25669073 3
25669169 120
25669211 1
25669243 1733
25669261 15
25669339 24
25669433 280
25669481 1008
25669499 1
25669529 4
25669529 15
25669559 597
25669591 4304
25669597 3
25669603 117
25669673 12
25669739 1
25669747 5
25669747 393
25669747 9197
25669799 21
25669801 44
25669801 5900
25669811 5424
25669859 217
25669859 1581
25669877 268
25669883 328
25669921 3
25669937 4567
25669957 59
25669981 1776
25670009 7
25670033 51
25670039 216
25670041 11
25670137 83
25670243 7816
25670287 293
25670291 3381
25670353 3
25670353 8
25670363 108
25670431 80
25670503 8
25670531 1
25670621 876
25670621 1135
25670741 3
25670741 648
25670741 2628
25670819 1
25671029 819
25671089 31
25671101 51
25671209 7
25671209 15
25671263 1
25671311 1
25671323 253
25671361 6884
25671419 3376
25671491 1
25671539 25
25671539 45
25671539 1249
25671553 3
25671553 2952
25671593 31
25671623 201
25671631 576
25671713 112
25671727 893
25671733 27
25671847 80
25671847 137
25671889 24
25671889 32
25671973 720
25672051 41
25672063 80
25672081 71
25672099 5
25672133 516
25672183 2265
25672243 2808
25672289 4171
25672291 609
25672307 13
25672307 525
25672379 1
25672417 3099
25672447 5
25672469 3564
25672571 1
25672657 3
25672721 84
25672793 7
25672811 9
25672861 80
25672901 3
25672919 1
25672921 4356
25672939 5
25672939 1916
25673023 5
25673023 236
25673069 955
25673099 5437
25673113 3
25673113 35
25673509 179
25673509 2195
25673573 480
25673603 1
25673653 468
25673699 4
25673707 2348
25673789 912
25673861 24
25673929 9147
25673951 5593
25673951 7165
25673953 51
25674007 332
25674017 2044
25674179 16
25674331 8
25674343 32
25674433 12
25674533 40
25674577 207
25674581 15
25674587 153
25674661 3
25674667 57
25674667 8132
25674673 3
25674673 11
25674683 2880
25674697 27
25674697 1088
25674731 49
25674731 61
25674799 264
25674997 87
25675009 800
25675123 2225
25675187 640
25675211 1
25675231 8
25675313 276
25675421 4
25675451 1
25675477 3
25675477 15
25675477 375
25675499 2464
25675523 16
25675547 4
25675549 336
25675589 556
25675619 1
25675649 120
25675651 33
25675777 12
25675787 228
25675789 12
25675823 1128
25675907 220
25676051 28
25676143 1185
25676159 1
25676237 75
25676243 1
25676243 756
25676267 4
25676293 80
25676351 1
25676449 15
25676569 1256
25676603 16
25676603 100
25676621 43
25676689 200
25676713 15
25676743 8
25676743 36
25676831 4828
25676837 348
25676881 59
25677023 1
25677023 13
25677031 9
25677059 1
25677073 3
25677073 36
25677107 1048
25677109 60
25677367 1805
25677367 4029
25677473 40
25677643 17
25677719 1
25677727 137
25677733 987
25677737 8563
25677761 3148
25677809 4
25677809 3219
25677851 9
25677857 5812
25677989 16
25678019 2772
25678019 2949
25678069 3159
25678117 1440
25678141 44
25678153 3
25678183 8
25678241 180
25678297 12
25678343 1
25678361 748
25678361 3583
25678361 9459
25678501 288
25678573 203
25678573 2927
25678643 12
25678657 3
25678661 219
25678739 1
25678801 299
25678811 1
25678969 8075
25678973 2163
25679021 1276
25679021 1284
25679099 57
25679113 6747
25679131 36
25679341 15
25679359 9
25679359 296
25679387 577
25679389 47
25679447 1788
25679447 2284
25679461 60
25679473 380
25679543 48
25679551 93
25679579 2257
25679603 25
25679671 356
25679699 21
25679701 3
25679851 1224
25679897 3
25679923 20
25679959 5
25679959 789
25679999 1
25679999 9
25679999 21
25680023 1
25680023 81
25680023 328
25680079 477
25680079 2201
25680209 4
25680247 8
25680247 8513
25680253 4872
25680287 25
25680287 3292
25680337 2672
25680367 164
25680367 372
25680607 4932
25680643 177
25680649 336
25680731 1021
25680757 8
25680821 4
25680833 3
25680859 677
25680901 6335
25680911 9444
25681031 1
25681063 8
25681063 17
25681079 1
25681151 1
25681151 108
25681231 161
25681261 515
25681289 6036
25681351 305
25681393 627
25681393 6107
25681451 1
25681459 29
25681499 1
25681507 5
25681541 4
25681613 3
25681613 507
25681637 7668
25681661 3
25681661 316
25681681 11
25681681 275
25681717 8
25681763 2533
25681771 156
25681801 1796
25681853 43
25681861 8
25681861 1815
25681861 2144
25681891 44
25681913 60
25681921 15
25681969 15
25681969 327
25682009 487
25682071 1560
25682093 436
25682141 316
25682149 1832
25682269 72
25682311 5
25682323 932
25682401 80
25682453 48
25682473 3
25682473 32
25682669 55
25682707 1845
25682711 1
25682747 660
25682791 104
25682897 147
25682957 3
25682963 1
25682999 1
25683071 1
25683167 13
25683227 4
25683227 33
25683247 108
25683289 72
25683347 28
25683373 15
25683397 3
25683503 693
25683509 4
25683557 40
25683673 12
25683689 4
25683731 9
25683739 57
25683751 209
25683767 33
25683803 1
25683803 301
25683829 452
25684157 3
25684187 292
25684273 311
25684313 3
25684381 23
25684381 120
25684553 3
25684577 4
25684597 2060
25684619 1
25684627 240
25684643 276
25684657 15
25684753 4991
25684759 72
25684759 3972
25684781 4
25684811 1
25684811 1401
25684847 957
25684853 195
25684877 247
25684963 12
25685021 24
25685063 1
25685063 237
25685063 316
25685069 919
25685117 4
25685189 8419
25685299 9872
25685399 4
25685461 5300
25685497 1908
25685501 484
25685519 1
25685519 9
25685519 4377
25685531 1
25685629 15
25685771 33
25685813 2476
25685833 116
25685839 569
25685897 3
25685939 432
25685951 3325
25685969 4
25686013 2448
25686121 3
25686149 211
25686173 3
25686263 1
25686343 348
25686403 8
25686433 3
25686433 980
25686443 13
25686467 9
25686497 12
25686629 24
25686659 4
25686671 4
25686707 8212
25686733 72
25686823 5
25686853 2480
25686989 16
25687117 1155
25687231 5
25687307 28
25687367 69
25687429 56
25687523 1
25687553 132
25687553 168
25687631 1
25687661 96
25687679 4
25687691 1
25687723 41
25687723 56
25687723 293
25687759 1269
25687763 1665
25687801 7616
25687843 17
25687843 437
25687847 6408
25687859 12
25687859 7740
25687861 144
25687973 7552
25687993 32
25688011 5
25688023 21
25688059 1257
25688129 4
25688237 9352
25688281 7140
25688317 3399
25688353 92
25688353 675
25688473 12
25688489 7
25688489 16
25688521 3
25688561 9411
25688669 6744
25688681 3
25688681 1603
25688699 1
25688701 3
25688701 2888
25688783 936
25688933 7
25688977 27
25688981 76
25689029 3207
25689031 53
25689067 2448
25689089 15
25689163 5
25689199 969
25689277 4875
25689337 3
25689403 17
25689467 432
25689467 6820
25689481 348
25689481 1443
25689497 1728
25689529 207
25689571 48
25689641 3
25689707 9
25689749 15
25689749 5175
25689809 4
25689889 4431
25689913 32
25689959 1
25689959 832
25690039 252
25690069 20
25690079 1
25690081 15
25690123 221
25690129 12
25690139 1
25690139 72
25690141 1628
25690177 3
25690373 3
25690627 44
25690627 588
25690667 7249
25690733 7
25690751 1
25690751 16
25690771 125
25690771 189
25690933 548
25690991 1
25691011 5
25691041 5708
25691047 33
25691143 101
25691147 408
25691177 448
25691201 271
25691389 24
25691459 117
25691459 3996
25691569 839
25691639 1
25691779 41
25691791 5
25691837 12
25691837 532
25691863 5
25691923 2852
25691977 840
25691987 28
25692001 15
25692059 1
25692067 708
25692067 2244
25692133 5216
25692157 44
25692239 1
25692263 25
25692323 1
25692391 1353
25692419 9621
25692451 105
25692479 16
25692539 1
25692539 3960
25692701 3
25692703 225
25692713 7
25692713 15
25692743 1
25692829 2459
25692851 4
25692853 7203
25692881 15
25692941 1443
25693009 275
25693013 7
25693099 5
25693163 1
25693279 416
25693279 816
25693319 1
25693483 21
25693517 3
25693517 12
25693517 132
25693523 2941
25693559 9
25693559 1536
25693583 1008
25693639 5
25693697 9564
25693771 8933
25693793 1140
25693933 8
25693949 12
25693949 40
25693973 4800
25693979 25
25693991 60
25693999 309
25694057 3
25694111 1
25694131 321
25694147 28
25694161 11
25694189 76
25694189 2547
25694189 6240
25694267 4
25694401 9635
25694489 1156
25694573 3
25694573 2475
25694587 3165
25694639 4
25694723 12
25694743 12
25694789 7044
25694791 276
25694843 1308
25694959 56
25695077 4479
25695181 15
25695181 891
25695269 264
25695281 3
25695289 36
25695331 4680
25695379 7404
25695451 24
25695451 9765
25695599 1
25695599 16
25695611 1645
25695707 24
25695727 29
25695743 48
25695743 76
25695751 5
25695751 585
25695841 60
25695893 2683
25695919 57
25695973 260
25696031 1
25696031 109
25696079 160
25696171 728
25696259 589
25696271 1
25696283 72
25696421 60
25696471 801
25696507 17
25696549 32
25696549 35
25696637 4
25696663 461
25696663 5213
25696669 99
25696691 121
25696691 4233
25696807 69
25696823 1
25696969 116
25697051 181
25697083 20
25697153 1507
25697239 12
25697257 12
25697267 312
25697267 1740
25697267 6040
25697281 4244
25697333 100
25697407 249
25697411 1
25697411 60
25697423 828
25697429 4
25697437 3
25697453 748
25697657 1279
25697663 1
25697677 2787
25697681 15
25697807 4
25697821 3
25697891 1
25698097 12
25698119 12
25698131 1
25698187 5
25698251 1
25698251 529
25698311 105
25698353 7
25698353 67
25698359 9
25698389 4
25698601 8
25698637 3
25698643 6528
25698671 4660
25698691 5
25698763 245
25698767 12
25698767 265
25698833 492
25698877 1148
25698919 284
25698929 24
25698931 9
25698949 20
25698973 12
25699007 2544
25699007 4053
25699061 19
25699081 8
25699259 1
25699363 96
25699363 417
25699543 465
25699559 645
25699769 16
25699781 3040
25699789 7175
25699811 49
25699813 6663
25699819 5
25699819 21
25699889 4
25699969 152
25700113 3
25700113 6216
25700183 232
25700189 280
25700219 1
25700231 1
25700291 9736
25700299 8576
25700303 40
25700473 8
25700489 4
25700579 384
25700593 735
25700611 5
25700723 1
25700723 820
25700777 3
25700849 7
25700849 19
25700849 280
25700887 737
25700911 701
25701007 5
25701007 20
25701007 7044
25701019 29
25701031 6876
25701089 4
25701101 6156
25701173 27
25701241 8
25701317 6135
25701323 240
25701349 591
25701359 1
25701367 20
25701391 5781
25701469 35
25701493 8
25701701 4
25701701 336
25701817 408
25701857 40
25701881 135
25701919 1404
25701947 297
25702037 15
25702051 3893
25702057 507
25702153 27
25702217 7
25702267 968
25702513 56
25702541 4
25702597 12
25702619 1
25702619 672
25702669 1427
25702811 1
25702811 121
25702823 1
25702927 108
25702931 1
25702939 5
25703003 1
25703053 440
25703089 71
25703177 4
25703177 2155
25703273 51
25703281 444
25703299 9
25703317 12
25703317 1059
25703329 15
25703329 296
25703329 399
25703329 740
25703347 329
25703383 1980
25703429 3664
25703453 72
25703477 4
25703477 7
25703533 792
25703549 2524
25703651 28
25703663 1
25703663 253
25703687 48
25703693 36
25703767 8172
25703819 1
25703819 12
25703869 119
25703897 2884
25703921 3
25704013 3
25704013 2163
25704013 8252
25704071 1
25704101 63
25704109 56
25704113 16
25704163 36
25704331 45
25704377 28
25704383 1
25704383 13
25704491 1
25704517 3
25704521 28
25704557 40
25704641 15
25704671 216
25704691 80
25704727 108
25704953 91
25705079 49
25705093 32
25705123 72
25705177 420
25705187 28
25705373 523
25705387 7464
25705391 9673
25705403 13
25705429 60
25705441 24
25705441 2180
25705457 5115
25705481 3
25705523 1
25705523 12
25705543 5
25705597 32
25705601 15
25705609 3404
25705627 2084
25705637 24
25705723 261
25705723 1485
25705733 207
25705741 56
25705817 360
25705859 16
25705871 1
25705931 1
25705963 5
25705987 140
25705997 2992
25706033 40
25706033 103
25706063 717
25706101 1268
25706129 15
25706207 9
25706299 80
25706311 429
25706339 289
25706423 1
25706501 300
25706641 3
25706641 539
25706683 101
25706701 20
25706767 728
25706783 1
25706797 8
25706869 275
25706917 207
25706917 312
25706921 555
25706929 387
25706953 3
25706999 1192
25706999 5101
25707061 176
25707113 3
25707139 336
25707197 24
25707211 29
25707301 908
25707313 671
25707317 2059
25707391 5
25707457 267
25707547 312
25707653 3
25707743 36
25707797 312
25707821 91
25707823 5
25707823 120
25707887 1429
25707953 48
25708019 49
25708019 732
25708087 8
25708099 120
25708169 16
25708211 1
25708211 9
25708223 1
25708283 8776
25708343 853
25708447 24
25708499 84
25708547 9069
25708723 441
25708769 72
25708769 372
25708933 5207
25708961 60
25708967 12
25709003 1
25709063 1
25709063 793
25709119 80
25709129 4
25709231 24
25709237 28
25709279 4
25709303 1
25709303 52
25709353 851
25709381 24
25709429 96
25709531 9736
25709549 15
25709587 9
25709623 101
25709669 180
25709711 40
25709711 3045
25709851 44
25709861 2848
25709891 1
25709891 609
25709923 461
25710043 1136
25710101 4
25710263 1
25710367 2129
25710491 1
25710491 69
25710497 7
25710499 116
25710533 331
25710547 17
25710547 77
25710571 2153
25710571 2216
25710679 5
25710719 1
25710719 1981
25710779 8176
25710793 68
25710859 12
25710889 20
25711019 181
25711027 525
25711031 2593
25711067 4
25711177 3
25711193 3
25711193 75
25711211 880
25711241 495
25711271 1
25711321 8
25711321 15
25711331 25
25711333 1823
25711391 1
25711453 4323
25711459 140
25711507 5
25711513 216
25711601 36
25711627 12
25711627 212
25711753 7047
25711799 105
25711963 212
25712101 23
25712117 40
25712213 3
25712233 48
25712311 41
25712363 1
25712383 12
25712443 5
25712693 3120
25712711 4
25712711 268
25712759 4
25712783 1632
25712783 2176
25712917 2235
25712957 15
25712957 7108
25712987 40
25713071 1
25713091 456
25713091 1041
25713131 424
25713161 3
25713161 4
25713283 2228
25713313 3635
25713329 7
25713341 39
25713397 23
25713397 104
25713407 69
25713407 369
25713407 513
25713419 2545
25713433 23
25713577 15
25713599 1
25713599 2389
25713643 8
25713643 101
25713671 4
25713689 12
25713697 3999
25713719 252
25713769 1571
25713803 625
25713943 1953
25713959 1
25714057 27
25714057 1292
25714079 9
25714099 1721
25714219 56
25714219 180
25714309 36
25714309 47
25714309 119
25714331 124
25714361 3124
25714361 3763
25714369 647
25714411 36
25714439 1
25714439 4
25714441 3
25714573 83
25714597 3984
25714697 8484
25714807 65
25714807 152
25714813 3231
25714823 1
25714853 3
25714921 8
25715009 40
25715023 8
25715023 336
25715029 2972
25715051 48
25715119 189
25715167 2537
25715243 1
25715293 3
25715321 3
25715321 1935
25715381 3
25715467 9
25715507 12
25715539 1997
25715567 4
25715579 100
25715581 96
25715603 576
25715639 1
25715689 35
25715717 48
25715737 167
25715741 63
25715741 9996
25715813 120
25715813 5967
25715819 4
25715819 21
25715827 5
25715827 884
25715827 933
25715869 80
25716017 4
25716023 1
25716023 37
25716029 5716
25716083 40
25716083 177
25716203 4692
25716259 237
25716337 23
25716499 17
25716539 1
25716629 520
25716667 5
25716851 336
25716851 2988
25716857 1279
25716871 8
25716871 5565
25716917 7
25716917 127
25716991 3489
25717049 4
25717049 36
25717063 1397
25717261 11
25717297 3
25717357 575
25717361 31
25717547 2004
25717673 1903
25717721 2919
25717723 1308
25717819 2225
25717871 1
25717871 204
25717871 220
25717943 1
25717949 19
25717987 6228
25718081 16
25718083 245
25718141 16
25718141 216
25718177 3
25718179 1389
25718221 8
25718233 203
25718279 1
25718291 4525
25718383 5
25718431 221
25718449 27
25718479 9
25718489 87
25718509 740
25718591 4
25718617 12
25718653 36
25718653 867
25718653 9803
25718657 12
25719017 3
25719019 1092
25719041 3
25719049 44
25719053 7
25719137 7
25719157 3
25719163 33
25719167 12
25719167 7425
25719191 2773
25719209 52
25719271 8
25719271 3788
25719277 7824
25719301 239
25719307 8
25719307 413
25719431 4
25719431 7461
25719437 79
25719511 5673
25719527 12
25719569 499
25719601 3500
25719611 33
25719611 1504
25719619 137
25719643 21
25719769 120
25719803 1888
25719809 3387
25719853 8
25719923 6201
25719937 539
25719959 1
25719983 172
25720061 2475
25720087 8
25720181 19
25720273 3116
25720349 4411
25720351 56
25720351 3261
25720363 12
25720399 81
25720399 4380
25720427 460
25720469 52
25720511 1
25720511 21
25720561 8
25720619 4
25720631 1
25720663 408
25720663 5700
25720679 49
25720769 2419
25720777 3
25720777 9812
25720841 3
25720921 171
25720931 1753
25720943 12
25721011 300
25721197 339
25721281 308
25721287 5
25721317 1347
25721417 4
25721417 39
25721503 17
25721543 228
25721551 9993
25721609 7
25721627 232
25721747 393
25721767 9
25721789 7
25721827 20
25721939 1
25721957 28
25721963 1
25721963 156
25721999 4
25721999 69
25722023 2001
25722031 548
25722031 6180
25722133 47
25722223 20
25722227 5400
25722247 2052
25722251 3469
25722313 6656
25722413 160
25722427 24
25722427 125
25722491 348
25722569 2535
25722577 2492
25722607 8
25722737 9927
25722743 1
25722793 60
25722863 1
25723007 132
25723043 7740
25723097 120
25723141 195
25723157 27
25723171 645
25723189 3615
25723189 6972
25723219 2076
25723253 3
25723259 69
25723309 12
25723507 108
25723559 1
25723561 11
25723627 9
25723627 20
25723627 45
25723631 9
25723679 1
25723811 1
25723811 4
25723811 49
25723897 228
25723961 3
25724029 315
25724123 1
25724161 39
25724183 1
25724183 141
25724183 361
25724299 3309
25724333 3696
25724341 3
25724399 1
25724411 1
25724437 3
25724483 1
25724483 96
25724539 77
25724549 7
25724641 3
25724773 5168
25724807 184
25724821 195
25724891 9
25724903 97
25724977 92
25725053 5808
25725083 1
25725151 513
25725191 133
25725197 4
25725197 1119
25725211 884
25725211 2849
25725283 12
25725283 221
25725451 21
25725451 2084
25725457 147
25725457 200
25725461 115
25725463 20
25725533 12
25725611 3033
25725647 6849
25725659 1465
25725809 15
25725809 19
25725881 3
25725907 144
25725971 48
25726031 24
25726367 45
25726367 1549
25726369 8135
25726381 56
25726411 65
25726499 232
25726511 1
25726541 4
25726579 36
25726583 1
25726643 76
25726663 5465
25726691 1
25726711 261
25726777 324
25726801 23
25726829 555
25726837 23
25726859 96
25726859 745
25726867 4877
25726873 3
25727011 21
25727113 9408
25727167 120
25727291 1
25727297 4
25727323 56
25727329 75
25727357 12
25727389 2732
25727417 7
25727417 1932
25727557 2979
25727711 1
25727711 744
25727771 1
25727791 53
25727873 2043
25727893 3980
25727899 9
25727899 140
25727983 6405
25728119 1
25728323 33
25728457 335
25728533 196
25728569 84
25728581 3
25728617 4519
25728709 75
25728709 212
25728809 1759
25728851 13
25728883 68
25728883 152
25728883 228
25728889 1052
25728917 4
25728991 5
25729073 96
25729199 9
25729213 3
25729213 2847
25729217 4
25729219 56
25729219 1277
25729237 1263
25729241 163
25729247 2373
25729271 1876
25729303 36
25729321 3
25729321 39
25729471 4605
25729499 1989
25729499 2989
25729547 2248
25729651 5
25729657 60
25729657 312
25729813 1976
25730017 272
25730021 99
25730041 515
25730071 6885
25730087 3813
25730137 108
25730149 396
25730233 116
25730233 120
25730267 13
25730437 15
25730461 8
25730461 39
25730483 1
25730539 77
25730539 245
25730633 420
25730681 196
25730699 9
25730717 52
25730849 79
25730893 395
25730923 816
25730927 4
25730927 24
25730981 420
25731029 4
25731053 816
25731059 16
25731119 1
25731133 35
25731197 48
25731311 88
25731371 81
25731373 27
25731469 4647
25731547 9
25731547 7004
25731571 333
25731631 1176
25731631 2144
25731647 109
25731647 544
25731677 3
25731677 4447
25731731 6265
25731803 9645
25731859 9
25731877 3140
25731911 1
25732079 660
25732229 540
25732261 995
25732277 3
25732277 60
25732313 28
25732351 89
25732409 7047
25732417 387
25732439 12
25732513 755
25732727 373
25732841 4
25732853 211
25732901 3
25732921 60
25733003 1
25733107 12
25733171 1
25733171 28
25733171 3516
25733177 12
25733177 15
25733339 52
25733341 3
25733443 2108
25733471 916
25733497 23
25733579 124
25733671 89
25733671 488
25733783 1
25733819 1801
25733927 2149
25733989 27
25734011 2344
25734091 21
25734161 2728
25734283 1437
25734283 1985
25734323 1
25734367 648
25734409 47
25734581 384
25734671 16
25734739 20
25734749 4
25734827 600
25734851 4
25734851 8284
25734857 7
25734883 261
25734967 8
25734971 9
25734983 1
25735001 15
25735007 24
25735079 3324
25735109 3879
25735163 52
25735181 3
25735181 4
25735189 39
25735211 1
25735223 21
25735231 60
25735379 57
25735393 20
25735393 920
25735403 292
25735439 25
25735511 1
25735517 3603
25735601 3
25735613 15
25735657 3
25735681 23
25735753 2787
25735763 52
25735877 7
25735901 3
25735951 24
25735981 3
25735993 251
25736063 40
25736101 24
25736153 27
25736261 40
25736261 99
25736341 495
25736377 4899
25736407 2157
25736411 1
25736549 1620
25736611 344
25736687 9
25736707 245
25736707 737
25736729 124
25736761 320
25736771 324
25736779 17
25736831 1
25736831 4
25736831 3025
25736939 1
25736981 1540
25736981 1908
25736983 93
25736999 1
25737017 175
25737029 16
25737083 21
25737097 15
25737139 9
25737197 4
25737259 1185
25737293 5923
25737307 5
25737359 1
25737389 4636
25737449 4
25737469 20
25737479 252
25737493 3480
25737563 385
25737653 3
25737653 16
25737653 2356
25737659 5644
25737809 1344
25737841 23
25737893 16
25737923 97
25737923 805
25737973 11
25738057 8
25738129 56
25738147 29
25738241 3
25738241 1540
25738243 1665
25738249 39
25738393 8
25738411 1893
25738417 4455
25738439 301
25738451 1
25738451 1573
25738477 3
25738477 935
25738499 552
25738511 36
25738543 80
25738579 8652
25738613 3
25738763 1
25738793 28
25738837 164
25738847 25
25738877 583
25738903 533
25738903 1253
25738931 9
25739039 24
25739039 141
25739081 4
25739111 388
25739111 961
25739137 5628
25739177 67
25739251 636
25739251 948
25739381 63
25739401 8
25739473 32
25739563 272
25739563 660
25739627 4
25739633 1876
25739647 5
25739687 13
25739713 128
25739767 29
25739807 4
25739867 9
25739999 1
25740007 177
25740097 9875
25740131 1
25740163 216
25740263 40
25740263 300
25740347 13
25740503 1
25740503 45
25740503 1125
25740521 5019
25740569 7
25740587 13
25740619 4017
25740629 235
25740629 7171
25740653 43
25740713 2707
25740787 885
25740809 75
25740947 1152
25740973 20
25741063 5
25741063 1197
25741201 3
25741217 859
25741229 7
25741283 1561
25741337 3
25741363 201
25741379 1
25741487 24
25741487 5812
25741493 12
25741591 5
25741721 28
25741733 3
25741799 364
25741841 243
25741847 157
25741871 1
25741901 1831
25741981 3
25741999 12
25741999 17
25741999 1785
25742021 504
25742023 41
25742273 3
25742273 312
25742411 1285
25742413 203
25742443 12
25742447 4
25742653 9420
25742659 20
25742659 1056
25742903 1
25742903 1312
25742993 3
25743007 53
25743071 4
25743077 115
25743143 72
25743239 109
25743323 8040
25743353 12
25743391 24
25743479 1
25743563 1
25743607 5
25743617 127
25743659 12
25743737 3
25743853 2988
25743901 8
25743929 1180
25743997 3
25744073 3
25744079 1
25744261 3
25744289 19
25744289 112
25744349 7
25744349 4632
25744493 36
25744493 211
25744531 1253
25744577 1519
25744583 1
25744651 20
25744661 1543
25744781 16
25744801 11
25744847 25
25744871 1
25744871 5824
25744883 837
25744993 203
25744997 52
25745039 141
25745051 48
25745267 1080
25745383 248
25745443 5285
25745471 780
25745479 12
25745509 1427
25745549 460
25745557 15
25745563 113
25745641 1583
25745711 256
25745767 5
25745767 1029
25745857 8
25745861 3639
25745899 912
25745899 3005
25745971 105
25745971 129
25746047 25
25746053 2028
25746059 9
25746103 12
25746251 1
25746289 3971
25746307 3684
25746353 103
25746377 3
25746397 3
25746439 5
25746473 16
25746569 36
25746839 465
25746841 2231
25746971 4
25746971 96
25747087 8432
25747103 25
25747103 201
25747123 56
25747159 24
25747213 56
25747237 12
25747259 3892
25747277 7
25747279 5
25747279 8984
25747283 1
25747289 4575
25747409 27
25747507 57
25747609 1484
25747613 480
25747661 3
25747661 4
25747721 76
25747739 69
25747739 1621
25747753 132
25747807 8
25747913 9496
25747951 20
25747973 12
25747991 9
25748003 1765
25748077 2468
25748153 15
25748153 108
25748231 13
25748231 1156
25748237 220
25748257 195
25748291 204
25748297 4
25748413 11
25748461 95
25748461 416
25748479 12
25748483 892
25748609 4
25748617 83
25748617 380
25748651 1285
25748669 787
25748677 347
25748687 40
25748699 1
25748711 1
25748797 3
25748843 1
25748909 715
25748909 9859
25748911 1185
25748923 1653
25748953 12
25748993 51
25749079 5
25749209 231
25749209 331
25749209 1236
25749209 1620
25749247 20
25749263 1288
25749281 3
25749293 1792
25749323 460
25749401 19
25749401 48
25749433 12
25749457 3
25749551 13
25749583 57
25749629 16
25749707 6792
25749739 2924
25749751 5
25749751 741
25749761 24
25749791 1981
25749847 24
25749863 1
25749863 145
25749923 193
25749973 8
25750007 517
25750013 3
25750037 24
25750303 32
25750303 53
25750331 1
25750343 37
25750349 1276
25750391 1
25750447 32
25750469 76
25750469 319
25750469 3799
25750519 21
25750519 3257
25750541 4
25750541 76
25750589 6891
25750619 1
25750619 16
25750787 13
25750883 25
25750889 1344
25751003 1
25751003 717
25751123 2092
25751221 24
25751267 4
25751267 217
25751273 63
25751291 21
25751293 48
25751293 56
25751303 81
25751353 3
25751381 63
25751387 4
25751399 1
25751423 13
25751471 1
25751543 1
25751599 5
25751653 228
25751717 67
25751717 9504
25751801 15
25751807 7380
25751833 48
25751863 8
25751903 1
25751951 1141
25752047 13
25752079 264
25752079 6804
25752109 3491
25752169 7356
25752241 15
25752241 3651
25752343 1601
25752359 9
25752359 229
25752487 1908
25752491 1
25752491 3616
25752539 1
25752539 21
25752563 1
25752611 4
25752611 285
25752689 7
25752689 39
25752751 144
25752767 4
25752787 9
25752823 4092
25752871 813
25752901 231
25752911 1
25752929 7
25752983 1
25753051 8640
25753093 8696
25753127 9
25753337 84
25753459 7976
25753463 1
25753523 1
25753627 8
25753633 3
25753669 11
25753733 7
25753753 8576
25753807 4460
25753817 144
25753829 91
25753843 17
25753879 9
25753933 35
25753933 188
25753957 284
25754077 15
25754077 108
25754077 707
25754081 63
25754129 4
25754369 7
25754387 208
25754387 1608
25754447 5404
25754471 6493
25754483 16
25754539 65
25754563 8
25754657 132
25754689 104
25754717 5812
25754723 196
25754851 8280
25754951 256
25754969 4
25754999 1
25755043 5
25755053 448
25755143 12
25755173 508
25755199 1416
25755229 2519
25755229 6912
25755307 5
25755311 4
25755313 3495
25755347 4
25755347 112
25755347 328
25755383 61
25755413 88
25755461 28
25755479 1
25755479 4
25755479 61
25755487 1877
25755553 2675
25755557 27
25755557 232
25755563 1
25755713 3
25755767 25
25755797 604
25755841 48
25755997 887
25756019 1
25756151 4
25756193 28
25756219 44
25756259 112
25756271 268
25756301 36
25756337 7383
25756361 55
25756363 9065
25756399 9
25756399 852
25756439 16
25756459 12
25756459 189
25756543 60
25756583 1
25756583 1120
25756603 21
25756603 780
25756673 63
25756673 3703
25756697 2175
25756721 3
25756807 48
25756807 3732
25756811 360
25756811 1029
25756859 1
25756873 2780
25756889 1540
25756909 95
25756931 1
25756967 132
25757021 168
25757029 7772
25757111 36
25757243 40
25757273 2247
25757327 4
25757383 41
25757383 77
25757383 4901
25757411 16
25757441 3
25757449 12
25757461 24
25757461 1584
25757467 20
25757527 8
25757527 368
25757561 63
25757591 33
25757651 3784
25757707 5
25757761 5819
25757773 2340
25757777 919
25757801 3
25757801 16
25757801 484
25757821 2936
25757909 39
25757981 4
25758001 363
25758001 1875
25758151 69
25758163 5
25758181 35
25758191 45
25758199 101
25758203 85
25758307 7160
25758311 193
25758391 20
25758391 89
25758443 1
25758461 4815
25758493 11
25758511 2081
25758529 267
25758533 3175
25758563 1392
25758589 440
25758599 1
25758659 1060
25758709 876
25758721 255
25758767 97
25758767 168
25758767 3264
25758779 1485
25758973 15
25758979 5
25759049 55
25759051 125
25759099 720
25759381 3
25759381 5516
25759397 24
25759429 104
25759463 1
25759477 464
25759499 4
25759499 21
25759499 6576
25759529 87
25759529 5199
25759589 7
25759823 1
25759823 1497
25759829 1167
25759997 360
25760057 3835
25760087 13
25760123 1
25760201 24
25760221 231
25760243 33
25760281 7268
25760369 40
25760377 3
25760417 3
25760479 3792
25760549 7
25760689 272
25760689 1956
25760837 3
25760863 8
25760863 53
25760869 27
25760887 2888
25760927 13
25760953 95
25760957 3
25761293 15
25761391 5
25761497 7
25761539 1140
25761557 4
25761559 5
25761677 2287
25761689 1884
25761707 472
25761707 1732
25761709 36
25761721 8
25761721 6308
25761811 5
25761871 584
25762097 820
25762127 3292
25762193 715
25762223 2137
25762267 1085
25762337 2392
25762367 57
25762393 3
25762433 31
25762511 6025
25762571 1624
25762573 12
25762579 5
25762603 68
25762703 1980
25762799 1
25762799 52
25762811 124
25762813 3
25762813 1631
25762931 1
25762963 585
25763057 15
25763119 60
25763119 116
25763161 4659
25763203 108
25763203 2121
25763249 15
25763249 316
25763327 184
25763357 52
25763363 33
25763363 481
25763597 2575
25763651 1
25763741 3
25763827 165
25763839 21
25763873 15
25763909 27
25763917 59
25763953 3
25764077 2832
25764097 3
25764097 9804
25764139 3041
25764203 8208
25764287 13
25764311 1
25764313 8
25764493 3
25764527 88
25764539 892
25764559 329
25764679 5
25764763 20
25764763 1028
25764919 1301
25764919 2049
25764983 1252
25765153 300
25765193 16
25765219 101
25765219 1040
25765381 3
25765381 68
25765391 1
25765459 5
25765459 344
25765547 217
25765549 2492
25765561 111
25765609 24
25765637 7272
25765639 6065
25765651 48
25765703 1
25765711 1344
25765723 180
25765723 7232
25765739 9
25765757 12
25765763 1
25765811 33
25765879 2369
25765913 1096
25765913 7755
25765979 7440
25765981 3
25766093 7
25766093 40
25766231 580
25766243 1
25766309 7
25766333 3
25766341 8
25766341 204
25766453 16
25766623 212
25766627 1197
25766651 1
25766651 9
25766743 405
25766801 2991
25766813 7
25766887 12
25766891 45
25766891 1521
25766941 36
25766959 900
25767023 1
25767047 48
25767127 3588
25767251 1
25767263 205
25767263 673
25767271 213
25767317 28
25767319 12
25767349 5015
25767373 27
25767589 11
25767617 8748
25767671 1
25767683 1212
25767769 204
25767773 192
25767821 3
25767877 3
25767887 2964
25767893 87
25767899 4
25767949 24
25767949 207
25767949 1344
25768091 1
25768103 1
25768103 2388
25768109 24
25768117 3
25768271 1
25768331 9
25768331 13
25768333 23
25768367 49
25768367 8193
25768387 7968
25768403 333
25768453 8
25768453 60
25768469 19
25768469 2067
25768499 1
25768511 69
25768529 507
25768537 63
25768537 87
25768537 2604
25768627 585
25768637 5707
25768649 7
25768649 259
25768723 680
25768783 5
25768829 31
25768949 19
25768987 12
25768987 993
25769011 365
25769021 3
25769041 1799
25769137 1044
25769173 51
25769351 33
25769411 768
25769449 20
25769483 1
25769507 48
25769519 1161
25769621 208
25769621 991
25769659 21
25769693 3
25769701 36
25769761 5255
25769839 3909
25769873 3
25769899 56
25769941 1880
25769957 1080
25769957 1263
25770071 7641
25770127 197
25770133 11
25770179 4
25770179 16
25770257 195
25770259 44
25770313 3
25770313 8
25770323 1
25770323 2796
25770341 88
25770397 1208
25770401 3
25770457 48
25770491 4929
25770539 1
25770721 2783
25770733 1035
25770743 1
25770839 217
25770851 13
25770887 4768
25770959 4
25770959 6409
25771069 39
25771073 2932
25771093 3
25771093 20
25771093 132
25771121 64
25771127 480
25771159 5
25771159 104
25771171 1664
25771177 8300
25771231 53
25771289 4
25771289 27
25771327 84
25771327 4757
25771397 15
25771397 19
25771457 15
25771469 4
25771469 387
25771469 5304
25771519 137
25771561 35
25771589 144
25771597 8
25771673 8391
25771679 97
25771747 57
25771747 1169
25771873 291
25771877 7
25771901 4
25771909 1707
25772057 12
25772063 28
25772141 3
25772171 1
25772267 9
25772273 648
25772389 84
25772533 107
25772543 37
25772597 3600
25772633 448
25772639 1
25772639 3160
25772737 3
25772741 4
25772783 1
25772807 9
25772807 253
25772819 1
25772827 17
25772839 120
25772891 96
25773119 1
25773119 96
25773151 8
25773151 21
25773193 4836
25773229 176
25773229 4787
25773259 2777
25773311 1
25773457 140
25773541 23
25773677 3
25773677 804
25773689 72
25773733 252
25773739 3981
25773749 36
25773749 196
25773809 5811
25773817 44
25774087 20
25774141 84
25774339 9
25774339 140
25774351 8
25774351 120
25774379 1
25774379 721
25774403 157
25774409 4620
25774429 7847
25774517 19
25774597 3
25774597 227
25774729 132
25774781 3
25774781 115
25774781 975
25774993 3
25775047 677
25775083 17
25775117 4
25775143 57
25775173 12
25775209 456
25775293 3
25775359 9
25775363 8233
25775471 861
25775473 11
25775473 276
25775483 465
25775573 3
25775671 21
25775699 1
25775747 348
25775773 231
25775947 5
25775969 175
25775987 5409
25775999 184
25776017 384
25776043 1433
25776067 149
25776137 3
25776137 28
25776181 135
25776181 696
25776187 44
25776197 3
25776259 165
25776263 1045
25776313 3
25776313 11
25776323 1
25776431 4
25776467 868
25776473 48
25776547 5
25776571 8
25776671 1
25776703 5
25777007 28
25777033 3
25777039 5
25777139 4
25777211 24
25777229 412
25777247 132
25777307 229
25777313 3
25777333 36
25777487 280
25777639 9
25777681 8
25777849 275
25777931 1
25777943 1
25778047 2837
25778063 132
25778161 3
25778177 4
25778177 180
25778189 367
25778281 23
25778309 180
25778369 124
25778413 11
25778461 1095
25778461 2615
25778551 9
25778551 288
25778591 28
25778633 607
25778633 5067
25778671 81
25778729 4
25778773 15
25778833 11
25778833 528
25778897 4128
25778957 40
25779007 392
25779109 492
25779227 133
25779227 160
25779233 343
25779329 7
25779379 2144
25779407 4
25779407 4000
25779433 12
25779433 543
25779487 197
25779539 9
25779587 13
25779647 33
25779647 169
25779911 4
25779937 560
25779961 23
25779997 440
25780037 4
25780037 235
25780039 284
25780057 3
25780063 2220
25780151 45
25780187 2304
25780241 4
25780411 5
25780439 1
25780439 12
25780457 4
25780481 1396
25780481 2728
25780583 2137
25780639 24
25780673 492
25780697 148
25780847 12
25780883 1
25780883 1996
25780889 3735
25780921 20
25780927 9
25780927 12
25780961 256
25780969 1292
25780981 3
25781033 148
25781083 125
25781143 5
25781207 4
25781219 1
25781219 9
25781257 3
25781269 8600
25781297 27
25781297 52
25781411 340
25781419 36
25781447 1545
25781471 304
25781473 312
25781513 3996
25781573 16
25781599 801
25781603 772
25781771 1
25781813 636
25781837 208
25781881 3
25781929 56
25781953 71
25781963 1
25782019 32
25782023 16
25782059 24
25782059 52
25782101 3
25782151 5
25782151 33
25782181 3
25782227 4572
25782343 5
25782349 2787
25782389 691
25782409 11
25782431 153
25782457 1880
25782509 192
25782511 605
25782577 1179
25782619 21
25782619 2472
25782637 35
25782641 495
25782641 895
25782719 36
25782763 93
25782763 1268
25782877 6152
25782959 1
25782983 1
25782997 1667
25783091 13
25783123 8
25783181 831
25783231 24
25783343 13
25783451 1
25783463 1
25783601 75
25783613 7
25783687 5
25783799 1
25783843 32
25783937 1864
25783999 7301
25784021 36
25784051 1
25784071 4961
25784113 3
25784167 720
25784201 3
25784237 63
25784243 1
25784417 4
25784417 7
25784543 993
25784617 180
25784663 1
25784663 16
25784669 4
25784687 24
25784743 12
25784743 1245
25784923 7173
25784951 4
25784959 3117
25784981 2128
25784989 12
25785007 1785
25785007 4044
25785119 4
25785197 3267
25785217 3948
25785233 7
25785259 492
25785343 593
25785439 9
25785439 12
25785491 1
25785491 1920
25785499 1145
25785511 704
25785619 5
25785619 24
25785631 5
25785811 765
25785811 825
25785839 1
25785841 123
25785841 7820
25785911 1
25785997 507
25786039 5
25786129 111
25786157 6595
25786199 1
25786309 1199
25786333 36
25786349 4
25786393 3
25786393 147
25786493 3867
25786571 1
25786573 1080
25786721 100
25786751 1
25786769 496
25786793 3
25786837 1448
25786837 2660
25786853 7960
25786967 52
25786997 40
25787023 1476
25787081 3
25787081 5083
25787171 36
25787171 88
25787173 332
25787197 120
25787197 9647
25787239 9
25787339 3265
25787357 43
25787371 321
25787441 4
25787603 576
25787609 19
25787611 2604
25787621 43
25787701 3
25787737 20
25787789 1920
25787849 2452
25787863 3405
25788029 4351
25788043 8
25788043 105
25788121 179
25788121 200
25788131 424
25788271 4064
25788271 5573
25788293 3
25788317 72
25788379 600
25788397 263
25788461 3
25788479 12
25788481 3
25788557 4
25788583 80
25788599 1
25788599 4
25788601 3
25788601 80
25788617 28
25788619 824
25788661 5016
25788689 72
25788689 3127
25788701 36
25788913 35
25788943 20
25789063 8
25789079 1
25789219 36
25789307 13
25789343 1
25789343 2872
25789349 36
25789453 8843
25789501 20
25789537 239
25789591 69
25789597 132
25789633 3
25789633 900
25789639 120
25789711 24
25789711 165
25789741 168
25789741 2540
25789823 28
25789979 1
25789979 141
25789979 145
25789991 6289
25789997 387
25790041 3780
25790057 5215
25790119 629
25790119 2541
25790137 3
25790179 261
25790203 6996
25790267 69
25790299 5
25790393 7
25790399 1
25790423 1
25790437 1268
25790459 21
25790587 9
25790603 148
25790627 4
25790711 1
25790953 15
25790953 35
25790953 6051
25790987 12
25791067 60
25791079 737
25791127 68
25791127 185
25791191 1
25791263 1
25791301 396
25791343 537
25791433 47
25791613 23
25791629 7
25791691 29
25791707 28
25791707 1768
25791769 752
25791781 335
25791929 15
25792033 183
25792069 44
25792069 380
25792097 7
25792097 204
25792103 1
25792103 2865
25792171 21
25792171 4868
25792199 64
25792199 589
25792267 9
25792267 1433
25792373 75
25792373 796
25792463 57
25792493 3
25792523 1
25792523 2440
25792583 1
25792597 3
25792661 3
25792727 9
25792829 1956
25792873 32
25792891 5
25792909 6660
25792933 15
25792939 32
25792939 2165
25793003 741
25793069 820
25793101 3
25793123 1
25793153 6987
25793167 2492
25793171 1
25793237 7
25793489 4
25793501 19
25793591 4
25793623 20
25793623 56
25793717 3
25793723 33
25793771 21
25793843 1
25793857 288
25793897 3
25793983 5
25794007 29
25794007 369
25794149 5544
25794157 3
25794161 16
25794163 53
25794239 9
25794259 665
25794401 2268
25794443 2025
25794529 2832
25794557 4
25794701 280
25794767 4
25794779 4
25794787 548
25794889 396
25794893 211
25794917 2683
25794931 621
25795117 860
25795129 11
25795129 7884
25795139 532
25795157 115
25795163 1
25795199 1056
25795283 133
25795463 316
25795589 6399
25795607 84
25795661 220
25795729 791
25795799 4
25795807 1649
25795883 1
25795883 685
25795907 109
25795909 7392
25795961 960
25795967 4
25795967 4660
25796003 1
25796003 3328
25796143 20
25796143 41
25796231 241
25796233 12
25796297 2839
25796369 4
25796369 3487
25796401 2315
25796443 12
25796591 88
25796591 5404
25796609 15
25796759 1
25796759 4
25796783 25
25796933 75
25796993 3667
25796999 1
25797017 1948
25797131 1689
25797217 3
25797229 3632
25797257 8448
25797367 12
25797481 84
25797509 4
25797509 51
25797599 1
25797679 12
25797817 3
25797853 8
25797911 1
25797911 33
25797943 33
25798037 799
25798183 36
25798211 21
25798211 45
25798211 4569
25798369 1331
25798403 1
25798427 24
25798739 1
25798783 60
25798783 1320
25798853 12
25798937 427
25799051 1
25799051 6220
25799069 912
25799071 8
25799071 65
25799167 72
25799239 12
25799273 3
25799273 123
25799273 796
25799327 28
25799351 4
25799363 1
25799507 6057
25799567 112
25799573 3
25799593 4695
25799677 315
25799681 4
25799713 3
25799717 240
25799759 1
25799881 1644
25799911 2928
25799953 8
25799971 5
25800023 1
25800083 1
25800083 828
25800149 96
25800163 857
25800209 99
25800209 207
25800311 1
25800623 153
25800653 3
25800653 6592
25800659 81
25800661 1043
25800673 1391
25800721 39
25800721 51
25800793 8
25800811 5
25800839 1
25800851 1
25800857 1275
25800889 5936
25800961 1316
25800991 1896
25800997 3228
25801067 13
25801199 1
25801277 3
25801277 15
25801453 4160
25801459 2892
25801507 392
25801541 31
25801553 1852
25801663 12
25801663 512
25801799 1
25801859 1
25801991 4525
25802011 4181
25802033 7
25802059 17
25802071 48
25802089 7307
25802213 28
25802219 1
25802237 7
25802267 460
25802317 3
25802321 243
25802321 1536
25802347 8
25802351 165
25802401 4364
25802471 4
25802477 1272
25802519 1
25802521 3
25802531 1
25802591 4
25802591 9
25802591 61
25802599 176
25802603 76
25802603 2013
25802611 549
25802629 15
25802641 375
25802701 660
25802761 3
25802797 20
25802809 71
25802831 1
25802831 49
25802851 36
25802857 84
25802879 52
25802983 3332
25802993 12
25803073 23
25803077 15
25803131 1
25803143 1
25803163 113
25803203 117
25803203 316
25803221 40
25803269 951
25803293 76
25803443 4648
25803551 1
25803607 108
25803623 1
25803641 51
25803667 1124
25803697 83
25803751 309
25803761 9928
25803829 539
25803871 9
25803941 903
25803983 1
25803989 307
25803991 3720
25804001 1168
25804003 8205
25804019 24
25804069 695
25804199 1
25804213 35
25804237 3
25804243 17
25804357 903
25804391 1
25804411 504
25804411 3044
25804543 17
25804553 291
25804607 4812
25804613 3
25804613 27
25804631 4536
25804633 168
25804663 81
25804721 3
25804721 7771
25804763 1
25804811 129
25804811 253
25804903 5
25804931 144
25804967 933
25804981 23
25805009 747
25805033 52
25805047 185
25805081 96
25805147 25
25805233 600
25805233 4691
25805239 24
25805357 7
25805357 4023
25805411 168
25805443 33
25805497 3
25805497 1388
25805569 3296
25805579 1
25805657 7
25805669 7
25805729 4255
25805771 4
25805771 9436
25805849 136
25805863 1872
25805963 1
25806089 204
25806163 8
25806257 19
25806301 219
25806359 1
25806359 69
25806373 20
25806379 137
25806419 9
25806499 341
25806551 1
25806679 1521
25806829 20
25806829 27
25806829 47
25807027 144
25807031 1
25807109 5832
25807153 27
25807253 91
25807297 3
25807297 8
25807333 3
25807429 15
25807499 1
25807517 7
25807519 116
25807571 1
25807673 243
25807711 5
25807879 17
25807879 5496
25807891 5873
25807939 17
25808017 72
25808171 1
25808207 129
25808219 180
25808219 3597
25808221 3
25808239 885
25808291 1
25808303 717
25808317 12
25808339 1
25808423 1
25808423 2445
25808443 72
25808513 7131
25808543 1
25808621 63
25808683 12
25808723 3637
25808749 2156
25808791 29
25808831 1
25808851 8625
25809053 171
25809083 1
25809187 285
25809193 68
25809241 663
25809253 20
25809263 1
25809299 1
25809341 64
25809359 1
25809437 28
25809457 3495
25809481 159
25809493 60
25809551 225
25809593 3
25809599 696
25809677 168
25809691 8
25809713 4147
25809811 1220
25809821 1480
25809827 33
25809827 2433
25809851 1
25809871 1640
25809871 2441
25809983 741
25810091 24
25810091 1284
25810181 15
25810231 41
25810283 1
25810297 384
25810331 841
25810339 449
25810339 2984
25810357 119
25810483 5
25810511 9
25810549 356
25810613 1543
25810619 1
25810679 1
25810679 3580
25810711 5
25810723 8
25810727 4
25810739 405
25810739 2209
25810751 13
25810751 201
25810787 49
25810831 453
25810847 9
25810847 64
25810871 1929
25810891 5
25810891 8
25810891 929
25810951 969
25810969 660
25810999 21
25811011 213
25811029 12
25811033 12
25811039 1
25811153 3216
25811171 1
25811171 76
25811179 17
25811179 3144
25811339 1
25811339 12
25811339 16
25811399 1
25811407 24
25811417 3
25811447 9
25811453 12
25811473 8
25811473 216
25811501 144
25811641 671
25811707 297
25811783 165
25811783 325
25811791 101
25811833 3
25811833 11
25811879 4
25811971 2673
25812011 321
25812011 2848
25812041 3
25812107 93
25812167 2652
25812197 3
25812209 7
25812277 47
25812287 9
25812299 4984
25812299 6649
25812331 2249
25812467 4980
25812481 2303
25812497 4039
25812529 1464
25812637 2079
25812673 3
25812701 3
25812701 120
25812701 5776
25812769 75
25812859 5816
25812901 3
25812901 123
25812931 8
25812931 509
25812967 12
25813133 31
25813159 20
25813159 156
25813283 1
25813321 11
25813321 3824
25813363 41
25813433 28
25813519 7280
25813537 1763
25813547 1785
25813663 2133
25813729 399
25813771 9
25813927 653
25813937 3
25813999 9561
25814003 1
25814011 89
25814029 387
25814099 276
25814111 1
25814153 1608
25814167 6080
25814237 4
25814323 17
25814531 169
25814549 4
25814639 784
25814681 3
25814681 340
25814699 1
25814699 229
25814777 7
25814903 1
25814933 3
25814933 1740
25814951 76
25814969 64
25814981 3
25814981 51
25815137 8359
25815143 760
25815161 48
25815221 343
25815277 644
25815313 2612
25815359 4
25815371 1
25815409 56
25815431 13
25815563 1
25815613 3
25815659 1672
25815689 7
25815763 60
25815931 8373
25816067 9
25816139 897
25816157 720
25816171 2340
25816213 3
25816253 36
25816261 39
25816277 7
25816283 117
25816361 724
25816361 2383
25816391 1
25816423 12
25816499 2305
25816517 12
25816517 2155
25816547 4
25816613 3283
25816673 463
25816811 840
25816919 1
25816919 165
25817069 12
25817117 3
25817119 9
25817159 9229
25817173 8
25817173 11
25817273 148
25817303 345
25817401 8
25817401 699
25817411 768
25817573 52
25817573 1015
25817581 20
25817581 1184
25817639 4
25817651 336
25817651 709
25817681 2076
25817719 5
25817851 6873
25817861 40
25817861 3288
25817959 117
25817969 375
25818011 1
25818041 19
25818109 32
25818139 84
25818157 27
25818157 83
25818263 1
25818307 33
25818329 24
25818337 3
25818337 15
25818343 4136
25818389 16
25818407 168
25818407 1137
25818467 2224
25818521 28
25818553 3
25818589 36
25818589 5867
25818641 48
25818707 12
25818763 8
25818887 1488
25818899 4
25818959 1
25818959 45
25818979 81
25818979 1761
25819099 104
25819147 213
25819177 3
25819177 1272
25819273 5388
25819349 16
25819397 7
25819397 315
25819441 3
25819441 423
25819477 1463
25819597 8
25819637 4
25819699 117
25819699 8664
25819819 5
25819847 9
25819853 231
25819877 3
25819883 12
25819919 1
25819919 2625
25819973 3
25819973 1347
25820101 24
25820101 71
25820147 1449
25820219 4
25820227 44
25820233 80
25820233 456
25820287 209
25820407 5
25820539 884
25820567 457
25820887 5
25820887 348
25820959 8840
25820969 79
25821043 581
25821091 8
25821137 28
25821149 5107
25821443 1
25821469 132
25821503 216
25821533 360
25821539 57
25821553 3
25821553 2300
25821581 3
25821611 1
25821619 7916
25821737 4
25821833 4012
25821857 1879
25821899 1497
25821949 8639
25822033 68
25822091 1
25822103 412
25822109 1572
25822219 9357
25822309 7119
25822369 2492
25822393 3
25822393 27
25822453 1452
25822453 8528
25822457 9924
25822483 417
25822543 12
25822553 303
25822613 15
25822679 3352
25822723 921
25822799 801
25822807 12
25822817 108
25822831 128
25823107 20
25823117 3
25823117 15
25823183 21
25823219 1096
25823269 11
25823309 231
25823359 165
25823387 193
25823407 132
25823429 492
25823431 9
25823431 1281
25823461 216
25823491 8
25823509 215
25823753 267
25823753 660
25823827 9560
25823843 201
25823849 15
25823849 952
25823881 540
25823921 3
25823921 4
25823929 2451
25823957 3
25823957 24
25823989 27
25824017 219
25824047 313
25824119 1
25824133 3
25824203 1
25824251 5421
25824299 4
25824313 8
25824349 47
25824367 5012
25824431 60
25824511 1248
25824569 300
25824611 1
25824611 1521
25824619 9
25824641 4
25824677 235
25824707 12
25824719 1
25824719 81
25824719 549
25824749 40
25824749 2700
25824797 3223
25824803 1
25824803 340
25824817 3255
25824893 163
25824893 243
25824941 4
25824941 1516
25824959 537
25825031 76
25825073 280
25825117 563
25825153 1440
25825169 15
25825333 288
25825369 11
25825409 64
25825417 2192
25825451 324
25825463 57
25825483 12
25825799 1
25825829 12
25825829 112
25825913 27
25825991 16
25826039 4
25826191 6173
25826219 1
25826233 968
25826237 12
25826371 60
25826387 1317
25826389 8516
25826461 7923
25826461 8843
25826509 699
25826527 8
25826543 1
25826543 25
25826639 16
25826687 157
25826753 16
25826753 243
25826753 375
25826807 253
25826807 465
25826951 9
25826963 1560
25826993 1456
25827049 12
25827127 9
25827127 5660
25827163 8
25827341 651
25827419 1
25827449 1767
25827467 3004
25827667 113
25827749 4
25827773 3
25827797 7
25827847 44
25827853 1248
25827869 424
25827959 2985
25827983 52
25828001 3
25828039 2345
25828111 140
25828111 308
25828111 2616
25828247 229
25828247 3880
25828259 1
25828303 33
25828307 324
25828343 72
25828393 2571
25828459 465
25828459 2436
25828463 4965
25828513 8
25828513 5916
25828597 8
25828613 556
25828651 300
25828669 332
25828871 1
25828903 8
25828903 141
25828919 4
25828919 52
25828981 24
25829029 135
25829039 1452
25829059 24
25829087 1173
25829087 1324
25829099 1192
25829149 107
25829191 6216
25829213 15
25829327 5808
25829333 7
25829347 5
25829393 3
25829407 29
25829429 4
25829543 1
25829543 1093
25829563 45
25829593 1416
25829599 5
25829599 29
25829689 71
25829689 240
25829707 5
25829707 153
25829717 2100
25829767 2700
25829831 16
25829861 51
25829927 84
25829933 51
25829957 1864
25830083 13
25830151 6224
25830179 1
25830199 12
25830221 3
25830221 1516
25830221 6280
25830269 4
25830349 159
25830353 375
25830383 81
25830583 6761
25830611 1
25830617 4
25830647 25
25830757 12
25830841 3204
25831067 205
25831151 769
25831159 677
25831181 231
25831259 1
25831301 1795
25831397 327
25831423 17
25831523 1
25831573 12
25831613 4036
25831643 5356
25831667 25
25831693 3
25831703 1
25831747 12
25831781 4
25831781 160
25831843 93
25831847 48
25831889 576
25831987 3300
25832057 7
25832087 2064
25832087 5773
25832117 24
25832137 1239
25832239 12
25832251 165
25832263 20
25832263 413
25832357 15
25832371 3804
25832399 1
25832459 765
25832557 272
25832567 2244
25832567 6724
25832683 8
25832683 1616
25832683 4313
25832693 3
25832699 1
25832713 80
25832713 555
25832767 6029
25832777 15
25832777 27
25832789 12
25832909 16
25833023 1
25833023 4188
25833061 23
25833097 35
25833133 3
25833139 21
25833233 12
25833263 36
25833263 660
25833373 3
25833377 4
25833413 7
25833443 1
25833539 1
25833569 27
25833637 107
25833637 575
25833671 364
25833697 84
25833827 484
25833883 68
25833911 1
25833911 589
25833967 8
25833967 2280
25834001 60
25834001 4440
25834007 4
25834031 1
25834097 564
25834111 7161
25834147 185
25834147 1529
25834241 3
25834321 143
25834423 33
25834423 465
25834483 1145
25834511 2733
25834531 8
25834559 1
25834573 3
25834603 2216
25834703 120
25834709 31
25834723 696
25834751 96
25834799 1
25834801 423
25834871 1
25835021 3
25835083 36
25835083 3501
25835083 6053
25835111 1609
25835149 719
25835263 5
25835297 304
25835429 4887
25835531 1
25835533 576
25835591 204
25835671 20
25835707 144
25835729 4
25835779 572
25835891 3000
25835911 48
25835917 644
25835987 609
25836017 67
25836043 5141
25836091 48
25836127 72
25836137 4984
25836227 472
25836247 180
25836253 3
25836271 9284
25836401 16
25836401 5655
25836427 849
25836431 3108
25836457 2163
25836479 9
25836539 37
25836673 3
25836731 1789
25836763 1560
25836803 1
25836931 33
25836997 95
25837081 584
25837121 16
25837139 1
25837159 360
25837243 4925
25837249 12
25837249 459
25837313 52
25837387 45
25837393 51
25837403 1
25837613 3
25837673 1552
25837741 8
25837751 4
25837751 1929
25837783 12
25837843 5
25837939 2456
25837949 372
25838053 3
25838089 131
25838093 2268
25838117 4
25838171 1
25838251 6864
25838303 1660
25838311 1260
25838357 63
25838363 1
25838363 4357
25838413 120
25838503 1497
25838587 5
25838599 509
25838633 36
25838633 76
25838707 173
25838707 7112
25838843 1213
25838909 340
25838999 9
25839041 31
25839043 3897
25839139 5
25839181 3504
25839193 35
25839211 5
25839223 221
25839251 1
25839313 296
25839329 175
25839427 17
25839479 1
25839497 9192
25839559 5
25839617 79
25839641 3
25839659 649
25839701 3
25839703 5
25839703 933
25839721 551
25839769 15
25839797 4
25839907 80
25839923 465
25839967 9
25840093 3
25840163 1
25840273 3
25840313 3
25840313 120
25840337 8824
25840343 705
25840417 8
25840481 3
25840481 160
25840567 477
25840567 1529
25840567 5717
25840631 1
25840649 2779
25840657 1007
25840669 4239
25840693 8
25840729 11
25840853 315
25840909 144
25840933 12
25841099 1
25841129 12
25841227 953
25841293 71
25841341 96
25841447 9
25841447 48
25841471 5380
25841509 224
25841689 344
25841723 1
25841723 12
25841731 4604
25841743 17
25841771 1
25841771 9
25841779 3464
25841911 9
25841971 41
25842017 24
25842067 9
25842079 7260
25842191 1
25842197 1599
25842209 7
25842209 2956
25842209 7012
25842211 3308
25842301 108
25842371 4069
25842419 2836
25842473 16
25842521 4128
25842521 4600
25842599 1
25842599 9
25842629 7
25842757 5423
25842931 2841
25842977 867
25842977 1644
25843109 759
25843123 17
25843133 7
25843133 12
25843133 3120
25843141 171
25843159 276
25843187 9
25843369 44
25843423 1572
25843459 305
25843463 1
25843511 1
25843511 25
25843523 1
25843619 477
25843633 1067
25843673 52
25843721 639
25843733 6603
25843897 248
25843969 567
25843997 915
25843997 4504
25844057 252
25844081 4
25844089 5919
25844141 63
25844209 12
25844323 221
25844323 492
25844323 812
25844461 3
25844477 103
25844561 1135
25844561 5935
25844633 7
25844779 36
25844779 6864
25844813 15
25844831 1
25844857 7383
25844911 8
25844911 104
25844933 3
25844941 6024
25844953 23
25844963 288
25844963 4753
25844983 1085
25845011 73
25845089 5031
25845133 255
25845137 7
25845143 805
25845167 33
25845199 101
25845257 24
25845299 9
25845299 3165
25845329 24
25845371 1060
25845419 1
25845427 2772
25845433 87
25845437 7
25845509 4
25845551 2233
25845569 91
25845587 2404
25845637 80
25845671 4
25845679 17
25845731 1
25845737 604
25845779 1
25845889 24
25845959 1
25845959 36
25845977 9328
25846003 848
25846021 63
25846021 7428
25846087 65
25846159 12
25846159 200
25846207 80
25846211 1
25846339 12
25846357 15
25846427 132
25846489 15
25846501 539
25846531 8
25846643 460
25846727 744
25846727 1920
25846729 356
25846763 1
25846763 6312
25846787 5125
25846811 133
25846969 15
25846969 36
25847131 9
25847231 40
25847413 2012
25847453 31
25847527 5
25847629 1659
25847639 1
25847651 5565
25847737 8
25847797 263
25847807 2409
25847849 7456
25848049 116
25848187 9
25848217 9887
25848257 4
25848281 3
25848299 1
25848299 292
25848353 3075
25848419 1
25848421 4196
25848469 132
25848503 1
25848509 9207
25848553 4328
25848553 6848
25848583 32
25848659 1
25848659 9805
25848763 3861
25848839 2104
25848839 6276
25848871 9
25848923 1
25848943 5
25849007 3037
25849289 6004
25849361 3
25849423 2948
25849513 567
25849517 1812
25849529 807
25849553 447
25849613 7
25849651 93
25849661 3
25849679 2916
25849687 33
25849699 1832
25849771 5
25849799 177
25849799 3609
25849921 75
25849921 84
25849949 51
25849973 15
25850029 44
25850057 4
25850117 1323
25850129 927
25850147 1252
25850221 3
25850221 15
25850327 28
25850347 24
25850351 1
25850351 3241
25850477 2404
25850483 1
25850581 95
25850633 7
25850749 140
25850843 1
25850899 9
25850921 39
25850921 216
25850947 240
25850953 111
25850989 275
25851017 4
25851017 163
25851107 4
25851139 12
25851173 3
25851181 551
25851181 6375
25851187 4529
25851233 6316
25851281 303
25851323 1
25851391 8664
25851451 21
25851461 1956
25851559 5
25851559 3281
25851569 27
25851733 3
25851769 180
25851779 21
25851827 13
25851869 4
25851941 4
25851961 23
25851961 7284
25852009 11
25852187 12
25852261 20
25852261 1416
25852273 171
25852313 520
25852441 24
25852441 104
25852517 7
25852523 1
25852523 28
25852523 1636
25852571 4
25852577 7
25852643 1216
25852663 101
25852693 920
25852747 612
25852763 1
25852763 33
25852781 979
25852807 4289
25852811 1
25852811 69
25852831 29
25852909 15
25852927 77
25852951 5
25853041 8
25853057 855
25853099 1
25853143 240
25853339 36
25853353 8
25853393 4392
25853537 543
25853561 1435
25853567 12
25853579 9
25853603 1
25853627 1068
25853747 9
25853809 827
25853897 7
25853897 12
25853917 6168
25853939 1797
25853999 7737
25854007 8
25854019 65
25854053 40
25854121 3
25854131 4
25854131 193
25854173 9880
25854293 3
25854317 27
25854347 6672
25854431 1
25854511 780
25854541 15
25854551 1
25854551 133
25854551 2520
25854607 912
25854683 1
25854683 361
25854709 1071
25854727 3584
25854769 3000
25854769 3435
25854797 319
25854929 5979
25855003 5
25855003 8
25855007 1377
25855019 1849
25855111 3240
25855171 168
25855321 11
25855331 1
25855337 4
25855483 1220
25855693 3
25855741 11
25855757 7
25855757 123
25855757 1923
25855787 2973
25855799 1
25855799 1276
25855867 9
25855877 3
25855877 48
25855883 1933
25855919 1
25855919 480
25855927 20
25855961 2743
25856059 105
25856111 13
25856189 232
25856231 8773
25856339 1
25856419 12
25856539 101
25856731 45
25856731 6068
25856737 8
25856783 1
25856839 125
25856843 28
25856843 196
25856869 47
25856921 136
25856939 252
25856947 8
25856977 6768
25856981 4
25857031 329
25857103 341
25857149 7
25857149 711
25857199 1845
25857353 256
25857353 555
25857407 1072
25857421 9180
25857431 85
25857509 36
25857563 1
25857583 128
25857691 48
25857707 12
25857761 159
25857823 1965
25857847 32
25857851 5793
25857893 7
25857977 7
25857977 768
25858081 35
25858103 1
25858159 12
25858199 825
25858267 1364
25858277 7
25858307 24
25858379 1
25858403 1
25858403 660
25858409 7
25858409 27
25858421 4
25858471 200
25858529 6735
25858561 8
25858561 315
25858631 13
25858699 4560
25858759 17
25858759 1040
25858771 8
25858783 5
25858799 121
25858817 3
25858837 3587
25858841 48
25858907 4
25858919 52
25858919 5121
25858957 8
25858979 1092
25859101 35
25859201 343
25859237 3144
25859243 1
25859341 3
25859341 15
25859381 4
25859413 15
25859459 9
25859467 8
25859467 9
25859591 1
25859591 4
25859657 5272
25859657 9615
25859663 108
25859879 1960
25859987 9
25860091 185
25860091 1625
25860167 12
25860203 1
25860209 1692
25860403 3285
25860623 45
25860787 3968
25860803 481
25860839 1
25860847 117
25860943 137
25861019 4
25861093 8
25861163 588
25861271 1
25861289 40
25861307 405
25861321 11
25861387 48
25861691 1
25861699 72
25861733 340
25861789 27
25861991 109
25862047 5
25862101 623
25862147 1980
25862191 120
25862203 4616
25862227 7197
25862233 8
25862279 1
25862279 4
25862351 1
25862383 176
25862411 1
25862411 225
25862533 1095
25862563 188
25862563 2432
25862567 4
25862623 41
25862653 56
25862801 43
25862801 48
25862839 32
25862917 12
25862917 1964
25862917 2972
25863011 1
25863121 120
25863121 1160
25863127 1829
25863151 36
25863163 8
25863223 32
25863223 1821
25863263 1
25863263 7716
25863319 7889
25863337 3
25863349 11
25863353 3
25863367 17
25863379 17
25863479 1
25863533 67
25863557 3
25863581 3063
25863589 12
25863599 964
25863671 489
25863821 348
25863823 33
25863839 2956
25863899 1
25863949 3344
25864049 16
25864049 604
25864067 28
25864133 127
25864151 4
25864297 228
25864313 2652
25864417 4863
25864499 25
25864513 5516
25864577 2227
25864609 480
25864621 3
25864621 4296
25864777 99
25864931 1
25864957 1304
25864987 3152
25865083 7637
25865339 4
25865339 24
25865407 272
25865527 69
25865597 7039
25865641 108
25865681 16
25865699 637
25865713 35
25865753 72
25865753 87
25865881 1911
25865911 236
25865921 6891
25865951 1
25866047 229
25866103 4496
25866107 112
25866109 1220
25866143 1
25866179 241
25866193 20
25866271 5
25866383 1
25866437 3
25866443 13
25866461 15
25866487 480
25866539 36
25866569 1255
25866587 397
25866629 7
25866653 1483
25866677 43
25866823 6921
25866983 1
25866991 224
25867031 1
25867139 1
25867139 961
25867201 423
25867273 596
25867273 1256
25867573 12
25867577 19
25867613 60
25867631 1
25867711 9
25867717 8
25867753 71
25867973 3
25867973 12
25868041 11
25868071 7400
25868083 137
25868131 8
25868147 4
25868179 41
25868179 320
25868179 837
25868201 324
25868233 3
25868363 7300
25868393 76
25868449 420
25868501 2539
25868573 7
25868597 3
25868723 1
25868743 5888
25868987 28
25869017 1960
25869023 181
25869049 875
25869071 865
25869091 905
25869113 1375
25869119 969
25869167 9
25869289 11
25869293 3283
25869323 1
25869343 1848
25869379 500
25869413 196
25869439 161
25869439 8897
25869517 623
25869581 1579
25869637 12
25869709 2127
25869731 1
25869743 1
25869797 28
25869821 4
25869889 359
25869923 1
25869979 56
25869979 116
25870043 12
25870081 23
25870093 56
25870099 77
25870099 4941
25870123 1436
25870129 1056
25870171 21
25870409 111
25870421 3
25870421 168
25870441 759
25870463 12
25870487 9
25870547 24
25870577 859
25870589 52
25870657 27
25870693 3
25870717 12
25870751 33
25870783 5
25870849 24
25870891 84
25870973 27
25871057 4
25871149 116
25871213 3
25871243 1
25871243 2788
25871303 2788
25871309 79
25871341 51
25871347 125
25871347 1268
25871353 11
25871383 41
25871383 825
25871411 13
25871413 228
25871431 2288
25871627 4
25871627 5020
25871647 309
25871647 3764
25871669 495
25871759 1
25871759 9
25871771 1
25871819 1
25871981 3
25871999 1
25871999 21
25872071 273
25872071 1540
25872233 6040
25872239 4
25872289 60
25872443 1
25872461 3624
25872563 33
25872617 232
25872619 5
25872841 44
25872859 12
25872859 21
25872863 1408
25872881 336
25872911 1
25872949 11
25872949 59
25872949 2255
25873013 7
25873013 4872
25873087 60
25873163 1
25873219 345
25873241 675
25873327 12
25873357 44
25873363 3296
25873411 6861
25873493 823
25873531 3569
25873613 3
25873667 1012
25873717 32
25873721 91
25873733 31
25873733 3096
25873741 3
25873751 33
25873751 1029
25873753 1647
25873979 225
25873987 4625
25874039 1
25874041 11
25874099 1
25874099 129
25874113 1076
25874161 5939
25874201 4
25874477 3
25874489 2727
25874557 44
25874591 1
25874603 385
25874603 888
25874621 4500
25874671 24
25874767 209
25874767 8372
25874773 12
25874851 44
25874909 751
25874983 237
25874993 3
25875019 3045
25875029 12
25875029 19
25875029 187
25875029 5839
25875067 1700
25875137 615
25875229 84
25875281 3
25875307 272
25875331 908
25875347 33
25875371 4
25875389 4
25875461 3951
25875497 1584
25875559 117
25875611 1
25875673 203
25875679 437
25875697 387
25875719 9
25875719 669
25875721 540
25875727 144
25875749 1396
25875779 3052
25875779 5440
25875833 36
25875937 23
25875937 4640
25876079 8589
25876141 63
25876187 57
25876189 12
25876327 8
25876327 5648
25876369 11
25876369 8547
25876387 588
25876441 3
25876463 1
25876511 724
25876517 4
25876517 987
25876547 4224
25876573 275
25876637 60
25876639 197
25876717 192
25876813 7463
25876843 5
25876843 993
25876919 1
25876973 12
25877057 72
25877123 1
25877123 48
25877141 3
25877147 9
25877177 5472
25877287 2432
25877287 4860
25877321 856
25877321 2295
25877321 5839
25877561 3
25877567 213
25877627 28
25877659 20
25877699 12
25877699 37
25877743 12
25877771 16
25877807 4
25877869 132
25878079 21
25878079 192
25878103 5
25878103 57
25878107 12
25878173 7
25878221 40
25878253 107
25878287 4
25878287 324
25878319 5
25878401 3
25878431 424
25878599 76
25878613 32
25878739 1320
25878739 8225
25878761 231
25878793 7035
25878857 3
25878857 40
25878857 127
25878857 348
25878907 1980
25878953 5167
25878971 1
25878977 87
25878989 1672
25878997 3
25879031 4
25879033 3
25879099 5
25879193 7
25879201 3
25879237 3
25879289 31
25879367 5229
25879369 11
25879411 8
25879481 4
25879493 135
25879499 6216
25879517 3
25879523 1
25879541 4
25879573 47
25879681 3
25879681 203
25879703 37
25879759 164
25879871 33
25879871 4825
25879913 511
25879943 1
25880017 507
25880191 8849
25880203 1457
25880297 4692
25880333 931
25880347 77
25880347 5553
25880401 5355
25880429 7
25880537 87
25880573 3
25880581 2124
25880587 200
25880639 1
25880737 2559
25880741 3
25880741 2091
25880791 1256
25880821 351
25880917 3
25880917 8
25880917 279
25880917 299
25880971 45
25880971 240
25880989 39
25881113 3
25881139 584
25881179 24
25881179 1936
25881377 4
25881533 15
25881547 792
25881593 7587
25881617 880
25881671 1
25881671 21
25881671 73
25881671 205
25881761 100
25881767 4
25881811 1428
25882039 197
25882151 9
25882183 392
25882187 564
25882229 4
25882229 112
25882273 11
25882309 5331
25882319 1
25882433 31
25882447 32
25882463 13
25882511 1
25882547 45
25882547 64
25882547 112
25882583 1
25882609 47
25882639 161
25882673 396
25882711 956
25882723 68
25882739 4
25882739 172
25882781 1411
25882841 15
25882841 300
25883029 11
25883083 6000
25883113 11
25883113 327
25883261 360
25883317 15
25883369 636
25883413 3
25883527 872
25883531 4
25883593 135
25883623 7272
25883657 4
25883657 15
25883659 32
25883687 57
25883749 20
25883749 600
25883761 260
25883813 2823
25883839 177
25883861 4
25884007 528
25884031 308
25884071 300
25884107 24
25884109 3192
25884181 8
25884239 196
25884281 9063
25884317 579
25884337 27
25884457 8
25884487 20
25884487 189
25884491 1008
25884569 795
25884601 63
25884613 8672
25884647 4
25884673 2732
25884697 8
25884857 4
25884919 32
25885007 13
25885007 64
25885021 95
25885073 28
25885091 1
25885091 4
25885091 285
25885103 733
25885133 63
25885133 67
25885141 3
25885231 9
25885241 3
25885283 1
25885283 357
25885361 48
25885381 660
25885397 364
25885493 2895
25885537 12
25885631 1
25885633 2135
25885663 5273
25885669 12
25885669 39
25885703 712
25885751 436
25885759 324
25885759 1745
25885813 788
25885859 1
25885891 2816
25885943 8280
25885967 1929
25886093 1063
25886131 8669
25886249 1639
25886279 12
25886327 6945
25886411 1
25886453 3
25886557 4167
25886579 3157
25886593 3
25886593 27
25886593 176
25886611 308
25886611 1749
25886713 8
25886771 1
25886921 3
25886921 376
25887011 301
25887067 20
25887143 2172
25887331 8
25887347 5848
25887437 1872
25887461 15
25887461 63
25887493 632
25887493 5576
25887541 15
25887551 1
25887649 5744
25887791 85
25887971 508
25887989 1932
25888099 1449
25888153 423
25888153 4296
25888169 139
25888189 20
25888207 8
25888319 1
25888403 45
25888453 72
25888463 1
25888559 1
25888559 52
25888609 564
25888651 1845
25888651 2220
25888657 147
25888661 16
25888661 9471
25888691 121
25888717 72
25888721 9120
25888727 2473
25888783 5
25888871 1
25888897 3
25888927 2792
25888979 5992
25888981 3
25888997 8568
25889041 3
25889093 7
25889093 87
25889093 220
25889179 104
25889219 120
25889239 161
25889263 32
25889263 348
25889341 239
25889389 116
25889459 3249
25889531 496
25889579 1
25889579 900
25889581 3
25889587 1784
25889713 3531
25889749 212
25889749 1496
25889753 988
25889767 1964
25889777 3
25889921 4
25890049 11
25890049 39
25890071 1
25890071 4
25890119 145
25890181 4911
25890187 9
25890187 93
25890191 264
25890211 149
25890233 3
25890251 1
25890401 3615
25890409 335
25890457 3
25890457 1548
25890493 20
25890517 8
25890551 5709
25890607 2520
25890619 5
25890619 9
25890629 4
25890653 987
25890751 308
25890857 579
25890959 40
25890979 5837
25891141 24
25891163 1
25891199 1384
25891211 1048
25891241 4459
25891457 7
25891487 157
25891543 236
25891549 1359
25891553 36
25891571 33
25891637 3
25891639 24
25891717 8
25891717 7067
25891841 7308
25891849 240
25891963 12
25891991 16
25892017 44
25892059 2037
25892203 680
25892219 481
25892263 68
25892473 35
25892527 17
25892551 8
25892561 4651
25892569 180
25892701 11
25892749 195
25892767 80
25892791 176
25892857 1067
25892869 707
25892879 4
25892897 87
25892899 32
25892899 4301
25892939 1
25893001 771
25893013 6308
25893041 2899
25893107 4
25893121 24
25893211 428
25893311 24
25893311 1224
25893313 488
25893403 4676
25893589 11
25893589 6104
25893641 3
25893661 51
25893701 819
25893731 33
25893761 3679
25893767 768
25893811 9
25893841 2556
25893991 665
25894019 900
25894031 81
25894139 4
25894153 291
25894163 5032
25894223 1
25894291 44
25894301 3
25894301 64
25894381 6096
25894501 5003
25894501 7671
25894559 6657
25894591 21
25894597 707
25894667 4045
25894787 25
25894787 45
25894801 8
25894837 2124
25894867 5
25894879 12
25895039 4
25895053 8
25895113 83
25895113 1076
25895117 3
25895147 4
25895197 2843
25895197 5979
25895237 15
25895249 7
25895279 1
25895279 264
25895297 79
25895339 4
25895339 7557
25895371 2285
25895383 240
25895531 456
25895533 47
25895557 647
25895657 3
25895663 7380
25895711 9
25895783 157
25895813 12
25895843 28
25895929 119
25895939 472
25896071 25
25896113 3
25896251 9
25896313 48
25896317 4900
25896331 5
25896341 196
25896397 288
25896421 735
25896427 24
25896463 168
25896503 33
25896509 4
25896527 40
25896553 8240
25896587 28
25896599 4
25896617 3
25896683 1
25896709 24
25896719 1
25896719 309
25896727 185
25896737 3288
25896809 1072
25896863 1
25896881 4
25896881 2055
25896901 15
25896931 8
25897009 152
25897013 252
25897093 68
25897093 608
25897097 4
25897097 279
25897099 5
25897147 1917
25897181 799
25897279 101
25897279 380
25897301 4
25897303 8
25897303 116
25897387 2972
25897451 64
25897523 1
25897537 2648
25897639 104
25897639 540
25897639 1992
25897639 5937
25897649 16
25897649 975
25897657 3
25897687 9437
25897709 244
25897811 13
25897813 63
25897877 15
25898053 80
25898231 1
25898393 1491
25898447 37
25898459 1
25898591 1
25898611 53
25898611 6804
25898737 15
25898813 3843
25898909 3732
25898959 9
25898969 7
25898969 4191
25899103 192
25899119 60
25899119 849
25899131 16
25899131 216
25899157 15
25899187 248
25899187 5465
25899193 8
25899239 1
25899239 3361
25899271 716
25899323 1
25899323 192
25899389 55
25899437 3
25899473 7
25899473 12
25899473 480
25899479 352
25899521 60
25899521 175
25899521 2320
25899637 35
25899649 56
25899701 1155
25899719 1
25899739 560
25899763 5
25899763 12
25899779 24
25899829 992
25899917 7
25899931 309
25900033 812
25900117 572
25900183 8
25900187 33
25900247 4000
25900279 24
25900361 3
25900379 4
25900421 5175
25900429 71
25900453 3
25900453 432
25900493 12
25900493 252
25900499 4
25900559 1
25900697 4
25900739 1
25900739 9
25900739 24
25900759 17
25900811 1
25900867 5
25900951 393
25901003 1
25901021 3
25901129 15
25901171 1
25901201 3
25901201 2704
25901303 16
25901339 1297
25901339 2061
25901341 4548
25901429 2280
25901459 9
25901509 80
25901573 412
25901633 3951
25901671 8
25901699 5944
25901797 120
25901857 3
25901891 1
25901899 840
25901899 5400
25901923 561
25901929 1011
25901947 824
25901963 3373
25901987 7008
25902089 924
25902241 11
25902323 1
25902403 21
25902449 7
25902497 3
25902497 8820
25902659 1
25902671 144
25902683 1
25902683 2232
25902731 1
25902739 17
25902797 3
25902841 8
25903027 24
25903027 7712
25903079 1
25903139 2404
25903249 1352
25903303 5
25903303 345
25903303 372
25903331 1
25903363 45
25903373 15
25903399 17
25903459 461
25903459 8841
25903477 188
25903769 40
25903861 4184
25903877 24
25903979 4
25904027 25
25904041 56
25904041 99
25904089 1832
25904101 824
25904129 204
25904173 35
25904213 3
25904213 688
25904213 3075
25904303 1
25904471 1
25904491 284
25904521 15
25904611 21
25904633 3
25904633 15
25904639 1
25904663 280
25904729 5992
25904741 135
25904759 1
25904777 19
25904861 16
25904941 15
25904941 75
25904959 117
25904987 109
25904993 3
25904993 7
25905017 12
25905017 187
25905097 8
25905097 639
25905203 412
25905353 1023
25905359 1
25905359 465
25905361 1571
25905401 91
25905469 24
25905623 1
25905629 4
25905851 21
25905941 4
25906109 120
25906123 8
25906141 4760
25906171 1004
25906207 8
25906217 48
25906319 40
25906319 3865
25906343 405
25906379 1
25906451 1
25906513 3
25906553 7635
25906591 3321
25906649 40
25906651 9
25906651 81
25906739 1
25906843 165
25906927 24
25906961 4
25907033 6655
25907053 12
25907053 543
25907069 111
25907093 87
25907149 491
25907159 4
25907159 36
25907159 517
25907183 348
25907291 1
25907291 96
25907347 9
25907501 3
25907573 8407
25907639 1
25907671 209
25907731 5
25907743 2372
25907809 56
25907891 1
25907897 5179
25907911 336
25907927 4
25907993 316
25908011 4
25908031 60
25908199 4112
25908203 45
25908247 20
25908271 156
25908329 12
25908341 19
25908437 60
25908599 76
25908599 3661
25908637 192
25908667 7265
25908691 33
25908709 104
25908709 455
25908709 1052
25908719 1
25908821 828
25908937 8
25908943 200
25909069 2051
25909231 5
25909307 4764
25909321 24
25909451 1
25909451 88
25909451 120
25909463 52
25909487 13
25909613 3291
25909783 3101
25909907 25
25909957 3
25909981 128
25910069 7
25910099 4561
25910153 3
25910179 141
25910197 3
25910221 11
25910233 3
25910407 48
25910411 280
25910473 36
25910473 7568
25910519 1
25910519 4
25910609 91
25910611 8
25910671 48
25910711 816
25910723 1
25910749 191
25910803 1652
25910831 28
25910831 4588
25910923 125
25910957 88
25911037 20
25911037 35
25911103 3645
25911161 4
25911163 17
25911163 173
25911217 75
25911343 56
25911373 47
25911517 3
25911619 5
25911709 32
25911737 132
25911799 36
25911817 119
25911833 12
25911833 4528
25911841 36
25911913 4623
25911973 23
25911973 3188
25911997 8
25912009 32
25912039 21
25912069 3039
25912091 1
25912111 324
25912121 3
25912189 179
25912189 452
25912259 1
25912259 5421
25912303 2681
25912319 1
25912427 345
25912433 48
25912541 3
25912589 9016
25912723 2532
25912771 488
25912793 3
25912801 780
25912801 2160
25912841 7140
25912847 7857
25913071 69
25913143 12
25913149 2667
25913171 1
25913231 4
25913233 191
25913263 5
25913323 8
25913323 17
25913399 49
25913417 84
25913417 364
25913519 9
25913603 4432
25913609 16
25913683 2136
25913773 8
25913773 6576
25913807 12
25913963 1
25913981 91
25913983 3561
25913999 1
25913999 57
25914067 12
25914113 63
25914121 3
25914121 44
25914149 480
25914241 284
25914373 3
25914407 25
25914407 513
25914439 12
25914709 2219
25914869 12
25914943 8
25914947 24
25914947 3033
25914961 4271
25915049 3312
25915093 336
25915121 8724
25915177 4412
25915249 59
25915271 700
25915271 8853
25915313 268
25915363 33
25915391 1
25915451 9
25915553 3
25915559 1
25915583 121
25915613 28
25915663 65
25915723 288
25915889 12
25915913 268
25915961 103
25915987 5
25916063 4437
25916183 141
25916197 243
25916269 11
25916299 20
25916329 27
25916393 3
25916519 1
25916531 2040
25916623 2796
25916707 180
25916717 1519
25916767 1473
25916771 1
25916771 129
25916827 317
25916939 492
25917011 1
25917167 7849
25917179 1
25917179 181
25917223 9560
25917259 329
25917301 215
25917383 1
25917443 1608
25917467 5692
25917499 425
25917547 24
25917557 4
25917611 3801
25917667 1800
25917709 12
25917709 1844
25917719 85
25917887 9
25918021 51
25918153 9183
25918259 7081
25918283 1
25918307 1548
25918339 24
25918423 117
25918423 2133
25918469 4
25918553 160
25918579 9
25918579 516
25918579 3809
25918609 4784
25918703 240
25918729 12
25918729 1304
25918747 1148
25918811 1
25918813 11
25918813 32
25918909 459
25918927 3260
25918943 468
25919053 96
25919057 7
25919071 20
25919081 8679
25919107 1493
25919111 1
25919111 13
25919111 1045
25919123 1
25919141 55
25919147 8445
25919281 68
25919281 1143
25919291 1
25919519 4
25919521 3
25919539 9744
25919623 596
25919633 2460
25919639 1
25919711 1
25919717 4
25919717 24
25919767 5013
25919767 7889
25919863 345
25919867 9
25919879 1
25919893 23
25919893 3675
25919953 951
25920107 33
25920131 160
25920133 8
25920179 801
25920203 1
25920269 24
25920269 5292
25920407 4
25920407 24
25920523 80
25920613 668
25920667 5
25920667 192
25920779 69
25920779 772
25920919 845
25920953 811
25920967 9
25921097 3
25921117 27
25921151 1
25921151 4
25921211 1549
25921229 19
25921261 351
25921267 4872
25921327 89
25921327 3492
25921367 4
25921387 45
25921459 1125
25921477 23
25921477 639
25921501 3
25921507 9
25921513 176
25921531 21
25921613 3
25921619 1417
25921631 6316
25921639 17
25921639 36
25921661 123
25921729 200
25921829 6024
25921901 91
25921919 172
25922047 4025
25922153 3
25922167 45
25922261 4
25922371 1529
25922387 5829
25922423 1
25922453 16
25922471 1
25922473 147
25922513 100
25922581 3
25922651 516
25922737 579
25922797 179
25922833 35
25922837 24
25922843 1
25922873 4243
25922887 224
25922999 84
25923043 5
25923043 573
25923059 3585
25923061 35
25923089 6256
25923253 3
25923257 4
25923263 1
25923269 7
25923301 3
25923341 6283
25923431 181
25923587 817
25923631 185
25923697 39
25923701 3
25923727 9
25923773 16
25923787 117
25923817 6428
25923869 31
25923869 2892
25923899 1
25923907 8
25923977 199
25924061 1456
25924111 909
25924147 5
25924163 1
25924183 173
25924253 3
25924331 69
25924333 155
25924421 6108
25924499 7549
25924517 828
25924517 1204
25924523 1
25924523 1597
25924553 603
25924601 3
25924651 833
25924747 9
25924757 15
25924763 1
25924763 7065
25924819 5
25924823 1
25924837 200
25924879 9
25924907 1924
25924963 8
25924973 7551
25925057 9327
25925167 164
25925171 1
25925279 7956
25925281 80
25925303 1
25925363 357
25925371 980
25925441 3019
25925461 155
25925573 135
25925593 168
25925593 1295
25925621 39
25925701 276
25925707 9
25925737 8319
25925771 2160
25925891 201
25926151 96
25926209 9412
25926371 1
25926371 108
25926409 2595
25926427 504
25926449 4447
25926449 8299
25926491 9
25926499 5
25926503 1
25926503 60
25926577 95
25926601 39
25926613 360
25926643 620
25926653 3
25926661 260
25926707 2409
25926749 16
25926767 1120
25926779 1
25926779 1597
25926847 1169
25926871 9668
25926961 3
25927081 8180
25927087 392
25927117 3
25927199 61
25927201 404
25927271 796
25927303 12
25927303 56
25927313 48
25927313 1416
25927331 733
25927333 32
25927361 379
25927403 1
25927453 675
25927453 3752
25927507 444
25927513 471
25927553 7
25927579 3156
25927591 1380
25927619 1
25927637 63
25927637 624
25927697 64
25927717 8783
25927763 1
25927807 17
25927841 115
25927871 21
25927883 1
25927901 6064
25927903 428
25927931 1
25928033 55
25928047 69
25928099 4
25928101 284
25928131 6300
25928267 4
25928297 483
25928339 12
25928351 1
25928401 1163
25928401 2291
25928491 1449
25928629 680
25928753 3571
25928891 16
25929133 15
25929151 24
25929151 81
25929229 39
25929347 208
25929377 748
25929401 1156
25929443 1
25929443 2301
25929461 3
25929511 4845
25929523 56
25929611 88
25929611 93
25929613 7032
25929691 129
25929691 2553
25929703 48
25929719 1
25929767 8008
25929769 539
25929931 8085
25929949 44
25929949 1319
25930183 2933
25930319 1
25930367 169
25930381 99
25930397 187
25930439 4
25930571 1521
25930577 4128
25930613 3
25930643 1
25930703 13
25930711 20
25930711 1821
25930739 196
25930753 323
25930799 229
25930811 249
25930873 3
25930979 1
25931041 7955
25931063 1
25931237 3507
25931303 1
25931387 1617
25931417 2548
25931459 1
25931567 9
25931777 3
25931897 88
25931897 687
25931911 20
25931911 41
25931923 5
25932029 3375
25932103 12
25932133 3
25932133 383
25932163 117
25932229 47
25932251 9
25932419 9145
25932433 20
25932481 60
25932521 16
25932611 1
25932631 4364
25932677 103
25932691 296
25932703 20
25932737 3
25932737 60
25932923 13
25932947 13
25932961 36
25932971 2608
25933021 7175
25933067 2253
25933079 9
25933139 1
25933207 2273
25933223 4452
25933283 97
25933291 21
25933307 25
25933403 2220
25933421 7140
25933447 8
25933459 1412
25933459 2156
25933549 39
25933591 5
25933643 16
25933693 3
25933703 1
25933711 20
25933717 3680
25933729 39
25933783 965
25933829 12
25933867 104
25933867 533
25933909 131
25933961 196
25933969 84
25934039 24
25934287 1625
25934303 7657
25934341 71
25934371 29
25934387 4
25934387 1585
25934399 1
25934399 9
25934413 11
25934651 4
25934651 2185
25934659 261
25934659 624
25934663 1
25934683 41
25934687 4344
25934717 4
25934749 32
25934873 3
25934959 5
25935017 63
25935071 124
25935079 6120
25935101 19
25935101 51
25935101 2859
25935101 4659
25935109 3392
25935163 8
25935163 48
25935253 1371
25935257 3
25935257 4984
25935271 120
25935341 4
25935359 9
25935479 12
25935617 187
25935619 89
25935643 72
25935643 7052
25935649 479
25935683 1
25935691 1473
25935691 4220
25935713 91
25935713 1416
25935827 448
25935851 45
25935851 61
25935883 56
25935887 3840
25935971 1
25936037 312
25936103 432
25936103 817
25936217 7
25936219 849
25936241 4
25936259 1
25936277 735
25936357 2399
25936363 5
25936409 16
25936453 60
25936453 3603
25936481 6891
25936499 1
25936601 4
25936619 9
25936639 5
25936789 1911
25936811 1
25936879 212
25936879 9741
25937027 45
25937039 1
25937039 85
25937059 5
25937059 956
25937129 19
25937129 592
25937231 21
25937369 619
25937377 12
25937441 75
25937551 20
25937573 168
25937719 44
25937719 1137
25937837 3
25937941 440
25937959 252
25937963 21
25938001 615
25938013 3
25938013 2072
25938053 208
25938053 687
25938061 59
25938137 564
25938169 71
25938299 1
25938461 4
25938467 1317
25938533 3
25938611 1
25938611 100
25938697 287
25938707 49
25938721 159
25938751 5
25938881 75
25938881 1528
25938907 68
25938947 9
25938959 1
25938959 372
25938977 628
25938989 87
25939181 55
25939273 12
25939339 204
25939411 4956
25939513 3807
25939523 432
25939547 465
25939547 2509
25939751 4
25939799 1
25939813 32
25939913 231
25939937 4
25939937 595
25939961 928
25940053 9435
25940093 1180
25940179 36
25940191 80
25940197 44
25940197 1983
25940209 11
25940209 159
25940221 180
25940231 1
25940237 364
25940237 5520
25940279 12
25940303 1
25940329 11
25940333 7
25940429 16
25940461 75
25940483 28
25940483 2776
25940767 48
25940779 44
25940857 839
25940899 12
25940899 60
25940923 308
25940951 1728
25941011 1
25941011 553
25941059 1
25941067 285
25941073 656
25941121 11
25941121 20
25941121 6948
25941229 8132
25941257 43
25941319 125
25941319 132
25941449 55
25941577 4040
25941607 5
25941691 1373
25941701 15
25941701 39
25941737 7
25941871 5
25941913 12
25941961 11
25941961 75
25941997 1587
25942093 3
25942093 476
25942121 39
25942121 171
25942139 1
25942139 4212
25942181 84
25942337 43
25942361 4
25942363 5
25942363 393
25942517 192
25942529 96
25942577 144
25942673 75
25942757 4
25942783 21
25942859 4
25942859 192
25942871 481
25942933 3
25942991 1
25943009 40
25943039 8340
25943111 13
25943123 40
25943123 396
25943143 8
25943153 28
25943153 427
25943219 4
25943297 4
25943381 4
25943453 220
25943503 8
25943503 1172
25943503 1896
25943627 265
25943629 36
25943641 7143
25943699 1
25943707 8
25943713 5907
25943789 6552
25943843 1
25943899 2501
25943903 1
25943903 12
25943963 13
25943963 8641
25944059 9
25944143 61
25944203 1
25944203 4200
25944251 1
25944353 96
25944379 4476
25944497 180
25944539 124
25944629 15
25944643 408
25944683 1
25944707 448
25945027 5
25945079 16
25945079 180
25945079 289
25945079 4041
25945093 296
25945099 8604
25945163 16
25945207 1440
25945217 24
25945217 532
25945327 44
25945373 16
25945589 60
25945613 151
25945741 168
25945823 1
25945889 3580
25945937 279
25945943 25
25945957 24
25946083 8
25946087 744
25946111 4428
25946143 57
25946147 4
25946147 69
25946183 1
25946357 28
25946357 523
25946377 1655
25946407 5
25946423 1
25946423 37
25946429 12
25946441 31
25946441 139
25946477 3
25946513 115
25946617 3
25946629 459
25946671 309
25946693 292
25946693 828
25946707 9
25946717 3
25946801 31
25946813 28
25946861 1248
25946863 1865
25946887 29
25946897 555
25946939 57
25947011 16
25947107 12
25947121 3
25947191 1
25947221 3
25947221 79
25947241 3
25947343 188
25947343 8225
25947359 4
25947359 3949
25947359 4665
25947409 11
25947419 1
25947419 4
25947479 1
25947557 27
25947569 15
25947601 459
25947637 624
25947667 173
25947667 668
25947697 203
25947737 4000
25947739 192
25947739 9605
25947773 7
25948007 4
25948037 27
25948073 4555
25948199 12
25948379 9
25948379 5365
25948501 3
25948679 1
25948679 37
25948693 36
25948739 1
25948753 12
25948771 9
25948781 39
25948921 8904
25948931 1
25948931 33
25948931 144
25948999 9
25948999 212
25949017 3
25949017 63
25949017 3672
25949101 68
25949251 5
25949299 5
25949453 15
25949453 55
25949467 8
25949477 7
25949527 9804
25949657 3
25949689 327
25949713 8
25949723 2241
25949743 3840
25949779 1260
25949813 12
25949849 4
25949851 24
25949851 408
25949879 165
25949879 3825
25949899 4137
25949933 3543
25950017 7
25950017 724
25950121 11
25950121 15
25950139 41
25950229 8111
25950289 51
25950311 1
25950329 27
25950329 447
25950377 4
25950479 25
25950481 63
25950511 36
25950623 73
25950671 181
25950719 1
25950719 124
25950781 11
25950833 2611
25950929 16
25950961 8
25950961 183
25950961 6276
25951021 3
25951063 8
25951127 24
25951157 772
25951271 1320
25951363 8
25951411 221
25951447 5
25951691 2716
25951727 312
25951753 3
25951753 167
25951759 12
25951823 1
25951831 1965
25951841 43
25951879 192
25951907 657
25951987 509
25952039 1
25952107 68
25952107 512
25952161 4611
25952161 5556
25952237 12
25952243 1
25952291 120
25952299 92
25952411 9
25952431 8
25952543 36
25952747 13
25952747 3949
25952833 60
25952933 4600
25952933 5475
25953007 9552
25953079 24
25953079 504
25953089 139
25953119 657
25953163 8
25953163 2136
25953197 1587
25953247 32
25953413 3
25953413 91
25953437 264
25953457 15
25953491 1
25953559 140
25953581 16
25953583 5841
25953689 7
25953757 987
25953793 3
25953877 2912
25953901 15
25953947 180
25954067 45
25954081 68
25954081 839
25954129 1215
25954139 2080
25954157 87
25954169 4
25954283 1
25954283 25
25954303 1068
25954337 4008
25954451 1
25954541 2284
25954633 1631
25954679 1
25954711 908
25954807 9
25954919 1
25954933 3
25954961 43
25955047 9
25955047 17
25955099 4
25955129 339
25955143 8
25955231 4
25955231 49
25955291 1
25955297 3
25955299 201
25955299 5420
25955323 401
25955351 1729
25955417 3
25955417 108
25955441 4
25955453 15
25955483 1
25955483 9636
25955509 92
25955509 120
25955509 371
25955513 835
25955533 3
25955593 3
25955621 91
25955621 4060
25955681 1396
25955717 1579
25955779 5
25955819 9
25955851 5
25955851 365
25955863 20
25955869 395
25955873 12
25955903 1
25955903 96
25955921 6556
25955933 52
25955999 1521
25956149 967
25956169 3600
25956179 1
25956193 3
25956199 9
25956221 15
25956409 167
25956461 1255
25956461 1639
25956481 11
25956481 488
25956493 2267
25956551 4
25956559 45
25956779 1
25956787 252
25956863 81
25956971 124
25957031 1
25957081 236
25957187 292
25957241 3219
25957247 6280
25957289 811
25957457 4599
25957511 1
25957511 528
25957517 4
25957517 7
25957531 5
25957531 2588
25957541 708
25957649 4
25957717 59
25957747 60
25957859 4537
25957873 3
25958033 160
25958069 24
25958071 4380
25958173 27
25958173 231
25958203 6132
25958299 149
25958341 264
25958411 73
25958417 507
25958441 976
25958533 107
25958549 4
25958551 5
25958573 3
25958573 15
25958659 381
25958771 6964
25958809 56
25958951 1
25958963 1
25959179 1
25959251 76
25959257 3
25959277 483
25959287 4
25959359 1
25959547 5
25959631 3984
25959641 120
25959641 399
25959707 9
25959707 1008
25959721 8
25959733 303
25959751 5241
25959763 117
25959911 133
25959919 336
25959931 273
25960007 129
25960007 144
25960049 160
25960117 5567
25960183 65
25960229 4
25960351 4533
25960379 3901
25960387 1848
25960397 3220
25960409 15
25960477 108
25960483 9408
25960523 1345
25960523 8388
25960573 8
25960589 4
25960607 124
25960633 3
25960699 321
25960757 4
25960793 2035
25960849 27
25960867 65
25960867 5064
25960871 1
25960871 9
25960903 392
25961027 589
25961113 12
25961171 105
25961203 8
25961237 4
25961333 3
25961333 12
25961359 165
25961401 123
25961401 1919
25961489 16
25961491 9
25961491 905
25961597 172
25961597 1012
25961693 3
25961717 6403
25961801 4311
25961843 1
25961857 27
25961861 51
25961921 168
25961977 863
25962187 45
25962199 5
25962203 1
25962253 1415
25962257 9640
25962319 2604
25962361 20
25962367 17
25962401 91
25962463 125
25962539 1
25962539 4
25962551 1
25962661 144
25962709 539
25962709 6012
25962719 1
25962787 5
25962823 413
25962823 585
25962869 99
25962889 140
25962907 2192
25962947 4
25962947 33
25962953 231
25962971 61
25963079 1
25963109 36
25963109 1620
25963109 2716
25963121 36
25963303 513
25963361 3
25963447 5
25963477 35
25963549 119
25963549 6312
25963559 1
25963577 3
25963577 100
25963577 3888
25963583 1
25963601 3
25963831 168
25963859 4
25963859 84
25963943 28
25964161 23
25964347 24
25964347 108
25964347 4280
25964381 3
25964381 28
25964383 360
25964387 148
25964429 1015
25964429 6736
25964531 1
25964557 3
25964569 1911
25964663 1
25964671 648
25964671 9740
25964683 41
25964717 63
25964717 4624
25964843 1
25964843 237
25964909 7
25964921 3
25964959 5
25964959 381
25964977 107
25965007 5
25965041 219
25965041 2515
25965161 3
25965257 3
25965347 4
25965349 24
25965377 8272
25965427 1680
25965439 21
25965439 632
25965497 12
25965521 16
25965521 1576
25965629 4492
25965671 1
25965757 8
25965791 4
25965869 7
25965899 1
25965923 336
25965943 1605
25965983 532
25966069 51
25966069 135
25966133 12
25966133 268
25966133 891
25966147 5
25966159 9
25966159 65
25966177 3
25966181 879
25966207 5
25966399 197
25966433 2860
25966487 9
25966487 5793
25966529 7
25966529 15
25966537 39
25966537 87
25966639 5
25966639 20
25966679 1
25966741 60
25966841 3
25966841 4
25966987 57
25967003 901
25967159 1
25967203 4140
25967251 501
25967251 720
25967317 3
25967321 4
25967323 8
25967323 36
25967363 1653
25967387 297
25967423 5197
25967467 429
25967477 3
25967497 203
25967507 13
25967533 71
25967533 1536
25967561 904
25967581 500
25967597 400
25967663 61
25967663 301
25967803 7508
25967849 291
25967867 24
25967867 7953
25968023 57
25968029 19
25968133 492
25968221 3
25968227 4
25968347 1120
25968373 56
25968377 132
25968389 132
25968391 968
25968407 1557
25968419 1
25968451 5
25968451 9804
25968461 76
25968461 999
25968617 3
25968641 1063
25968797 7
25968853 20
25968871 36
25968941 204
25968977 24
25968977 1003
25969121 4
25969211 13
25969243 9081
25969253 51
25969253 520
25969271 16
25969283 273
25969357 380
25969429 227
25969451 1
25969589 8695
25969607 57
25969613 451
25969627 5
25969627 29
25969627 1893
25969663 5
25969763 40
25969793 3
25969927 7040
25969987 48
25970099 4
25970099 9
25970129 4
25970141 4
25970141 508
25970183 81
25970209 9120
25970279 5217
25970293 315
25970297 19
25970297 103
25970303 1
25970369 256
25970431 33
25970459 1
25970533 20
25970579 1
25970579 2292
25970597 7
25970603 1
25970603 12
25970639 4
25970639 1341
25970723 9312
25970761 236
25970771 1
25970809 24
25970821 39
25970821 275
25970831 1
25970831 24
25970897 12
25970897 1260
25970941 3
25970969 4
25970969 67
25971031 84
25971203 93
25971259 404
25971311 1
25971469 107
25971557 75
25971599 24
25971599 4585
25971637 320
25971637 395
25971739 9
25971739 132
25971809 216
25971809 271
25971821 1759
25971823 17
25971851 1389
25972021 9803
25972057 132
25972091 4
25972211 273
25972241 895
25972241 7711
25972291 7169
25972321 639
25972333 5348
25972357 4115
25972367 4
25972391 189
25972391 285
25972523 16
25972571 1
25972571 28
25972619 6285
25972759 5
25972759 1281
25972759 2024
25972769 15
25972769 84
25972799 45
25972979 264
25973063 1
25973069 9931
25973117 52
25973117 532
25973147 508
25973203 8517
25973477 4
25973491 8
25973503 5
25973503 237
25973503 525
25973537 1243
25973539 57
25973543 252
25973587 245
25973599 2069
25973639 1
25973653 3
25973683 57
25973687 133
25973687 2745
25973707 84
25973737 315
25973873 1140
25973921 1348
25974059 1
25974071 9
25974149 7
25974149 12
25974161 3484
25974209 76
25974239 1620
25974251 1
25974251 24
25974251 316
25974251 400
25974307 749
25974433 5096
25974449 631
25974457 1067
25974667 197
25974671 1
25974671 1021
25974701 108
25974721 3
25974857 24
25974911 1
25974913 3
25975003 153
25975087 68
25975283 601
25975307 4249
25975333 111
25975393 83
25975393 95
25975403 561
25975429 200
25975501 36
25975501 56
25975513 288
25975529 64
25975529 8004
25975559 645
25975559 6276
25975661 4
25975661 1048
25975723 57
25975723 2132
25975751 4
25975751 64
25975783 57
25975801 1160
25975877 2839
25975951 29
25975981 20
25976053 4431
25976081 4168
25976219 9
25976231 1
25976243 1
25976263 5
25976263 17
25976303 6325
25976351 9
25976381 79
25976399 420
25976441 39
25976513 111
25976551 336
25976567 349
25976611 233
25976623 168
25976623 573
25976723 2196
25976747 412
25976761 3
25976777 60
25976827 212
25976893 8547
25977059 9
25977179 1
25977271 8
25977433 8
25977443 1
25977449 76
25977481 39
25977499 9
25977661 20
25977701 4
25977739 449
25977871 65
25977949 12
25978013 7
25978013 123
25978013 2227
25978021 959
25978129 32
25978163 12
25978223 1
25978273 3596
25978289 76
25978289 219
25978313 7
25978369 155
25978391 1
25978417 27
25978481 1744
25978517 12
25978549 27
25978553 835
25978571 48
25978573 3
25978649 387
25978663 177
25978663 6965
25978817 19
25978861 3
25978861 264
25978919 21
25978933 11
25979017 15
25979053 3
25979053 56
25979081 3
25979081 15
25979131 380
25979171 4
25979207 4
25979269 72
25979347 20
25979423 1
25979497 3
25979507 25
25979507 5212
25979507 8013
25979549 552
25979617 588
25979651 2976
25979659 149
25979671 8
25979743 1553
25979771 1
25979771 8680
25979813 2548
25979867 4
25979867 8389
25979879 205
25979951 1
25979959 5
25979981 1584
25980037 467
25980161 75
25980167 145
25980181 3
25980281 628
25980287 25
25980287 1284
25980293 688
25980373 8252
25980419 84
25980419 3376
25980421 3
25980421 164
25980457 5564
25980463 756
25980463 8880
25980589 224
25980599 1
25980631 116
25980673 3
25980739 5
25980793 15
25980793 651
25981051 1736
25981051 4200
25981079 1
25981079 3057
25981121 3375
25981199 45
25981369 11
25981369 32
25981391 1144
25981391 5761
25981399 5
25981409 12
25981427 49
25981481 15
25981519 84
25981537 120
25981591 8
25981609 35
25981783 92
25981783 861
25981799 1
25981841 3259
25981867 48
25981867 884
25981979 1
25982009 4
25982017 20
25982039 1
25982053 1155
25982053 3620
25982081 744
25982179 72
25982227 8
25982263 33
25982269 224
25982287 65
25982483 1
25982497 3
25982611 3509
25982669 19
25982713 35
25982771 184
25982777 7287
25982797 84
25982897 4
25982993 1371
25983059 1
25983059 4
25983071 1
25983073 932
25983121 1256
25983313 3180
25983329 16
25983329 4719
25983589 3252
25983619 249
25983619 5481
25983677 3
25983733 3
25983823 81
25983863 172
25984019 4
25984019 424
25984051 8
25984157 4
25984157 28
25984163 1
25984163 213
25984187 672
25984207 8
25984207 24
25984223 1
25984223 136
25984333 3
25984333 80
25984349 27
25984391 1020
25984391 6264
25984433 303
25984459 141
25984481 4
25984487 4
25984613 91
25984631 933
25984741 20
25984781 24
25984801 116
25984883 1
25985023 5
25985087 4
25985107 20
25985111 1
25985159 1
25985159 1065
25985257 3
25985257 15
25985261 211
25985263 552
25985339 72
25985411 4
25985489 12
25985569 3836
25985569 9344
25985611 8640
25985801 3
25985881 2771
25985933 363
25985969 7
25985969 15
25985969 72
25986007 3857
25986049 15
25986089 84
25986089 615
25986139 5
25986139 425
25986143 1
25986197 7
25986209 4
25986211 464
25986263 1
25986313 111
25986361 3
25986371 1
25986637 92
25986637 3228
25986679 41
25986721 3476
25986739 324
25986847 5
25986869 135
25986967 5
25986967 792
25987063 365
25987139 4
25987151 1
25987151 489
25987249 15
25987321 3
25987427 25
25987439 640
25987589 4
25987589 435
25987681 3
25987681 36
25987691 1
25987697 12
25987711 33
25987721 4
25987771 24
25987807 44
25987811 40
25987859 4
25987873 1467
25987879 9
25987961 3
25987979 24
25987979 72
25987987 549
25988021 24
25988021 76
25988051 1
25988099 60
25988119 69
25988129 1384
25988159 1
25988243 1588
25988279 1
25988317 12
25988327 2388
25988357 7
25988441 4
25988441 180
25988477 64
25988483 133
25988503 216
25988527 80
25988539 501
25988593 408
25988647 329
25988687 1737
25988723 9912
25988737 3
25988737 8
25988741 4680
25988887 3297
25988929 20
25988939 40
25988951 1
25988953 3
25989001 48
25989079 60
25989109 104
25989151 548
25989349 384
25989419 4
25989437 63
25989443 2200
25989487 225
25989527 4744
25989653 3
25989653 1647
25989671 16
25989697 44
25989697 3380
25989751 5
25989781 51
25989791 13
25989791 624
25989809 76
25989809 444
25989841 59
25989883 12
25989961 579
25990051 20
25990091 1180
25990099 17
25990247 292
25990273 12
25990273 32
25990291 2316
25990417 12
25990519 125
25990553 28
25990567 9360
25990589 4
25990631 4
25990693 47
25990721 3075
25990823 1
25990871 36
25990891 5
25990919 3637
25990949 1119
25990969 176
25990997 19
25991071 105
25991101 108
25991111 1
25991197 20
25991197 347
25991227 9
25991281 75
25991309 1299
25991321 99
25991321 2299
25991461 48
25991543 33
25991561 1156
25991681 204
25991687 13
25991717 6363
25991809 240
25991879 4
25991957 7
25991971 105
25992011 21
25992107 288
25992107 3277
25992137 4
25992203 2340
25992203 4836
25992223 4248
25992227 697
25992251 1
25992259 92
25992409 27
25992427 1344
25992493 3
25992493 6020
25992517 20
25992581 3
25992623 6153
25992641 5800
25992719 37
25992727 20
25992793 9543
25992803 1008
25992823 12
25992899 4
25992929 7
25992971 1
25992971 4149
25993043 1
25993213 260
25993223 5605
25993327 513
25993393 143
25993489 35
25993619 1
25993619 25
25993661 4
25993817 3
25993829 184
25993859 45
25993921 924
25993931 4
25993949 184
25994029 11
25994029 75
25994039 172
25994153 7
25994183 1008
25994257 3
25994483 501
25994659 5
25994663 4305
25994681 360
25994693 75
25994711 169
25994753 16
25994767 5949
25994783 376
25994821 3
25994897 3
25994911 21
25994911 29
25994911 36
25994971 69
25995061 20
25995119 4
25995251 4
25995283 168
25995289 99
25995331 2388
25995383 1
25995407 60
25995457 2619
25995461 139
25995511 336
25995547 1325
25995637 3
25995637 84
25995643 1893
25995647 465
25995677 55
25995679 9
25995769 267
25995787 8997
25995797 184
25995877 63
25995883 12
25995953 36
25996013 2043
25996027 5
25996039 509
25996057 87
25996057 3227
25996079 1
25996211 9
25996297 3219
25996357 20
25996379 12
25996379 24
25996387 12
25996457 3
25996471 9
25996471 93
25996511 1
25996559 225
25996567 437
25996589 124
25996589 2611
25996643 1
25996643 28
25996643 172
25996777 8
25996777 20
25996777 183
25996783 261
25996813 863
25996813 1860
25996913 3
25996933 12
25996939 5297
25996973 2248
25996973 3831
25996991 45
25997009 76
25997047 29
25997093 3
25997123 1
25997227 857
25997243 1
25997351 1
25997357 2988
25997479 1736
25997579 1
25997579 2560
25997581 11
25997599 5757
25997599 6492
25997611 341
25997611 1304
25997633 5875
25997689 44
25997729 300
25997767 12
25997767 84
25997767 593
25997771 1
25997801 3
25997837 3
25997849 4
25997869 9207
25997899 45
25997941 3
25997971 8
25998041 2511
25998053 1047
25998067 5
25998299 1
25998311 4
25998317 2107
25998437 39
25998463 21
25998463 588
25998503 1
25998521 1096
25998611 1
25998641 528
25998641 6783
25998691 36
25998697 8628
25998733 3
25998811 5
25998913 3083
25998949 39
25998949 6099
25998953 280
25999019 21
25999027 6500
25999067 25
25999079 1
25999081 23
25999199 1
25999279 32
25999373 7972
25999387 60
25999433 12
25999433 3163
25999451 1149
25999517 3
25999553 5011
25999559 109
25999559 112
25999639 1037
25999663 5
25999663 105
25999679 1
25999691 1
25999691 49
25999693 3
25999717 23
25999751 1
25999807 4068
25999843 48
25999933 11
