12000029 460
12000239 1596
12000253 2036
12000257 4
12000269 540
12000271 9
12000281 1224
12000353 12
12000377 255
12000407 1804
12000431 13
12000509 1339
12000523 825
12000563 148
12000563 9433
12000673 3
12000673 35
12000679 585
12000797 880
12000881 2311
12000883 12
12000899 1
12000959 145
12000979 36
12001001 3
12001001 84
12001037 79
12001051 5
12001051 9
12001081 8
12001117 1124
12001139 4
12001159 60
12001163 40
12001163 7840
12001169 756
12001189 611
12001261 3
12001271 1
12001271 913
12001291 20
12001421 435
12001453 440
12001459 2204
12001463 241
12001481 3
12001499 21
12001511 1333
12001543 6477
12001553 3091
12001571 1
12001667 12
12001709 7
12001709 19
12001819 305
12001877 19
12001897 479
12001909 731
12001963 77
12001999 21
12002209 564
12002261 820
12002321 871
12002387 4
12002411 4
12002443 12
12002483 180
12002519 2860
12002579 261
12002591 1
12002593 8
12002603 361
12002647 9
12002759 1
12002869 4275
12002933 136
12002951 1
12002951 28
12002951 673
12002957 15
12002989 12
12003073 432
12003179 97
12003179 1701
12003191 1
12003191 60
12003209 931
12003227 1252
12003239 4284
12003247 144
12003289 32
12003289 1200
12003527 5217
12003557 15
12003559 20
12003559 104
12003569 24
12003569 952
12003601 288
12003671 9
12003671 705
12003679 84
12003689 384
12003689 519
12003721 140
12003737 4
12003829 56
12003869 912
12003911 61
12003997 3
12004043 3048
12004049 2380
12004117 3
12004117 119
12004163 165
12004319 1
12004319 25
12004381 11
12004381 648
12004417 3
12004417 8
12004427 13
12004453 3
12004453 47
12004501 8000
12004511 1
12004537 12
12004543 2072
12004607 85
12004607 244
12004633 407
12004679 4
12004679 57
12004717 23
12004717 179
12004763 8436
12004799 1
12004801 456
12004807 33
12004807 9485
12004829 331
12004829 1216
12004847 12
12004891 5
12004963 77
12004963 105
12004991 1
12004991 6525
12005047 32
12005051 100
12005099 1
12005219 1
12005219 16
12005269 284
12005269 744
12005309 132
12005317 3
12005407 5
12005531 1
12005641 51
12005659 9
12005683 1473
12005753 3
12005761 24
12005813 363
12005827 12
12005831 136
12005881 23
12005953 155
12006079 617
12006187 53
12006223 48
12006251 1
12006289 20
12006289 1659
12006307 477
12006311 1
12006343 1205
12006349 287
12006359 852
12006443 1
12006473 60
12006473 9447
12006509 12
12006541 399
12006653 112
12006671 1
12006671 489
12006679 17
12006721 2423
12006737 19
12006751 176
12006767 13
12006767 2217
12006773 27
12006773 315
12006781 3
12006941 64
12007147 293
12007159 300
12007181 208
12007211 540
12007217 3160
12007223 1
12007313 48
12007393 491
12007397 3
12007451 876
12007453 3
12007481 4
12007481 180
12007481 1144
12007519 5
12007529 15
12007543 45
12007603 117
12007651 180
12007759 9
12007777 155
12007837 15
12007837 168
12007907 64
12007927 533
12007939 9
12007939 897
12007999 84
12008027 4
12008053 47
12008081 4
12008099 1
12008173 32
12008189 7
12008261 3
12008261 43
12008417 2392
12008419 5
12008419 261
12008471 1
12008483 45
12008543 796
12008569 6359
12008797 12
12008797 24
12008861 268
12008939 4
12008999 1
12009031 20
12009073 323
12009073 6140
12009139 36
12009167 9
12009331 21
12009337 168
12009367 9
12009407 24
12009409 3951
12009421 3
12009443 1
12009443 8665
12009551 1
12009551 16
12009563 9348
12009583 17
12009583 33
12009593 15
12009593 172
12009637 1899
12009727 9
12009779 1
12009827 5632
12009859 9357
12009901 2223
12009917 1395
12009937 44
12010013 12
12010057 44
12010079 1
12010091 1473
12010129 15
12010169 4
12010241 3
12010303 72
12010319 3309
12010319 5797
12010399 1329
12010447 1737
12010477 1328
12010513 12
12010529 16
12010529 619
12010543 125
12010561 119
12010627 665
12010667 60
12010693 56
12010693 188
12010693 576
12010723 8
12010723 12
12010751 325
12010769 4
12010937 1647
12010963 8
12011057 375
12011057 5127
12011099 2289
12011113 252
12011171 9
12011183 1
12011281 11
12011357 319
12011387 60
12011411 6100
12011557 3
12011611 5
12011617 3
12011651 85
12011669 4
12011689 36
12011711 1
12011711 1021
12011767 60
12011807 7917
12011833 7380
12011903 1
12012037 8
12012053 1932
12012101 3
12012131 1
12012131 4
12012257 2343
12012263 393
12012271 2964
12012281 184
12012281 280
12012337 92
12012337 9723
12012367 3485
12012439 3281
12012449 351
12012491 1
12012493 251
12012551 4
12012599 36
12012607 692
12012743 1
12012859 300
12012893 40
12012893 171
12012971 1
12012971 4
12013069 24
12013081 80
12013087 1469
12013091 49
12013091 268
12013097 3
12013097 7
12013097 27
12013097 147
12013201 3
12013229 1879
12013273 7632
12013303 168
12013361 703
12013367 633
12013481 3
12013499 1
12013499 4
12013499 3732
12013579 29
12013601 19
12013621 51
12013637 819
12013663 17
12013753 3
12013753 2951
12013763 1
12013763 1077
12013777 4955
12013847 49
12013847 208
12013867 2904
12013873 3
12013873 7392
12013891 5
12013931 84
12013931 213
12013949 12
12014039 1
12014117 6880
12014173 1796
12014203 5
12014309 1675
12014311 8
12014357 4
12014363 1
12014363 72
12014369 207
12014531 168
12014609 75
12014609 3639
12014627 688
12014731 21
12014747 48
12014813 3
12014813 15
12014837 7
12014839 12
12014929 35
12014957 3184
12015013 12
12015041 3
12015067 240
12015067 4292
12015071 1
12015071 25
12015071 141
12015203 1
12015217 128
12015271 240
12015287 4
12015359 1
12015359 216
12015373 36
12015431 1
12015431 88
12015433 11
12015439 92
12015457 3
12015457 27
12015469 540
12015529 11
12015551 1
12015551 865
12015559 524
12015571 8
12015571 9
12015589 147
12015611 1
12015643 105
12015677 223
12015677 1347
12015701 591
12015737 1744
12015743 1
12015781 239
12015803 1
12015811 5661
12015863 1993
12015917 7
12015917 12
12015943 17
12015953 27
12016013 15
12016031 3244
12016139 105
12016187 3532
12016261 95
12016271 1524
12016339 9
12016343 108
12016357 12
12016387 2372
12016391 1
12016423 245
12016541 48
12016547 9
12016577 40
12016597 8
12016663 1457
12016717 1212
12016789 39
12016799 1
12016831 345
12016859 1
12016931 4
12016969 120
12016973 76
12017111 1
12017111 4
12017111 85
12017111 313
12017123 1
12017143 5921
12017171 21
12017231 9061
12017263 3512
12017287 6048
12017353 3
12017363 1
12017459 1
12017459 57
12017497 95
12017639 1
12017713 8
12017713 371
12017807 64
12017839 44
12017867 604
12017903 316
12017969 4159
12017969 9472
12018001 51
12018023 712
12018023 2812
12018047 852
12018059 1
12018299 121
12018329 432
12018401 40
12018481 3
12018491 1
12018493 1107
12018509 36
12018533 91
12018551 1
12018553 312
12018577 375
12018679 540
12018733 1676
12018841 2516
12018869 756
12018871 8
12018871 221
12018901 20
12018907 1853
12018907 3189
12019009 8327
12019081 23
12019081 1163
12019099 9
12019177 24
12019201 2484
12019261 11
12019277 355
12019279 41
12019279 4724
12019309 84
12019327 24
12019349 7
12019387 72
12019507 168
12019577 343
12019589 4596
12019619 2016
12019627 17
12019627 144
12019627 393
12019687 573
12019691 1
12019753 8
12019781 36
12019789 1811
12019793 36
12019793 1768
12019801 608
12019897 2927
12019907 73
12020051 4
12020119 29
12020131 9641
12020209 35
12020221 4755
12020231 1
12020299 9572
12020383 96
12020383 5292
12020417 124
12020417 583
12020441 16
12020473 2307
12020527 2028
12020573 3
12020573 2695
12020611 5
12020707 44
12020741 484
12020909 147
12020929 5111
12021029 1251
12021059 61
12021259 5
12021259 20
12021311 168
12021403 3896
12021629 12
12021683 7776
12021749 195
12021749 676
12021809 216
12021953 7
12021959 1
12021973 12
12021973 2276
12022007 4
12022229 5547
12022267 8
12022291 324
12022313 3
12022357 39
12022357 2472
12022379 112
12022511 1
12022597 87
12022609 11
12022609 6407
12022613 72
12022693 3
12022727 4
12022727 45
12022919 9421
12022979 37
12023003 2292
12023059 24
12023153 3
12023153 52
12023153 147
12023159 9664
12023189 124
12023191 236
12023243 1
12023281 5915
12023299 9
12023329 47
12023357 48
12023383 1581
12023467 57
12023477 883
12023489 4
12023579 1
12023579 4
12023597 3
12023597 12
12023621 6511
12023659 137
12023663 1
12023797 263
12023819 4
12023831 1
12023839 9332
12023861 39
12023863 17
12023863 20
12023881 3
12023923 7121
12024041 259
12024119 1
12024157 4008
12024203 1
12024203 45
12024413 571
12024451 81
12024499 89
12024539 84
12024629 132
12024629 8271
12024643 5
12024659 280
12024703 21
12024721 80
12024863 273
12024923 772
12024983 1
12025031 285
12025049 2212
12025049 5011
12025129 155
12025231 9
12025253 127
12025261 3
12025267 24
12025319 1
12025367 345
12025411 2628
12025463 1
12025463 436
12025513 1791
12025529 15
12025529 75
12025553 67
12025603 17
12025609 47
12025823 525
12025873 23
12025903 20
12025961 76
12025961 88
12025973 16
12025973 76
12026041 20
12026087 2025
12026101 4203
12026129 339
12026153 36
12026291 1
12026317 24
12026423 577
12026549 19
12026569 84
12026569 1059
12026587 57
12026603 1
12026647 17
12026741 220
12026747 5325
12026797 35
12026873 5548
12027049 315
12027053 3
12027053 147
12027053 5487
12027089 507
12027089 2016
12027139 5
12027179 144
12027289 120
12027293 40
12027307 89
12027377 12
12027451 8
12027469 47
12027469 395
12027469 1116
12027523 392
12027529 72
12027623 1
12027647 64
12027667 5
12027679 456
12027731 9324
12027749 12
12027751 104
12027803 1
12027803 5268
12027863 1
12027863 12
12027881 208
12027887 12
12027887 1753
12027913 60
12027913 135
12027937 104
12027949 404
12028033 675
12028067 417
12028109 2935
12028139 25
12028147 89
12028187 124
12028337 7
12028409 4
12028421 4776
12028487 13
12028553 1156
12028573 11
12028603 177
12028637 4
12028657 15
12028739 1
12028799 1
12028801 20
12028801 1448
12028937 63
12028937 1603
12028943 16
12029029 15
12029089 2460
12029191 5
12029219 700
12029231 9
12029231 381
12029243 6568
12029377 75
12029417 288
12029513 1311
12029531 4
12029531 8040
12029561 3
12029573 3
12029593 1095
12029593 1260
12029657 3
12029657 304
12029663 1
12029711 1
12029737 3
12029747 148
12029819 1
12029827 2093
12029837 28
12029929 932
12029957 39
12030017 148
12030149 1996
12030197 7
12030223 8
12030323 12
12030323 141
12030383 37
12030419 132
12030437 7
12030437 8763
12030521 3
12030539 12
12030539 517
12030547 12
12030547 33
12030659 129
12030677 19
12030677 27
12030703 156
12030793 47
12030859 516
12030871 233
12030877 9219
12030901 3059
12031049 16
12031051 8
12031289 7
12031301 3
12031319 1
12031337 3
12031337 180
12031571 9
12031619 136
12031651 3245
12031687 1472
12031711 5
12031711 104
12031891 204
12031931 1
12031931 4
12031961 4
12032089 167
12032173 48
12032191 1460
12032213 3
12032213 12
12032213 355
12032233 3
12032233 140
12032281 8
12032281 120
12032287 48
12032291 144
12032399 49
12032417 384
12032429 840
12032521 11
12032591 4
12032623 56
12032687 192
12032747 3073
12032827 17
12032827 1392
12032849 12
12032879 1
12032879 2485
12032879 3552
12032927 277
12033013 12
12033017 3243
12033041 2283
12033107 2209
12033167 5832
12033179 6121
12033211 21
12033221 40
12033253 68
12033277 212
12033277 2648
12033277 2867
12033391 20
12033391 240
12033407 84
12033419 21
12033533 768
12033557 952
12033607 3305
12033641 7191
12033691 8
12033793 443
12033839 24
12033947 373
12033953 828
12034013 7
12034133 351
12034133 840
12034157 1863
12034157 3304
12034241 2131
12034301 159
12034331 1
12034433 3928
12034501 11
12034513 291
12034523 312
12034531 165
12034531 1260
12034591 536
12034597 23
12034639 336
12034661 736
12034661 1099
12034709 19
12034721 40
12034723 1121
12034723 2637
12034777 3
12034783 141
12034801 4419
12034831 9
12034907 745
12034943 1
12034991 33
12035021 1348
12035047 2760
12035173 63
12035173 72
12035183 1
12035197 119
12035267 45
12035273 1807
12035333 7
12035369 16
12035459 2880
12035461 23
12035519 1
12035579 244
12035603 28
12035623 8
12035623 1376
12035623 2601
12035689 564
12035827 545
12035951 420
12035951 4029
12035981 391
12035999 4
12036023 1
12036041 4
12036077 1692
12036113 3
12036179 9
12036181 60
12036197 88
12036229 372
12036257 315
12036281 7879
12036347 373
12036397 8
12036419 12
12036511 3081
12036707 9
12036707 565
12036707 4132
12036851 9
12036853 3
12036907 29
12036953 3
12036991 929
12036991 1520
12037031 9
12037141 1400
12037147 6513
12037219 105
12037243 720
12037369 239
12037379 1
12037397 312
12037427 4
12037453 203
12037601 2104
12037637 4080
12037643 1
12037643 1476
12037747 33
12037789 2459
12037793 67
12037799 9
12037897 24
12037897 203
12037937 7
12037937 175
12037997 160
12038041 1175
12038083 2717
12038083 5168
12038101 8384
12038113 6360
12038119 720
12038179 192
12038233 12
12038311 36
12038387 352
12038387 508
12038423 1
12038437 8
12038437 3752
12038443 788
12038519 117
12038531 1
12038561 108
12038659 60
12038659 236
12038671 120
12038717 7
12038749 699
12038797 44
12038861 3
12038861 16
12038861 79
12038861 6831
12038879 1
12038879 12
12038879 61
12038879 141
12038879 540
12038993 16
12039007 5
12039061 495
12039173 3180
12039221 343
12039239 1
12039311 1
12039317 3
12039341 1923
12039347 964
12039397 8
12039421 24
12039421 48
12039457 12
12039479 36
12039487 860
12039493 2531
12039607 5
12039623 601
12039641 4
12039707 7765
12039739 125
12039761 3
12039779 1096
12039779 1521
12039799 21
12039803 1
12039803 100
12039883 4041
12039991 1376
12040027 92
12040073 3
12040073 171
12040139 9
12040163 1
12040163 6525
12040181 15
12040309 8472
12040331 1
12040373 2740
12040421 243
12040421 319
12040517 3
12040537 27
12040571 1
12040571 4473
12040619 304
12040723 21
12040733 367
12040751 1653
12040807 7605
12040823 1
12040823 1240
12040907 345
12040967 153
12041087 448
12041089 444
12041143 1641
12041147 72
12041149 20
12041149 272
12041171 1
12041179 8421
12041279 1
12041327 4
12041363 12
12041363 13
12041479 5180
12041501 31
12041503 81
12041563 6177
12041567 12
12041621 460
12041663 1
12041683 5553
12041713 12
12041717 9307
12041753 255
12041779 3161
12041923 77
12041923 2048
12041999 84
12042053 108
12042059 1
12042083 1
12042113 7948
12042157 6012
12042197 1027
12042241 128
12042241 4044
12042311 1
12042319 365
12042343 105
12042347 4824
12042469 1772
12042659 1
12042677 4
12042683 1
12042691 33
12042707 13
12042809 4
12042809 2067
12042887 97
12042887 733
12042893 43
12042893 2416
12042983 1
12043001 1068
12043027 9
12043039 5
12043151 1
12043219 80
12043267 689
12043289 55
12043337 67
12043351 1133
12043441 3
12043453 503
12043459 7049
12043501 8
12043541 24
12043571 1
12043597 3
12043621 3
12043621 1436
12043637 7
12043639 209
12043723 213
12043723 3276
12043751 2004
12043771 56
12043817 4207
12043949 16
12043949 1360
12043951 108
12044029 275
12044029 1440
12044069 79
12044141 4
12044147 13
12044159 1
12044243 5973
12044297 3
12044317 200
12044321 3
12044371 429
12044371 1269
12044441 1503
12044471 1
12044509 1535
12044579 16
12044623 1781
12044671 176
12044723 1
12044729 1452
12044741 4
12044881 11
12044881 15
12044881 2015
12044941 8
12044953 3
12045023 241
12045071 81
12045139 77
12045217 732
12045217 5292
12045247 1884
12045247 2852
12045269 7
12045457 24
12045457 443
12045463 425
12045463 1517
12045463 5273
12045521 3
12045521 736
12045619 5
12045619 5901
12045641 3876
12045713 51
12045773 8151
12045811 5
12045833 87
12045833 3135
12045851 24
12045881 579
12045907 105
12045907 2273
12045973 32
12046031 285
12046033 12
12046103 1
12046123 8
12046123 17
12046123 3057
12046129 11
12046231 48
12046261 719
12046271 216
12046301 4
12046379 21
12046403 1
12046471 2985
12046613 432
12046633 95
12046691 1
12046753 575
12046877 28
12046877 375
12046883 328
12047039 1
12047107 3185
12047279 9
12047297 1164
12047309 27
12047363 13
12047419 21
12047447 1372
12047473 15
12047473 936
12047479 5
12047489 2311
12047531 1
12047569 15
12047603 25
12047603 160
12047617 107
12047621 40
12047641 1500
12047641 1559
12047647 320
12047689 4475
12047753 3
12047821 2288
12047851 4449
12048073 8
12048073 207
12048083 1
12048083 36
12048149 4
12048151 5
12048193 3
12048221 636
12048473 643
12048499 21
12048499 1605
12048551 1
12048637 35
12048683 13
12048683 445
12048683 4797
12048689 115
12048703 660
12048709 471
12048727 273
12048823 6293
12048887 12
12048917 7
12048919 21
12048923 1
12048923 1177
12048973 675
12048991 3273
12049003 1077
12049133 780
12049153 3
12049189 11
12049201 1188
12049207 9
12049229 112
12049259 12
12049313 228
12049313 3672
12049337 7
12049337 1024
12049357 164
12049451 4
12049451 100
12049571 4
12049573 8
12049637 4
12049637 12
12049637 7872
12049657 3
12049673 12
12049717 20
12049789 432
12049831 20
12049853 3
12049909 15
12049927 4400
12049997 168
12050029 12
12050033 31
12050039 1
12050063 1
12050099 1
12050153 3
12050173 431
12050261 180
12050273 3
12050309 64
12050431 144
12050431 461
12050431 2508
12050453 6475
12050497 1083
12050509 92
12050587 3132
12050629 20
12050629 296
12050629 335
12050639 297
12050699 9
12050777 120
12050791 84
12050803 3921
12050839 5
12050839 9
12050869 11
12051041 468
12051209 15
12051293 43
12051323 37
12051329 3376
12051397 452
12051463 177
12051493 36
12051493 387
12051509 12
12051553 4827
12051577 3
12051659 1
12051727 1929
12051841 80
12051883 1965
12052123 12
12052151 1
12052231 8
12052259 1
12052259 37
12052283 1
12052363 8
12052379 252
12052399 9
12052423 6116
12052433 292
12052433 1687
12052543 12
12052619 1
12052823 57
12052823 1008
12052837 15
12052967 52
12052967 5112
12052979 2169
12052991 3445
12052993 15
12053131 6393
12053161 51
12053161 2564
12053213 136
12053227 9
12053227 53
12053227 120
12053281 8
12053339 1405
12053341 4691
12053351 3301
12053383 17
12053383 48
12053383 176
12053609 76
12053669 2847
12053693 1020
12053707 5252
12053779 509
12053861 15
12053917 23
12053939 1
12053981 4
12054011 24
12054017 72
12054131 801
12054187 45
12054199 5
12054247 8
12054247 6104
12054281 63
12054311 25
12054311 768
12054359 72
12054407 205
12054499 9
12054521 2008
12054571 308
12054589 11
12054733 20
12054733 140
12054739 644
12054761 3
12054799 6465
12054851 1
12054851 388
12054901 551
12054901 5136
12054971 2028
12055027 5
12055079 1
12055207 3953
12055231 945
12055231 7505
12055319 12
12055349 7
12055391 1
12055409 219
12055423 36
12055423 188
12055469 6960
12055723 176
12055811 1
12055847 9
12055919 1824
12055943 1
12055949 12
12055957 15
12055997 4
12055997 15
12056113 48
12056129 55
12056201 303
12056251 5189
12056267 6985
12056333 3
12056333 655
12056333 6412
12056353 140
12056371 8
12056371 896
12056399 1
12056453 336
12056453 675
12056453 5908
12056483 1
12056503 5885
12056573 7
12056579 1165
12056609 472
12056699 1612
12056731 2004
12056771 1
12056771 48
12056873 151
12056881 1955
12056929 719
12056939 1
12057041 1375
12057043 5
12057169 2496
12057179 1
12057187 57
12057203 2376
12057263 1
12057281 31
12057281 759
12057323 12
12057323 25
12057347 4
12057347 60
12057389 4
12057389 12
12057499 29
12057541 4775
12057547 5
12057547 8
12057547 32
12057737 3
12057839 301
12057869 19
12057919 5
12057919 260
12057949 9284
12058019 732
12058051 5
12058093 68
12058097 99
12058153 51
12058231 9333
12058259 7069
12058339 5
12058339 225
12058351 8
12058379 1
12058379 12
12058393 15
12058511 28
12058531 53
12058573 296
12058589 99
12058591 348
12058621 111
12058801 3
12058883 1
12058909 1472
12058993 3
12059009 24
12059083 368
12059101 1151
12059123 1
12059141 88
12059189 27
12059387 93
12059491 6704
12059503 2540
12059569 351
12059569 807
12059591 4224
12059653 3
12059653 2375
12059711 1
12059717 15
12059759 36
12059807 37
12059809 2327
12059893 8
12060007 29
12060011 33
12060071 1
12060133 15
12060133 47
12060137 4
12060137 19
12060263 1
12060263 277
12060319 20
12060343 41
12060397 12
12060449 112
12060551 1
12060551 5521
12060553 8
12060553 12
12060563 492
12060569 39
12060677 199
12060703 77
12060757 6800
12060827 88
12060869 616
12060911 4
12060989 16
12061033 1620
12061037 472
12061087 1553
12061099 96
12061099 620
12061213 20
12061307 3145
12061331 1
12061349 2100
12061367 1273
12061433 3
12061627 12
12061627 1053
12061633 947
12061649 7
12061663 53
12061681 20
12061747 24
12061747 5613
12061859 1
12061919 1
12061919 4
12062161 20
12062191 396
12062203 8
12062279 1
12062279 84
12062279 96
12062339 1
12062371 153
12062387 477
12062399 1
12062399 61
12062399 237
12062399 4276
12062497 3
12062513 820
12062563 4053
12062599 957
12062647 533
12062647 5889
12062719 21
12062731 2313
12062819 1
12062819 69
12062839 84
12062857 212
12062887 17
12062899 1329
12062909 4
12062917 8
12062917 15
12063011 1
12063041 4
12063131 40
12063151 9
12063197 2215
12063203 820
12063301 5583
12063341 420
12063341 4060
12063419 1429
12063451 5
12063529 15
12063563 1
12063581 120
12063673 15
12063697 132
12063811 8
12063869 84
12063899 1
12064061 4180
12064099 1040
12064163 40
12064163 4117
12064253 3
12064253 336
12064277 1140
12064387 5225
12064439 120
12064499 1
12064511 756
12064583 1
12064589 7
12064603 5045
12064687 12
12064687 164
12064691 4
12064709 19
12064939 441
12064991 3529
12064993 1256
12065033 7
12065113 15
12065167 564
12065167 4557
12065309 124
12065371 24
12065371 8760
12065387 2005
12065387 7152
12065411 49
12065419 2757
12065429 715
12065477 3
12065491 788
12065509 384
12065579 156
12065579 741
12065579 1336
12065681 28
12065723 1
12065759 1
12065773 492
12065791 189
12065881 15
12065939 1
12066023 1
12066049 239
12066049 564
12066091 104
12066179 397
12066193 423
12066199 3260
12066203 16
12066289 7196
12066361 255
12066367 53
12066419 4
12066419 120
12066493 3836
12066511 1284
12066611 1
12066611 169
12066689 4
12066689 7
12066701 28
12066713 256
12066913 143
12066917 4
12066941 19
12066953 832
12067183 17
12067207 140
12067259 1
12067259 4
12067427 565
12067457 4
12067511 1980
12067519 20
12067529 39
12067529 3024
12067537 215
12067541 4
12067543 5
12067553 148
12067577 7
12067631 196
12067631 421
12067687 252
12067721 103
12067751 408
12067787 4
12067787 2913
12067823 1
12067823 8992
12067837 99
12068009 1131
12068099 1
12068101 591
12068149 932
12068159 1
12068183 36
12068197 1160
12068197 6635
12068279 1
12068279 181
12068279 756
12068293 3
12068383 12
12068531 1
12068533 483
12068597 15
12068597 1180
12068659 1100
12068659 4164
12068663 120
12068687 489
12068689 3140
12068711 585
12068711 4588
12068729 8311
12068737 183
12068831 25
12068839 21
12068891 1
12068891 48
12069037 3504
12069041 3336
12069073 1176
12069103 8600
12069119 1
12069119 9
12069193 3
12069311 541
12069331 21
12069331 5504
12069349 3219
12069359 40
12069391 264
12069401 16
12069469 119
12069653 208
12069737 19
12069797 4
12069797 4824
12069851 4
12069899 4
12069899 49
12070021 24
12070021 56
12070127 28
12070181 4
12070181 15
12070183 5
12070241 576
12070283 6957
12070297 20
12070297 212
12070327 20
12070337 244
12070337 1527
12070403 1
12070411 585
12070451 1
12070463 1
12070517 3
12070543 32
12070543 585
12070589 576
12070609 15
12070651 6801
12070691 24
12070711 9
12070753 3
12070847 28
12070897 1088
12070907 4
12070907 357
12070973 1947
12070973 6760
12070979 1
12071027 4
12071029 1140
12071053 95
12071117 364
12071123 1
12071131 2061
12071209 2667
12071219 85
12071249 760
12071249 1855
12071387 9
12071387 13
12071387 568
12071407 332
12071407 504
12071467 57
12071489 1011
12071531 16
12071537 4
12071537 79
12071639 1
12071681 3
12071681 31
12071779 1632
12071779 2205
12071827 60
12071827 5300
12071869 24
12071923 5813
12071947 9
12071951 3000
12072001 3
12072013 15
12072013 36
12072019 5
12072133 1155
12072211 9
12072241 1479
12072337 1319
12072367 5
12072377 27
12072383 12
12072611 1
12072661 3
12072721 48
12072743 40
12072799 12
12072799 1332
12072869 4
12072871 1944
12072877 8
12072889 1647
12072899 1
12072899 49
12072979 144
12073003 5
12073049 412
12073081 8
12073093 596
12073093 1215
12073121 319
12073163 1
12073163 121
12073163 285
12073177 3
12073177 5999
12073249 44
12073253 3
12073253 147
12073279 224
12073307 28
12073387 9
12073403 1
12073409 60
12073423 141
12073427 364
12073441 11
12073499 1
12073511 1
12073549 119
12073549 951
12073591 29
12073591 2345
12073613 12
12073613 31
12073681 35
12073697 99
12073697 1039
12073739 1
12073793 3
12073871 13
12073909 4127
12073991 13
12073991 33
12074071 8
12074071 1845
12074107 9
12074113 3
12074129 1311
12074141 3
12074143 8
12074197 623
12074243 36
12074297 24
12074339 12
12074351 564
12074423 1
12074453 7
12074467 2204
12074477 268
12074627 5472
12074669 232
12074669 567
12074789 175
12074813 51
12074893 327
12074921 4
12074989 12
12075029 4
12075059 9
12075059 1245
12075073 1811
12075179 4
12075191 1
12075233 31
12075379 9
12075383 97
12075403 80
12075533 15
12075551 1
12075551 580
12075599 1281
12075631 4089
12075769 299
12075769 2156
12075829 299
12075871 1109
12075881 231
12075941 31
12075961 1595
12076007 460
12076021 3
12076027 5
12076193 3
12076247 13
12076349 4
12076349 15
12076349 1387
12076387 189
12076703 1
12076781 243
12076787 760
12076787 6544
12076819 20
12076843 8
12076843 260
12076861 24
12076903 1133
12076969 72
12077203 5
12077239 89
12077251 821
12077267 3892
12077287 4808
12077291 1
12077399 1
12077419 5
12077419 852
12077447 732
12077459 1
12077459 132
12077473 1200
12077557 3
12077609 7215
12077683 5877
12077707 969
12077729 216
12077801 79
12077951 1
12077981 3048
12077983 440
12078019 129
12078139 6576
12078139 8921
12078173 3
12078233 3
12078401 16
12078419 45
12078419 100
12078431 1
12078431 109
12078467 477
12078533 3
12078581 1368
12078659 1380
12078667 12
12078719 1504
12078767 249
12078791 1
12078853 20
12078881 3
12078881 103
12078971 400
12079189 9039
12079211 1521
12079217 2127
12079217 3084
12079217 4039
12079321 7340
12079343 8577
12079349 6507
12079477 3
12079513 15
12079567 72
12079783 185
12079883 1
12079973 3
12079973 55
12079993 1256
12079997 1087
12080261 364
12080261 1471
12080273 91
12080293 132
12080413 80
12080423 13
12080429 100
12080513 43
12080513 72
12080603 373
12080603 8721
12080737 3668
12080779 92
12080813 3
12080857 260
12080923 8
12080953 1808
12080953 6563
12080953 8447
12081001 303
12081011 1
12081011 21
12081029 1875
12081037 68
12081061 728
12081073 3
12081119 1
12081149 2364
12081241 3
12081241 1428
12081287 28
12081299 97
12081343 561
12081343 4137
12081389 12
12081389 24
12081389 64
12081389 1452
12081541 615
12081547 224
12081583 81
12081583 417
12081683 1
12081703 5472
12081743 1
12081743 3717
12081761 19
12081761 183
12081791 8493
12081799 3861
12081809 55
12081809 1392
12081859 836
12081859 4692
12081941 3868
12081973 72
12081977 7
12081989 52
12081991 8064
12082123 116
12082129 27
12082159 12
12082201 35
12082201 59
12082211 1
12082319 1
12082391 1
12082471 1569
12082481 76
12082507 249
12082507 2397
12082513 35
12082573 1508
12082667 13
12082717 12
12082799 1
12082799 3912
12082817 7095
12082883 165
12082919 1
12082943 1
12083051 36
12083051 84
12083083 393
12083177 63
12083231 496
12083231 3493
12083293 87
12083299 17
12083339 1156
12083339 1684
12083339 2452
12083527 5
12083557 44
12083557 104
12083573 1411
12083623 5
12083681 4
12083803 492
12083839 312
12083879 4
12084011 36
12084031 5
12084043 252
12084139 17
12084167 6004
12084239 1
12084239 12
12084343 2121
12084427 5
12084487 69
12084491 1
12084547 185
12084563 1
12084563 1381
12084623 1
12084623 73
12084641 48
12084701 1440
12084731 36
12084749 7
12084797 243
12084889 915
12084929 4
12084997 15
12085013 3
12085019 165
12085103 1
12085109 7020
12085303 5073
12085397 4
12085429 239
12085429 1539
12085457 3
12085517 612
12085519 12
12085553 1212
12085561 263
12085561 2631
12085631 405
12085681 3
12085687 5
12085781 271
12085813 4295
12085819 56
12085873 2243
12085897 120
12086047 3788
12086051 13
12086057 3
12086057 259
12086059 1197
12086159 1
12086231 1005
12086231 1561
12086233 3
12086351 6505
12086429 1504
12086449 32
12086579 1
12086611 5
12086639 2205
12086749 216
12086773 1076
12086777 4
12086777 1515
12086803 5
12086843 1
12086863 2673
12086887 33
12086981 4
12087007 9
12087007 32
12087007 633
12087013 8
12087067 2868
12087067 6449
12087071 4
12087083 1
12087107 24
12087199 7112
12087209 7
12087209 51
12087247 5069
12087367 7013
12087371 1
12087371 168
12087379 2301
12087409 11
12087463 72
12087463 3176
12087703 56
12087749 15
12087769 1155
12087787 17
12087791 1
12087793 1116
12087839 4
12087899 1
12087919 260
12087919 789
12087919 1452
12087947 1804
12088019 1
12088019 24
12088033 9876
12088039 5
12088039 984
12088177 68
12088177 6899
12088189 195
12088229 84
12088231 116
12088231 221
12088267 29
12088277 48
12088327 9
12088327 9165
12088393 323
12088463 1
12088463 21
12088757 60
12088771 381
12088861 1743
12088871 264
12088871 2181
12088871 6276
12088889 40
12088907 9684
12088943 1
12088949 8047
12088981 11
12089059 660
12089083 1545
12089179 17
12089183 1
12089183 21
12089239 5
12089243 1
12089243 13
12089267 1189
12089323 2136
12089351 1
12089501 3
12089509 59
12089593 6647
12089663 1
12089747 4
12089761 11
12089851 8
12089851 164
12089879 4
12089887 1440
12089939 1
12089993 3
12089993 7
12089999 1
12090053 1000
12090131 1
12090173 1263
12090229 864
12090263 1593
12090311 1
12090313 3
12090313 1047
12090409 3912
12090557 7
12090563 1
12090667 69
12090671 1
12090671 873
12090937 3
12090959 1
12090959 69
12090977 483
12090983 4045
12091111 441
12091153 1772
12091181 3
12091241 55
12091253 7
12091253 372
12091259 1
12091297 4232
12091337 559
12091447 357
12091447 4265
12091477 348
12091559 1
12091571 9
12091769 7
12091769 624
12091787 177
12091861 8
12091867 24
12091907 652
12091943 136
12091943 2508
12091949 576
12092099 4
12092173 15
12092183 12
12092183 28
12092209 11
12092299 912
12092369 555
12092369 1324
12092407 5
12092447 9
12092543 13
12092543 33
12092671 140
12092693 108
12092777 12
12092777 28
12092777 100
12092809 47
12092837 4
12092849 51
12092849 6852
12092863 21
12092923 5
12092947 17
12092999 1
12092999 732
12093079 129
12093337 3
12093371 28
12093383 25
12093391 8945
12093479 1
12093541 8
12093541 71
12093569 7
12093577 8
12093619 12
12093619 2277
12093703 17
12093713 3
12093733 716
12093769 135
12093787 24
12093833 163
12093839 1
12093979 269
12094001 39
12094003 5
12094003 12
12094039 1100
12094193 147
12094217 28
12094267 165
12094273 2096
12094367 945
12094367 4884
12094391 9928
12094517 12
12094541 663
12094613 456
12094657 7728
12094669 12
12094703 2068
12094741 1239
12094751 156
12094783 5
12094829 75
12094913 27
12094931 1
12094931 4
12095003 901
12095113 63
12095119 5
12095119 132
12095197 3
12095201 28
12095201 1284
12095201 2116
12095227 809
12095311 4713
12095311 4964
12095323 137
12095351 1
12095389 39
12095423 108
12095423 436
12095423 3472
12095441 4
12095467 252
12095527 33
12095527 89
12095597 427
12095617 548
12095617 2352
12095627 4
12095753 7
12095777 132
12095843 5005
12096013 8
12096013 387
12096059 6661
12096083 493
12096211 9
12096211 261
12096223 20
12096263 133
12096347 4
12096377 3
12096439 204
12096473 1275
12096481 20
12096523 2225
12096533 211
12096547 12
12096563 357
12096589 20
12096703 140
12096731 4
12096839 1
12096839 72
12096839 1132
12096859 5
12096881 4059
12096883 36
12096893 2671
12096899 205
12096937 6315
12096941 3
12097079 49
12097097 4
12097097 564
12097109 84
12097213 3
12097213 72
12097219 260
12097273 3
12097273 23
12097273 987
12097373 7
12097411 36
12097411 1433
12097439 40
12097543 5
12097559 64
12097637 9427
12097691 1
12097751 1
12097751 13
12097879 12
12097919 1216
12097951 8
12098027 193
12098077 3
12098111 1
12098111 481
12098111 2509
12098171 1
12098171 36
12098173 12
12098267 132
12098311 209
12098347 9
12098377 5307
12098399 4
12098413 15
12098413 1880
12098447 28
12098447 760
12098477 139
12098479 32
12098501 2916
12098617 4392
12098627 513
12098633 16
12098633 163
12098633 1132
12098683 21
12098701 1175
12098837 27
12098837 4419
12098857 2487
12098861 19
12098969 8451
12099011 1
12099011 4
12099049 12
12099049 60
12099089 7
12099209 1195
12099221 279
12099229 15
12099281 3
12099299 2356
12099391 21
12099413 211
12099413 8160
12099419 4
12099559 221
12099611 1
12099643 480
12099799 117
12099803 1
12099803 1393
12099839 489
12099911 24
12099949 3156
12099959 1
12100003 1272
12100069 7491
12100087 4229
12100177 152
12100177 3384
12100181 2424
12100223 1060
12100223 3040
12100229 1420
12100303 1865
12100307 3528
12100343 457
12100373 3
12100373 783
12100391 28
12100411 20
12100499 244
12100519 24
12100519 56
12100541 4000
12100541 4579
12100681 3
12100721 196
12100763 445
12100807 4488
12100867 84
12100867 353
12100939 704
12100973 303
12101009 4
12101021 195
12101053 3
12101053 147
12101123 1
12101123 57
12101147 265
12101179 1704
12101227 5
12101269 6152
12101407 125
12101477 3
12101527 9788
12101591 1
12101641 23
12101659 489
12101659 7325
12101669 7
12101669 204
12101767 12
12101767 668
12101797 1503
12101819 2464
12101857 144
12101893 35
12101927 24
12102017 72
12102017 4132
12102023 5368
12102029 1660
12102043 2205
12102067 32
12102091 140
12102133 936
12102241 59
12102263 1
12102383 1
12102457 3
12102469 924
12102491 280
12102661 140
12102689 7
12102703 465
12102781 176
12102887 57
12103043 1
12103043 393
12103067 52
12103067 505
12103207 17
12103207 53
12103207 437
12103213 23
12103271 60
12103277 4
12103331 9096
12103381 3
12103381 4143
12103457 15
12103457 24
12103501 11
12103561 183
12103657 8
12103691 1
12103697 144
12103747 333
12103753 32
12103781 1731
12103811 49
12103837 15
12103859 1
12103907 9
12103907 12
12103907 145
12103961 24
12103961 4176
12103999 5
12104033 3
12104033 8671
12104177 483
12104231 1
12104303 1
12104329 440
12104359 5
12104363 1
12104363 405
12104383 17
12104429 8476
12104461 3
12104467 9
12104467 129
12104467 2300
12104467 8669
12104479 920
12104483 1
12104549 7
12104581 84
12104593 372
12104639 1
12104669 1252
12104753 31
12104797 3
12104819 352
12104863 513
12104959 1160
12105011 88
12105029 1147
12105029 5547
12105073 1043
12105083 1
12105083 3661
12105133 8
12105167 72
12105211 48
12105211 1224
12105271 21
12105271 93
12105293 3
12105341 40
12105361 3
12105421 48
12105463 5
12105463 20
12105491 2740
12105529 20
12105607 60
12105749 12
12105749 111
12105757 3
12105757 8
12105781 3
12105781 360
12105829 384
12105851 1
12105851 349
12105851 3160
12105857 7728
12105871 1745
12105917 2023
12106013 892
12106043 1336
12106049 120
12106093 3
12106169 292
12106183 8
12106223 2985
12106231 21
12106271 1
12106277 3543
12106343 1
12106343 60
12106459 365
12106459 884
12106561 3
12106561 1104
12106561 3539
12106637 7
12106637 79
12106651 5
12106657 5219
12106691 13
12106711 41
12106711 4844
12106793 7
12106817 1248
12106823 13
12106823 6516
12106877 4720
12106903 200
12106981 3
12106981 336
12107057 463
12107099 1
12107099 280
12107099 1785
12107171 1
12107171 2724
12107201 295
12107203 5
12107387 225
12107401 24
12107401 5531
12107411 16
12107429 64
12107429 171
12107483 796
12107483 2041
12107489 2656
12107497 39
12107533 191
12107533 1800
12107551 9
12107581 51
12107647 45
12107651 13
12107663 2232
12107737 8
12107783 1
12107939 1
12107939 2892
12108037 212
12108091 8
12108179 1
12108193 111
12108203 1
12108203 232
12108319 56
12108331 5
12108401 3
12108401 6079
12108517 95
12108517 4668
12108521 24
12108559 9
12108559 180
12108581 3
12108599 12
12108619 20
12108647 97
12108659 37
12108673 1592
12108713 180
12108727 104
12108737 4
12108737 235
12108823 8
12108853 8
12108911 4408
12108917 1380
12108931 629
12109067 4752
12109091 5788
12109147 5
12109157 1015
12109159 140
12109183 8
12109217 4524
12109241 15
12109271 1
12109277 5088
12109283 3552
12109343 1
12109381 5259
12109463 1
12109469 3760
12109571 733
12109589 7
12109633 3
12109667 1185
12109687 252
12109901 3
12109913 40
12109931 7240
12109931 9825
12110083 45
12110179 116
12110311 20
12110387 4
12110387 85
12110471 1
12110521 1043
12110597 912
12110639 676
12110699 1
12110699 156
12110831 484
12110873 7
12110921 28
12110921 3000
12110933 1507
12110939 4
12110963 1
12111023 265
12111053 8628
12111061 15
12111091 5
12111139 585
12111149 96
12111161 504
12111217 315
12111263 1180
12111287 6009
12111311 1
12111391 8145
12111397 3
12111439 4520
12111439 8957
12111479 1
12111563 1
12111713 27
12111779 1
12111811 60
12111833 1396
12111857 115
12111989 8007
12111991 3948
12112013 12
12112013 1047
12112031 1
12112031 4
12112069 6840
12112183 33
12112259 25
12112297 635
12112319 4
12112319 25
12112333 1080
12112361 2844
12112363 5
12112433 1687
12112501 1428
12112531 5
12112609 795
12112609 3335
12112637 12
12112769 7
12112781 4875
12112819 1200
12112957 3
12112957 119
12112979 1
12113047 8
12113183 301
12113273 147
12113273 303
12113293 335
12113293 1943
12113303 1
12113323 777
12113351 1
12113407 252
12113447 49
12113483 1
12113483 36
12113557 4739
12113593 27
12113593 1787
12113813 28
12113833 12
12113873 483
12113891 129
12113923 1188
12113953 360
12113957 60
12113957 8640
12114017 9540
12114103 8
12114163 17
12114247 309
12114287 189
12114317 3
12114317 67
12114331 21
12114601 3
12114679 404
12114731 1
12114737 4
12114797 7
12114797 388
12114833 3
12114871 5
12114889 864
12114917 3
12114923 1
12114923 112
12114961 48
12115031 4
12115139 1
12115157 4
12115163 25
12115199 381
12115211 4
12115267 912
12115297 3240
12115343 21
12115471 5
12115507 6725
12115547 2364
12115553 1311
12115561 2795
12115567 7797
12115589 1216
12115603 413
12115661 168
12115819 29
12115861 323
12115867 9
12115889 351
12115889 3864
12116123 28
12116123 108
12116123 8092
12116141 580
12116149 32
12116399 769
12116413 20
12116453 3
12116483 217
12116483 688
12116521 3
12116521 8
12116527 525
12116593 2612
12116729 276
12116743 48
12116831 1
12116831 45
12116843 3760
12116987 25
12117121 51
12117319 65
12117323 1996
12117367 6744
12117437 27
12117437 7767
12117491 1
12117491 1789
12117659 76
12117727 1272
12117733 371
12117733 9647
12117779 1
12117797 280
12117841 216
12117851 4
12117967 9
12117967 132
12117979 9
12117979 884
12117997 635
12118003 20
12118003 36
12118009 287
12118013 1852
12118063 120
12118063 233
12118087 29
12118109 8364
12118153 423
12118177 207
12118237 20
12118273 180
12118273 2963
12118279 1016
12118349 1324
12118391 1
12118391 4
12118391 25
12118453 1536
12118471 309
12118471 3864
12118481 631
12118481 7516
12118543 60
12118543 768
12118633 3
12118633 27
12118643 1
12118651 209
12118651 1620
12118693 203
12118793 16
12118811 1
12118811 21
12118867 7349
12118933 11
12118933 3647
12118961 3891
12119021 15
12119021 6180
12119039 1
12119039 4
12119059 12
12119069 1087
12119069 3396
12119197 3
12119221 3
12119281 75
12119287 20
12119309 7
12119309 211
12119309 9852
12119399 97
12119417 3
12119417 787
12119417 6475
12119417 6787
12119557 8
12119621 16
12119621 60
12119659 6197
12119711 4
12119711 16
12119711 3580
12119711 4636
12119717 6288
12119741 724
12119741 8316
12119747 4
12119773 936
12119773 4431
12119797 315
12119837 7
12119837 43
12119893 3
12119893 63
12119953 3
12119959 6440
12120071 13
12120077 7
12120079 45
12120181 24
12120181 35
12120223 68
12120239 12
12120293 1987
12120301 8
12120307 725
12120343 5
12120401 3
12120401 28
12120419 165
12120487 84
12120533 15
12120569 7
12120569 624
12120583 216
12120583 3921
12120599 1
12120599 4
12120611 1
12120611 33
12120673 12
12120749 1975
12120751 728
12120929 3072
12120947 49
12120947 100
12120947 244
12120967 437
12120989 111
12120989 391
12120989 904
12121009 3191
12121009 3275
12121063 296
12121079 1
12121091 13
12121099 17
12121121 3
12121121 760
12121133 16
12121231 380
12121303 5
12121309 11
12121321 1416
12121327 5
12121327 8
12121331 304
12121337 127
12121379 85
12121379 805
12121451 13
12121457 15
12121537 32
12121537 68
12121541 144
12121583 76
12121619 1
12121631 673
12121661 15
12121741 204
12121807 8
12121819 261
12121831 21
12121871 1
12121871 100
12121927 5
12121931 9
12121973 3000
12122009 492
12122021 15
12122039 156
12122069 51
12122083 60
12122093 3
12122093 28
12122189 192
12122191 173
12122263 12
12122359 189
12122359 3089
12122371 21
12122563 596
12122597 3
12122597 15
12122639 37
12122651 1
12122723 1
12122821 7523
12122867 3444
12122879 297
12122933 28
12122977 132
12123019 7764
12123101 3
12123101 108
12123173 472
12123217 12
12123217 383
12123239 24
12123239 3084
12123253 3
12123271 965
12123299 2709
12123317 2307
12123521 136
12123563 352
12123589 1400
12123673 480
12123763 5
12123817 887
12123857 4
12123887 12
12123899 36
12123953 7
12124139 49
12124171 933
12124171 1356
12124267 509
12124313 12
12124423 12
12124481 1791
12124487 52
12124537 3
12124537 12
12124537 119
12124571 3088
12124583 948
12124661 3
12124663 752
12124699 456
12124711 2928
12124781 648
12125023 5
12125083 165
12125101 35
12125129 1275
12125137 3
12125147 220
12125273 3
12125467 9
12125551 9
12125551 185
12125609 127
12125759 1092
12125849 7
12125891 1
12125891 4
12125891 1125
12125891 2041
12125977 3
12125999 1101
12125999 1909
12126073 12
12126073 336
12126139 57
12126157 735
12126197 79
12126307 5
12126353 5395
12126403 8
12126467 13
12126509 7
12126533 7
12126533 51
12126547 168
12126557 4
12126557 24
12126571 60
12126629 436
12126671 1
12126677 4
12126679 5
12126689 2191
12126733 1223
12126743 1
12126749 7
12126761 16
12126853 1403
12126869 24
12127057 203
12127061 3
12127061 55
12127061 375
12127183 245
12127207 20
12127243 125
12127243 2913
12127319 1
12127519 252
12127589 187
12127697 40
12127807 8
12127991 1
12127991 25
12127993 728
12128071 533
12128113 3
12128131 5
12128141 4
12128183 637
12128189 19
12128219 1
12128227 3333
12128243 1
12128243 13
12128269 75
12128339 36
12128381 3
12128387 4
12128443 3512
12128483 13
12128507 52
12128509 1316
12128561 588
12128587 60
12128591 1
12128609 12
12128617 63
12128617 327
12128621 7099
12128693 7
12128741 2248
12128741 4839
12128801 3
12128819 276
12128887 1428
12128929 5496
12128947 368
12128957 19
12129113 3
12129113 27
12129217 3
12129251 1
12129251 441
12129283 620
12129283 825
12129379 332
12129407 24
12129407 2077
12129407 6268
12129499 36
12129499 7077
12129659 609
12129661 1896
12129707 37
12129707 60
12129731 1
12129731 909
12129829 60
12129829 3791
12129937 8
12130007 4
12130049 3612
12130109 592
12130259 12
12130259 240
12130259 340
12130357 1580
12130369 8856
12130397 9103
12130597 12
12130681 68
12130751 4
12130879 6560
12130907 40
12130973 7
12130973 15
12131071 69
12131159 4
12131179 5
12131267 4
12131347 1584
12131369 4
12131369 12
12131377 327
12131429 7
12131473 1928
12131533 551
12131621 24
12131653 92
12131711 184
12131827 2108
12132047 465
12132073 8007
12132097 192
12132097 6107
12132151 2085
12132217 23
12132301 108
12132311 1
12132467 12
12132487 68
12132553 12
12132553 932
12132581 324
12132671 1993
12132739 5
12132739 12
12132851 24
12132853 3
12133031 4
12133073 15
12133193 3
12133193 991
12133241 60
12133279 45
12133333 4196
12133367 25
12133463 12
12133463 13
12133477 159
12133487 9760
12133547 12
12133603 5
12133619 1
12133619 4
12133619 2976
12133621 44
12133747 5
12133787 664
12133813 3195
12133843 20
12133889 55
12133931 1
12133969 99
12134011 629
12134149 107
12134203 72
12134249 4
12134329 831
12134449 119
12134449 440
12134453 331
12134477 175
12134491 3668
12134513 15
12134531 4
12134531 13
12134623 8
12134641 60
12134653 12
12134743 381
12134807 612
12134819 21
12134831 568
12134879 3381
12134891 13
12134921 4
12134921 1615
12134951 1369
12135113 88
12135143 1
12135143 156
12135163 101
12135197 15
12135199 437
12135257 519
12135289 6579
12135307 17
12135313 2007
12135337 8
12135413 12
12135451 5
12135479 6916
12135551 1
12135551 21
12135583 5468
12135611 109
12135701 36
12135727 84
12135859 9
12135913 12
12135913 248
12135979 284
12136063 165
12136073 7
12136073 28
12136073 8896
12136093 1128
12136141 75
12136273 3
12136303 96
12136441 944
12136457 39
12136457 88
12136489 15
12136547 97
12136577 267
12136583 1
12136609 80
12136643 1
12136673 531
12136721 3
12136723 60
12136741 1143
12136769 211
12136769 1539
12136889 2535
12136889 3027
12136913 3
12136913 1111
12136921 744
12136933 11
12137003 1
12137087 24
12137087 1240
12137183 21
12137287 5
12137291 189
12137297 99
12137297 192
12137347 5
12137449 32
12137467 45
12137509 56
12137509 560
12137579 1
12137579 897
12137627 33
12137683 8
12137803 17
12137821 63
12137843 1
12138001 15
12138023 1
12138097 3
12138097 6392
12138103 1613
12138127 9
12138151 8
12138151 3669
12138209 19
12138209 547
12138223 8
12138229 11
12138229 71
12138263 36
12138389 8995
12138421 11
12138487 17
12138541 2199
12138541 4995
12138551 1
12138563 153
12138589 240
12138613 4215
12138683 1
12138803 1
12138803 360
12138827 9
12138851 1
12138851 16
12138869 727
12138937 23
12138947 45
12139007 28
12139007 1693
12139051 8
12139103 1
12139109 67
12139177 12
12139181 4551
12139247 117
12139289 2647
12139307 28
12139319 4
12139349 4
12139483 12
12139637 472
12139691 16
12139697 1459
12139741 3711
12139847 33
12139849 44
12139861 3
12139913 28
12139943 1
12139943 21
12139961 8839
12139979 424
12140047 5
12140081 3
12140153 87
12140201 24
12140231 13
12140237 7
12140269 840
12140291 1
12140309 51
12140341 4599
12140419 44
12140459 336
12140461 3
12140651 1
12140683 1053
12140831 4
12140861 3135
12140923 320
12140959 17
12140977 368
12140977 6932
12141001 24
12141037 63
12141037 92
12141047 4
12141047 13
12141083 12
12141191 1
12141191 1141
12141221 124
12141221 3528
12141253 71
12141317 3
12141329 31
12141341 15
12141377 24
12141403 308
12141413 16
12141427 344
12141443 1
12141499 1241
12141499 2057
12141509 5107
12141527 9
12141559 12
12141559 492
12141599 69
12141599 76
12141607 77
12141641 36
12141667 2604
12141671 4
12141671 21
12141709 240
12141709 792
12141797 19
12141797 28
12141851 1
12141881 63
12141889 275
12141971 636
12141973 87
12141973 128
12141973 231
12142019 5109
12142037 132
12142103 3333
12142357 2144
12142397 7
12142439 1
12142451 1164
12142499 1
12142513 8
12142517 3
12142547 1492
12142589 4
12142589 564
12142661 3
12142667 4
12142673 3
12142679 12
12142717 8
12142733 1596
12142759 12
12142789 555
12142807 48
12142937 27
12143099 45
12143143 1260
12143221 9551
12143237 112
12143297 3
12143303 1
12143317 459
12143371 29
12143387 3993
12143407 320
12143447 33
12143513 183
12143639 1
12143693 3
12143693 283
12143699 1
12143711 1
12143737 24
12143741 196
12143773 8
12143773 4740
12143777 7
12143849 4
12143849 235
12144019 17
12144043 20
12144071 9
12144071 16
12144071 1329
12144101 3
12144131 1
12144131 309
12144151 4581
12144169 80
12144217 23
12144233 1588
12144263 1
12144371 1
12144413 103
12144491 9
12144521 2968
12144593 1947
12144593 8847
12144677 180
12144689 24
12144701 400
12144767 4
12144787 5
12144863 3040
12144929 1539
12144959 544
12145013 43
12145019 1
12145069 660
12145103 1
12145151 660
12145163 16
12145241 31
12145241 4783
12145379 16
12145379 40
12145417 84
12145433 2896
12145439 9825
12145477 572
12145513 11
12145561 75
12145561 7775
12145571 1
12145589 4
12145711 3333
12146039 6640
12146051 40
12146051 60
12146051 748
12146287 44
12146287 888
12146297 3495
12146317 195
12146353 948
12146357 243
12146399 1
12146441 15
12146569 35
12146569 179
12146573 3
12146573 60
12146579 4
12146579 841
12146581 99
12146639 396
12146647 57
12146723 16
12146723 897
12146731 5888
12146807 12
12146839 17
12146843 4132
12146881 20
12146971 1949
12146983 812
12147011 28
12147101 4
12147173 643
12147283 2948
12147341 4
12147383 3901
12147397 44
12147713 12
12147769 1892
12147823 393
12147833 27
12147833 63
12147833 235
12147847 249
12147907 17
12147959 1
12147997 75
12147997 975
12148007 148
12148007 157
12148021 11
12148061 519
12148079 1
12148127 384
12148267 8
12148271 1
12148369 39
12148369 2895
12148481 1003
12148511 1
12148561 3
12148601 3
12148601 16
12148637 79
12148637 255
12148637 940
12148711 96
12148729 15
12148769 4
12148777 3
12148789 7260
12148811 13
12148957 119
12148963 5
12149021 171
12149041 8
12149041 15
12149299 5
12149327 2377
12149351 21
12149353 195
12149363 1
12149363 72
12149383 417
12149419 21
12149429 12
12149447 93
12149461 8271
12149471 24
12149471 45
12149519 3369
12149567 3472
12149651 76
12149663 12
12149699 1
12149741 4
12149771 1
12149783 465
12149791 5
12149933 31
12150001 3008
12150071 9
12150077 868
12150107 25
12150323 37
12150377 4
12150431 1
12150451 20
12150559 176
12150583 17
12150583 32
12150587 5380
12150617 4
12150617 7
12150641 1203
12150683 1
12150683 52
12150683 8325
12150707 1569
12150751 828
12150757 3
12150889 192
12150953 3
12150953 75
12151031 1
12151031 4
12151033 2592
12151063 65
12151169 219
12151169 4164
12151247 4
12151289 1972
12151343 1
12151453 6743
12151459 36
12151459 557
12151483 5
12151639 9
12151679 1
12151687 8
12151717 147
12151717 1584
12151739 36
12151927 273
12152033 1432
12152033 6751
12152071 48
12152071 1308
12152081 31
12152099 1
12152143 48
12152143 7856
12152167 8
12152221 5336
12152227 33
12152251 3929
12152293 20
12152299 161
12152411 1428
12152449 1707
12152587 12
12152627 45
12152627 337
12152629 24
12152639 1
12152873 12
12153019 9
12153019 701
12153041 3
12153061 3
12153101 99
12153101 6379
12153143 1
12153203 2556
12153299 1
12153313 11
12153341 471
12153451 165
12153451 365
12153451 1980
12153497 3
12153497 9040
12153653 127
12153727 17
12153803 1
12153847 5
12153847 3408
12153893 3
12153899 1
12153919 356
12153923 1
12153943 32
12154039 269
12154069 11
12154069 72
12154217 7
12154267 5
12154321 351
12154349 2860
12154367 85
12154453 212
12154477 3
12154523 4153
12154627 105
12154627 1668
12154669 1812
12154679 96
12154733 247
12154739 585
12154931 249
12154957 3
12154963 41
12154963 165
12155021 3
12155123 97
12155173 207
12155237 5032
12155237 7227
12155347 8
12155401 1515
12155419 9
12155501 55
12155519 192
12155537 48
12155567 5040
12155579 4
12155807 9
12155821 71
12155837 12
12155837 15
12155903 12
12155917 7584
12155933 31
12155963 25
12155993 160
12156013 32
12156031 9
12156031 140
12156043 117
12156083 532
12156101 3
12156107 5545
12156149 6235
12156161 544
12156169 2304
12156203 612
12156251 1
12156251 4
12156299 1
12156299 81
12156383 1
12156439 104
12156499 5
12156527 4
12156589 380
12156671 13
12156709 8156
12156733 20
12156791 556
12156797 240
12156797 9708
12156799 96
12156847 108
12156899 16
12157001 16
12157001 363
12157037 852
12157039 132
12157039 6077
12157049 4039
12157063 7241
12157147 4164
12157199 1
12157303 5
12157303 1488
12157319 105
12157333 1767
12157367 28
12157429 1340
12157429 9611
12157577 1719
12157763 1
12157763 5085
12157799 4
12157801 1848
12157861 8
12157879 6089
12157897 1899
12157927 8
12157933 12
12157973 1096
12157997 4728
12158057 7
12158057 147
12158117 12
12158117 19
12158137 32
12158149 12
12158197 224
12158287 3324
12158291 13
12158299 2781
12158327 168
12158327 6069
12158401 23
12158401 1323
12158501 84
12158539 149
12158561 2599
12158609 2476
12158609 4927
12158609 9952
12158617 363
12158761 4020
12158777 75
12158813 7108
12158849 7812
12158891 6244
12158989 11
12159011 24
12159163 8
12159181 8
12159181 624
12159331 8
12159359 1
12159359 4
12159379 329
12159383 57
12159401 4
12159559 17
12159647 4
12159659 12
12159827 4
12159827 205
12159853 3
12159853 20
12159853 455
12159877 123
12159877 1224
12159991 9
12160021 20
12160021 44
12160223 321
12160223 3580
12160333 11
12160349 7
12160381 3
12160403 7705
12160429 60
12160471 9
12160487 13
12160487 469
12160523 1
12160571 88
12160669 11
12160751 1
12160843 1901
12160927 1340
12160937 3
12161011 5085
12161029 387
12161029 1835
12161041 11
12161053 531
12161293 3
12161293 23
12161321 2011
12161333 1408
12161417 60
12161447 129
12161449 6600
12161489 871
12161587 33
12161623 20
12161651 136
12161651 1501
12161719 8549
12161833 3
12161867 540
12161867 6744
12161869 6104
12161899 12
12161977 3
12161977 8
12162001 824
12162047 4
12162047 133
12162079 189
12162091 45
12162131 48
12162133 3
12162179 16
12162203 1
12162257 60
12162257 2443
12162263 1
12162263 40
12162263 132
12162401 1111
12162487 209
12162487 4040
12162503 5301
12162559 5
12162587 445
12162671 9
12162713 391
12162743 228
12162827 64
12162853 11
12162853 12
12162859 60
12162893 331
12162901 3671
12162911 1
12162911 505
12162959 1
12162959 1596
12162971 1
12163031 1
12163103 1
12163103 28
12163133 12
12163147 825
12163241 3531
12163243 408
12163259 220
12163259 592
12163259 777
12163301 616
12163331 13
12163337 3
12163387 5
12163399 17
12163399 60
12163519 5
12163523 1
12163523 6336
12163561 3
12163577 15
12163597 2723
12163609 651
12163621 203
12163661 43
12163661 1000
12163681 7500
12163729 819
12163747 72
12163807 684
12163807 1200
12163841 39
12163843 453
12163843 6480
12164039 61
12164057 139
12164221 83
12164239 3297
12164329 59
12164353 3
12164357 9744
12164423 1
12164459 621
12164459 2169
12164473 56
12164491 9
12164629 4779
12164683 5
12164699 1
12164813 7
12164819 1
12164851 8
12164903 1
12164909 111
12164923 20
12164951 28
12164969 4
12165011 1
12165017 2052
12165059 444
12165059 729
12165103 57
12165221 300
12165221 4675
12165311 273
12165313 3
12165317 135
12165383 1
12165427 1664
12165451 9
12165469 44
12165589 15
12165607 17
12165607 1793
12165613 71
12165619 56
12165679 341
12165851 201
12165893 2311
12165911 444
12165913 47
12166027 372
12166201 3
12166201 11
12166201 180
12166249 11
12166261 39
12166307 6072
12166361 19
12166369 411
12166439 1
12166439 60
12166459 5
12166501 1020
12166501 4439
12166537 15
12166547 37
12166681 36
12166681 975
12166771 33
12166771 1328
12166853 783
12166901 75
12166901 1699
12166939 8601
12166961 399
12166963 620
12166967 88
12167033 7
12167123 4072
12167137 707
12167147 145
12167171 273
12167293 8
12167297 79
12167329 12
12167329 15
12167333 7
12167377 3
12167399 220
12167423 1
12167423 85
12167431 56
12167537 4
12167537 19
12167537 127
12167663 1
12167681 1680
12167711 25
12167723 12
12167957 220
12168007 4817
12168047 168
12168077 543
12168137 7
12168157 39
12168223 8
12168223 56
12168239 1
12168257 67
12168281 315
12168283 957
12168307 9720
12168319 2229
12168389 1360
12168391 9
12168451 561
12168727 2964
12168773 7
12168773 832
12168781 7955
12168799 5
12168803 496
12168803 6885
12168823 321
12168839 1
12168851 4
12168929 1312
12169061 435
12169103 1233
12169117 24
12169121 1675
12169271 1305
12169321 11
12169321 756
12169351 56
12169361 4
12169363 3560
12169379 4809
12169499 1125
12169513 108
12169513 2892
12169571 28
12169571 349
12169609 5720
12169669 1695
12169831 1548
12169837 6315
12169853 3
12169957 8
12169957 483
12169973 3
12169973 16
12169991 13
12170009 15
12170047 828
12170057 4
12170063 313
12170143 156
12170143 213
12170143 437
12170189 4
12170201 3859
12170219 4
12170239 221
12170239 1160
12170251 44
12170267 249
12170303 1
12170359 360
12170407 24
12170437 363
12170441 7836
12170479 1485
12170551 141
12170551 3788
12170593 396
12170647 5
12170651 268
12170771 1
12170783 121
12170869 2531
12170971 9
12170971 29
12171041 4
12171067 8492
12171239 4
12171253 588
12171253 732
12171361 119
12171389 1356
12171539 4
12171581 8904
12171583 4172
12171617 27
12171659 732
12171671 1
12171671 4
12171683 1
12171721 8
12171721 23
12171721 2288
12171721 5883
12171727 8
12171751 408
12171751 1041
12171773 6688
12171811 3680
12171889 20
12171917 3
12171923 13
12171937 12
12171937 5168
12171953 76
12172003 53
12172019 97
12172049 1272
12172087 29
12172133 16
12172133 1092
12172151 105
12172151 193
12172163 48
12172183 113
12172189 152
12172219 9041
12172283 1045
12172309 9320
12172361 28
12172423 60
12172691 1
12172723 17
12172753 3
12172757 3520
12172759 504
12172877 4
12172933 3
12172997 12
12173113 1731
12173159 549
12173159 1384
12173159 3064
12173179 5
12173179 60
12173303 1
12173321 2284
12173419 1932
12173453 4351
12173459 1
12173489 27
12173519 1
12173519 672
12173521 203
12173543 148
12173561 240
12173639 25
12173639 889
12173639 4909
12173723 1
12173779 92
12173827 89
12173827 117
12173867 33
12173891 1
12173891 105
12173951 1
12174059 1
12174059 5277
12174077 1959
12174131 1
12174131 253
12174131 3589
12174143 1
12174161 3
12174161 316
12174161 9448
12174187 5
12174233 436
12174257 3
12174257 43
12174277 3635
12174317 48
12174359 5080
12174389 4284
12174451 2268
12174541 99
12174553 23
12174623 373
12174653 43
12174653 448
12174653 1747
12174667 117
12174713 952
12174731 1504
12174803 1
12174821 5896
12174857 2004
12174863 148
12174901 3008
12174919 7877
12174947 13
12174947 64
12175081 368
12175087 2345
12175129 32
12175133 3
12175147 17
12175171 9261
12175259 1
12175351 65
12175439 381
12175571 45
12175573 36
12175643 988
12175663 108
12175727 1708
12175739 1
12175799 9
12175819 21
12175879 41
12175987 3665
12176081 15
12176123 1
12176123 40
12176231 1
12176231 3801
12176249 312
12176323 21
12176341 59
12176443 281
12176551 9
12176603 1
12176687 24
12176699 49
12176699 1456
12176699 4665
12176753 16
12176753 1096
12176789 196
12176797 467
12176819 12
12176837 15
12176837 40
12176963 1605
12176999 45
12177029 9399
12177047 112
12177059 1
12177091 5
12177239 1129
12177353 3
12177377 4
12177377 820
12177383 156
12177449 7
12177449 60
12177479 136
12177521 283
12177521 1063
12177569 3876
12177701 4
12177701 60
12177811 6156
12177829 27
12177839 4
12177887 9
12177911 49
12177911 240
12178039 96
12178051 5
12178151 136
12178163 1
12178213 3
12178279 4941
12178391 4
12178391 61
12178391 480
12178421 24
12178429 96
12178577 655
12178597 23
12178631 156
12178643 33
12178757 3
12178909 12
12178913 7
12178921 3
12178921 23
12178949 36
12178949 411
12178993 20
12178993 207
12179003 57
12179023 465
12179033 27
12179081 15
12179087 9
12179099 1
12179099 4
12179113 9755
12179119 12
12179129 51
12179129 1060
12179137 32
12179147 1297
12179239 980
12179243 1
12179291 28
12179303 13
12179381 3
12179407 1025
12179473 111
12179473 2268
12179491 9
12179543 5148
12179603 193
12179677 3
12179759 2629
12179777 19
12179777 9388
12179789 259
12179813 36
12179813 55
12179813 567
12179819 1
12179873 7
12179929 35
12179957 7
12180061 39
12180173 3
12180173 36
12180209 7
12180283 5
12180283 48
12180323 3997
12180563 553
12180569 39
12180599 1
12180599 6885
12180647 12
12180671 1
12180683 1
12180703 20
12180797 979
12180871 189
12180871 509
12181031 109
12181031 289
12181051 896
12181079 16
12181079 49
12181121 4
12181123 93
12181123 188
12181187 292
12181249 12
12181289 19
12181289 4471
12181369 1136
12181381 23
12181391 1
12181423 237
12181529 2980
12181531 48
12181577 3
12181577 1147
12181607 3033
12181649 4884
12181751 4
12181753 3528
12181837 3
12181837 395
12181919 37
12181919 64
12181957 3
12181957 107
12181963 7860
12181969 4560
12181987 5
12182077 995
12182279 141
12182281 999
12182329 60
12182369 784
12182381 4
12182381 268
12182419 5
12182449 171
12182461 8
12182593 420
12182609 12
12182609 679
12182641 3860
12182707 12
12182719 5
12182719 9
12182719 89
12182749 159
12182771 6924
12182837 1155
12182839 12
12182839 57
12182873 492
12182881 7596
12182903 1
12182977 1152
12183007 257
12183229 1071
12183497 72
12183553 23
12183553 1772
12183637 5903
12183643 3972
12183649 812
12183757 3
12183881 96
12183887 640
12183907 53
12183937 3
12183947 45
12183949 11
12184009 95
12184009 231
12184027 20
12184241 3
12184303 20
12184313 1968
12184391 1
12184391 16
12184391 108
12184409 295
12184439 84
12184477 8
12184477 23
12184477 80
12184493 7
12184499 1
12184511 121
12184559 1
12184657 1175
12184759 9
12184853 115
12184853 4495
12184873 23
12184961 4
12185011 849
12185171 109
12185171 9829
12185183 40
12185189 7
12185189 31
12185203 2076
12185231 1896
12185279 9
12185279 132
12185279 4212
12185309 2695
12185339 12
12185351 9
12185351 13
12185359 77
12185359 89
12185363 5385
12185399 1
12185399 6604
12185419 5
12185419 57
12185477 103
12185497 3
12185611 9
12185611 144
12185639 1
12185639 1905
12185689 6315
12185729 39
12185741 4
12185741 819
12185773 2883
12185867 208
12185941 104
12186001 3
12186001 5559
12186017 19
12186017 39
12186023 1113
12186101 3
12186101 19
12186137 6075
12186149 835
12186211 261
12186211 1829
12186341 5095
12186359 4
12186407 25
12186413 43
12186437 60
12186443 25
12186451 24
12186463 833
12186469 99
12186479 4
12186557 567
12186593 12
12186607 20
12186659 69
12186659 1044
12186667 108
12186719 1
12186721 1404
12186737 3
12186737 4
12186781 36
12186821 208
12186851 1
12186899 16
12186899 36
12186907 5
12186907 12
12186917 4
12186947 8565
12187069 320
12187121 904
12187223 13
12187229 60
12187271 1
12187271 4
12187313 28
12187463 1
12187489 80
12187603 5
12187603 21
12187709 111
12187709 700
12187741 44
12187811 1
12187843 201
12187849 759
12187943 120
12188017 3
12188017 20
12188083 3120
12188089 44
12188119 9
12188119 12
12188191 264
12188219 1561
12188257 3
12188347 5
12188431 5
12188483 1
12188581 8675
12188663 232
12188699 4
12188941 3
12188999 4
12188999 64
12188999 5161
12189031 60
12189059 76
12189059 2185
12189071 40
12189097 8
12189097 39
12189179 1
12189337 524
12189343 1400
12189349 36
12189371 1
12189449 171
12189521 4495
12189553 3
12189559 185
12189559 1160
12189581 351
12189623 1
12189647 9
12189703 1133
12189733 1076
12189757 12
12189817 359
12189923 1
12189949 11
12189959 109
12189979 8717
12190007 4
12190019 4
12190117 1248
12190117 3012
12190147 33
12190151 1
12190151 48
12190259 60
12190307 12
12190333 2028
12190363 5
12190417 348
12190421 4
12190441 71
12190441 1164
12190447 1913
12190511 33
12190517 4
12190613 1300
12190613 2752
12190631 4
12190631 25
12190631 609
12190681 3
12190693 876
12190697 9307
12190847 4
12190859 4
12190931 73
12190931 3040
12190949 1615
12190999 1260
12191009 132
12191051 1
12191087 1408
12191117 459
12191129 1776
12191129 5640
12191171 1
12191171 28
12191279 1
12191279 4
12191423 1
12191461 143
12191461 8408
12191593 68
12191713 192
12191717 4888
12191717 5203
12191797 24
12191831 1
12191899 297
12192143 580
12192157 524
12192157 6080
12192161 36
12192353 40
12192359 1
12192611 1
12192643 36
12192683 12
12192683 5565
12192749 144
12192749 172
12192749 1735
12192769 812
12192799 852
12192833 3
12192833 31
12192857 3
12192857 12
12192923 1
12192959 1
12192977 367
12193009 60
12193081 3
12193141 3
12193157 112
12193169 1320
12193333 2960
12193361 55
12193393 6111
12193429 2604
12193451 1
12193561 1508
12193583 60
12193603 8021
12193619 9
12193661 3
12193661 28
12193669 164
12193813 396
12193823 1
12193889 4972
12193931 1
12193931 120
12193957 59
12193969 11
12193997 4
12194059 117
12194141 96
12194183 1
12194183 7545
12194207 25
12194243 1137
12194263 72
12194311 5
12194383 4205
12194411 1
12194459 289
12194467 5
12194629 2004
12194647 6200
12194813 660
12194881 8
12194939 1
12194947 24
12194947 60
12195013 56
12195049 1800
12195049 1991
12195067 9
12195077 7
12195263 13
12195263 3241
12195269 39
12195301 3
12195301 8
12195301 183
12195301 491
12195361 23
12195389 280
12195413 75
12195487 5
12195553 3
12195553 6807
12195563 1812
12195619 6945
12195637 3143
12195661 168
12195719 1
12195719 205
12195719 2377
12195761 316
12195767 3160
12195779 1
12195811 56
12195857 132
12195881 108
12195973 227
12196001 9028
12196031 1
12196031 616
12196087 1112
12196109 487
12196193 183
12196253 135
12196369 11
12196369 12
12196447 33
12196553 580
12196603 213
12196619 4
12196619 9
12196637 3
12196697 4
12196697 55
12196757 48
12196783 21
12196813 51
12196853 6916
12196949 15
12197051 1
12197083 5
12197089 111
12197191 213
12197191 440
12197231 1
12197233 203
12197321 780
12197323 1400
12197329 651
12197443 1953
12197519 1
12197593 3
12197609 1384
12197609 1887
12197611 5
12197737 24
12197839 41
12197851 5
12197903 1
12197963 12
12198001 683
12198037 20
12198083 1
12198157 107
12198157 1212
12198161 28
12198269 5232
12198371 4
12198379 44
12198379 612
12198391 81
12198479 1
12198509 64
12198547 200
12198569 4
12198569 111
12198569 496
12198691 5
12198859 5
12198883 6837
12198919 5
12198959 2049
12199097 48
12199133 7
12199133 312
12199133 363
12199147 8
12199199 1
12199211 2728
12199241 19
12199279 56
12199351 20
12199393 1343
12199403 1
12199403 28
12199457 7
12199507 153
12199513 1040
12199567 413
12199609 35
12199643 61
12199697 3
12199783 77
12199813 9287
12199841 19
12199861 4319
12199909 6672
12199909 8547
12199933 95
12199937 28
12199937 9735
12199951 149
12199969 24
12200059 5
12200137 1167
12200171 2821
12200291 1
12200291 49
12200399 1
12200521 516
12200533 3
12200537 7239
12200597 1092
12200597 1792
12200621 19
12200719 332
12200779 5
12200779 269
12200843 1
12200843 157
12200897 1275
12200939 121
12200963 480
12200963 616
12201131 1
12201139 21
12201151 60
12201191 1
12201193 3
12201229 20
12201269 727
12201323 1008
12201337 47
12201347 348
12201353 3
12201467 12
12201491 468
12201599 52
12201611 21
12201719 1
12201719 5136
12201737 2575
12201757 39
12201793 20
12201797 12
12201797 27
12201881 16
12201923 225
12201923 2472
12202049 12
12202097 99
12202361 4
12202423 561
12202471 8
12202507 104
12202639 504
12202691 1
12202691 261
12202847 45
12202919 21
12202961 2091
12203003 1
12203039 4
12203053 8
12203077 47
12203141 268
12203183 1
12203183 1372
12203203 8
12203207 24
12203251 36
12203353 95
12203417 28
12203437 2099
12203479 5
12203479 9
12203507 4
12203507 12
12203507 604
12203561 1303
12203651 1
12203651 3385
12203663 2412
12203687 5397
12203689 111
12203699 1
12203753 2991
12203759 1
12203837 4
12203839 96
12204037 3312
12204083 6052
12204103 4088
12204109 107
12204197 9183
12204211 204
12204211 5640
12204221 4
12204221 1540
12204281 1719
12204323 1
12204341 1200
12204377 5424
12204397 3
12204463 32
12204497 7
12204497 43
12204541 275
12204551 1
12204553 32
12204581 616
12204583 12
12204587 40
12204611 1
12204701 39
12204701 7155
12204727 417
12204763 8
12204763 7680
12204769 27
12204769 2471
12204833 28
12204851 1
12204851 21
12205009 351
12205073 7348
12205097 55
12205121 483
12205273 6116
12205279 9
12205343 52
12205483 93
12205483 857
12205511 4
12205553 348
12205601 3
12205649 6775
12205691 4
12205691 1084
12205777 3
12205799 516
12205829 4135
12205867 17
12205903 53
12205957 407
12205981 7268
12206101 8
12206101 3456
12206143 80
12206143 113
12206177 3
12206209 44
12206269 579
12206339 1
12206371 65
12206393 3
12206423 1
12206423 21
12206423 52
12206497 3
12206543 1
12206567 4
12206681 660
12206791 681
12206827 7109
12206849 12
12206861 24
12206879 1
12206897 3
12206939 1341
12207017 484
12207017 1044
12207067 33
12207127 8
12207191 2533
12207193 8652
12207197 24
12207229 1112
12207271 9
12207287 1125
12207323 1
12207323 28
12207323 1333
12207401 4
12207413 15
12207427 89
12207491 9
12207553 27
12207677 7
12207721 23
12207731 1
12207731 208
12207763 2373
12207773 60
12207821 40
12207821 3055
12207911 1
12207911 625
12207977 8380
12208019 1
12208033 620
12208067 133
12208099 2540
12208277 292
12208277 1572
12208291 353
12208303 105
12208303 3636
12208321 848
12208373 15
12208373 1312
12208433 3
12208439 25
12208453 131
12208459 1541
12208571 120
12208597 3
12208751 4
12208751 13
12208769 7
12208831 8
12208841 211
12208843 32
12208871 45
12208871 333
12208877 7
12208877 15
12208919 1
12208957 707
12208991 100
12209101 3
12209167 2685
12209233 56
12209273 31
12209273 456
12209321 360
12209341 63
12209341 215
12209387 345
12209437 1607
12209521 3
12209521 8
12209521 60
12209563 156
12209591 1
12209623 177
12209651 684
12209683 12
12209737 144
12209749 12
12209777 2992
12209831 96
12209867 13
12209933 12
12210007 5
12210019 5229
12210041 4
12210059 7260
12210067 284
12210101 4
12210119 1
12210119 12
12210229 51
12210461 24
12210467 24
12210487 129
12210563 1
12210599 4824
12210659 9
12210689 96
12210689 984
12210791 60
12210871 29
12210881 4908
12211021 23
12211057 3
12211063 68
12211079 136
12211123 48
12211141 179
12211141 4023
12211223 13
12211231 5
12211273 3
12211333 20
12211337 7
12211337 15
12211343 585
12211351 284
12211351 840
12211403 33
12211483 5
12211603 5
12211679 7665
12211721 51
12211723 285
12211757 3
12211757 424
12211817 552
12211819 800
12211841 1035
12211841 1380
12211943 37
12211943 3817
12211981 15
12211981 563
12212051 900
12212113 3
12212141 4
12212159 1
12212159 4
12212279 112
12212363 57
12212413 12
12212413 80
12212429 7
12212441 768
12212441 7599
12212467 392
12212467 569
12212503 108
12212561 199
12212623 33
12212657 7
12212699 1
12212713 8
12212771 1
12212771 4
12212777 75
12212831 1
12212833 3
12212861 220
12212933 43
12212939 1
12212951 4333
12212971 20
12212971 8528
12212983 5
12213013 4596
12213037 140
12213079 5
12213109 204
12213169 11
12213169 1047
12213197 4
12213199 89
12213269 4620
12213469 32
12213517 12
12213517 5699
12213541 2783
12213571 596
12213577 15
12213587 624
12213629 144
12213647 24
12213647 1912
12213673 23
12213673 375
12213821 1323
12213857 8275
12213863 1
12213881 4
12213881 76
12213923 57
12213947 4
12214019 1
12214051 81
12214099 21
12214171 89
12214183 1217
12214183 1556
12214243 8
12214289 4
12214361 2896
12214387 48
12214417 3
12214417 8
12214417 540
12214417 3044
12214417 3840
12214459 1041
12214519 60
12214523 1
12214567 308
12214577 1360
12214639 12
12214693 243
12214729 995
12214729 1175
12214759 380
12214793 163
12214913 120
12214913 723
12215033 4896
12215039 96
12215123 1
12215123 16
12215131 185
12215167 5360
12215173 131
12215191 4448
12215219 52
12215263 2165
12215279 1
12215279 12
12215297 168
12215429 3076
12215449 39
12215473 3
12215473 8
12215477 1003
12215527 4244
12215543 1
12215743 8
12215743 953
12215779 20
12215807 412
12215851 5
12215939 3780
12216041 3
12216131 1633
12216181 876
12216203 1
12216223 17
12216223 20
12216247 9
12216299 4
12216299 1836
12216313 3
12216397 3
12216431 13
12216499 92
12216577 140
12216583 140
12216671 1369
12216731 1
12216731 7884
12216857 7
12216983 192
12216991 6944
12217147 89
12217151 741
12217159 1560
12217199 9
12217211 13
12217211 420
12217277 4
12217277 1060
12217327 7217
12217333 3
12217333 8747
12217391 45
12217529 64
12217559 1
12217559 1104
12217567 213
12217567 2748
12217591 3276
12217619 4537
12217637 663
12217717 12
12217769 24
12217769 280
12217811 1
12217859 565
12217861 368
12217901 3
12217939 17
12217949 4
12217949 9807
12217957 720
12217957 1088
12218081 1080
12218113 12
12218119 1097
12218153 12
12218207 4
12218207 9
12218207 100
12218209 11
12218243 1
12218333 7
12218363 37
12218443 5
12218489 192
12218537 3
12218587 2333
12218711 1
12218761 780
12218777 648
12218783 37
12218783 52
12218783 816
12218821 3
12218933 3
12219059 9
12219061 8079
12219101 6463
12219127 32
12219133 3
12219257 7
12219257 559
12219307 24
12219437 7
12219533 2352
12219539 4
12219551 25
12219551 88
12219631 189
12219659 112
12219677 847
12219737 7
12219743 1
12219803 1
12219803 1701
12219913 3867
12219919 17
12219919 21
12220003 5
12220003 20
12220081 351
12220183 105
12220217 4
12220217 28
12220259 1
12220259 192
12220261 315
12220267 8789
12220451 28
12220451 1464
12220531 9
12220669 3660
12220717 6492
12220823 1
12220823 57
12220849 11
12220849 3951
12220903 21
12220903 177
12220903 4580
12220921 8
12220969 5792
12220979 12
12220979 1140
12220991 24
12221039 24
12221057 3
12221057 7
12221117 180
12221171 9
12221191 5
12221191 560
12221197 2955
12221203 200
12221207 5593
12221273 132
12221353 323
12221353 2676
12221371 56
12221399 1
12221401 7896
12221449 11
12221449 5732
12221519 1
12221519 25
12221527 1488
12221527 3477
12221771 3328
12221819 4
12221837 12
12221849 40
12221969 4191
12221971 5
12221971 765
12221981 15
12221981 16
12222047 544
12222053 36
12222053 4387
12222101 3
12222101 40
12222127 8
12222271 60
12222349 1016
12222527 7584
12222557 3
12222559 9756
12222667 389
12222671 2740
12222703 5
12222713 828
12222761 3423
12222799 29
12222803 1
12222811 9
12222827 328
12222841 663
12222851 1
12222869 4
12222869 76
12222937 132
12222937 3435
12222941 24
12222979 509
12223009 72
12223009 1287
12223037 15
12223037 88
12223109 7
12223271 36
12223271 109
12223307 12
12223411 5
12223483 8
12223501 468
12223577 475
12223613 3
12223613 7075
12223633 3
12223721 3
12223721 339
12223751 4
12223789 47
12223909 747
12223927 7868
12224021 3
12224159 156
12224189 7
12224257 39
12224281 3
12224327 13
12224347 7884
12224383 1665
12224651 1
12224651 288
12224731 21
12224791 813
12224879 25
12224917 200
12224917 735
12224959 360
12224963 153
12225049 491
12225179 109
12225197 2724
12225209 1699
12225223 801
12225223 1328
12225299 24
12225347 4072
12225427 5
12225611 1
12225611 3040
12225641 951
12225643 213
12225659 49
12225659 277
12225677 4
12225709 1055
12225823 5
12225901 15
12226051 68
12226217 3048
12226223 1
12226223 2661
12226303 1428
12226321 71
12226327 749
12226339 41
12226339 1160
12226381 2924
12226457 175
12226471 21
12226471 69
12226499 1
12226499 1092
12226549 51
12226583 1
12226583 12
12226637 28
12226649 432
12226807 5
12226829 7
12226871 1
12226871 889
12226933 11
12226999 5
12226999 29
12226999 96
12226999 2816
12227021 76
12227041 555
12227069 96
12227069 151
12227069 436
12227227 3753
12227231 169
12227273 2556
12227309 607
12227419 117
12227483 417
12227483 4773
12227563 2048
12227591 1
12227597 4
12227681 1300
12227753 3
12227753 2116
12227807 4
12227819 25
12227827 48
12227909 4
12227959 324
12227989 11
12228061 8
12228091 1485
12228119 1
12228119 1516
12228143 21
12228197 28
12228197 7647
12228257 883
12228269 484
12228289 12
12228289 87
12228397 3
12228397 63
12228421 3
12228431 4
12228493 3
12228493 288
12228527 7609
12228563 1
12228563 628
12228613 152
12228677 540
12228683 13
12228683 376
12228721 891
12228739 7557
12228767 592
12228767 864
12228793 3
12228793 915
12228823 336
12228841 8
12228841 3591
12228857 172
12228901 51
12228991 224
12228991 636
12229013 27
12229051 69
12229067 184
12229079 72
12229093 1952
12229117 2159
12229127 4
12229127 1524
12229153 3
12229247 109
12229267 5
12229313 40
12229333 143
12229363 848
12229367 4
12229381 1823
12229403 1
12229421 180
12229487 25
12229487 157
12229507 20
12229519 1920
12229523 1
12229601 15
12229733 7
12229739 157
12229747 332
12229751 1
12229751 1864
12229879 5
12229879 1440
12229883 1
12229883 2436
12229883 5152
12229907 169
12229927 4797
12230081 1980
12230107 9272
12230111 1
12230111 433
12230149 36
12230173 108
12230209 6551
12230233 195
12230377 147
12230419 4940
12230441 6804
12230459 489
12230467 248
12230513 336
12230597 7
12230597 9783
12230611 53
12230689 24
12230711 4
12230723 1720
12230723 9657
12230789 4
12230903 1
12230903 348
12230993 5272
12231001 3
12231083 408
12231157 12
12231157 3107
12231169 852
12231203 1
12231203 181
12231311 1
12231367 1337
12231389 4
12231389 4791
12231463 840
12231539 1
12231599 1
12231671 1
12231689 496
12231731 1
12231757 740
12231827 12
12231833 343
12231917 4
12231937 7835
12231943 60
12231977 4
12232013 40
12232013 7303
12232039 20
12232039 36
12232091 1
12232091 3036
12232117 3
12232151 1
12232189 80
12232271 16
12232373 51
12232397 3
12232433 7
12232471 45
12232471 65
12232613 7
12232663 1977
12232697 5587
12232721 16
12232723 12
12232723 120
12232823 720
12232823 4713
12232837 615
12232859 1
12232859 4
12232859 52
12232859 4216
12232897 20
12232897 735
12232901 823
12232991 1
12232993 555
12232999 41
12233063 112
12233077 264
12233101 4971
12233159 21
12233167 20
12233191 8
12233219 1
12233231 1413
12233261 444
12233363 2625
12233399 4
12233471 1
12233537 4632
12233579 1
12233579 796
12233681 2184
12233707 32
12233729 4251
12233759 1
12233821 48
12233843 40
12233843 57
12233843 145
12233857 132
12233987 13
12233987 877
12233989 384
12233989 419
12234011 1
12234073 3
12234083 1
12234151 785
12234151 1161
12234191 1
12234197 3
12234239 61
12234311 396
12234371 3388
12234377 4
12234377 1392
12234377 1467
12234379 17
12234379 117
12234379 216
12234421 1664
12234427 680
12234427 2657
12234437 343
12234529 3555
12234671 1
12234821 4
12234907 5937
12234913 8
12234949 92
12234979 5
12234983 60
12235033 36
12235099 2097
12235109 31
12235147 20
12235147 9764
12235169 64
12235193 7
12235199 292
12235247 37
12235351 9
12235357 15
12235357 204
12235397 24
12235397 148
12235423 33
12235423 533
12235429 360
12235511 5620
12235547 69
12235661 840
12235667 25
12235687 149
12235697 75
12235711 248
12235763 1
12235891 861
12235897 980
12235967 57
12235997 3
12236089 80
12236129 24
12236197 1259
12236219 1
12236291 925
12236321 1420
12236369 472
12236401 288
12236507 1525
12236533 1716
12236569 332
12236611 924
12236669 1279
12236681 6223
12236683 32
12236687 9
12236687 384
12236951 1
12236951 21
12236963 1
12236963 21
12237019 5
12237077 28
12237133 1223
12237227 24
12237353 9892
12237359 1
12237397 1208
12237409 216
12237469 299
12237479 1
12237509 604
12237523 32
12237527 40
12237607 4517
12237619 3669
12237629 516
12237661 9536
12237851 4
12237853 3
12237853 20
12237871 8
12237871 1145
12237899 1
12237983 1
12237983 45
12237997 39
12238027 29
12238067 9
12238103 21
12238103 112
12238103 1413
12238111 5
12238117 3
12238117 35
12238133 687
12238159 24
12238183 1037
12238201 7791
12238241 7464
12238309 647
12238403 268
12238511 21
12238511 1081
12238651 33
12238729 5915
12238763 1
12238763 48
12238771 5
12238843 140
12238871 13
12238871 7624
12238873 248
12238883 1
12238913 28
12238913 1036
12238939 7281
12238991 1
12238999 69
12239153 3
12239441 2475
12239453 652
12239453 3291
12239527 29
12239567 4
12239567 24
12239573 72
12239581 23
12239581 759
12239641 4379
12239651 996
12239659 180
12239671 9704
12239681 3
12239701 20
12239701 195
12239741 4
12239791 1116
12239839 12
12239869 392
12239911 48
12239911 176
12239939 12
12239939 384
12239957 7
12239989 96
12239999 3249
12240037 7523
12240061 1911
12240073 3
12240073 8
12240083 1
12240131 153
12240197 3
12240281 39
12240343 5
12240401 3
12240401 4
12240413 276
12240419 1
12240433 8
12240433 60
12240467 229
12240469 195
12240583 248
12240601 20
12240601 716
12240601 1340
12240643 8
12240677 48
12240703 197
12240749 3852
12240751 6860
12240779 1
12240803 1
12240869 12
12240887 13
12240911 136
12240947 1140
12240953 7
12240953 7432
12240983 28
12241013 7
12241081 20
12241091 5821
12241093 3
12241147 17
12241153 735
12241169 4
12241171 5
12241183 5577
12241279 456
12241349 4
12241399 4292
12241483 561
12241483 4572
12241577 3
12241577 4
12241759 537
12241759 8505
12241837 3
12241841 63
12241841 720
12241877 327
12241927 392
12241927 1049
12241961 183
12241981 275
12242011 1293
12242011 2441
12242093 136
12242107 65
12242123 1
12242123 60
12242203 12
12242291 1
12242339 37
12242443 2861
12242453 103
12242453 616
12242473 3
12242497 140
12242539 44
12242539 176
12242539 876
12242621 3
12242651 1
12242773 1443
12242869 111
12242891 4
12242899 1017
12242921 64
12242957 15
12243071 9
12243079 36
12243103 5
12243139 6176
12243197 7
12243241 2600
12243323 12
12243367 5
12243367 3857
12243431 480
12243431 7053
12243443 468
12243541 3
12243551 1
12243557 3
12243611 9
12243743 1
12243799 344
12243799 1220
12243817 3
12243821 736
12243839 1
12243991 600
12244009 11
12244109 4
12244109 459
12244181 6303
12244187 9
12244249 2832
12244259 2305
12244319 4
12244333 116
12244357 23
12244361 3
12244459 9
12244459 236
12244483 5
12244483 132
12244483 197
12244513 132
12244619 172
12244667 57
12244703 133
12244823 588
12244829 732
12244871 1
12244871 4
12245021 195
12245041 8
12245041 11
12245059 32
12245081 4
12245099 1
12245171 36
12245171 64
12245209 35
12245209 287
12245209 2780
12245263 108
12245263 4265
12245371 3000
12245399 1
12245419 8880
12245539 1721
12245549 5311
12245603 12
12245617 99
12245641 5435
12245719 24
12245719 72
12245741 4
12245819 1125
12245879 1
12245929 6699
12245939 1
12245939 7672
12245951 85
12245971 56
12245999 16
12246067 240
12246119 3036
12246191 1
12246319 92
12246319 6329
12246337 3
12246361 156
12246361 4755
12246463 561
12246473 40
12246503 21
12246503 25
12246527 100
12246527 489
12246623 1
12246653 127
12246769 44
12246769 4767
12246943 357
12246979 12
12246979 269
12247093 12
12247097 7
12247141 3
12247141 264
12247163 556
12247177 3
12247211 1
12247237 395
12247297 6555
12247423 168
12247507 7869
12247577 15
12247577 1480
12247577 2827
12247603 680
12247649 7240
12247679 9
12247681 2328
12247709 87
12247709 199
12247747 552
12247771 84
12247813 3
12247817 2815
12247903 3488
12247919 1
12248011 80
12248011 324
12248011 1356
12248017 200
12248023 57
12248023 1040
12248191 2796
12248209 144
12248209 324
12248209 5651
12248219 4
12248231 1
12248311 5
12248389 264
12248399 21
12248473 3
12248513 6055
12248519 105
12248569 12
12248647 5
12248659 20
12248741 4
12248867 9
12248941 3
12248963 48
12249011 153
12249077 1779
12249151 188
12249151 473
12249157 1164
12249199 324
12249229 3167
12249269 7071
12249323 1
12249323 13
12249323 105
12249361 2075
12249383 1
12249427 5
12249491 21
12249499 1496
12249527 348
12249533 52
12249533 252
12249647 1444
12249689 5220
12249691 1365
12249703 288
12249733 1275
12249773 292
12249779 364
12249779 4284
12249791 88
12249847 8
12249917 4
12249953 1431
12249967 8
12249971 5080
12249983 1
12249989 12
12250169 7
12250211 1
12250211 28
12250253 343
12250309 3540
12250373 171
12250397 4
12250397 4939
12250493 3
12250627 5
12250627 2000
12250681 3
12250703 6768
12250769 27
12250831 8
12250873 111
12251047 1313
12251149 1575
12251153 172
12251171 969
12251191 53
12251357 3
12251411 1
12251453 2560
12251483 3757
12251609 12
12251971 401
12252029 7
12252029 1672
12252041 1696
12252061 96
12252179 8301
12252263 1
12252269 4
12252269 96
12252323 1276
12252389 156
12252389 295
12252407 3640
12252431 1
12252509 4
12252551 25
12252641 3
12252649 2124
12252671 1
12252689 4836
12252763 8
12252791 4
12252827 24
12252827 97
12252871 8
12252901 24
12253013 60
12253057 27
12253079 1
12253079 652
12253093 3
12253093 5432
12253117 3
12253187 268
12253349 31
12253477 24
12253517 163
12253531 8300
12253639 245
12253639 7904
12253669 92
12253799 432
12253859 37
12253867 117
12253873 2172
12253949 12
12254041 23
12254087 268
12254111 28
12254167 1925
12254167 8649
12254171 1
12254197 3
12254197 15
12254197 3068
12254227 33
12254251 4356
12254273 948
12254287 12
12254323 45
12254323 2760
12254461 8
12254471 3744
12254491 36
12254507 540
12254507 4105
12254521 255
12254537 519
12254591 1576
12254629 6035
12254663 1
12254663 12
12254743 9020
12254771 1
12254771 33
12254783 1
12254783 132
12254797 3
12254797 35
12254843 1
12254873 271
12254971 209
12255059 252
12255121 11
12255143 901
12255151 41
12255161 151
12255277 3
12255367 1005
12255379 369
12255409 15
12255457 3
12255457 8
12255499 1089
12255647 588
12255791 4
12255799 5
12255811 9165
12255953 432
12255979 156
12256001 16
12256019 1
12256151 1
12256177 3
12256187 45
12256301 4
12256301 51
12256327 5
12256327 84
12256339 4685
12256351 8313
12256367 4
12256367 717
12256397 847
12256397 1123
12256399 156
12256421 3
12256421 144
12256471 3521
12256487 4
12256681 1556
12256747 188
12256789 51
12256799 261
12256883 1
12256883 1261
12256903 456
12257039 1
12257039 1029
12257093 76
12257233 27
12257243 1
12257281 483
12257293 4616
12257317 39
12257339 4
12257339 96
12257351 1
12257351 4
12257351 28
12257381 595
12257411 1
12257411 4
12257419 2397
12257429 1819
12257447 252
12257477 519
12257533 15
12257533 6375
12257587 9
12257627 4
12257627 33
12257711 16
12257711 61
12257711 2713
12257737 459
12257743 92
12257821 3
12257879 4
12257891 1
12257909 619
12257963 1
12257977 3
12257977 7415
12257977 7640
12258041 700
12258179 189
12258319 320
12258319 4916
12258383 7161
12258431 13
12258431 420
12258443 1
12258559 5
12258559 392
12258601 4680
12258721 156
12258731 1
12258737 1659
12258791 1
12258791 16
12258791 148
12258821 144
12258859 5
12258859 12
12258859 7316
12258871 3800
12258899 1
12258899 24
12258941 136
12259021 8
12259061 111
12259081 3
12259103 25
12259133 12
12259213 735
12259223 1
12259223 808
12259259 349
12259267 237
12259283 1
12259297 92
12259381 2756
12259409 4
12259439 5184
12259487 2088
12259501 23
12259501 2220
12259631 1
12259649 4
12259657 920
12259763 6156
12259823 1
12259979 420
12260033 255
12260057 39
12260063 12
12260123 1
12260233 12
12260291 264
12260323 21
12260447 37
12260473 695
12260473 5756
12260483 733
12260537 52
12260603 13
12260701 300
12260741 2260
12260741 2496
12260741 6523
12260953 1176
12260981 1291
12261013 11
12261043 5
12261101 220
12261127 1913
12261163 168
12261167 45
12261181 15
12261253 168
12261257 484
12261283 2225
12261373 1443
12261383 180
12261409 444
12261443 1
12261481 200
12261503 1
12261521 48
12261521 51
12261551 4
12261559 17
12261559 224
12261563 388
12261581 3
12261611 265
12261617 5244
12261803 505
12261961 404
12262031 1
12262111 5
12262121 3
12262123 117
12262169 27
12262279 56
12262291 65
12262361 348
12262387 2973
12262417 2444
12262469 31
12262477 23
12262489 11
12262529 412
12262589 4
12262667 4
12262711 5
12262711 21
12262711 44
12262717 263
12262741 8
12262741 20
12262889 576
12263057 3
12263063 1
12263123 6132
12263159 1
12263297 1527
12263323 45
12263353 8
12263429 12
12263431 8081
12263437 623
12263453 303
12263467 8
12263473 836
12263497 3747
12263509 3467
12263509 5796
12263519 8821
12263527 32
12263597 7
12263611 6941
12263737 75
12263753 123
12263813 3
12263843 1
12263903 1
12263921 15
12263959 20
12263981 819
12264059 40
12264137 1092
12264193 3
12264193 23
12264223 9320
12264269 7
12264319 156
12264341 4
12264347 9
12264383 12
12264383 13
12264487 29
12264487 113
12264541 8
12264541 51
12264619 44
12264619 7109
12264779 1
12264859 12
12264869 264
12264881 91
12265031 1
12265039 5
12265061 2191
12265063 120
12265063 3821
12265063 3825
12265091 1
12265111 249
12265117 180
12265147 12
12265163 1
12265171 29
12265291 2456
12265391 1
12265411 1844
12265433 187
12265433 588
12265441 188
12265457 7
12265523 1
12265613 3
12265613 51
12265639 545
12265711 2313
12265727 13
12265817 43
12265871 1
12265871 253
12265901 6240
12265921 3
12265951 120
12265991 124
12266003 2052
12266071 1521
12266123 37
12266123 3436
12266179 17
12266237 60
12266269 72
12266281 8
12266519 1
12266543 1
12266591 4
12266591 76
12266591 9388
12266633 3843
12266641 51
12266663 21
12266687 880
12266719 1280
12266729 2236
12266747 4
12266747 60
12266759 1
12266777 312
12266879 16
12266909 1599
12266923 5013
12266939 12
12266983 77
12266999 96
12266999 4041
12267067 9
12267127 53
12267193 4235
12267223 420
12267361 8
12267361 20
12267371 1
12267373 3
12267449 4
12267547 5
12267641 4
12267701 3
12267719 1
12267719 49
12267721 1559
12267737 843
12267779 16
12267779 2836
12267791 4
12267859 785
12267883 45
12267887 24
12267923 76
12267923 1020
12267967 5
12267973 56
12268013 15
12268013 240
12268037 48
12268171 33
12268183 5
12268199 57
12268211 40
12268211 88
12268211 973
12268231 105
12268261 8
12268367 5808
12268429 71
12268559 1
12268667 228
12268703 72
12268783 228
12268801 3
12268877 75
12268897 4764
12268957 8
12268957 32
12268961 84
12268967 4
12268979 1
12268979 3417
12269027 9073
12269063 1
12269063 717
12269093 7816
12269219 16
12269321 679
12269399 4
12269399 9
12269401 515
12269401 848
12269417 663
12269429 16
12269471 4
12269489 4
12269489 96
12269501 3
12269519 72
12269539 72
12269549 4
12269567 72
12269711 13
12269729 895
12269759 1
12269791 129
12269891 1
12269891 1576
12269981 19
12270047 28
12270077 195
12270173 3
12270217 9944
12270301 200
12270553 32
12270607 624
12270611 9
12270641 4
12270667 3384
12270677 427
12270689 4
12270743 28
12270757 3
12270757 27
12270871 21
12270871 2853
12270911 9
12270913 3
12270919 45
12271019 1
12271099 21
12271099 1484
12271141 36
12271199 40
12271201 95
12271219 6009
12271291 8
12271291 201
12271333 3
12271333 663
12271333 2496
12271403 1
12271421 15
12271421 399
12271439 25
12271439 40
12271439 85
12271451 4
12271507 809
12271517 547
12271537 24
12271541 39
12271561 11
12271577 4
12271577 12
12271577 87
12271577 112
12271583 21
12271583 28
12271613 103
12271643 1
12271717 983
12271769 7
12271801 3
12271801 195
12271837 8
12271859 1
12271859 664
12271951 4509
12272069 36
12272077 27
12272093 7
12272159 1
12272167 3272
12272167 8048
12272257 8
12272263 180
12272269 15
12272287 33
12272287 44
12272287 1140
12272303 1
12272321 4
12272341 3719
12272383 5012
12272387 237
12272431 53
12272483 1
12272719 560
12272783 1
12272783 33
12272801 3063
12272831 705
12272857 8
12272867 28
12272893 3
12272951 160
12272959 189
12272959 4620
12272971 360
12273013 3
12273013 2108
12273029 175
12273059 4
12273143 1
12273169 15
12273169 27
12273301 144
12273323 1
12273341 4
12273341 1404
12273343 596
12273397 867
12273433 23
12273433 420
12273523 4580
12273629 4
12273629 136
12273631 20
12273773 15
12273773 7800
12273869 15
12273907 80
12273959 97
12273971 1456
12273979 8825
12273997 8
12274043 1
12274181 31
12274189 1040
12274243 36
12274277 19
12274303 5
12274319 1
12274331 280
12274369 104
12274463 3060
12274469 9051
12274487 13
12274489 551
12274553 3
12274657 3
12274753 36
12274763 1
12274963 21
12274987 32
12274987 360
12275027 4893
12275141 31
12275141 304
12275177 4
12275203 80
12275233 3
12275297 3
12275357 1344
12275357 1767
12275357 4039
12275423 28
12275429 1627
12275449 1440
12275569 75
12275569 596
12275591 5985
12275609 5707
12275623 396
12275639 9085
12275651 16
12275651 3433
12275741 2103
12275771 621
12275869 9584
12275909 496
12275917 3404
12275959 305
12276001 3
12276059 1
12276079 29
12276083 1
12276127 8853
12276161 3
12276163 4620
12276197 3
12276197 4
12276283 180
12276289 15
12276293 231
12276317 7
12276359 5640
12276361 48
12276361 5288
12276389 115
12276469 3852
12276491 4
12276497 4
12276553 708
12276631 264
12276631 1089
12276683 1
12276697 2528
12276701 40
12276727 1877
12276739 5
12276811 204
12276821 6160
12276833 16
12276851 1
12276851 1980
12276977 904
12276991 528
12277019 145
12277037 3
12277037 2007
12277061 1864
12277151 21
12277169 7
12277183 20
12277241 7284
12277259 292
12277297 623
12277297 2039
12277301 84
12277361 4
12277361 1519
12277399 65
12277427 9
12277483 105
12277571 1
12277633 3
12277633 4436
12277709 139
12277721 8491
12277801 140
12277843 1628
12277873 2295
12277949 7
12277949 67
12278003 220
12278017 12
12278023 213
12278093 220
12278153 3
12278171 409
12278257 3
12278257 7823
12278473 287
12278473 2403
12278543 12
12278647 3260
12278663 1
12278663 672
12278729 2427
12278767 17
12278767 1545
12278809 2895
12278927 5493
12278957 4
12278957 15
12278957 984
12278963 1
12278963 2241
12279011 76
12279011 193
12279013 20
12279097 5127
12279101 4
12279119 36
12279233 187
12279233 9672
12279299 9
12279299 136
12279313 11
12279341 3
12279341 5583
12279437 1660
12279461 3
12279473 411
12279497 3
12279551 1
12279569 19
12279587 33
12279649 1460
12279691 200
12279691 1380
12279691 8949
12279779 69
12279781 11
12279793 2591
12279853 92
12279863 4345
12279877 8
12279889 44
12279901 3
12279959 1
12279959 280
12280003 1028
12280031 3633
12280109 27
12280127 33
12280141 3
12280157 163
12280157 244
12280193 3
12280199 9
12280199 196
12280223 81
12280423 480
12280439 2196
12280493 1056
12280529 4
12280531 5
12280549 9699
12280561 24
12280693 32
12280721 171
12280733 3
12280733 87
12280823 933
12280831 48
12280871 4
12280901 5184
12280903 80
12280951 24
12280969 15
12280979 1
12280993 191
12281029 87
12281117 2535
12281131 8
12281183 4896
12281251 89
12281303 1
12281303 13
12281389 144
12281407 8
12281453 3055
12281519 1
12281603 1
12281707 444
12281713 2172
12281813 5943
12281909 3295
12282073 111
12282119 16
12282163 8
12282191 1
12282241 239
12282337 732
12282353 3
12282511 668
12282547 2313
12282601 11
12282629 127
12282629 1207
12282659 12
12282707 432
12282707 709
12282719 4
12282719 1120
12282731 48
12282749 171
12282833 340
12282871 21
12282887 37
12282901 2384
12282931 581
12282937 15
12282983 1
12283039 24
12283039 6105
12283057 608
12283169 312
12283273 92
12283289 6784
12283303 617
12283379 16
12283417 168
12283441 8
12283459 9
12283499 40
12283553 1387
12283573 2076
12283589 4
12283613 43
12283613 948
12283627 1085
12283669 12
12283727 6972
12283807 173
12283813 227
12283841 4675
12283867 9
12283897 44
12283897 147
12284099 49
12284137 47
12284171 9
12284201 3
12284219 444
12284341 48
12284411 9
12284453 28
12284479 1244
12284639 49
12284663 16
12284717 4
12284749 35
12284749 2052
12284801 4
12284809 1344
12284827 77
12284879 1
12284941 3855
12284977 3
12285011 1
12285019 125
12285037 35
12285037 228
12285103 12
12285107 13
12285137 1788
12285253 2063
12285257 4
12285263 1
12285359 1
12285359 2512
12285379 9
12285451 48
12285503 21
12285523 752
12285557 4
12285607 4080
12285631 489
12285653 1707
12285671 1
12285797 3
12285811 29
12285851 9
12285863 640
12285869 12
12285899 4
12285899 7432
12285929 55
12285953 12
12285953 247
12286049 2052
12286073 6660
12286081 7263
12286091 2656
12286123 432
12286139 1
12286147 29
12286231 36
12286279 216
12286333 663
12286363 501
12286363 713
12286409 751
12286441 8736
12286453 1331
12286507 4305
12286601 4
12286649 4
12286679 57
12286811 1
12286811 180
12286811 265
12286843 641
12286919 1
12286931 1
12286951 2184
12286999 12
12287101 83
12287173 1596
12287201 564
12287273 12
12287321 3
12287333 15
12287347 113
12287419 4100
12287489 96
12287533 1091
12287533 3692
12287567 60
12287689 12
12287689 15
12287711 1
12287711 28
12287771 1
12287777 3
12287777 12
12287777 175
12287861 4
12287879 832
12287887 93
12287893 120
12287893 2487
12287993 3
12288043 57
12288043 1908
12288071 1
12288071 6576
12288077 4
12288097 23
12288119 1
12288347 217
12288359 1644
12288391 600
12288443 1
12288487 537
12288487 620
12288517 95
12288533 7
12288553 32
12288607 713
12288623 16
12288631 204
12288673 176
12288817 87
12288937 152
12288967 5
12288967 1572
12289133 51
12289159 440
12289159 1784
12289183 8
12289213 68
12289247 4
12289279 500
12289393 23
12289427 24
12289427 28
12289441 128
12289457 3652
12289493 15
12289493 307
12289507 12
12289577 7
12289583 756
12289687 5
12289811 24
12289813 3
12289909 2127
12290009 67
12290137 1959
12290137 7115
12290141 4
12290153 3192
12290189 111
12290261 60
12290261 528
12290297 115
12290459 24
12290459 3144
12290491 69
12290497 80
12290567 4
12290569 296
12290653 3
12290903 13
12290903 181
12290953 32
12290953 1143
12290963 1
12290981 3
12291007 92
12291061 3263
12291089 972
12291121 39
12291259 20
12291287 1188
12291313 36
12291343 561
12291379 392
12291403 21
12291403 3648
12291451 65
12291577 12
12291577 3159
12291703 5
12291767 144
12291893 712
12291989 40
12291997 3
12292081 3
12292121 1824
12292127 40
12292361 3
12292393 11
12292403 21
12292463 1
12292573 15
12292573 3036
12292633 47
12292667 9
12292667 997
12292669 24
12292681 779
12292801 159
12292871 7980
12292927 12
12292937 3
12293027 64
12293051 6633
12293069 19
12293107 20
12293279 1
12293291 1080
12293311 324
12293387 105
12293389 192
12293497 3608
12293507 949
12293549 7
12293557 8804
12293597 7
12293797 3
12293951 1
12293993 1111
12294017 7
12294019 117
12294041 3
12294041 28
12294047 5052
12294049 7872
12294053 508
12294143 1
12294151 149
12294203 1
12294203 160
12294221 3
12294229 12
12294229 632
12294277 27
12294283 4865
12294313 27
12294319 21
12294497 3
12294497 4
12294509 87
12294509 619
12294511 5
12294599 1
12294641 3
12294643 8
12294731 133
12294773 15
12294883 173
12294907 29
12294911 145
12294911 3240
12295081 2435
12295169 511
12295259 9
12295259 241
12295273 495
12295321 3035
12295397 408
12295399 7824
12295441 8
12295441 5156
12295559 4
12295589 640
12295589 9520
12295597 35
12295687 320
12295741 39
12295819 12
12295819 920
12295861 3
12295867 9
12295867 12
12295867 17
12295931 1
12295967 804
12296051 1
12296071 933
12296077 12
12296171 1
12296171 1728
12296177 88
12296299 65
12296299 9765
12296341 200
12296353 8463
12296359 21
12296407 5
12296407 32
12296413 3
12296497 12
12296503 585
12296519 1
12296519 7764
12296527 197
12296539 2697
12296569 104
12296621 4
12296693 51
12296717 283
12296717 460
12296719 20
12296759 21
12296891 1
12296897 1767
12296897 3627
12296953 72
12296953 380
12296993 148
12296993 603
12297023 1
12297059 36
12297143 1
12297179 9936
12297277 3
12297277 132
12297317 1344
12297349 7992
12297371 480
12297371 8929
12297407 189
12297473 3
12297487 20
12297611 129
12297611 4149
12297619 192
12297629 600
12297689 4
12297689 400
12297737 12
12297787 5
12297821 1164
12297853 12
12297881 1968
12297913 152
12297913 900
12298219 420
12298277 3
12298309 2687
12298337 4
12298343 88
12298343 708
12298357 9704
12298477 6987
12298571 180
12298577 4315
12298589 456
12298621 3080
12298651 329
12298679 1
12298747 5
12298747 8
12298751 81
12298751 280
12298777 903
12298801 15
12298841 84
12298849 336
12298919 52
12298991 1
12299011 5
12299083 4737
12299129 16
12299149 20
12299201 28
12299323 597
12299351 1
12299363 661
12299387 9
12299437 23
12299531 1
12299531 120
12299647 1164
12299681 4
12299743 140
12299809 1451
12299863 53
12299863 1512
12299879 7900
12299923 108
12299957 15
12299977 135
12300037 48
12300053 3
12300103 5
12300137 247
12300179 25
12300179 40
12300181 216
12300181 3011
12300203 360
12300227 1740
12300311 85
12300319 192
12300373 411
12300383 88
12300383 108
12300383 157
12300403 17
12300523 2217
12300557 124
12300643 248
12300649 4859
12300713 3
12300713 6588
12300751 8
12300751 3296
12300949 644
12300997 3
12301027 12
12301103 13
12301229 75
12301243 77
12301243 1980
12301301 76
12301351 9
12301391 1
12301391 4
12301391 3153
12301439 16
12301537 35
12301603 20
12301609 11
12301621 180
12301621 3740
12301657 3
12301703 1
12301903 45
12301907 268
12301907 637
12302039 9645
12302183 1
12302183 7480
12302233 23
12302273 3
12302281 4071
12302287 1569
12302347 233
12302357 1015
12302359 264
12302371 53
12302371 245
12302393 8368
12302497 12
12302513 7
12302527 5
12302533 5468
12302561 180
12302569 36
12302569 491
12302581 11
12302593 3
12302651 249
12302657 508
12302683 5
12302711 16
12302761 536
12302813 7
12302813 48
12302813 4116
12302821 3
12302831 45
12302863 6356
12302891 24
12302947 2648
12303107 148
12303131 105
12303131 153
12303139 20
12303167 73
12303167 5844
12303169 371
12303197 7
12303197 15
12303209 1599
12303227 28
12303233 8616
12303301 23
12303301 420
12303341 3100
12303419 45
12303451 96
12303479 640
12303479 4189
12303503 93
12303527 33
12303527 505
12303589 12
12303667 3060
12303673 396
12303701 456
12303701 2964
12303787 117
12303787 884
12303799 21
12303799 92
12303817 279
12303817 380
12303857 3
12303857 888
12303877 1352
12304067 28
12304067 6925
12304139 4
12304181 243
12304283 1
12304289 31
12304309 75
12304337 3
12304337 168
12304363 5
12304433 727
12304463 436
12304531 2553
12304703 1
12304759 1257
12304771 9
12304783 5
12304819 101
12304829 6091
12304843 7677
12304891 308
12304907 465
12304937 27
12304937 8892
12304973 16
12305039 4009
12305057 259
12305191 93
12305197 3
12305231 1
12305239 9
12305261 3708
12305273 15
12305327 4497
12305413 107
12305413 176
12305431 5409
12305441 4
12305549 159
12305641 516
12305653 3
12305687 1053
12305693 16
12305767 2064
12305779 1080
12305861 1143
12305879 1
12305879 4
12305879 69
12305981 3423
12306037 228
12306037 648
12306211 21
12306223 33
12306227 4125
12306247 104
12306253 8
12306269 52
12306331 233
12306379 476
12306431 9
12306457 24
12306479 2425
12306577 135
12306673 63
12306719 45
12306719 7756
12306739 36
12306739 120
12306743 1
12306743 972
12306769 47
12306779 1
12306779 9
12306839 45
12306839 132
12306881 1531
12306979 156
12306979 5045
12307067 13
12307067 528
12307271 1
12307271 304
12307301 96
12307343 7800
12307357 3
12307391 1
12307423 41
12307429 36
12307433 172
12307433 1243
12307481 1279
12307487 1993
12307499 820
12307567 225
12307567 1400
12307567 7344
12307579 5
12307613 7
12307613 916
12307639 3596
12307679 84
12307679 112
12307703 1
12307703 156
12307753 32
12307891 9
12307927 344
12307957 3
12308027 4
12308041 540
12308053 2535
12308069 7
12308069 507
12308123 1
12308123 8341
12308201 24
12308297 7
12308339 504
12308353 323
12308419 17
12308509 404
12308563 8
12308573 571
12308573 1956
12308579 2452
12308587 60
12308623 21
12308687 9
12308687 13
12308693 3
12308711 441
12308801 156
12308839 5
12308843 1
12308893 1068
12308909 4
12308951 453
12308987 24
12308987 1120
12308987 4185
12308999 52
12308999 445
12309023 1
12309053 12
12309097 1712
12309113 396
12309179 1
12309179 40
12309181 1911
12309191 4065
12309239 1
12309277 539
12309299 1
12309431 4
12309503 28
12309509 4
12309551 568
12309613 2480
12309631 21
12309719 501
12309797 3547
12309811 56
12309889 816
12309893 76
12309931 341
12309953 48
12310013 31
12310019 1
12310097 3
12310163 157
12310279 41
12310301 16
12310327 3432
12310453 15
12310541 3
12310541 4
12310541 55
12310549 387
12310607 292
12310657 3
12310657 6575
12310721 696
12310801 8856
12310817 1107
12310849 299
12310871 1
12310889 19
12310931 24
12310979 1
12310979 37
12310979 1432
12311053 27
12311063 1
12311093 355
12311251 48
12311261 148
12311339 1
12311419 5
12311501 2080
12311513 3
12311513 16
12311543 13
12311543 813
12311561 63
12311561 79
12311591 1120
12311591 2860
12311627 1405
12311641 5319
12311699 1
12311729 180
12311729 1084
12311731 2969
12311821 1083
12311837 7
12311837 1144
12311837 1683
12311839 65
12311857 3
12311869 2756
12311917 32
12311983 1197
12312043 32
12312089 7
12312101 3
12312119 1
12312143 36
12312149 5484
12312173 16
12312221 24
12312221 55
12312277 12
12312281 4
12312347 84
12312401 28
12312407 3168
12312413 27
12312413 195
12312431 1
12312431 4
12312511 21
12312571 3548
12312581 1800
12312661 8
12312737 2743
12312767 60
12312767 288
12312851 1
12312901 83
12312917 475
12313043 1
12313099 5
12313109 51
12313187 13
12313229 4
12313229 31
12313237 44
12313261 2384
12313319 1
12313337 1447
12313339 641
12313339 660
12313363 5
12313409 72
12313447 3284
12313549 35
12313619 4
12313619 205
12313663 20
12313783 21
12313799 1
12314011 425
12314051 1
12314153 40
12314153 4680
12314167 5
12314207 24
12314213 255
12314353 3
12314353 203
12314363 1
12314363 825
12314369 99
12314381 7524
12314431 9
12314431 128
12314459 4
12314479 44
12314509 15
12314537 7
12314563 1148
12314651 1
12314677 2024
12314689 287
12314689 876
12314699 1
12314803 5
12314803 80
12314891 1
12314891 25
12314891 40
12314993 1135
12314993 5992
12315013 155
12315077 7
12315161 3
12315161 636
12315323 40
12315367 5
12315367 12
12315403 21
12315427 437
12315559 192
12315577 168
12315617 63
12315631 173
12315659 1
12315661 60
12315713 3
12315727 1157
12315851 1
12315991 84
12316081 116
12316091 1381
12316223 201
12316223 3913
12316229 1024
12316229 1480
12316321 3
12316357 60
12316433 2112
12316457 99
12316457 1443
12316529 667
12316547 180
12316631 1
12316861 3
12316943 156
12317003 1
12317033 15
12317047 200
12317093 3
12317093 12
12317101 15
12317287 437
12317317 983
12317321 24
12317329 500
12317353 3
12317407 5
12317407 480
12317441 28
12317441 91
12317531 1
12317531 216
12317573 252
12317587 4508
12317597 7
12317693 76
12317729 7
12317729 480
12317771 1
12317771 60
12317813 6148
12317863 17
12317863 561
12317939 6072
12317983 33
12317989 671
12318071 1636
12318091 21
12318091 93
12318091 401
12318193 3
12318193 131
12318221 24
12318343 3861
12318413 988
12318437 4
12318473 307
12318503 1
12318577 572
12318689 1195
12318701 19
12318763 8
12318791 1
12318797 1339
12318799 125
12318851 3820
12318857 288
12318857 2863
12318877 44
12318899 3084
12318907 273
12319117 5207
12319337 627
12319361 4
12319361 231
12319397 259
12319399 20
12319477 3
12319481 9660
12319597 27
12319661 1264
12319667 133
12319717 2360
12319763 57
12319777 23
12319793 460
12319799 37
12319831 24
12319831 69
12319841 15
12319841 99
12319877 4
12319997 180
12320023 996
12320083 41
12320141 4
12320171 360
12320339 21
12320351 1
12320401 4860
12320411 1
12320411 2341
12320443 312
12320449 5532
12320471 456
12320491 9
12320587 405
12320647 137
12320677 3
12320773 411
12320783 1
12320921 219
12320983 21
12320999 4
12320999 12
12321053 7
12321083 36
12321131 1
12321131 721
12321137 1983
12321163 77
12321187 1232
12321299 360
12321319 9
12321341 1635
12321359 84
12321401 60
12321437 3
12321461 699
12321461 5544
12321461 6868
12321541 363
12321577 3299
12321649 2292
12321713 147
12321713 400
12321887 24
12321893 3
12321919 120
12321929 1779
12321929 3552
12321949 35
12321971 169
12322027 5600
12322039 1877
12322039 9852
12322081 15
12322081 2460
12322207 2628
12322223 96
12322301 4
12322333 8
12322333 207
12322391 49
12322423 12
12322451 1
12322577 7
12322643 1
12322643 36
12322649 7
12322649 40
12322699 9
12322699 17
12322703 2560
12322711 8
12322711 2673
12322781 4
12322819 857
12322829 1819
12322859 16
12322861 563
12322949 79
12322949 651
12322957 7520
12322969 179
12322987 132
12322993 11
12323141 3
12323141 151
12323141 195
12323197 27
12323221 116
12323273 3
12323273 147
12323293 135
12323299 560
12323387 13
12323459 49
12323459 645
12323471 1
12323489 12
12323489 51
12323489 199
12323513 7
12323537 4
12323551 9
12323567 4
12323567 232
12323569 380
12323593 1788
12323611 7556
12323621 211
12323651 4
12323669 7
12323863 873
12323911 116
12323977 12
12324139 6924
12324163 5
12324203 3681
12324223 21
12324223 293
12324239 1204
12324307 44
12324307 437
12324413 3
12324413 1488
12324437 544
12324437 4747
12324497 4
12324647 13
12324647 28
12324647 1680
12324659 1
12324679 6284
12324733 8
12324799 641
12324827 9
12324839 1
12324839 4
12324859 4404
12324899 1
12324899 121
12324937 507
12324943 33
12325013 196
12325069 27
12325069 3659
12325099 884
12325147 8
12325151 1
12325151 133
12325163 72
12325193 2952
12325199 1825
12325231 29
12325231 41
12325301 223
12325301 1291
12325349 40
12325373 1032
12325381 20
12325399 21
12325409 4
12325451 1
12325549 4724
12325567 20
12325601 163
12325601 291
12325613 103
12325717 108
12325903 81
12325903 1037
12325931 141
12325961 103
12325981 5171
12325991 204
12325991 7513
12326053 987
12326063 1
12326063 165
12326219 4420
12326297 28
12326329 4832
12326341 644
12326393 3
12326393 907
12326393 5175
12326443 5
12326443 857
12326471 2553
12326519 1
12326521 11
12326521 164
12326543 1
12326543 361
12326591 1
12326599 45
12326599 236
12326641 1679
12326651 7596
12326729 504
12326759 616
12326759 3580
12326761 8
12326813 2247
12327061 515
12327061 519
12327083 2808
12327131 6340
12327167 192
12327173 2992
12327251 205
12327281 124
12327281 151
12327311 1288
12327311 3748
12327317 148
12327451 9
12327473 1440
12327521 4
12327569 24
12327613 3
12327613 4263
12327617 112
12327629 264
12327643 5
12327643 33
12327743 1
12327787 153
12327787 228
12327829 192
12327949 15
12328037 4
12328139 1
12328163 1
12328243 33
12328259 1
12328259 3736
12328291 1736
12328373 7
12328373 67
12328373 72
12328427 169
12328543 21
12328543 740
12328583 1
12328619 1
12328633 207
12328637 220
12328643 1
12328681 119
12328709 36
12328781 2844
12328829 1476
12328867 105
12328867 5792
12329021 448
12329101 75
12329159 4
12329237 3
12329279 1732
12329297 5103
12329411 9
12329453 7
12329497 3
12329591 1
12329593 356
12329711 1
12329741 388
12329741 499
12329749 84
12329797 3
12329797 12
12329903 1
12330023 1452
12330029 12
12330061 9228
12330161 3
12330161 4
12330161 5880
12330163 20
12330163 117
12330209 6831
12330271 480
12330391 168
12330421 3
12330581 3
12330611 240
12330611 408
12330719 9
12330719 429
12330767 1044
12330803 1
12330803 37
12330827 2080
12330853 1647
12330973 3
12330977 4
12331049 315
12331097 4
12331097 1000
12331183 93
12331301 19
12331301 9151
12331303 53
12331303 1316
12331391 4
12331441 75
12331463 33
12331499 1
12331541 4
12331541 516
12331603 1013
12331667 13
12331733 60
12331733 828
12331733 1320
12331747 264
12331829 7
12331843 12
12331909 1227
12331993 15
12331993 48
12332027 8073
12332153 43
12332167 48
12332183 541
12332213 55
12332231 85
12332233 63
12332233 87
12332237 28
12332381 1635
12332399 1
12332399 2617
12332459 1
12332491 9
12332527 192
12332549 12
12332549 52
12332549 204
12332557 44
12332557 128
12332597 3
12332681 171
12332777 4
12332833 200
12332869 2231
12332897 3
12332953 75
12332989 15
12333001 563
12333043 8
12333073 68
12333103 20
12333203 357
12333239 1
12333263 1
12333263 1957
12333283 12
12333491 81
12333491 1809
12333533 3
12333539 312
12333799 4637
12333851 1
12333851 21
12333851 4501
12333917 147
12333929 2092
12333943 728
12333977 3
12334039 5
12334057 12
12334057 60
12334079 4
12334081 675
12334093 6240
12334099 5
12334109 6819
12334183 236
12334277 984
12334379 1
12334403 1
12334409 907
12334433 1027
12334451 4
12334451 133
12334451 8784
12334513 8
12334513 63
12334643 220
12334709 139
12334771 81
12334793 48
12334909 779
12334913 7
12334913 16
12334939 905
12335003 1921
12335021 535
12335027 12
12335033 163
12335051 1524
12335111 1
12335119 884
12335143 53
12335227 8
12335293 3156
12335363 1
12335441 28
12335459 1012
12335623 12
12335699 1
12335699 4
12335773 1571
12335809 80
12335887 5
12335903 1
12335903 232
12335951 204
12336007 5
12336013 8
12336053 8436
12336083 21
12336161 4
12336361 219
12336391 9
12336391 7856
12336497 28
12336517 723
12336631 5
12336683 1
12336811 4704
12336887 109
12336887 157
12336887 609
12336953 132
12337079 1
12337103 1
12337103 3285
12337133 51
12337133 91
12337249 1296
12337343 1
12337399 21
12337399 129
12337477 12
12337483 57
12337489 20
12337573 756
12337621 3
12337691 1
12337691 48
12337693 11
12337709 7
12337751 1
12337763 5037
12337769 280
12337879 105
12337891 44
12337987 185
12338047 8
12338129 1924
12338191 5
12338219 1
12338317 1068
12338371 2564
12338423 21
12338449 51
12338479 5
12338503 45
12338509 15
12338539 560
12338737 984
12338747 88
12338783 73
12338831 1
12338947 2384
12338987 4693
12338993 63
12339097 464
12339143 13
12339143 33
12339191 4
12339203 4140
12339211 1521
12339311 2773
12339317 1144
12339377 4
12339377 228
12339451 621
12339557 240
12339601 596
12339617 7
12339653 15
12339659 6205
12339997 3
12340033 912
12340103 1
12340193 8035
12340403 52
12340423 5
12340513 12
12340547 9
12340553 195
12340571 1
12340639 80
12340787 49
12340789 324
12340789 399
12340897 3
12340897 32
12340961 3451
12340967 4
12341011 29
12341027 2740
12341101 915
12341107 1997
12341111 1
12341111 408
12341237 619
12341339 4396
12341411 3244
12341569 4680
12341579 4452
12341587 297
12341629 1260
12341653 3
12341713 7911
12341737 315
12341753 3
12341753 228
12341759 681
12341783 1
12341809 12
12341837 24
12341899 2861
12341941 3
12341941 63
12342047 12
12342073 647
12342257 3
12342257 220
12342257 2067
12342331 9
12342331 5600
12342383 277
12342437 4
12342653 16
12342667 1208
12342667 6857
12342739 180
12342769 236
12342773 315
12342839 1
12342851 784
12342899 1
12342937 3
12342983 1
12343081 23
12343081 195
12343087 33
12343231 24
12343271 4284
12343313 3
12343313 907
12343391 25
12343393 35
12343399 17
12343439 4
12343621 3
12343693 12
12343697 4
12343703 1
12343703 217
12343769 379
12343817 3
12343817 972
12343889 31
12343927 344
12343943 21
12343949 4
12344089 120
12344161 900
12344183 61
12344191 2844
12344201 28
12344287 128
12344351 21
12344411 1
12344413 8
12344513 772
12344543 1
12344581 864
12344587 137
12344831 804
12344837 12
12344861 183
12344861 6216
12344909 7
12345001 15
12345017 1983
12345143 1
12345149 12
12345163 8265
12345191 1
12345211 4908
12345283 7185
12345323 1953
12345323 6085
12345367 152
12345419 112
12345433 3
12345491 33
12345491 124
12345511 549
12345511 7185
12345527 12
12345527 3828
12345539 9
12345569 339
12345569 787
12345637 320
12345643 4965
12345647 660
12345743 1
12345743 61
12345787 140
12345787 4329
12345811 9
12345811 81
12345863 1
12345959 25
12346013 483
12346073 12
12346099 9
12346121 79
12346211 28
12346211 2128
12346319 157
12346361 6123
12346363 2132
12346387 12
12346391 25
12346511 73
12346597 332
12346601 1959
12346651 53
12346657 9207
12346823 181
12346877 3
12347077 4500
12347081 1060
12347099 4
12347123 1
12347173 15
12347197 3
12347201 643
12347213 3
12347281 3
12347281 20
12347281 3336
12347333 8791
12347483 2220
12347597 79
12347669 519
12347759 1
12347773 1055
12347807 4
12347807 5985
12347821 3
12347857 8495
12348067 537
12348109 60
12348131 7068
12348151 36
12348151 101
12348227 172
12348247 9
12348247 65
12348289 27
12348313 11
12348389 12
12348407 4
12348407 3292
12348419 1
12348419 420
12348433 332
12348559 3137
12348601 108
12348619 357
12348649 680
12348659 1
12348761 3
12348893 15
12348991 324
12348991 396
12349061 1068
12349063 680
12349093 6131
12349163 1
12349171 228
12349189 12
12349223 1
12349291 2741
12349333 3
12349423 20
12349423 336
12349433 55
12349433 9307
12349697 1699
12349787 529
12349793 7
12349801 3263
12349879 32
12349993 12
12349993 1355
12350017 2688
12350053 23
12350081 3
12350161 356
12350197 87
12350203 77
12350203 5408
12350207 8292
12350249 7
12350281 23
12350339 496
12350339 1296
12350363 1
12350419 5
12350453 3
12350453 280
12350479 12
12350543 1
12350581 155
12350699 1
12350699 21
12350773 36
12350773 1155
12351203 1
12351221 4
12351221 2928
12351221 3891
12351263 636
12351319 2541
12351323 1
12351371 1324
12351379 41
12351431 1
12351433 11
12351467 4
12351481 3
12351481 3948
12351497 7
12351533 3232
12351551 1
12351601 123
12351607 24
12351607 2228
12351613 1100
12351623 12
12351623 120
12351629 12
12351629 1675
12351643 60
12351659 1
12351737 3
12351737 387
12351739 216
12351817 555
12351841 104
12351869 15
12351959 2221
12351967 77
12351971 28
12351991 8
12352007 52
12352037 4
12352099 129
12352103 36
12352283 12
12352297 8
12352423 20
12352441 23
12352511 4
12352559 1
12352583 1
12352583 3345
12352619 6489
12352631 40
12352729 1724
12352757 3
12352789 351
12352859 25
12352939 5
12352979 1
12352979 4
12353051 1
12353071 1824
12353137 3
12353213 31
12353329 452
12353357 163
12353359 1040
12353437 20
12353521 3
12353533 32
12353569 164
12353569 375
12353617 219
12353617 2760
12353651 1
12353741 99
12353843 88
12353867 12
12353927 4
12354049 179
12354109 144
12354143 1
12354283 8
12354323 16
12354323 45
12354323 1513
12354469 776
12354469 7016
12354481 1244
12354491 3261
12354499 17
12354521 4
12354527 228
12354533 7
12354613 8
12354673 11
12354689 1204
12354791 1
12354809 6751
12354851 1
12354851 4
12354851 2380
12354893 3
12354907 45
12354919 69
12354943 281
12354977 3
12354977 60
12354983 45
12354983 2173
12355043 433
12355043 8101
12355067 52
12355099 9
12355103 1
12355169 7
12355171 20
12355193 28
12355223 1365
12355253 7
12355253 5703
12355381 195
12355471 3629
12355493 135
12355493 580
12355507 5
12355507 672
12355559 1
12355579 920
12355601 16
12355649 52
12355661 3
12355687 44
12355727 7944
12355751 561
12355799 172
12355873 3
12355879 620
12355951 348
12355979 9
12355997 168
12355997 2083
12356009 9795
12356077 15
12356077 80
12356087 3108
12356089 12
12356101 6356
12356107 68
12356237 3
12356273 75
12356287 8
12356381 3
12356387 4
12356401 3639
12356411 1
12356423 1
12356489 7
12356489 12
12356551 65
12356633 3
12356713 15
12356717 3
12356741 3
12356761 3
12356887 113
12356983 897
12357029 199
12357029 1111
12357071 3016
12357131 273
12357167 57
12357167 429
12357209 39
12357209 5379
12357229 11
12357299 1837
12357343 12
12357343 180
12357421 3
12357421 423
12357497 7
12357607 1025
12357649 56
12357661 3971
12357743 1
12357797 135
12357823 2400
12357907 129
12357907 228
12357931 41
12357971 25
12357971 3624
12358013 147
12358067 288
12358069 612
12358079 505
12358109 559
12358123 152
12358163 1
12358187 265
12358279 3236
12358309 20
12358387 5
12358421 208
12358441 3
12358441 11
12358483 380
12358627 20
12358631 1
12358741 3
12358769 292
12358793 8568
12358799 81
12358831 41
12358921 8
12358921 68
12358939 12
12359003 1
12359003 3453
12359239 1880
12359287 33
12359287 6513
12359299 464
12359317 3
12359339 49
12359383 2576
12359429 7
12359429 1792
12359429 8056
12359453 1815
12359461 3
12359509 120
12359531 1
12359531 60
12359651 28
12359681 1960
12359687 2004
12359701 3
12359701 231
12359773 20
12359777 5347
12359783 1
12359783 16
12359839 17
12359933 15
12359987 1308
12360043 5
12360067 5
12360067 324
12360067 1148
12360133 8
12360163 381
12360191 628
12360199 585
12360209 7
12360301 188
12360401 4
12360497 4
12360497 244
12360503 301
12360541 1155
12360563 1
12360619 389
12360787 153
12360787 977
12360797 4
12360827 4
12360877 644
12360899 25
12360911 4
12360949 24
12360949 72
12360949 9879
12360977 3
12361007 13
12361067 1777
12361073 7
12361073 511
12361093 51
12361201 3
12361241 100
12361351 9
12361411 33
12361429 371
12361463 1
12361493 411
12361619 4
12361619 64
12361619 289
12361673 3
12361753 8
12361753 2156
12361793 7
12361847 4
12361849 216
12361871 264
12361871 376
12361903 8
12361903 252
12361927 33
12361997 703
12362003 121
12362003 2313
12362029 12
12362041 8
12362099 1
12362123 1
12362131 365
12362153 787
12362153 2247
12362159 1
12362159 1281
12362167 9
12362209 267
12362221 11
12362257 3
12362291 9
12362297 804
12362327 868
12362347 29
12362353 48
12362423 352
12362461 9560
12362479 5
12362489 280
12362513 16
12362599 9
12362617 8
12362641 1403
12362653 27
12362657 7
12362737 8715
12362741 339
12362783 1
12362783 2901
12362827 8
12362839 9
12362849 832
12362873 103
12362879 4
12362951 544
12362969 16
12362969 24
12363031 329
12363161 43
12363223 132
12363227 64
12363271 2264
12363311 100
12363331 21
12363331 2088
12363349 60
12363361 3
12363371 1
12363383 16
12363479 3049
12363517 252
12363521 615
12363551 1
12363569 2539
12363629 4
12363629 259
12363653 5595
12363691 56
12363707 145
12363817 1040
12363821 15
12363859 9
12363859 21
12363881 8040
12363887 4
12363941 28
12363943 8
12363973 3
12363973 72
12363991 345
12364103 16
12364111 168
12364181 3
12364267 8
12364267 120
12364351 9696
12364379 37
12364379 2500
12364433 3648
12364489 119
12364489 3852
12364537 68
12364537 315
12364609 27
12364669 315
12364669 1607
12364711 20
12364837 3
12364837 2484
12364879 21
12364921 3
12365009 9520
12365113 36
12365189 292
12365201 4008
12365203 5
12365261 43
12365321 1984
12365369 700
12365369 1360
12365407 189
12365413 11
12365429 87
12365461 1343
12365473 635
12365491 5
12365491 1116
12365519 40
12365539 1604
12365567 9
12365567 37
12365581 3959
12365593 95
12365593 140
12365623 5
12365677 2967
12365777 12
12365813 28
12365819 5785
12365831 424
12365839 7184
12365891 189
12365933 52
12365959 1145
12366041 4
12366121 48
12366163 17
12366163 657
12366173 187
12366187 4820
12366247 288
12366271 21
12366287 4
12366353 1000
12366503 36
12366533 96
12366569 127
12366569 204
12366763 6365
12366787 44
12366839 472
12366979 21
12367027 5
12367039 276
12367057 1259
12367067 100
12367099 185
12367163 1
12367207 8400
12367321 11
12367337 852
12367339 257
12367507 33
12367631 4
12367643 1
12367681 1335
12367759 77
12367787 3253
12367819 120
12367829 2127
12367837 147
12367837 744
12367847 412
12367877 4
12367919 1
12367919 4
12367919 912
12367969 6935
12367991 1
12368017 3
12368029 1556
12368051 61
12368051 9420
12368093 12
12368093 528
12368131 281
12368143 32
12368207 4
12368243 325
12368381 19
12368393 3
12368399 37
12368417 7
12368443 53
12368443 441
12368459 1
12368467 8060
12368479 6252
12368509 6744
12368579 21
12368581 95
12368633 28
12368651 1
12368683 5
12368683 48
12368831 1
12368869 2916
12368887 1497
12368891 21
12368899 17
12368899 1277
12368933 3
12368947 5
12368947 9
12368971 1769
12369059 1365
12369073 9387
12369103 2813
12369113 7
12369113 43
12369179 1
12369199 269
12369257 55
12369263 21
12369281 19
12369317 204
12369443 1
12369451 5
12369451 9
12369451 24
12369451 720
12369479 2316
12369503 36
12369677 7
12369839 1
12369839 52
12369839 484
12369859 24
12369869 6420
12369943 36
12370003 680
12370003 2481
12370031 1
12370049 504
12370079 1
12370219 12
12370219 120
12370307 33
12370331 60
12370429 9056
12370601 4
12370639 336
12370649 4
12370697 2848
12370717 8
12370769 139
12370777 3
12370777 72
12370789 6567
12370801 11
12370811 28
12370877 447
12370949 52
12370949 1504
12370961 75
12370991 13
12370991 25
12371027 292
12371039 1
12371113 8
12371113 168
12371119 60
12371153 480
12371231 253
12371311 264
12371323 476
12371347 144
12371351 1
12371363 7161
12371377 779
12371423 1
12371441 1144
12371453 96
12371473 36
12371519 1
12371521 11
12371521 1196
12371543 1
12371551 165
12371629 96
12371633 7
12371633 135
12371657 3
12371657 4
12371657 607
12371741 3
12371743 296
12371753 1291
12371803 245
12371851 21
12371867 9
12371921 5088
12371929 291
12371981 103
12371987 4
12372001 3
12372121 236
12372383 1
12372383 57
12372431 156
12372457 152
12372523 6156
12372523 9753
12372739 9
12372859 17
12372907 665
12372929 84
12372947 12
12372953 288
12372977 4
12373007 33
12373027 9
12373027 32
12373033 4328
12373129 7311
12373177 12
12373289 792
12373307 7800
12373381 84
12373381 495
12373447 48
12373457 4
12373463 925
12373511 4
12373523 400
12373567 5
12373583 1
12373607 309
12373631 16
12373639 909
12373661 16
12373661 3340
12373727 13
12373763 73
12373763 7377
12373771 3893
12373847 2152
12373897 9195
12373913 112
12373987 44
12374051 1356
12374119 2796
12374123 1
12374123 3733
12374231 1
12374233 3
12374273 1351
12374353 20
12374393 27
12374393 1780
12374447 120
12374477 3
12374477 2404
12374507 13
12374507 45
12374507 153
12374569 35
12374573 12
12374641 1979
12374723 1
12374777 63
12374777 135
12374779 452
12374809 3635
12374809 7427
12374891 4
12374981 3
12375017 3
12375017 4132
12375029 195
12375059 1
12375067 272
12375221 2068
12375263 1
12375287 40
12375401 3
12375413 643
12375499 5
12375577 1575
12375661 3
12375697 6728
12375703 65
12375703 201
12375743 1
12375743 861
12375823 20
12375887 124
12375887 349
12375893 27
12375943 21
12375947 40
12375971 1
12376031 16
12376043 1
12376043 196
12376079 1
12376079 321
12376103 13
12376109 220
12376157 115
12376159 6965
12376183 12
12376207 3693
12376211 153
12376249 800
12376271 1
12376291 4004
12376313 3
12376339 5129
12376433 576
12376499 1
12376571 4
12376571 264
12376603 677
12376667 1213
12376667 1780
12376667 9544
12376673 2536
12376681 963
12376687 20
12376729 11
12376751 1
12376927 5
12376943 21
12376993 1235
12377063 52
12377159 12
12377161 3
12377179 689
12377219 1665
12377219 9589
12377237 24
12377263 12
12377317 107
12377333 768
12377363 13
12377419 24
12377419 6684
12377429 4
12377437 4599
12377459 6865
12377609 12
12377609 2844
12377741 43
12377753 3036
12377791 360
12377861 5899
12377881 8
12377929 1419
12378013 528
12378019 8204
12378077 15
12378173 7
12378251 28
12378271 6236
12378419 1
12378419 12
12378419 81
12378491 1
12378559 9
12378559 44
12378599 385
12378607 33
12378631 264
12378649 236
12378713 12
12378763 36
12378763 141
12378833 3
12378917 4
12379019 352
12379039 5
12379093 3
12379109 12
12379139 276
12379177 8
12379273 7416
12379309 144
12379343 1
12379453 380
12379459 12
12379459 4892
12379513 3
12379513 8
12379541 2703
12379573 12
12379597 527
12379669 176
12379789 36
12379817 247
12379951 224
12379973 996
12380041 1259
12380161 248
12380183 1
12380183 148
12380201 4191
12380257 984
12380413 2775
12380491 381
12380507 2568
12380519 1
12380639 24
12380639 6621
12380663 1
12380717 63
12380759 1
12380773 8
12380779 1320
12380843 1
12380887 365
12380891 1
12380891 448
12380891 696
12380911 8
12380957 27
12380957 9963
12380971 1448
12381029 31
12381041 60
12381073 3
12381223 5
12381329 39
12381329 3432
12381427 8
12381443 61
12381497 1540
12381511 1848
12381557 7
12381641 103
12381689 96
12381781 80
12381781 1848
12381827 4
12381847 17
12381847 53
12381851 504
12381911 693
12381931 2180
12381991 4793
12382039 192
12382039 305
12382109 916
12382121 3
12382247 4
12382247 4020
12382367 1209
12382367 3220
12382417 15
12382483 48
12382519 960
12382631 1
12382633 3
12382637 195
12382663 72
12382691 9
12382691 69
12382709 195
12382709 964
12382759 144
12382787 1324
12382823 1
12382823 253
12382823 288
12382891 56
12383017 72
12383023 7556
12383047 5
12383051 261
12383083 5
12383101 11
12383153 1612
12383233 135
12383279 1
12383309 144
12383387 57
12383417 127
12383447 133
12383447 700
12383507 9
12383519 205
12383521 24
12383759 1432
12383827 225
12383831 1
12383929 80
12383929 1467
12383989 7616
12384107 3784
12384133 47
12384157 1460
12384269 564
12384269 7812
12384341 1024
12384343 41
12384467 1369
12384487 245
12384497 1344
12384569 4
12384569 112
12384571 24
12384611 1
12384613 11
12384683 12
12384703 17
12384709 11
12384791 1
12384847 780
12384859 12
12384997 24
12385069 12
12385073 16
12385081 11
12385249 39
12385279 5
12385319 1
12385391 1
12385391 501
12385433 3
12385447 17
12385463 12
12385493 1360
12385493 3312
12385519 1949
12385531 3108
12385627 120
12385631 1996
12385781 4
12385823 1
12385831 200
12385909 296
12385927 33
12385931 1
12385963 1961
12385973 127
12386039 1
12386039 676
12386039 796
12386039 4444
12386057 3
12386063 36
12386063 9921
12386069 55
12386249 175
12386249 684
12386273 183
12386317 155
12386327 28
12386369 52
12386377 3
12386377 48
12386377 107
12386441 168
12386441 1260
12386483 472
12386497 3
12386497 2132
12386531 144
12386669 15
12386669 27
12386669 40
12386711 1
12386711 9
12386771 1
12386813 3
12386833 4923
12386849 7
12386909 39
12386909 1675
12386911 1608
12386921 28
12387029 40
12387061 20
12387071 3264
12387077 7
12387217 44
12387269 5512
12387293 276
12387313 68
12387433 8
12387521 40
12387619 1205
12387623 3532
12387671 1
12387701 115
12387737 15
12387737 64
12387769 11
12387841 39
12387841 396
12387853 15
12387937 1128
12388049 4
12388073 1996
12388153 11
12388157 7
12388219 5541
12388241 3
12388471 8148
12388487 2620
12388609 15
12388751 40
12388763 1
12388763 637
12388763 2332
12388867 5
12388867 104
12388921 68
12388967 4
12388991 1
12388993 12
12389021 96
12389023 5
12389101 3
12389189 4
12389189 684
12389219 3009
12389263 945
12389291 1
12389323 396
12389437 3
12389437 1568
12389483 1
12389537 15
12389543 1
12389557 2295
12389567 4533
12389593 1907
12389603 13
12389627 52
12389669 19
12389681 4
12389687 7372
12389759 16
12389761 3
12389789 112
12389911 20
12389917 8
12389963 1
12389983 116
12390011 1276
12390011 3220
12390013 951
12390017 7
12390197 99
12390251 9
12390311 1081
12390379 9
12390379 69
12390419 180
12390437 1320
12390529 6032
12390571 9
12390617 4
12390619 140
12390659 1
12390659 249
12390737 3
12390823 8912
12390883 1325
12390929 52
12390971 1
12391007 12
12391037 7
12391111 624
12391217 3
12391231 1053
12391261 8
12391303 12
12391303 20
12391321 176
12391331 4
12391339 36
12391343 1
12391427 624
12391571 4960
12391609 1724
12391637 79
12391637 87
12391649 51
12391679 1
12391747 65
12391747 93
12391751 1
12391811 1
12391831 8
12391831 1628
12391999 665
12392011 21
12392057 24
12392071 69
12392111 1
12392111 1900
12392131 20
12392137 3
12392173 11
12392227 8
12392243 13
12392249 279
12392273 12
12392273 9211
12392293 15
12392293 4191
12392311 21
12392339 1
12392339 216
12392383 101
12392459 1
12392459 900
12392519 1
12392573 1432
12392581 123
12392621 48
12392629 155
12392671 5
12392719 20
12392719 2141
12392741 43
12392741 1216
12392759 4
12392759 249
12392827 17
12392843 1
12392843 1036
12392851 20
12392911 24
12392981 220
12393001 123
12393131 105
12393163 5
12393197 355
12393197 2647
12393203 1
12393229 84
12393299 1
12393317 3
12393371 1
12393371 6681
12393421 3
12393427 5
12393443 481
12393461 63
12393463 1001
12393499 5
12393523 132
12393581 4
12393617 355
12393653 3
12393659 76
12393673 396
12393677 4
12393851 1
12393859 312
12394007 4389
12394021 3
12394021 539
12394027 4080
12394211 28
12394211 6624
12394219 5
12394331 1
12394367 112
12394391 1
12394457 1179
12394663 5
12394663 1773
12394777 3
12394777 675
12394807 24
12394817 112
12394849 71
12394873 2387
12394883 1
12394937 28
12394961 43
12394969 311
12394979 1
12395077 3
12395099 144
12395147 4
12395147 48
12395147 232
12395189 39
12395233 1671
12395281 56
12395287 8
12395323 5
12395417 12
12395477 19
12395519 117
12395561 823
12395569 6900
12395707 233
12395717 204
12395759 24
12395837 3
12395837 15
12395891 1
12395917 7055
12395983 8
12395989 15
12396047 13
12396101 876
12396173 3736
12396217 4584
12396239 301
12396259 8657
12396361 356
12396401 304
12396467 2224
12396557 160
12396589 60
12396623 1
12396677 19
12396763 537
12396773 3
12396779 25
12396863 2821
12396959 1
12396997 2319
12397027 345
12397037 3
12397057 15
12397093 20
12397159 6632
12397171 96
12397243 1440
12397309 119
12397351 449
12397397 55
12397397 5652
12397547 12
12397591 3161
12397639 1112
12397691 1
12397691 144
12397711 5
12397739 1
12397753 1232
12397817 4
12397859 4
12397873 3
12397883 13
12397909 407
12397933 1571
12397933 8655
12397969 80
12397969 95
12397991 1381
12398033 3
12398033 7
12398033 67
12398063 1
12398179 12
12398231 328
12398299 4749
12398369 2359
12398369 2676
12398381 15
12398381 196
12398381 8143
12398413 3
12398429 1596
12398483 108
12398509 7287
12398693 7
12398717 3
12398753 688
12398779 540
12398803 593
12398833 4551
12398833 8063
12398843 1
12398879 9
12398941 360
12398987 757
12399011 4
12399011 120
12399031 93
12399073 795
12399089 112
12399089 1159
12399113 51
12399119 1
12399157 1055
12399193 3
12399271 2361
12399347 144
12399383 12
12399427 12
12399451 1656
12399463 5
12399547 5
12399577 107
12399577 9627
12399643 8
12399643 80
12399643 6408
12399677 67
12399923 16
12399923 25
12399931 5
12399983 1
12399991 8
12400001 603
12400009 399
12400043 25
12400049 4
12400097 387
12400109 492
12400303 65
12400303 5325
12400379 237
12400387 1728
12400489 44
12400517 612
12400547 13
12400669 11
12400699 369
12400757 24
12400793 6036
12400847 25
12400889 31
12400981 1215
12401027 37
12401027 448
12401087 49
12401093 355
12401101 9528
12401153 1567
12401251 105
12401251 429
12401267 508
12401317 2064
12401429 619
12401489 3132
12401497 59
12401507 813
12401537 487
12401563 68
12401579 1
12401713 8
12401713 11
12401713 63
12401723 1
12401729 19
12401731 2813
12401743 2532
12401791 321
12401819 12
12401833 23
12401861 3
12401867 220
12401933 76
12401969 55
12401989 12
12402059 24
12402151 36
12402157 1788
12402157 2348
12402167 4
12402191 1
12402191 2065
12402251 1
12402251 261
12402281 3
12402293 15
12402431 1
12402547 5
12402569 51
12402613 4716
12402653 9516
12402713 67
12402739 3036
12402743 5232
12402751 81
12402751 1061
12402799 164
12402853 2967
12402893 3
12402893 87
12402917 2055
12402941 4540
12402961 24
12402997 27
12403019 12
12403031 4
12403169 51
12403189 3179
12403283 312
12403459 5
12403481 1143
12403541 1231
12403571 1
12403571 256
12403661 28
12403669 8312
12403691 780
12403691 9673
12403697 192
12403733 4212
12403753 3
12403753 7655
12403763 1
12403837 59
12403837 852
12403849 3056
12403871 7189
12403879 4704
12403883 16
12403889 4
12403939 32
12403957 15
12403957 119
12404053 75
12404089 159
12404089 5771
12404149 672
12404149 6944
12404191 8
12404201 19
12404269 380
12404299 305
12404311 5
12404311 2301
12404333 28
12404369 232
12404387 612
12404401 143
12404417 2535
12404419 5
12404419 129
12404419 3080
12404437 20
12404437 35
12404437 167
12404531 121
12404653 8
12404653 4691
12404677 3
12404729 4
12404729 1176
12404767 1304
12404807 525
12404999 21
12404999 417
12405013 3
12405013 7467
12405023 1
12405023 60
12405031 176
12405137 12
12405187 24
12405269 15
12405269 276
12405277 47
12405299 1177
12405299 4909
12405331 5
12405331 309
12405343 5
12405403 321
12405521 43
12405571 7016
12405577 32
12405587 9252
12405637 99
12405637 768
12405667 9
12405709 207
12405709 2112
12405751 20
12405817 3
12405817 899
12405893 7275
12405919 20
12405919 21
12406013 7
12406027 308
12406057 3
12406129 11
12406129 320
12406139 4
12406151 1
12406151 940
12406217 4
12406217 208
12406307 4
12406357 452
12406421 3
12406441 11
12406463 13
12406463 4900
12406501 3
12406531 33
12406621 111
12406631 1
12406633 12
12406673 3
12406711 41
12406711 3485
12406759 12
12406799 8536
12406813 2880
12406819 45
12406843 240
12406847 928
12406883 468
12406897 3
12406897 23
12406967 2184
12407077 9915
12407117 1204
12407159 1
12407159 9
12407243 1
12407309 1740
12407359 281
12407383 480
12407393 4452
12407411 121
12407453 6667
12407573 7
12407581 3
12407609 39
12407611 80
12407699 16
12407701 11
12407701 144
12407761 36
12407767 5069
12407831 4
12407861 3
12407959 1880
12407981 3
12407999 156
12408013 420
12408013 2015
12408073 36
12408127 45
12408161 16
12408223 17
12408239 1
12408239 372
12408269 7
12408269 1195
12408379 621
12408379 2109
12408499 36
12408509 12
12408533 508
12408551 1
12408581 259
12408581 4371
12408659 1
12408659 36
12408659 1561
12408659 3865
12408853 35
12408899 1
12408923 1
12408971 160
12408971 1045
12408973 3
12409139 1
12409139 4
12409141 3
12409249 12
12409277 163
12409333 2088
12409349 3319
12409357 6992
12409373 40
12409391 9
12409561 3
12409571 768
12409619 1
12409637 48
12409687 5
12409687 432
12409693 3
12409693 8
12409693 120
12409697 3
12409729 5072
12409801 7140
12409841 28
12409913 256
12409919 4
12409939 357
12409939 3405
12409979 1
12409979 9
12409987 1512
12409997 60
12409997 1632
12410039 172
12410129 3711
12410141 3
12410141 76
12410143 501
12410159 841
12410227 2924
12410291 13
12410291 85
12410353 456
12410369 19
12410371 5
12410393 16
12410407 17
12410441 4
12410443 20
12410449 44
12410507 8925
12410551 2180
12410557 347
12410641 3
12410683 12
12410687 2893
12410687 3208
12410759 4
12410837 43
12410911 1733
12410917 935
12411017 1119
12411023 1
12411029 76
12411029 91
12411059 25
12411083 1
12411221 4
12411341 3
12411349 20
12411359 1
12411367 9
12411403 7505
12411407 2008
12411433 3
12411433 156
12411491 1
12411521 151
12411523 21
12411599 1
12411647 52
12411689 111
12411689 816
12411799 9
12411863 400
12411947 13
12411947 777
12412021 8
12412031 2116
12412129 32
12412129 275
12412151 13
12412199 1
12412271 1
12412313 52
12412451 1
12412511 1
12412511 13
12412583 1
12412583 28
12412753 23
12412753 32
12412781 3
12412787 324
12412837 2964
12412879 96
12412913 3
12412921 11
12412949 4
12412987 69
12412997 4
12413207 2760
12413209 116
12413239 432
12413273 2631
12413321 4
12413411 8265
12413483 2293
12413521 384
12413551 5
12413579 4
12413633 1227
12413641 140
12413641 5120
12413651 1
12413789 175
12413831 4
12413909 7
12413957 1635
12414019 24
12414019 3380
12414113 3312
12414191 4380
12414371 25
12414371 529
12414379 3857
12414383 1
12414443 153
12414443 1305
12414469 84
12414517 203
12414517 303
12414527 13
12414527 460
12414643 377
12414757 83
12414799 24
12414827 69
12414881 19
12414887 217
12414893 15
12414949 12
12414953 2412
12414953 8580
12414959 145
12414959 1509
12415031 1
12415099 65
12415099 261
12415099 1281
12415121 636
12415177 3
12415199 52
12415211 1
12415217 3
12415231 4464
12415267 4553
12415343 28
12415357 12
12415369 11
12415373 7
12415421 3
12415421 88
12415421 1771
12415439 4
12415439 156
12415577 27
12415679 805
12415681 3
12415801 20
12415807 5313
12415813 3
12415847 25
12415847 97
12415847 933
12415859 4564
12415867 924
12415867 2733
12415957 308
12415969 495
12415993 156
12416003 1
12416077 2123
12416083 273
12416119 6905
12416191 96
12416191 141
12416279 1
12416279 225
12416281 296
12416281 315
12416323 1368
12416357 4
12416401 3
12416431 4529
12416449 815
12416531 1
12416533 516
12416549 132
12416603 1276
12416623 32
12416639 1
12416683 5
12416759 1
12416759 69
12416759 1180
12416773 12
12416791 1505
12416869 39
12416897 28
12416923 740
12416947 5
12416947 57
12417001 1556
12417059 1
12417061 251
12417313 131
12417323 1
12417323 28
12417397 2147
12417413 748
12417437 3
12417527 4497
12417551 5265
12417563 28
12417719 1
12417791 1
12417791 4
12417833 751
12417851 13
12417913 3
12417913 368
12417913 5615
12418019 1
12418067 4
12418067 73
12418069 12
12418117 308
12418163 1105
12418193 360
12418277 3
12418277 1695
12418291 8
12418331 1
12418451 25
12418499 4
12418501 56
12418513 51
12418537 3
12418673 43
12418739 84
12418753 987
12418811 1
12418849 24
12418877 84
12418877 1039
12418897 27
12418921 4844
12418927 1557
12418937 579
12418961 16
12418999 1905
12419009 4
12419063 1
12419153 3928
12419243 1
12419291 13
12419317 4092
12419399 1
12419399 124
12419501 168
12419591 1
12419633 3591
12419657 19
12419713 456
12419779 9
12419837 2163
12419881 35
12419881 231
12419899 149
12419929 119
12419951 141
12419971 729
12419983 140
12419983 288
12419983 408
12420029 652
12420097 3
12420139 1436
12420139 2037
12420227 100
12420229 1379
12420263 1
12420311 4
12420329 4
12420371 1
12420469 80
12420487 2540
12420511 8253
12420599 3297
12420607 12
12420607 53
12420703 260
12420719 4
12420757 7215
12420769 372
12420781 3296
12420791 376
12420887 48
12420923 1
12420973 1655
12421039 9
12421039 44
12421061 3091
12421099 5
12421187 13
12421399 360
12421399 7856
12421427 673
12421501 720
12421537 8
12421621 39
12421631 1
12421631 6384
12421691 1248
12421691 9900
12421837 47
12421837 8544
12421859 97
12421861 803
12421933 2327
12421987 2972
12422051 1
12422083 41
12422083 81
12422083 4641
12422119 152
12422119 1281
12422149 147
12422209 60
12422281 3
12422287 860
12422363 1
12422407 17
12422453 75
12422453 76
12422453 211
12422471 1
12422603 1
12422603 3928
12422647 20
12422647 9368
12422651 4
12422687 25
12422687 64
12422687 3285
12422777 3
12422777 6724
12422797 104
12422797 324
12422953 3
12422989 1160
12423071 24
12423097 8
12423113 135
12423161 36
12423161 256
12423347 49
12423361 8
12423373 3
12423407 4
12423409 95
12423563 1
12423577 3
12423623 1
12423623 93
12423667 117
12423731 1
12423751 2396
12423781 6635
12423799 6981
12423833 28
12423907 272
12423973 6888
12424019 1
12424031 1
12424037 1600
12424057 48
12424063 8
12424073 312
12424103 8368
12424123 1512
12424327 5
12424343 1
12424471 24
12424507 57
12424523 520
12424543 348
12424561 360
12424627 8
12424627 33
12424649 4471
12424661 136
12424777 7739
12424799 1
12424849 411
12424849 2247
12424849 3635
12424877 27
12424901 1116
12424931 1
12424931 645
12425027 24
12425053 15
12425143 608
12425227 272
12425243 2236
12425269 11
12425269 555
12425269 5915
12425293 3
12425339 117
12425393 7
12425393 487
12425423 112
12425443 1821
12425471 156
12425473 8
12425473 68
12425573 3
12425573 2191
12425663 1
12425711 1
12425771 1
12425873 3612
12425873 5128
12425893 2895
12425951 1
12426119 1
12426137 3852
12426143 13
12426223 12
12426223 1341
12426313 371
12426313 528
12426341 3
12426409 60
12426517 3
12426619 9
12426671 2601
12426793 11
12426793 5123
12426833 3663
12426839 1
12426851 780
12426901 8
12426901 36
12426907 464
12426943 12
12426991 5096
12427027 8
12427057 264
12427073 67
12427091 244
12427117 3
12427139 9
12427171 5
12427213 200
12427231 204
12427307 169
12427367 69
12427487 148
12427511 4
12427603 297
12427607 4380
12427687 300
12427711 969
12427759 357
12427847 1077
12427847 3604
12427861 75
12427873 11
12427991 1
12428113 32
12428237 303
12428243 1
12428243 76
12428279 37
12428287 5
12428321 5451
12428321 6643
12428329 12
12428467 53
12428519 1
12428609 16
12428609 84
12428657 124
12428693 3
12428711 1
12428711 4
12428723 1
12428729 76
12428771 1
12428803 105
12429121 1856
12429121 4023
12429127 6252
12429143 21
12429143 61
12429143 9877
12429247 17
12429257 19
12429257 723
12429383 1
12429457 92
12429503 1
12429503 52
12429511 1820
12429551 1
12429551 88
12429563 1
12429587 13
12429607 29
12429691 8
12429751 320
12429841 1739
12429863 28
12429889 5015
12429947 1929
12430073 3
12430079 1
12430181 1099
12430207 5
12430211 520
12430267 6365
12430303 80
12430331 1
12430343 1
12430489 39
12430489 480
12430507 6500
12430549 4947
12430559 4
12430669 87
12430681 11
12430703 1
12430793 411
12430801 20
12430849 716
12431071 9
12431071 60
12431117 495
12431197 195
12431197 848
12431317 20
12431411 160
12431479 5
12431533 3
12431533 56
12431557 35
12431561 235
12431563 452
12431597 12
12431701 3
12431701 8
12431701 675
12431711 7108
12431803 96
12431821 44
12431843 73
12431927 1389
12431941 576
12431957 12
12431977 407
12431977 615
12432011 1
12432011 9
12432071 1
12432089 496
12432179 4
12432187 20
12432221 91
12432221 264
12432257 3
12432379 77
12432521 3
12432523 77
12432523 665
12432569 4
12432689 55
12432701 348
12432713 3
12432731 1776
12432839 9
12432853 791
12432883 317
12432907 57
12432929 699
12432961 3
12432971 1
12432971 21
12433021 3
12433037 15
12433093 15
12433243 65
12433283 772
12433319 21
12433331 1
12433349 2992
12433381 284
12433397 4
12433423 897
12433481 1648
12433541 4
12433571 24
12433741 15
12433763 1
12433769 111
12433769 6819
12433789 11
12433831 8
12433903 20
12433903 77
12433937 3
12433937 108
12433951 113
12434003 1
12434039 1
12434039 4
12434143 4272
12434167 5
12434207 613
12434207 4972
12434231 1
12434351 1
12434351 9
12434447 37
12434501 99
12434507 3072
12434509 20
12434659 189
12434711 4
12434711 220
12434753 6492
12434777 3
12434777 7
12434777 168
12434839 9
12434843 1
12434887 33
12435043 60
12435053 67
12435089 15
12435121 1863
12435179 57
12435187 69
12435271 2960
12435343 680
12435349 1116
12435383 216
12435419 9
12435431 1
12435463 8
12435541 8
12435559 12
12435629 27
12435629 3667
12435739 5
12435859 797
12435889 87
12435923 1693
12435971 1
12435977 39
12436007 45
12436043 1
12436103 96
12436121 3
12436183 8
12436321 35
12436321 3756
12436349 7
12436351 5
12436351 2268
12436561 2523
12436597 1200
12436603 8
12436709 76
12436751 988
12436763 40
12436763 52
12436829 12
12436867 452
12436873 20
12436873 723
12436883 985
12437021 496
12437441 4
12437459 1
12437471 1
12437471 45
12437639 124
12437651 1
12437651 156
12437891 9
12437969 4
12438061 5684
12438079 3240
12438089 8476
12438121 3
12438197 232
12438197 868
12438227 604
12438247 377
12438269 16
12438269 19
12438289 35
12438301 11
12438301 111
12438421 339
12438451 5
12438473 7
12438479 85
12438487 465
12438497 88
12438599 1000
12438631 2249
12438659 1
12438683 1
12438683 21
12438859 5
12438871 264
12438887 12
12439003 53
12439123 1076
12439139 232
12439187 549
12439199 12
12439331 16
12439331 3301
12439351 4676
12439369 9351
12439381 164
12439387 9
12439409 9336
12439417 24
12439417 219
12439439 1
12439447 1725
12439519 260
12439591 48
12439621 564
12439627 57
12439627 60
12439633 20
12439633 108
12439643 1
12439673 1603
12439783 5
12439783 197
12440017 3
12440173 1680
12440191 8
12440221 3
12440273 3
12440293 27
12440411 49
12440453 2380
12440471 1
12440513 312
12440537 112
12440537 2935
12440557 23
12440567 37
12440567 3165
12440663 33
12440693 1156
12440741 3
12440809 380
12440819 1
12440819 16
12440819 24
12440851 9
12440863 140
12440873 3
12440899 44
12440899 189
12440993 3
12441001 3
12441017 75
12441089 12
12441179 1
12441179 16
12441239 316
12441311 4
12441311 25
12441383 4113
12441419 1
12441421 8
12441497 348
12441607 9
12441607 957
12441629 3564
12441727 3885
12441763 68
12441763 4268
12441787 848
12441893 3
12441937 108
12441991 308
12442019 24
12442043 1
12442051 213
12442051 281
12442051 345
12442153 363
12442201 3
12442223 112
12442237 27
12442273 7211
12442301 3
12442343 1
12442349 5907
12442411 149
12442427 100
12442513 800
12442531 476
12442553 3
12442601 79
12442601 84
12442649 24
12442741 23
12442817 3
12442817 7
12442847 4
12442883 1
12442933 3
12442933 15
12442939 5
12442993 3
12442999 32
12443089 12
12443191 5
12443191 341
12443231 453
12443339 9
12443341 51
12443477 343
12443591 1
12443611 69
12443687 3193
12443731 1545
12443789 15
12443819 60
12443863 81
12443953 596
12443999 1
12443999 1036
12444023 88
12444037 39
12444037 492
12444041 148
12444077 4
12444163 213
12444239 84
12444239 472
12444251 1
12444283 585
12444437 19
12444511 164
12444521 4
12444539 6477
12444571 21
12444611 1
12444713 487
12444787 272
12444823 20
12444881 1471
12444893 2752
12445009 660
12445033 296
12445067 133
12445091 1
12445157 3
12445267 60
12445267 120
12445289 5367
12445331 61
12445441 8
12445469 4752
12445471 1241
12445529 4
12445549 12
12445651 540
12445679 9
12445711 173
12445723 5
12445723 2496
12445781 4
12445871 1
12445889 39
12445913 12
12445913 400
12446081 19
12446101 336
12446173 15
12446293 2060
12446321 31
12446353 696
12446443 1172
12446683 228
12446723 16
12446723 7092
12446807 13
12446851 2585
12446893 3
12446999 12
12447007 173
12447023 61
12447031 321
12447041 39
12447047 4
12447107 4
12447121 8
12447187 1248
12447199 141
12447199 6660
12447343 5
12447371 1
12447371 8349
12447377 4
12447377 2020
12447469 4395
12447499 4884
12447517 15
12447529 159
12447557 3
12447571 1448
12447667 8
12447713 3
12447727 7848
12447731 5064
12447767 105
12447767 7965
12447781 140
12447817 3
12447881 495
12447937 3
12447977 3
12448031 1
12448031 1708
12448151 1
12448171 20
12448171 68
12448181 63
12448213 9728
12448441 8
12448559 285
12448571 1
12448571 2433
12448609 111
12448621 128
12448633 8
12448633 92
12448633 3740
12448673 127
12448673 3115
12448679 1
12448739 9
12448759 7685
12448771 9
12448771 125
12448837 3
12448873 3743
12449029 15
12449081 100
12449089 20
12449249 4
12449293 3
12449399 25
12449441 24
12449441 1219
12449443 20
12449449 684
12449573 12
12449603 1
12449707 8
12449737 104
12449737 360
12449837 720
12449861 3883
12449887 32
12449887 240
12449893 867
12449897 3295
12449977 6615
12449981 4
12449999 1
12449999 9
12449999 24
12450059 1
12450131 1
12450133 7140
12450197 12
12450247 452
12450419 1
12450419 841
12450433 1871
12450517 104
12450523 5
12450523 173
12450547 8
12450547 224
12450551 16
12450551 565
12450563 28
12450577 3
12450577 23
12450587 928
12450619 5
12450671 21
12450731 21
12450859 264
12450863 1
12450943 5
12451013 1383
12451051 2636
12451091 3028
12451097 1108
12451141 3
12451169 4
12451223 1
12451253 168
12451399 17
12451447 29
12451477 1403
12451591 140
12451597 2243
12451619 1
12451693 443
12451709 4
12451709 12
12451727 72
12451787 12
12451841 75
12451847 64
12451849 15
12451877 112
12451903 1385
12451919 1
12451931 1
12451931 7573
12452093 27
12452137 3
12452171 9
12452183 981
12452263 5
12452311 56
12452329 56
12452351 1
12452369 7
12452369 55
12452383 1256
12452383 7845
12452389 12
12452389 3476
12452399 4
12452431 5424
12452441 228
12452471 504
12452527 305
12452623 5
12452623 1037
12452663 12
12452663 40
12452681 3279
12452753 63
12452873 3
12452873 1531
12452897 4263
12452899 36
12452983 17
12453017 2307
12453031 5
12453079 41
12453157 2775
12453257 4
12453319 192
12453377 2155
12453523 6125
12453583 8
12453583 141
12453659 1
12453671 1
12453737 3244
12453757 39
12453757 1127
12453761 19
12453811 8
12453829 311
12453899 16
12453899 552
12454003 297
12454031 1
12454153 8
12454171 128
12454223 1
12454223 1905
12454249 39
12454249 60
12454249 7067
12454313 12
12454313 16
12454313 583
12454313 1260
12454373 15
12454381 668
12454381 2768
12454433 27
12454439 1
12454573 11
12454573 5696
12454619 1
12454691 1
12454691 25
12454691 2868
12454733 8215
12454853 3
12454867 188
12454943 172
12454961 463
12455039 1
12455039 105
12455057 12
12455111 9
12455129 39
12455129 4036
12455189 4
12455293 5087
12455389 15
12455419 21
12455449 12
12455473 32
12455473 3495
12455497 272
12455591 4
12455633 2251
12455711 1
12455731 1388
12455741 2811
12455753 3
12455783 1
12455783 4756
12455837 28
12455837 519
12455899 4020
12455921 4
12455957 8979
12455969 1440
12455969 2311
12455981 3780
12456011 1
12456131 1
12456163 773
12456253 9363
12456281 36
12456281 511
12456319 149
12456337 3
12456361 15
12456371 201
12456407 1044
12456487 53
12456491 1
12456491 4633
12456527 292
12456581 2748
12456649 1200
12456671 609
12456671 901
12456677 39
12456683 21
12456751 41
12456751 1848
12456791 1
12456817 423
12456929 31
12456943 32
12456991 5
12457043 105
12457051 3081
12457061 471
12457301 1308
12457307 25
12457409 12
12457429 116
12457457 1140
12457499 52
12457519 2300
12457537 68
12457591 5
12457591 2844
12457619 1
12457633 3
12457633 20
12457681 8
12457777 44
12457777 192
12457813 15
12457817 532
12457967 4
12457967 129
12457981 3
12457981 8
12457981 36
12458119 129
12458183 360
12458207 7108
12458227 24
12458239 144
12458273 288
12458273 1455
12458279 4
12458279 12
12458317 555
12458323 53
12458359 9
12458393 28
12458443 5
12458483 13
12458521 68
12458527 528
12458561 8775
12458597 12
12458651 69
12458651 6028
12458687 48
12458779 476
12458779 1904
12458839 5
12458839 20
12458861 3
12458903 1
12458959 344
12459061 3
12459143 1
12459163 320
12459197 15
12459407 24
12459431 1
12459437 3
12459439 237
12459439 4157
12459467 9
12459479 100
12459481 8
12459563 45
12459581 4
12459673 176
12459731 525
12459749 2584
12459751 44
12459757 59
12459817 587
12459869 39
12459947 4
12459949 24
12459949 504
12459961 1148
12460079 1092
12460079 1609
12460081 3
12460121 3
12460159 5
12460163 1
12460213 3
12460241 4
12460241 103
12460271 1
12460277 4
12460313 7
12460391 1
12460463 1
12460489 36
12460493 3
12460681 675
12460753 351
12460759 41
12460759 789
12460967 328
12460967 720
12460999 21
12461081 75
12461123 525
12461191 5
12461209 111
12461243 1
12461243 3876
12461257 3
12461257 23
12461261 36
12461453 451
12461461 320
12461467 12
12461483 1
12461509 11
12461509 219
12461593 108
12461593 8676
12461599 45
12461651 828
12461689 39
12461693 3
12461749 8111
12461759 7261
12461773 11
12461797 8
12461797 272
12461831 1
12461831 2385
12461957 3
12461971 5
12462001 3
12462017 4
12462089 5796
12462137 4339
12462179 1
12462277 23
12462283 176
12462311 1
12462337 3
12462391 1440
12462413 2943
12462419 21
12462433 32
12462577 939
12462607 5
12462763 8
12462823 8
12462839 1872
12462913 131
12462949 275
12462977 4
12462979 2432
12463067 13
12463151 1
12463151 4
12463181 19
12463207 53
12463313 160
12463331 1
12463453 11
12463453 440
12463543 8
12463579 272
12463621 35
12463673 672
12463673 1272
12463739 229
12463741 135
12463799 2796
12463813 87
12463897 3
12463921 60
12464003 376
12464119 5
12464189 7
12464261 4
12464261 148
12464293 3
12464303 60
12464377 3
12464411 1
12464429 5767
12464483 12
12464561 63
12464563 201
12464731 65
12464737 2379
12464789 1015
12464891 9373
12464897 3
12464971 56
12464971 744
12465067 552
12465077 28
12465077 1779
12465119 105
12465133 1575
12465239 9
12465253 11
12465253 83
12465253 516
12465307 53
12465419 1
12465419 120
12465419 1044
12465421 20
12465443 61
12465703 185
12465757 12
12465757 32
12465773 3
12465797 60
12465833 6811
12465847 9
12465847 57
12465989 240
12465989 432
12466037 4
12466043 93
12466067 4
12466163 48
12466211 45
12466241 3
12466241 120
12466297 12
12466381 71
12466427 144
12466511 1
12466579 1604
12466591 8
12466633 3
12466673 1735
12466687 9
12466691 1
12466693 2276
12466841 156
12466859 40
12466879 549
12466913 15
12467011 9
12467011 2028
12467027 28
12467107 2120
12467297 1972
12467459 1449
12467479 677
12467639 1
12467639 4
12467657 3
12467809 1452
12467827 1017
12467837 15
12467843 888
12468007 57
12468119 549
12468143 1245
12468163 65
12468319 249
12468341 1555
12468367 260
12468373 851
12468431 25
12468563 1
12468613 348
12468613 6251
12468689 84
12468739 21
12468773 667
12468779 1
12468791 156
12468823 12
12468847 4580
12468877 12
12468941 168
12468943 21
12468943 561
12469129 20
12469199 1
12469307 7380
12469309 387
12469397 583
12469417 35
12469417 1904
12469423 20
12469573 3
12469621 11
12469637 3
12469637 28
12469637 132
12469727 4
12469727 9
12469733 96
12469771 209
12469799 1
12469813 8060
12469861 144
12469883 3993
12469907 1329
12470113 12
12470243 28
12470267 1692
12470267 4744
12470279 45
12470323 2888
12470351 1
12470407 7833
12470407 8117
12470603 1
12470617 95
12470677 27
12470693 16
12470723 1
12470729 760
12470749 51
12470803 56
12470881 531
12470881 8076
12470891 1
12471103 21
12471227 49
12471233 1000
12471287 88
12471299 4
12471299 3409
12471317 7
12471367 5
12471373 467
12471533 75
12471559 2684
12471601 71
12471689 7
12471799 32
12471883 6872
12471917 7788
12471929 456
12471959 76
12471959 840
12472051 4460
12472091 1813
12472127 4
12472153 452
12472171 8
12472259 1
12472277 40
12472297 87
12472301 3
12472301 1611
12472381 11
12472391 1
12472391 2913
12472393 3
12472403 1
12472403 5377
12472483 312
12472513 12
12472547 1488
12472567 269
12472619 724
12472627 1860
12472643 181
12472667 28
12472703 1
12472703 2461
12472931 1
12472931 4
12472931 1936
12472961 4
12472963 8
12472963 2217
12473077 95
12473141 55
12473147 9
12473159 2604
12473183 1
12473479 116
12473599 105
12473621 3
12473651 25
12473663 1
12473677 404
12473711 1
12473719 17
12473719 161
12473737 3
12473759 1
12473789 400
12473891 4
12473891 24
12473893 3
12473911 9
12473939 1660
12473939 3124
12474017 1383
12474023 1
12474041 120
12474041 3724
12474113 27
12474149 652
12474181 3
12474181 251
12474221 4
12474229 200
12474229 6956
12474251 381
12474347 537
12474359 1
12474359 9
12474367 12
12474367 20
12474383 1053
12474419 1
12474499 3132
12474559 5
12474559 1661
12474569 60
12474589 639
12474613 11
12474613 23
12474643 153
12474643 740
12474703 5
12474703 321
12474743 1
12474743 72
12474779 1
12474823 6780
12474851 1
12474877 63
12474877 1460
12474911 48
12474937 719
12474949 24
12475027 8
12475027 7028
12475103 12
12475181 243
12475213 920
12475247 177
12475247 852
12475283 1557
12475303 4116
12475319 84
12475321 11
12475387 425
12475417 224
12475471 2088
12475657 15
12475681 363
12475747 5
12475747 180
12475751 264
12475769 31
12475949 4
12475949 12
12475949 315
12475997 147
12476017 300
12476059 560
12476089 8571
12476251 845
12476279 792
12476323 5
12476371 624
12476441 43
12476449 2112
12476473 8
12476473 108
12476491 404
12476507 13
12476531 1
12476567 24
12476591 3316
12476753 16
12476777 4
12476777 64
12476777 2535
12476791 1196
12476897 40
12476927 957
12476987 84
12477007 152
12477011 1
12477041 6424
12477203 1
12477203 12
12477217 9347
12477259 12
12477299 4
12477301 3
12477323 220
12477329 39
12477349 7335
12477373 1451
12477373 3408
12477539 21
12477559 6065
12477637 8564
12477679 5
12477683 1
12477719 4
12477721 519
12477791 1
12477791 4
12477791 124
12477893 1212
12477919 7649
12477931 276
12477931 341
12477979 3521
12478001 4
12478009 47
12478009 1251
12478061 7371
12478133 27
12478133 576
12478157 3
12478157 43
12478283 1
12478283 13
12478363 56
12478387 132
12478387 8669
12478393 8348
12478457 7
12478507 45
12478513 15
12478519 609
12478681 3
12478699 1809
12478721 220
12478727 4
12478757 3
12478859 217
12478909 107
12478933 3
12478943 877
12478993 335
12479021 4
12479189 99
12479209 11
12479263 117
12479273 72
12479431 869
12479473 563
12479543 1
12479567 25
12479587 5
12479653 3
12479653 1440
12479759 357
12479783 1
12479791 44
12479809 56
12479849 12
12479851 8364
12479893 3
12479969 60
12479993 2476
12480043 93
12480049 207
12480049 1335
12480089 52
12480103 1980
12480107 460
12480217 120
12480437 400
12480509 171
12480577 3
12480617 15
12480617 88
12480757 9068
12480773 627
12480781 68
12480841 5459
12480889 39
12480901 80
12480989 4267
12481039 140
12481039 656
12481057 3168
12481169 4
12481201 8
12481219 420
12481237 2175
12481333 11
12481379 664
12481429 431
12481439 1
12481559 49
12481559 2437
12481619 136
12481619 457
12481633 795
12481673 40
12481673 712
12481771 1608
12481787 1857
12481823 1
12481873 791
12481891 6588
12481907 6549
12481957 3
12482009 180
12482023 165
12482039 1041
12482047 60
12482047 1908
12482059 1940
12482137 3
12482201 3
12482203 5
12482219 4
12482227 20
12482231 1
12482269 27
12482279 1
12482293 3
12482321 4
12482363 9621
12482381 60
12482381 3931
12482387 13
12482389 380
12482419 29
12482419 104
12482447 669
12482609 16
12482611 21
12482611 29
12482623 8
12482623 9165
12482671 3000
12482681 264
12482681 555
12482681 655
12482761 3
12482779 1065
12482831 1
12482831 1981
12482861 64
12482887 480
12482891 1
12482891 13
12482903 16
12482909 75
12483001 308
12483013 3
12483061 3
12483091 285
12483103 2993
12483127 993
12483169 1095
12483241 1023
12483293 16
12483293 103
12483313 56
12483337 119
12483403 5733
12483439 245
12483521 6579
12483599 97
12483629 36
12483683 25
12483707 5508
12483743 96
12483829 35
12483829 671
12483841 8
12483857 4
12483923 1
12483923 28
12483923 556
12483923 928
12483929 4
12483953 1707
12483959 97
12483983 1
12484027 5
12484027 213
12484033 3
12484091 1
12484211 4264
12484217 7
12484229 24
12484229 2031
12484253 12
12484259 1
12484259 24
12484267 5
12484271 1516
12484337 495
12484363 2321
12484457 4839
12484513 27
12484517 3
12484517 4
12484517 243
12484543 72
12484543 176
12484547 348
12484547 508
12484597 135
12484601 1095
12484727 13
12484739 796
12484739 5896
12484907 33
12484933 576
12484933 1476
12484949 2331
12485003 105
12485003 2905
12485323 2228
12485371 5
12485371 20
12485453 12
12485453 655
12485461 104
12485533 80
12485537 244
12485537 9772
12485587 2660
12485657 799
12485659 5
12485659 81
12485699 504
12485699 1596
12485731 360
12485797 827
12485813 240
12485813 772
12485843 28
12485873 4695
12485917 5459
12485927 48
12485927 4248
12486049 27
12486049 2895
12486083 648
12486091 329
12486121 44
12486191 1
12486239 4
12486239 9
12486283 5
12486283 41
12486301 711
12486319 36
12486343 17
12486371 4
12486377 67
12486389 271
12486403 156
12486709 24
12486737 4
12486751 5
12486763 17
12486811 153
12486827 69
12486863 21
12486889 2120
12486911 9
12486917 4
12486997 20
12487031 1
12487177 563
12487193 3
12487201 44
12487357 32
12487417 1320
12487421 28
12487483 8
12487507 5
12487543 645
12487619 1
12487757 1728
12487789 9476
12487819 5
12487819 12
12487831 189
12487861 4520
12487901 15
12487973 16
12488039 1
12488051 1
12488087 4
12488159 1
12488173 956
12488227 1172
12488279 1
12488327 592
12488369 7
12488369 1044
12488431 2181
12488479 497
12488521 1559
12488587 89
12488657 2127
12488689 131
12488711 1
12488711 49
12488797 3
12488797 947
12488803 201
12488831 1
12488831 48
12488831 76
12488851 156
12488857 560
12488921 4
12488941 3
12489083 1
12489097 1004
12489109 60
12489241 3
12489287 33
12489317 2115
12489359 1
12489359 4
12489371 28
12489427 24
12489443 1
12489443 13
12489467 100
12489473 3
12489487 33
12489511 209
12489523 141
12489523 2852
12489527 4
12489541 1776
12489541 4820
12489583 72
12489601 3
12489649 332
12489739 9
12489751 5
12489751 8
12489779 820
12489779 9385
12489863 1
12489899 25
12489929 4
12489929 40
12489941 43
12489991 209
12490031 1
12490043 16
12490091 85
12490099 5
12490273 71
12490273 432
12490273 1083
12490301 936
12490369 167
12490397 1504
12490433 3
12490433 348
12490447 5
12490447 12
12490459 69
12490463 1
12490483 60
12490487 37
12490507 5
12490523 52
12490523 156
12490537 39
12490559 1
12490823 1
12490823 868
12490921 4416
12490931 33
12490931 120
12490939 9
12490969 12
12490969 20
12491029 3620
12491071 729
12491177 15
12491201 2376
12491299 312
12491321 396
12491333 12
12491351 1
12491351 25
12491399 4
12491537 7
12491581 3
12491693 192
12491789 91
12491807 973
12491819 1
12491867 4
12491867 3304
12491879 36
12491879 265
12491971 1785
12492001 80
12492001 1023
12492043 96
12492131 1
12492131 600
12492241 248
12492257 4
12492281 4
12492281 15
12492281 2203
12492343 5
12492383 8073
12492409 104
12492419 2284
12492511 21
12492539 3636
12492583 12
12492583 21
12492583 45
12492679 8832
12492743 1
12492743 16
12492803 1812
12492811 8
12492853 92
12492853 255
12493049 4
12493049 1296
12493123 281
12493183 8741
12493189 71
12493259 1
12493259 4
12493303 1325
12493307 12
12493333 3
12493391 16
12493433 595
12493433 2107
12493447 1377
12493477 144
12493499 4
12493517 172
12493573 60
12493627 33
12493687 693
12493687 2309
12493711 36
12493739 576
12493919 4992
12493933 876
12493967 808
12494149 327
12494171 64
12494231 4
12494311 308
12494353 131
12494369 111
12494393 31
12494411 1
12494441 100
12494453 7
12494683 77
12494717 159
12494747 24
12494771 153
12494857 3
12494857 24
12494857 63
12494879 1756
12494893 3
12494921 3
12494941 936
12495019 77
12495053 51
12495059 60
12495059 8421
12495073 75
12495151 4704
12495253 972
12495269 3940
12495349 651
12495523 120
12495583 501
12495583 1725
12495599 2709
12495719 49
12495719 109
12495761 4
12495773 436
12495773 6271
12495779 1
12495841 20
12495851 381
12495971 1
12496051 1229
12496097 895
12496147 57
12496151 33
12496249 4652
12496261 8
12496321 1931
12496439 45
12496447 704
12496493 2976
12496529 4
12496591 401
12496621 4520
12496633 23
12496657 39
12496739 1041
12496763 85
12496867 140
12496871 1
12496871 49
12496903 153
12496949 12
12497053 155
12497053 2127
12497059 44
12497141 183
12497197 12
12497201 9379
12497293 71
12497323 8
12497327 69
12497339 1
12497369 40
12497369 2571
12497413 47
12497413 2595
12497417 4
12497449 1911
12497489 12
12497587 8
12497587 24
12497593 215
12497603 192
12497623 320
12497713 2088
12497713 7007
12497783 1
12497783 120
12497789 12
12497843 8797
12497861 183
12497909 19
12497951 1
12497951 8416
12498007 920
12498047 232
12498191 1
12498191 1029
12498221 2259
12498253 11
12498259 141
12498293 7
12498401 3
12498433 143
12498443 1
12498581 6400
12498701 3
12498701 40
12498719 16
12498763 353
12498793 3
12498877 3
12498907 44
12498923 37
12498929 79
12498929 496
12498929 9004
12498977 1560
12499027 24
12499037 43
12499057 3
12499057 8
12499079 1
12499079 181
12499079 2917
12499099 320
12499099 3332
12499121 48
12499187 205
12499187 6153
12499211 1
12499211 21
12499211 33
12499271 1
12499339 24
12499379 1705
12499439 1
12499439 7324
12499441 48
12499447 1032
12499481 40
12499523 1
12499523 936
12499589 5527
12499631 1
12499651 89
12499691 16
12499813 3
12499867 48
12499871 184
12499873 15
12499873 1460
12499901 96
12499909 420
12499919 4
