21000041 19
21000059 100
21000097 75
21000097 4079
21000143 7417
21000191 1
21000193 791
21000251 1
21000407 9405
21000461 16
21000461 628
21000509 4
21000509 199
21000527 9
21000599 1
21000599 5524
21000601 3
21000607 12
21000613 12
21000677 3
21000677 4
21000731 1696
21000739 9884
21000803 3076
21000823 12
21000827 748
21000977 39
21000977 135
21001021 3468
21001033 15
21001049 15
21001187 5980
21001247 7405
21001319 4797
21001411 5
21001417 3
21001447 272
21001493 223
21001559 1
21001657 108
21001703 1
21001823 12
21001823 181
21001837 440
21001889 1176
21001979 8817
21001991 9
21002039 997
21002039 6261
21002269 60
21002329 320
21002357 3
21002357 4
21002431 65
21002431 749
21002479 501
21002503 128
21002549 16
21002563 1068
21002587 9
21002591 4
21002591 25
21002623 8
21002651 1
21002677 1503
21002689 11
21002689 1124
21002711 1
21002743 5
21002747 492
21002789 4
21002797 47
21002881 84
21002897 24
21002911 44
21002921 844
21002929 1127
21002929 1755
21002957 4
21002957 7
21002977 3000
21002981 4444
21002983 8
21002983 333
21003053 2008
21003079 680
21003259 2580
21003271 81
21003271 708
21003299 7816
21003331 3264
21003343 56
21003373 1128
21003413 255
21003427 9
21003431 180
21003431 261
21003491 648
21003547 164
21003659 1
21003673 11
21003673 27
21003677 7
21003707 4
21003707 7149
21003713 51
21003751 3360
21003781 455
21003781 536
21003883 348
21004117 1239
21004117 6180
21004117 9464
21004211 3568
21004273 12
21004309 372
21004331 1044
21004447 20
21004447 32
21004549 35
21004549 59
21004603 60
21004609 24
21004619 9
21004663 7277
21004691 88
21004799 4
21004799 45
21004811 28
21004811 505
21004811 9288
21004829 1231
21004847 4
21004897 63
21004909 7727
21004931 13
21004981 3
21004999 5
21005009 40
21005029 47
21005029 56
21005057 1035
21005057 1539
21005057 2403
21005087 12
21005111 1
21005177 52
21005219 1
21005227 53
21005227 305
21005293 12
21005311 48
21005423 288
21005441 5368
21005477 24
21005561 220
21005623 657
21005753 436
21005767 3897
21005807 805
21005813 7
21005987 4
21006017 3
21006053 292
21006053 1167
21006071 1
21006091 828
21006091 1829
21006103 20
21006103 5712
21006109 111
21006113 807
21006119 1
21006119 4
21006119 36
21006151 41
21006157 8523
21006163 1125
21006217 35
21006233 12
21006233 195
21006247 9
21006311 616
21006329 379
21006431 1
21006547 437
21006563 4561
21006593 267
21006673 11
21006703 56
21006731 513
21006779 12
21006893 3
21006893 343
21006899 1
21006941 388
21006959 105
21006977 7
21007067 828
21007111 20
21007153 3
21007183 60
21007183 5376
21007213 11
21007213 32
21007253 27
21007253 1756
21007289 52
21007289 484
21007319 1341
21007439 1
21007523 1
21007583 57
21007639 29
21007691 1
21007741 3
21007751 7893
21007781 183
21007849 3611
21007871 3888
21007891 104
21007967 12
21008011 5709
21008203 168
21008237 4
21008237 87
21008279 9336
21008371 5
21008371 225
21008419 180
21008497 27
21008503 3921
21008573 3
21008627 688
21008773 8
21008849 135
21008893 51
21008893 3428
21008941 11
21009091 5
21009151 1424
21009277 8
21009353 40
21009353 72
21009389 6499
21009491 384
21009577 107
21009581 19
21009581 40
21009629 7
21009683 265
21009689 847
21009689 4599
21009691 3869
21009701 31
21009719 5304
21009731 4
21009731 2181
21009743 1
21009749 60
21009827 24
21009973 416
21009983 6292
21010013 76
21010111 156
21010153 503
21010193 112
21010337 6643
21010403 28
21010427 9
21010519 957
21010547 25
21010567 189
21010567 204
21010673 87
21010679 1
21010679 9
21010699 24
21010733 892
21010859 36
21010909 44
21010921 8
21010987 228
21011009 4
21011033 12
21011033 883
21011141 751
21011173 4488
21011183 1
21011183 33
21011239 152
21011327 2137
21011411 1
21011411 4
21011509 12
21011513 183
21011519 1
21011519 201
21011519 205
21011537 72
21011537 5935
21011539 24
21011621 76
21011621 271
21011713 231
21011741 3
21011791 5660
21011843 141
21011869 1391
21011951 1
21012053 31
21012137 55
21012227 1272
21012241 8
21012281 3
21012281 2824
21012301 4524
21012349 807
21012349 1215
21012359 40
21012371 1
21012401 3
21012419 1
21012419 4
21012517 2372
21012533 3
21012569 7
21012583 8768
21012599 1
21012599 49
21012653 127
21012661 36
21012737 12
21012773 208
21012821 15
21012851 1
21012883 656
21012889 36
21012997 3
21013061 3
21013073 3
21013159 29
21013273 1076
21013301 4
21013379 1
21013397 15
21013423 912
21013529 384
21013631 1
21013631 1648
21013633 5616
21013787 1372
21013787 1809
21013823 148
21013847 1708
21013871 1
21013873 3
21013907 4
21013931 1
21013931 9
21013931 280
21013991 1305
21014069 147
21014093 7
21014239 36
21014239 96
21014297 12
21014333 372
21014351 9
21014351 216
21014381 243
21014453 760
21014657 7
21014701 111
21014753 12
21014813 28
21014849 24
21014933 27
21014963 1
21014963 33
21014989 72
21015013 452
21015017 3
21015023 1
21015067 48
21015161 3
21015161 79
21015301 3
21015403 5
21015437 219
21015461 3
21015461 244
21015563 1
21015563 261
21015563 972
21015569 252
21015581 19
21015671 633
21015679 101
21015679 569
21015679 3269
21015773 51
21015803 1
21015809 156
21015829 11
21015857 3
21015871 741
21015947 85
21015971 24
21016007 1293
21016007 1473
21016013 3
21016013 15
21016027 12
21016031 4401
21016049 19
21016187 457
21016217 4
21016397 4
21016397 67
21016397 103
21016441 228
21016469 4
21016609 1800
21016651 644
21016663 1197
21016739 1
21016763 7297
21016817 919
21016903 33
21016949 424
21017027 229
21017063 1
21017099 1
21017099 61
21017107 9
21017107 180
21017107 1080
21017233 111
21017273 87
21017303 33
21017327 4
21017351 1
21017537 39
21017657 208
21017671 1428
21017761 3
21017761 8
21017861 88
21017881 1599
21017897 612
21018043 2597
21018073 71
21018079 17
21018097 39
21018133 3
21018149 6235
21018227 9
21018227 3169
21018229 5504
21018323 1
21018323 2212
21018469 11
21018523 8
21018551 1869
21018667 353
21018733 9408
21018761 931
21018799 2564
21018821 3
21018839 1
21018859 1329
21018947 472
21019127 9673
21019129 1727
21019151 1
21019177 8
21019231 1353
21019261 228
21019261 411
21019283 1
21019331 1
21019363 5
21019363 20
21019381 104
21019393 11
21019571 1
21019627 488
21019657 32
21019777 2723
21019783 572
21019879 105
21019903 237
21019919 8880
21019961 4
21019967 2368
21019987 57
21020017 140
21020017 684
21020057 532
21020081 7108
21020089 3747
21020117 3
21020117 7
21020227 1173
21020231 1
21020231 8100
21020267 349
21020281 4700
21020303 13
21020339 1
21020339 4
21020369 31
21020407 69
21020521 476
21020537 904
21020581 2576
21020591 1
21020603 13
21020611 1721
21020617 20
21020627 13
21020627 28
21020749 236
21020819 1
21020843 108
21021053 31
21021083 1
21021181 3
21021229 32
21021251 9
21021251 45
21021251 121
21021251 9424
21021263 1
21021263 136
21021323 1
21021359 1
21021419 5052
21021457 287
21021499 380
21021529 39
21021569 3955
21021577 84
21021629 171
21021629 2364
21021667 48
21021683 1
21021709 1724
21021713 411
21021779 1
21021851 264
21022091 1
21022097 1275
21022117 12
21022163 25
21022193 3
21022223 1
21022223 241
21022277 180
21022357 3
21022411 5
21022411 44
21022451 1
21022451 261
21022541 4
21022669 2987
21022699 81
21022733 5295
21022801 188
21022817 480
21022913 823
21022997 232
21023003 1
21023047 8280
21023083 105
21023089 11
21023111 16
21023111 121
21023137 2075
21023267 12
21023381 660
21023381 1635
21023473 668
21023591 1
21023599 4845
21023623 36
21023623 785
21023641 143
21023663 1813
21023699 120
21023741 3
21023777 943
21023791 41
21023837 7
21023851 1380
21023867 5869
21023887 5
21023887 2180
21023953 492
21023953 3507
21023971 68
21024067 8
21024097 3
21024137 1803
21024193 140
21024209 4
21024221 3180
21024259 32
21024259 1680
21024313 3
21024331 65
21024361 20
21024467 204
21024539 4
21024551 273
21024589 39
21024617 43
21024743 1
21024833 3256
21024853 3
21024907 1217
21025019 1
21025019 69
21025021 11
21025021 396
21025051 425
21025091 340
21025189 51
21025211 1
21025211 45
21025217 544
21025307 9
21025321 9723
21025339 36
21025397 364
21025423 65
21025423 617
21025439 37
21025469 307
21025507 9
21025561 9231
21025619 1
21025681 3
21025681 8
21025691 13
21025691 289
21025729 15
21025793 9271
21025883 1
21025897 4239
21025937 4
21025987 12
21026053 12
21026069 76
21026099 37
21026171 1
21026171 4
21026197 1295
21026237 99
21026237 1504
21026267 33
21026303 45
21026371 44
21026371 321
21026371 1544
21026477 55
21026477 3379
21026581 35
21026633 3
21026651 1
21026777 15
21026779 392
21026801 375
21026839 320
21026881 23
21026881 56
21026953 663
21027031 2796
21027067 204
21027073 96
21027077 19
21027077 9279
21027109 284
21027133 15
21027133 75
21027173 7
21027271 4341
21027323 1
21027323 21
21027343 53
21027343 221
21027389 207
21027401 16
21027403 276
21027449 4
21027499 237
21027613 1560
21027637 8
21027637 188
21027649 20
21027683 1
21027683 96
21027791 1
21027791 265
21027841 8
21027887 9544
21027907 465
21027931 249
21027949 27
21027949 479
21027991 5
21028087 245
21028211 1
21028213 11
21028237 92
21028289 3952
21028331 4768
21028361 4
21028379 16
21028379 777
21028387 53
21028391 1
21028391 3208
21028493 8595
21028549 60
21028661 3
21028663 17
21028723 101
21028769 16
21028771 93
21028897 44
21028919 1
21028979 1
21028979 57
21028979 69
21029081 208
21029131 84
21029149 20
21029149 539
21029167 8
21029237 15
21029237 607
21029297 39
21029339 45
21029387 585
21029399 24
21029453 3
21029483 205
21029557 552
21029581 3
21029681 508
21029779 9
21029831 9
21029951 369
21029971 2420
21030043 65
21030047 3033
21030187 24
21030193 155
21030199 5
21030301 83
21030313 20
21030379 5
21030389 4
21030469 59
21030551 1785
21030637 8924
21030677 2124
21030721 1380
21030857 3387
21030881 3
21030881 156
21030899 4489
21030973 347
21031019 4
21031027 209
21031063 12
21031063 512
21031079 1876
21031103 4437
21031217 4
21031229 8704
21031277 7
21031289 24
21031391 160
21031463 1
21031531 68
21031559 4116
21031697 103
21031739 12
21031819 9
21031883 1
21031909 551
21031909 579
21031973 211
21031973 280
21031973 6576
21031979 732
21032023 8
21032023 188
21032059 7080
21032087 2497
21032159 1369
21032197 3
21032309 87
21032339 1
21032339 381
21032441 3
21032471 2080
21032521 3
21032527 45
21032567 9
21032567 864
21032591 49
21032593 23
21032593 135
21032629 84
21032629 231
21032647 5
21032647 17
21032647 477
21032659 5
21032699 4
21032773 488
21032777 12
21032777 963
21032903 40
21032933 175
21032933 6132
21032951 4
21032951 129
21032951 1653
21033011 1
21033059 1
21033059 2197
21033079 681
21033121 24
21033127 20
21033161 7020
21033163 5
21033163 8
21033203 1
21033263 1
21033277 3200
21033277 7259
21033479 300
21033479 1776
21033541 183
21033631 48
21033659 21
21033667 1613
21033737 3
21033773 3
21033773 1440
21033941 3
21033967 3812
21034037 84
21034037 144
21034043 1492
21034133 12
21034187 112
21034199 1
21034249 284
21034261 144
21034331 4
21034357 23
21034411 5993
21034561 24
21034603 8
21034609 119
21034609 300
21034723 228
21034859 1
21034859 456
21034859 5160
21034861 96
21034997 427
21034999 2612
21035059 9
21035159 1
21035159 4
21035207 165
21035207 169
21035219 1564
21035297 3
21035303 1
21035327 4
21035327 25
21035327 973
21035389 12
21035393 412
21035507 108
21035513 63
21035549 3535
21035551 68
21035551 3093
21035611 21
21035617 75
21035617 95
21035621 3
21035629 12
21035687 4
21035699 1
21035867 37
21035909 24
21035929 15
21036023 2196
21036061 8916
21036079 765
21036131 28
21036131 213
21036131 8589
21036143 808
21036151 369
21036187 24
21036187 44
21036203 477
21036203 801
21036227 25
21036269 4
21036269 15
21036269 240
21036289 36
21036299 1
21036413 3
21036443 16
21036443 328
21036443 1860
21036451 4685
21036469 96
21036517 75
21036563 1
21036577 3
21036577 164
21036611 1
21036623 16
21036623 520
21036637 27
21036671 25
21036713 36
21036767 100
21036767 717
21036797 84
21036913 20
21036929 6736
21036937 687
21036959 1
21037013 5680
21037021 456
21037061 2340
21037117 83
21037139 3777
21037171 36
21037243 8648
21037259 1
21037259 12
21037339 9
21037361 1084
21037447 245
21037537 3
21037567 8
21037607 4
21037609 3507
21037649 39
21037729 1260
21037781 4
21037897 4187
21038117 312
21038179 852
21038183 1
21038203 5
21038363 2172
21038431 501
21038441 148
21038531 144
21038579 5520
21038579 8649
21038597 3
21038627 340
21038777 207
21038777 375
21038803 113
21038861 3
21038861 444
21038867 117
21038873 28
21038879 1
21038879 12
21038879 265
21038999 1
21039091 3005
21039103 20
21039119 4
21039119 8560
21039197 12
21039229 27
21039253 8
21039253 7800
21039311 9
21039349 95
21039383 21
21039559 32
21039611 1
21039611 24
21039647 13
21039649 72
21039719 1
21039721 111
21039757 12
21039787 8
21039853 71
21039869 12
21039881 184
21039899 9
21039899 981
21039911 9
21039989 1336
21040079 1977
21040091 4
21040111 1356
21040111 3341
21040139 1
21040171 68
21040297 24
21040297 728
21040387 5
21040427 169
21040463 13
21040493 1035
21040517 2155
21040633 1292
21040927 48
21040931 1
21040931 24
21041047 77
21041071 56
21041191 101
21041201 24
21041201 31
21041213 963
21041221 3
21041261 3
21041263 8
21041353 35
21041353 51
21041357 4
21041411 1
21041411 9
21041429 7
21041453 55
21041513 9543
21041519 1
21041519 309
21041521 11
21041533 1947
21041623 5940
21041659 24
21041677 3
21041707 5657
21041717 52
21041771 1
21041879 157
21041879 1701
21042013 92
21042017 4
21042097 3
21042127 125
21042283 2673
21042289 104
21042383 1
21042419 1
21042419 9
21042473 343
21042479 4
21042491 4233
21042601 15
21042629 391
21042839 1
21042841 8
21042911 2716
21042947 333
21042947 2629
21042997 480
21042997 2027
21043007 429
21043019 9
21043021 2231
21043171 36
21043177 8
21043289 180
21043301 31
21043301 999
21043313 127
21043313 387
21043339 860
21043381 2384
21043391 1
21043391 36
21043423 41
21043441 20
21043441 560
21043483 12
21043499 12
21043523 1237
21043549 15
21043549 27
21043559 1036
21043591 8
21043681 8
21043691 7189
21043753 47
21043753 1691
21043793 96
21043949 4
21043999 9
21044003 1941
21044047 5
21044279 6325
21044293 71
21044293 431
21044311 3948
21044389 459
21044407 8
21044467 6864
21044531 213
21044531 424
21044581 8
21044773 51
21044791 356
21044831 4
21044831 2593
21044833 3
21044873 1356
21044917 8
21045053 27
21045077 303
21045263 1
21045421 15
21045421 75
21045457 1167
21045461 3
21045463 32
21045463 5648
21045487 9
21045539 1
21045539 129
21045599 1
21045617 27
21045763 456
21045769 11
21045769 12
21045769 39
21045853 3
21046111 2580
21046121 3
21046139 9
21046139 1404
21046217 3
21046253 63
21046387 132
21046409 7
21046447 624
21046477 3
21046477 204
21046507 1569
21046513 56
21046537 84
21046573 15
21046709 24
21046757 624
21046757 5692
21046841 4
21046841 60
21046847 9
21046859 1
21046873 96
21046903 6692
21046939 9
21046973 7296
21047051 1
21047051 28
21047077 35
21047119 212
21047189 79
21047197 347
21047197 3647
21047203 408
21047203 3440
21047281 3
21047303 1
21047317 99
21047333 1987
21047371 105
21047387 108
21047401 15
21047401 144
21047407 317
21047407 497
21047443 140
21047443 213
21047527 137
21047671 21
21047713 3051
21047813 48
21047827 5
21047827 2613
21047893 15
21047927 3433
21047951 2641
21047951 8568
21047969 4
21047969 19
21047987 192
21048119 2785
21048133 63
21048239 1
21048281 3
21048317 19
21048317 75
21048317 160
21048341 2931
21048361 3
21048373 395
21048407 13
21048407 9264
21048479 6049
21048497 39
21048541 3
21048541 135
21048541 5088
21048593 148
21048647 9
21048649 1464
21048761 3
21048829 1692
21048857 24
21048917 7615
21048919 480
21048959 1
21048959 4
21048961 3
21048971 16
21048991 8
21049001 2559
21049019 1
21049019 4
21049141 188
21049177 435
21049271 1
21049333 3
21049363 4481
21049387 288
21049493 8595
21049499 1
21049597 44
21049627 8
21049643 1
21049667 9
21049703 13
21049703 133
21049703 256
21049709 15
21049711 128
21049759 116
21049783 140
21049793 1351
21049811 441
21049883 417
21050017 228
21050231 1
21050279 1
21050303 1
21050339 1
21050401 2259
21050459 156
21050509 9515
21050567 2017
21050629 792
21050677 15
21050737 20
21050737 120
21050801 3
21050807 4
21050807 540
21050833 3
21050929 6351
21050963 132
21050969 127
21051047 49
21051101 36
21051193 543
21051241 68
21051311 364
21051343 36
21051397 159
21051403 32
21051421 3
21051451 224
21051479 1
21051529 24
21051529 80
21051599 1
21051599 441
21051599 3301
21051637 60
21051643 6636
21051703 5
21051703 197
21051761 4
21051859 9
21051859 32
21051907 1065
21052039 20
21052043 13
21052049 2992
21052051 21
21052079 1
21052081 8
21052117 1152
21052121 1156
21052127 12
21052219 344
21052267 8564
21052279 9984
21052301 3280
21052333 51
21052333 156
21052387 2553
21052387 5745
21052391 4
21052391 181
21052561 95
21052583 7317
21052597 3
21052597 344
21052651 60
21052679 60
21052771 9345
21052841 3
21052841 4
21052841 780
21052847 33
21052853 16
21052877 7
21052943 1
21052949 19
21052949 351
21052949 1455
21052979 6265
21053017 12
21053059 5
21053059 209
21053063 121
21053077 3204
21053287 153
21053411 1869
21053467 5580
21053503 7353
21053567 9
21053609 7
21053609 51
21053707 44
21053707 129
21053783 6036
21053839 857
21053861 783
21053909 639
21054017 235
21054067 2640
21054119 217
21054263 1
21054263 16
21054263 45
21054287 13
21054311 1
21054311 2421
21054323 12
21054323 13
21054353 48
21054379 2232
21054403 21
21054419 1
21054419 352
21054419 825
21054431 1
21054521 3
21054559 29
21054613 8
21054661 3
21054697 8
21054779 1
21054791 36
21054871 1296
21054881 36
21054953 75
21055033 3
21055033 12
21055043 8788
21055207 2700
21055217 243
21055261 4140
21055277 4
21055343 1
21055351 825
21055381 11
21055387 1040
21055399 9
21055409 31
21055543 32
21055583 1257
21055607 640
21055631 1
21055679 1
21055739 1012
21055759 44
21055759 276
21055763 1
21055799 9
21055813 11
21055829 267
21055829 4639
21055871 1
21055921 71
21055921 143
21056039 1
21056129 7
21056171 61
21056171 6708
21056311 2553
21056381 9756
21056437 408
21056491 329
21056543 1
21056549 4
21056573 495
21056701 195
21056723 13
21056831 6936
21056839 9
21056869 72
21056927 37
21056927 328
21056941 1496
21057083 1
21057209 4
21057299 1
21057427 5
21057431 4
21057467 4
21057479 1
21057521 364
21057563 1
21057767 72
21057787 5469
21057797 3
21057923 133
21057929 4
21057929 7056
21057983 136
21057989 4
21058057 23
21058067 52
21058123 161
21058129 335
21058151 16
21058157 280
21058171 1184
21058211 1
21058259 3597
21058273 2315
21058283 1
21058337 3
21058343 1
21058369 47
21058483 20
21058483 77
21058523 33
21058523 157
21058577 4
21058619 1
21058633 12
21058747 77
21058757 3
21058931 4
21058987 1653
21058997 2592
21059021 3
21059033 7
21059033 1351
21059057 3
21059221 83
21059231 1
21059263 33
21059273 28
21059399 64
21059411 1
21059411 36
21059557 1304
21059569 44
21059569 404
21059669 100
21059677 15
21059711 321
21059827 1365
21059833 695
21059879 189
21059939 1
21059947 8
21059947 48
21060049 131
21060139 636
21060211 2949
21060257 7
21060359 1
21060421 8
21060449 211
21060631 53
21060691 4089
21060731 1
21060947 57
21060959 112
21061009 44
21061109 72
21061127 2524
21061349 79
21061363 1353
21061427 357
21061441 104
21061451 1
21061459 309
21061471 36
21061613 612
21061613 2691
21061619 1
21061619 9301
21061673 12
21061717 3324
21061739 1
21061783 3540
21061783 9461
21061877 3
21061891 4124
21061907 49
21061981 3
21062003 16
21062081 4
21062081 180
21062081 276
21062159 9
21062159 4084
21062189 931
21062267 493
21062297 12
21062339 1009
21062357 7
21062357 187
21062401 3
21062413 83
21062513 340
21062527 5
21062543 1
21062551 104
21062563 737
21062567 445
21062611 33
21062633 7
21062689 4464
21062719 881
21062747 384
21062759 396
21062869 8619
21062999 1
21063047 708
21063061 104
21063071 1
21063071 805
21063079 321
21063113 400
21063121 884
21063131 1
21063137 3619
21063181 8
21063199 161
21063199 1136
21063227 12
21063233 76
21063257 63
21063281 1603
21063311 16
21063373 1220
21063403 6077
21063461 5680
21063503 5496
21063569 91
21063673 800
21063743 1533
21063769 12
21063803 1
21063817 32
21063869 16
21063869 139
21063871 9
21064073 120
21064073 1576
21064079 2017
21064193 76
21064231 8
21064231 353
21064273 36
21064301 3519
21064313 3
21064471 104
21064499 4
21064523 1
21064523 6868
21064567 693
21064607 4
21064679 2656
21064753 12
21064753 192
21064843 2493
21064943 2073
21065081 84
21065131 93
21065131 6825
21065147 13
21065147 4780
21065153 3
21065179 2340
21065273 1443
21065333 111
21065351 1
21065377 39
21065437 155
21065459 16
21065489 4
21065549 931
21065701 83
21065711 165
21065711 9145
21065741 1783
21065887 9
21065897 3
21065899 576
21065951 4
21065971 24
21066013 108
21066049 12
21066109 155
21066181 60
21066217 8
21066347 4
21066359 1
21066401 448
21066403 5
21066443 1
21066469 4440
21066473 36
21066509 4
21066581 4
21066691 5489
21066697 12
21066719 1
21066779 9
21066779 12
21066809 15
21066817 4647
21066931 8
21066959 1
21067043 1
21067127 628
21067247 180
21067283 52
21067349 4
21067349 15
21067391 1
21067441 3
21067499 109
21067531 41
21067531 521
21067537 3143
21067577 3
21067603 1593
21067619 1
21067639 5
21067679 24
21067679 9984
21067699 417
21067757 103
21067877 12
21067883 1
21067927 3704
21067951 456
21067951 2541
21067993 3
21068011 741
21068039 1
21068071 425
21068087 12
21068221 320
21068263 156
21068309 3499
21068441 1579
21068513 7
21068513 31
21068513 183
21068519 345
21068519 1461
21068539 84
21068609 7575
21068741 4
21068741 435
21068807 5733
21068813 12
21068813 7368
21068867 588
21068893 120
21068909 40
21068909 120
21068939 1309
21068951 1
21068977 3
21069007 44
21069017 103
21069073 2580
21069131 1
21069131 16
21069131 628
21069211 21
21069229 435
21069229 939
21069359 7801
21069361 15
21069421 128
21069421 1971
21069439 7229
21069563 717
21069733 51
21069901 2519
21069943 8
21069947 3505
21069967 2537
21070033 96
21070033 1691
21070081 8
21070099 6977
21070121 3
21070121 24
21070337 4
21070393 8
21070477 179
21070513 956
21070657 8
21070739 1
21070781 136
21070789 792
21070823 1
21070859 1
21070879 5
21070919 9
21070919 109
21071033 15
21071033 1048
21071191 1133
21071203 296
21071321 4
21071339 564
21071363 76
21071387 652
21071467 5
21071509 4139
21071521 48
21071543 12
21071587 1352
21071621 2895
21071683 3888
21071707 8
21071717 4
21071737 84
21071797 2108
21071801 4
21071801 268
21071819 7612
21071881 3
21072011 2208
21072031 5
21072047 4
21072047 9
21072199 57
21072229 156
21072251 1
21072251 8920
21072257 7
21072283 12
21072283 3821
21072431 1
21072487 20
21072517 8
21072517 128
21072533 5131
21072553 411
21072613 11
21072613 48
21072659 1
21072671 1
21072671 9480
21072677 27
21072731 1
21072731 9
21072769 2292
21072769 8927
21072827 2985
21072833 67
21072833 892
21072847 12
21072973 6080
21073097 67
21073103 1
21073127 4
21073127 13
21073127 1960
21073159 69
21073181 48
21073321 284
21073363 5
21073379 1
21073391 4
21073417 95
21073447 77
21073457 63
21073799 1312
21073889 7
21074051 1
21074069 7
21074071 1188
21074071 1604
21074077 152
21074099 4
21074099 721
21074147 3528
21074153 52
21074197 3
21074227 8252
21074519 1
21074527 17
21074569 12
21074569 15
21074597 264
21074633 75
21074657 52
21074681 3
21074803 20
21074987 25
21075023 1
21075077 3
21075137 1555
21075247 60
21075247 869
21075253 23
21075349 452
21075401 3
21075403 48
21075421 23
21075433 4391
21075437 4
21075451 53
21075451 2705
21075601 140
21075661 3
21075679 1184
21075689 756
21075749 780
21075839 1
21075851 549
21075917 4
21075947 1120
21075979 884
21076019 1
21076043 1
21076043 16
21076129 2420
21076229 832
21076241 3
21076241 4
21076261 3
21076271 64
21076343 1
21076463 1
21076499 1804
21076513 291
21076609 476
21076619 1
21076631 1
21076691 1
21076691 1800
21076739 1
21076789 1932
21076799 1
21076849 72
21076943 1
21076969 36
21076969 147
21077053 15
21077053 23
21077053 368
21077183 1
21077183 48
21077369 567
21077447 93
21077561 4
21077659 21
21077831 613
21077839 69
21077843 33
21077851 5
21077851 8
21077899 377
21077951 96
21078073 443
21078149 804
21078179 772
21078341 519
21078371 84
21078427 405
21078433 35
21078443 1
21078509 19
21078587 1809
21078593 1411
21078601 4380
21078727 5
21078769 80
21078781 84
21078781 1368
21078829 255
21078877 480
21079067 13
21079129 104
21079181 36
21079313 12
21079393 7143
21079621 3
21079621 191
21079631 1
21079691 9
21079703 1
21079727 840
21079801 116
21079879 4277
21079979 1
21080021 4
21080041 2715
21080041 7448
21080159 4
21080173 23
21080261 723
21080317 8
21080317 1452
21080369 15
21080383 3833
21080467 32
21080497 1247
21080509 396
21080509 1640
21080537 72
21080611 5
21080659 5
21080659 20
21080659 524
21080677 60
21080687 4
21080687 1005
21080687 1449
21080687 1473
21080711 1
21080743 192
21080791 669
21080791 5645
21080869 120
21080897 75
21080933 3
21080963 1
21080963 37
21080987 40
21080987 2560
21081119 84
21081119 409
21081119 429
21081131 1653
21081161 4
21081187 5
21081323 240
21081337 152
21081337 4700
21081371 25
21081499 20
21081509 4
21081589 3392
21081647 7128
21081673 152
21081707 1189
21081733 27
21081791 21
21081791 81
21081793 2243
21081857 3
21081877 1592
21081901 4176
21081919 29
21081941 2784
21081979 84
21082021 179
21082109 607
21082111 8
21082133 900
21082151 1
21082163 33
21082183 4476
21082189 1896
21082277 3
21082277 15
21082301 2559
21082309 39
21082361 2611
21082423 92
21082483 2817
21082541 148
21082541 424
21082591 2805
21082597 3
21082597 8
21082597 192
21082627 8672
21082729 2364
21082777 140
21082801 3
21082801 1415
21082939 4176
21082961 39
21083039 1
21083063 1180
21083159 2569
21083171 1789
21083189 156
21083189 8856
21083191 60
21083233 11
21083267 9265
21083333 12
21083581 2655
21083611 56
21083633 1135
21083809 47
21083819 12
21083831 1
21083837 19
21083897 4
21083897 372
21083897 1555
21083929 111
21083989 219
21084083 1
21084083 72
21084253 648
21084263 33
21084313 336
21084397 288
21084397 407
21084451 1013
21084541 44
21084559 3405
21084593 28
21084601 3
21084611 1
21084673 147
21084689 24
21084773 52
21084779 525
21084803 45
21084839 9
21084887 1929
21084923 1
21084971 1
21084983 2085
21085033 656
21085091 373
21085223 292
21085223 577
21085249 87
21085271 1
21085279 1476
21085283 493
21085283 1252
21085289 7699
21085381 23
21085567 1700
21085643 1
21085709 99
21085717 3
21085777 728
21085919 4
21085943 768
21085979 1
21085979 885
21086003 1
21086003 573
21086011 308
21086227 813
21086327 6904
21086347 48
21086381 4
21086381 1075
21086467 93
21086491 8
21086491 21
21086609 7
21086617 3
21086887 5
21086921 420
21087041 888
21087041 5211
21087047 217
21087133 23
21087137 148
21087137 319
21087173 183
21087331 21
21087401 40
21087427 1457
21087431 1
21087529 11
21087569 204
21087569 1120
21087569 5052
21087581 120
21087593 147
21087613 12
21087623 1
21087683 4813
21087751 1133
21087779 441
21087827 33
21087919 12
21087919 744
21087919 1085
21088069 279
21088141 579
21088201 75
21088337 4
21088343 21
21088343 37
21088421 3
21088469 55
21088553 7
21088559 540
21088567 5
21088741 3
21088799 1
21088849 459
21088849 699
21088871 69
21088909 4644
21088943 13
21088957 288
21089009 240
21089011 156
21089051 36
21089087 1992
21089171 1729
21089203 1161
21089209 11
21089381 4
21089477 3
21089477 1500
21089501 2983
21089531 1
21089557 3
21089557 107
21089567 25
21089617 143
21089723 157
21089729 31
21089777 252
21089839 3980
21089863 213
21089879 3832
21089881 191
21089921 499
21089947 284
21089969 8799
21090007 5
21090007 1664
21090061 6891
21090071 1
21090071 48
21090107 40
21090107 1245
21090109 12
21090127 77
21090143 1
21090143 16
21090161 36
21090161 1383
21090271 2861
21090299 129
21090341 3
21090457 3
21090473 3
21090533 112
21090583 5
21090631 7505
21090809 99
21090919 809
21090919 6437
21090947 237
21091003 20
21091139 1
21091139 12
21091139 2424
21091277 15
21091277 1339
21091277 1408
21091523 12
21091571 1
21091607 4980
21091649 187
21091663 5
21091793 16
21091823 21
21091871 48
21091891 1593
21091913 3
21091937 579
21092051 9025
21092063 1
21092063 40
21092233 1287
21092249 24
21092297 3
21092353 8
21092371 5
21092371 153
21092399 52
21092419 20
21092419 3020
21092459 2604
21092507 4
21092549 7
21092579 1
21092611 585
21092651 1
21092651 96
21092759 552
21093019 12
21093119 3289
21093157 5639
21093161 223
21093239 1452
21093377 4
21093463 737
21093491 1
21093493 36
21093551 1461
21093563 5992
21093689 84
21093697 372
21093731 1
21093833 3588
21093899 169
21093913 11
21093913 51
21094001 4
21094019 1
21094019 217
21094069 20
21094081 636
21094103 1
21094133 3
21094163 1
21094273 3
21094357 9479
21094373 27
21094373 567
21094391 1140
21094511 5125
21094559 4
21094589 12
21094631 1
21094649 7
21094649 175
21094649 339
21094649 2044
21094747 129
21094747 1200
21094771 845
21094823 13
21094867 5
21094867 9
21094907 5200
21095027 4
21095099 1
21095099 52
21095141 4
21095167 3957
21095177 1032
21095201 16
21095227 84
21095231 40
21095237 8740
21095281 2028
21095287 12
21095293 3
21095303 1
21095311 5888
21095357 3
21095381 76
21095423 1
21095423 76
21095483 16
21095497 228
21095561 3
21095573 4227
21095579 1
21095617 99
21095693 496
21095699 37
21095747 13
21095747 120
21095777 4
21095881 3
21095953 200
21095989 15
21096001 4755
21096121 1388
21096143 1
21096259 140
21096329 24
21096329 175
21096367 17
21096389 184
21096419 601
21096421 11
21096437 3799
21096503 1
21096557 63
21096557 1095
21096583 21
21096583 128
21096599 1
21096671 4
21096739 104
21096739 3741
21096791 4
21096793 11
21096877 3
21096967 1008
21096979 9
21097009 3687
21097093 6312
21097159 20
21097171 201
21097217 132
21097229 1419
21097337 15
21097393 11
21097423 393
21097457 459
21097481 15
21097627 473
21097723 12
21097723 48
21097753 888
21097759 21
21097823 3637
21097823 8236
21097859 1
21097859 9504
21097883 1
21097883 2208
21097913 892
21097919 21
21097981 3
21098053 7631
21098183 1
21098327 2749
21098339 52
21098381 324
21098401 1568
21098437 12
21098453 3
21098471 9
21098489 196
21098653 3
21098663 25
21098663 36
21098677 4427
21098687 9
21098783 517
21098867 85
21098893 3
21099019 21
21099047 168
21099059 1
21099077 27
21099103 161
21099121 548
21099413 48
21099413 2523
21099427 5
21099451 465
21099613 212
21099619 704
21099769 35
21099811 740
21099817 32
21099821 79
21099829 39
21099833 43
21099863 36
21099913 23
21099959 1
21100069 9444
21100097 124
21100097 187
21100103 37
21100171 9
21100267 9
21100267 57
21100267 177
21100267 5304
21100319 556
21100319 1372
21100319 6985
21100381 39
21100403 216
21100441 11
21100447 5
21100463 1
21100463 5700
21100517 4572
21100529 7
21100531 8
21100531 261
21100579 252
21100613 3
21100613 408
21100613 795
21100613 1312
21100649 4
21100711 4421
21100727 24
21100769 532
21100789 75
21100823 1
21100823 16
21100903 21
21100909 3911
21100949 6619
21100967 1704
21100967 1944
21101123 1
21101123 2121
21101209 75
21101209 320
21101263 341
21101287 8
21101323 20
21101341 8
21101371 8
21101503 5
21101503 1472
21101617 27
21101651 1
21101683 296
21101701 459
21101737 8
21101747 2080
21101771 1
21101771 280
21101779 9
21101789 604
21101809 27
21101809 159
21102091 9
21102113 295
21102187 5
21102187 6285
21102199 17
21102209 319
21102209 532
21102239 1
21102251 4096
21102271 96
21102271 1388
21102281 268
21102281 603
21102311 1
21102409 12
21102439 5
21102451 9
21102463 180
21102493 296
21102547 12
21102583 8
21102611 1204
21102611 7045
21102643 840
21102761 111
21102821 15
21102919 720
21102941 8020
21102947 12
21102947 49
21102979 560
21103081 24
21103087 92
21103123 3501
21103127 793
21103139 1
21103193 1563
21103217 4
21103253 3187
21103301 64
21103391 4
21103451 484
21103493 12
21103513 4040
21103553 1063
21103559 2364
21103637 739
21103657 203
21103679 76
21103697 15
21103697 280
21103721 4
21103729 32
21103757 2587
21103759 5
21103843 5
21103897 84
21103937 4
21103961 16
21104033 351
21104063 2037
21104233 27
21104243 1
21104339 25
21104389 620
21104399 1
21104399 37
21104401 3
21104407 5049
21104507 24
21104549 24
21104591 1
21104683 6080
21104711 13
21104749 51
21104753 3
21104767 68
21104819 1
21104819 5457
21104879 472
21104947 1892
21104999 201
21104999 525
21105013 96
21105121 8
21105179 2952
21105233 7
21105233 4207
21105361 24
21105367 17
21105391 273
21105401 144
21105431 64
21105433 3
21105499 161
21105571 8976
21105659 1
21105671 1
21105703 45
21105703 920
21105767 40
21105769 776
21105911 1
21105911 61
21105913 20
21105967 8
21106037 19
21106049 484
21106067 9
21106181 4
21106187 6469
21106199 1
21106219 36
21106291 821
21106343 13
21106361 1020
21106369 687
21106373 6043
21106399 2004
21106411 8
21106441 128
21106453 3
21106453 5460
21106583 1
21106583 33
21106661 156
21106721 115
21106721 211
21106859 1
21106859 460
21106861 3
21106993 8
21106993 8483
21107101 3639
21107117 159
21107189 259
21107221 71
21107243 172
21107267 685
21107291 1009
21107291 1189
21107341 3
21107351 1
21107357 328
21107393 27
21107473 3
21107477 48
21107509 179
21107531 736
21107573 7
21107717 88
21107753 27
21107753 211
21107839 29
21107981 28
21107987 1692
21108047 613
21108053 1708
21108077 4
21108077 7
21108083 256
21108083 448
21108083 2221
21108137 748
21108233 1875
21108277 3015
21108301 500
21108301 968
21108361 236
21108539 1
21108557 4
21108631 20
21108631 365
21108667 468
21108671 793
21108671 4881
21108701 48
21108793 1212
21108821 15
21108929 772
21109069 1007
21109159 912
21109177 47
21109177 5727
21109201 8768
21109217 4324
21109241 16
21109261 11
21109273 240
21109321 395
21109327 2504
21109381 3
21109381 2100
21109391 1
21109391 4
21109441 1943
21109447 53
21109463 1
21109463 865
21109549 156
21109637 63
21109637 355
21109691 1
21109769 1684
21109799 1
21109799 12
21109973 8236
21110029 11
21110051 1
21110071 44
21110093 28
21110093 1923
21110093 2535
21110123 1
21110179 77
21110227 5
21110233 15
21110233 35
21110233 488
21110249 136
21110443 368
21110489 40
21110489 132
21110513 7572
21110591 220
21110707 132
21110863 65
21110879 9
21110879 120
21110909 7
21110953 108
21110981 76
21110989 32
21111007 105
21111007 7533
21111029 4
21111143 1
21111143 96
21111143 4320
21111157 383
21111163 2028
21111173 3
21111199 24
21111253 20
21111257 8767
21111283 45
21111287 9
21111457 1872
21111463 20
21111473 12
21111533 1276
21111611 765
21111743 168
21111751 9
21111791 1
21111791 5101
21111821 123
21111833 1411
21111851 1
21111851 4
21111991 516
21112019 84
21112031 2565
21112037 7
21112081 135
21112081 204
21112103 1
21112127 5412
21112139 1
21112279 1464
21112339 320
21112361 19
21112411 2208
21112561 1139
21112673 652
21112711 2433
21112787 252
21112787 2964
21112879 32
21112879 737
21112907 949
21112961 4
21112967 4
21112969 32
21113069 7027
21113111 2989
21113153 3
21113221 560
21113231 1
21113251 245
21113299 5
21113399 1
21113431 5
21113437 35
21113459 12
21113581 59
21113581 611
21113591 1
21113591 549
21113671 521
21113773 3
21113773 440
21113773 531
21113843 1
21113887 5
21113933 2128
21113987 9780
21114011 36
21114019 425
21114089 424
21114103 60
21114143 13
21114167 4
21114169 924
21114173 72
21114211 8
21114211 369
21114307 197
21114341 724
21114397 3
21114397 5159
21114403 221
21114439 5
21114439 81
21114521 543
21114547 12
21114557 3
21114767 129
21114803 7332
21114817 8084
21114853 23
21114853 8291
21114881 3231
21114931 80
21115063 12
21115093 51
21115141 24
21115141 116
21115229 1576
21115307 97
21115307 2449
21115331 24
21115511 1633
21115559 21
21115559 1105
21115573 80
21115573 107
21115579 2229
21115727 5280
21115733 15
21115747 2012
21115753 23
21115753 128
21115793 7
21115793 100
21115883 1
21115883 1501
21115949 12
21116099 432
21116119 21
21116267 52
21116299 3837
21116317 3
21116351 1
21116351 484
21116357 964
21116357 3327
21116377 15
21116411 1
21116411 249
21116453 627
21116477 7
21116503 1052
21116503 4353
21116509 12
21116527 8
21116561 3
21116597 9727
21116639 4737
21116663 1
21116707 2193
21116759 16
21116773 680
21116773 1508
21116801 3
21116861 6660
21116933 3
21116951 9
21116951 21
21116987 2952
21117007 440
21117067 17
21117071 2068
21117097 4499
21117137 7
21117137 595
21117193 15
21117251 1
21117263 12
21117277 1500
21117319 7089
21117353 691
21117401 103
21117401 604
21117521 136
21117557 48
21117559 12
21117559 336
21117559 1544
21117671 1
21117737 7
21117739 3429
21117763 1161
21117793 747
21117793 2987
21117793 6555
21117799 5
21117799 1985
21117821 235
21117847 8
21117881 19
21117953 3
21117983 57
21118091 13
21118093 3
21118159 41
21118159 2997
21118189 36
21118249 56
21118373 7
21118373 91
21118411 213
21118523 1
21118523 96
21118523 472
21118529 139
21118579 89
21118661 3
21118663 132
21118729 11
21118789 792
21118817 184
21118817 475
21118849 11
21118901 100
21118927 5
21119053 11
21119057 43
21119107 293
21119173 491
21119183 1
21119207 40
21119269 59
21119297 7339
21119303 57
21119327 85
21119327 9285
21119333 3
21119363 12
21119381 3
21119381 3055
21119471 9
21119477 4
21119477 60
21119503 453
21119531 1504
21119723 2085
21119863 20
21119869 15
21119921 4
21119953 8
21119953 363
21120017 3
21120017 2548
21120109 1035
21120223 5
21120251 1
21120257 24
21120259 29
21120277 3
21120311 1
21120427 1644
21120461 5559
21120479 1
21120551 1
21120551 640
21120559 521
21120559 1196
21120587 28
21120667 333
21120691 624
21120763 5
21120769 3732
21120809 7
21120829 347
21120833 36
21120947 25
21120947 5185
21120959 1
21121003 1212
21121063 48
21121081 3
21121187 9
21121223 120
21121241 783
21121241 1315
21121253 183
21121277 7
21121319 1
21121381 63
21121411 101
21121493 2155
21121501 443
21121547 148
21121619 1
21121619 12
21121631 1
21121663 300
21121691 21
21121739 4
21121883 21
21121937 715
21121949 24
21121949 27
21121967 9
21121967 45
21121979 1
21121979 3325
21122099 1
21122161 44
21122201 3
21122201 4
21122203 1673
21122251 3045
21122351 1
21122383 176
21122399 1
21122561 588
21122659 12
21122669 76
21122719 57
21122869 11
21122869 231
21122911 33
21122923 5
21122929 24
21122939 4
21122963 1
21122963 208
21122971 8096
21123013 11
21123029 267
21123119 96
21123119 825
21123149 2247
21123181 11
21123293 115
21123359 60
21123373 8
21123511 2288
21123517 500
21123607 3345
21123677 228
21123689 24
21123701 324
21123701 4459
21123709 116
21123841 3
21123863 3021
21123871 5
21123887 172
21123983 1
21124031 24
21124079 4
21124087 8
21124087 4409
21124199 1
21124199 4
21124273 20
21124289 256
21124321 68
21124349 3420
21124391 13
21124469 531
21124529 16
21124541 60
21124583 1
21124619 1
21124643 1756
21124681 3
21124759 6164
21124801 875
21124823 301
21124841 2523
21124871 2604
21125057 144
21125161 1199
21125183 1
21125219 2232
21125327 820
21125471 9
21125491 45
21125551 129
21125633 708
21125651 1
21125651 33
21125711 1
21125711 4
21125711 21
21125737 27
21125743 200
21125801 84
21125843 12
21125843 253
21125887 57
21126013 7455
21126023 1
21126023 85
21126031 5
21126031 1649
21126253 176
21126253 5000
21126317 28
21126349 36
21126551 4
21126569 4
21126583 3045
21126601 288
21126683 1617
21126709 20
21126827 4
21126887 1672
21126887 3757
21126901 99
21126943 36
21127009 2316
21127033 12
21127033 72
21127091 1
21127097 3
21127121 7351
21127201 3
21127201 1611
21127307 13
21127357 1335
21127387 729
21127459 2957
21127657 47
21127661 108
21127721 19
21127759 185
21127783 561
21127817 52
21127853 76
21127877 28
21127913 7
21127927 113
21127963 21
21127969 8892
21127987 344
21128183 1
21128197 600
21128201 19
21128201 199
21128213 15
21128279 1
21128293 23
21128321 4
21128321 175
21128347 20
21128357 3
21128377 3
21128381 4
21128507 9
21128543 297
21128561 216
21128567 1524
21128659 12
21128693 7
21128693 655
21128797 203
21128843 1
21128851 60
21128873 1651
21128917 6600
21129041 4519
21129071 1
21129077 208
21129077 2815
21129077 2908
21129131 1
21129151 425
21129209 12
21129239 1
21129299 1
21129343 5
21129377 3
21129377 4
21129377 19
21129377 27
21129587 9
21129749 4
21129749 84
21129863 2508
21129877 623
21129877 983
21129887 4
21129947 604
21129961 3
21130001 4323
21130037 2527
21130049 4
21130079 1
21130279 192
21130331 3436
21130397 4
21130397 7
21130409 52
21130591 8021
21130597 4955
21130601 3
21130649 15
21130667 1405
21130667 6717
21130801 3
21130843 48
21130973 3
21130973 355
21131069 4
21131081 3115
21131137 1940
21131147 3760
21131183 13
21131293 6248
21131489 75
21131507 4
21131531 28
21131567 60
21131581 471
21131707 200
21131713 407
21131771 48
21131771 516
21131899 1512
21131951 4
21131977 204
21131977 3668
21132077 4
21132119 1
21132119 9
21132119 1009
21132131 1
21132191 1288
21132197 28
21132233 51
21132277 1884
21132311 1
21132317 468
21132383 577
21132481 71
21132481 1499
21132491 1
21132557 12
21132557 108
21132611 21
21132659 1
21132659 4
21132757 3
21132757 32
21132757 248
21132817 44
21132857 24
21132893 108
21132907 1089
21132983 2416
21133109 4
21133433 15
21133451 4
21133559 1
21133559 240
21133579 77
21133603 12
21133631 1
21133631 16
21133667 37
21133813 23
21133867 672
21133867 8717
21133939 5
21133967 72
21134081 3
21134093 7776
21134107 4769
21134123 5716
21134173 15
21134173 1355
21134237 799
21134369 19
21134521 1079
21134611 2513
21134717 15
21134753 427
21134761 56
21134903 1
21134903 108
21134923 165
21134983 372
21135119 1800
21135143 1
21135259 12
21135311 2241
21135349 72
21135349 96
21135451 8
21135479 25
21135589 15
21135637 1719
21135649 200
21135761 595
21135773 595
21135791 1
21135839 936
21135841 1031
21135997 9632
21136069 20
21136123 861
21136127 4
21136133 3
21136187 9585
21136211 1
21136217 4
21136217 187
21136261 3
21136261 71
21136267 189
21136277 252
21136319 1
21136369 195
21136393 3
21136429 867
21136469 9487
21136477 287
21136481 15
21136481 1171
21136519 4404
21136523 76
21136523 1245
21136589 4
21136589 315
21136589 2331
21136601 4
21136603 5
21136681 3360
21136723 117
21136751 588
21136813 8
21136849 20
21136861 8
21136867 53
21136867 1404
21136883 1
21136903 1068
21136903 1116
21137033 3556
21137269 1484
21137297 2820
21137359 41
21137429 24
21137461 468
21137657 7
21137689 8252
21137741 1740
21137819 132
21137843 2353
21137863 5
21137927 2085
21138053 411
21138113 3448
21138113 8112
21138121 599
21138133 3
21138223 21
21138253 3
21138277 3
21138277 12
21138307 33
21138401 15
21138421 363
21138473 3
21138503 1
21138589 12
21138727 5
21138727 3233
21138751 101
21138847 8
21138917 132
21138937 12
21138977 2635
21138983 1
21138989 52
21139009 131
21139087 1529
21139091 573
21139127 717
21139271 1
21139297 3
21139297 2163
21139379 1
21139397 4048
21139439 1
21139577 3
21139589 456
21139597 20
21139597 1395
21139661 3343
21139919 12
21139939 2025
21140011 21
21140011 5385
21140069 24
21140089 12
21140149 732
21140167 8
21140423 3517
21140513 7
21140663 33
21140699 1
21140731 413
21140753 3
21140827 6720
21140893 236
21140957 4
21141041 343
21141041 2128
21141073 23
21141083 1
21141299 1
21141371 7356
21141383 21
21141391 5
21141391 165
21141487 5
21141539 1
21141553 3
21141559 2177
21141581 3
21141581 9415
21141611 13
21141611 264
21141713 3
21141713 15
21141787 200
21141797 7
21141821 43
21141821 340
21141833 108
21141877 8
21141893 3
21141943 413
21141971 408
21142021 24
21142021 2240
21142061 19
21142087 209
21142087 329
21142109 4
21142123 17
21142123 392
21142127 13
21142171 5
21142201 7199
21142343 1
21142399 132
21142427 52
21142463 1
21142469 39
21142477 3
21142529 36
21142529 1236
21142663 188
21142669 44
21142741 99
21142867 5
21142867 12
21142907 9
21142931 1
21142963 8
21142973 27
21142973 172
21142973 483
21143009 16
21143039 96
21143051 601
21143081 15
21143081 280
21143137 1304
21143179 12
21143251 201
21143261 48
21143263 20
21143281 495
21143327 969
21143383 168
21143411 1
21143453 7
21143459 12
21143533 3
21143579 1
21143623 72
21143651 1
21143663 1
21143719 105
21143791 260
21143879 1
21143911 21
21143921 2491
21144043 17
21144049 12
21144059 112
21144083 1701
21144181 48
21144203 1740
21144269 40
21144293 3
21144301 9596
21144307 8268
21144467 189
21144547 1292
21144547 4088
21144551 1
21144553 2631
21144559 3744
21144577 3
21144589 5547
21144593 727
21144677 1195
21144679 5
21144829 80
21144829 2064
21144839 1
21144859 29
21144901 39
21144953 72
21145049 3511
21145109 16
21145169 4
21145169 12
21145181 520
21145213 3
21145249 2876
21145363 20
21145367 189
21145393 9867
21145451 73
21145469 7
21145483 48
21145511 4
21145511 21
21145519 80
21145543 177
21145559 9
21145583 196
21145681 3
21145681 99
21145681 324
21145699 5
21145753 423
21145811 3469
21145829 255
21145919 1
21145961 9159
21145979 1
21145991 1
21146023 1376
21146057 207
21146137 284
21146243 1
21146263 540
21146299 3132
21146329 20
21146347 1544
21146369 1176
21146399 1
21146501 123
21146519 1
21146549 99
21146617 3
21146617 83
21146747 1225
21146803 48
21146831 1
21146831 433
21146891 16
21146903 33
21146921 19
21146971 3660
21147037 119
21147073 128
21147157 12
21147179 1
21147197 28
21147233 3
21147233 76
21147233 228
21147257 3
21147353 1287
21147389 75
21147397 3275
21147433 111
21147499 1637
21147647 24
21147671 1
21147671 133
21147727 5
21147727 7785
21147733 2052
21147739 12
21147739 2544
21147751 2649
21147751 5144
21147767 37
21147767 297
21147773 448
21147803 1
21147839 1
21147941 7720
21148031 1
21148031 73
21148033 3
21148033 8
21148033 147
21148133 12
21148199 1
21148207 80
21148241 3
21148243 93
21148249 272
21148343 21
21148343 3768
21148363 17
21148363 36
21148427 28
21148481 4
21148601 3
21148667 13
21148667 1012
21148679 5241
21148703 1
21148703 13
21148723 216
21148759 24
21148807 77
21148847 8697
21148927 1569
21149069 120
21149129 340
21149131 5
21149171 3868
21149189 15
21149221 1763
21149243 1488
21149251 5
21149251 9
21149251 21
21149291 1
21149291 4
21149321 31
21149333 48
21149417 3
21149417 3472
21149449 35
21149509 144
21149539 21
21149549 76
21149617 6512
21149663 13
21149699 84
21149743 197
21149747 12
21149803 4121
21149813 3
21149837 9187
21149879 129
21149899 144
21149951 1680
21149969 51
21149993 828
21150011 13
21150043 5
21150083 28
21150113 40
21150121 3
21150139 641
21150187 69
21150203 1
21150223 4085
21150247 7233
21150263 1
21150313 3243
21150331 24
21150377 60
21150523 221
21150607 545
21150653 247
21150653 520
21150659 1
21150757 3
21150757 432
21150803 1
21150847 5
21150911 1
21150937 488
21151061 643
21151147 45
21151159 1020
21151483 972
21151573 3
21151661 3
21151721 16
21151721 888
21151733 9288
21151813 360
21151877 2959
21151981 8
21152003 3372
21152009 16
21152039 1
21152039 9
21152051 2328
21152093 1575
21152309 199
21152321 8091
21152381 111
21152381 360
21152423 277
21152519 4
21152669 364
21152713 23
21152737 84
21152783 117
21152951 61
21152983 368
21153047 12
21153053 31
21153079 216
21153107 433
21153263 1
21153281 3
21153299 232
21153323 13
21153347 2665
21153361 68
21153373 455
21153427 33
21153493 315
21153497 15
21153497 27
21153589 195
21153617 3
21153623 1
21153637 20
21153703 5
21153791 1
21153817 147
21153817 908
21153931 7224
21154019 4
21154153 6852
21154157 424
21154187 109
21154447 5
21154489 1847
21154519 729
21154547 3892
21154591 893
21154603 12
21154631 1
21154711 33
21154711 288
21154799 144
21154823 1
21154853 831
21154867 17
21154873 963
21154907 729
21154907 4308
21154993 488
21155041 24
21155041 4163
21155041 9924
21155053 3
21155159 24
21155161 3
21155171 1
21155171 120
21155201 4
21155201 231
21155219 9
21155219 2896
21155257 564
21155287 12
21155287 93
21155339 4
21155419 245
21155507 4
21155507 528
21155513 7
21155513 1323
21155513 9256
21155627 912
21155681 55
21155917 3
21155917 120
21155921 1995
21155999 1
21156013 3
21156029 492
21156049 11
21156071 1
21156077 60
21156127 17
21156323 1140
21156323 3801
21156391 33
21156403 393
21156413 3
21156511 2316
21156521 8404
21156607 12
21156613 8
21156661 7368
21156701 24
21156763 2628
21156769 147
21156769 2804
21156809 52
21156841 3
21156847 33
21156847 60
21156871 5153
21156923 1
21156923 165
21156923 1117
21157091 1
21157111 2156
21157117 3
21157121 184
21157207 5
21157249 4251
21157273 68
21157277 4
21157277 2340
21157319 1
21157369 1659
21157373 187
21157403 1
21157403 36
21157439 1
21157439 9676
21157463 1
21157483 5232
21157523 1
21157601 384
21157757 84
21157817 480
21157897 3
21157921 1028
21157973 3
21157987 605
21157993 11
21157993 56
21158003 1
21158041 15
21158051 1
21158161 44
21158257 8
21158299 3449
21158303 1
21158311 20
21158323 273
21158323 6732
21158471 1
21158519 1
21158549 7
21158563 2073
21158701 3
21158773 68
21158773 516
21158843 693
21158843 3208
21158959 4800
21158983 341
21159013 23
21159037 8
21159037 8384
21159041 384
21159059 1
21159109 107
21159119 1
21159181 1904
21159263 1
21159431 1168
21159487 105
21159499 1244
21159527 28
21159527 240
21159529 9716
21159539 645
21159539 664
21159629 300
21159629 8740
21159641 28
21159643 5
21159683 1
21159689 31
21159709 135
21159751 2013
21159791 1
21159857 3
21159889 36
21159899 1
21159899 4
21159953 3
21159973 351
21160001 3
21160081 1791
21160151 6004
21160211 1
21160211 13
21160211 3501
21160273 12
21160273 152
21160273 540
21160397 612
21160439 1
21160457 3
21160457 84
21160511 1
21160571 588
21160577 127
21160577 4000
21160651 53
21160673 115
21160679 6984
21160709 12
21160709 199
21160771 213
21160871 184
21160913 31
21160913 87
21160957 164
21160969 96
21161033 7
21161279 1
21161297 4
21161381 3
21161489 12
21161557 107
21161603 1
21161603 33
21161653 3
21161671 89
21161683 5
21161683 17
21161683 4788
21161717 187
21161729 84
21161737 155
21161779 161
21161779 749
21161869 9836
21161911 165
21161939 4
21161963 261
21161983 2000
21162007 17
21162007 20
21162019 5
21162041 40
21162259 260
21162259 2264
21162287 297
21162287 5992
21162289 371
21162307 260
21162359 1
21162359 9
21162397 8
21162503 120
21162517 3
21162539 304
21162623 5061
21162641 2083
21162709 32
21162709 879
21162793 1551
21162809 16
21162811 8
21162839 24
21162839 1384
21162839 2265
21162871 41
21162877 12
21162893 3
21162893 963
21162893 1308
21162959 1
21162959 16
21162997 228
21163033 11
21163189 1107
21163199 112
21163229 24
21163229 147
21163291 48
21163333 732
21163447 5
21163463 2728
21163469 40
21163531 24
21163543 696
21163543 1485
21163543 3836
21163553 3
21163621 156
21163781 76
21163847 165
21163847 4849
21163981 3
21163999 1505
21164051 28
21164051 64
21164057 304
21164063 1
21164093 9900
21164183 33
21164239 5
21164321 16
21164357 52
21164401 3
21164441 2839
21164453 1543
21164477 3024
21164501 4
21164501 99
21164579 9
21164827 269
21164929 11
21164929 920
21164989 20
21165149 4864
21165197 24
21165227 13
21165241 1364
21165299 880
21165383 8761
21165457 35
21165457 4464
21165491 1173
21165533 12
21165533 240
21165583 9008
21165607 32
21165667 108
21165883 381
21165997 24
21166009 36
21166099 21
21166147 9
21166181 516
21166217 7
21166337 75
21166381 204
21166499 1
21166499 57
21166507 1212
21166529 15
21166567 237
21166597 68
21166609 204
21166643 1
21166711 141
21166867 6320
21166891 84
21166907 12
21166907 1588
21166919 100
21166961 3
21166993 92
21167093 3
21167117 3
21167123 3825
21167147 13
21167161 7091
21167171 1
21167231 565
21167233 167
21167233 2075
21167257 404
21167323 132
21167423 1785
21167537 12
21167557 3
21167563 65
21167581 8
21167623 1065
21167647 9
21167647 677
21167711 24
21167747 9
21167747 33
21167791 5
21167801 24
21167801 276
21167863 20
21167953 263
21167963 5437
21167969 4
21167969 40
21167969 7284
21168053 3
21168101 759
21168229 395
21168271 369
21168313 771
21168397 264
21168409 60
21168439 4004
21168491 4
21168509 7
21168517 15
21168517 2219
21168517 9168
21168523 336
21168593 3
21168611 9
21168821 904
21168827 1428
21168871 285
21168883 6048
21168923 52
21168923 192
21168923 8412
21168949 119
21168971 1
21168971 225
21169009 39
21169033 843
21169073 3
21169091 1
21169091 4605
21169241 163
21169367 528
21169433 1875
21169457 12
21169541 2076
21169597 2748
21169609 279
21169657 63
21169679 1377
21169691 348
21169699 21
21169853 2643
21169859 1
21169877 403
21170077 15
21170113 3
21170119 4280
21170159 4
21170231 96
21170273 6520
21170297 324
21170323 5
21170333 183
21170353 308
21170353 3207
21170353 5831
21170399 4
21170431 80
21170521 1439
21170533 27
21170543 472
21170563 120
21170573 7
21170641 4244
21170651 1
21170753 55
21170881 3
21170887 684
21170887 2357
21170917 3872
21171037 912
21171037 1532
21171049 95
21171113 60
21171119 1
21171323 1
21171323 40
21171349 12
21171349 1872
21171361 264
21171617 4
21171617 39
21171739 81
21171739 765
21171743 1
21171743 1152
21171767 13
21171767 1609
21171811 761
21171859 552
21171869 1212
21171911 225
21171929 15
21171929 2572
21171961 20
21172003 2016
21172133 3
21172189 11
21172223 1
21172309 12
21172363 1116
21172381 3
21172423 2700
21172439 1
21172439 12
21172451 1
21172483 488
21172483 9357
21172499 1
21172579 1184
21172583 456
21172601 835
21172601 1255
21172637 3
21172649 7
21172829 72
21172967 852
21172979 3597
21173057 3
21173057 132
21173057 207
21173099 4
21173099 1564
21173101 3
21173101 11
21173147 265
21173221 888
21173233 3
21173309 115
21173311 7248
21173333 3
21173387 2304
21173473 3
21173473 2067
21173531 13
21173533 5352
21173573 4432
21173591 84
21173597 1012
21173693 3
21173699 37
21173767 285
21173773 431
21173783 1
21173783 2553
21173903 13
21173969 27
21174217 12
21174217 23
21174253 4223
21174331 5936
21174353 3
21174371 7216
21174389 60
21174389 171
21174407 6108
21174473 3276
21174511 156
21174541 24
21174563 21
21174653 7
21174733 8
21174749 7
21174749 99
21174847 12
21174887 6985
21174941 184
21174961 75
21174977 3
21175039 5
21175039 17
21175097 19
21175117 564
21175151 1
21175169 1096
21175213 131
21175213 668
21175243 1233
21175303 20
21175339 17
21175361 3748
21175501 56
21175603 8
21175691 4
21175691 24
21175699 9
21175837 527
21175907 37
21175907 1045
21175943 1
21175981 123
21175997 12
21176159 1
21176161 15
21176161 1244
21176161 1736
21176201 891
21176291 208
21176381 3
21176413 5076
21176423 21
21176479 140
21176567 24
21176579 1
21176591 1
21176591 4
21176591 48
21176647 297
21176651 1
21176681 328
21176741 99
21176801 195
21176801 583
21176801 688
21176801 3828
21176867 12
21176867 45
21177011 1
21177041 3676
21177041 7371
21177097 779
21177131 9
21177139 32
21177239 1
21177251 9
21177301 15
21177313 80
21177341 4
21177349 15
21177379 272
21177407 24
21177421 155
21177587 4312
21177613 20
21177617 700
21177677 6435
21177703 8
21177731 1
21177833 7
21177931 489
21177943 80
21177997 132
21178049 355
21178051 9
21178051 384
21178063 560
21178067 4
21178133 7
21178151 4
21178211 1
21178343 1
21178411 2969
21178411 5796
21178433 3
21178511 208
21178511 2244
21178513 3
21178571 1
21178571 1993
21178741 1056
21178777 3
21178819 389
21178847 9
21178849 287
21178933 48
21178933 588
21178933 647
21179023 2757
21179047 4025
21179051 4
21179069 7
21179071 36
21179099 4
21179111 64
21179111 2181
21179131 264
21179141 4356
21179237 4
21179287 5
21179317 75
21179351 4165
21179363 4141
21179369 2167
21179401 95
21179507 6168
21179519 1
21179519 16
21179519 276
21179579 1
21179591 1
21179689 2747
21179791 20
21179791 5376
21179819 4492
21179843 40
21179863 48
21180163 12
21180191 33
21180287 1185
21180413 2760
21180431 1
21180451 5
21180451 5601
21180571 8
21180583 393
21180667 12
21180683 1
21180703 17
21180707 4
21180737 7
21180737 28
21180749 3396
21180751 21
21180773 12
21180779 4029
21180857 4
21180871 29
21180889 24
21180893 7
21180893 15
21180893 76
21180923 252
21181081 131
21181103 1
21181157 3
21181289 19
21181423 165
21181471 1416
21181483 20
21181553 7
21181583 81
21181651 3704
21181673 16
21181679 1
21181891 21
21181933 60
21181997 24
21181997 187
21181999 5
21182009 204
21182171 9
21182171 16
21182177 1903
21182201 36
21182261 3
21182303 45
21182377 2220
21182417 39
21182429 315
21182461 3
21182533 756
21182543 1
21182647 12
21182657 7392
21182717 1243
21182723 8532
21182761 11
21182767 53
21182771 2484
21182771 3813
21182893 3
21182939 6661
21182971 6096
21183017 84
21183059 100
21183109 1511
21183223 8
21183247 9
21183269 4
21183269 300
21183341 19
21183353 3
21183353 715
21183353 3067
21183361 63
21183497 15
21183553 3
21183557 7
21183557 2439
21183559 245
21183611 280
21183629 24
21183671 1
21183703 81
21183781 24
21183791 1
21183809 4
21183923 1
21183923 13
21183959 69
21184073 40
21184139 1
21184139 4
21184151 1
21184187 553
21184349 4
21184379 301
21184393 128
21184441 83
21184463 85
21184463 133
21184469 1551
21184469 1996
21184511 676
21184519 209
21184571 1
21184571 4
21184571 1200
21184619 9
21184619 36
21185039 552
21185123 21
21185173 171
21185191 2169
21185249 100
21185291 48
21185303 1
21185303 33
21185303 52
21185309 12
21185309 67
21185317 3
21185357 3
21185371 105
21185387 160
21185389 44
21185413 35
21185413 131
21185441 3
21185441 120
21185441 148
21185441 760
21185449 12
21185473 1707
21185557 12
21185557 72
21185603 1
21185603 13
21185609 4
21185651 33
21185771 13
21185821 8
21185837 4
21185891 1
21186017 3
21186023 48
21186041 5919
21186041 8268
21186073 8
21186103 2505
21186169 80
21186203 1461
21186223 917
21186227 3117
21186239 1
21186283 237
21186307 317
21186359 12
21186359 817
21186367 9
21186367 33
21186383 1
21186409 5427
21186413 3
21186421 3
21186421 2459
21186527 7020
21186541 3
21186563 1
21186569 4
21186569 636
21186629 319
21186701 159
21186821 4
21186859 84
21186859 3032
21186929 16
21186943 5
21186983 1
21187027 20
21187193 48
21187213 35
21187213 815
21187279 665
21187303 5
21187319 1
21187339 209
21187351 1080
21187351 7236
21187511 1
21187511 120
21187591 8
21187619 1
21187633 171
21187687 452
21187781 15
21187811 1405
21187823 1
21187871 1
21187897 212
21187913 67
21188003 1
21188053 12
21188093 7
21188093 55
21188197 395
21188197 4104
21188213 3
21188339 4237
21188347 8
21188371 60
21188449 87
21188467 297
21188467 2988
21188527 89
21188581 219
21188599 281
21188623 57
21188633 1008
21188639 789
21188653 312
21188693 5247
21188707 392
21188731 81
21188731 173
21188737 8207
21188803 21
21188887 5
21188941 3
21189017 3
21189017 52
21189079 60
21189107 4
21189107 9249
21189109 8535
21189281 4320
21189403 5
21189403 17
21189473 3
21189473 16
21189481 15
21189481 1455
21189521 171
21189533 16
21189547 44
21189547 872
21189659 109
21189689 27
21189689 184
21189799 824
21189799 8717
21189899 4
21189947 13
21190123 140
21190231 8
21190259 1
21190259 21
21190259 276
21190259 5041
21190261 680
21190327 44
21190409 4
21190427 40
21190459 69
21190471 369
21190501 11
21190537 75
21190549 5795
21190591 2249
21190591 4244
21190621 3
21190667 205
21190703 16
21190739 4
21190739 8260
21190753 972
21190759 65
21190783 557
21190801 3563
21190817 3463
21190859 964
21190861 128
21190879 341
21190901 3
21190907 4
21190919 1
21190957 8
21190957 1059
21190997 184
21191123 1
21191143 7340
21191147 972
21191153 780
21191171 13
21191201 24
21191263 20
21191279 5961
21191369 9804
21191377 4163
21191447 9
21191459 1
21191459 45
21191459 1312
21191531 1320
21191539 245
21191543 1
21191581 36
21191591 1
21191603 1
21191743 68
21191749 27
21191761 2816
21191771 1176
21191813 7
21191977 23
21191977 212
21192029 771
21192091 4068
21192113 3
21192137 147
21192161 4
21192173 43
21192233 12
21192247 5
21192287 9
21192287 24
21192299 4
21192343 372
21192371 1
21192383 2640
21192443 1
21192481 83
21192481 4103
21192553 12
21192599 57
21192641 243
21192643 7653
21192713 3
21192713 27
21192791 40
21192889 1620
21192949 27
21192953 28
21192989 435
21193043 37
21193127 9
21193147 209
21193157 52
21193201 4664
21193223 13
21193223 16
21193223 21
21193231 56
21193283 1668
21193343 297
21193387 5
21193387 33
21193391 1
21193391 1225
21193411 2324
21193463 60
21193559 81
21193583 1
21193621 8
21193631 4
21193631 9
21193691 1
21193691 105
21193819 2469
21193829 412
21193847 168
21193853 16
21193889 9132
21193903 1661
21193937 52
21193993 8
21193999 2421
21194021 3
21194197 704
21194237 39
21194237 484
21194269 3651
21194351 40
21194351 133
21194353 167
21194497 108
21194497 828
21194497 5520
21194501 684
21194527 368
21194527 588
21194531 1
21194531 228
21194543 57
21194653 3
21194851 24
21194863 4505
21194879 100
21194933 283
21195059 1
21195061 3
21195113 583
21195199 6284
21195299 1
21195323 25
21195367 2709
21195403 20
21195409 764
21195497 4299
21195511 5
21195541 1496
21195667 5
21195751 5
21195751 944
21195751 1368
21195989 112
21196073 63
21196081 3
21196103 4848
21196159 69
21196183 921
21196211 1
21196223 1
21196223 3913
21196261 51
21196277 28
21196283 556
21196327 12
21196403 1
21196423 12
21196447 12
21196451 33
21196481 276
21196541 4
21196573 3615
21196583 420
21196601 5475
21196657 24
21196691 1
21196691 4
21196733 43
21196817 3
21196817 7719
21196907 157
21197089 12
21197117 3
21197153 3
21197161 8
21197161 495
21197167 2745
21197177 420
21197207 873
21197221 3
21197257 248
21197269 32
21197311 1040
21197353 8
21197353 156
21197357 2779
21197381 1764
21197437 15
21197591 9
21197621 3
21197621 4
21197621 16
21197621 5680
21197677 1239
21197677 1940
21197851 65
21197867 12
21197887 3005
21197899 144
21197921 2643
21198083 117
21198083 681
21198127 8
21198127 77
21198139 8232
21198187 780
21198253 3
21198329 1827
21198343 21
21198553 3
21198679 2184
21198757 3
21198769 7920
21198799 2537
21198869 40
21198911 33
21198917 67
21198977 3
21198977 4
21198977 5532
21198997 2807
21199069 1700
21199207 6020
21199219 56
21199223 4588
21199411 3045
21199441 263
21199471 9
21199471 149
21199531 681
21199613 7167
21199627 20
21199643 93
21199723 141
21199751 1
21199837 183
21199909 839
21200051 13
21200051 76
21200093 3
21200171 741
21200177 7
21200177 147
21200281 9180
21200303 1
21200461 11
21200539 341
21200579 1
21200579 36
21200633 3
21200761 35
21200783 337
21200831 1864
21200867 13
21200899 149
21200923 20
21201041 1051
21201067 5
21201067 4224
21201079 4109
21201121 116
21201127 257
21201133 3
21201157 27
21201251 36
21201289 431
21201347 432
21201347 1233
21201379 501
21201419 1
21201421 476
21201461 63
21201487 45
21201497 172
21201503 685
21201553 20
21201553 1235
21201563 28
21201599 12
21201611 1
21201619 1760
21201641 3
21201641 363
21201679 6752
21201721 135
21201893 63
21201919 5
21201919 201
21201937 39
21201937 348
21202001 1584
21202003 152
21202033 5076
21202033 8511
21202201 23
21202201 7068
21202261 143
21202261 195
21202273 36
21202367 304
21202421 28
21202429 24
21202429 452
21202541 3
21202541 4
21202589 331
21202751 9
21202763 1
21202843 5
21202957 3
21202957 3792
21203011 1113
21203023 876
21203123 45
21203213 1395
21203219 57
21203249 4
21203383 2873
21203459 1
21203513 3
21203513 316
21203513 2268
21203543 312
21203579 4
21203621 64
21203729 27
21203729 264
21203731 536
21203731 741
21203759 4
21203771 1
21203807 6544
21203827 44
21203857 219
21203899 5
21203977 623
21204037 32
21204251 1
21204329 7
21204349 6375
21204397 3
21204451 428
21204587 48
21204619 240
21204641 24
21204709 12
21204709 15
21204739 12
21204791 13
21204863 33
21204871 45
21204917 12
21205021 3
21205021 540
21205021 543
21205027 65
21205043 73
21205049 787
21205109 112
21205139 1
21205139 9
21205169 195
21205183 77
21205237 107
21205291 45
21205291 165
21205313 3
21205543 3116
21205559 4
21205621 840
21205703 88
21205759 257
21205781 99
21205823 288
21205871 4
21205889 64
21205901 100
21205901 660
21205909 515
21205991 1
21205993 3
21205993 11
21206131 813
21206131 2928
21206183 1
21206183 2125
21206239 80
21206249 6315
21206303 1
21206401 36
21206401 131
21206441 3
21206443 72
21206477 75
21206491 5
21206533 80
21206561 328
21206561 3744
21206579 1
21206579 2172
21206683 92
21206687 385
21206951 4
21206953 6315
21206953 7752
21206971 344
21206993 216
21206993 5967
21207037 20
21207101 3
21207107 8917
21207133 3
21207161 51
21207167 333
21207229 1899
21207331 2064
21207421 8
21207499 4760
21207539 4
21207581 3
21207581 4
21207581 16
21207607 2240
21207709 5552
21207757 3
21207757 147
21207757 155
21207853 3
21207869 7
21207881 4
21208037 43
21208051 5
21208051 36
21208091 60
21208183 20
21208183 560
21208361 171
21208361 199
21208441 3
21208513 87
21208547 4
21208613 3295
21208633 327
21208667 5853
21208697 19
21208699 36
21208709 3636
21208711 5
21208757 7
21208879 6081
21208919 1149
21208927 24
21208961 36
21208981 2459
21209003 1
21209033 3
21209117 7
21209119 2472
21209141 3
21209141 111
21209207 12
21209311 5
21209327 429
21209327 2409
21209417 183
21209417 2899
21209443 21
21209443 80
21209443 681
21209459 1
21209467 17
21209603 1
21209609 15
21209609 16
21209791 41
21209801 231
21209807 289
21209821 3
21209963 21
21210011 133
21210053 135
21210173 52
21210221 84
21210221 1848
21210221 4180
21210283 5912
21210367 93
21210433 3
21210433 528
21210499 197
21210521 123
21210557 484
21210691 24
21210703 4112
21210799 5
21210881 471
21210961 20
21210979 5
21211033 36
21211139 480
21211237 87
21211247 4
21211247 120
21211259 1
21211259 45
21211319 2701
21211373 76
21211373 196
21211381 2075
21211481 220
21211577 4915
21211783 185
21211849 8912
21211877 7
21211891 5109
21212017 2504
21212143 756
21212179 3261
21212183 12
21212239 9
21212239 9777
21212291 9
21212483 2637
21212491 8
21212501 3
21212501 148
21212519 1
21212591 568
21212593 3
21212701 3
21212701 24
21212777 684
21212837 1764
21212837 4132
21212903 33
21213041 660
21213047 420
21213089 52
21213089 171
21213089 184
21213163 57
21213193 6540
21213293 6451
21213347 4
21213373 3
21213431 1
21213431 2673
21213463 173
21213553 15
21213611 504
21213631 8
21213631 389
21213719 4
21213719 9597
21213781 680
21213799 1589
21213809 96
21213893 6640
21213911 36
21213923 448
21213991 1065
21214003 5
21214021 39
21214229 387
21214247 508
21214373 360
21214381 7083
21214433 28
21214463 16
21214477 240
21214643 1
21214651 53
21214673 15
21214777 3
21214873 15
21214913 3
21214931 7285
21214937 423
21214951 6545
21214961 39
21215027 13
21215027 64
21215141 3
21215231 1
21215459 1
21215543 1
21215599 12
21215599 44
21215611 8
21215611 536
21215627 9
21215657 1779
21215693 3280
21215767 8
21215783 1
21215827 24
21215851 5
21215893 3
21215969 7
21215969 19
21216053 763
21216061 4664
21216127 4412
21216137 2247
21216203 1
21216203 268
21216253 8
21216253 4763
21216361 84
21216457 800
21216497 99
21216529 12
21216551 1
21216551 13
21216551 220
21216619 24
21216631 144
21216739 152
21216743 13
21216791 4
21216791 76
21216791 2248
21216827 6705
21216841 3
21216961 56
21216983 1
21217019 1741
21217033 2883
21217039 401
21217121 1324
21217159 5621
21217199 4
21217271 85
21217379 1
21217397 360
21217453 3
21217561 51
21217577 4
21217597 599
21217657 1515
21217709 4
21217739 1
21217829 4
21217837 3
21217849 51
21217907 9
21217907 45
21218069 4779
21218143 56
21218143 513
21218189 5167
21218293 3
21218317 4928
21218419 17
21218419 1104
21218441 36
21218441 243
21218521 8
21218521 368
21218647 48
21218647 549
21218657 52
21218657 4543
21218713 3
21218887 5
21218887 92
21218957 3
21219007 272
21219049 15
21219059 712
21219061 324
21219083 36
21219091 29
21219091 1049
21219091 2180
21219109 2100
21219203 105
21219293 415
21219301 3
21219301 8
21219313 1487
21219343 573
21219433 3911
21219437 364
21219439 6944
21219449 1179
21219493 23
21219493 1572
21219563 1
21219631 56
21219641 3
21219707 40
21219767 144
21219787 9
21219787 12
21219787 1080
21219799 36
21219811 9
21219839 1
21219839 529
21219901 44
21219917 3
21219977 99
21220019 1
21220109 7852
21220153 5036
21220211 1
21220231 1284
21220261 8
21220261 5123
21220313 3
21220379 1
21220379 24
21220417 15
21220429 3740
21220477 32
21220477 804
21220477 9939
21220487 3645
21220583 1
21220597 3975
21220597 5292
21220627 8
21220751 13
21220753 288
21220819 29
21220819 65
21220847 3213
21220861 5216
21220877 9868
21221021 3
21221237 379
21221303 1
21221339 1
21221377 3
21221381 15
21221411 1156
21221429 31
21221441 9316
21221467 8
21221531 4
21221539 1616
21221569 80
21221579 4
21221597 568
21221621 4
21221621 3400
21221741 3
21221749 24
21221867 324
21221867 9208
21221909 7
21221947 197
21221953 3
21222037 975
21222043 12
21222043 20
21222043 60
21222143 1
21222251 1
21222367 5564
21222371 5565
21222391 5616
21222433 32
21222469 759
21222499 9272
21222611 1
21222679 32
21222679 1485
21222689 1132
21222689 9556
21222743 205
21222757 4007
21222757 6783
21222931 8
21222959 9
21222979 20
21222979 5816
21223061 4399
21223091 169
21223219 12
21223261 3
21223261 20
21223283 1
21223369 71
21223379 1
21223511 1
21223583 16
21223613 1728
21223619 1
21223637 7
21223661 1215
21223739 1
21223757 7
21223849 60
21223849 360
21223927 120
21223927 3684
21224023 312
21224053 1772
21224081 3
21224087 9
21224173 315
21224191 2781
21224293 5643
21224321 3
21224323 77
21224479 9
21224509 384
21224509 680
21224557 59
21224557 263
21224557 4208
21224591 145
21224647 5
21224741 1336
21224759 304
21224771 1
21224771 165
21224783 1
21224803 1280
21224893 3252
21224911 68
21224971 5
21224981 4
21224989 80
21225041 1356
21225103 12
21225209 355
21225229 212
21225293 771
21225551 64
21225563 1
21225613 12
21225649 9675
21225653 312
21225719 1
21225749 276
21225751 476
21225761 123
21225797 19
21225833 2443
21225863 132
21225881 5743
21225949 32
21225959 1
21226027 5
21226141 3
21226147 60
21226181 163
21226193 3
21226277 15
21226277 4680
21226291 21
21226291 81
21226321 584
21226327 84
21226367 1192
21226379 1
21226393 3
21226417 860
21226453 140
21226481 3
21226481 103
21226603 105
21226633 576
21226729 12
21226757 7
21226759 1880
21226883 292
21226903 176
21226969 75
21227113 728
21227201 3
21227257 27
21227267 229
21227363 28
21227513 3888
21227527 77
21227533 47
21227671 65
21227671 3668
21227711 1
21227753 15
21227851 65
21227863 4748
21227887 8
21227887 452
21227891 16
21227897 15
21227911 1785
21227933 3
21227989 75
21228049 147
21228049 944
21228247 5
21228289 39
21228289 71
21228371 2056
21228421 8
21228437 939
21228533 3
21228577 48
21228593 7
21228593 36
21228593 180
21228653 3
21228659 1
21228773 3
21228773 96
21228791 156
21228811 21
21228829 4956
21228847 5
21228853 11
21228877 440
21228901 131
21228979 1316
21228989 12
21229001 3
21229031 1
21229031 76
21229031 1789
21229063 6261
21229111 5
21229147 2097
21229163 1
21229199 1
21229237 204
21229237 312
21229249 15
21229301 4264
21229333 2288
21229333 3596
21229661 15
21229679 16
21229679 1780
21229693 3
21229727 225
21229751 1
21229771 5
21229883 100
21229919 1
21229951 3128
21229951 7700
21229961 3
21229979 1
21230159 84
21230177 124
21230243 120
21230249 472
21230537 7
21230557 15
21230617 8
21230707 648
21230761 3
21230767 504
21230791 4061
21230851 813
21230879 1
21230903 1
21230921 40
21230921 588
21230927 24
21230947 12
21230959 197
21230969 12
21231391 744
21231421 476
21231421 6815
21231443 1200
21231601 444
21231611 9
21231631 5
21231677 9240
21231713 91
21231719 4
21231731 73
21231781 8780
21231811 308
21231823 8
21231823 225
21231823 1233
21231851 1
21231883 6032
21231893 3
21231937 1128
21231941 88
21231971 21
21232033 3867
21232157 867
21232157 888
21232187 93
21232199 4
21232199 21
21232207 20
21232249 299
21232259 1
21232373 231
21232429 996
21232457 907
21232459 72
21232469 2715
21232513 995
21232531 20
21232663 485
21232699 29
21232777 3
21232777 4592
21232879 32
21232943 628
21232963 21
21232987 8
21232993 7575
21233123 1
21233131 20
21233131 2981
21233161 1119
21233197 83
21233293 4380
21233341 3
21233371 48
21233411 4
21233497 3
21233609 1551
21233647 33
21233651 529
21233753 708
21233827 332
21233911 1301
21233939 1
21234007 533
21234029 5176
21234049 15
21234049 3047
21234091 5
21234091 5961
21234361 5283
21234379 12
21234379 4737
21234401 24
21234427 5
21234431 64
21234443 5061
21234529 1280
21234601 3
21234701 3
21234701 504
21234709 87
21234767 2328
21234797 4
21234797 3964
21234877 5972
21235001 3
21235013 48
21235037 19
21235061 40
21235243 72
21235523 1
21235523 901
21235639 60
21235727 4
21235729 11
21235763 25
21235793 3232
21235883 12
21236021 31
21236063 1
21236123 1
21236161 20
21236219 592
21236249 2280
21236263 2988
21236311 8
21236359 264
21236363 1561
21236399 1
21236399 132
21236447 112
21236473 3
21236473 108
21236653 12
21236713 5447
21236749 35
21236749 476
21236753 36
21236753 52
21236753 271
21236753 2092
21236771 9
21236857 3
21236867 4
21236921 3
21236921 136
21236921 1195
21236951 9
21236951 33
21236983 8753
21237011 1
21237011 76
21237011 265
21237113 732
21237143 1
21237143 6100
21237217 23
21237239 1
21237343 8
21237407 13
21237407 28
21237427 929
21237431 1
21237563 157
21237613 3
21237637 60
21237679 65
21237679 417
21237701 219
21237703 245
21237707 25
21237731 1
21237731 229
21237731 1704
21237737 139
21237767 28
21237899 9
21237899 45
21237919 56
21237967 17
21237971 6373
21237973 27
21238033 27
21238093 3111
21238097 132
21238141 11
21238211 736
21238249 375
21238271 1
21238303 812
21238351 441
21238433 3
21238471 24
21238513 3455
21238549 59
21238571 280
21238589 7
21238589 187
21238631 4
21238669 260
21238669 1299
21238709 9600
21238741 3
21238753 1335
21238753 4140
21238757 1300
21238901 3
21238901 31
21238901 568
21239077 483
21239081 19
21239087 24
21239087 9340
21239177 15
21239203 21
21239203 1952
21239237 648
21239329 36
21239329 815
21239333 483
21239357 3
21239357 12
21239363 1
21239429 91
21239453 480
21239467 12
21239467 137
21239467 332
21239483 1
21239483 6153
21239497 3
21239597 4
21239611 8645
21239639 1
21239641 3
21239641 9891
21239671 5
21239693 7
21239707 549
21239711 4
21239717 60
21239759 100
21239831 280
21239839 2792
21240133 3
21240311 1
21240311 16
21240377 7
21240379 24
21240389 60
21240403 36
21240511 56
21240551 4
21240551 24
21240551 76
21240587 9237
21240643 8
21240719 69
21240719 124
21240761 264
21240781 11
21240833 76
21240887 12
21240887 4077
21240889 60
21240913 15
21240991 65
21241013 196
21241037 3
21241043 60
21241049 187
21241093 3
21241147 4068
21241153 3
21241153 411
21241217 19
21241247 117
21241261 23
21241391 441
21241457 27
21241477 3
21241501 128
21241511 16
21241511 25
21241559 1941
21241573 11
21241631 8596
21241723 8
21241777 6119
21241837 15
21241859 3304
21241877 4348
21241901 9088
21241937 4
21241991 1
21242063 52
21242077 1967
21242093 2280
21242339 1
21242393 387
21242491 9
21242491 29
21242521 48
21242591 9
21242713 116
21242717 400
21242747 9
21242783 72
21242827 12
21242833 252
21242917 3
21242957 6468
21242981 415
21242999 1
21243011 1
21243011 21
21243023 1
21243023 256
21243059 112
21243077 4
21243137 12
21243137 1972
21243253 7251
21243503 1
21243503 205
21243503 376
21243637 39
21243637 3719
21243769 1035
21243821 3
21243821 43
21243857 3
21243907 597
21243983 372
21243983 1057
21243997 3
21243997 1812
21244063 4701
21244199 1
21244199 4
21244217 4
21244231 5
21244231 8
21244369 12
21244477 119
21244693 3915
21244711 6504
21244777 84
21244859 1044
21244871 189
21244903 152
21244913 1323
21244921 20
21244921 255
21244969 12
21244969 7436
21244991 1
21244991 249
21244999 297
21245051 1
21245099 1
21245099 57
21245153 7
21245167 3377
21245179 7340
21245183 33
21245219 9
21245309 55
21245317 267
21245459 1521
21245489 12
21245519 97
21245533 1535
21245561 4
21245561 36
21245683 2408
21245683 3020
21245729 376
21245737 2180
21245747 9784
21245773 56
21245779 449
21245803 281
21245839 7565
21245947 132
21245963 1
21245977 3
21246143 1
21246151 1145
21246193 11
21246221 115
21246271 5
21246307 53
21246307 824
21246367 9
21246419 1
21246419 64
21246443 456
21246469 215
21246479 372
21246551 1
21246557 72
21246557 87
21246557 979
21246713 232
21246781 3
21246851 969
21246913 1031
21246949 119
21247027 8
21247049 3112
21247069 119
21247069 3167
21247151 1
21247207 17
21247211 48
21247313 387
21247313 5047
21247319 4
21247321 11
21247321 1079
21247333 32
21247363 5
21247367 13
21247463 12
21247579 65
21247591 180
21247693 80
21247873 23
21247913 27
21247931 4
21247991 4
21248057 3792
21248093 727
21248119 84
21248153 1227
21248173 3
21248231 1
21248231 45
21248231 904
21248263 48
21248273 156
21248281 8
21248303 13
21248309 7
21248401 920
21248417 6067
21248473 12
21248639 544
21248651 1
21248651 240
21248651 1849
21248663 1
21248713 3
21248713 648
21248743 33
21248771 40
21248819 1
21248893 180
21249097 255
21249103 81
21249149 4
21249197 3
21249197 2200
21249281 5824
21249287 28
21249287 1297
21249559 200
21249559 1409
21249731 1
21249737 4668
21249857 40
21249863 1
21249913 3
21249919 5045
21250001 1071
21250039 560
21250171 308
21250211 4581
21250309 27
21250337 4
21250429 231
21250477 4527
21250499 12
21250511 1
21250511 45
21250637 4
21250693 23
21250787 48
21250793 2251
21250807 1164
21250813 7928
21250849 11
21250979 36
21251053 8
21251093 3
21251117 3
21251137 39
21251281 155
21251339 40
21251383 5
21251383 212
21251389 11
21251393 2787
21251413 2015
21251467 672
21251617 20
21251669 7
21251689 12
21251731 5
21251773 2076
21251831 96
21251843 2545
21251863 1137
21251903 1
21251941 3
21252001 15
21252137 52
21252139 429
21252149 4
21252149 672
21252167 2809
21252239 1
21252289 87
21252323 2065
21252353 3
21252353 12
21252377 2520
21252401 15
21252401 55
21252487 612
21252503 472
21252551 1
21252607 2577
21252611 4
21252617 7
21252677 27
21252739 224
21252821 2244
21252821 2520
21252821 7116
21252899 7137
21252953 240
21252971 1
21252983 13
21252983 96
21253019 1
21253277 3
21253301 555
21253301 1291
21253319 4
21253319 136
21253333 3
21253361 4
21253499 1
21253627 8109
21253649 124
21253657 24
21253697 3
21253711 20
21253721 204
21253721 855
21253763 72
21253871 1
21253937 1987
21253993 11
21254041 7239
21254119 21
21254171 1
21254263 53
21254273 495
21254279 1
21254297 207
21254327 4
21254329 584
21254371 20
21254381 16
21254381 43
21254399 1
21254411 385
21254627 24
21254647 8
21254647 893
21254707 17
21254707 888
21254819 1221
21254819 8301
21254861 3
21254903 1
21254963 241
21255077 4
21255077 63
21255203 1
21255209 12
21255263 1
21255329 16
21255329 2611
21255557 139
21255569 1527
21255607 597
21255613 47
21255613 60
21255721 68
21255727 9
21255853 2100
21255931 8381
21255947 48
21255947 129
21255973 3
21256099 5
21256099 252
21256259 1096
21256283 1
21256369 11
21256379 1
21256523 112
21256567 137
21256591 6741
21256633 5208
21256637 132
21256709 375
21256751 1
21256799 1
21256813 3
21256841 3
21256843 12
21257017 647
21257077 359
21257101 6639
21257177 3
21257177 4
21257237 163
21257303 25
21257303 72
21257417 1275
21257473 3920
21257521 3
21257521 1676
21257549 8319
21257651 336
21257669 16
21257699 1
21257737 2327
21257767 8
21257767 17
21257801 6408
21257851 48
21257857 15
21257893 3
21257927 229
21257963 132
21258001 35
21258059 1
21258059 129
21258121 3
21258329 91
21258361 731
21258361 4031
21258373 12
21258373 108
21258481 71
21258563 16
21258569 4539
21258659 25
21258661 140
21258661 1380
21258691 464
21258779 4
21258793 83
21258817 20
21258817 75
21258817 4199
21258833 240
21258833 8920
21258917 1027
21258983 1
21259037 15
21259151 4
21259151 8416
21259159 1844
21259223 481
21259261 3
21259321 264
21259373 28
21259417 2564
21259487 1960
21259543 960
21259559 456
21259573 8
21259699 4041
21259709 7
21259807 84
21259807 7428
21259891 524
21259897 20
21259957 3
21259967 4
21260087 564
21260207 4
21260233 20
21260279 1
21260377 60
21260377 587
21260413 75
21260419 12
21260431 1521
21260501 4
21260609 1120
21260621 283
21260647 120
21260647 245
21260647 297
21260651 49
21260663 352
21260669 24
21260983 21
21260989 207
21261059 817
21261077 867
21261179 49
21261179 612
21261187 5
21261193 32
21261211 5
21261241 44
21261241 95
21261283 2108
21261337 1115
21261433 3
21261511 281
21261517 1164
21261593 255
21261601 228
21261613 5180
21261677 88
21261707 409
21261767 24
21261803 61
21261809 1140
21261827 57
21261941 4131
21261953 547
21261971 13
21261971 73
21262211 69
21262237 320
21262247 12
21262289 544
21262363 65
21262363 3656
21262429 947
21262453 3
21262459 1421
21262541 3
21262561 11
21262561 84
21262561 111
21262561 2924
21262589 19
21262589 1156
21262601 4
21262663 77
21262663 3053
21262663 7785
21262669 4640
21262711 60
21262819 12
21262819 24
21262819 36
21262841 231
21262883 1
21262999 9
21262999 744
21263089 3675
21263093 15
21263153 3243
21263161 1400
21263167 72
21263167 297
21263171 1
21263237 3
21263279 1
21263369 2191
21263453 55
21263471 8481
21263503 120
21263519 205
21263537 67
21263579 1
21263579 265
21263587 140
21263663 1
21263663 1776
21263713 56
21263729 7
21263729 60
21263729 1144
21263731 5
21263761 875
21263761 1604
21263797 3
21263797 6443
21263867 85
21263867 184
21263897 60
21263927 1785
21263987 9
21263987 237
21263993 211
21264037 155
21264101 4
21264149 4
21264209 2251
21264349 204
21264391 8
21264413 4432
21264421 3636
21264563 1
21264563 480
21264613 15
21264613 23
21264787 273
21264851 1
21264871 8048
21264931 9
21264931 41
21264959 8049
21265001 15
21265043 1
21265051 5
21265241 4
21265253 2188
21265273 648
21265337 1635
21265537 80
21265661 6424
21265709 591
21265747 9
21265747 2060
21265781 2220
21265819 632
21265831 1305
21265837 2027
21265847 669
21265873 36
21265897 1059
21265943 1
21266017 35
21266029 11
21266029 671
21266087 565
21266129 72
21266207 4
21266293 3
21266299 21
21266389 2531
21266393 3655
21266407 104
21266551 173
21266603 1
21266753 7
21266761 59
21266849 31
21266867 9
21266867 72
21266873 172
21266873 9367
21266891 1
21266951 1
21266951 205
21267049 2375
21267049 9687
21267053 387
21267067 1412
21267079 5
21267083 73
21267371 13
21267437 67
21267439 5141
21267451 420
21267451 5613
21267497 552
21267619 65
21267679 4940
21267689 91
21267769 12
21267791 1
21267791 156
21267823 5
21267839 2241
21267871 9713
21267881 1044
21267899 765
21267941 1003
21267997 3
21267997 168
21268001 3
21268061 5443
21268073 75
21268073 168
21268073 231
21268103 145
21268129 3711
21268147 129
21268151 1
21268153 192
21268183 225
21268231 2484
21268249 15
21268249 1655
21268259 1
21268267 1497
21268327 672
21268369 1112
21268441 951
21268567 297
21268613 48
21268631 1
21268631 13
21268661 228
21268691 208
21268699 81
21268763 312
21268801 2444
21268829 412
21268829 784
21268889 60
21268901 28
21268901 324
21268909 80
21268993 96
21269009 156
21269009 432
21269099 3025
21269161 2468
21269243 100
21269263 12
21269321 2620
21269401 35
21269471 28
21269527 29
21269597 7360
21269609 16
21269639 1
21269639 261
21269713 3
21269713 8108
21269719 45
21269747 652
21269777 172
21269837 48
21269837 240
21269879 1
21269903 1
21269923 5960
21269947 1580
21269953 8
21269957 499
21269957 2823
21269971 21
21269971 105
21270037 159
21270071 1605
21270089 307
21270167 508
21270187 1464
21270413 972
21270547 8
21270779 7537
21270817 48
21270877 2328
21270919 780
21270971 1
21270973 156
21270973 647
21270979 437
21270979 2645
21271027 237
21271153 3683
21271163 253
21271207 377
21271223 2665
21271253 3
21271253 7
21271259 1
21271259 4
21271277 603
21271499 3685
21271553 660
21271643 1
21271721 99
21271727 13
21271751 4
21271751 7665
21271787 369
21271837 800
21271891 116
21271931 1
21271931 13
21271949 111
21271949 3267
21271961 16
21272011 81
21272021 96
21272021 739
21272099 1
21272123 60
21272129 24
21272213 40
21272213 732
21272291 1
21272351 316
21272371 3365
21272477 72
21272483 1
21272527 252
21272579 1
21272681 2131
21272971 96
21272987 189
21273013 8
21273181 8
21273253 83
21273257 3
21273277 747
21273359 4
21273431 816
21273457 939
21273487 120
21273503 1
21273503 7656
21273583 8
21273601 99
21273611 1
21273611 88
21273683 285
21273713 3
21273803 1557
21273803 7756
21273913 2111
21273961 39
21274031 1
21274067 4
21274067 13
21274109 55
21274133 3
21274159 57
21274193 3
21274219 509
21274261 7656
21274283 1
21274307 33
21274343 1
21274349 4
21274399 5
21274439 4
21274441 20
21274441 255
21274453 6671
21274481 243
21274619 729
21274679 5424
21274733 3
21274733 28
21274763 1
21274763 33
21274823 28
21274831 569
21274907 4813
21274933 15
21275017 2720
21275123 120
21275203 8
21275281 3
21275297 379
21275311 125
21275329 27
21275399 1
21275567 88
21275587 33
21275599 192
21275623 225
21275651 1
21275651 4
21275659 5132
21275711 1
21275711 4
21275747 4
21275809 1407
21275869 159
21275873 3
21275887 20
21275893 6860
21275909 7
21275981 3
21276071 1
21276071 489
21276187 8
21276263 1
21276287 117
21276377 7
21276457 8
21276461 3
21276551 276
21276557 5068
21276569 4360
21276623 472
21276859 1025
21276907 65
21276917 28
21276949 20
21277021 3
21277021 48
21277021 296
21277043 1
21277153 416
21277247 804
21277301 2875
21277337 39
21277411 41
21277411 68
21277423 20
21277423 7673
21277519 177
21277577 3
21277579 980
21277609 35
21277639 17
21277639 8445
21277643 1297
21277667 13
21277717 63
21277721 2719
21277723 1236
21277747 5
21277747 12
21277769 91
21277933 20
21277969 5211
21277979 1
21277987 140
21278063 1
21278093 891
21278111 1176
21278149 1124
21278171 1
21278177 4
21278261 3811
21278269 80
21278317 8
21278317 59
21278459 241
21278567 4
21278633 3
21278711 1
21278773 1215
21278819 1
21278861 5328
21278941 164
21279047 1413
21279059 1720
21279101 31
21279131 21
21279151 824
21279211 36
21279229 20
21279241 116
21279253 107
21279263 8700
21279289 59
21279319 5681
21279331 5
21279421 35
21279421 48
21279497 39
21279527 48
21279527 97
21279611 13
21279679 5
21279689 36
21279691 588
21279737 7
21279749 1395
21279781 59
21279781 204
21279859 5
21279959 1
21280081 59
21280099 92
21280099 1605
21280163 37
21280169 16
21280219 65
21280327 12
21280387 5768
21280417 795
21280423 128
21280433 147
21280433 2031
21280691 424
21280729 2079
21280747 33
21280843 117
21280873 1431
21280891 204
21280981 48
21280993 12
21280999 3696
21281027 153
21281027 5340
21281077 3
21281089 35
21281153 3
21281231 9
21281341 8
21281357 7
21281369 7
21281441 31
21281453 7
21281543 28
21281581 51
21281581 264
21281627 1644
21281651 1
21281783 1
21281891 1
21281891 21
21281891 156
21281951 33
21282083 1
21282167 33
21282197 784
21282241 11
21282251 120
21282257 168
21282263 1
21282397 35
21282467 4
21282529 11
21282643 3608
21282661 35
21282727 5
21282743 1
21282791 21
21282791 6021
21282799 77
21282803 432
21282803 1957
21282829 20
21282847 497
21282853 15
21282901 3
21282953 4888
21282967 12
21283033 3
21283039 56
21283117 15
21283169 160
21283259 100
21283351 3945
21283397 72
21283397 463
21283403 16
21283417 447
21283417 1803
21283511 1
21283511 28
21283517 27
21283523 1
21283523 36
21283597 3
21283673 31
21283699 216
21283721 31
21283771 528
21283777 44
21283859 1
21283859 897
21283859 3081
21283919 1
21283921 11
21283967 6669
21283979 805
21284117 547
21284117 9732
21284149 131
21284171 120
21284171 8281
21284189 24
21284227 5
21284227 1373
21284339 1
21284339 21
21284369 4
21284369 391
21284401 3
21284423 40
21284423 232
21284489 4
21284491 6416
21284519 37
21284519 129
21284533 3
21284551 33
21284587 8
21284597 28
21284597 244
21284609 16
21284609 19
21284609 4207
21284707 72
21284723 1
21284723 2100
21284741 55
21284741 295
21284741 5940
21284773 3
21284797 3
21284839 29
21284903 12
21284917 3
21284929 4811
21284933 328
21284983 5
21284987 9
21285023 81
21285107 37
21285137 27
21285179 16
21285197 139
21285223 72
21285287 28
21285311 1
21285317 555
21285337 39
21285337 5043
21285347 52
21285463 356
21285521 3
21285521 40
21285569 136
21285611 6420
21285703 8
21285727 33
21285749 4
21285799 1956
21285811 8
21285821 19
21285907 69
21285917 3283
21286003 2000
21286039 5
21286073 667
21286103 9841
21286129 11
21286277 3132
21286387 1337
21286427 48
21286451 9
21286483 20
21286483 252
21286513 35
21286513 8652
21286543 4281
21286579 5396
21286673 15
21286691 1
21286691 693
21286823 1
21286943 1
21286943 148
21286961 159
21286963 1133
21286981 23
21287033 12
21287033 1803
21287081 4
21287089 15
21287143 348
21287243 1
21287303 13
21287303 45
21287309 12
21287309 64
21287309 175
21287309 592
21287309 1140
21287327 253
21287333 7228
21287389 644
21287393 3652
21287407 12
21287411 1
21287423 37
21287449 12
21287633 7
21287633 51
21287633 2467
21287641 4296
21287681 4
21287831 13
21287837 3
21287873 6991
21287879 1
21287909 2019
21287909 9600
21288013 1968
21288049 3164
21288083 1
21288161 31
21288191 4
21288217 444
21288343 8
21288353 7
21288359 12
21288473 3
21288499 2472
21288529 35
21288551 1
21288577 15
21288637 9719
21288713 12
21288739 69
21288833 7840
21288937 452
21288937 972
21288959 9
21288973 3
21288983 1948
21289031 21
21289031 25
21289031 40
21289069 12
21289123 8
21289123 2645
21289181 4
21289201 11
21289201 3695
21289259 1
21289361 1075
21289399 56
21289399 285
21289409 51
21289409 180
21289447 5
21289459 2432
21289511 385
21289511 565
21289511 5113
21289547 4132
21289573 1200
21289579 17
21289579 21
21289613 3
21289643 1
21289679 1
21289691 165
21289703 88
21289753 3
21289757 84
21289757 99
21289769 16
21289781 444
21289843 5
21289867 3284
21289889 4
21289913 16
21289981 48
21289993 123
21289999 2889
21290083 41
21290141 288
21290167 7077
21290173 15
21290219 196
21290303 1
21290351 2385
21290419 1836
21290441 31
21290519 252
21290537 204
21290569 411
21290593 2012
21290623 77
21290641 891
21290693 15
21290701 3
21290813 3
21290839 180
21290923 33
21290999 1
21291029 219
21291097 95
21291113 51
21291139 776
21291217 3
21291269 87
21291373 207
21291383 1
21291467 4
21291503 1
21291511 249
21291671 16
21291749 432
21291757 3
21291899 12
21291943 1841
21291961 200
21291971 1
21291971 181
21292099 21
21292153 23
21292231 149
21292231 1245
21292277 2383
21292291 44
21292291 1020
21292303 1256
21292343 1
21292361 864
21292391 1
21292429 144
21292433 2331
21292441 4904
21292471 120
21292471 1869
21292561 3
21292589 207
21292631 868
21292639 5
21292657 20
21292681 3
21292751 93
21292867 33
21292867 48
21292919 9
21292979 397
21293029 155
21293057 28
21293081 3
21293081 160
21293089 755
21293099 21
21293387 4648
21293399 1
21293483 1608
21293521 1703
21293563 5
21293659 5400
21293717 3
21293717 864
21293761 335
21293803 201
21293861 7671
21293887 29
21293887 77
21293903 2932
21293939 1
21293939 540
21293957 7
21294001 11
21294109 15
21294187 45
21294233 3
21294239 16
21294419 120
21294419 1129
21294491 1
21294517 428
21294577 68
21294577 699
21294641 3
21294641 51
21294641 208
21294731 60
21294797 63
21294797 252
21294853 27
21294881 624
21294913 3
21295051 224
21295201 3
21295273 48
21295273 8136
21295289 232
21295303 5
21295349 7
21295349 2560
21295361 3
21295361 835
21295459 5
21295489 327
21295507 69
21295507 197
21295601 175
21295601 775
21295643 7872
21295709 4
21295721 4635
21295777 8
21295801 3
21295817 315
21295829 24
21295829 2044
21296111 1
21296111 304
21296269 560
21296333 3
21296357 7
21296437 44
21296467 77
21296651 1
21296857 15
21296909 31
21296921 3
21296921 4
21296939 1
21296939 36
21297019 24
21297037 3
21297131 1
21297151 41
21297203 1
21297247 5
21297293 16
21297457 7215
21297539 1
21297559 65
21297631 4505
21297641 28
21297641 2323
21297659 769
21297673 6207
21297733 135
21297733 1395
21297779 1
21297797 2352
21297853 6767
21297907 5
21297973 47
21298073 195
21298099 2024
21298171 5
21298181 15
21298187 2625
21298217 7
21298283 13
21298309 60
21298309 240
21298357 12
21298397 7
21298489 3047
21298493 723
21298517 7
21298559 1
21298559 21
21298561 4331
21298583 40
21298691 60
21298723 1580
21298751 1828
21298757 1447
21298769 7
21298787 97
21298799 24
21298859 1600
21298999 536
21299041 263
21299051 1
21299129 4
21299141 3
21299149 144
21299231 3061
21299261 283
21299261 484
21299303 1
21299321 55
21299417 3
21299549 15
21299639 1
21299639 16
21299639 1132
21299647 4308
21299687 9
21299701 279
21299783 1
21299809 71
21299897 3
21299923 596
21299947 5
21299959 1505
21300089 1120
21300203 1
21300341 9844
21300479 1512
21300481 8
21300481 1100
21300491 4
21300509 156
21300551 1
21300551 268
21300551 2073
21300583 525
21300659 4
21300659 6364
21300673 1952
21300679 2057
21300749 4
21300757 3
21300791 4
21300941 75
21300959 1
21300959 1341
21301043 160
21301069 12
21301097 19
21301097 184
21301201 8
21301219 20
21301229 36
21301331 13
21301363 5
21301363 20
21301403 145
21301411 3224
21301507 5
21301507 6500
21301523 1
21301523 21
21301523 2992
21301613 4995
21301691 448
21301723 60
21301741 1268
21301759 84
21301801 584
21301823 1
21301853 2448
21301859 2320
21301873 183
21301949 4
21302063 1
21302063 156
21302111 1
21302123 13
21302129 16
21302143 8
21302191 5
21302219 1
21302219 49
21302221 11
21302227 1344
21302251 56
21302273 40
21302279 141
21302321 3
21302459 24
21302483 1
21302527 8
21302527 149
21302539 1445
21302551 341
21302557 12
21302557 143
21302579 1120
21302597 2403
21302653 936
21302681 3795
21302707 8
21302707 9
21302741 4648
21302837 19
21302881 15
21302893 3
21302947 9
21303059 1
21303137 39
21303137 232
21303137 412
21303143 1
21303257 3
21303257 72
21303257 900
21303259 5
21303311 1
21303421 3
21303473 627
21303577 48
21303577 420
21303599 1
21303629 36
21303631 3849
21303671 1
21303679 152
21303713 456
21303757 3555
21303757 7203
21303781 3
21303817 732
21303901 756
21303917 19
21304079 141
21304237 24
21304253 375
21304273 11
21304441 599
21304477 27
21304499 1
21304627 1128
21304639 5
21304639 24
21304639 189
21304639 8324
21304793 3
21304847 369
21304873 3227
21304931 1
21304951 5
21304979 2020
21305047 5
21305059 672
21305159 4
21305159 6384
21305173 236
21305231 24
21305237 667
21305309 4
21305461 143
21305483 2617
21305483 2665
21305497 3
21305497 27
21305497 507
21305497 1215
21305507 124
21305513 15
21305551 8
21305657 7
21305671 21
21305671 1121
21305681 63
21305699 1
21305741 583
21305891 1
21305939 1
21305939 4
21306149 291
21306167 1500
21306179 1
21306193 3
21306193 1700
21306193 9135
21306209 4
21306281 3
21306281 4
21306281 19
21306281 3283
21306283 60
21306283 357
21306289 75
21306317 19
21306343 377
21306407 12
21306431 21
21306433 20
21306539 1
21306539 4
21306547 20
21306739 2001
21306811 141
21306823 440
21306869 76
21306881 460
21306881 9828
21306953 76
21306983 216
21307093 800
21307109 579
21307283 217
21307333 68
21307339 21
21307339 29
21307339 224
21307469 4
21307469 352
21307753 116
21307771 116
21307859 385
21307877 3
21307877 28
21307889 4
21307963 8
21307973 7
21307991 1
21308003 40
21308107 72
21308141 4
21308213 3
21308303 1521
21308347 5
21308347 380
21308347 2528
21308509 24
21308579 169
21308579 409
21308659 336
21308663 12
21308711 1
21308723 1
21308723 100
21308723 157
21308753 3
21308759 124
21308789 211
21308789 8040
21308801 3
21308801 19
21308867 9
21308887 9248
21308921 4
21308953 4587
21308957 88
21308981 4
21308981 183
21308983 5
21308983 161
21308993 7447
21308999 1
21308999 4
21309023 525
21309103 72
21309263 12
21309601 39
21309647 652
21309689 51
21309713 60
21309733 7707
21309787 332
21309793 1091
21309839 84
21310007 685
21310007 3444
21310021 4980
21310043 1
21310057 5067
21310097 723
21310117 552
21310147 17
21310243 893
21310271 5325
21310297 12
21310321 23
21310417 63
21310477 3
21310477 728
21310561 3
21310643 1
21310649 2320
21310657 119
21310657 252
21310771 3368
21310847 1324
21310889 24
21310889 39
21310901 3
21310901 5863
21310921 3
21310921 3843
21311033 16
21311117 3
21311161 3
21311177 9835
21311219 1
21311399 4
21311503 476
21311527 12
21311611 36
21311611 84
21311621 3
21311629 11
21311701 8
21311701 24
21311701 83
21311809 12
21311813 12
21311893 20
21311951 21
21311957 4
21312059 1
21312059 261
21312059 3124
21312059 7897
21312107 249
21312223 17
21312257 7
21312257 12
21312289 936
21312299 1
21312323 148
21312323 621
21312439 32
21312463 1533
21312517 3
21312539 2109
21312619 17
21312619 149
21312631 4013
21312871 240
21312911 1
21313001 19
21313021 2531
21313037 19
21313091 4
21313133 3
21313181 6568
21313199 2152
21313301 4
21313343 1
21313349 6459
21313363 1941
21313379 9
21313429 11
21313447 8
21313577 15
21313673 88
21313693 2048
21313697 460
21313769 7
21313793 3
21313841 63
21313841 96
21313867 8208
21313931 1
21313931 493
21313951 21
21314177 39
21314231 21
21314273 12
21314291 1
21314297 3
21314299 240
21314327 48
21314357 4
21314387 12
21314411 1
21314473 8
21314567 1393
21314603 16
21314729 60
21314771 4
21314771 73
21314819 4461
21314837 15
21314857 12
21314857 455
21314857 7284
21314933 2496
21315001 128
21315001 9819
21315163 48
21315187 8
21315187 32
21315211 321
21315223 5
21315241 11
21315241 1088
21315247 45
21315251 1
21315341 48
21315353 223
21315389 19
21315557 24
21315583 36
21315611 16
21315689 31
21315709 419
21315709 2135
21315719 816
21315761 15
21315797 12
21315803 1
21316021 3
21316199 5281
21316201 399
21316231 633
21316319 469
21316349 19
21316349 199
21316391 4
21316417 44
21316507 225
21316507 584
21316513 140
21316531 1700
21316553 27
21316579 365
21316661 2404
21316663 5
21316667 133
21316693 188
21316739 52
21316751 168
21316753 3968
21316859 1
21316903 45
21316903 1037
21316987 29
21317003 4368
21317033 3
21317033 100
21317039 4
21317081 744
21317129 12
21317423 40
21317441 8364
21317479 9
21317479 12
21317479 56
21317521 135
21317531 5365
21317683 81
21317689 155
21317729 31
21317759 1
21317759 21
21317873 436
21317887 17
21317887 1865
21317977 188
21318047 1185
21318191 1
21318211 36
21318257 3
21318257 43
21318257 643
21318313 252
21318317 4063
21318403 236
21318443 1
21318449 5832
21318481 135
21318481 776
21318709 156
21318727 12
21318733 15
21318763 65
21318767 1533
21318877 8
21318977 259
21318977 3652
21319087 5
21319093 3
21319093 831
21319097 3
21319097 384
21319171 29
21319421 1348
21319433 3
21319433 511
21319453 168
21319457 1972
21319567 4889
21319603 1461
21319609 851
21319687 9
21319687 6477
21319703 196
21319703 1860
21319747 1464
21319757 147
21319759 5
21319759 29
21319759 41
21319763 345
21319937 84
21319981 164
21320021 3
21320107 29
21320197 9372
21320213 2580
21320239 5
21320297 19
21320479 1877
21320491 5
21320513 7
21320513 15
21320531 1
21320531 3201
21320557 1220
21320743 6432
21320749 15
21320749 32
21320821 255
21320833 8
21320837 12
21320851 1181
21320867 4
21320881 195
21321031 2024
21321101 456
21321121 3
21321133 15
21321169 11
21321277 12
21321337 87
21321431 4
21321497 7
21321497 1944
21321577 1055
21321577 1143
21321623 1
21321709 11
21321733 3
21321733 243
21321869 619
21321887 49
21321889 452
21321899 61
21321917 967
21321959 1
21321967 53
21322019 1
21322043 2700
21322057 23
21322117 12
21322181 19
21322201 2783
21322277 19
21322289 139
21322319 1
21322331 1
21322391 21
21322417 500
21322601 91
21322621 1019
21322661 1684
21322681 455
21322703 105
21322703 8776
21322793 471
21322871 96
21322871 1645
21323053 3
21323161 23
21323167 872
21323189 3484
21323293 48
21323297 643
21323441 243
21323503 153
21323521 20
21323531 1
21323531 4360
21323591 364
21323641 140
21323647 1953
21323651 1
21323663 1
21323707 9
21323711 4825
21323713 3
21323717 3
21323747 205
21323761 15
21323843 477
21323881 3
21323881 83
21323893 9951
21323963 21
21323971 165
21324011 9
21324031 189
21324053 132
21324097 8
21324101 775
21324101 2428
21324109 567
21324109 2124
21324119 1
21324119 21
21324139 792
21324203 192
21324203 1588
21324203 6601
21324221 4
21324253 195
21324451 44
21324467 12
21324487 20
21324503 1
21324509 4
21324509 19
21324529 231
21324529 2775
21324553 11
21324619 77
21324701 211
21324713 15
21324761 175
21324803 16
21324881 268
21324883 4781
21324943 5
21324949 7035
21325013 3
21325217 4
21325307 532
21325313 15
21325319 1924
21325441 4715
21325457 252
21325457 528
21325501 11
21325553 60
21325553 112
21325607 1093
21325637 3
21325637 6328
21325651 1109
21325673 3
21325739 9
21325757 1147
21325897 8
21325903 261
21325943 1
21326017 20
21326111 1
21326111 28
21326309 7
21326351 1
21326411 229
21326441 3
21326479 5
21326479 1272
21326527 53
21326537 5524
21326639 1
21326647 3584
21326663 1
21326663 33
21326771 1
21326863 56
21326897 52
21326941 236
21327001 9564
21327067 1385
21327071 7305
21327221 3
21327221 16
21327263 1
21327343 3837
21327343 7496
21327451 33
21327451 1025
21327611 4
21327653 183
21327653 196
21327689 15
21327797 4
21327841 384
21327953 31
21327961 3
21327983 1
21328019 1
21328067 9817
21328103 16
21328171 8
21328201 6336
21328213 1268
21328273 11
21328283 1
21328303 12
21328367 25
21328367 3453
21328423 653
21328561 15
21328787 1029
21328799 1
21328819 569
21328823 1
21328823 532
21328873 63
21328919 132
21328927 465
21328943 1
21329029 11
21329029 60
21329029 2672
21329051 1
21329129 1015
21329159 132
21329263 5
21329299 5
21329377 1004
21329401 24
21329437 600
21329527 252
21329663 1
21329699 9
21329773 3
21329783 1
21329783 97
21329821 791
21329899 12
21329899 1125
21329929 2187
21329939 9
21330059 1
21330149 4
21330157 1980
21330251 229
21330311 108
21330347 8629
21330367 9768
21330377 4
21330443 1
21330443 141
21330443 4228
21330467 12
21330469 111
21330469 380
21330473 3
21330473 7
21330593 60
21330593 4695
21330629 15
21330649 284
21330737 144
21330737 352
21330761 4
21330791 9
21330791 24
21330797 28
21330797 148
21330839 5676
21330887 5104
21330899 1
21330941 8535
21330983 100
21331021 3
21331049 271
21331067 184
21331127 4905
21331309 747
21331333 3
21331361 16
21331451 1
21331451 169
21331459 129
21331469 427
21331537 87
21331643 1
21331643 1305
21331663 53
21331777 3
21331823 52
21331847 4
21331873 2015
21332009 1431
21332029 404
21332057 3
21332057 15
21332071 5
21332153 3
21332153 1488
21332261 1003
21332329 8415
21332347 29
21332357 3
21332369 7
21332393 7
21332401 24
21332471 1
21332537 88
21332561 115
21332561 355
21332693 16
21332711 21
21332819 241
21332821 96
21332879 1684
21332879 7417
21332881 20
21332897 3879
21332939 1
21332963 1
21333097 3800
21333163 5
21333187 1440
21333187 2529
21333251 2328
21333353 91
21333413 5491
21333437 295
21333439 776
21333451 1308
21333491 1
21333659 1
21333659 12
21333701 339
21333707 45
21333707 429
21333773 103
21333881 3063
21333883 581
21333883 836
21333883 4356
21333887 2928
21333967 8
21333971 328
21334153 180
21334171 1365
21334213 132
21334219 57
21334447 29
21334499 12
21334561 59
21334669 99
21334717 8
21334717 1428
21334723 1152
21334787 4
21334849 11
21334919 25
21334927 32
21334979 1
21335063 1
21335071 1728
21335071 1745
21335101 3
21335101 131
21335113 3
21335113 108
21335117 892
21335351 1
21335351 765
21335389 260
21335453 1116
21335497 2175
21335617 44
21335647 92
21335759 3445
21335771 4
21335827 1653
21335891 1473
21336001 8
21336103 8
21336137 1320
21336179 4
21336181 384
21336197 27
21336197 28
21336223 357
21336239 1
21336251 1
21336251 636
21336253 1488
21336283 72
21336307 80
21336331 8
21336331 501
21336349 7611
21336409 44
21336529 39
21336589 11
21336613 147
21336697 159
21336713 40
21336713 103
21336787 20
21336803 5473
21337081 3
21337081 2820
21337103 1
21337157 3
21337237 8
21337241 4
21337273 3075
21337279 6969
21337447 665
21337607 4
21337633 27
21337633 5676
21337643 6348
21337781 819
21337801 23
21337837 5792
21337913 6472
21338003 16
21338063 1536
21338099 1
21338099 9
21338189 24
21338237 3727
21338299 12
21338299 105
21338467 5
21338477 3
21338507 12
21338533 12
21338543 1
21338543 16
21338561 15
21338563 8
21338563 41
21338579 145
21338591 9
21338627 64
21338651 885
21338671 1205
21338749 35
21338783 1
21338813 1080
21338851 8
21338851 4721
21338873 16
21338951 4
21339001 2468
21339037 9432
21339053 148
21339077 24
21339083 13
21339103 21
21339113 1623
21339161 3
21339181 191
21339221 28
21339221 60
21339277 39
21339293 7
21339313 20
21339371 1
21339391 24
21339397 408
21339467 13
21339467 25
21339677 28
21339751 5
21339767 13
21339767 177
21339821 3
21339821 8503
21339889 120
21339943 1533
21339971 16
21339971 553
21339977 4
21339979 1224
21339991 105
21340003 12
21340019 60
21340051 416
21340171 5684
21340247 88
21340273 20
21340273 191
21340313 208
21340327 5
21340337 3
21340387 152
21340421 528
21340441 24
21340469 331
21340469 5400
21340547 928
21340597 8
21340603 17
21340633 108
21340721 3
21340769 480
21340777 7284
21340799 1
21340801 15
21340801 1556
21340807 108
21340811 1
21340811 109
21340861 303
21341053 720
21341057 4
21341057 7
21341057 48
21341191 8
21341249 19
21341387 7564
21341531 16
21341543 28
21341557 5820
21341597 87
21341611 24
21341611 513
21341687 133
21341741 9595
21341773 9548
21341863 632
21341911 389
21341993 28
21342001 240
21342163 977
21342179 1641
21342203 25
21342221 420
21342221 5355
21342239 1
21342281 6423
21342311 1
21342331 20
21342341 19
21342341 48
21342359 117
21342383 52
21342421 255
21342437 123
21342481 83
21342511 60
21342557 4
21342641 3
21342679 501
21342799 6989
21342851 1
21342857 40
21342883 65
21342953 4915
21343009 8276
21343139 5221
21343151 24
21343163 1
21343261 356
21343331 1
21343337 7
21343429 5292
21343457 3
21343457 15
21343481 7939
21343603 72
21343607 48
21343607 1428
21343723 20
21343753 12
21343753 71
21343757 1023
21343901 4
21343919 76
21343943 97
21343979 16
21343979 457
21343981 23
21343991 9528
21344033 12
21344077 3
21344173 47
21344243 1
21344249 319
21344273 6012
21344339 5461
21344419 2412
21344419 5681
21344471 7168
21344623 5
21344629 39
21344663 3180
21344717 559
21344831 9
21344933 36
21344951 733
21344987 3169
21345067 8
21345083 532
21345283 41
21345371 1
21345431 1
21345481 56
21345509 684
21345539 1
21345593 3
21345733 875
21345839 480
21345839 724
21345847 24
21345851 241
21345899 160
21345959 1
21345967 33
21345997 887
21346123 165
21346181 40
21346183 17
21346207 8
21346289 7
21346301 4903
21346307 9
21346313 108
21346343 1
21346387 197
21346387 5505
21346411 21
21346513 3
21346513 1020
21346537 1004
21346547 2377
21346571 9
21346621 3
21346621 20
21346657 3
21346657 392
21346777 35
21346847 4
21346867 65
21346873 5768
21346903 221
21346939 20
21346979 189
21347047 9
21347069 16
21347069 484
21347077 852
21347111 4
21347147 2557
21347233 3
21347297 87
21347309 60
21347309 9151
21347363 1
21347419 17
21347441 7735
21347533 12
21347551 173
21347569 3104
21347569 7071
21347603 1
21347701 11
21347873 43
21347897 4
21347929 11
21348101 60
21348133 3
21348133 116
21348161 2295
21348211 300
21348289 239
21348361 120
21348377 7
21348403 5
21348421 3
21348421 276
21348443 1
21348443 445
21348497 255
21348517 63
21348539 1
21348557 1275
21348601 36
21348661 740
21348731 1
21348731 49
21348731 2436
21348781 15
21348809 96
21348883 93
21348997 63
21348997 288
21349019 49
21349043 1
21349043 48
21349043 592
21349057 1404
21349079 45
21349117 132
21349117 1248
21349187 1309
21349213 71
21349337 4
21349379 1077
21349403 5037
21349571 1
21349591 29
21349729 20
21349813 1311
21349847 669
21349859 1
21349871 1
21349877 24
21349877 8280
21349969 1599
21350039 4
21350071 8853
21350111 1
21350143 4608
21350159 1
21350201 36
21350213 151
21350363 1
21350387 3660
21350479 125
21350501 8688
21350533 27
21350611 116
21350621 316
21350621 1771
21350683 200
21350687 985
21350701 8
21350717 3
21350717 7
21350741 3
21350753 5208
21350803 32
21350999 1
21350999 1309
21351017 3
21351131 1
21351131 700
21351181 699
21351311 904
21351389 52
21351389 2319
21351413 15
21351503 1
21351509 12
21351601 3
21351637 3
21351637 548
21351709 180
21351713 9511
21351719 64
21351721 48
21351893 72
21351899 36
21351907 2504
21351919 137
21351947 12
21351971 1981
21352007 48
21352049 55
21352049 1131
21352049 8092
21352109 79
21352109 2979
21352217 144
21352223 28
21352237 3
21352249 612
21352363 5
21352403 16
21352417 1152
21352421 5920
21352451 85
21352531 5
21352531 24
21352559 1
21352619 64
21352703 196
21352913 112
21352921 3
21352963 8
21353029 971
21353047 69
21353053 23
21353063 2368
21353201 48
21353383 21
21353401 51
21353419 81
21353459 1
21353459 4
21353531 213
21353533 15
21353537 3
21353569 3452
21353603 7360
21353639 1
21353711 396
21353767 284
21353807 9
21353879 1
21353897 19
21353951 1500
21353957 24
21353963 21
21353993 12
21354007 5
21354079 669
21354083 8145
21354107 333
21354139 2397
21354167 13
21354191 36
21354191 900
21354197 3
21354247 80
21354251 2445
21354251 4305
21354293 1935
21354551 16
21354551 7608
21354577 3
21354797 3
21354797 4
21354797 412
21354799 1844
21354847 128
21354869 36
21354899 2980
21354943 77
21355039 785
21355097 1500
21355151 1
21355151 93
21355163 345
21355199 1
21355241 3708
21355261 11
21355273 32
21355393 3960
21355447 69
21355457 12
21355457 15
21355469 91
21355507 29
21355577 715
21355657 707
21355679 9
21355679 120
21355681 3
21355693 8943
21355729 164
21355729 744
21355801 3
21355883 37
21355903 17
21356051 93
21356051 1621
21356089 20
21356107 137
21356143 17
21356201 1044
21356219 9
21356339 1177
21356347 77
21356381 4
21356453 3888
21356563 2628
21356579 225
21356653 188
21356689 276
21356759 45
21356851 168
21356891 181
21356983 56
21357043 21
21357059 549
21357071 25
21357107 528
21357313 4443
21357331 1365
21357431 16
21357487 84
21357499 17
21357499 2360
21357509 7
21357517 15
21357517 80
21357619 5
21357619 777
21357701 1311
21357773 12
21357779 1
21357779 3300
21357827 4
21357857 1900
21357859 144
21357871 1281
21357911 48
21357923 1
21357929 36
21357937 728
21358019 9
21358019 184
21358027 5
21358079 97
21358087 945
21358111 8
21358111 2909
21358159 84
21358189 155
21358373 36
21358439 1
21358501 3
21358501 20
21358627 5
21358661 4
21358661 1428
21358691 4
21358747 5
21358847 157
21358867 125
21358873 536
21358913 3
21358949 4
21359057 5823
21359071 41
21359083 801
21359119 2841
21359183 1
21359189 55
21359269 15
21359269 71
21359297 300
21359297 895
21359329 27
21359389 15
21359413 35
21359413 56
21359441 55
21359489 1836
21359491 9
21359543 261
21359557 6468
21359561 28
21359561 216
21359887 1749
21359953 15
21359959 17
21359977 32
21360083 921
21360149 735
21360173 2247
21360173 9051
21360179 76
21360179 4296
21360179 9421
21360181 11
21360233 3
21360247 48
21360259 12
21360263 1
21360281 456
21360281 6364
21360319 149
21360331 5
21360401 9063
21360407 24
21360481 3
21360529 35
21360589 3536
21360601 236
21360601 2111
21360601 2723
21360649 20
21360659 1
21360683 733
21360743 8557
21360761 5935
21360827 108
21360841 3
21360841 11
21360851 4
21360863 748
21360931 5
21360967 8300
21360971 25
21361001 168
21361051 21
21361079 1
21361091 9
21361091 349
21361147 293
21361169 460
21361217 4
21361217 7
21361229 384
21361271 1
21361283 1
21361303 20
21361303 228
21361391 1
21361421 124
21361579 1181
21361579 1745
21361763 40
21361787 85
21361853 43
21361919 312
21361931 4
21361957 107
21362161 164
21362219 1
21362381 391
21362413 575
21362417 99
21362477 52
21362477 4080
21362569 452
21362633 48
21362641 3
21362641 8
21362641 863
21362729 84
21362753 7
21362827 240
21362857 35
21362917 44
21362941 8
21362983 1041
21363007 5
21363059 1
21363257 3
21363257 5943
21363289 2075
21363311 1
21363347 4
21363361 3
21363361 176
21363451 33
21363599 1
21363637 923
21363659 1
21363659 4
21363703 5
21363739 80
21363773 780
21363899 801
21363907 24
21363949 3599
21363949 6276
21363977 4
21363983 1785
21363989 4
21364103 13
21364199 6976
21364237 84
21364351 5
21364411 5
21364451 2380
21364481 3
21364627 17
21364643 1
21364643 628
21364807 149
21364841 15
21364951 48
21365087 60
21365147 28
21365203 3873
21365303 1
21365347 5
21365411 1
21365497 3
21365527 5
21365579 124
21365579 7200
21365609 12
21365621 144
21365741 4
21365809 252
21366041 3
21366077 60
21366091 4344
21366133 5495
21366133 7208
21366139 249
21366179 1
21366181 8
21366221 76
21366221 99
21366239 1
21366259 5
21366539 1
21366539 237
21366539 2989
21366581 1951
21366593 48
21366593 4612
21366679 756
21366689 4
21366721 75
21366727 72
21366733 96
21366767 13
21366803 13
21366901 3
21366971 121
21367009 12
21367009 687
21367123 5
21367123 12
21367123 1185
21367127 28
21367169 4
21367193 2311
21367201 8
21367201 24
21367289 6099
21367331 1
21367393 3
21367429 27
21367429 492
21367433 48
21367433 627
21367547 28
21367607 9
21367631 4
21367651 3096
21367673 1215
21367699 164
21367721 724
21367763 1
21367771 2985
21367781 63
21367781 763
21367807 2633
21367883 12
21367901 3
21367919 1
21367979 144
21367987 2108
21367991 4128
21368003 1
21368047 177
21368059 456
21368069 2187
21368077 2064
21368107 1133
21368153 76
21368189 16
21368189 27
21368209 1031
21368297 72
21368353 8
21368353 12
21368461 3
21368471 1
21368489 4
21368489 2947
21368713 8
21368713 36
21368729 184
21368759 9
21368761 8
21368843 12
21368899 9
21368953 2595
21368999 1
21368999 1240
21368999 3169
21369209 1120
21369311 4
21369329 4
21369329 27
21369371 1
21369371 9
21369379 6432
21369389 15
21369451 8
21369503 1
21369503 12
21369617 3
21369749 4
21369767 97
21369811 9
21369871 8
21369917 15
21370001 688
21370033 3
21370103 457
21370333 3080
21370373 616
21370451 1
21370549 155
21370561 35
21370597 3
21370627 188
21370639 104
21370667 4
21370771 8
21370847 72
21370913 1083
21370913 2887
21370927 5
21370981 200
21371171 45
21371293 8
21371423 100
21371461 3
21371591 21
21371591 444
21371591 5133
21371627 24
21371657 5727
21371797 8
21371797 12
21371851 3840
21371881 3
21371891 1
21371969 79
21371971 165
21372007 9
21372041 4
21372047 2257
21372067 5
21372079 5
21372089 1104
21372151 1088
21372157 8
21372157 72
21372229 2607
21372233 16
21372269 16
21372293 3855
21372367 20
21372431 124
21372503 1
21372529 47
21372649 135
21372649 831
21372679 17
21372679 572
21372679 7544
21372697 1115
21372937 4583
21373103 16
21373133 132
21373171 3488
21373207 8
21373337 12
21373337 48
21373397 24
21373397 147
21373397 1620
21373409 4
21373487 84
21373487 573
21373501 8
21373501 39
21373501 44
21373559 1
21373657 47
21373657 140
21373699 9
21373711 245
21373799 5476
21373801 15
21373903 1337
21373927 5
21373927 2268
21373991 1
21374029 12
21374029 215
21374147 4
21374147 4512
21374279 205
21374351 1
21374377 5987
21374399 40
21374459 1
21374657 39
21374713 12
21374747 4
21374761 15
21374783 156
21374783 193
21374819 201
21374887 128
21374897 28
21374897 252
21374957 3
21375007 9
21375113 7
21375127 5
21375131 9
21375163 1968
21375173 928
21375199 21
21375217 9828
21375241 2091
21375241 7568
21375301 119
21375317 4
21375371 48
21375439 5
21375439 9
21375457 344
21375493 3
21375521 6204
21375577 87
21375577 600
21375587 4
21375791 40
21375797 4
21375797 1003
21375821 3
21375847 12
21376009 647
21376009 6435
21376027 345
21376049 4
21376073 12
21376141 3
21376163 1
21376163 337
21376193 16
21376217 4
21376279 96
21376319 117
21376319 289
21376319 4384
21376339 5
21376339 1656
21376357 39
21376447 980
21376471 8
21376483 8621
21376507 8
21376507 24
21376507 648
21376603 20
21376651 513
21376687 45
21376727 12
21376727 112
21376739 1
21376801 3
21376807 9485
21376829 6112
21376931 8493
21376933 240
21376951 9156
21376981 44
21376991 28
21377093 52
21377129 7
21377171 1
21377183 36
21377309 36
21377311 1929
21377351 1
21377417 24
21377459 57
21377501 1159
21377519 1
21377519 57
21377561 2751
21377593 3
21377593 983
21377597 1008
21377651 1
21377663 1816
21377731 8765
21377771 1
21377801 451
21377947 9
21377947 20
21377957 27
21378023 1
21378139 24
21378139 356
21378143 6580
21378151 8561
21378157 392
21378233 7
21378277 159
21378319 44
21378319 716
21378359 241
21378407 9
21378421 11
21378491 1
21378527 6628
21378529 4431
21378541 15
21378593 48
21378653 1060
21378691 740
21378701 120
21378701 688
21378899 132
21378953 795
21378997 12
21379027 5
21379103 145
21379109 51
21379271 25
21379277 2448
21379283 1
21379301 184
21379363 32
21379441 3
21379441 5504
21379459 72
21379481 5520
21379483 8
21379517 168
21379681 11
21379697 1164
21379703 1
21379759 212
21379763 40
21379817 3
21379817 64
21379817 520
21379823 21
21379909 344
21379913 7
21379933 11
21380039 1
21380071 129
21380141 3
21380143 632
21380171 1
21380201 3
21380273 3
21380299 276
21380423 1
21380621 2844
21380657 28
21380693 12
21380851 41
21380851 753
21380867 4
21380893 48
21380921 3
21380923 5
21380959 24
21380977 128
21381067 5
21381067 5745
21381083 12
21381083 21
21381161 3
21381161 16
21381161 79
21381169 59
21381181 75
21381209 804
21381211 8
21381259 5
21381259 156
21381383 1
21381383 21
21381539 1
21381553 3
21381611 2085
21381749 96
21381769 3776
21381791 1
21381823 12
21381853 63
21381901 695
21381977 8260
21381979 5
21381991 69
21382007 45
21382007 49
21382007 132
21382093 3
21382121 60
21382129 44
21382159 44
21382181 4
21382181 108
21382247 24
21382247 1257
21382331 1
21382331 3513
21382409 775
21382457 12
21382457 27
21382463 33
21382499 1
21382511 9
21382547 4
21382579 21
21382667 4
21382717 143
21382747 84
21382747 453
21382859 1
21382859 4
21382871 1
21382883 21
21382913 43
21382919 1
21382927 4889
21382943 1
21382943 6585
21382967 40
21382969 164
21382969 231
21382981 11
21383057 2884
21383081 19
21383101 719
21383137 8
21383137 275
21383143 57
21383281 20
21383291 9
21383291 729
21383321 7035
21383363 1
21383381 55
21383381 351
21383381 411
21383419 5
21383419 6425
21383441 148
21383441 423
21383573 75
21383573 211
21383581 3
21383651 1
21383651 45
21383711 40
21383723 1
21383749 4196
21383753 12
21384071 21
21384073 8855
21384299 1
21384301 2343
21384361 15
21384479 1
21384529 1476
21384533 3
21384613 3
21384613 56
21384647 7828
21384743 1
21384743 5053
21384787 8
21384791 1
21384799 2949
21384817 3
21384887 4369
21385103 1
21385109 7
21385139 1
21385163 1
21385181 8643
21385207 8
21385211 69
21385253 7
21385253 172
21385283 21
21385339 1809
21385339 6276
21385367 2928
21385373 2647
21385409 4
21385411 5
21385417 15
21385471 29
21385597 528
21385603 1485
21385681 2528
21385703 252
21385757 4
21385823 1
21385843 12
21385879 7920
21385961 4
21385999 572
21386129 256
21386147 45
21386219 4
21386219 520
21386243 4677
21386279 1
21386353 368
21386471 1
21386471 4
21386479 132
21386489 4
21386501 3
21386501 100
21386503 5
21386531 1
21386557 3
21386587 269
21386639 12
21386639 1024
21386671 20
21386699 1405
21386713 12
21386759 837
21386791 65
21386797 35
21386917 575
21386923 3212
21386947 5
21387059 1
21387161 2059
21387287 13
21387287 3793
21387299 1285
21387307 5
21387409 471
21387601 3
21387617 7
21387661 2399
21387697 95
21387701 3
21387701 31
21387733 23
21387809 259
21387811 185
21387929 4
21387931 1440
21388013 48
21388181 3168
21388327 9
21388327 24
21388439 4
21388447 84
21388529 36
21388663 240
21388681 1280
21388751 1
21388789 11
21388811 25
21388883 1
21388897 15
21388897 3995
21388949 96
21388987 1688
21389063 13
21389161 4679
21389437 23
21389503 21
21389569 15
21389629 164
21389651 48
21389677 695
21389699 4
21389713 192
21389713 627
21389773 908
21389773 1020
21389777 532
21389779 561
21389827 192
21389831 1
21389941 884
21390163 9237
21390247 5
21390247 12
21390251 1
21390251 1056
21390283 1013
21390289 32
21390379 684
21390389 7
21390427 17
21390449 1207
21390491 13
21390497 4
21390503 1
21390541 8
21390601 15
21390601 6480
21390613 3
21390613 56
21390617 4
21390727 29
21390727 237
21390871 960
21390977 3
21390983 400
21390983 5416
21391033 152
21391057 860
21391129 2531
21391187 6984
21391211 1
21391213 3
21391301 91
21391301 8763
21391319 2404
21391327 8
21391361 2191
21391429 440
21391583 25
21391619 9
21391619 457
21391619 1132
21391621 83
21391621 5400
21391703 36
21391757 4
21391819 57
21391841 259
21391871 1
21391919 12
21391921 3576
21391921 7323
21391949 19
21391949 1875
21392011 1925
21392023 381
21392023 441
21392051 45
21392071 8
21392071 9
21392099 1
21392123 4525
21392149 7884
21392159 1
21392159 1924
21392221 3
21392221 3944
21392251 33
21392333 7
21392339 6540
21392359 612
21392359 2240
21392389 11
21392411 1
21392467 17
21392531 1108
21392551 5
21392603 12
21392603 21
21392711 1
21392747 5953
21392779 6204
21392873 547
21392893 72
21392971 5
21392971 56
21393077 3
21393077 79
21393083 1
21393133 48
21393181 15
21393181 1511
21393233 40
21393263 12
21393263 13
21393263 133
21393299 1
21393367 372
21393377 124
21393433 11
21393461 295
21393481 23
21393481 120
21393557 4
21393557 555
21393623 52
21393683 81
21393707 225
21393761 64
21393767 4
21393767 12
21393767 69
21393809 3231
21393899 76
21393917 3
21393949 6179
21393959 1780
21393961 155
21393989 84
21394081 171
21394159 5
21394189 35
21394201 3
21394297 35
21394297 932
21394339 12
21394427 4
21394459 9120
21394519 84
21394561 9323
21394601 819
21394673 408
21394679 1
21394733 775
21394781 655
21394781 1704
21394819 5
21394819 29
21394819 312
21394889 4276
21394897 23
21394921 11
21394937 4
21395063 1
21395063 217
21395147 228
21395219 1
21395249 4
21395249 6792
21395251 20
21395251 44
21395303 1
21395303 276
21395419 17
21395461 440
21395513 27
21395527 5
21395551 9
21395593 3
21395593 15
21395597 7
21395603 1
21395617 3188
21395723 1
21395723 45
21395783 37
21395831 1
21395861 4
21395963 1933
21395987 37
21395999 165
21396019 860
21396029 40
21396119 4
21396203 16
21396253 51
21396269 7
21396269 1204
21396317 379
21396317 8727
21396493 3
21396493 15
21396493 1952
21396497 7
21396503 1
21396533 2548
21396593 120
21396611 193
21396649 2204
21396779 165
21396779 1749
21396803 60
21396803 216
21396901 9200
21396941 3
21396941 856
21397007 6904
21397093 47
21397139 280
21397283 1
21397393 2823
21397427 100
21397427 484
21397459 5
21397487 28
21397511 24
21397517 4
21397517 7
21397573 387
21397603 12
21397603 125
21397603 600
21397603 1092
21397609 804
21397669 264
21397771 2016
21397829 112
21397867 65
21397919 1
21397919 25
21397919 945
21398171 61
21398233 51
21398261 1771
21398341 8
21398381 871
21398453 3
21398467 1884
21398519 1
21398519 4
21398521 299
21398557 3
21398621 324
21398737 3
21398737 195
21398747 880
21398753 336
21398753 603
21398779 9
21398779 221
21398791 33
21398827 8
21398837 5187
21398899 5
21398999 1
21398999 24
21399011 1
21399017 24
21399017 1672
21399017 4675
21399019 57
21399047 1509
21399151 6293
21399181 315
21399181 603
21399221 4
21399239 1
21399299 1
21399421 179
21399479 705
21399551 1
21399551 265
21399689 2784
21399701 1860
21399739 5
21399743 1420
21399797 7
21399803 33
21399803 2413
21399901 5055
21399929 67
21399977 480
21400003 8
21400003 120
21400069 119
21400103 1
21400109 4
21400153 60
21400157 1828
21400163 1
21400163 40
21400217 3
21400217 868
21400343 1
21400381 108
21400387 29
21400451 1
21400487 4
21400487 313
21400523 1
21400591 129
21400591 2888
21400723 41
21400723 732
21400751 1021
21400781 6295
21400801 24
21400823 4105
21400831 3840
21400919 1
21400921 296
21400997 3
21401053 11
21401071 5364
21401119 60
21401137 3
21401203 756
21401269 159
21401299 305
21401299 756
21401321 231
21401389 392
21401473 1932
21401473 9972
21401617 147
21401641 51
21401641 503
21401663 3552
21401701 3
21401711 3661
21401717 3792
21401761 3
21401833 215
21401833 2552
21401857 47
21401869 300
21401987 1965
21401993 271
21402023 3957
21402049 12
21402103 45
21402119 1
21402137 1780
21402193 71
21402217 63
21402253 11
21402263 16
21402263 105
21402263 1521
21402263 3420
21402331 569
21402383 1
21402481 3
21402517 12
21402517 2855
21402523 32
21402587 9
21402587 492
21402593 115
21402637 35
21402713 16
21402877 8
21403111 9
21403111 36
21403199 1
21403199 4000
21403241 579
21403313 456
21403337 43
21403337 364
21403337 603
21403439 1
21403439 112
21403441 3
21403463 277
21403463 633
21403483 12
21403559 1
21403559 24
21403643 1
21403831 93
21403849 8499
21403979 109
21404029 504
21404063 1
21404269 104
21404303 2041
21404359 24
21404359 3165
21404399 4
21404413 3
21404413 7323
21404437 179
21404459 1884
21404491 9
21404731 5
21404731 21
21404741 19
21404741 396
21404843 1
21404869 411
21404869 3716
21404941 11
21405121 3
21405149 19
21405253 3
21405299 16
21405299 117
21405383 1
21405409 120
21405467 52
21405473 3
21405491 1
21405619 2429
21405623 232
21405641 3
21405641 60
21405733 12
21405733 4668
21405803 1
21405887 9
21405997 12
21406037 7
21406153 191
21406157 4
21406157 648
21406271 1
21406391 9
21406391 853
21406457 3
21406481 279
21406481 691
21406499 1
21406531 5
21406699 336
21406747 20
21406769 5944
21406883 8461
21406921 1103
21406921 2184
21406963 4613
21407021 75
21407021 5560
21407033 7
21407039 16
21407093 187
21407101 23
21407123 145
21407173 3
21407173 72
21407173 192
21407179 12
21407213 7275
21407263 6897
21407297 87
21407363 1
21407521 155
21407531 1
21407611 9
21407621 628
21407647 8
21407647 5184
21407663 1356
21407663 3040
21407669 216
21407671 8
21407677 3
21407677 8
21407681 4
21407783 1
21407891 1948
21407899 20
21407989 32
21407999 1
21408029 84
21408047 48
21408047 252
21408067 92
21408113 108
21408157 1140
21408227 25
21408251 240
21408329 6219
21408347 9
21408347 552
21408407 72
21408461 16
21408461 43
21408473 7
21408479 1
21408479 2752
21408589 56
21408613 11
21408613 1331
21408659 1
21408727 9
21408733 11
21408781 584
21408823 65
21408833 31
21408833 3771
21408841 80
21408851 1
21408913 12
21408971 5001
21408983 1
21409151 16
21409151 28
21409169 355
21409187 4
21409207 20
21409211 13
21409243 21
21409243 225
21409291 9
21409463 228
21409501 2888
21409529 15
21409559 1585
21409691 1
21409733 7
21409793 1476
21409819 297
21410003 1
21410009 340
21410141 39
21410141 1143
21410143 5
21410183 1
21410219 4645
21410261 9931
21410273 7
21410273 567
21410281 3
21410353 1611
21410371 68
21410377 23
21410399 12
21410419 672
21410419 701
21410423 1
21410479 216
21410489 7
21410503 965
21410579 1
21410579 7972
21410611 5
21410617 528
21410657 3
21410699 1
21410731 660
21410747 37
21410951 1
21410969 72
21410971 9
21410981 24
21411017 3
21411017 12
21411017 19
21411083 25
21411083 85
21411199 57
21411241 3
21411253 467
21411263 16
21411337 3
21411337 284
21411361 1436
21411431 40
21411487 77
21411487 129
21411527 4
21411563 1
21411563 445
21411581 51
21411587 877
21411589 20
21411623 1
21411809 24
21411839 4
21411839 8229
21411847 17
21411941 4
21411941 28
21412093 2403
21412123 68
21412301 28
21412439 625
21412441 8
21412499 4
21412591 5
21412681 3
21412697 1839
21412889 4
21412949 5772
21413009 76
21413123 3745
21413191 53
21413279 45
21413303 1
21413303 1761
21413393 303
21413423 13
21413449 71
21413459 5512
21413471 4
21413533 12
21413773 3
21413789 7
21413789 15
21413789 391
21413837 7
21413857 35
21413857 767
21413857 2615
21413891 1
21413891 13
21413971 5
21413971 20
21414047 25
21414361 11
21414413 1431
21414431 468
21414629 4
21414641 2860
21414649 32
21414737 4
21414739 552
21414761 39
21414761 2224
21414779 124
21414779 1572
21414779 3361
21414803 33
21414857 3
21414857 4
21414857 39
21414871 8
21414871 2516
21414941 4
21414947 7125
21414973 8
21414973 12
21414983 148
21415067 433
21415067 820
21415129 792
21415133 1167
21415183 1877
21415183 2201
21415187 60
21415319 1
21415321 123
21415519 12
21415531 96
21415531 876
21415547 7608
21415727 45
21415727 2629
21415777 59
21415787 37
21415931 780
21416023 12
21416023 36
21416029 12
21416029 147
21416051 1
21416111 885
21416113 36
21416177 3
21416177 1144
21416183 880
21416321 348
21416389 35
21416503 1196
21416539 6080
21416597 7
21416669 159
21416669 975
21416669 7411
21416683 4940
21416803 132
21416833 8
21416867 4
21416891 141
21416909 7
21416987 45
21416987 4677
21416999 57
21417023 1
21417031 2541
21417131 1
21417181 1436
21417203 108
21417203 132
21417233 3
21417233 231
21417271 53
21417299 1
21417299 760
21417307 125
21417307 7377
21417323 1
21417329 240
21417371 21
21417491 1
21417509 4
21417619 41
21417679 417
21417691 636
21417719 1972
21417791 4
21417971 1
21418051 36
21418063 17
21418069 216
21418087 84
21418139 520
21418183 6536
21418213 15
21418213 2196
21418237 84
21418253 147
21418337 420
21418349 564
21418693 3
21418703 1
21418841 24
21418889 16
21418951 2081
21419011 5
21419089 300
21419131 3608
21419143 53
21419287 69
21419291 1
21419369 819
21419393 792
21419401 3
21419459 1
21419533 3
21419533 32
21419549 7507
21419557 8
21419557 32
21419591 1
21419591 4
21419617 935
21419681 5983
21419731 425
21419837 43
21419837 2784
21419857 59
21419899 4664
21419911 45
21419939 1
21420013 36
21420079 20
21420079 636
21420131 1
21420233 211
21420251 9340
21420433 3
21420433 635
21420479 25
21420551 1
21420551 4
21420569 24
21420677 4
21420683 1
21420703 6201
21420713 4672
21420863 1
21420863 193
21420941 115
21421091 1
21421159 297
21421163 13
21421163 748
21421249 44
21421397 8908
21421451 21
21421549 39
21421619 9232
21421657 1967
21421693 3
21421703 1
21421727 12
21421727 208
21421747 45
21421769 4
21421817 88
21421903 1772
21421913 471
21422029 12
21422231 1
21422347 24
21422413 3
21422461 203
21422629 2219
21422693 283
21422707 8
21422711 73
21422783 1
21422813 3
21422837 72
21422897 4980
21422939 1
21423007 3845
21423053 7
21423169 56
21423239 4
21423251 184
21423307 32
21423307 1532
21423359 1924
21423371 145
21423527 12
21423533 36
21423559 9189
21423641 2448
21423751 705
21423781 11
21423959 1045
21423977 4
21423989 19
21424003 5
21424027 177
21424087 1832
21424159 2585
21424217 12
21424217 4072
21424223 1
21424223 352
21424387 53
21424397 48
21424439 2332
21424499 565
21424511 5740
21424547 9
21424547 28
21424549 1212
21424631 9
21424829 7296
21424853 3
21424861 228
21424943 2037
21424957 8348
21425003 1
21425009 15
21425009 507
21425057 192
21425057 2403
21425071 84
21425077 648
21425099 2641
21425189 7
21425297 4
21425333 3
21425333 2740
21425363 117
21425399 100
21425401 3
21425413 896
21425419 9
21425431 20
21425477 3
21425477 7599
21425641 135
21425659 7220
21425689 15
21425707 4640
21425783 516
21425801 3
21425893 192
21425993 432
21426017 4
21426049 155
21426049 3711
21426059 1
21426191 4
21426193 3
21426193 276
21426247 80
21426259 29
21426329 4
21426343 168
21426401 8179
21426437 3
21426437 4
21426437 115
21426439 92
21426439 1136
21426467 132
21426521 156
21426607 80
21426653 163
21426683 1
21426697 2615
21426703 8
21426703 21
21426739 1152
21426803 16
21426901 216
21426907 12
21426929 175
21426973 56
21426973 131
21426973 243
21426991 9429
21427039 32
21427073 223
21427139 180
21427171 7725
21427187 33
21427223 16
21427247 4972
21427309 531
21427333 128
21427381 308
21427447 5
21427451 2664
21427481 15
21427583 1
21427613 5500
21427621 1380
21427657 195
21427709 9075
21427799 201
21427807 297
21427853 148
21427859 1
21427883 1
21427949 399
21427951 1349
21427961 3
21427961 15
21427997 1195
21428009 7519
21428021 19
21428083 5
21428083 8
21428083 473
21428123 1476
21428131 21
21428339 1
21428401 260
21428401 9056
21428453 115
21428497 92
21428497 500
21428509 44
21428549 135
21428591 1
21428591 300
21428681 7044
21428683 12
21428699 657
21428929 35
21428971 8
21428971 816
21429041 4
21429097 603
21429103 621
21429113 48
21429127 8
21429193 95
21429193 1656
21429263 16
21429263 1977
21429281 40
21429323 73
21429377 24
21429383 12
21429383 33
21429557 39
21429581 91
21429643 33
21429671 21
21429691 213
21429743 57
21429761 63
21429761 483
21429833 4135
21429893 520
21429899 1
21430103 25
21430139 4165
21430147 9
21430177 327
21430193 967
21430229 4
21430301 3
21430301 4
21430379 1
21430433 48
21430529 4
21430529 216
21430679 4
21430691 4
21430753 47
21430753 896
21430757 19
21430757 3903
21430771 8
21430781 28
21430859 21
21430957 7259
21430991 1
21430991 148
21430991 9100
21431023 5
21431149 15
21431161 95
21431161 1188
21431173 432
21431197 408
21431197 1220
21431353 8
21431383 81
21431401 36
21431497 3
21431497 207
21431521 8
21431533 3
21431533 1887
21431549 924
21431593 5132
21431647 129
21431701 5240
21431723 105
21431821 3
21431821 39
21431863 2801
21431909 2131
21431911 1673
21431911 1908
21431983 101
21432241 3
21432263 1
21432293 2695
21432293 3120
21432311 1273
21432409 3284
21432493 3
21432493 5568
21432539 1
21432553 87
21432629 1335
21432629 6624
21432661 1803
21432737 7200
21432787 948
21432809 40
21432821 1311
21432949 15
21432977 652
21432977 2395
21433051 9
21433057 324
21433129 456
21433207 8
21433207 104
21433207 2769
21433259 12
21433259 25
21433289 40
21433361 3
21433421 1648
21433439 37
21433469 384
21433519 3585
21433541 1140
21433589 1035
21433597 95
21433613 12
21433649 16
21433681 6800
21433703 2233
21433733 1407
21433771 9
21433873 20
21433873 363
21433883 1
21433891 1841
21433897 20
21433897 3423
21433961 55
21433981 296
21434053 32
21434107 60
21434107 353
21434123 4933
21434159 1012
21434213 123
21434227 7929
21434233 11
21434323 8
21434401 771
21434401 1179
21434429 7
21434471 16
21434587 533
21434657 79
21434801 3
21434837 2095
21434893 12
21434899 117
21434899 8409
21434911 365
21434953 15
21434957 7423
21435077 6088
21435101 15
21435143 1
21435163 1112
21435163 5768
21435257 148
21435473 52
21435481 504
21435493 260
21435643 288
21435677 3
21435697 528
21435731 1
21435731 21
21435731 940
21435833 3
21435853 3
21435853 735
21435871 1553
21435983 1
21436001 99
21436067 13
21436241 4668
21436243 2841
21436301 76
21436319 3780
21436339 12
21436361 24
21436367 4
21436601 235
21436637 43
21436691 9
21436721 4756
21436843 8
21436843 56
21436951 5
21436957 623
21436981 35
21437041 20
21437063 1732
21437063 4305
21437083 33
21437147 28
21437161 8
21437183 1
21437183 2901
21437189 40
21437231 1
21437249 99
21437371 1869
21437407 24
21437443 285
21437531 388
21437573 628
21437639 2316
21437701 3
21437723 1
21437723 4917
21437797 4203
21437813 31
21437881 3003
21437881 5976
21437891 1
21437893 63
21437921 60
21437939 40
21438017 24
21438029 4
21438041 24
21438073 251
21438077 3
21438089 4
21438089 132
21438089 1275
21438257 4
21438301 348
21438349 56
21438427 12
21438433 135
21438451 3225
21438457 768
21438499 1049
21438541 63
21438611 1
21438779 1
21438787 5
21438847 1740
21438847 3264
21438869 4
21438913 23
21439079 1
21439079 180
21439111 33
21439111 249
21439111 716
21439127 528
21439153 6531
21439157 7164
21439183 17
21439183 732
21439199 1
21439199 312
21439219 9
21439237 144
21439283 8520
21439393 6548
21439409 7
21439513 596
21439547 40
21439577 3
21439577 19
21439643 85
21439643 9093
21439801 20
21439807 365
21439823 1
21439919 4
21439981 1028
21439997 432
21439997 9048
21440129 1111
21440183 85
21440203 36
21440203 9116
21440233 212
21440233 6995
21440257 180
21440257 2159
21440291 273
21440351 345
21440431 8
21440449 459
21440473 32
21440537 3
21440537 12
21440537 139
21440537 1108
21440579 1
21440593 4328
21440803 5393
21440821 3
21440833 11
21440843 1
21440843 1333
21440863 593
21440879 64
21440999 1
21441001 264
21441031 81
21441089 7
21441103 48
21441103 68
21441193 275
21441323 16
21441383 1
21441383 12
21441523 5
21441577 12
21441587 204
21441587 3060
21441617 4299
21441661 44
21441661 128
21441689 5352
21441737 52
21441769 6776
21441857 3
21441857 1903
21441919 45
21442019 3696
21442073 31
21442073 240
21442159 5
21442159 1244
21442307 3504
21442319 672
21442331 1
21442349 6507
21442357 12
21442459 24
21442459 612
21442471 929
21442489 20
21442543 5333
21442717 1275
21442753 3
21442913 63
21442937 3
21442957 215
21442987 2504
21442987 5220
21442991 4
21443003 1992
21443141 7204
21443189 27
21443189 5356
21443203 12
21443263 1676
21443311 93
21443311 4260
21443321 259
21443329 11
21443329 2919
21443333 9951
21443363 1332
21443449 1116
21443497 8
21443573 7
21443573 12
21443629 5280
21443657 3
21443657 87
21443707 2717
21443753 3
21443801 4
21443893 155
21444011 1
21444061 2136
21444083 133
21444113 103
21444167 340
21444187 77
21444193 95
21444223 12
21444239 7189
21444299 1345
21444347 153
21444389 7
21444389 247
21444389 1456
21444419 1960
21444481 464
21444541 20
21444587 157
21444589 315
21444641 15
21444779 16
21444859 9
21444893 12
21444893 15
21445013 3
21445037 543
21445037 672
21445141 3
21445147 17
21445157 15
21445217 12
21445247 13
21445331 276
21445441 23
21445481 9399
21445493 76
21445511 328
21445579 12
21445643 1
21445751 48
21445751 84
21445757 1180
21445799 1
21445871 1
21445873 483
21445943 1
21445961 15
21445981 3
21446069 3016
21446093 15
21446101 1128
21446213 27
21446233 5915
21446311 60
21446339 12
21446387 4329
21446417 3
21446417 2439
21446531 1
21446539 500
21446587 617
21446599 272
21446651 720
21446779 9
21446849 451
21446869 111
21446897 4
21446941 63
21446963 1
21446987 1365
21447043 3677
21447077 19
21447229 1815
21447311 1
21447337 1635
21447367 1068
21447397 2124
21447427 9
21447427 69
21447521 4
21447589 216
21447607 57
21447611 9
21447683 1
21447719 1
21447719 141
21447851 1
21447871 1088
21447929 6471
21447991 8
21448129 12
21448157 27
21448157 772
21448247 592
21448261 3
21448433 12
21448433 616
21448571 1
21448571 228
21448631 9
21448711 5
21448829 12
21448841 264
21448841 1243
21448859 4
21448859 189
21448859 1200
21448877 3
21448877 63
21448877 148
21448901 24
21448957 588
21448957 3588
21449137 23
21449137 215
21449137 479
21449201 3
21449203 56
21449251 8
21449261 4
21449413 3
21449443 5
21449443 1440
21449621 4
21449621 331
21449629 96
21449671 8
21449711 48
21449741 43
21449741 228
21449797 2604
21449839 192
21449851 1584
21449893 3
21449941 23
21449947 548
21449959 161
21450029 96
21450061 20
21450083 288
21450113 628
21450119 24
21450241 56
21450323 1
21450337 300
21450367 89
21450367 1589
21450431 1
21450433 4148
21450479 1
21450511 81
21450511 444
21450623 1
21450629 1060
21450631 5
21450631 9
21450647 3880
21450703 1805
21450707 4
21450809 216
21450811 45
21450887 3357
21450899 4
21450899 2844
21450901 1824
21450911 21
21450931 5
21451063 5
21451063 72
21451103 1
21451121 283
21451201 2828
21451207 48
21451207 440
21451237 2067
21451277 7
21451277 40
21451307 72
21451319 3045
21451343 145
21451439 1096
21451489 32
21451489 75
21451499 1
21451499 61
21451537 3
21451583 1
21451607 144
21451613 5608
21451621 164
21451673 88
21451723 972
21451763 256
21451819 56
21451867 20
21451867 5045
21451957 15
21451981 83
21451981 2976
21452021 4
21452063 300
21452111 16
21452111 5104
21452161 39
21452201 51
21452203 17
21452237 60
21452243 1
21452309 7
21452363 13
21452411 8640
21452477 7
21452513 27
21452569 392
21452591 1
21452597 43
21452603 1
21452747 4
21452749 84
21452789 4
21452789 8647
21452801 16
21452831 9
21452857 12
21452999 1
21453017 7
21453017 112
21453037 3
21453037 12
21453037 35
21453079 9
21453101 88
21453119 1
21453193 1532
21453239 9
21453239 1581
21453247 1145
21453251 4
21453307 5
21453307 2420
21453347 745
21453401 2544
21453433 15
21453449 4
21453469 2136
21453659 4309
21453661 599
21453671 36
21453683 1
21453737 19
21453763 6177
21453937 47
21453977 3
21454049 4852
21454091 1
21454091 76
21454123 48
21454151 1
21454157 15
21454157 2047
21454217 12
21454217 79
21454253 60
21454397 435
21454547 52
21454637 4
21454649 12
21454687 4257
21454831 1521
21454943 96
21455011 9
21455051 24
21455101 3
21455107 609
21455117 3
21455327 49
21455353 12
21455353 23
21455383 57
21455393 15
21455443 5253
21455459 1
21455459 1132
21455521 11
21455639 361
21455663 1
21455699 2976
21455719 120
21455743 21
21455801 24
21455891 1
21455891 4
21455927 40
21455933 4276
21455939 1
21455963 21
21455977 3
21455977 3180
21456007 180
21456067 125
21456089 156
21456103 5
21456103 653
21456157 8
21456157 80
21456191 1
21456203 1
21456221 24
21456251 84
21456313 5276
21456341 919
21456481 143
21456481 263
21456727 5
21456727 137
21456731 1
21456739 20
21456739 24
21456739 81
21456751 5
21456767 84
21456791 1
21456881 3
21456901 11
21456937 3
21456971 1
21456971 16
21456979 20
21457087 188
21457133 7
21457253 12
21457279 21
21457339 2112
21457379 1
21457463 16
21457493 1131
21457523 21
21457627 104
21457697 63
21457703 5293
21457717 2919
21457717 7499
21457747 9720
21457819 7509
21457829 4
21457829 7
21457841 2911
21457963 197
21457967 12
21457967 709
21457993 1688
21458033 5343
21458141 3
21458141 24
21458189 4267
21458309 111
21458321 28
21458329 15
21458351 1
21458363 300
21458377 80
21458443 5
21458443 101
21458623 36
21458629 1511
21458639 1
21458741 2659
21458807 153
21458821 23
21458909 2499
21458929 15
21458929 3332
21458953 8
21459131 1
21459143 181
21459199 41
21459199 117
21459259 5
21459281 3
21459281 4216
21459337 3459
21459479 1
21459479 1896
21459479 7804
21459499 377
21459611 4
21459629 64
21459643 237
21459653 556
21459671 1
21459701 2751
21459703 33
21459707 1549
21459743 16
21459751 245
21459751 1028
21459787 8
21459787 864
21459827 2037
21459857 1455
21459857 3088
21459869 2236
21459887 232
21460007 373
21460057 279
21460141 56
21460147 9
21460147 7905
21460163 1
21460213 20
21460331 36
21460391 4
21460391 64
21460393 56
21460393 888
21460447 2057
21460501 3
21460559 1
21460577 1140
21460643 1
21460787 6852
21460849 1151
21460979 1
21460993 3827
21461113 3
21461179 81
21461233 3
21461399 4776
21461437 408
21461521 8
21461617 3
21461617 24
21461669 84
21461731 509
21461779 24
21461831 36
21461831 2880
21461917 23
21461941 180
21462107 4
21462131 4
21462131 6544
21462193 15
21462359 1
21462383 621
21462443 1140
21462491 4
21462491 264
21462563 21
21462593 67
21462671 1
21462773 40
21462787 305
21462787 2889
21462811 5816
21462839 240
21463069 384
21463073 115
21463097 3
21463147 7077
21463153 8
21463159 1761
21463201 7400
21463223 1
21463289 4
21463327 5
21463363 12
21463417 480
21463423 93
21463447 17
21463529 115
21463529 8736
21463583 1
21463583 336
21463697 7
21463697 28
21463759 4965
21463801 24
21463909 92
21464029 132
21464077 3
21464153 3
21464161 1496
21464189 15
21464203 141
21464213 7335
21464227 177
21464269 15
21464291 16
21464309 12
21464309 2404
21464407 248
21464423 1261
21464447 12
21464473 3
21464501 15
21464503 60
21464539 5
21464539 21
21464561 75
21464563 5
21464603 1
21464633 688
21464647 8
21464647 12
21464657 1347
21464671 45
21464687 577
21464711 1
21464711 9
21464717 4
21464719 21
21464777 7008
21464837 43
21464867 145
21464903 1
21465013 416
21465071 1
21465121 59
21465131 1
21465131 4
21465209 1311
21465221 100
21465239 1
21465251 25
21465251 5485
21465253 180
21465313 3251
21465397 339
21465443 1
21465443 4017
21465467 4
21465469 15
21465469 3167
21465637 3
21465727 77
21465727 240
21465749 576
21465751 48
21465761 136
21465863 216
21465881 8124
21465971 1
21466021 3
21466021 216
21466079 1
21466079 4641
21466261 3
21466261 11
21466261 684
21466513 11
21466541 3
21466559 1
21466607 4
21466607 12
21466673 3
21466717 180
21466721 208
21466769 31
21466799 240
21466859 1
21466883 3085
21466901 216
21466909 4707
21466957 8
21466997 3
21467023 1101
21467071 7961
21467111 4
21467111 9
21467113 1547
21467129 12
21467233 3
21467233 276
21467239 4389
21467309 1399
21467399 877
21467431 248
21467431 405
21467461 104
21467497 23
21467503 105
21467609 7
21467609 2451
21467639 4
21467653 896
21467711 1
21467893 3
21467951 1
21467951 729
21467951 2793
21467983 5
21467983 2432
21468067 8
21468101 4503
21468121 3
21468179 664
21468193 288
21468197 3
21468247 33
21468371 1
21468397 44
21468431 48
21468437 3
21468437 7
21468443 12
21468449 7
21468463 3717
21468581 76
21468581 6511
21468593 96
21468701 183
21468829 72
21468907 284
21469001 19
21469163 36
21469163 37
21469247 9
21469291 5
21469397 883
21469417 3
21469447 8
21469571 21
21469699 5
21469699 45
21469729 200
21469739 4
21469739 81
21469783 3548
21469843 188
21469853 103
21469919 1
21469951 84
21470069 2640
21470233 111
21470257 3
21470509 35
21470509 2132
21470641 39
21470653 336
21470821 75
21470903 792
21470909 31
21470957 7
21470957 507
21470957 523
21470959 65
21471089 4
21471193 3875
21471209 7
21471299 6621
21471371 1
21471467 13
21471473 4552
21471641 360
21471701 31
21471733 3
21471883 405
21471991 24
21472097 27
21472127 4
21472127 57
21472163 1
21472163 6280
21472249 224
21472313 3088
21472393 3
21472417 359
21472457 2812
21472481 5415
21472541 3
21472571 85
21472589 8751
21472597 1524
21472657 3
21472687 1677
21472721 3
21472723 2732
21472729 132
21472747 4440
21472757 348
21472849 99
21472879 8744
21472901 31
21472901 1675
21472939 60
21472951 108
21472951 1448
21472993 203
21473017 3
21473041 3
21473071 8
21473147 4137
21473267 3837
21473273 51
21473423 652
21473497 887
21473611 24
21473623 17
21473623 105
21473797 219
21473909 4000
21473929 131
21474059 1
21474059 141
21474073 36
21474073 47
21474091 284
21474113 3
21474133 23
21474137 7
21474137 507
21474139 9
21474143 1
21474143 97
21474217 15
21474223 116
21474259 141
21474293 7
21474293 15
21474353 595
21474391 9
21474391 44
21474391 2349
21474443 1
21474449 627
21474499 5
21474559 5
21474581 3
21474619 161
21474619 5501
21474641 51
21474683 85
21474913 11
21474919 3980
21474977 3
21474977 24
21474983 1
21474991 29
21475127 268
21475147 284
21475147 1185
21475159 17
21475231 284
21475247 13
21475253 2368
21475271 1
21475297 23
21475297 6620
21475331 733
21475357 684
21475367 37
21475393 323
21475411 141
21475543 237
21475579 941
21475687 9
21475733 195
21475819 837
21476011 1200
21476053 68
21476179 12
21476207 289
21476297 408
21476303 1
21476303 552
21476303 7713
21476311 89
21476341 8
21476353 7080
21476369 8952
21476401 3
21476401 4256
21476419 21
21476519 1
21476557 8
21476557 1463
21476621 3
21476639 1
21476639 37
21476657 3
21476657 9423
21476699 1
21476699 9
21476731 9
21476731 116
21476747 108
21476803 20
21476809 32
21476813 160
21476879 25
21476887 224
21476891 7284
21476947 84
21476953 135
21476969 175
21477091 8
21477091 276
21477133 48
21477133 180
21477143 13
21477149 4
21477179 76
21477199 57
21477299 21
21477343 5
21477517 5019
21477539 1
21477539 132
21477541 39
21477739 32
21477793 35
21477803 1
21477877 1404
21477983 36
21477983 276
21478069 44
21478211 1
21478291 1385
21478313 247
21478339 57
21478351 21
21478393 3
21478439 12
21478439 21
21478447 17
21478453 1988
21478553 7
21478631 1
21478631 2941
21478669 15
21478733 63
21478783 12
21478799 517
21478829 15
21478829 744
21478861 15
21478903 7892
21479011 9
21479027 105
21479147 960
21479147 4629
21479173 3
21479303 12
21479303 21
21479333 8392
21479371 249
21479377 879
21479429 712
21479561 508
21479567 4
21479567 25
21479659 125
21479767 725
21479779 717
21479779 3180
21479839 3224
21479873 856
21479881 11
21479881 4728
21479963 177
21480007 60
21480059 1
21480073 27
21480073 87
21480073 492
21480083 16
21480181 500
21480223 17
21480233 3
21480247 32
21480247 1077
21480253 2087
21480343 5
21480343 845
21480353 216
21480493 8
21480493 1095
21480497 103
21480577 723
21480611 13
21480691 20
21480713 9783
21480733 15
21480791 3820
21480841 15
21480841 240
21480859 12
21480947 13
21480973 3
21481003 8
21481003 4008
21481067 85
21481079 1
21481111 5
21481177 3
21481177 128
21481331 1
21481399 6429
21481403 16
21481561 3
21481567 65
21481631 13
21481633 8132
21481673 28
21481687 1077
21481753 27
21481769 4
21481769 7
21481769 15
21481771 5
21481871 33
21481871 189
21481879 69
21481921 71
21481927 860
21481939 9
21481939 7704
21482093 8736
21482137 1172
21482159 1
21482159 9
21482191 1593
21482563 6773
21482603 1
21482603 45
21482603 76
21482789 159
21482809 1359
21482827 8
21482827 4325
21482891 4
21482963 21
21482999 1
21483037 764
21483103 57
21483169 11
21483169 36
21483191 9
21483233 3
21483239 1
21483263 133
21483361 11
21483437 619
21483437 3339
21483487 12
21483641 3
21483719 1
21483779 1
21483853 3
21483853 35
21483859 29
21483901 3
21483911 7501
21483941 180
21483967 8
21483967 7532
21484033 3
21484187 177
21484213 963
21484339 32
21484349 147
21484363 81
21484363 881
21484403 33
21484409 9859
21484487 4
21484517 75
21484543 156
21484681 216
21484721 4083
21484807 168
21484807 8220
21484933 8
21485047 2720
21485053 3
21485083 2373
21485089 11
21485111 4
21485203 12
21485327 45
21485437 15
21485507 12
21485539 669
21485587 72
21485591 1
21485609 192
21485621 4984
21485677 72
21485677 1547
21485689 2364
21485741 1195
21485747 1260
21485809 267
21485813 28
21485813 295
21485819 1
21485833 3
21485833 8
21485911 8
21485911 168
21486001 84
21486043 5345
21486083 12
21486083 117
21486149 36
21486149 264
21486239 1897
21486281 9351
21486281 9420
21486331 29
21486449 19
21486599 4
21486671 168
21486737 3
21486779 1
21486781 20
21486781 683
21486809 72
21486809 5931
21486821 3
21486869 259
21486877 3288
21486919 1940
21487079 57
21487087 332
21487243 8
21487261 3
21487261 60
21487283 108
21487283 141
21487307 933
21487391 25
21487469 52
21487481 148
21487519 620
21487667 1984
21487667 2208
21487699 29
21487709 7
21487783 65
21487919 12
21488063 1
21488099 16
21488143 8
21488171 1
21488171 40
21488339 1
21488477 7
21488483 3636
21488573 88
21488591 28
21488609 4
21488801 3
21488809 12
21488839 12
21488839 4629
21488939 4
21488947 8825
21488963 1045
21489007 8
21489007 72
21489047 1128
21489077 4
21489077 60
21489179 1924
21489233 187
21489257 7
21489287 9
21489311 1
21489313 15
21489329 2695
21489373 608
21489439 36
21489443 361
21489451 8
21489451 105
21489469 36
21489491 1
21489491 4524
21489583 60
21489583 1001
21489607 3288
21489607 7152
21489623 48
21489631 48
21489653 343
21489661 9555
21489701 1171
21489719 24
21489731 228
21489739 3441
21489827 49
21489833 7
21489877 1283
21489877 2100
21489901 416
21489911 1
21489943 92
21489943 9680
21489947 4
21489947 544
21489947 7429
21489977 4
21490009 24
21490009 132
21490033 95
21490033 483
21490151 4
21490177 3
21490213 363
21490213 1515
21490213 1752
21490283 1036
21490319 85
21490393 47
21490429 1415
21490459 7421
21490523 1
21490531 5
21490531 248
21490613 3
21490663 8
21490687 9
21490687 48
21490697 495
21490739 9
21490783 1448
21490867 57
21491149 11
21491189 15
21491201 3
21491209 539
21491227 837
21491297 4
21491297 7
21491369 7
21491369 72
21491411 4
21491441 8800
21491461 3
21491471 1
21491473 4440
21491579 1360
21491627 4
21491633 175
21491669 4
21491693 1027
21491747 12
21491747 24
21491881 740
21492011 24
21492157 20
21492203 1
21492221 4
21492259 12
21492353 12
21492413 31
21492479 96
21492551 40
21492589 204
21492593 7915
21492599 97
21492727 1733
21492853 8
21492881 795
21492937 3
21492953 243
21493033 35
21493057 3
21493079 1
21493079 397
21493127 412
21493133 3
21493133 1935
21493139 424
21493141 8
21493159 105
21493231 45
21493259 1
21493331 1
21493349 4
21493363 153
21493517 7
21493583 1
21493621 111
21493643 40
21493691 73
21493739 1
21493873 3
21493951 221
21493957 1439
21494009 75
21494009 1707
21494173 23
21494183 1
21494183 6736
21494233 20
21494233 236
21494269 212
21494269 2067
21494269 6971
21494279 1
21494311 9516
21494411 1045
21494441 3
21494441 24
21494461 3
21494519 9
21494569 104
21494569 491
21494569 2652
21494573 3135
21494617 1047
21494659 260
21494663 1
21494723 1296
21494779 5
21494779 4509
21494813 187
21494843 13
21494849 3876
21494881 84
21494899 272
21495043 41
21495049 119
21495101 3
21495101 4
21495143 13
21495151 41
21495161 268
21495197 615
21495323 25
21495323 37
21495371 709
21495407 4
21495433 15
21495451 20
21495451 45
21495457 3
21495499 476
21495499 3992
21495577 2300
21495611 645
21495611 8044
21495613 8
21495619 69
21495673 3
21495673 20
21495827 33
21495917 3
21495983 1
21495983 193
21496003 17
21496037 3
21496043 1
21496063 1796
21496273 2448
21496417 627
21496463 81
21496507 8
21496523 1
21496523 12
21496523 52
21496523 120
21496679 4
21496703 4756
21496723 440
21496763 12
21496879 5844
21496913 2571
21496939 860
21496957 260
21496991 301
21497009 27
21497057 4
21497093 3
21497093 3831
21497123 1
21497123 1456
21497141 1344
21497191 8
21497191 29
21497269 356
21497293 71
21497339 1780
21497351 28
21497473 23
21497473 2531
21497501 16
21497513 8887
21497521 83
21497521 231
21497621 4
21497621 600
21497731 5
21497831 105
21497863 60
21497929 2379
21497953 27
21498041 4224
21498083 76
21498203 348
21498229 687
21498313 23
21498511 20
21498553 3
21498553 252
21498641 2628
21498649 3804
21498679 57
21498733 3
21498733 9135
21498847 617
21498857 3
21498857 55
21498857 60
21498949 11
21498977 4
21499057 5147
21499091 1
21499091 81
21499223 40
21499307 3484
21499321 3
21499367 12
21499367 1413
21499409 15
21499409 1255
21499451 4
21499453 1755
21499477 8864
21499481 4
21499483 3941
21499501 15
21499501 39
21499501 528
21499561 3
21499561 468
21499561 2255
21499579 9
21499603 416
21499603 765
21499607 37
21499619 4
21499619 8241
21499649 591
21499693 15
21499783 8825
21499799 21
21499801 11
21499843 7100
21499853 271
21499873 395
21499889 55
21499897 248
21499901 19
21499901 79
21499937 1015
21499969 32
21499981 8675
