14500007 37
14500081 119
14500093 915
14500141 8
14500151 1
14500151 9
14500163 21
14500163 36
14500279 65
14500301 16
14500621 39
14500631 1
14500657 35
14500691 1
14500693 11
14500699 12
14500699 1196
14500721 163
14500721 3316
14500861 11
14500861 716
14500867 108
14500883 252
14500943 1
14500979 4
14501027 253
14501029 680
14501057 3
14501089 11
14501089 2312
14501089 4356
14501099 1
14501099 312
14501099 5376
14501143 41
14501183 1
14501287 1140
14501317 312
14501369 175
14501419 9
14501423 1
14501429 235
14501483 168
14501483 7108
14501573 7
14501609 391
14501651 24
14501651 180
14501813 12
14501887 1028
14501953 1512
14501989 1064
14502067 48
14502161 5655
14502211 233
14502289 2511
14502311 1548
14502331 4308
14502353 88
14502577 4184
14502679 380
14502721 395
14502791 1
14502793 72
14502877 44
14502881 40
14502883 20
14502883 2501
14502953 72
14502959 1
14502959 237
14502977 343
14502979 5
14502991 69
14502991 216
14503007 645
14503039 1385
14503081 36
14503199 1
14503199 481
14503199 3276
14503303 12
14503339 80
14503457 28
14503471 564
14503487 105
14503553 12
14503597 1248
14503613 5535
14503679 340
14503829 456
14503891 6680
14503991 1
14504027 24
14504027 64
14504051 88
14504051 9348
14504081 15
14504081 1044
14504123 21
14504129 376
14504209 920
14504251 24
14504251 48
14504251 156
14504267 1005
14504317 224
14504317 1172
14504317 5099
14504339 45
14504389 11
14504473 3
14504617 92
14504627 172
14504627 2913
14504653 95
14504663 9588
14504747 133
14504747 225
14504767 29
14504779 72
14504779 1485
14504783 1
14504863 41
14504887 105
14504891 4
14504921 4
14504929 3660
14504933 16
14504977 3
14505047 4
14505059 1
14505083 1
14505083 33
14505107 4
14505143 3472
14505311 1
14505331 7244
14505377 4
14505377 27
14505389 1711
14505401 1239
14505461 55
14505461 4411
14505497 12
14505503 1417
14505509 1519
14505511 20
14505583 3732
14505629 1215
14505649 299
14505679 360
14505763 512
14505767 4
14505767 300
14505773 55
14505781 75
14505781 3483
14505871 9
14505919 5
14505943 308
14505977 3
14505979 165
14505989 4
14506013 3792
14506111 68
14506133 3015
14506243 93
14506301 448
14506477 899
14506517 4
14506589 727
14506589 9340
14506603 128
14506673 3
14506787 1080
14506847 3288
14506909 2579
14506927 48
14506991 1
14506991 2040
14507057 3
14507063 1
14507063 37
14507189 12
14507329 567
14507483 1
14507551 1376
14507561 144
14507707 333
14507767 5
14507821 2175
14507827 8
14507879 1
14507939 1
14508133 23
14508209 1291
14508209 1344
14508349 20
14508359 556
14508371 9
14508401 3
14508413 96
14508523 8
14508563 6216
14508623 301
14508661 3
14508661 1083
14508707 1593
14508707 1864
14508733 11
14508737 3
14508737 7
14508757 584
14508797 39
14508833 7
14508859 72
14508859 77
14508863 57
14508937 3
14509009 2076
14509013 12
14509057 324
14509123 8861
14509153 20
14509153 387
14509181 4
14509241 4456
14509249 156
14509273 611
14509433 2487
14509459 5
14509487 2449
14509637 24
14509639 921
14509727 2197
14509763 93
14509799 12
14509799 1824
14509853 88
14509903 36
14509903 417
14509907 300
14509921 23
14509931 1
14509931 148
14510003 873
14510003 2553
14510011 20
14510147 4
14510183 1
14510297 3
14510311 53
14510417 84
14510437 252
14510473 1707
14510557 12
14510557 39
14510593 3587
14510633 676
14510689 11
14510801 240
14510869 24
14510891 4
14510917 132
14510939 1
14510939 24
14510941 564
14511011 204
14511017 255
14511127 5
14511127 240
14511197 1224
14511271 81
14511311 2785
14511323 1
14511389 864
14511403 21
14511407 160
14511443 1
14511613 411
14511641 4
14511641 1536
14511671 1
14511697 1220
14511793 71
14511797 852
14511797 3447
14511811 36
14511811 6624
14511821 55
14511823 33
14511823 6960
14511851 1
14511869 100
14511869 1479
14511907 4973
14511911 64
14512031 1
14512079 1
14512081 171
14512109 1500
14512139 1
14512217 687
14512279 377
14512403 2785
14512411 45
14512439 4
14512481 3
14512481 5208
14512567 2540
14512579 24
14512649 7
14512661 4
14512691 1
14512691 28
14512697 24
14512709 420
14512733 72
14512787 172
14512837 2552
14512877 1327
14512909 332
14513003 792
14513033 63
14513113 2247
14513173 75
14513183 1
14513197 1067
14513209 35
14513249 91
14513383 2361
14513441 5295
14513507 568
14513533 660
14513539 209
14513539 404
14513689 107
14513689 1215
14513771 1360
14513783 1
14513887 32
14513927 265
14513951 576
14513957 4
14513957 87
14513957 2475
14514029 15
14514053 231
14514139 17
14514139 500
14514187 632
14514217 2067
14514257 1039
14514299 121
14514359 189
14514359 985
14514389 15
14514431 9
14514457 1832
14514509 2551
14514623 12
14514701 36
14514839 4
14514883 4620
14514911 1
14514919 7472
14514953 6555
14514959 6280
14515043 1
14515097 4
14515301 1636
14515351 60
14515469 5856
14515531 1364
14515559 76
14515577 48
14515577 328
14515597 120
14515673 3760
14515873 8
14515889 4
14515933 48
14515993 3332
14516003 1
14516003 132
14516039 1
14516087 28
14516239 17
14516263 4292
14516273 7
14516297 112
14516311 228
14516311 405
14516357 7399
14516393 3
14516431 5
14516479 365
14516497 27
14516507 172
14516531 1
14516609 39
14516651 16
14516693 5455
14516767 20
14516813 376
14516939 3216
14517059 252
14517131 1
14517137 15
14517149 7
14517179 4
14517203 37
14517241 1671
14517257 75
14517259 32
14517323 3501
14517367 8880
14517499 812
14517527 9
14517527 1224
14517527 1477
14517683 1
14517709 39
14517733 15
14517733 608
14517773 292
14517773 2763
14517803 1
14517851 1
14517851 25
14517907 3228
14517941 1804
14518001 15
14518079 57
14518103 1
14518211 33
14518351 8
14518367 49
14518403 492
14518417 4860
14518421 324
14518519 1661
14518547 4
14518583 1
14518591 605
14518597 1659
14518619 1600
14518739 729
14518747 237
14518753 11
14518771 36
14518771 9861
14518781 2019
14518807 189
14518843 21
14518877 3
14518883 1177
14518927 60
14519039 672
14519143 41
14519149 900
14519171 1
14519177 1672
14519179 5
14519213 2683
14519221 48
14519231 304
14519339 129
14519431 5
14519431 1745
14519443 8
14519467 420
14519507 5652
14519537 5364
14519567 5685
14519599 45
14519839 21
14519849 172
14519951 1
14520019 9
14520019 17
14520043 20
14520067 8
14520073 8
14520167 45
14520223 68
14520263 1
14520263 13
14520263 205
14520287 25
14520293 3
14520293 28
14520323 1
14520323 1288
14520413 7995
14520419 1
14520421 140
14520479 1
14520551 444
14520563 156
14520607 5012
14520629 84
14520643 21
14520691 3449
14520691 5073
14520763 9897
14520829 11
14520829 539
14520899 1
14520899 2644
14520943 5
14521033 3
14521081 216
14521159 1220
14521163 1
14521193 160
14521267 80
14521277 19
14521277 103
14521289 12
14521289 264
14521319 1
14521319 3417
14521327 9
14521337 12
14521343 1
14521343 1272
14521393 63
14521393 2915
14521411 4364
14521631 1
14521651 3593
14521691 2253
14521873 80
14521877 4468
14521883 1
14521891 8
14521891 41
14521891 6641
14521931 6993
14521943 1
14521973 7
14521973 52
14521973 915
14522059 1584
14522203 4968
14522231 153
14522257 435
14522293 372
14522489 100
14522527 1053
14522531 1
14522621 484
14522699 1
14522723 1
14522723 616
14522749 2915
14522771 1156
14522861 208
14522917 8459
14523031 9309
14523071 16
14523077 4
14523139 9545
14523191 193
14523211 5
14523227 784
14523241 3
14523241 60
14523317 4
14523317 163
14523323 5997
14523337 327
14523359 16
14523503 912
14523521 55
14523521 1891
14523571 5
14523583 177
14523629 135
14523629 1780
14523671 853
14523737 7488
14523757 1763
14523851 1
14523991 8
14523991 345
14524009 20
14524009 1655
14524033 831
14524061 3
14524187 7824
14524241 96
14524241 555
14524243 17
14524277 880
14524277 2607
14524319 1
14524343 3885
14524357 620
14524361 15
14524361 108
14524397 7
14524397 87
14524403 2133
14524451 408
14524459 329
14524481 28
14524487 12
14524513 7895
14524529 4
14524553 7
14524589 7
14524651 60
14524667 4
14524687 20
14524801 3
14524859 2889
14524943 1
14524999 9
14525011 413
14525051 1
14525129 12
14525197 1239
14525237 859
14525261 976
14525299 1889
14525461 1715
14525471 24
14525501 4
14525561 4
14525561 468
14525561 1624
14525587 12
14525663 3720
14525683 12
14525831 24
14525831 28
14525881 3
14525893 3255
14525909 27
14525947 560
14525981 4
14525983 756
14525989 1071
14526053 72
14526077 3
14526077 2715
14526121 95
14526223 812
14526257 7
14526257 103
14526287 1944
14526299 1
14526353 51
14526371 1
14526371 5685
14526493 875
14526541 63
14526581 84
14526689 7
14526703 32
14526821 4
14526877 35
14526899 3252
14526907 12
14526923 1
14526923 4537
14526923 4837
14526947 9
14526971 4
14526973 8
14526979 5
14527087 2952
14527151 1
14527151 13
14527301 3
14527301 15
14527321 44
14527349 39
14527363 12
14527379 9
14527391 1
14527417 192
14527423 21
14527451 1
14527553 3
14527687 17
14527691 9
14527691 45
14527763 1
14527867 3333
14527969 3327
14528077 128
14528167 20
14528221 9756
14528303 1
14528323 5
14528323 20
14528323 4920
14528351 808
14528363 3196
14528411 1429
14528443 3576
14528509 15
14528603 145
14528629 24
14528639 1416
14528651 4
14528651 556
14528699 297
14528783 132
14528869 972
14528879 1
14529013 1908
14529037 8
14529083 441
14529103 5
14529107 13
14529107 52
14529121 15
14529223 372
14529239 1
14529239 40
14529289 1527
14529299 12
14529301 3
14529301 479
14529329 19
14529569 4044
14529659 1141
14529707 52
14529707 744
14529719 1345
14529839 37
14529877 3
14529913 51
14529913 752
14529971 160
14530123 5
14530123 7308
14530151 136
14530151 2296
14530171 5
14530199 1
14530211 733
14530213 35
14530297 84
14530337 3
14530337 4
14530337 6204
14530339 41
14530541 100
14530547 97
14530559 16
14530679 1
14530679 4
14530739 1
14530757 4
14530807 5
14530807 137
14530807 609
14530811 1
14530823 1
14530883 2320
14530907 49
14530969 3060
14530981 3
14531113 3
14531123 1
14531123 33
14531207 264
14531267 60
14531329 96
14531351 1
14531383 8
14531443 5
14531459 1
14531459 40
14531483 37
14531483 180
14531519 9
14531519 64
14531521 3
14531567 165
14531663 37
14531663 2577
14531681 103
14531809 12
14531819 57
14531819 2169
14531843 1
14531843 12
14531857 8
14531887 44
14532107 13
14532109 347
14532121 3
14532121 111
14532239 144
14532299 1
14532317 679
14532403 413
14532503 1
14532599 757
14532659 1
14532659 1357
14532659 2245
14532677 708
14532677 2908
14532751 128
14532811 9
14532851 1
14532863 21
14532923 1
14532923 21
14532937 84
14532949 32
14532961 3
14533121 76
14533139 105
14533139 1405
14533163 12
14533303 461
14533307 97
14533361 3
14533367 969
14533391 13
14533391 25
14533483 12
14533583 1
14533591 2985
14533619 660
14533633 8
14533697 600
14533697 2832
14533741 3
14533741 171
14533741 915
14533747 257
14534077 27
14534101 260
14534209 7760
14534347 1332
14534357 168
14534369 4
14534431 8
14534437 20
14534447 3388
14534483 1
14534537 48
14534587 44
14534627 1320
14534647 2640
14534699 4
14534699 681
14534701 236
14534759 1
14534759 741
14534783 1
14534929 444
14534999 2121
14535113 3
14535151 5
14535223 3873
14535229 11
14535229 3492
14535253 8
14535253 6363
14535319 9
14535329 16
14535331 5
14535341 123
14535347 49
14535349 215
14535461 195
14535511 9
14535593 3
14535611 1
14535667 17
14535667 245
14535667 420
14535679 72
14535691 53
14535691 105
14535797 3
14535827 133
14535863 1
14535877 2519
14535943 17
14535949 515
14535971 1
14535971 45
14536013 1155
14536211 9
14536211 3505
14536217 444
14536267 24
14536307 97
14536331 4
14536471 5
14536507 9
14536631 1
14536693 840
14536891 8
14536891 1469
14536931 9
14536997 3
14537051 1
14537177 487
14537231 2533
14537251 9384
14537269 140
14537297 7
14537297 339
14537333 432
14537359 29
14537359 837
14537387 4
14537417 148
14537507 1240
14537539 65
14537557 3
14537639 1
14537639 12
14537867 69
14537879 1
14537927 4
14537933 1795
14537933 2223
14538053 3
14538089 19
14538103 65
14538113 2407
14538127 372
14538157 3179
14538203 1
14538269 631
14538269 5835
14538283 200
14538353 3
14538361 2108
14538437 7
14538479 1
14538527 12
14538527 1012
14538583 21
14538611 73
14538613 8
14538661 3923
14538701 3
14538701 48
14538703 905
14538751 65
14538793 3
14538809 4672
14538911 1
14538949 12
14538989 4
14539043 1
14539061 15
14539073 3
14539073 195
14539157 4
14539223 1
14539247 3529
14539249 7536
14539277 3
14539321 3
14539361 4
14539477 27
14539523 1
14539571 1
14539571 9
14539667 444
14539687 2388
14539741 8
14539793 3
14539999 56
14540003 757
14540011 8136
14540051 60
14540087 6148
14540093 267
14540101 584
14540167 5
14540167 465
14540237 67
14540479 21
14540489 4
14540543 37
14540569 15
14540569 35
14540569 452
14540569 4799
14540599 1169
14540621 31
14540621 2839
14540677 483
14540693 3
14540873 3
14540987 24
14541113 175
14541143 565
14541257 112
14541301 68
14541311 84
14541419 1
14541473 396
14541493 15
14541503 253
14541523 21
14541559 44
14541619 9
14541679 437
14541691 5
14541733 1580
14541797 2692
14541841 8015
14541893 136
14541929 271
14542043 2628
14542061 339
14542093 8
14542109 7
14542183 5
14542183 972
14542211 1
14542211 2028
14542247 493
14542267 12
14542267 1265
14542271 1
14542273 8
14542303 12
14542313 5583
14542459 12
14542487 60
14542519 12
14542547 108
14542589 15
14542589 9276
14542651 1208
14542699 3140
14542711 65
14542943 25
14542967 13
14542993 348
14543003 880
14543029 200
14543051 4
14543057 1008
14543099 1
14543099 25
14543203 5
14543237 4
14543273 168
14543363 1
14543369 7
14543377 95
14543407 8
14543423 7777
14543519 1
14543537 19
14543537 1552
14543563 717
14543593 11
14543593 1611
14543609 4
14543609 60
14543699 24
14543731 1641
14543747 85
14543773 2387
14543833 60
14543861 576
14543917 1160
14543939 4
14544043 1200
14544059 4
14544067 33
14544247 12
14544307 72
14544307 6080
14544371 1
14544371 4
14544371 448
14544373 591
14544373 675
14544379 81
14544379 8504
14544437 24
14544461 3123
14544521 4
14544521 1860
14544619 69
14544721 8
14544839 1
14544839 5376
14544853 35
14544853 128
14544977 28
14544977 4567
14544997 1872
14545079 216
14545087 2604
14545121 4
14545121 16
14545213 3
14545213 8
14545357 3408
14545369 71
14545379 3784
14545409 15
14545439 1
14545459 80
14545471 5
14545577 639
14545681 1883
14545681 2523
14545709 8887
14545721 51
14545807 44
14545813 2036
14545873 191
14545873 1203
14545879 4941
14545961 8448
14546131 8
14546167 24
14546251 8
14546251 1028
14546293 3948
14546333 3
14546333 7
14546353 12
14546417 4
14546573 832
14546579 705
14546639 9
14546671 45
14546683 2957
14546897 180
14546899 104
14546899 1209
14546921 396
14547059 9
14547061 23
14547061 1124
14547233 180
14547311 1
14547311 21
14547311 24
14547349 1299
14547391 1785
14547413 7
14547413 28
14547439 5
14547443 1
14547479 1
14547479 4
14547499 20
14547541 15
14547541 120
14547703 8
14547703 248
14547833 12
14547833 672
14547847 773
14547857 3
14547857 1488
14547881 6103
14547941 15
14547947 2277
14547961 15
14548003 161
14548103 33
14548133 123
14548199 9
14548321 15
14548421 3
14548421 63
14548463 1
14548519 5
14548519 17
14548543 2613
14548591 6825
14548609 279
14548613 7
14548619 1
14548643 21
14548697 52
14548817 60
14548837 1392
14548901 619
14548907 4
14548913 3927
14548931 4
14548931 36
14548939 17
14548939 8304
14549063 1
14549071 5
14549077 584
14549081 3844
14549131 216
14549141 15
14549159 1
14549167 3069
14549173 1071
14549209 32
14549209 5436
14549279 784
14549287 8
14549291 40
14549371 161
14549413 12
14549441 268
14549443 5
14549443 1421
14549567 37
14549669 40
14549693 7
14549737 27
14549747 952
14549749 24
14549789 7
14549797 20
14549827 1992
14549831 73
14549861 4
14549923 5
14549947 197
14549963 1
14549971 41
14549989 639
14550001 144
14550001 2283
14550043 12
14550071 1
14550157 188
14550241 443
14550259 20
14550313 215
14550353 528
14550379 444
14550379 2049
14550443 1
14550551 33
14550619 365
14550661 384
14550703 56
14550709 15
14550709 3815
14550817 344
14550821 19
14550841 840
14550863 1
14550961 8
14550971 13
14551007 6169
14551007 6769
14551051 1701
14551129 80
14551139 1
14551289 3255
14551291 44
14551291 69
14551393 3
14551457 372
14551561 3
14551639 6564
14551657 747
14551697 3
14551703 1
14551727 597
14551783 153
14551907 45
14551909 12
14551913 5328
14551951 65
14551963 192
14551963 1557
14552029 15
14552117 135
14552117 8755
14552179 20
14552201 51
14552201 195
14552257 227
14552371 8
14552371 149
14552437 383
14552443 5133
14552633 3
14552653 3
14552683 108
14552711 1
14552737 4475
14552761 36
14552771 4
14552789 5875
14552891 240
14552897 27
14553023 1
14553029 12
14553053 7
14553053 12
14553199 161
14553211 65
14553251 1
14553251 1021
14553281 4
14553337 8
14553347 12
14553347 52
14553349 7212
14553359 1
14553523 117
14553611 1
14553619 24
14553659 1
14553659 289
14553697 108
14553701 4
14553703 60
14553817 1403
14553817 1839
14553821 7504
14553961 324
14554013 1323
14554031 100
14554153 1043
14554237 3
14554271 1
14554301 3
14554481 3
14554481 291
14554487 4
14554487 292
14554583 1
14554679 12
14554697 3
14554847 12
14554867 425
14554871 861
14554909 1736
14554927 9
14554927 249
14554933 8
14554933 1007
14554997 27
14555087 12
14555137 8
14555183 33
14555269 15
14555329 284
14555341 111
14555341 1299
14555353 60
14555353 95
14555377 348
14555423 40
14555447 4
14555449 27
14555459 3525
14555483 1
14555551 9
14555551 240
14555617 87
14555731 5
14555819 1
14555903 1
14555939 1
14555939 5577
14555963 36
14555963 3885
14556013 696
14556049 1671
14556053 148
14556121 3095
14556137 487
14556137 4788
14556211 224
14556307 5
14556319 60
14556343 5925
14556343 7416
14556427 365
14556427 2660
14556481 3
14556559 5
14556611 1
14556653 271
14556673 11
14556673 2912
14556767 9
14556791 108
14556809 487
14556923 1077
14556961 1284
14556967 8
14557057 260
14557061 76
14557079 516
14557087 792
14557199 1
14557199 16
14557199 280
14557381 80
14557397 15
14557481 43
14557493 135
14557723 120
14557727 28
14557793 36
14557799 1
14557871 1
14557871 5004
14557889 352
14557937 9627
14557979 1
14557999 225
14558119 2184
14558339 12
14558339 25
14558393 3
14558399 1
14558447 4
14558519 4420
14558573 36
14558587 4400
14558627 13
14558659 17
14558659 272
14558659 521
14558669 531
14558683 185
14558683 608
14558771 4
14558771 5973
14558773 12
14558837 3
14558867 172
14558903 1
14558909 2511
14558917 8
14559101 240
14559229 2487
14559379 465
14559379 5445
14559403 20
14559451 1884
14559539 4
14559557 3
14559581 2431
14559583 173
14559691 5
14559731 1
14559731 141
14559737 187
14559767 69
14559793 1923
14559877 3
14559887 12
14560037 564
14560097 7
14560097 9808
14560159 5
14560159 357
14560193 7
14560243 2576
14560331 21
14560333 8
14560369 12
14560409 91
14560417 15
14560439 1
14560493 207
14560543 5
14560543 257
14560649 12
14560649 456
14560901 4
14560901 6784
14560927 1292
14560937 40
14560951 9
14561003 672
14561033 151
14561149 39
14561153 271
14561159 1
14561159 480
14561207 6384
14561233 183
14561303 1
14561303 3696
14561447 2484
14561483 1
14561489 4
14561489 1555
14561489 2304
14561551 5
14561551 129
14561653 63
14561653 83
14561711 213
14561747 8653
14561797 87
14561819 492
14561837 3919
14561839 3501
14561903 1
14561927 1465
14562061 4308
14562137 3
14562173 52
14562173 4315
14562181 3
14562181 23
14562181 36
14562211 20
14562239 1
14562271 468
14562287 12
14562299 916
14562367 92
14562371 1
14562377 4
14562377 15
14562397 3
14562451 3941
14562577 144
14562631 44
14562637 1592
14562671 8845
14562677 3
14562791 1
14562871 29
14562917 7
14562937 459
14562953 12
14563049 7
14563141 3
14563141 344
14563229 1399
14563259 1
14563357 23
14563363 320
14563379 3241
14563537 3
14563547 133
14563649 7
14563649 136
14563657 1008
14563667 1897
14563673 175
14563793 28
14563837 347
14563841 4
14563847 84
14563957 6903
14564027 5044
14564047 4437
14564063 601
14564113 3
14564113 8531
14564149 1071
14564191 540
14564197 3
14564239 1836
14564243 1
14564287 12
14564321 16
14564369 3579
14564369 9111
14564413 3
14564437 188
14564479 20
14564479 84
14564551 65
14564623 60
14564731 29
14564743 12
14564843 96
14564863 225
14564941 23
14564941 684
14564999 1
14565037 3
14565059 321
14565113 3
14565121 8
14565121 56
14565121 168
14565139 572
14565149 255
14565149 504
14565167 72
14565241 719
14565269 472
14565289 11
14565329 1000
14565403 33
14565403 2640
14565403 5105
14565431 8308
14565449 27
14565461 1068
14565479 4
14565487 12
14565521 5808
14565547 9
14565631 128
14565631 1088
14565643 5052
14565667 5
14565709 4587
14565731 769
14565823 12
14565823 261
14565841 3
14565953 12
14565953 3220
14565973 431
14566031 1
14566051 3041
14566117 2208
14566133 15
14566133 40
14566259 25
14566339 1617
14566339 2004
14566351 36
14566421 3
14566477 2247
14566511 4
14566511 124
14566571 28
14566823 1
14566823 1120
14566913 823
14566963 341
14566967 109
14566973 1128
14567083 492
14567083 552
14567099 1
14567173 3
14567183 1
14567197 464
14567291 5989
14567401 1716
14567417 75
14567437 272
14567459 9
14567461 483
14567467 117
14567477 4
14567543 1452
14567549 76
14567561 19
14567561 120
14567561 183
14567591 13
14567627 4
14567629 395
14567647 228
14567711 501
14567747 684
14567881 3596
14567939 2064
14567981 7623
14567999 1
14568097 20
14568137 3
14568181 108
14568287 37
14568317 4
14568397 3
14568403 1217
14568427 44
14568467 4
14568467 25
14568479 1
14568493 1872
14568539 1
14568553 2012
14568563 228
14568577 155
14568647 9
14568733 47
14568767 2197
14568803 1
14568887 72
14568971 4
14568979 444
14568979 7496
14569091 1
14569099 44
14569169 31
14569169 75
14569253 223
14569279 92
14569319 1
14569319 900
14569363 77
14569363 896
14569421 1300
14569439 9
14569439 21
14569517 5287
14569591 41
14569591 393
14569591 2664
14569613 2691
14569661 3628
14569669 7839
14569739 9
14569781 24
14569811 61
14569817 4
14569817 24
14569931 4
14569967 453
14569987 60
14570041 111
14570051 3304
14570057 159
14570089 119
14570113 4572
14570161 3
14570191 5
14570203 8
14570203 2937
14570219 1
14570251 4008
14570261 3
14570291 1
14570453 111
14570459 1
14570459 145
14570497 987
14570537 2239
14570609 15
14570617 908
14570629 11
14570639 1
14570657 40
14570687 12
14570687 49
14570719 24
14570729 7
14570741 31
14570741 240
14570767 53
14570861 1468
14570861 2839
14570971 36
14571017 3
14571017 5224
14571083 1
14571083 916
14571187 65
14571187 417
14571187 449
14571191 1
14571197 3
14571197 15
14571257 4
14571331 348
14571379 2609
14571391 8
14571391 21
14571391 240
14571421 959
14571481 15
14571481 35
14571481 459
14571481 5480
14571503 13
14571553 12
14571589 455
14571593 7
14571607 20
14571607 48
14571611 1
14571671 1
14571671 13
14571911 1
14571923 1
14571923 21
14571937 155
14571943 41
14571961 3
14571971 76
14572067 348
14572091 1816
14572127 132
14572127 753
14572153 12
14572199 12
14572267 53
14572273 300
14572289 4
14572291 5
14572291 2724
14572427 13
14572489 11
14572609 15
14572699 92
14572751 1
14572763 13
14572793 16
14572889 4519
14572903 105
14572939 81
14572951 9
14573047 4605
14573113 7827
14573147 105
14573201 19
14573261 3
14573303 25
14573303 525
14573333 535
14573333 4743
14573353 168
14573381 4
14573407 872
14573519 1
14573561 843
14573561 2443
14573591 2676
14573681 4
14573681 4959
14573701 3
14573707 632
14573711 60
14573731 149
14573753 3
14573759 1
14573791 8
14573831 1
14573843 1
14573857 140
14573899 44
14573953 15
14573963 1
14573963 1077
14574071 1
14574071 4248
14574103 108
14574173 1800
14574283 180
14574331 21
14574367 9
14574379 1337
14574419 1
14574431 3169
14574437 48
14574437 235
14574509 244
14574569 4
14574587 9
14574601 1128
14574697 3
14574737 3
14574779 1
14574787 948
14574839 520
14574871 1224
14574887 468
14574943 8
14575009 4664
14575097 7
14575111 501
14575181 4
14575181 580
14575199 9
14575369 24
14575369 375
14575397 127
14575657 183
14575709 6060
14575727 300
14575727 729
14575741 624
14575811 1
14575823 492
14575853 3595
14575973 3
14575991 9
14576083 296
14576083 365
14576099 1
14576119 809
14576147 6300
14576161 20
14576179 252
14576189 19
14576203 8148
14576207 4
14576207 105
14576213 67
14576383 581
14576413 3
14576447 4
14576459 1
14576561 3
14576563 8
14576579 301
14576581 59
14576609 595
14576671 24
14576741 16
14576747 345
14576759 1
14576759 3964
14576777 67
14576813 472
14576827 485
14576867 4
14576893 3
14576893 8
14576977 3
14576993 7767
14577011 13
14577019 72
14577127 104
14577127 1529
14577133 35
14577203 1
14577337 27
14577421 95
14577439 84
14577461 84
14577467 28
14577481 15
14577481 1380
14577583 5
14577599 12
14577599 81
14577631 68
14577637 2844
14577697 39
14577709 7292
14577737 7320
14577743 1
14577743 805
14577821 843
14577833 4620
14577851 13
14577851 669
14577971 1
14578019 21
14578043 613
14578049 1024
14578049 4932
14578051 89
14578087 317
14578117 1359
14578337 7
14578357 1047
14578373 15
14578379 957
14578391 1
14578393 252
14578409 247
14578433 520
14578439 1
14578439 4
14578661 16
14578693 75
14578693 6612
14578717 15
14578717 968
14578901 16
14578919 925
14578931 25
14578951 189
14578969 411
14579017 3
14579051 268
14579051 7080
14579111 1
14579113 312
14579233 8
14579417 99
14579519 2916
14579561 2751
14579563 648
14579569 11
14579597 795
14579683 92
14579699 1
14579699 37
14579791 60
14579833 27
14579839 261
14579843 1
14579857 12
14579857 104
14579911 1700
14579989 456
14580017 1195
14580077 4
14580077 475
14580149 4
14580149 12
14580151 144
14580179 1
14580341 423
14580421 668
14580487 5505
14580521 36
14580653 3
14580661 24
14580667 6429
14580719 1429
14580739 5180
14580767 13
14580833 40
14580833 4543
14580899 1
14580931 5
14580949 279
14580971 1
14580971 385
14581031 333
14581163 60
14581207 357
14581213 48
14581261 1700
14581309 95
14581337 1024
14581423 2981
14581487 4
14581537 6887
14581613 627
14581643 117
14581681 140
14581871 45
14581883 1
14581993 3
14582147 12
14582153 3
14582159 4
14582159 57
14582201 3
14582219 1
14582257 8
14582287 29
14582287 84
14582371 6953
14582411 1596
14582441 96
14582489 3111
14582507 9
14582509 75
14582647 3389
14582681 448
14582819 600
14582963 21
14583053 727
14583067 5693
14583073 48
14583197 12
14583223 176
14583227 4
14583337 1484
14583353 36
14583377 183
14583377 7467
14583383 133
14583383 1080
14583419 3192
14583473 8808
14583497 3
14583523 933
14583539 1
14583553 276
14583557 4
14583589 1347
14583599 1
14583623 1
14583623 540
14583763 192
14583769 11
14583799 9
14583799 5612
14583859 12
14583859 221
14583871 5
14583901 24
14583929 144
14583949 176
14584103 37
14584123 12
14584127 28
14584211 1
14584237 23
14584261 339
14584261 6491
14584301 4
14584301 40
14584379 1
14584391 48
14584399 9
14584399 645
14584417 287
14584441 248
14584447 5
14584463 7888
14584469 4
14584489 12
14584499 9
14584667 6237
14584681 8
14584693 5891
14584753 60
14584931 1
14584943 1
14584957 60
14584957 9459
14584979 81
14584991 720
14584991 5268
14585003 1
14585089 11
14585227 5
14585227 465
14585287 17
14585323 8
14585323 92
14585339 117
14585591 1
14585689 120
14585719 285
14585843 1
14585899 209
14585917 3
14585917 44
14585969 112
14585993 3
14585993 72
14586023 1
14586031 5
14586041 5439
14586079 92
14586083 532
14586109 71
14586179 1
14586179 961
14586191 141
14586191 2044
14586227 4
14586227 580
14586241 8
14586263 4297
14586293 100
14586307 1133
14586329 196
14586401 4
14586401 2059
14586431 1
14586431 33
14586443 1
14586463 341
14586541 11
14586553 596
14586557 28
14586587 2517
14586617 12
14586619 545
14586683 1
14586893 3
14586937 167
14586941 183
14586941 304
14586977 3232
14587049 75
14587091 1
14587253 15
14587303 5
14587381 8915
14587481 9556
14587523 301
14587541 3
14587637 12
14587669 11
14587673 483
14587739 4
14587739 4029
14587747 4644
14587777 107
14587789 15
14587823 285
14587931 1
14587931 100
14587933 315
14587933 8451
14587939 44
14588009 7104
14588149 800
14588173 320
14588243 13
14588243 76
14588243 4893
14588263 5
14588263 2733
14588293 3
14588401 1820
14588473 95
14588503 8
14588527 104
14588543 40
14588681 4
14588723 28
14588779 81
14588843 13
14588869 852
14588891 1
14589011 5949
14589013 3
14589073 1200
14589089 84
14589097 372
14589181 35
14589193 3432
14589209 19
14589217 204
14589221 243
14589271 1149
14589391 281
14589493 1008
14589529 627
14589529 1775
14589607 45
14589607 9693
14589611 1
14589643 12
14589667 5892
14589709 656
14589721 831
14589833 3
14589851 4
14589851 4765
14589907 5
14589907 165
14589907 177
14589959 1
14589997 8
14590091 4
14590091 45
14590109 235
14590129 12
14590129 275
14590231 593
14590249 71
14590249 87
14590333 147
14590339 860
14590417 1172
14590453 387
14590501 3
14590517 3
14590603 33
14590663 6780
14590687 980
14590783 288
14590813 1412
14590853 7
14590883 1
14590897 843
14590937 4
14590943 16
14590991 165
14591023 8
14591051 1
14591051 3205
14591099 1
14591119 17
14591243 1
14591243 1248
14591309 75
14591417 7
14591417 40
14591471 16
14591497 260
14591497 344
14591567 4432
14591569 15
14591569 404
14591581 2124
14591623 81
14591657 7
14591699 265
14591711 1
14591711 4
14591723 1
14591741 115
14591771 1428
14591783 93
14591813 91
14591873 7
14591891 1
14591909 3160
14591947 5
14591947 2004
14591957 7155
14592107 7192
14592167 157
14592251 360
14592283 68
14592299 1
14592299 9
14592337 3
14592463 12
14592497 4
14592499 96
14592499 477
14592517 3
14592601 111
14592709 15
14592733 23
14592793 1251
14592821 504
14592839 1
14592859 1272
14592871 56
14592913 728
14592947 528
14592979 9
14593009 779
14593031 21
14593031 1476
14593141 3
14593141 111
14593141 1668
14593217 7
14593217 763
14593223 1
14593277 279
14593441 4484
14593511 4
14593567 53
14593567 6548
14593589 7
14593609 20
14593619 369
14593637 24
14593639 137
14593679 160
14593703 1
14593741 8
14593741 11
14593741 168
14593763 1
14593883 108
14593883 3748
14593949 111
14593981 3
14593981 63
14594009 7
14594093 2968
14594123 81
14594161 23
14594201 3
14594201 904
14594287 3393
14594369 7636
14594387 28
14594477 424
14594519 97
14594599 89
14594609 252
14594609 607
14594731 44
14594779 41
14594779 441
14594813 520
14594819 37
14594989 35
14595011 364
14595143 6337
14595157 227
14595181 191
14595253 68
14595277 1719
14595283 213
14595293 16
14595341 76
14595391 45
14595397 3
14595463 233
14595463 596
14595473 3
14595577 35
14595583 428
14595641 3
14595727 324
14595793 891
14595937 3
14595941 28
14595953 7
14596079 100
14596139 1
14596181 4
14596181 171
14596223 1
14596247 12
14596247 57
14596271 81
14596279 84
14596339 6537
14596343 28
14596357 608
14596433 211
14596453 291
14596469 9295
14596471 29
14596531 5
14596573 3
14596573 116
14596573 251
14596583 1
14596663 17
14596663 1388
14596709 4
14596723 8
14596739 304
14596867 5444
14596919 4
14596957 3
14596957 8
14596963 5
14597003 1
14597017 15
14597021 3
14597027 60
14597039 1
14597041 3
14597087 37
14597123 1
14597183 1
14597197 1223
14597251 1173
14597257 3
14597447 252
14597449 27
14597449 360
14597579 9
14597657 4
14597659 5
14597677 3
14597677 59
14597749 12
14597753 2188
14597819 585
14597827 7124
14597873 55
14597963 1
14597963 940
14597969 7
14598037 315
14598071 1
14598071 73
14598083 532
14598191 13
14598317 3
14598317 7
14598431 900
14598481 8
14598481 3291
14598539 1
14598559 609
14598599 12
14598607 189
14598667 17
14598719 1
14598719 4
14598751 141
14598863 580
14598889 56
14598943 8348
14599103 1
14599129 155
14599129 180
14599183 5
14599199 4500
14599219 2124
14599241 4443
14599253 52
14599283 1080
14599289 24
14599483 1452
14599511 6948
14599513 323
14599553 7
14599579 21
14599589 12
14599589 6024
14599597 3440
14599631 1
14599681 3
14599691 1
14599699 7104
14599759 380
14599811 1780
14599883 5112
14599933 36
14599997 3
14599997 19
14600083 5
14600197 2088
14600233 3
14600363 1
14600429 5464
14600477 88
14600507 4
14600563 9845
14600587 9
14600587 3773
14600723 73
14600767 152
14600767 264
14600767 9729
14600771 7441
14600857 12
14600959 84
14601077 12
14601091 53
14601091 168
14601091 1041
14601107 69
14601163 5
14601163 65
14601259 2237
14601281 4
14601299 1
14601299 97
14601359 445
14601539 4
14601539 96
14601547 4073
14601551 205
14601551 633
14601593 3
14601599 1
14601667 6264
14601739 12
14601739 320
14602037 1380
14602037 6027
14602103 1
14602129 6416
14602157 6384
14602163 1
14602219 7181
14602223 9028
14602297 3
14602307 304
14602349 7
14602351 33
14602351 368
14602361 43
14602381 560
14602391 4453
14602433 12
14602451 24
14602459 1212
14602561 504
14602579 24
14602691 1
14602699 21
14602741 20
14602807 24
14602871 3036
14602909 87
14602969 416
14603053 1983
14603063 28
14603063 1197
14603117 103
14603167 2132
14603177 4
14603179 32
14603231 9904
14603243 1
14603243 6036
14603279 1
14603401 420
14603411 1
14603441 2308
14603507 13
14603549 196
14603651 1
14603783 13
14603801 3
14603819 1
14603839 4176
14603879 2064
14603881 15
14603917 63
14603987 2004
14604043 8
14604059 1
14604091 141
14604119 4
14604143 285
14604253 3836
14604283 125
14604299 9
14604299 660
14604301 3
14604301 4100
14604481 3
14604481 2583
14604617 7
14604721 60
14604761 4
14604791 33
14604851 88
14604881 4
14604923 1
14604959 1
14604959 12
14605021 395
14605021 623
14605043 61
14605043 1861
14605081 8
14605181 331
14605211 4
14605271 69
14605351 20
14605429 6800
14605489 191
14605543 5
14605573 20
14605637 67
14605637 8835
14605691 1
14605729 315
14605741 4115
14605769 24
14605807 5
14605823 21
14605847 1785
14605859 9
14606017 780
14606051 45
14606279 112
14606279 184
14606387 9304
14606393 735
14606399 9564
14606407 29
14606477 7
14606477 1692
14606503 21
14606567 4
14606663 9828
14606717 3
14606887 965
14607011 469
14607113 7
14607113 31
14607191 64
14607191 241
14607209 7
14607239 3537
14607377 7
14607421 296
14607449 60
14607449 256
14607557 3
14607569 75
14607587 153
14607689 1552
14607787 48
14607821 3
14607863 108
14607877 6300
14607907 324
14607953 3
14607973 11
14607997 899
14608021 8
14608031 1
14608039 80
14608057 3
14608183 3440
14608247 460
14608333 3
14608361 40
14608393 27
14608481 3
14608499 192
14608513 2840
14608523 1
14608591 9
14608621 63
14608621 216
14608631 1
14608679 1
14608823 1
14608849 7119
14608873 3
14608981 56
14608991 1
14608991 349
14609051 1
14609093 835
14609143 5
14609159 5116
14609183 1
14609227 4449
14609281 11
14609281 1775
14609363 1
14609383 17
14609449 15
14609501 3
14609501 15
14609501 4543
14609519 72
14609627 9
14609641 1475
14609729 72
14609839 344
14609867 93
14609977 144
14609999 4
14610061 479
14610137 60
14610199 3012
14610203 1
14610203 73
14610311 1
14610311 289
14610319 4812
14610419 1
14610419 109
14610419 8065
14610503 13
14610509 171
14610581 24
14610619 9485
14610697 3
14610767 4
14610767 84
14610793 1427
14610839 1
14610989 195
14610989 1171
14611033 3
14611063 1581
14611111 6996
14611379 120
14611379 1857
14611379 2161
14611423 141
14611439 9
14611439 76
14611459 21
14611489 11
14611489 227
14611489 2055
14611549 104
14611577 15
14611613 400
14611631 6160
14611637 1219
14611637 1243
14611657 8160
14611673 7
14611699 24
14611843 5
14611847 328
14611847 780
14611897 5199
14611903 32
14611967 85
14611981 299
14612023 1940
14612033 28
14612111 4
14612137 47
14612149 15
14612149 4559
14612189 9627
14612219 1
14612219 2329
14612293 23
14612293 612
14612321 84
14612417 28
14612417 148
14612459 1
14612459 16
14612597 979
14612603 3501
14612617 3
14612641 135
14612701 108
14612753 15
14612771 1
14612777 3
14612779 1116
14612813 7
14612833 72
14612861 19
14612861 4023
14612879 1
14612879 16
14612879 2172
14612947 48
14612963 1
14613037 15
14613043 537
14613091 584
14613101 264
14613127 45
14613139 92
14613283 1613
14613323 1
14613449 484
14613481 1248
14613503 16
14613551 1
14613553 8480
14613559 1260
14613611 1
14613701 16
14613713 52
14613719 1
14613719 4
14613719 57
14613733 251
14613737 388
14613773 27
14613817 659
14613817 2055
14613913 15
14613913 63
14613913 132
14613919 77
14613997 15
14614063 7596
14614129 831
14614157 15
14614157 64
14614181 4
14614331 1
14614333 240
14614343 1
14614351 5
14614351 68
14614387 9
14614387 665
14614507 1377
14614559 1
14614583 72
14614627 20
14614681 39
14614703 1
14614709 24
14614709 184
14614727 9
14614727 1657
14614783 5
14614783 525
14614799 9196
14614861 3
14614871 1
14614937 4
14614937 3207
14614961 4
14614967 157
14614967 1704
14614993 83
14614997 40
14615063 105
14615131 5
14615177 6204
14615201 3
14615201 4375
14615239 72
14615273 2811
14615299 5
14615299 657
14615383 2388
14615431 204
14615431 7509
14615453 12
14615459 1
14615473 4532
14615591 424
14615593 3
14615683 9525
14615687 249
14615707 8
14615773 8
14615813 7
14615837 99
14615929 44
14615933 3
14615947 5
14615947 60
14615947 653
14616037 239
14616071 1
14616071 4
14616071 180
14616163 377
14616169 116
14616169 2396
14616169 6512
14616179 85
14616191 21
14616359 1
14616473 7
14616599 1
14616611 1
14616727 5
14616853 72
14616977 12
14616977 952
14617019 1
14617019 417
14617037 1128
14617069 92
14617079 1
14617139 1
14617181 60
14617181 283
14617217 12
14617217 8368
14617223 57
14617231 84
14617261 15
14617261 4239
14617261 8439
14617349 36
14617391 1
14617391 105
14617439 1
14617511 9
14617531 96
14617601 3024
14617649 7
14617679 832
14617703 1
14617727 2160
14617751 756
14617787 8484
14617817 64
14617843 4116
14617847 405
14617891 2568
14617927 48
14618029 155
14618141 15
14618141 5515
14618183 1
14618207 5569
14618273 3
14618273 7
14618287 425
14618321 3
14618411 156
14618503 2585
14618507 4
14618507 7152
14618531 1
14618531 196
14618599 2780
14618621 19
14618621 360
14618699 16
14618729 27
14618749 551
14618783 1
14618881 3
14618897 3
14618917 2735
14619091 8
14619193 11
14619271 881
14619281 39
14619281 843
14619373 2988
14619623 1
14619659 1
14619659 2401
14619691 216
14619751 176
14619751 5321
14619833 3
14619853 68
14619853 411
14619877 3515
14619901 15
14620013 448
14620013 8436
14620033 443
14620087 57
14620091 45
14620117 687
14620163 661
14620181 3
14620211 1
14620211 25
14620211 3640
14620267 32
14620283 28
14620283 465
14620363 477
14620381 3
14620381 3564
14620393 551
14620427 88
14620607 9
14620631 25
14620631 49
14620741 9060
14620759 1632
14620759 6237
14620829 36
14620841 3
14620973 3
14620979 9
14621027 69
14621053 8
14621069 120
14621137 3
14621171 1149
14621213 60
14621239 1724
14621281 44
14621281 5520
14621287 24
14621287 6645
14621339 4
14621339 5961
14621357 528
14621407 20
14621573 120
14621687 1245
14621701 11
14621701 515
14621837 1620
14621839 29
14621897 7
14622059 57
14622079 1089
14622079 6965
14622131 33
14622131 7068
14622203 1
14622203 1177
14622211 168
14622239 9
14622239 24
14622301 1208
14622317 448
14622341 939
14622373 1172
14622389 4
14622427 68
14622473 2607
14622649 12
14622697 1680
14622743 1
14622743 36
14622791 1
14622943 4572
14622997 128
14623039 5
14623073 3
14623073 796
14623079 84
14623079 2085
14623129 11
14623153 2028
14623159 21
14623199 4
14623199 12
14623333 6636
14623379 1
14623403 1
14623421 4
14623457 948
14623489 47
14623493 8472
14623523 1
14623541 508
14623619 664
14623649 399
14623649 444
14623727 133
14623751 1
14623781 816
14623879 3140
14623907 2628
14623933 3
14623993 3083
14624059 20
14624263 5
14624279 144
14624317 23
14624317 1859
14624327 4
14624333 7
14624419 89
14624419 132
14624443 20
14624503 2157
14624549 3012
14624579 372
14624579 577
14624663 21
14624749 35
14624761 3
14624891 9
14624899 17
14624899 29
14624899 2076
14624959 45
14625133 551
14625239 1
14625271 441
14625283 5
14625311 1
14625311 4
14625409 219
14625419 37
14625419 1356
14625437 48
14625469 1056
14625473 15
14625487 1304
14625587 4
14625617 75
14625847 53
14625847 369
14625851 2793
14625869 27
14625931 8
14625931 224
14625931 4556
14625959 2076
14626013 123
14626081 491
14626099 9020
14626111 5873
14626231 45
14626231 221
14626253 1120
14626369 87
14626379 1
14626379 276
14626441 3
14626441 11
14626471 125
14626583 1
14626679 1
14626693 3
14626693 8
14626813 2723
14626849 4167
14626901 3
14626949 4
14627003 1
14627023 33
14627111 1
14627117 432
14627141 3
14627141 4
14627297 3
14627299 161
14627299 1281
14627411 2076
14627551 9
14627593 2636
14627621 51
14627623 21
14627623 441
14627623 1173
14627681 1791
14627827 8
14627849 115
14627849 175
14627881 60
14627897 1387
14627953 47
14627953 668
14627981 3
14627999 1
14627999 4
14627999 9
14628067 5
14628071 4
14628083 12
14628197 3
14628203 1
14628247 9
14628269 1116
14628301 35
14628319 1181
14628379 17
14628379 44
14628379 105
14628433 60
14628463 252
14628511 848
14628539 4
14628569 4
14628569 2359
14628589 27
14628791 253
14628799 24
14628829 444
14628871 36
14628871 8733
14628877 8
14628907 17
14628947 5772
14628961 1428
14628961 3168
14628973 72
14629039 2652
14629049 3931
14629057 3
14629063 593
14629091 1
14629151 13
14629243 560
14629247 25
14629247 40
14629261 335
14629387 1689
14629397 3
14629409 7
14629481 316
14629501 411
14629519 476
14629583 205
14629631 7993
14629697 4
14629697 9168
14629733 3
14629781 19
14629807 9
14629873 3
14629957 3
14629991 13
14630051 1
14630051 136
14630111 1
14630177 1123
14630227 1389
14630237 352
14630393 256
14630467 5
14630467 3248
14630519 1
14630533 7907
14630569 416
14630657 360
14630657 544
14630663 192
14630669 52
14630669 3075
14630683 65
14630731 1725
14630867 493
14630963 1
14630981 1831
14630981 5724
14631103 5
14631131 1
14631217 12
14631217 488
14631293 3
14631307 9953
14631329 3540
14631361 524
14631367 269
14631443 1
14631493 3
14631499 432
14631553 651
14631593 63
14631601 39
14631637 140
14631637 183
14631641 84
14631779 405
14631779 9160
14631817 3
14631829 212
14631829 1079
14631839 1
14631839 1440
14631857 7
14631961 1020
14631989 6756
14632171 156
14632199 1
14632199 9
14632201 380
14632249 20
14632249 32
14632381 6171
14632507 9
14632507 180
14632543 6000
14632573 135
14632637 4
14632637 39
14632703 180
14632727 4
14632729 36
14632729 1016
14632759 2721
14632759 7229
14632763 1
14632819 264
14632841 36
14632951 2625
14632951 3068
14632979 1720
14633011 149
14633131 5393
14633137 23
14633159 4137
14633251 1221
14633251 2333
14633263 893
14633293 1812
14633303 1
14633417 15
14633419 5
14633419 581
14633467 9
14633557 8912
14633579 1
14633609 52
14633621 31
14633627 9
14633627 60
14633831 1
14633831 4
14633849 16
14633963 2113
14634019 1721
14634119 4
14634121 15
14634131 4
14634143 1
14634143 3597
14634247 213
14634391 1316
14634401 31
14634563 1
14634563 12
14634583 956
14634649 147
14634757 3
14634787 72
14634797 3
14634863 25
14634913 3
14634973 12
14635021 3
14635021 203
14635051 5
14635121 96
14635151 1
14635211 6561
14635213 8
14635217 3
14635241 2251
14635253 4227
14635289 12
14635333 68
14635393 11
14635469 4572
14635477 572
14635493 1380
14635549 116
14635661 151
14635693 35
14635891 53
14635987 8
14635987 48
14636107 1544
14636173 23
14636243 13
14636291 4
14636399 1
14636399 196
14636399 301
14636483 1
14636513 3
14636527 2784
14636537 3
14636537 3480
14636729 64
14636731 249
14636737 3
14636737 612
14636747 100
14636873 48
14636879 1
14636933 6555
14636971 9
14636971 273
14636987 57
14636987 208
14637001 431
14637013 20
14637331 8
14637349 191
14637457 35
14637461 19
14637463 921
14637521 19
14637599 1
14637647 1129
14637709 92
14637769 272
14637773 3
14637793 2940
14637811 113
14637811 321
14637863 93
14637871 44
14637899 2397
14637941 3
14637967 428
14637971 1
14638027 69
14638153 27
14638153 620
14638157 132
14638159 9
14638171 24
14638177 8
14638177 63
14638193 12
14638193 220
14638213 212
14638363 8
14638399 416
14638433 3
14638433 12
14638457 3183
14638583 1
14638601 3
14638601 5116
14638633 480
14638661 175
14638699 6957
14638703 1
14638753 615
14638807 20
14638817 7
14638979 1624
14639039 1
14639039 276
14639089 60
14639111 96
14639117 6439
14639123 1
14639123 480
14639153 3
14639153 763
14639213 63
14639213 1531
14639279 112
14639351 1
14639407 905
14639437 1184
14639459 1
14639483 1
14639509 9012
14639549 7
14639551 5
14639663 16
14639663 81
14639791 8
14639881 899
14639893 1220
14639921 4
14639951 16
14640023 1
14640071 1
14640071 13
14640151 21
14640193 852
14640251 9
14640539 1
14640541 59
14640541 63
14640601 408
14640979 816
14641031 1
14641073 780
14641127 333
14641157 8832
14641313 16
14641399 285
14641399 2216
14641423 41
14641453 1203
14641493 12
14641513 12
14641619 16
14641637 3
14641637 4239
14641651 53
14641699 429
14641793 3
14641813 12
14641813 536
14641819 852
14641867 8
14641903 252
14641997 24
14642009 7836
14642029 264
14642063 76
14642107 24
14642119 60
14642249 979
14642351 24
14642449 47
14642527 108
14642531 256
14642539 161
14642557 3
14642557 4719
14642581 59
14642659 44
14642659 980
14642669 64
14642669 187
14642689 15
14642821 24
14642857 15
14642857 308
14643007 4545
14643037 20
14643059 1
14643073 3
14643073 11
14643073 51
14643077 4
14643107 672
14643197 15
14643287 120
14643313 47
14643329 76
14643329 196
14643329 9735
14643337 179
14643353 3
14643467 73
14643533 540
14643539 277
14643659 400
14643697 20
14643701 268
14643803 348
14643899 1
14643911 4
14643991 84
14644061 3
14644061 1488
14644081 3
14644099 144
14644199 1197
14644249 12
14644313 7
14644319 241
14644447 777
14644499 25
14644519 12
14644657 3
14644661 4
14644717 2160
14644753 12
14644823 532
14644919 1
14644919 205
14644919 1801
14644937 7
14645017 104
14645129 240
14645129 7975
14645171 2649
14645209 735
14645287 108
14645369 15
14645441 3
14645489 2292
14645497 6404
14645497 6743
14645621 235
14645647 84
14645677 3
14645759 1
14645797 47
14645833 3
14645833 23
14645863 2261
14645921 3
14645921 348
14646029 16
14646083 21
14646089 160
14646119 1
14646211 8
14646211 36
14646211 84
14646251 9
14646311 16
14646349 2804
14646403 17
14646427 8
14646427 129
14646449 27
14646623 1
14646689 7
14646743 1
14646757 3
14646757 8
14646757 35
14646823 3861
14646833 15
14646839 1
14646917 12
14647007 117
14647057 3
14647057 39
14647109 16
14647111 353
14647189 15
14647211 108
14647267 2877
14647511 1
14647547 865
14647621 8
14647657 419
14647673 43
14647723 5076
14647751 1
14647781 15
14647781 51
14647807 413
14647817 48
14647861 8
14647877 1063
14647933 56
14647951 476
14647951 7340
14648017 47
14648017 75
14648047 104
14648093 2187
14648341 35
14648353 27
14648369 1384
14648419 4164
14648453 28
14648593 12
14648609 4
14648609 612
14648663 1
14648663 16
14648663 273
14648663 9865
14648693 7
14648719 489
14648719 5552
14648759 1
14648759 8437
14648761 8
14648789 19
14648899 69
14648923 188
14648941 3
14648941 579
14649001 3
14649001 1671
14649017 4
14649023 1
14649043 5
14649059 8445
14649269 76
14649277 35
14649277 4559
14649307 29
14649403 65
14649457 260
14649463 165
14649473 3
14649517 8
14649517 47
14649517 408
14649623 2017
14649647 12
14649721 560
14649769 11
14649809 12
14649841 11
14649851 93
14650037 4
14650063 5
14650063 3936
14650099 6632
14650177 3
14650319 292
14650451 1
14650457 355
14650457 3639
14650529 211
14650541 51
14650567 180
14650661 3
14650679 12
14650697 4
14650717 3
14650717 140
14650763 3273
14650891 5
14650891 60
14650897 1607
14650967 3985
14650967 4305
14650967 4440
14650997 903
14651051 88
14651081 4
14651081 5043
14651167 129
14651237 3
14651321 63
14651389 2976
14651389 3299
14651491 41
14651503 17
14651531 1
14651531 21
14651531 405
14651557 3
14651599 2189
14651657 175
14651677 180
14651677 204
14651723 253
14651731 3693
14651789 4
14651789 159
14651789 5640
14651821 48
14651821 864
14651837 4
14651891 7528
14651941 588
14652061 68
14652271 8
14652277 1512
14652347 289
14652389 756
14652389 1416
14652409 5496
14652427 5
14652523 1221
14652577 2540
14652601 71
14652641 60
14652689 15
14652689 16
14652689 324
14652697 3
14652697 20
14652719 1
14652719 484
14652719 1776
14652797 7
14652811 308
14652821 111
14652829 540
14652899 1
14652977 327
14652983 57
14653021 56
14653127 7233
14653189 276
14653189 992
14653279 5
14653319 1
14653339 41
14653349 1072
14653357 3
14653357 1439
14653447 8
14653589 1216
14653697 3
14653777 3
14653799 1
14653817 39
14653817 4195
14653823 1
14653861 15
14654137 1299
14654273 291
14654371 36
14654383 20
14654411 1
14654509 7080
14654533 3
14654539 200
14654557 263
14654569 84
14654639 1
14654639 132
14654687 48
14654747 45
14654767 20
14654767 449
14654771 1
14654789 315
14654791 5
14654819 40
14654819 5716
14654821 255
14654837 4744
14655077 919
14655127 32
14655127 513
14655143 373
14655191 1
14655229 1580
14655271 305
14655299 1
14655299 36
14655359 1
14655359 3429
14655383 88
14655397 155
14655397 239
14655449 4
14655449 499
14655463 5
14655499 29
14655569 24
14655611 1161
14655713 7
14655731 385
14655763 128
14655779 1
14655833 27
14655833 2323
14655871 1808
14655881 151
14655881 888
14655941 159
14655961 123
14655997 8819
14656051 60
14656067 204
14656073 7
14656073 840
14656079 1
14656121 4
14656121 928
14656133 76
14656139 25
14656177 3
14656247 6700
14656259 1
14656303 21
14656333 3
14656357 80
14656511 129
14656529 7
14656529 4024
14656667 1872
14656711 236
14656729 444
14656777 8
14656777 9852
14656783 308
14656813 20
14656927 8
14656979 1
14656979 336
14657081 4
14657081 423
14657087 1572
14657171 25
14657243 9733
14657261 24
14657381 144
14657393 267
14657399 4
14657399 1401
14657437 44
14657473 3
14657777 7
14657821 11
14657921 15
14657933 3555
14657989 39
14658011 4
14658011 24
14658073 12
14658113 855
14658143 13
14658191 1
14658299 21
14658307 68
14658317 3
14658359 1
14658359 4
14658487 1737
14658493 2175
14658499 24
14658517 2999
14658541 20
14658541 471
14658701 1080
14658719 1
14658821 3
14658961 144
14659091 45
14659091 64
14659103 1
14659121 100
14659133 388
14659171 84
14659193 75
14659213 3
14659213 5855
14659223 1
14659223 8337
14659387 8400
14659397 3
14659397 424
14659523 6576
14659531 165
14659549 71
14659609 59
14659613 52
14659633 3
14659643 12
14659721 156
14659891 56
14659891 69
14659903 2985
14659943 1
14659949 135
14660003 1
14660221 891
14660227 9
14660237 15
14660237 28
14660257 27
14660257 1112
14660423 1
14660423 132
14660461 23
14660567 4
14660567 45
14660623 540
14660641 2571
14660669 139
14660707 12
14660713 9915
14660731 104
14660759 16
14660771 1
14660791 36
14660803 33
14660803 72
14660839 1236
14660869 51
14660879 1
14660879 861
14660939 225
14660957 28
14660963 1
14660963 252
14661001 8868
14661011 736
14661013 3
14661041 396
14661091 8
14661091 341
14661187 2808
14661299 1
14661299 1017
14661319 5
14661341 4
14661341 840
14661377 4
14661379 5
14661527 13
14661527 5169
14661527 8809
14661589 3195
14661601 243
14661611 1
14661611 85
14661629 24
14661629 6004
14661671 21
14661707 33
14661743 381
14661767 420
14661793 800
14662001 108
14662009 47
14662061 4
14662159 5
14662169 4
14662169 31
14662169 472
14662273 308
14662283 45
14662301 244
14662331 1788
14662331 4225
14662447 128
14662463 1
14662463 868
14662511 4
14662559 4
14662559 1521
14662591 428
14662607 177
14662633 176
14662633 383
14662639 5
14662657 24
14662657 2727
14662787 9
14662801 20
14662903 1745
14662931 21
14663141 3223
14663153 7
14663153 135
14663153 832
14663161 35
14663287 57
14663309 5460
14663377 48
14663449 35
14663471 1
14663479 81
14663479 645
14663543 6097
14663657 103
14663681 43
14663681 7555
14663723 1
14663833 240
14663849 91
14663849 271
14663861 28
14664011 21
14664049 39
14664049 296
14664109 32
14664187 7353
14664277 3
14664281 148
14664301 3719
14664341 148
14664359 9
14664373 11
14664379 17
14664389 60
14664389 2635
14664487 2112
14664521 3
14664571 8
14664613 8051
14664649 24
14664653 7
14664653 220
14664707 4
14664709 35
14664779 121
14664857 1240
14664919 17
14664973 60
14664977 75
14664983 1
14664997 687
14665103 1
14665159 5
14665289 36
14665297 1395
14665327 20
14665351 9
14665379 4
14665423 2652
14665459 84
14665489 327
14665499 1
14665531 21
14665589 7
14665603 317
14665643 33
14665711 1188
14665733 175
14665753 3
14665939 2597
14665957 123
14665979 1
14665991 253
14666033 16
14666033 51
14666051 1
14666063 357
14666117 7
14666389 44
14666411 33
14666471 1
14666473 2063
14666557 3
14666579 1
14666599 60
14666623 20
14666623 632
14666647 360
14666647 1652
14666677 35
14666677 464
14666731 905
14666759 1
14666759 9
14666759 309
14666777 244
14666789 16
14666819 1
14666819 9
14667001 1028
14667101 88
14667131 13
14667131 216
14667161 115
14667173 3
14667293 3
14667293 28
14667293 547
14667391 5
14667397 3
14667403 45
14667407 9
14667407 640
14667409 1632
14667451 5
14667529 227
14667547 104
14667547 3093
14667559 72
14667581 19
14667581 6564
14667599 1
14667613 8
14667683 1
14667683 52
14667703 5
14667883 405
14667883 1008
14667893 16
14667893 48
14667971 16
14668033 8
14668079 1
14668163 1
14668163 205
14668217 3
14668231 5
14668249 180
14668259 1
14668393 951
14668397 4
14668469 2755
14668553 880
14668573 3171
14668663 6485
14668669 5639
14668711 128
14668723 128
14668723 5577
14668729 9239
14668763 1
14668763 733
14668873 3
14668873 623
14668883 28
14668883 480
14668889 24
14668889 204
14669023 17
14669167 2804
14669257 27
14669359 17
14669401 320
14669441 3
14669443 500
14669489 1336
14669491 245
14669533 23
14669591 1
14669639 1
14669639 204
14669693 3
14669693 471
14669713 8
14669719 3000
14669779 344
14669779 525
14669849 1656
14669857 3
14669939 6645
14669971 144
14670011 1
14670013 75
14670023 2457
14670107 9697
14670191 1
14670191 1296
14670193 3
14670203 1
14670209 19
14670247 32
14670247 309
14670373 11
14670457 795
14670503 13
14670503 25
14670529 27
14670647 133
14670731 1
14670739 3809
14670769 1440
14670841 620
14670917 60
14670977 3
14671031 1
14671043 1
14671093 3972
14671147 1505
14671157 4
14671183 813
14671243 17
14671243 20
14671243 41
14671247 9
14671403 13
14671441 615
14671637 1387
14671687 17
14671693 431
14671753 207
14671817 3967
14671823 1
14671841 64
14671841 400
14671991 1
14672039 1
14672039 52
14672059 8937
14672081 63
14672111 1
14672153 15
14672153 4096
14672171 21
14672191 5748
14672209 12
14672209 20
14672233 3
14672279 289
14672341 24
14672401 8
14672447 7360
14672473 5988
14672527 84
14672527 132
14672653 72
14672681 363
14672699 7021
14672743 5
14672743 5076
14672767 1068
14672783 1
14672783 168
14672947 300
14673107 405
14673119 52
14673161 28
14673229 536
14673233 12
14673293 3
14673293 7
14673383 1
14673409 2492
14673433 20
14673467 264
14673493 4556
14673523 212
14673557 655
14673569 796
14673577 20
14673577 5039
14673599 4
14673599 24
14673629 747
14673649 2460
14673731 1
14673731 196
14673731 1276
14673779 40
14673863 1
14673877 719
14673877 7743
14674001 91
14674001 276
14674003 12
14674003 77
14674073 375
14674081 20
14674201 3
14674211 36
14674229 7720
14674259 1
14674271 16
14674321 6779
14674337 103
14674381 11
14674381 83
14674393 3
14674559 1
14674579 564
14674651 209
14674661 4
14674703 1
14674717 1059
14674747 45
14674813 20
14674813 911
14674871 1
14674883 52
14674931 48
14674969 15
14674991 21
14674999 9
14674999 177
14674999 1161
14675027 84
14675099 40
14675107 1172
14675149 335
14675179 2777
14675191 776
14675209 264
14675249 4
14675257 3
14675257 24
14675383 48
14675503 201
14675519 4
14675597 1132
14675611 8
14675611 9
14675681 171
14675693 3
14675783 13
14675849 55
14675917 3
14676019 44
14676041 4
14676091 89
14676119 3696
14676223 92
14676281 715
14676293 2743
14676307 1404
14676329 172
14676419 1
14676439 29
14676443 1
14676469 11
14676469 2771
14676743 1
14676743 100
14676757 3
14676791 4249
14676971 1
14676971 9
14677007 69
14677007 1084
14677031 1
14677031 4
14677067 1504
14677093 1415
14677097 204
14677163 1
14677199 12
14677217 652
14677309 416
14677321 51
14677337 24
14677391 1
14677441 11
14677499 1
14677499 897
14677499 1992
14677499 2229
14677513 11
14677529 7
14677547 9
14677609 1632
14677669 876
14677669 3416
14677717 767
14677723 896
14677763 1
14677807 12
14677807 509
14677837 15
14677837 107
14677913 108
14677967 4
14678039 1
14678057 28
14678057 195
14678057 5883
14678077 884
14678141 828
14678299 5
14678357 7
14678359 3204
14678453 31
14678459 57
14678473 152
14678527 5
14678579 216
14678579 264
14678641 3
14678647 8
14678687 420
14678689 35
14678689 6072
14678737 3
14678737 479
14678777 4
14678801 3
14678941 375
14678941 620
14678941 5924
14678971 5
14678981 3423
14679043 32
14679043 105
14679043 161
14679073 35
14679173 7
14679199 44
14679323 1
14679361 84
14679367 5
14679433 12
14679443 1
14679487 5
14679487 17
14679503 96
14679503 885
14679521 3091
14679601 3
14679601 908
14679649 1884
14679661 3456
14679671 2028
14679779 1
14679817 20
14679877 2639
14679949 579
14680139 136
14680147 20
14680151 7324
14680219 9
14680319 24
14680319 69
14680343 1
14680349 87
14680349 1224
14680423 80
14680423 132
14680423 1208
14680423 2345
14680481 64
14680481 1323
14680499 112
14680643 1
14680661 4455
14680717 99
14680751 1
14680751 4
14680753 3
14680801 24
14680927 1940
14680999 12
14680999 380
14681089 1227
14681099 1
14681099 24
14681099 492
14681141 5143
14681171 1
14681171 33
14681207 213
14681207 937
14681237 3
14681333 28
14681339 3381
14681389 11
14681473 5552
14681549 12
14681599 1040
14681603 1
14681657 3
14681701 9428
14681767 8
14681767 669
14681837 3244
14681839 2496
14681923 21
14681923 9233
14681951 16
14682103 885
14682131 4
14682197 3
14682197 28
14682233 4252
14682347 9
14682379 1176
14682457 23
14682457 75
14682529 75
14682553 56
14682557 15
14682557 280
14682559 125
14682637 1227
14682641 3624
14682697 1955
14682721 63
14682803 1
14682911 1
14682911 133
14682973 147
14682973 1527
14682977 4
14683033 60
14683091 4
14683091 1228
14683187 1000
14683213 36
14683241 843
14683267 5
14683313 1311
14683363 6705
14683379 1
14683379 4
14683379 3712
14683399 8145
14683399 8957
14683433 31
14683433 268
14683469 55
14683489 59
14683579 5
14683601 2040
14683621 104
14683639 36
14683649 4
14683649 60
14683661 751
14683663 120
14683673 88
14683681 24
14683777 363
14683777 2372
14683811 1173
14683813 3396
14683853 132
14683883 168
14683939 8681
14683943 1
14684003 1
14684081 3
14684081 16
14684161 56
14684203 8
14684203 4152
14684213 3
14684231 1
14684251 36
14684389 560
14684471 4
14684513 5587
14684567 148
14684737 228
14684743 5
14684783 8521
14684843 792
14684843 3792
14684849 67
14684897 63
14684947 120
14684947 2705
14684987 4
14685029 24
14685029 1491
14685061 3
14685067 3564
14685163 45
14685193 143
14685221 3004
14685241 3
14685283 21
14685313 3
14685313 75
14685329 4576
14685353 28
14685371 1
14685457 3
14685481 8
14685677 295
14685763 56
14685793 563
14685883 101
14685889 3332
14685947 52
14685961 6540
14685997 8
14686163 1
14686171 228
14686211 1128
14686313 4032
14686391 1485
14686393 48
14686517 628
14686519 6624
14686577 60
14686579 189
14686597 27
14686643 12
14686663 33
14686739 1
14686741 44
14686747 105
14686799 4
14686813 8
14686843 41
14686877 6175
14686937 7
14687009 76
14687017 8
14687063 1
14687093 15
14687111 1
14687111 96
14687177 40
14687177 5928
14687191 3588
14687213 3
14687213 76
14687219 1
14687251 8
14687287 804
14687291 93
14687297 4
14687411 1
14687411 4
14687411 25
14687489 12
14687503 140
14687573 223
14687683 5
14687683 5420
14687791 5
14687867 169
14687909 1699
14687951 13
14687987 12
14688029 211
14688131 1084
14688169 15
14688169 180
14688169 3867
14688253 87
14688277 60
14688281 168
14688301 144
14688307 5
14688337 27
14688469 896
14688503 472
14688599 1
14688601 935
14688607 228
14688623 1
14688673 1080
14688677 7083
14688797 15
14688803 1032
14688851 1
14688887 5304
14688941 159
14688941 531
14688959 7509
14688967 20
14688967 108
14688979 2364
14688997 63
14689007 12
14689057 332
14689151 1
14689177 4275
14689211 1
14689229 24
14689253 195
14689267 5
14689267 140
14689267 200
14689307 760
14689307 8025
14689429 12
14689429 300
14689483 1608
14689517 748
14689537 8
14689553 3
14689559 49
14689711 2885
14689729 4695
14689783 5
14689783 297
14689841 40
14689901 3108
14690017 3
14690017 20
14690041 60
14690131 260
14690171 4213
14690201 4351
14690231 33
14690239 992
14690267 348
14690267 2752
14690279 289
14690309 4
14690309 235
14690411 93
14690437 3
14690437 204
14690513 1732
14690519 1
14690521 3
14690521 420
14690521 555
14690597 7819
14690659 9
14690659 816
14690717 40
14690783 1
14690827 8520
14690861 4
14690947 5
14690947 45
14690957 2547
14691007 272
14691073 111
14691113 1600
14691163 77
14691191 3645
14691431 1
14691431 2716
14691433 75
14691473 75
14691527 24
14691563 1
14691629 384
14691659 132
14691793 15
14691797 103
14691841 3
14691851 1
14691863 1
14691877 24
14691931 8885
14691949 12
14691967 1328
14691977 348
14691983 1
14691983 1473
14691991 456
14692019 1
14692037 4
14692087 5
14692133 28
14692133 475
14692163 181
14692169 99
14692211 1
14692211 4
14692231 3708
14692253 7
14692297 3728
14692319 1485
14692333 15
14692393 15
14692397 55
14692409 4
14692409 184
14692409 6051
14692421 3
14692463 216
14692519 7100
14692703 1
14692771 2013
14692813 3
14692813 332
14692813 4148
14692831 68
14692861 63
14692903 5
14692957 527
14692987 29
14692991 480
14693017 639
14693059 192
14693123 2892
14693179 5717
14693233 1100
14693257 3
14693257 8328
14693279 105
14693317 44
14693317 84
14693339 924
14693351 4
14693377 3
14693381 640
14693383 8
14693383 7361
14693429 27
14693449 56
14693449 131
14693467 557
14693677 1859
14693681 868
14693743 8
14693839 20
14693857 12
14693881 8
14693953 12
14693977 23
14693983 20
14694007 8
14694007 89
14694059 4
14694131 45
14694133 311
14694133 2135
14694233 16
14694241 48
14694247 12
14694257 4
14694259 5972
14694299 1
14694319 2697
14694517 12
14694583 5
14694583 132
14694593 252
14694607 72
14694607 93
14694623 2653
14694637 3
14694689 891
14694707 1309
14694737 4
14694751 6024
14694781 699
14694871 464
14694887 9
14694893 1708
14694937 84
14694959 421
14694983 1
14694991 2981
14695007 4
14695019 16
14695171 53
14695181 19
14695193 3
14695193 48
14695193 52
14695193 127
14695223 1
14695237 3
14695237 32
14695277 4
14695337 43
14695529 4
14695627 5477
14695657 3272
14695727 240
14695823 1
14695841 3
14695903 356
14696137 6599
14696159 4609
14696173 903
14696237 8328
14696351 1
14696389 36
14696639 1
14696681 3
14696699 4
14696711 1
14696713 431
14696749 24
14696873 3
14696911 20
14696911 60
14696911 1020
14696921 55
14696963 1
14696999 1
14697031 21
14697091 749
14697167 108
14697181 276
14697181 7239
14697209 4
14697257 4
14697257 100
14697457 795
14697593 156
14697619 21
14697623 73
14697671 2620
14697679 1880
14697679 6320
14697703 92
14697703 6368
14697719 1
14697737 948
14697847 3129
14698003 12
14698031 1
14698097 684
14698193 12
14698223 1
14698237 2112
14698283 1
14698283 193
14698283 501
14698289 31
14698291 5
14698417 5267
14698487 528
14698559 132
14698577 1008
14698637 3
14698637 120
14698643 13
14698699 329
14698709 19
14698753 656
14698877 4
14698933 320
14698949 99
14698961 16
14698961 24
14698979 3540
14699023 5
14699023 9357
14699057 3
14699119 441
14699123 13
14699147 28
14699149 179
14699159 1
14699287 200
14699341 884
14699381 3
14699431 825
14699473 8
14699513 3
14699513 60
14699537 63
14699561 135
14699569 2172
14699591 40
14699617 8
14699621 3
14699647 9
14699651 141
14699651 7488
14699677 719
14699677 6800
14699743 36
14699813 2632
14699821 3
14699873 3
14699873 76
14699929 1956
14699941 3
14700011 1
14700061 11
14700061 15
14700149 2040
14700221 3
14700221 3316
14700299 952
14700299 3661
14700349 875
14700401 3
14700401 8935
14700443 2428
14700527 28
14700583 561
14700583 1232
14700739 77
14700757 167
14700773 748
14700809 856
14700857 2608
14700857 3720
14700859 356
14700893 240
14700923 1
14700923 13
14700947 48
14700953 868
14700967 29
14700977 8872
14701019 1
14701019 81
14701033 207
14701097 307
14701103 16
14701103 1780
14701237 564
14701261 203
14701319 4
14701381 3
14701387 272
14701429 807
14701487 6709
14701501 24
14701513 152
14701517 3
14701517 39
14701517 132
14701529 39
14701529 111
14701727 132
14701733 36
14701733 5748
14701859 204
14701867 9720
14701909 75
14701933 3863
14702057 3
14702113 3
14702119 17
14702119 384
14702123 1
14702239 77
14702293 8
14702341 24
14702377 1187
14702491 45
14702509 27
14702521 8
14702557 963
14702591 1
14702591 28
14702627 625
14702651 1
14702729 495
14702839 12
14702843 1
14702851 2760
14702899 7560
14702923 3197
14702993 3
14703197 7
14703197 304
14703301 2528
14703343 12
14703373 48
14703383 8133
14703391 69
14703569 12
14703569 160
14703583 776
14703599 4
14703607 92
14703677 4
14703743 1
14703743 4416
14703751 173
14703797 4
14703797 12
14703797 6379
14703901 3
14703961 951
14704003 20
14704009 2904
14704103 1
14704127 1813
14704139 4792
14704147 9
14704147 537
14704253 3
14704387 644
14704411 5
14704493 3
14704513 5367
14704601 199
14704603 45
14704673 36
14704699 177
14704763 796
14704763 2056
14704831 893
14704883 1
14704883 541
14705039 700
14705077 3
14705083 48
14705213 3
14705213 7
14705279 1
14705309 60
14705333 31
14705333 336
14705393 3
14705417 3
14705477 24
14705557 744
14705569 12
14705597 120
14705611 584
14705641 7575
14705651 1
14705729 4
14705767 5
14705827 9084
14705849 19
14705891 1
14705891 3960
14705893 3
14706007 12
14706077 39
14706193 963
14706259 36
14706287 9
14706371 13
14706469 111
14706569 31
14706677 3
14706691 5
14706743 1
14706763 3033
14706827 213
14706863 6268
14706907 5
14706941 4
14706949 32
14706953 16
14707181 51
14707201 6480
14707207 8
14707211 1
14707211 768
14707213 2636
14707291 1041
14707391 13
14707391 304
14707403 1
14707403 288
14707453 27
14707457 4
14707487 52
14707513 140
14707513 4155
14707541 4
14707559 1
14707613 52
14707621 3
14707633 3
14707657 3
14707739 81
14707799 4
14707801 503
14707801 9035
14707877 828
14707883 1
14707943 5548
14707961 3
14707961 2464
14707999 32
14708027 153
14708047 5
14708093 376
14708153 15
14708153 2623
14708159 1
14708263 2936
14708341 11
14708357 132
14708377 8508
14708437 72
14708579 61
14708671 5
14708783 1140
14708803 5840
14708807 540
14708839 12
14708909 24
14708951 1
14708987 124
14709041 163
14709043 5
14709169 9992
14709329 451
14709341 1900
14709389 24
14709559 197
14709559 549
14709577 819
14709587 33
14709587 2073
14709619 1257
14709631 9
14709809 60
14709847 165
14709889 39
14709889 104
14710043 1
14710079 1
14710081 23
14710181 55
14710183 413
14710249 216
14710291 5
14710301 2328
14710361 631
14710393 108
14710403 1008
14710489 156
14710567 285
14710573 11
14710573 63
14710583 408
14710603 5
14710603 12
14710607 69
14710727 1588
14710739 1
14710799 1
14710849 47
14710877 19
14710951 221
14710981 195
14710981 1103
14710991 4
14710999 161
14711009 1320
14711017 12
14711023 17
14711023 4112
14711027 48
14711083 65
14711093 3
14711153 300
14711161 3
14711173 12
14711173 1463
14711219 1
14711231 4
14711231 181
14711231 5280
14711243 1
14711243 16
14711243 768
14711269 6380
14711351 1
14711383 5
14711429 39
14711479 2157
14711551 1604
14711563 573
14711573 16
14711603 1053
14711603 1705
14711707 104
14711707 5688
14711771 7644
14711803 20
14711821 95
14711843 1
14711843 1305
14711849 4096
14711969 471
14712031 2624
14712059 1
14712067 1128
14712079 240
14712083 1
14712107 157
14712121 15
14712209 36
14712209 8155
14712221 111
14712311 1
14712311 4
14712377 4
14712377 12
14712391 8
14712431 3928
14712437 19
14712461 3100
14712589 59
14712673 3
14712673 72
14712683 28
14712683 52
14712877 68
14712913 8967
14712937 60
14713043 13
14713093 180
14713151 3981
14713183 641
14713271 1
14713297 140
14713297 1752
14713373 3
14713379 1
14713423 60
14713471 41
14713511 1
14713571 69
14713571 1260
14713609 120
14713649 180
14713709 147
14713723 68
14713739 24
14713819 5
14713873 8
14713873 227
14713889 40
14713931 1
14714101 1031
14714153 1408
14714233 116
14714239 9
14714311 2309
14714353 3
14714393 12
14714437 612
14714501 4
14714519 1
14714551 813
14714573 7456
14714611 9
14714621 288
14714627 24
14714627 628
14714633 3
14714633 315
14714633 1636
14714647 5
14714699 1
14714699 7324
14714717 3
14714717 48
14714717 63
14714743 5
14714813 2356
14714849 112
14714851 93
14714893 51
14714893 56
14714951 3565
14714951 3576
14714983 32
14714983 1596
14715067 1593
14715083 13
14715133 20
14715133 4308
14715163 8
14715163 21
14715167 208
14715227 5265
14715287 9
14715341 2511
14715373 23
14715427 1353
14715479 1
14715479 697
14715583 936
14715593 12
14715593 387
14715661 116
14715733 56
14715797 3
14715913 3
14715913 11
14716027 2217
14716043 1
14716133 88
14716187 2457
14716223 52
14716231 21
14716267 1812
14716307 292
14716553 15
14716561 596
14716643 376
14716649 231
14716729 59
14716769 51
14716841 448
14716907 1729
14716931 21
14716931 400
14716957 59
14716997 1860
14717081 36
14717081 84
14717117 4647
14717117 5203
14717119 80
14717207 4
14717299 3024
14717371 8
14717399 1
14717407 3132
14717441 31
14717551 6848
14717569 35
14717701 84
14717741 676
14717753 187
14717863 128
14717873 3
14717873 400
14717881 528
14717933 12
14717933 16
14717939 57
14718007 104
14718031 2921
14718079 45
14718163 81
14718227 24
14718241 24
14718247 57
14718251 1408
14718257 7555
14718313 1115
14718349 27
14718409 80
14718409 464
14718419 4
14718491 2244
14718503 1
14718503 153
14718523 5
14718541 8151
14718607 4893
14718679 12
14718733 11
14718733 63
14718779 4
14718779 2964
14718791 9
14718793 8
14718829 27
14718829 335
14718871 5
14718883 5
14718997 3
14719097 4
14719109 1392
14719151 1
14719171 5
14719189 111
14719259 3916
14719279 12
14719387 9
14719477 2280
14719499 4
14719511 9
14719511 1593
14719583 1
14719619 1
14719619 4
14719693 3
14719693 15
14719711 5
14719721 640
14719763 2977
14719819 156
14719829 7
14719867 9
14719871 169
14719997 19
14719997 159
14719997 840
14720029 71
14720099 1
14720131 41
14720131 224
14720177 88
14720183 13
14720213 7
14720219 1417
14720227 24
14720227 2825
14720243 13
14720347 12
14720389 32
14720389 47
14720389 71
14720401 135
14720479 800
14720557 8
14720593 48
14720711 4
14720711 108
14720819 1
14720821 4023
14720831 33
14720869 5139
14720873 100
14720879 1
14720941 8
14720941 39
14720971 20
14720971 3968
14721043 5
14721101 1696
14721221 1020
14721221 3403
14721233 87
14721383 1
14721433 3
14721467 172
14721601 428
14721607 5
14721767 457
14721823 4305
14721901 8019
14722009 36
14722061 5856
14722109 4
14722133 5907
14722171 744
14722177 2115
14722217 27
14722271 1
14722271 1261
14722339 140
14722523 25
14722537 1568
14722573 92
14722573 4340
14722577 3
14722579 477
14722583 1
14722661 3
14722681 44
14722709 5899
14722843 197
14723041 3
14723041 63
14723063 1
14723063 516
14723113 20
14723167 32
14723167 473
14723179 45
14723201 4
14723351 289
14723389 27
14723567 7329
14723603 421
14723659 21
14723741 348
14723809 612
14723861 75
14723861 88
14723923 8
14724001 8
14724029 9735
14724041 4
14724133 11
14724181 504
14724233 3
14724233 460
14724263 1
14724299 4
14724481 39
14724511 68
14724517 72
14724587 9
14724587 829
14724613 68
14724679 165
14724679 336
14724739 5
14724739 152
14724769 60
14724847 8
14724847 72
14724979 129
14724979 812
14725021 3
14725021 11
14725063 80
14725153 3
14725153 9635
14725157 3
14725169 4
14725169 19
14725181 2835
14725219 2601
14725219 7397
14725229 979
14725231 1056
14725253 892
14725283 1773
14725303 8
14725309 15
14725331 300
14725379 697
14725379 3832
14725423 8
14725423 1041
14725433 87
14725439 16
14725453 8
14725453 12
14725531 9
14725541 4
14725577 1003
14725637 279
14725643 1
14725643 3012
14725871 1
14725877 7
14726027 4
14726059 20
14726137 1359
14726237 4
14726317 3
14726317 135
14726329 60
14726401 3
14726429 112
14726477 235
14726497 2207
14726531 1
14726531 925
14726603 12
14726623 1193
14726759 189
14726779 17
14726821 36
14726827 1560
14727007 8
14727029 375
14727067 1952
14727137 3
14727149 4056
14727191 1356
14727217 15
14727227 612
14727289 11
14727289 192
14727353 7
14727541 44
14727551 1
14727571 36
14727571 105
14727619 5756
14727623 1
14727623 436
14727623 733
14727689 4
14727731 1
14727773 15
14727773 136
14727787 2933
14727827 93
14727841 3
14727851 60
14728031 9
14728121 3
14728159 696
14728237 3
14728247 25
14728247 37
14728291 36
14728291 113
14728321 140
14728339 5
14728537 104
14728639 276
14728663 20
14728663 1308
14728697 3
14728793 3
14728913 3
14728943 1
14728951 729
14728969 240
14728969 5760
14728981 2268
14729059 780
14729059 4944
14729083 8
14729153 7
14729227 8
14729339 1
14729369 12
14729381 3
14729399 1132
14729431 153
14729461 24
14729461 3395
14729543 21
14729551 105
14729621 4
14729623 6345
14729653 155
14729677 8
14729677 348
14729789 7
14729791 9
14729833 3
14729839 437
14729849 687
14729861 271
14729861 400
14729993 211
14729993 676
14730059 2325
14730077 3
14730101 1063
14730101 3396
14730119 1
14730119 4
14730139 9
14730169 71
14730197 9679
14730271 20
14730307 128
14730407 37
14730421 15
14730427 3057
14730571 924
14730629 8316
14730659 1
14730731 1
14730761 3471
14730763 221
14730769 44
14730791 28
14730851 3184
14730887 124
14730949 3360
14730977 3
14731007 4
14731121 1263
14731139 4
14731253 96
14731261 3
14731273 11
14731273 15
14731319 1
14731331 1
14731331 84
14731427 813
14731573 32
14731579 29
14731579 869
14731579 3132
14731643 28
14731667 9
14731679 9
14731807 9
14731807 92
14731807 5180
14731823 1
14731931 9129
14731963 57
14731993 2763
14732033 4011
14732147 9
14732147 25
14732147 37
14732173 83
14732189 340
14732209 27
14732209 147
14732281 143
14732329 20
14732369 259
14732369 1432
14732411 1
14732411 1269
14732447 28
14732447 225
14732483 273
14732513 4600
14732521 20
14732611 8
14732621 159
14732639 1
14732671 44
14732717 87
14732741 111
14732743 5
14732779 332
14732791 101
14732791 1400
14732959 189
14732959 300
14732959 5417
14732987 405
14733049 3087
14733071 664
14733077 64
14733083 1660
14733181 23
14733253 20
14733337 83
14733337 143
14733337 203
14733377 4
14733431 1
14733533 2863
14733557 120
14733557 967
14733559 224
14733599 1
14733743 13
14733751 1233
14733847 708
14733847 4152
14733923 1
14733923 145
14733997 459
14734061 15
14734073 343
14734081 7740
14734259 1
14734277 4
14734277 12
14734387 5
14734403 1
14734451 1
14734543 332
14734553 667
14734571 9225
14734669 2664
14734673 3
14734679 1
14734723 1677
14734739 460
14734739 1552
14734757 27
14734817 99
14734847 25
14734879 5
14734897 15
14734933 3
14734933 23
14734933 131
14734963 141
14735027 12
14735027 2037
14735053 36
14735053 1088
14735131 21
14735207 33
14735207 73
14735257 15
14735321 279
14735321 448
14735327 12
14735339 109
14735407 92
14735407 1317
14735467 8
14735467 32
14735471 1
14735473 7212
14735533 4116
14735599 152
14735711 1
14735717 2547
14735723 1
14735783 21
14735803 165
14735989 1487
14736011 105
14736053 3
14736109 135
14736221 7803
14736221 9600
14736257 208
14736287 6328
14736311 1
14736499 5
14736523 101
14736541 4016
14736559 24
14736599 4
14736793 536
14736797 7
14736797 139
14736817 123
14736817 5268
14736833 367
14736853 948
14736853 4476
14736863 57
14736881 1135
14736941 3
14736983 21
14736983 265
14737069 435
14737097 7
14737109 60
14737109 2295
14737117 3
14737117 95
14737189 347
14737199 12
14737271 4420
14737361 36
14737469 1020
14737469 7672
14737543 672
14737571 1
14737643 72
14737693 27
14737769 7
14737769 2359
14737973 3463
14737991 541
14737993 675
14737993 1356
14738063 1
14738089 1724
14738107 5
14738107 7637
14738123 1
14738183 1
14738197 3
14738197 239
14738209 20
14738261 3
14738333 4447
14738341 8031
14738411 2764
14738447 9
14738497 3
14738497 204
14738527 17
14738621 16
14738747 1548
14738767 92
14738767 3333
14738879 4
14738879 145
14738903 1312
14738917 627
14739071 1
14739083 36
14739121 120
14739161 3
14739191 4
14739259 156
14739281 4
14739281 100
14739311 4704
14739331 500
14739443 7720
14739457 159
14739457 4928
14739469 347
14739479 64
14739551 4893
14739589 60
14739797 3
14739797 139
14739817 1784
14739929 7
14740039 152
14740069 4895
14740111 8
14740133 307
14740151 1
14740189 776
14740291 41
14740291 1568
14740331 1
14740339 785
14740487 85
14740549 3452
14740577 3
14740667 1380
14740667 6688
14740679 2716
14740681 3579
14740697 4212
14740741 804
14740741 6000
14740783 513
14740813 1767
14740937 4
14741021 4
14741021 2788
14741071 9
14741071 2748
14741107 989
14741179 104
14741179 197
14741197 8
14741197 2580
14741203 8225
14741267 2160
14741341 2016
14741369 16
14741393 3
14741393 331
14741423 1
14741423 861
14741501 876
14741543 1
14741543 25
14741569 12
14741593 327
14741731 353
14741767 413
14741807 268
14741843 45
14741893 3
14741899 45
14741921 39
14741927 889
14742031 149
14742047 85
14742151 249
14742251 925
14742313 3
14742313 95
14742373 560
14742437 1879
14742557 99
14742557 9759
14742571 29
14742571 6044
14742599 241
14742659 1044
14742779 720
14742799 264
14742823 2028
14742863 1
14742911 1
14742911 2233
14743147 1137
14743237 39
14743243 33
14743271 1
14743343 141
14743457 3480
14743493 16
14743499 1
14743499 2004
14743499 7200
14743613 3
14743613 76
14743613 187
14743661 15
14743669 20
14743721 3
14743739 84
14743783 225
14743891 4128
14743933 1791
14743951 3564
14744021 19
14744063 12
14744101 48
14744161 3
14744179 24
14744201 1584
14744281 3
14744299 9
14744299 32
14744453 7
14744519 1
14744563 8
14744603 112
14744651 1
14744651 21
14744843 1
14744857 7439
14744911 2313
14744911 9521
14744957 255
14745023 1
14745053 7
14745097 3
14745127 17
14745359 21
14745383 57
14745397 1427
14745407 3597
14745547 1889
14745559 12
14745631 6005
14745671 889
14745877 8
14745893 691
14745917 1515
14745961 231
14746133 3
14746363 728
14746379 1
14746423 1841
14746469 4
14746469 40
14746517 4
14746553 52
14746639 645
14746661 124
14746709 4
14746723 77
14746751 4
14746751 28
14746759 3657
14746763 37
14746763 681
14746763 1636
14746867 17
14746967 360
14746987 1893
14746997 28
14747069 96
14747107 2760
14747141 3
14747141 4
14747149 164
14747149 467
14747171 1
14747189 4
14747189 840
14747233 15
14747263 5
14747267 4
14747353 3408
14747377 44
14747429 127
14747479 12
14747479 24
14747501 24
14747539 449
14747633 148
14747651 1
14747657 12
14747671 2909
14747729 3379
14747737 1239
14747813 7
14747813 292
14747879 85
14747897 172
14747897 7227
14747903 36
14747951 1
14747983 3396
14748001 11
14748301 15
14748329 4
14748337 140
14748341 28
14748361 3
14748361 59
14748361 396
14748439 92
14748493 383
14748493 4583
14748499 60
14748499 65
14748557 3
14748577 5184
14748599 21
14748659 1
14748659 160
14748659 6741
14748919 9480
14749027 9
14749027 2520
14749109 4
14749121 136
14749127 69
14749127 117
14749243 216
14749247 24
14749337 4
14749451 69
14749531 5
14749531 224
14749547 4
14749571 1
14749571 4
14749621 3
14749621 8
14749697 6708
14749747 120
14749793 3795
14749837 183
14749841 1675
14749919 1
14749919 21
14749937 3
14749967 13
14750041 1419
14750053 56
14750081 1963
14750123 516
14750173 8
14750209 20
14750221 23
14750231 1
14750273 7
14750279 336
14750341 3
14750341 6563
14750347 5
14750381 63
14750399 1
14750423 1
14750467 72
14750501 28
14750537 84
14750557 44
14750573 7
14750579 1
14750639 1
14750639 501
14750663 1
14750711 5488
14750773 3
14750807 5385
14750833 6047
14750833 6783
14750987 13
14750999 4105
14751001 4068
14751229 3675
14751281 315
14751281 1020
14751311 120
14751313 63
14751361 20
14751361 263
14751367 3672
14751371 1
14751371 4
14751383 60
14751383 2160
14751413 36
14751421 36
14751491 1056
14751497 1155
14751497 2652
14751547 5
14751547 12
14751547 2457
14751589 776
14751589 1532
14751613 3
14751613 7620
14751637 3
14751637 12
14751637 323
14751647 3772
14751679 5
14751679 2217
14751683 1
14751689 15
14751701 4804
14751707 172
14751713 291
14751721 8
14751743 7345
14751791 4
14751799 9
14751799 12
14751833 652
14751889 2036
14751899 120
14751899 4360
14751911 2008
14751953 255
14751953 471
14752019 1
14752019 16
14752019 520
14752019 8584
14752033 311
14752079 1
14752253 3
14752321 3
14752357 24
14752357 219
14752369 84
14752393 1683
14752399 5
14752399 12
14752421 139
14752421 1396
14752631 1
14752631 3249
14752681 68
14752681 7556
14752799 4
14752847 192
14752879 5
14752883 1
14752883 25
14752883 1705
14752939 56
14752943 1
14753099 4
14753197 2819
14753203 5
14753287 3237
14753567 28
14753573 27
14753591 16
14753597 4
14753701 39
14753707 693
14753789 156
14753863 2048
14753863 3632
14753987 4
14753989 104
14754023 261
14754149 24
14754239 4969
14754263 33
14754269 4
14754371 36
14754371 508
14754409 27
14754409 2484
14754451 344
14754451 1121
14754473 1072
14754529 12
14754587 105
14754613 3
14754671 1
14754737 7483
14754781 20
14754869 4
14754877 1688
14754877 3539
14754991 29
14755009 27
14755009 332
14755231 8
14755261 731
14755333 3
14755333 2232
14755357 299
14755379 4516
14755421 16
14755459 936
14755469 5467
14755511 1
14755547 13
14755547 144
14755547 2992
14755733 3
14755781 3
14755817 723
14755817 2308
14755817 4419
14755831 36
14755921 3
14755927 5
14755957 3719
14755967 4
14756057 15
14756059 5
14756113 2967
14756171 156
14756197 5775
14756453 2031
14756491 449
14756509 11
14756509 120
14756591 96
14756591 5173
14756699 52
14756717 3400
14756743 177
14756759 4
14756771 61
14756779 32
14756803 17
14756827 72
14756839 9
14756839 12
14756873 3807
14756897 99
14756933 463
14756953 3008
14756993 1020
14757047 373
14757077 48
14757203 12
14757203 73
14757221 4
14757251 1
14757251 48
14757269 2524
14757331 29
14757371 1
14757383 36
14757571 20
14757593 3
14757593 75
14757653 148
14757653 688
14757679 21
14757823 5
14757949 59
14757961 120
14758043 1
14758043 36
14758043 3460
14758087 5
14758097 4
14758103 21
14758123 225
14758213 12
14758253 7
14758267 17
14758333 11
14758343 1
14758357 123
14758391 4
14758439 157
14758439 252
14758451 328
14758487 360
14758487 937
14758487 5812
14758769 2479
14758787 33
14758823 1
14758879 44
14758879 65
14758879 2424
14758937 943
14758979 1
14759039 1
14759039 84
14759039 1569
14759153 3
14759341 3
14759351 4024
14759369 4
14759369 4171
14759429 24
14759489 2652
14759501 1336
14759531 1488
14759609 492
14759669 4
14759711 1
14759711 64
14759783 252
14759821 3564
14759881 1868
14759957 4
14759957 63
14759963 1
14759963 6960
14760133 11
14760143 348
14760203 13
14760203 48
14760293 28
14760293 5431
14760323 96
14760367 77
14760377 7
14760617 52
14760667 3500
14760737 12
14760751 5
14760799 3965
14760821 15
14760821 204
14760901 131
14761007 613
14761037 3
14761037 148
14761079 1
14761133 36
14761133 736
14761139 25
14761163 1
14761199 1
14761199 4
14761217 7
14761217 259
14761283 1
14761379 9
14761421 3
14761441 3
14761447 1484
14761577 3
14761697 204
14761709 7
14761709 231
14761753 3
14761753 231
14761793 3463
14761907 288
14762081 231
14762101 23
14762123 1
14762243 1
14762347 57
14762347 333
14762383 5
14762383 17
14762387 48
14762399 1
14762437 807
14762483 1
14762551 44
14762557 992
14762669 55
14762689 291
14762837 4
14762837 7
14762837 2187
14762977 119
14763011 1
14763011 4
14763017 27
14763107 9
14763137 19
14763179 1
14763179 4321
14763253 3711
14763457 3
14763503 672
14763571 4149
14763571 5336
14763653 112
14763773 303
14763787 240
14763857 19
14763863 1
14763911 7305
14763961 11
14763997 668
14764003 80
14764067 4
14764151 136
14764201 35
14764213 3
14764249 8456
14764259 2892
14764319 496
14764363 5
14764391 1
14764397 3
14764507 45
14764579 5
14764579 9
14764601 3
14764601 1459
14764699 2145
14764733 751
14764753 3071
14764759 29
14764807 273
14764889 100
14764889 8764
14764903 57
14764969 867
14764987 8
14765017 8180
14765063 781
14765081 3
14765117 135
14765131 56
14765137 3
14765159 9
14765227 33
14765237 43
14765237 1708
14765327 852
14765339 1
14765483 2233
14765483 2392
14765651 1
14765671 5729
14765711 1
14765711 2964
14765743 5
14765743 9045
14765759 9
14765759 2641
14765797 59
14765797 3027
14765867 180
14765867 220
14765887 5
14765887 80
14765887 252
14765957 4
14766077 388
14766181 3
14766233 15
14766233 412
14766337 3
14766371 1
14766419 720
14766463 5
14766463 8
14766497 4
14766541 6819
14766551 1
14766559 17
14766569 372
14766637 1503
14766679 140
14766691 4244
14766751 213
14766769 2960
14766803 1680
14766823 1857
14766901 8
14767021 2435
14767079 1
14767099 2081
14767117 924
14767121 3
14767153 60
14767157 7
14767163 1
14767297 3524
14767381 2535
14767457 3
14767463 1
14767463 37
14767463 2433
14767553 31
14767589 52
14767589 91
14767661 331
14767853 43
14767903 156
14767943 112
14768021 3
14768099 181
14768137 15
14768141 4
14768179 12
14768191 8
14768233 380
14768251 113
14768267 33
14768297 3379
14768363 76
14768371 45
14768381 2323
14768389 120
14768401 3
14768459 1
14768471 1
14768539 20
14768603 16
14768659 12
14768659 500
14768659 912
14768711 1
14768773 1400
14768779 5
14768839 9
14768879 1
14768891 36
14768933 7
14768983 60
14769119 1
14769221 4
14769221 60
14769239 1
14769319 1740
14769353 3
14769499 716
14769607 5
14769659 165
14769691 5
14769721 15
14769737 2595
14769757 1479
14769779 24
14769793 3
14769803 1
14769847 2828
14769877 3
14769967 132
14770003 17
14770031 1140
14770037 79
14770039 152
14770069 1424
14770153 3
14770187 2448
14770243 8
14770339 1757
14770397 28
14770451 700
14770451 6516
14770453 1076
14770489 371
14770493 3
14770499 1
14770507 425
14770513 5952
14770559 1
14770559 5304
14770573 2235
14770631 1533
14770631 2125
14770661 28
14770843 41
14770891 104
14770907 8608
14770993 12
14771023 5
14771051 100
14771077 23
14771093 988
14771209 12
14771219 552
14771321 3
14771363 25
14771363 493
14771369 15
14771387 9
14771387 273
14771447 364
14771563 5208
14771599 549
14771609 7
14771723 1
14771753 55
14771807 13
14771807 1932
14771831 4
14771891 1
14771941 15
14771993 412
14772059 7812
14772071 1
14772127 237
14772161 6196
14772169 104
14772169 6155
14772193 11
14772209 2467
14772271 188
14772379 365
14772409 2136
14772419 1
14772497 199
14772551 16
14772599 409
14772599 760
14772649 12
14772727 53
14772773 700
14772787 20
14772787 57
14772893 52
14772917 588
14772943 1580
14772971 16
14773009 15
14773043 1
14773091 1
14773091 168
14773117 804
14773177 6995
14773193 4288
14773207 8
14773207 7709
14773457 1827
14773531 525
14773537 5700
14773579 65
14773637 3
14773637 115
14773643 865
14773657 335
14773691 1
14773727 4
14773861 1688
14773903 221
14773903 4692
14773921 228
14773931 1
14774033 295
14774087 12
14774101 2459
14774113 87
14774113 1067
14774113 3743
14774117 1303
14774129 4107
14774141 3
14774143 65
14774231 9
14774273 3
14774429 1635
14774443 68
14774467 3464
14774477 3
14774477 6039
14774489 456
14774503 36
14774503 48
14774509 575
14774531 1
14774567 25
14774653 27
14774701 6000
14774713 888
14774713 8036
14774737 3
14774807 28
14774807 657
14774909 4552
14774909 9772
14774959 9
14775031 129
14775031 1088
14775043 2348
14775083 273
14775109 1535
14775169 684
14775263 1
14775323 13
14775323 808
14775349 11
14775349 2379
14775367 677
14775389 15
14775451 3629
14775479 1
14775487 708
14775503 1
14775517 1128
14775589 2604
14775599 1
14775793 3
14775829 164
14775833 3
14775851 1
14775851 16
14775853 12
14775899 1
14775953 3
14775989 4
14776049 4
14776087 8
14776087 9
14776163 52
14776163 733
14776193 36
14776211 1
14776211 604
14776253 2236
14776331 100
14776351 20
14776423 2781
14776427 9
14776469 4467
14776493 12
14776501 3
14776501 560
14776571 1
14776571 45
14776607 2997
14776667 6265
14776691 504
14776711 8
14776781 3
14776829 7
14776837 672
14777027 1629
14777027 4665
14777033 3
14777033 472
14777099 1
14777183 3208
14777303 1
14777309 2595
14777341 3
14777353 140
14777363 6756
14777401 36
14777429 4
14777429 36
14777429 3672
14777461 240
14777461 5624
14777519 1
14777519 21
14777657 12
14777699 1
14777747 724
14777759 4
14777899 44
14777951 96
14777993 3
14778007 6848
14778109 224
14778109 1371
14778311 1
14778353 3
14778359 1
14778359 12
14778473 7
14778493 11
14778571 21
14778667 57
14778671 1
14778677 39
14778689 99
14778779 21
14778779 201
14778887 208
14778913 4235
14778961 7688
14778991 9
14778991 41
14778991 593
14779139 9
14779187 13
14779187 1384
14779231 5
14779327 12
14779351 173
14779451 9
14779483 12
14779577 7
14779619 1
14779619 385
14779627 32
14779703 25
14779703 765
14779741 23
14779769 211
14779781 3
14779781 1056
14779841 19
14779861 140
14779861 456
14779867 12
14779867 1257
14779871 4
14779871 13
14779871 28
14779903 57
14779907 24
14779979 9
14780011 5
14780039 6981
14780071 5
14780113 15
14780303 276
14780321 3
14780321 79
14780323 17
14780411 9285
14780417 4
14780453 3
14780453 55
14780453 816
14780489 247
14780489 3724
14780539 24
14780551 41
14780593 3
14780609 4
14780609 4195
14780653 3
14780653 27
14780653 348
14780729 4
14780729 96
14780729 144
14780741 2208
14780827 33
14780911 33
14780921 2731
14781001 3728
14781059 1137
14781073 2156
14781127 5037
14781131 1
14781199 1629
14781199 1697
14781233 448
14781251 1
14781257 6448
14781317 339
14781323 1
14781353 12
14781397 860
14781401 3
14781401 411
14781413 4032
14781421 11
14781497 4183
14781577 7608
14781587 25
14781673 7763
14781691 9
14781737 2299
14781779 6276
14781799 5
14781863 1
14781881 520
14781917 3
14782003 893
14782039 905
14782087 7932
14782139 1
14782139 1365
14782189 240
14782241 699
14782349 91
14782379 81
14782387 6732
14782409 39
14782501 111
14782687 69
14782751 4
14782751 16
14782751 73
14782751 229
14782777 39
14782783 716
14782909 44
14783003 1
14783029 80
14783029 191
14783029 6104
14783039 1
14783057 4
14783057 304
14783057 2788
14783173 4916
14783371 5
14783393 52
14783399 6721
14783513 252
14783513 1423
14783543 1216
14783551 425
14783599 29
14783603 1
14783651 21
14783723 37
14783737 639
14783749 4064
14783771 1
14783837 823
14783849 927
14783893 3
14783987 148
14784037 8
14784037 332
14784041 3
14784157 2879
14784173 3
14784173 351
14784293 52
14784347 4
14784353 600
14784383 1
14784431 1
14784431 9364
14784443 1
14784467 88
14784467 208
14784659 4
14784673 2367
14784703 12
14784709 11
14784761 8763
14784787 380
14784811 180
14784841 8
14784851 1
14784881 3
14784911 1240
14785027 33
14785139 24
14785193 1363
14785207 9
14785247 592
14785261 1176
14785283 21
14785283 697
14785283 4732
14785313 3
14785349 75
14785391 33
14785399 1412
14785457 7
14785559 4
14785559 64
14785559 445
14785583 1
14785609 476
14785609 1944
14785637 6748
14785669 327
14785691 1
14785691 8305
14785723 12
14785751 16
14785763 1
14785783 8
14785783 17
14785867 84
14785889 120
14785907 145
14785951 1860
14786183 16
14786197 15
14786221 15
14786231 4
14786231 13
14786249 196
14786269 2204
14786333 111
14786423 1
14786423 5592
14786489 844
14786581 195
14786587 9
14786599 1841
14786641 3
14786743 420
14786789 19
14786843 1180
14786843 2140
14786881 99
14786903 1
14786951 1
14787001 71
14787023 1
14787061 11
14787089 276
14787109 12
14787133 9920
14787167 4
14787167 1120
14787191 1
14787203 21
14787239 1149
14787251 280
14787287 117
14787307 3029
14787323 1
14787373 3
14787389 156
14787463 9360
14787481 11
14787517 3
14787631 1905
14787631 3909
14787649 171
14787659 1
14787659 12
14787659 24
14787769 7167
14787791 1
14787797 7
14787847 333
14787859 105
14787859 512
14787863 1
14787869 4
14787959 24
14787991 8
14788021 3
14788021 1151
14788051 5
14788073 3
14788153 1200
14788153 1967
14788159 4181
14788171 9
14788211 1
14788223 2220
14788313 1668
14788337 3
14788339 36
14788381 5760
14788439 1
14788439 1944
14788679 40
14788681 3
14788687 708
14788841 4
14788877 1419
14788979 1
14788979 169
14788993 311
14789003 1
14789003 21
14789029 12
14789123 12
14789123 121
14789197 2195
14789213 3
14789237 7
14789237 187
14789323 581
14789363 1
14789363 12
14789431 573
14789501 15
14789503 5877
14789539 1197
14789683 180
14789693 280
14789737 75
14789743 1041
14789777 39
14789833 23
14789839 9
14789839 12
14789869 147
14789927 925
14789941 36
14789977 63
14790011 49
14790011 85
14790071 4
14790071 904
14790077 4
14790089 859
14790229 12
14790229 3884
14790229 4991
14790257 5599
14790283 312
14790283 848
14790389 4
14790481 44
14790577 23
14790637 12
14790703 33
14790703 77
14790767 105
14790827 24
14790871 173
14790883 36
14790907 80
14790907 89
14790959 3592
14790977 7
14790983 1072
14791039 2201
14791099 4832
14791141 3515
14791163 1
14791303 2376
14791313 43
14791331 4
14791331 25
14791423 5
14791457 223
14791499 60
14791531 4929
14791541 148
14791571 1
14791571 4
14791571 3876
14791583 1
14791591 9
14791631 2809
14791739 1
14791841 28
14791841 604
14791883 1
14791901 40
14792137 6555
14792231 2028
14792311 588
14792321 76
14792321 3963
14792399 12
14792399 100
14792411 201
14792483 1
14792483 532
14792527 68
14792653 63
14792689 32
14792699 60
14792699 145
14792819 1
14792831 1
14792831 2101
14792879 2460
14792881 3
14792881 315
14792881 4380
14793013 2132
14793041 3
14793059 2556
14793061 83
14793329 7
14793433 3
14793433 6023
14793463 836
14793469 111
14793469 599
14793517 39
14793517 4268
14793539 60
14793557 4
14793607 72
14793637 3807
14793797 88
14793917 3879
14793929 559
14793937 3804
14793941 43
14793967 9
14793979 5
14793983 1
14794007 4
14794007 40
14794123 65
14794151 1
14794159 9
14794181 40
14794189 744
14794229 7
14794277 4
14794277 39
14794277 172
14794277 2403
14794319 1
14794327 3444
14794469 192
14794547 13
14794643 4132
14794649 24
14794699 597
14794729 35
14794789 27
14794799 636
14794799 1317
14794807 5
14794849 407
14794943 16
14794943 841
14795101 3
14795107 48
14795213 3
14795213 987
14795273 160
14795293 3060
14795323 200
14795377 1460
14795387 48
14795411 1
14795441 376
14795537 112
14795579 61
14795687 3060
14795689 1256
14795789 1416
14795939 1
14795947 2705
14795951 3864
14796013 47
14796017 4143
14796101 75
14796113 460
14796113 6052
14796179 12
14796179 1149
14796217 3
14796233 640
14796361 59
14796373 4256
14796401 39
14796407 9
14796503 28
14796533 7
14796533 7311
14796557 55
14796571 48
14796571 593
14796571 1049
14796577 3
14796619 5016
14796679 41
14796737 123
14796739 701
14796767 1125
14796853 32
14797001 63
14797019 1260
14797049 15
14797103 1
14797103 1333
14797177 135
14797217 1159
14797247 1729
14797313 12
14797403 252
14797417 3
14797417 60
14797427 9
14797439 756
14797457 3
14797459 17
14797459 9537
14797477 59
14797499 297
14797577 124
14797591 248
14797631 1
14797649 16
14797711 1664
14797847 229
14797873 23
14797919 364
14797921 83
14797921 1139
14797933 3
14798099 1
14798137 75
14798227 84
14798257 155
14798299 3692
14798437 20
14798527 120
14798533 123
14798599 5
14798627 4645
14798639 1
14798711 1
14798717 2368
14798723 13
14798801 4
14798809 11
14799017 3
14799017 27
14799017 39
14799053 576
14799067 369
14799139 252
14799139 392
14799173 3
14799173 172
14799173 1975
14799199 81
14799229 11
14799263 5541
14799397 39
14799527 9
14799643 612
14799683 457
14799703 5772
14799793 2603
14799821 120
14799823 8241
14799853 9932
14799871 9
14799871 1256
14800001 3
14800001 1204
14800147 320
14800277 4
14800343 1
14800343 8712
14800351 96
14800351 3116
14800463 565
14800507 5
14800619 4
14800637 3
14800637 4
14800739 232
14800763 1
14800811 1
14800837 24
14800921 599
14800949 420
14800963 4896
14801071 8
14801197 3
14801197 3599
14801317 260
14801393 903
14801447 13
14801461 11
14801471 9505
14801491 8
14801491 3108
14801537 4
14801537 7
14801593 2715
14801599 1332
14801603 1
14801641 840
14801771 325
14801783 13
14801797 3
14801797 47
14801879 1
14801879 61
14802127 12
14802127 365
14802187 9
14802247 5
14802251 1
14802269 9576
14802287 24
14802289 2679
14802299 144
14802341 16
14802413 88
14802421 108
14802497 67
14802551 1089
14802589 9956
14802649 1376
14802679 9
14802727 9
14802743 73
14802797 1452
14802811 1221
14802899 1
14802911 4
14802911 148
14802973 156
14803037 775
14803037 1387
14803067 288
14803069 431
14803097 1588
14803111 176
14803177 23
14803207 1680
14803241 3
14803279 852
14803291 521
14803417 735
14803471 7805
14803487 85
14803577 2640
14803619 1
14803619 57
14803627 84
14803643 1573
14803643 9612
14803661 40
14803667 568
14803699 165
14803703 120
14803741 156
14803759 116
14803759 1077
14803769 15
14803769 64
14803799 25
14803813 27
14803843 9912
14803861 3
14803909 1740
14804011 120
14804113 8
14804137 3
14804147 4
14804177 784
14804197 440
14804197 1883
14804291 1
14804303 325
14804303 397
14804311 389
14804407 45
14804429 7
14804429 8704
14804497 1043
14804539 12
14804539 29
14804557 9164
14804677 12
14804719 84
14804723 481
14804759 49
14804843 1
14804843 33
14804879 124
14804891 4
14804941 788
14804969 4
14804969 99
14804969 259
14805017 4
14805103 5
14805121 935
14805151 1656
14805163 7100
14805221 15
14805221 43
14805221 2823
14805229 12
14805233 216
14805251 9
14805293 2088
14805347 277
14805347 805
14805367 68
14805367 272
14805407 37
14805409 107
14805443 1
14805523 417
14805647 129
14805647 1069
14805671 1
14805677 43
14805733 3
14805743 1
14806019 1
14806019 36
14806067 1885
14806097 4
14806223 1
14806243 12
14806243 17
14806247 1353
14806357 4208
14806373 43
14806373 9108
14806409 76
14806471 20
14806523 1
14806523 261
14806543 12
14806633 3
14806651 281
14806657 32
14806657 152
14806661 415
14806679 201
14806723 36
14806751 268
14806807 5
14806829 1084
14806853 196
14806853 916
14806943 4092
14806973 3
14806999 324
14807029 240
14807047 144
14807069 232
14807159 501
14807161 111
14807161 119
14807231 741
14807237 3643
14807249 2755
14807267 28
14807269 2492
14807321 6651
14807381 4
14807431 8
14807453 1992
14807497 8
14807497 68
14807521 15
14807521 236
14807543 1
14807549 7
14807581 3
14807599 692
14807641 3
14807687 12
14807747 952
14807861 1411
14807921 3
14807921 168
14807981 3
14808023 37
14808043 1425
14808043 9048
14808097 2187
14808119 1081
14808151 8
14808223 17
14808307 32
14808433 3215
14808457 479
14808461 240
14808499 29
14808509 4
14808511 21
14808523 765
14808523 8781
14808551 1
14808553 168
14808691 21
14808691 269
14808691 728
14808779 1
14808947 157
14809013 3
14809013 4272
14809013 6600
14809073 3
14809097 7779
14809129 47
14809129 812
14809163 1
14809163 85
14809279 9
14809279 7520
14809349 4
14809349 27
14809349 52
14809439 5440
14809451 1
14809507 7257
14809513 32
14809573 5972
14809679 889
14809693 6156
14809801 3
14809813 3
14809853 216
14809871 3181
14809871 5284
14809877 4
14809877 39
14809913 36
14809913 540
14809957 1887
14809957 4419
14809969 699
14809973 3
14809973 628
14810053 3
14810053 92
14810071 21
14810071 329
14810093 36
14810093 96
14810141 51
14810233 491
14810287 185
14810351 196
14810407 5
14810423 1
14810441 2451
14810483 1
14810483 177
14810507 133
14810531 1
14810623 3728
14810629 4584
14810641 59
14810699 21
14810737 8
14810737 32
14810737 915
14810759 1369
14810891 93
14810951 1
14810951 76
14811007 5
14811031 6741
14811059 16
14811067 357
14811079 1665
14811143 1
14811143 33
14811217 168
14811299 1
14811299 141
14811319 189
14811323 1
14811323 45
14811367 45
14811367 4400
14811389 7
14811427 9
14811427 29
14811541 3
14811551 9
14811553 23
14811557 7
14811571 5
14811733 2631
14811781 3
14811821 24
14811869 16
14811871 309
14811889 120
14811911 8964
14812129 1244
14812139 52
14812163 1
14812163 4276
14812249 39
14812271 4
14812307 9
14812307 13
14812367 28
14812463 37
14812519 89
14812531 429
14812601 3
14812601 271
14812663 105
14812687 249
14812771 60
14812783 888
14812807 105
14812871 1104
14812883 1
14812901 24
14812937 1548
14813063 136
14813111 4513
14813111 8980
14813119 20
14813119 125
14813159 4
14813299 17
14813333 31
14813333 868
14813347 5
14813411 1
14813497 83
14813627 384
14813627 537
14813713 15
14813723 145
14813791 9465
14813803 1356
14813881 963
14813941 15
14813951 73
14813959 45
14814127 29
14814329 267
14814409 3519
14814419 24
14814479 1
14814479 5625
14814551 21
14814551 3849
14814557 3
14814557 2068
14814671 1216
14814707 1653
14814827 6217
14814929 507
14814941 103
14814971 24
14815001 3
14815001 1060
14815019 1
14815139 4
14815261 35
14815267 29
14815301 19
14815301 148
14815331 96
14815331 409
14815403 1
14815441 11
14815453 4680
14815511 1
14815511 3720
14815529 39
14815553 4111
14815627 9
14815639 960
14815681 3
14815681 411
14815753 432
14815807 9
14815837 188
14815837 368
14815963 8
14816023 5
14816033 471
14816069 3312
14816111 1
14816111 601
14816111 1621
14816167 140
14816267 1948
14816311 4469
14816341 539
14816359 12
14816369 79
14816387 4
14816387 12
14816423 1
14816429 4
14816491 9
14816597 3
14816603 1
14816603 5752
14816701 24
14816743 5
14816831 1
14816833 3555
14816861 19
14816869 296
14816873 72
14816881 3
14816939 60
14816951 225
14816993 27
14817137 19
14817167 417
14817181 20
14817193 3
14817197 640
14817199 6329
14817211 3509
14817239 45
14817259 17
14817259 1932
14817323 61
14817323 1656
14817331 9
14817331 1320
14817331 2145
14817373 3
14817373 11
14817401 2088
14817617 195
14817631 2748
14817697 24
14817697 3879
14817707 25
14817731 1245
14817809 12
14817823 33
14817839 1
14817857 5148
14817983 1
14818091 205
14818091 3481
14818103 1
14818121 3
14818151 1
14818201 15
14818231 573
14818259 516
14818421 16
14818501 323
14818541 4
14818541 6375
14818561 24
14818579 12
14818633 3
14818663 113
14818697 228
14818697 2523
14818939 816
14818949 7
14819017 3
14819039 1
14819039 24
14819039 4812
14819137 3708
14819173 155
14819213 72
14819437 3
14819459 12
14819543 1
14819569 39
14819627 2464
14819641 3
14819641 1683
14819653 3723
14819681 240
14819683 36
14819887 204
14819921 40
14819939 4080
14819963 1
14819977 3600
14820031 1908
14820061 3
14820089 16
14820121 1419
14820137 3
14820137 3372
14820301 248
14820371 28
14820401 2536
14820433 3
14820433 1008
14820473 276
14820503 5596
14820569 4396
14820599 856
14820647 13
14820649 44
14820649 372
14820781 3
14820781 7784
14820791 1
14820791 5721
14820857 8547
14820907 5
14820913 11
14820917 3
14821013 268
14821019 252
14821099 5
14821099 4004
14821123 8
14821181 156
14821211 541
14821333 56
14821337 3
14821343 1
14821343 748
14821483 56
14821579 77
14821613 1663
14821663 5192
14821721 4
14821903 33
14821979 5860
14822153 28
14822153 40
14822153 2995
14822179 5
14822183 1
14822347 57
14822359 45
14822363 13
14822579 589
14822617 1095
14822653 3
14822711 13
14822711 621
14822729 12
14822729 1524
14822777 120
14822891 1
14822911 89
14822947 9
14822957 7
14822981 3
14822981 115
14822993 27
14823041 48
14823041 220
14823073 1176
14823119 4
14823233 120
14823233 388
14823241 3
14823271 8729
14823499 5
14823521 31
14823521 211
14823521 240
14823587 2908
14823617 924
14823703 7617
14823733 23
14823769 335
14823839 1
14823911 1
14823911 1101
14823967 5
14824027 1952
14824039 21
14824063 21
14824127 9
14824189 11
14824189 95
14824253 7780
14824267 77
14824301 991
14824333 3
14824343 1
14824343 73
14824363 32
14824367 49
14824387 12
14824387 29
14824451 1
14824499 1
14824501 36
14824559 1
14824609 2480
14824613 255
14824613 1216
14824721 3696
14824741 60
14824793 4723
14824853 75
14824937 172
14824961 3
14824991 13
14824993 20
14824993 27
14825021 3060
14825081 64
14825101 3875
14825113 1052
14825113 3023
14825117 247
14825137 8
14825141 3
14825147 4
14825147 2745
14825273 67
14825287 140
14825381 3
14825407 840
14825413 15
14825429 91
14825483 1128
14825509 75
14825519 4
14825609 3207
14825617 23
14825659 17
14825677 320
14825677 387
14825687 48
14825749 695
14825929 59
14825929 887
14825953 35
14825959 5
14825963 2985
14825963 5197
14826113 552
14826127 9
14826437 4
14826503 85
14826683 1
14826709 1079
14826827 168
14826853 4707
14827039 60
14827039 101
14827051 36
14827081 2783
14827229 1699
14827229 3351
14827259 1
14827259 145
14827259 160
14827297 263
14827357 8
14827357 27
14827361 3
14827399 5
14827399 572
14827403 600
14827403 6333
14827441 644
14827481 84
14827499 9
14827523 1
14827523 120
14827531 41
14827531 689
14827537 1032
14827567 752
14827601 40
14827661 3
14827721 76
14827753 111
14827831 533
14827909 15
14828017 300
14828027 4
14828039 37
14828053 51
14828059 116
14828071 329
14828117 1732
14828153 376
14828173 11
14828197 24
14828467 7605
14828519 1
14828549 15
14828587 5
14828587 548
14828609 3015
14828621 24
14828677 2043
14828699 1
14828699 49
14828707 8
14828753 183
14828761 383
14828771 36
14828887 5
14828953 540
14829007 173
14829047 4
14829107 48
14829127 608
14829239 12
14829239 624
14829247 545
14829337 1740
14829371 1
14829533 3
14829547 105
14829547 3884
14829587 4
14829601 23
14829697 27
14829707 9
14829719 1
14829719 21
14829721 708
14829791 1
14829791 60
14829809 7
14829911 1
14829911 49
14829911 2020
14829923 1728
14829929 4060
14829973 920
14829977 4
14829989 8640
14830019 1
14830027 1025
14830031 621
14830261 3
14830367 48
14830391 88
14830421 3255
14830457 60
14830481 4
14830499 1081
14830531 800
14830553 28
14830603 257
14830609 299
14830637 72
14830703 1368
14830801 1916
14830931 4696
14830973 3
14831083 8
14831107 3197
14831171 28
14831177 4240
14831231 1
14831281 3
14831309 4
14831449 51
14831459 3009
14831473 15
14831473 236
14831501 15
14831503 8
14831569 15
14831569 32
14831569 159
14831581 704
14831587 2253
14831611 9993
14831681 3264
14831759 757
14831797 1052
14831813 52
14831893 300
14831899 2892
14831923 245
14831923 3033
14831959 689
14832071 1
14832073 312
14832157 12
14832163 461
14832199 320
14832221 103
14832281 2524
14832431 1
14832443 2812
14832479 1
14832533 3
14832581 156
14832581 228
14832607 9
14832637 839
14832647 9
14832731 129
14832733 15
14832791 1
14832791 25
14832887 85
14832913 492
14832941 3
14832971 244
14833009 32
14833079 16
14833087 108
14833109 2140
14833121 4
14833211 9
14833253 315
14833279 636
14833393 2051
14833543 65
14833549 11
14833631 4
14833631 901
14833723 3977
14833807 20
14833823 1
14833913 3
14833963 152
14834023 8
14834033 3
14834063 16
14834123 972
14834153 3
14834153 55
14834189 195
14834263 3380
14834381 1036
14834401 851
14834437 3
14834539 21
14834539 29
14834627 5373
14834639 4
14834681 523
14834683 3833
14834723 1
14834737 8
14834767 5408
14834767 5913
14834803 2472
14834821 716
14834843 1
14834867 5757
14834893 3
14834903 1
14834903 1756
14834951 1
14834993 796
14835047 285
14835157 924
14835217 2160
14835311 1
14835427 80
14835511 53
14835511 6860
14835517 143
14835551 208
14835607 5
14835607 20
14835659 1
14835671 100
14835673 63
14835697 80
14835787 53
14835841 8
14835911 36
14835929 196
14836021 44
14836111 5
14836117 767
14836187 408
14836187 2400
14836243 185
14836249 8087
14836253 451
14836303 5
14836303 405
14836309 24
14836319 4
14836319 1849
14836337 124
14836369 35
14836379 2665
14836457 12
14836639 765
14836643 780
14836837 6167
14836961 2700
14836961 2851
14836981 3
14836993 152
14837149 720
14837149 2535
14837153 123
14837387 117
14837393 120
14837491 9
14837519 1
14837587 464
14837591 8328
14837653 3
14837653 336
14837663 13
14837723 1
14837861 511
14837929 32
14837951 489
14838001 3131
14838071 144
14838091 9
14838133 11
14838137 27
14838191 4
14838191 33
14838247 249
14838253 191
14838253 432
14838281 3804
14838287 13
14838293 7888
14838337 923
14838359 1
14838359 4
14838359 16
14838431 1
14838529 87
14838581 3
14838581 55
14838583 8
14838583 72
14838641 3
14838647 4
14838647 24
14838647 1852
14838721 44
14838731 2016
14838731 7705
14838737 124
14838757 63
14838973 212
14838973 563
14839063 12
14839063 881
14839127 13
14839177 2867
14839219 1325
14839241 3
14839243 1085
14839277 15
14839277 43
14839333 116
14839339 9
14839379 97
14839457 63
14839543 6812
14839579 4304
14839631 16
14839633 75
14839789 2427
14839801 8
14839801 843
14839837 3
14839871 3621
14839883 132
14839973 2163
14840039 4825
14840047 48
14840123 9937
14840153 1660
14840281 356
14840281 5783
14840327 24
14840363 1
14840369 7
14840383 5
14840411 1
14840479 65
14840479 9869
14840513 2020
14840533 552
14840587 24
14840587 5708
14840603 436
14840621 31
14840627 445
14840741 24
14840849 127
14840851 5
14840851 1848
14840923 12
14840933 3
14840933 7
14840933 72
14840939 532
14840951 253
14840993 3
14841067 728
14841161 483
14841191 1
14841191 1080
14841247 3828
14841269 7
14841283 4001
14841293 2232
14841317 4
14841349 5220
14841377 7620
14841377 8764
14841499 9
14841499 737
14841539 1
14841539 1417
14841559 7764
14841691 33
14841737 12
14841803 1
14841917 115
14841919 5
14841929 19
14841949 359
14841949 3495
14842193 220
14842259 1
14842259 220
14842361 163
14842367 2328
14842423 5
14842447 509
14842463 153
14842507 2112
14842523 3097
14842537 68
14842549 839
14842573 983
14842673 376
14842699 4352
14842733 7
14842873 32
14842873 1047
14842907 688
14842951 509
14842999 41
14843077 924
14843083 2168
14843131 8148
14843167 185
14843201 4
14843207 240
14843219 1
14843243 1
14843243 193
14843249 231
14843419 116
14843429 411
14843443 68
14843449 267
14843459 1
14843519 264
14843519 585
14843527 5
14843527 12
14843531 9
14843627 309
14843627 9333
14843651 1
14843683 33
14843723 1
14843723 16
14843821 3
14843849 516
14843867 73
14843891 1
14843897 4
14843953 3603
14843977 132
14843981 19
14843981 5680
14844001 644
14844023 1
14844029 4
14844059 1
14844079 5
14844083 1
14844101 36
14844103 21
14844107 132
14844107 1888
14844139 9
14844251 2625
14844307 204
14844359 1
14844359 9700
14844367 33
14844367 80
14844367 1752
14844461 3
14844469 20
14844497 952
14844593 1063
14844631 24
14844883 621
14844953 9471
14844971 1
14845003 2436
14845043 16
14845057 24
14845067 1657
14845153 135
14845291 5
14845309 1467
14845351 24
14845393 12
14845423 36
14845451 1333
14845483 105
14845489 431
14845543 93
14845549 435
14845549 624
14845577 115
14845613 40
14845657 75
14845679 1
14845679 5964
14845693 11
14845871 1
14846113 192
14846123 60
14846177 3
14846281 8
14846393 76
14846437 3147
14846443 1088
14846443 1160
14846449 672
14846453 31
14846833 12
14846833 48
14846833 756
14846939 1
14846939 9
14846947 9
14846989 3512
14847013 8408
14847071 1
14847193 8
14847211 9
14847257 3
14847269 616
14847293 1107
14847359 1672
14847383 4437
14847433 2072
14847463 5
14847463 53
14847523 5
14847551 1
14847557 7
14847559 24
14847751 20
14847757 5412
14847779 289
14847821 4
14847821 108
14848007 5805
14848079 1
14848079 256
14848079 432
14848151 133
14848277 27
14848303 177
14848511 1
14848517 27
14848579 5
14848643 1896
14848649 4
14848661 4
14848679 1
14848723 12
14848759 212
14848793 463
14848793 687
14848793 3127
14848817 444
14848843 336
14848853 7
14848859 1
14848859 60
14848931 45
14848931 3493
14848979 817
14849141 31
14849207 25
14849287 68
14849311 104
14849333 3
14849459 9
14849519 1
14849521 15
14849521 35
14849521 1520
14849557 4472
14849581 99
14849591 1
14849591 4
14849647 1937
14849701 51
14849719 24
14849771 1
14849971 809
14850071 4
14850079 2705
14850151 6780
14850161 15
14850313 92
14850313 9155
14850379 1664
14850413 3
14850481 455
14850481 939
14850497 1360
14850527 13
14850541 3
14850541 131
14850541 1619
14850551 204
14850587 828
14850631 1641
14850631 6908
14850659 1
14850749 79
14850779 1
14850791 4
14850827 8853
14850833 208
14850833 1843
14850943 17
14850943 213
14850947 1165
14851003 20
14851009 1095
14851033 8
14851037 3
14851043 1
14851127 9040
14851223 1
14851351 8
14851351 53
14851391 465
14851411 348
14851453 11
14851481 39
14851513 3
14851513 8763
14851517 63
14851517 7104
14851549 2019
14851589 16
14851643 1
14851723 20
14851751 1
14851891 45
14851913 7
14851913 108
14851943 1
14851979 1
14851979 4
14852063 1
14852213 255
14852267 3013
14852303 1
14852417 15
14852531 1
14852609 3535
14852647 12
14852647 32
14852647 105
14852731 60
14852731 2705
14852771 201
14852953 923
14852989 1535
14853067 2484
14853077 447
14853089 5419
14853107 4
14853119 1
14853149 2487
14853149 2784
14853151 368
14853203 345
14853229 420
14853229 1827
14853287 205
14853287 7845
14853341 828
14853407 9
14853407 528
14853407 8148
14853491 420
14853647 2569
14853799 36
14853803 6993
14853823 381
14853919 17
14854001 63
14854001 2035
14854031 2425
14854069 315
14854097 619
14854139 1
14854187 2932
14854201 291
14854247 4
14854247 1012
14854283 2212
14854283 6400
14854313 12
14854319 64
14854319 5797
14854321 8
14854403 1
14854417 12
14854451 165
14854451 264
14854453 120
14854459 56
14854459 645
14854493 3
14854531 65
14854559 136
14854559 1756
14854571 1
14854579 96
14854579 4404
14854597 15
14854603 5
14854661 39
14854733 820
14854739 1
14854793 3
14854837 903
14854841 4
14854877 139
14854897 44
14854943 1
14854951 48
14854993 68
14855021 3
14855051 141
14855053 3
14855053 9228
14855089 24
14855303 40
14855327 4
14855327 33
14855353 87
14855369 7
14855369 411
14855377 2087
14855387 3492
14855419 5
14855443 12
14855641 20
14855803 68
14855831 256
14855873 120
14855923 53
14856007 8049
14856013 1100
14856047 2992
14856053 27
14856067 8
14856067 429
14856103 1085
14856109 51
14856109 335
14856151 20
14856239 1
14856239 1065
14856427 852
14856431 1
14856431 561
14856467 13
14856539 4
14856631 68
14856631 5904
14856659 1
14856659 24
14856683 1
14856703 5
14856713 51
14856749 4
14856757 3
14856773 3120
14856791 1
14856851 1
14856889 11
14856889 224
14856893 3
14856899 1
14856911 45
14856937 3995
14856949 1955
14856979 1172
14856983 16
14857043 7921
14857079 3877
14857081 291
14857121 5764
14857147 17
14857163 1
14857351 33
14857391 4
14857399 60
14857433 28
14857523 1
14857523 5328
14857691 1
14857691 81
14857691 573
14857697 628
14857697 3283
14857751 1
14857769 24
14857877 3
14857903 288
14858213 15
14858279 1
14858293 3
14858309 2227
14858339 36
14858369 1615
14858377 203
14858381 3
14858387 25
14858443 6948
14858477 87
14858531 1
14858531 4
14858531 9
14858537 3672
14858587 4509
14858671 269
14858681 4
14858699 9
14858761 75
14858761 635
14858761 659
14858839 36
14858863 153
14858863 897
14858911 1185
14858923 113
14858927 2080
14858959 84
14858959 7676
14859067 5265
14859113 108
14859149 7
14859181 279
14859287 112
14859307 9
14859367 225
14859497 3
14859497 7
14859499 77
14859511 20
14859511 813
14859521 3
14859599 1
14859599 897
14859617 3
14859619 6936
14859623 132
14859749 4315
14859773 3
14859787 8
14859787 48
14859787 1145
14859851 3925
14859899 1
14859899 52
14860049 7296
14860103 57
14860121 19
14860121 8908
14860187 133
14860201 3
14860331 13
14860411 41
14860427 9
14860471 44
14860477 8187
14860529 40
14860529 4140
14860577 3
14860577 39
14860579 1044
14860621 3
14860639 60
14860661 4
14860709 315
14860823 1
14860823 13
14860823 1077
14860889 64
14860897 24
14861047 29
14861083 152
14861141 4
14861221 5723
14861227 12
14861279 69
14861299 237
14861303 13
14861303 156
14861351 1
14861411 73
14861411 1809
14861437 83
14861503 1577
14861537 4
14861641 23
14861641 6239
14861699 1
14861699 9
14861719 452
14861813 180
14861849 5499
14861941 24
14861941 1980
14861999 6481
14862119 1
14862121 1388
14862121 9959
14862247 5
14862247 2240
14862317 435
14862319 9
14862457 1064
14862517 3
14862517 8
14862521 4
14862599 321
14862613 168
14862691 96
14862721 24
14862751 105
14862803 1
14862839 4
14862851 61
14862871 36
14862941 4
14862973 3
14863021 3
14863027 5
14863027 5793
14863031 1
14863067 277
14863067 3660
14863099 660
14863153 32
14863181 3
14863183 2505
14863201 35
14863241 3403
14863271 4
14863319 9
14863357 15
14863357 147
14863369 11
14863369 2615
14863369 2651
14863379 21
14863397 112
14863523 360
14863523 976
14863523 3505
14863547 9
14863547 324
14863571 49
14863633 216
14863669 7020
14863711 53
14863753 2892
14863789 12
14863829 55
14863993 8
14864011 5
14864021 4
14864051 5001
14864107 5
14864107 33
14864123 1
14864237 3
14864383 56
14864411 1
14864411 45
14864431 348
14864431 624
14864483 1
14864609 87
14864611 429
14864723 96
14864723 3957
14864753 196
14864789 4
14864981 8260
14864999 9
14865041 84
14865091 44
14865173 2452
14865241 236
14865271 56
14865299 229
14865377 3
14865419 36
14865421 51
14865427 6792
14865469 12
14865469 72
14865479 105
14865503 1
14865503 13
14865503 5817
14865547 4512
14865553 3
14865593 12
14865593 5340
14865649 20
14865679 1332
14865713 31
14865841 3
14865853 51
14865913 3
14865967 3092
14865979 21
14865979 221
14866021 239
14866031 1
14866057 867
14866079 1
14866079 37
14866079 1552
14866079 1761
14866087 17
14866157 4
14866157 504
14866169 4
14866237 12
14866331 204
14866343 16
14866343 2772
14866351 5
14866513 252
14866513 4715
14866529 91
14866529 1332
14866627 3668
14866681 203
14866739 1
14866739 936
14866783 41
14866783 56
14866811 1
14866811 3549
14866939 9
14866939 56
14866963 4992
14867119 2961
14867137 15
14867137 27
14867201 3
14867263 4341
14867353 3
14867387 13
14867389 12
14867389 87
14867389 2840
14867423 1
14867513 3
14867603 1
14867659 20
14867663 1
14867689 56
14867771 1
14867833 15
14867833 83
14867893 167
14867893 6635
14867929 6372
14867989 32
14867999 1
14868071 1
14868083 1
14868163 288
14868223 96
14868307 288
14868331 1733
14868341 468
14868361 3236
14868383 48
14868479 4
14868479 240
14868493 3008
14868521 355
14868577 128
14868629 8856
14868661 944
14868671 1545
14868701 4
14868731 4
14868881 3
14868943 21
14868947 28
14868947 589
14868949 276
14868983 96
14869007 13
14869007 168
14869009 4692
14869031 1
14869091 5524
14869111 728
14869133 7
14869189 495
14869207 1253
14869219 156
14869291 128
14869333 2931
14869391 708
14869397 828
14869399 12
14869403 16
14869447 848
14869483 300
14869507 9
14869507 105
14869583 93
14869649 199
14869651 20
14869697 223
14869703 1
14869727 193
14869727 693
14869741 8475
14869759 5601
14869793 6711
14869817 3
14869823 88
14869919 12
14869919 37
14869949 7
14869997 3
14870033 60
14870039 36
14870039 144
14870039 2481
14870077 1407
14870099 9049
14870101 5423
14870227 12
14870269 980
14870279 1
14870281 740
14870281 5220
14870299 32
14870593 3
14870617 1227
14870617 2684
14870677 632
14870683 420
14870693 420
14870981 168
14871061 35
14871061 140
14871079 7080
14871169 215
14871173 43
14871211 1445
14871257 4
14871331 21
14871371 1
14871371 49
14871419 405
14871419 696
14871463 920
14871553 3
14871559 77
14871559 2484
14871607 48
14871611 1
14871677 148
14871683 1
14871683 5185
14871803 1725
14871863 561
14871863 2376
14871907 53
14871907 3120
14871911 1
14871911 33
14871929 919
14871931 8
14871931 773
14871973 3
14872019 4
14872021 2600
14872051 224
14872063 21
14872063 2016
14872063 7781
14872133 471
14872183 2285
14872213 135
14872213 507
14872259 4
14872289 1660
14872337 3
14872379 3900
14872391 1
14872423 297
14872541 1071
14872643 532
14872681 3
14872681 740
14872691 21
14872919 1
14872937 4
14873051 1
14873063 1
14873063 13
14873069 352
14873171 6201
14873189 147
14873191 5
14873401 3
14873401 135
14873423 1048
14873539 164
14873629 20
14873633 1032
14873641 20
14873711 1
14873711 28
14873711 4501
14873731 5
14873917 584
14873987 4
14874011 1
14874059 1
14874089 7
14874109 20
14874109 59
14874157 3
14874217 515
14874281 28
14874311 4
14874329 7
14874383 1
14874383 157
14874427 8657
14874437 3
14874437 5184
14874449 36
14874527 37
14874569 72
14874647 213
14874661 3
14874661 1976
14874733 212
14874781 360
14874787 2240
14874793 60
14875037 372
14875097 1548
14875099 89
14875163 4392
14875183 197
14875261 3
14875307 748
14875321 3
14875327 69
14875403 4581
14875409 2739
14875447 500
14875481 7188
14875489 12
14875489 1011
14875559 1
14875571 5125
14875631 1
14875771 8
14875831 33
14875843 12
14875997 3
14876021 1716
14876027 957
14876119 5
14876171 328
14876177 7
14876177 12
14876179 132
14876219 1
14876227 57
14876273 87
14876327 12
14876347 1220
14876353 3
14876357 24
14876371 29
14876467 12
14876501 196
14876567 13
14876567 24
14876579 4
14876579 37
14876657 108
14876723 1
14876737 20
14876737 615
14876767 1725
14876773 23
14876783 1
14876783 133
14876831 1
14876879 240
14877059 1
14877077 223
14877101 64
14877157 8
14877197 4000
14877221 1491
14877253 8
14877337 260
14877347 57
14877391 1709
14877449 12
14877491 1
14877623 640
14877641 4300
14877671 1
14877671 169
14877677 3
14877787 12
14877913 971
14878049 67
14878099 17
14878133 1191
14878133 1240
14878139 12
14878163 1
14878163 28
14878163 40
14878169 6192
14878211 4
14878229 15
14878289 7
14878289 36
14878291 5
14878291 68
14878373 3
14878427 480
14878433 12
14878433 8872
14878439 1
14878439 45
14878639 9
14878687 45
14878697 207
14878727 9
14878741 2211
14878751 1
14878751 1560
14878763 1
14878867 5
14878873 2331
14878901 3
14878993 12
14879003 5260
14879153 7
14879171 2728
14879237 7
14879251 9440
14879279 4
14879353 140
14879377 32
14879377 4223
14879393 15
14879441 79
14879549 36
14879569 12
14879747 1960
14879819 9
14879861 319
14879923 3473
14879951 1
14880013 32
14880037 8
14880067 17
14880119 1
14880139 3432
14880143 1
14880181 8096
14880197 3
14880221 43
14880233 1411
14880347 712
14880407 12
14880473 3
14880473 616
14880487 17
14880587 37
14880599 96
14880599 136
14880707 2824
14880727 29
14880769 5955
14880791 1
14880823 828
14880841 23
14880883 12
14880893 3
14880907 209
14880953 7
14880953 5512
14881019 1
14881033 992
14881091 85
14881297 768
14881301 420
14881381 156
14881481 3
14881567 29
14881609 20
14881649 175
14881687 2184
14881697 9567
14881753 11
14881831 8
14881907 48
14881931 625
14882003 12
14882059 5
14882059 236
14882069 9724
14882093 3
14882129 4
14882129 759
14882137 995
14882611 5028
14882663 1
14882677 5759
14882741 43
14882831 1
14882839 177
14882849 9012
14882893 3591
14882993 12
14882993 115
14882993 892
14883019 1877
14883019 5892
14883059 1
14883181 7496
14883283 5813
14883413 12
14883457 119
14883457 1392
14883493 35
14883523 57
14883629 172
14883677 3
14883767 297
14883833 2931
14883949 12
14884003 32
14884073 180
14884073 432
14884127 48
14884187 249
14884267 2060
14884301 2383
14884319 84
14884319 2412
14884393 3
14884409 76
14884451 4
14884451 1273
14884487 268
14884589 615
14884631 1
14884651 2448
14884757 40
14884873 3
14884873 47
14884879 336
14884981 3
14884981 1695
14884993 267
14885023 21
14885089 15
14885119 264
14885141 3
14885141 15
14885201 64
14885231 3621
14885261 3
14885261 48
14885389 12
14885441 3
14885441 91
14885459 97
14885467 8
14885477 27
14885477 43
14885579 225
14885593 11
14885711 105
14885723 1
14885831 9
14885833 491
14885881 84
14885917 3
14885917 240
14885939 2841
14885957 1695
14885963 1
14886017 3
14886031 29
14886031 1889
14886071 4
14886181 15
14886199 129
14886343 3945
14886397 39
14886439 2237
14886673 3
14886721 3
14886749 807
14886793 1383
14886943 5
14886983 45
14887007 13
14887007 24
14887043 28
14887091 1
14887091 48
14887133 3
14887133 115
14887253 3
14887261 203
14887261 1824
14887307 4
14887307 445
14887319 1
14887337 124
14887339 17
14887339 489
14887349 1320
14887361 3
14887381 11
14887381 279
14887381 696
14887403 1
14887559 616
14887567 125
14887571 9
14887573 1688
14887667 45
14887813 1260
14887853 328
14887871 1
14887909 3291
14887921 6203
14887973 3
14887987 5817
14888047 8
14888099 7284
14888101 3
14888129 2679
14888179 21
14888179 4196
14888219 825
14888329 116
14888329 4211
14888351 16
14888351 289
14888459 129
14888483 37
14888483 4096
14888501 3
14888681 4
14888701 23
14888743 672
14888869 7679
14888873 36
14888953 5411
14888963 1
14888999 220
14889037 695
14889089 27
14889139 237
14889163 36
14889283 285
14889311 25
14889401 3
14889431 1
14889473 3
14889493 1007
14889527 100
14889587 12
14889643 125
14889811 5
14889817 239
14889817 2372
14889829 4872
14889859 5
14889869 460
14889949 12
14889971 1
14890019 2136
14890063 20
14890063 8765
14890103 1
14890103 3736
14890103 8620
14890121 19
14890121 336
14890201 288
14890201 8748
14890259 141
14890273 3
14890277 60
14890289 435
14890307 700
14890397 7
14890483 17
14890511 1
14890523 280
14890663 5
14890703 6652
14890709 4
14890709 15
14890739 24
14890753 7892
14890807 8369
14890849 11
14890853 3
14890859 297
14890859 400
14890907 613
14891047 1449
14891053 276
14891111 1
14891153 3
14891341 656
14891347 1604
14891363 312
14891363 2956
14891389 1644
14891417 24
14891441 3
14891453 4696
14891519 49
14891521 9363
14891521 9440
14891647 300
14891699 1
14891699 1921
14891837 3
14891911 41
14891941 83
14891951 1
14891959 5
14891959 9617
14892071 1
14892071 4441
14892077 3
14892139 1049
14892149 135
14892161 4
14892191 1
14892191 24
14892193 12
14892203 2992
14892287 4
14892287 148
14892377 4
14892421 3
14892497 3
14892533 276
14892587 97
14892613 2036
14892623 1
14892623 276
14892737 1935
14892763 140
14892811 5
14892811 4260
14892847 504
14892883 5
14892959 2536
14892973 588
14892973 1163
14893019 1
14893063 128
14893141 44
14893199 1
14893253 103
14893267 9933
14893357 27
14893409 520
14893421 1288
14893447 108
14893579 12
14893621 180
14893657 4652
14893687 5
14893687 8
14893709 4
14893709 12
14893729 8619
14893817 1615
14893871 309
14893909 87
14893913 931
14893933 563
14893999 69
14894021 4
14894021 36
14894051 1
14894063 1
14894123 1
14894161 2391
14894413 3
14894471 33
14894497 20
14894543 21
14894611 36
14894611 128
14894617 32
14894681 7548
14894729 7
14894743 6792
14894779 5
14894783 1
14894801 115
14894807 60
14894807 712
14894819 9
14894843 1
14894843 1825
14894861 4
14894923 5
14895113 27
14895113 288
14895203 1
14895203 8077
14895233 52
14895277 20
14895311 1
14895347 105
14895437 784
14895499 345
14895499 9272
14895521 100
14895539 1
14895557 3
14895701 7428
14895817 128
14895817 663
14895857 63
14895857 220
14895857 6135
14895863 2553
14895883 20
14895889 20
14896001 103
14896073 3
14896181 3
14896181 2064
14896223 1
14896223 961
14896241 3
14896241 48
14896279 57
14896289 91
14896309 27
14896327 24
14896327 113
14896327 668
14896333 332
14896393 611
14896537 8
14896643 1
14896667 1644
14896699 5
14896711 53
14896711 149
14896729 32
14896729 35
14896841 4
14896859 1
14896859 1897
14896907 4
14896907 808
14897011 1925
14897131 108
14897147 13
14897171 1
14897251 24
14897303 13
14897419 129
14897437 8
14897459 8964
14897471 1
14897513 1912
14897521 7511
14897527 317
14897557 3
14897579 1
14897669 7
14897819 9
14897923 1152
14898019 2477
14898101 624
14898119 5649
14898157 8
14898179 4
14898203 1
14898203 25
14898203 52
14898263 88
14898271 5
14898277 27
14898313 387
14898371 1
14898397 6495
14898419 1
14898419 25
14898421 15
14898463 12
14898491 49
14898557 24
14898563 1
14898563 133
14898563 408
14898617 5868
14898629 172
14898649 951
14898677 2919
14898743 36
14898797 87
14898899 1
14898929 4
14898929 376
14898929 520
14898929 1519
14899007 208
14899007 6864
14899039 32
14899043 3228
14899051 5
14899091 9
14899091 24
14899121 3
14899399 9
14899483 5
14899483 8
14899483 1848
14899483 2000
14899583 1
14899679 1
14899679 25
14899741 23
14899817 279
14899853 3
14899889 36
14899889 72
14899897 8
14899901 24
14899961 8995
14899991 1
14900003 456
14900023 12
14900023 33
14900051 253
14900069 4
14900173 71
14900201 2808
14900203 5
14900209 1224
14900309 7
14900407 9
14900419 1952
14900467 32
14900471 1
14900533 432
14900539 9
14900651 4
14900651 2400
14900681 3
14900707 17
14900723 8140
14900777 1084
14900777 1627
14900777 6064
14900819 196
14900887 33
14901017 3
14901017 4
14901071 4
14901077 948
14901151 264
14901203 3868
14901251 16
14901251 2344
14901287 84
14901371 1
14901379 1316
14901443 57
14901457 12
14901487 180
14901587 2820
14901587 3592
14901749 16
14901781 20
14901791 1
14901857 19
14901857 27
14901883 45
14901899 4
14901899 136
14901959 1
14902003 101
14902271 1
14902291 1853
14902499 369
14902577 652
14902577 6087
14902583 52
14902583 396
14902627 1713
14902681 1379
14902711 29
14902753 3
14902841 4
14902883 1
14902889 39
14902903 20
14902903 1080
14902907 4
14902957 2388
14902969 827
14902991 1669
14903099 1
14903197 407
14903197 3219
14903233 3
14903249 60
14903261 15
14903269 767
14903321 3
14903389 11
14903393 2500
14903491 225
14903527 7680
14903533 32
14903561 91
14903597 3
14903599 696
14903617 48
14903659 3977
14903731 704
14903731 1073
14903789 4
14903789 5004
14903797 15
14904067 45
14904119 1
14904143 81
14904251 24
14904277 35
14904287 9
14904287 1692
14904319 12
14904343 320
14904349 56
14904353 88
14904353 2055
14904581 828
14904653 36
14904727 1989
14904737 7
14904739 32
14904739 9576
14904899 1
14904973 15
14904997 87
14904997 3147
14905019 5809
14905123 1497
14905199 5409
14905249 192
14905337 2500
14905343 1
14905351 8856
14905459 65
14905511 4
14905577 4
14905577 3360
14905769 16
14905769 151
14905871 120
14905897 3920
14905903 56
14905939 3044
14905973 120
14905973 2871
14906239 36
14906299 996
14906357 148
14906389 51
14906417 100
14906429 31
14906519 5137
14906579 1
14906581 11
14906623 45
14906707 369
14906711 1
14906917 1799
14906933 52
14906971 329
14906989 44
14907017 3
14907017 84
14907017 5403
14907043 5
14907047 9
14907199 12
14907259 476
14907281 99
14907281 4764
14907329 72
14907371 24
14907383 1
14907551 3484
14907577 15
14907631 81
14907649 60
14907721 3
14907721 188
14907803 1
14907839 3277
14907983 12
14907983 16
14908007 9417
14908121 15
14908177 44
14908199 1
14908207 5
14908247 4
14908253 91
14908273 3
14908319 1
14908319 100
14908319 4329
14908343 36
14908357 3
14908433 468
14908451 1
14908513 60
14908519 117
14908567 60
14908601 544
14908753 383
14908781 400
14908783 5
14908783 8
14908783 548
14908819 212
14908843 3060
14908867 588
14908889 16
14908889 760
14908919 117
14908951 3789
14908961 271
14909021 4
14909021 88
14909021 3396
14909131 6161
14909179 5
14909189 27
14909231 1
14909249 4
14909351 1
14909417 40
14909473 1212
14909491 596
14909617 3
14909693 1827
14909809 356
14909837 7143
14909861 19
14909879 64
14909897 1200
14909941 3
14909987 7537
14910017 319
14910143 25
14910179 624
14910191 1
14910191 4
14910211 20
14910253 83
14910271 68
14910373 4043
14910517 12
14910563 52
14910583 3240
14910653 1012
14910671 1
14910719 1
14910773 492
14910787 9
14910811 104
14910817 188
14910821 48
14910821 2871
14910827 2377
14910829 2156
14910881 16
14910899 4
14910941 84
14910977 19
14910983 16
14911139 5740
14911313 31
14911321 3
14911417 3
14911439 1612
14911459 80
14911471 3828
14911489 411
14911621 59
14911621 143
14911639 8829
14911691 1
14911747 32
14911801 44
14911817 124
14911849 1059
14911859 1
14911891 5
14911909 12
14911993 3
14912021 15
14912071 5
14912141 3
14912263 168
14912323 12
14912323 3608
14912411 2116
14912419 2852
14912431 4020
14912449 15
14912453 268
14912633 55
14912749 1179
14912759 69
14912797 2243
14912819 1
14912831 144
14912851 336
14912867 9
14912941 179
14912977 3
14913011 1
14913037 444
14913037 3687
14913049 375
14913161 6819
14913179 9
14913179 4081
14913247 12
14913277 8
14913289 140
14913313 11
14913319 60
14913319 5457
14913323 1
14913373 3
14913529 344
14913611 1
14913671 4
14913911 1
14913971 4
14913971 13
14914013 963
14914013 4200
14914013 5160
14914019 1
14914019 25
14914043 1008
14914063 2321
14914093 140
14914271 1
14914343 52
14914343 72
14914363 312
14914517 4
14914547 4
14914591 6908
14914607 60
14914607 520
14914681 8
14914759 56
14914759 8129
14914793 3
14914793 2512
14914799 1677
14914859 4
14914877 3
14914969 176
14914979 1
14915039 132
14915039 297
14915093 7
14915093 52
14915099 37
14915297 823
14915363 1
14915363 6552
14915413 20
14915413 2940
14915423 1
14915507 364
14915651 4
14915717 8128
14915861 195
14915917 968
14915941 3
14915941 299
14915941 1884
14915977 84
14915993 1947
14916049 15
14916059 1
14916073 3
14916107 97
14916199 9
14916281 48
14916281 1119
14916283 6000
14916331 908
14916359 945
14916379 21
14916449 160
14916449 892
14916521 523
14916523 12
14916547 2589
14916569 7
14916569 1635
14916593 3571
14916613 1368
14916659 1
14916899 1
14916929 1092
14916959 636
14916997 15
14916997 87
14916997 1928
14917057 548
14917099 69
14917117 27
14917117 39
14917193 3
14917247 28
14917393 8
14917439 141
14917543 17
14917543 7596
14917559 16
14917613 63
14917627 5
14917667 84
14917667 268
14917709 16
14917711 36
14917711 81
14917741 1335
14917757 67
14917787 9
14917787 105
14917817 4
14917817 24
14918011 101
14918017 524
14918041 423
14918083 8
14918083 216
14918107 8
14918227 9
14918227 252
14918251 365
14918303 1
14918339 4
14918339 1464
14918369 100
14918459 12
14918483 1
14918483 1777
14918509 672
14918551 9
14918569 636
14918573 2247
14918677 8
14918747 2773
14918759 1
14918833 3
14918837 4
14918851 56
14918861 3
14918861 120
14918989 6696
14918993 7
14918993 12
14919011 1
14919011 121
14919011 424
14919053 1336
14919061 56
14919077 3
14919139 5
14919139 4445
14919139 5420
14919143 1033
14919187 360
14919269 232
14919269 571
14919361 36
14919419 1
14919451 5
14919491 9
14919589 27
14919623 148
14919623 2433
14919631 29
14919631 48
14919631 4640
14919643 12
14919841 3
14919899 124
14919923 85
14919943 737
14920079 24
14920133 2943
14920151 21
14920201 15
14920223 1341
14920231 8
14920267 5
14920309 92
14920313 3
14920337 2995
14920363 33
14920421 1104
14920457 3
14920511 1164
14920523 1
14920547 28
14920603 120
14920639 9
14920673 172
14920691 36
14920751 1
14920777 9012
14920891 1644
14920897 4283
14920933 6855
14921029 291
14921069 396
14921107 5
14921177 28
14921281 11
14921281 95
14921299 36
14921339 1144
14921363 1
14921443 693
14921453 375
14921453 3703
14921477 1492
14921579 1
14921587 6764
14921623 1293
14921723 1
14921743 168
14921849 7
14921849 4516
14921861 63
14921891 13
14921891 133
14921911 56
14921947 165
14921947 7244
14921953 455
14921957 2548
14921969 15
14922013 12
14922031 5
14922059 1636
14922143 2920
14922151 468
14922179 1
14922227 45
14922227 1449
14922409 11
14922437 348
14922493 3788
14922511 213
14922569 975
14922601 44
14922637 680
14922683 1
14922689 7
14922727 6768
14922731 144
14922751 7424
14922779 177
14922781 8
14922823 36
14922841 3
14922983 1
14923019 1
14923039 29
14923039 984
14923049 4
14923061 3
14923079 9
14923217 763
14923217 2688
14923291 21
14923327 33
14923367 1072
14923373 1915
14923427 48
14923511 1
14923633 1247
14923669 11
14923673 2388
14923729 576
14923729 3095
14923817 3
14923817 6100
14923837 9108
14923847 12
14923871 1381
14923889 4
14923889 436
14924081 1576
14924087 2068
14924099 1
14924131 5
14924149 5744
14924219 4
14924257 8
14924267 4
14924267 3960
14924279 3300
14924341 3
14924383 441
14924411 1
14924417 163
14924417 9243
14924477 63
14924587 69
14924587 369
14924603 396
14924629 20
14924639 1
14924737 84
14924831 1
14924863 1637
14924893 3767
14924939 12
14924947 4608
14925007 2693
14925083 732
14925103 5
14925103 333
14925151 5001
14925173 5388
14925187 1937
14925359 1
14925359 6664
14925433 3
14925437 3
14925437 1063
14925497 1224
14925503 1
14925503 3373
14925563 1
14925587 4
14925611 49
14925619 105
14925619 1485
14925671 21
14925709 2127
14925737 5748
14925851 4
14925871 9
14925917 12
14926061 4
14926297 6315
14926313 3
14926553 3
14926559 16
14926567 5
14926591 1436
14926621 60
14926673 3160
14926687 8
14926739 4
14926757 40
14926757 184
14926757 447
14926897 9095
14926921 60
14927117 3
14927119 5
14927147 25
14927191 141
14927327 4
14927509 11
14927573 867
14927599 480
14927599 1085
14927681 136
14927831 1
14927831 745
14927867 49
14927879 21
14927933 288
14927959 117
14928007 17
14928079 45
14928113 91
14928149 19
14928163 8
14928163 45
14928197 7183
14928253 8
14928253 11
14928271 9029
14928299 1465
14928307 452
14928437 3
14928467 8745
14928491 108
14928493 63
14928503 6441
14928517 8319
14928671 1
14928731 1
14928731 1864
14928733 1311
14928811 21
14928827 9
14928827 25
14928847 9
14928937 48
14928943 7961
14928959 1641
14928971 1
14929039 2481
14929051 5
14929069 51
14929087 20
14929091 1
14929121 24
14929151 9
14929163 3508
14929217 7
14929223 1
14929319 1
14929363 2840
14929399 336
14929427 4
14929457 112
14929487 9
14929487 3145
14929547 4
14929559 1
14929571 1
14929571 16
14929571 600
14929619 1
14929711 6093
14929799 4
14929807 12
14929807 33
14929843 21
14929919 1
14929919 9
14929997 960
14930011 36
14930053 3
14930087 12
14930119 144
14930171 33
14930249 7
14930309 111
14930339 1
14930341 2736
14930387 4
14930387 285
14930453 3
14930453 756
14930479 36
14930507 148
14930533 72
14930609 12
14930633 7
14930633 396
14930753 3
14930779 212
14930791 1769
14930821 168
14930833 636
14930837 4
14930891 741
14930893 8
14930897 4
14930917 23
14930999 1
14930999 1060
14931023 45
14931061 2216
14931073 11
14931073 927
14931073 2568
14931157 8279
14931193 11
14931197 28
14931247 45
14931341 4
14931361 480
14931377 3
14931377 120
14931437 7
14931551 1
14931551 2689
14931589 632
14931671 1720
14931733 47
14931769 696
14931809 231
14931809 256
14931811 45
14931877 639
14931881 216
14931911 49
14931919 221
14931977 3
14932031 3444
14932199 25
14932199 72
14932199 385
14932199 4140
14932207 2484
14932367 520
14932387 20
14932387 1980
14932433 196
14932433 547
14932453 23
14932457 43
14932513 68
14932549 296
14932573 3
14932583 1
14932597 83
14932667 4
14932667 12
14932667 2772
14932691 1
14932711 21
14932763 1225
14932829 9856
14932927 20
14932937 3
14933071 29
14933101 8124
14933119 12
14933179 6825
14933179 7496
14933309 12
14933383 1572
14933603 1
14933617 3
14933629 71
14933629 2987
14933663 181
14933671 281
14933687 24
14933689 12
14933689 84
14933713 60
14933713 723
14933731 69
14933813 55
14933813 4900
14933819 4
14933819 1257
14933819 4264
14933843 1
14933861 4
14933873 111
14933999 157
14933999 700
14934011 369
14934067 153
14934071 816
14934079 24
14934079 80
14934113 27
14934119 1
14934191 1
14934197 3
14934251 4
14934259 24
14934259 92
14934263 1845
14934377 268
14934377 523
14934379 20
14934379 129
14934407 49
14934431 1
14934461 375
14934473 27
14934497 4
14934511 1508
14934553 500
14934587 12
14934599 4
14934677 120
14934679 32
14934727 252
14934737 3
14934911 1
14934943 20
14935021 80
14935079 277
14935099 44
14935183 108
14935199 817
14935279 24
14935339 9
14935369 3416
14935373 780
14935379 4684
14935429 111
14935447 8
14935499 2329
14935751 69
14935759 936
14935759 7241
14935829 12
14935859 1
14935937 3
14936113 275
14936167 5
14936231 1
14936231 468
14936249 40
14936267 1017
14936267 1680
14936329 356
14936359 9557
14936443 840
14936497 1448
14936629 3255
14936681 928
14936807 1584
14936899 81
14936927 4
14936951 61
14936969 4291
14937053 12
14937061 156
14937119 1
14937119 4
14937229 2336
14937239 720
14937259 44
14937259 2169
14937283 5
14937311 1
14937311 240
14937311 421
14937317 3
14937317 4
14937331 168
14937341 36
14937457 3975
14937491 1
14937491 25
14937539 184
14937617 484
14937683 292
14937701 1948
14937731 1
14937773 112
14937827 49
14937847 57
14937911 1
14937911 21
14937961 2900
14938013 15
14938043 1
14938271 1
14938321 183
14938331 1
14938337 300
14938379 3361
14938381 59
14938381 335
14938381 683
14938457 7
14938499 1
14938531 8
14938531 69
14938537 92
14938549 1091
14938577 4
14938603 2576
14938603 6980
14938669 11
14938669 12
14938727 40
14938751 4
14938817 3
14938841 175
14938841 319
14938969 240
14938991 9
14939051 1
14939051 25
14939053 12
14939159 1
14939159 1152
14939203 5580
14939207 4408
14939251 1176
14939291 49
14939299 9
14939317 287
14939341 51
14939399 1
14939579 36
14939597 4
14939597 12
14939597 1080
14939677 35
14939707 44
14939723 28
14939759 1
14939759 9
14939773 452
14939779 5
14939983 48
14939983 4917
14939989 1896
14939993 8743
14940007 33
14940053 28
14940071 280
14940097 35
14940103 20
14940169 2904
14940239 1
14940349 11
14940353 3268
14940421 624
14940463 12
14940613 3
14940641 99
14940683 1
14940781 191
14940811 221
14940811 528
14940883 2105
14940917 4
14940929 4284
14940931 8
14941019 1036
14941019 2269
14941021 704
14941021 5751
14941093 15
14941133 2572
14941139 72
14941187 4
14941193 7
14941211 5164
14941259 1
14941387 8
14941427 4585
14941463 1
14941463 5908
14941499 1
14941499 3057
14941579 245
14941639 44
14941649 7
14941649 51
14941709 1644
14941763 1
14941807 6317
14941811 205
14941921 44
14941933 2448
14941957 3
14942069 2031
14942141 36
14942159 4
14942173 3291
14942251 8
14942311 48
14942311 84
14942353 6191
14942357 4
14942363 1
14942363 312
14942401 96
14942441 223
14942467 344
14942467 3344
14942533 3
14942537 55
14942623 81
14942747 69
14942749 5736
14942827 393
14942891 1
14942959 345
14942981 9840
14943029 112
14943083 76
14943113 103
14943151 8
14943151 3789
14943151 7961
14943163 152
14943197 4
14943251 1
14943361 3
14943389 111
14943419 217
14943521 484
14943547 5805
14943571 9
14943571 33
14943571 41
14943589 2132
14943619 417
14943631 2040
14943631 4260
14943667 45
14943683 1
14943737 3
14943737 168
14943743 13
14943763 120
14943821 136
14943821 3663
14943857 63
14943869 24
14943883 4281
14943947 105
14943983 148
14943983 1137
14944109 40
14944123 5
14944123 7020
14944141 9131
14944147 5
14944157 4
14944159 9
14944159 36
14944211 1
14944211 85
14944211 4920
14944243 45
14944247 100
14944379 1
14944421 3163
14944439 4884
14944441 99
14944481 3
14944493 247
14944561 8
14944561 3116
14944603 2277
14944679 1236
14944679 9757
14944729 524
14944739 1
14944739 109
14944747 5
14944763 4465
14944777 267
14944843 2588
14944903 177
14944931 1
14944931 76
14945017 3
14945111 324
14945129 975
14945143 5
14945167 5
14945251 20
14945291 1
14945291 28
14945303 9457
14945327 4
14945327 133
14945459 8092
14945471 1
14945477 1380
14945519 100
14945569 3807
14945573 3
14945587 105
14945611 7736
14945717 4
14945717 4812
14945779 17
14945803 3377
14945807 25
14945881 24
14945881 404
14946023 16
14946167 5565
14946209 615
14946257 72
14946311 4
14946341 795
14946443 1
14946443 988
14946467 12
14946493 3
14946493 980
14946641 16
14946683 28
14946697 47
14946697 108
14946709 72
14946719 1
14946731 45
14946739 41
14946793 75
14946793 1376
14946797 19
14946857 1368
14946913 4091
14946917 2280
14946923 225
14946923 5613
14946949 972
14946973 20
14946983 1
14947039 81
14947043 4761
14947109 7
14947259 1
14947313 16
14947333 752
14947343 28
14947343 1240
14947349 5359
14947453 516
14947477 23
14947489 87
14947561 303
14947567 144
14947571 4
14947571 8380
14947619 132
14947627 125
14947627 489
14947787 792
14947837 4883
14947853 3
14947853 7
14947853 15
14947853 4491
14947883 52
14947939 500
14947951 1025
14947957 212
14947969 972
14948057 3
14948099 1
14948147 33
14948161 3983
14948179 116
14948191 9
14948243 1
14948341 284
14948387 28
14948473 15
14948509 6936
14948513 3
14948621 3
14948683 60
14948683 5157
14948683 6365
14948749 1904
14948753 135
14948903 120
14948911 153
14948917 168
14948939 157
14949017 1212
14949031 93
14949101 15
14949191 1
14949229 11
14949229 12
14949377 3
14949397 5420
14949401 4
14949463 2160
14949491 1
14949491 516
14949497 3
14949553 23
14949569 5079
14949581 1131
14949611 6028
14949661 3620
14949733 56
14949733 116
14949821 3
14949899 460
14949937 2027
14949989 67
14949989 372
14950139 1
14950151 1
14950163 1
14950237 39
14950291 29
14950291 1580
14950337 24
14950357 363
14950367 2049
14950379 2704
14950387 788
14950547 4
14950583 1
14950763 168
14950889 6952
14950927 104
14950933 23
14950933 855
14950981 23
14950993 92
14951059 24
14951059 44
14951063 1
14951087 253
14951099 4
14951191 3408
14951239 105
14951239 297
14951243 6076
14951263 176
14951351 4
14951473 27
14951473 2367
14951479 221
14951479 2544
14951597 7
14951621 103
14951647 33
14951647 345
14951719 5
14951723 1216
14951731 144
14951731 269
14951743 65
14951759 4
14951759 705
14951767 5
14951873 16
14951873 55
14951887 48
14951941 1031
14951977 468
14952037 248
14952059 1224
14952109 1611
14952169 12
14952253 432
14952257 3
14952269 1536
14952349 47
14952389 2020
14952419 1
14952419 6421
14952521 3
14952611 1
14952611 2020
14952689 900
14952701 4
14952739 24
14952761 24
14952761 1539
14952767 25
14952827 9
14952907 24
14952923 1
14952989 4
14952997 495
14953051 1308
14953181 4
14953303 36
14953313 51
14953331 1
14953331 40
14953451 69
14953459 564
14953619 1
14953633 351
14953667 57
14953733 5448
14953739 21
14953751 1
14953753 1056
14953853 31
14953853 75
14953891 189
14953987 288
14954063 1
14954141 36
14954167 105
14954287 20
14954287 32
14954287 273
14954323 3632
14954419 684
14954449 4892
14954461 8
14954479 4584
14954479 5609
14954503 8
14954551 504
14954591 25
14954629 72
14954701 8
14954809 15
14954921 16
14954971 453
14955107 513
14955173 3
14955179 25
14955197 2448
14955341 15
14955467 9
14955517 2607
14955923 1788
14955943 56
14955953 223
14955961 15
14956031 1
14956057 44
14956057 180
14956093 63
14956129 36
14956171 6996
14956283 1
14956309 35
14956429 75
14956499 1
14956499 109
14956531 53
14956531 5124
14956541 3163
14956633 87
14956633 1863
14956657 980
14956673 123
14956679 9
14956681 4059
14956691 4
14956691 7393
14956723 96
14956783 8
14956811 1
14956813 3
14956829 160
14956847 24
14956883 385
14956979 1644
14956987 12
14957053 8
14957053 23
14957057 724
14957099 1096
14957101 564
14957177 7
14957177 148
14957317 212
14957329 84
14957329 8667
14957479 237
14957483 1
14957519 136
14957573 3907
14957737 99
14957893 548
14957947 5
14958241 108
14958253 48
14958341 15
14958373 1187
14958401 3
14958401 4
14958457 2747
14958469 207
14958479 1
14958479 9
14958479 12
14958659 8389
14958731 1
14958787 257
14958829 15
14958857 843
14958859 5
14958859 21
14958859 72
14958863 61
14958863 3796
14958869 4
14959003 5
14959003 152
14959013 3
14959079 1
14959079 1144
14959121 28
14959129 24
14959229 4
14959277 24
14959481 183
14959613 7
14959619 5736
14959697 3
14959709 4
14959733 3
14959741 3
14959781 3
14959799 1
14959799 3184
14959849 3324
14959873 3167
14959907 9
14959927 4884
14959937 3
14960131 89
14960249 160
14960293 8
14960293 32
14960329 5012
14960389 3699
14960479 1437
14960587 4205
14960597 2128
14960719 9
14960719 252
14960903 1
14960977 23
14961217 195
14961311 2688
14961367 5
14961391 633
14961467 432
14961469 12
14961613 3
14961613 395
14961631 45
14961637 1340
14961637 3024
14961689 4
14961719 4749
14961733 135
14961733 1112
14961757 140
14961773 652
14961787 128
14961787 4800
14961833 787
14961857 7
14961923 93
14961929 12
14962033 3951
14962037 75
14962147 17
14962169 12
14962201 255
14962201 1131
14962279 164
14962279 321
14962303 4128
14962313 100
14962331 1
14962331 328
14962369 1320
14962379 69
14962687 5
14962687 2684
14962721 3
14962721 3676
14962781 195
14962817 339
14962889 19
14962901 3
14962919 16
14962919 96
14962973 12
14962999 24
14963017 15
14963063 180
14963063 7252
14963141 4
14963161 4836
14963233 663
14963257 579
14963329 200
14963357 4
14963369 187
14963371 60
14963371 1056
14963413 2408
14963423 1
14963447 237
14963471 1
14963477 7
14963477 19
14963477 123
14963537 55
14963581 35
14963581 308
14963633 3
14963653 3
14963653 35
14963653 1583
14963671 3320
14963677 212
14963749 12
14963789 3091
14963881 48
14963891 2460
14963933 315
14963939 1
14964071 4
14964107 297
14964113 3
14964133 20
14964143 313
14964311 565
14964359 1
14964409 32
14964503 1
14964637 720
14964637 6015
14964749 15
14964839 889
14964857 3
14964857 15
14964893 2883
14964923 1
14964967 33
14964977 3
14964991 1409
14965031 1
14965039 2061
14965043 13
14965081 3
14965081 59
14965087 92
14965199 21
14965199 25
14965241 123
14965289 112
14965297 8
14965297 15
14965393 147
14965393 3600
14965471 321
14965477 20
14965493 292
14965507 65
14965583 105
14965603 872
14965637 1327
14965669 20
14965703 61
14965793 208
14965921 120
14965921 420
14965921 935
14965931 121
14965957 3
14965961 328
14966041 15
14966047 20
14966101 35
14966153 736
14966201 4
14966201 2595
14966201 4551
14966297 1495
14966317 4980
14966327 25
14966401 351
14966423 97
14966423 240
14966447 229
14966531 1
14966543 1
14966597 27
14966713 3
14966713 23
14966771 1
14966779 2445
14966797 1167
14966807 2589
14966849 679
14966867 348
14966983 5
14966993 556
14966999 157
14967011 3265
14967037 104
14967083 2313
14967133 8
14967163 1308
14967223 77
14967223 96
14967229 39
14967241 276
14967247 8
14967299 4
14967301 1499
14967349 1056
14967373 116
14967559 101
14967629 99
14967643 5
14967679 792
14967697 20
14967713 27
14967899 1
14967899 4
14968003 3012
14968049 144
14968049 3276
14968087 3012
14968169 15
14968169 1815
14968189 15
14968229 4
14968339 3176
14968463 1
14968463 385
14968507 44
14968621 56
14968703 301
14968763 1392
14968897 104
14968951 129
14968963 588
14969033 3
14969033 27
14969039 61
14969041 263
14969183 1
14969189 2355
14969189 5407
14969281 36
14969329 11
14969419 5441
14969443 257
14969467 24
14969483 1
14969491 8645
14969531 4
14969531 13
14969531 381
14969681 4275
14969723 132
14969729 1891
14969753 1227
14969753 5488
14969761 104
14969761 468
14969831 2508
14969861 7971
14969957 144
14970019 12
14970113 6520
14970139 1365
14970323 16
14970337 3
14970343 453
14970359 1
14970383 1
14970383 12
14970419 37
14970481 20
14970497 4
14970509 1299
14970517 23
14970577 3
14970589 4992
14970623 1473
14970629 6811
14970667 140
14970673 47
14970701 136
14970731 1
14970773 31
14970797 3
14970881 7024
14970899 1
14970937 3
14970941 3
14970973 11
14970973 636
14970973 980
14971001 48
14971013 471
14971079 4
14971133 52
14971139 1
14971139 460
14971139 1521
14971213 36
14971283 1
14971349 4
14971349 460
14971393 188
14971433 352
14971529 12
14971559 1
14971559 225
14971559 600
14971591 584
14971651 21
14971651 3740
14971681 2759
14971721 3
14971721 4
14971741 36
14971799 21
14971877 3
14971877 2503
14971973 220
14972003 1
14972099 1
14972099 489
14972147 3844
14972173 12
14972173 7260
14972351 4036
14972357 952
14972407 8
14972431 353
14972521 180
14972539 5
14972539 9
14972731 33
14972761 59
14972821 20
14972833 20
14972857 3063
14972911 1269
14972917 27
14972921 8803
14972963 1032
14973011 220
14973071 9813
14973137 5007
14973151 7493
14973187 1548
14973223 468
14973269 39
14973269 655
14973289 696
14973289 1179
14973461 1675
14973467 1669
14973523 368
14973611 1
14973611 24
14973619 1797
14973677 712
14973697 3
14973737 1075
14973757 12
14973757 132
14973809 171
14973839 409
14973839 549
14973929 120
14973977 4
14974087 372
14974117 8
14974123 681
14974163 13
14974163 697
14974231 9
14974283 172
14974507 6848
14974559 1
14974579 2492
14974601 2916
14974627 1997
14974657 279
14974699 1212
14974733 3
14974733 7
14974769 120
14974847 9
14974901 3
14974919 292
14974931 1
14975039 1
14975087 9
14975087 13
14975101 4811
14975171 9
14975239 21
14975341 3
14975423 1
14975437 32
14975549 4
14975581 344
14975593 11
14975593 2055
14975689 407
14975711 1
14975711 8313
14975717 64
14975791 5
14975791 29
14975797 3
14975801 55
14975809 6987
14975893 2136
14975899 5
14975899 341
14975969 6027
14975969 6652
14975993 51
14976001 35
14976061 128
14976067 600
14976079 12
14976103 132
14976149 2067
14976163 8
14976187 420
14976211 8
14976211 356
14976239 60
14976257 43
14976391 41
14976407 13
14976497 12
14976497 1464
14976571 9
14976593 1716
14976613 755
14976631 36
14976631 824
14976667 5
14976697 2304
14976707 24
14976707 1320
14976733 3
14976901 24
14976901 336
14977063 5
14977087 1065
14977103 1
14977139 120
14977199 3964
14977211 64
14977223 1
14977229 564
14977231 1620
14977273 27
14977283 1
14977511 13
14977517 3
14977553 60
14977597 1580
14977603 92
14977657 3
14977733 15
14977741 15
14977817 919
14977817 2907
14977877 4
14977877 15
14977877 84
14978111 1485
14978209 519
14978291 1
14978291 13
14978291 108
14978423 1
14978437 87
14978533 27
14978533 275
14978591 48
14978591 64
14978597 3
14978597 12
14978617 3
14978629 11
14978713 5756
14978741 2755
14978851 29
14978879 12
14978959 84
14978963 12
14978963 252
14978963 1032
14979047 13
14979059 1
14979059 61
14979103 20
14979113 892
14979199 60
14979247 5
14979253 3
14979311 1
14979319 36
14979359 16
14979407 52
14979421 564
14979449 4
14979521 103
14979571 45
14979583 5
14979593 12
14979641 783
14979677 19
14979721 776
14979751 2348
14979763 20
14979817 804
14979821 4
14979827 424
14979917 12
14979949 12
14980033 3
14980057 68
14980057 2304
14980117 588
14980139 1
14980139 196
14980177 524
14980241 79
14980249 92
14980271 1
14980283 216
14980333 240
14980363 8580
14980369 15
14980439 12
14980477 207
14980489 35
14980499 1
14980499 132
14980499 189
14980499 504
14980547 2977
14980649 171
14980697 3
14980717 704
14981009 19
14981111 1
14981143 8
14981143 932
14981179 65
14981227 4265
14981231 1
14981387 37
14981387 84
14981387 1212
14981389 11
14981423 1
14981509 75
14981537 84
14981537 123
14981543 16
14981611 1149
14981651 1668
14981957 4
14982007 24
14982029 171
14982109 315
14982211 9
14982263 1
14982263 121
14982293 3
14982323 28
14982367 4664
14982421 83
14982437 4
14982437 7
14982449 27
14982467 5277
14982481 3
14982481 468
14982503 1
14982509 12
14982713 3420
14982719 9
14982809 1416
14982839 16
14982871 2441
14982893 931
14982893 2863
14983063 5
14983091 9928
14983121 31
14983139 7324
14983151 16
14983183 1040
14983193 448
14983289 12
14983363 20
14983379 1
14983391 13
14983429 111
14983519 164
14983541 6783
14983561 24
14983561 8771
14983601 3
14983607 4
14983607 648
14983729 180
14983733 147
14983739 760
14983877 3
14983877 63
14983931 1
14983931 4
14983963 8
14983963 60
14984003 237
14984219 1
14984219 9657
14984261 3
14984261 63
14984279 4
14984303 1
14984303 36
14984351 556
14984527 48
14984537 3247
14984539 32
14984609 7
14984771 1
14984773 48
14984777 544
14984819 21
14984843 61
14984953 240
14984989 119
14984989 7551
14984999 1
14985017 3
14985023 1
14985097 8
14985097 1224
14985101 43
14985101 4203
14985127 17
14985163 485
14985181 191
14985181 5451
14985227 249
14985247 12
14985283 372
14985317 99
14985323 108
14985359 16
14985359 924
14985409 36
14985491 165
14985643 56
14985683 1113
14985781 155
14985827 145
14985829 11
14985829 15
14985829 564
14985847 8700
14985863 117
14985911 16
14985967 588
14985979 4920
14986171 285
14986229 15
14986277 4
14986291 20
14986331 25
14986331 801
14986339 1641
14986343 1
14986343 1545
14986721 55
14986787 268
14986859 1
14986871 1
14986897 3
14986897 395
14986943 12
14986957 5487
14986963 1005
14987051 1
14987051 120
14987051 2925
14987101 3
14987111 1
14987117 2244
14987123 7008
14987131 4365
14987201 984
14987209 27
14987213 7
14987299 12
14987299 17
14987339 364
14987351 261
14987471 1
14987543 12
14987617 12
14987617 20
14987723 1
14987767 533
14987857 3
14987857 732
14987933 3
14987933 16
14987989 36
14988089 144
14988121 7611
14988167 444
14988173 16
14988277 335
14988317 168
14988361 3
14988431 81
14988431 180
14988443 1
14988487 32
14988541 20
14988551 4
14988551 229
14988569 2067
14988569 2091
14988599 25
14988607 12
14988641 2131
14988719 4
14988761 735
14988767 829
14988769 1235
14988793 8
14988829 396
14988851 4384
14988899 1
14988913 1667
14988931 1389
14988943 812
14988943 8321
14988971 100
14988989 624
14989057 8
14989097 3
14989109 147
14989133 1155
14989171 513
14989171 2744
14989211 1708
14989217 6327
14989237 1467
14989283 1
14989297 275
14989319 1
14989349 355
14989379 1
14989459 17
14989459 1004
14989501 144
14989561 639
14989567 68
14989577 924
14989633 107
14989657 99
14989657 4824
14989811 88
14989811 109
14989853 36
14989853 3811
14989861 3
14989963 8
14989963 113
14989981 155
14989999 117
14990011 8
14990047 804
14990099 1
14990099 144
14990231 676
14990257 2067
14990279 60
14990293 3
14990293 11
14990299 645
14990309 39
14990429 279
14990483 37
14990539 5
14990581 11
14990581 2763
14990761 20
14990761 296
14990881 483
14990881 1395
14990903 1
14990903 3780
14991043 12
14991121 999
14991149 27
14991191 405
14991233 1131
14991271 21
14991271 53
14991271 6129
14991311 16
14991311 121
14991349 167
14991349 1064
14991349 2727
14991407 1893
14991419 4069
14991491 220
14991491 525
14991523 8
14991541 11
14991673 12
14991673 695
14991677 180
14991679 9
14991679 60
14991707 9
14991707 5989
14991749 12
14991793 12
14991829 27
14991871 44
14991913 276
14991953 207
14991973 3
14992039 9
14992111 9
14992157 3
14992157 27
14992259 1
14992261 1376
14992279 852
14992319 169
14992331 36
14992379 24
14992447 12
14992493 3
14992493 208
14992553 51
14992583 1
14992583 6505
14992633 6411
14992661 1159
14992697 15
14992721 331
14992777 8159
14992787 160
14992801 4799
14992811 4
14992823 1
14992823 616
14992823 2785
14992867 5
14992889 4
14992949 607
14992951 368
14993063 61
14993291 4
14993359 6524
14993393 1171
14993411 1
14993437 3
14993441 19
14993443 1400
14993477 228
14993483 1
14993593 3
14993593 276
14993651 196
14993663 3937
14993819 165
14993827 9
14993837 7
14993837 4512
14993873 3
14993921 451
14993933 67
14993939 2584
14993947 1245
14994013 635
14994029 4
14994167 24
14994181 3
14994209 75
14994251 1
14994313 3
14994407 37
14994443 1
14994449 895
14994491 9925
14994523 5
14994523 9360
14994587 204
14994619 2705
14994713 3
14994719 4
14994851 1
14994851 96
14994851 729
14994961 576
14995039 1824
14995159 32
14995163 1
14995283 36
14995363 60
14995399 29
14995399 845
14995417 164
14995417 1755
14995423 65
14995451 1
14995451 261
14995451 5296
14995469 16
14995573 15
14995621 7320
14995633 9363
14995663 8
14995663 3792
14995727 73
14995727 3520
14995787 1933
14995817 4
14995817 147
14995817 439
14995831 5
14995831 60
14995913 448
14995913 3180
14995951 461
14995999 32
14996087 9
14996129 16
14996131 164
14996221 20
14996237 3
14996237 24
14996239 9
14996273 468
14996291 4
14996291 24
14996321 183
14996369 4
14996587 452
14996647 5
14996801 1716
14996819 265
14996819 616
14997181 20
14997221 88
14997299 129
14997331 20
14997341 31
14997341 2796
14997421 84
14997457 120
14997509 6784
14997533 9108
14997539 177
14997551 9
14997607 713
14997659 4
14997673 372
14997701 3
14997737 24
14997743 1
14997803 1
14997803 192
14997847 924
14997937 1164
14998007 4
14998007 9
14998019 201
14998171 2228
14998177 8
14998177 27
14998211 1
14998259 12
14998289 4
14998309 779
14998427 49
14998427 109
14998427 285
14998447 764
14998463 93
14998631 1
14998723 21
14998769 1480
14998843 152
14998933 5183
14998979 36
14999011 101
14999123 1
14999161 36
14999167 8
14999167 72
14999183 1936
14999191 44
14999209 1031
14999279 1
14999353 11
14999353 287
14999359 45
14999447 13
14999459 69
14999471 136
14999471 324
14999587 5
14999587 4500
14999591 1776
14999653 11
14999693 27
14999693 36
14999711 2736
14999741 4
14999791 1560
14999861 31
14999917 15
14999917 92
14999969 192
14999981 4
