15000017 4
15000017 5328
15000053 7
15000157 8
15000203 21
15000203 225
15000257 12
15000257 84
15000299 9
15000389 64
15000457 300
15000521 9915
15000533 51
15000617 2572
15000779 21
15000877 3
15000911 64
15000913 3
15001043 1
15001057 420
15001081 15
15001139 1
15001141 15
15001141 140
15001159 636
15001183 5
15001201 5415
15001219 21
15001219 36
15001249 36
15001249 47
15001289 4
15001289 3144
15001291 9
15001373 28
15001409 3451
15001417 87
15001417 2580
15001421 568
15001447 20
15001487 33
15001487 49
15001549 11
15001559 1
15001579 825
15001813 12
15001813 15
15001897 5768
15001981 36
15001991 336
15002017 227
15002017 380
15002033 36
15002063 9360
15002069 39
15002069 4047
15002231 1
15002291 6900
15002297 420
15002321 4320
15002443 8
15002497 12
15002497 35
15002539 237
15002587 48
15002591 25
15002639 1
15002639 37
15002731 1905
15002753 103
15002777 79
15002803 12
15002833 1256
15002849 964
15003047 24
15003067 1232
15003091 29
15003091 4185
15003139 140
15003193 3
15003203 1
15003221 3
15003221 76
15003251 169
15003319 21
15003409 15
15003409 1047
15003419 7161
15003437 100
15003479 36
15003497 24
15003557 28
15003557 412
15003607 2477
15003619 764
15003631 20
15003671 1
15003713 3
15003719 24
15003757 8
15003761 60
15003773 1251
15003871 125
15003881 255
15004001 40
15004051 9
15004063 92
15004069 3212
15004097 7
15004127 13
15004133 420
15004219 624
15004331 1
15004439 1
15004439 21
15004447 732
15004477 395
15004519 105
15004541 3
15004541 16
15004543 608
15004631 45
15004673 12
15004673 48
15004739 924
15004793 243
15004849 240
15004877 40
15004949 1132
15004991 244
15005009 84
15005051 1
15005071 105
15005071 141
15005083 428
15005149 32
15005149 824
15005153 16
15005161 80
15005183 141
15005233 2591
15005251 3924
15005327 4
15005327 1912
15005327 4152
15005357 7
15005363 1
15005423 1
15005437 8
15005479 101
15005527 1428
15005531 1
15005531 181
15005561 31
15005579 9
15005579 664
15005629 1656
15005659 137
15005693 436
15005699 105
15005897 1744
15005957 172
15005981 360
15006037 3
15006209 16
15006239 25
15006247 729
15006247 5708
15006259 9
15006259 65
15006361 23
15006469 3111
15006491 4
15006499 5
15006611 9
15006617 3492
15006653 120
15006661 63
15006731 2488
15006737 7
15006737 180
15006769 359
15006841 11
15006863 1
15006863 6832
15006877 2508
15006899 1
15007103 1
15007177 27
15007381 380
15007381 464
15007439 1
15007453 3
15007501 59
15007507 77
15007543 17
15007633 7116
15007673 3
15007723 413
15007823 1
15007831 5
15007831 245
15007847 49
15007859 37
15007859 5892
15007901 103
15007963 237
15007963 521
15008023 9221
15008099 4
15008113 372
15008117 760
15008153 1183
15008171 4
15008177 15
15008249 675
15008327 112
15008387 484
15008417 3
15008561 60
15008561 531
15008579 1
15008711 1
15008753 15
15008753 3136
15008771 1404
15008827 153
15008843 40
15008953 8
15008957 7159
15009023 1
15009061 200
15009067 1685
15009077 3
15009083 1
15009119 1
15009149 12
15009149 1035
15009151 3105
15009173 3
15009209 24
15009287 24
15009299 4
15009361 3
15009437 27
15009437 28
15009503 1
15009503 6297
15009539 1
15009557 7
15009661 23
15009667 5
15009727 8
15009727 465
15009887 508
15009923 460
15009941 3
15009979 36
15009989 4
15010033 3
15010069 179
15010091 2469
15010217 124
15010273 8
15010277 28
15010279 21
15010379 132
15010379 1305
15010481 348
15010529 52
15010529 3027
15010561 1371
15010577 8488
15010631 1
15010637 28
15010663 536
15010669 219
15010757 619
15010837 3
15010861 36
15010871 604
15010883 1401
15010903 8
15010979 52
15011081 4
15011123 96
15011201 231
15011219 1
15011219 24
15011291 1
15011407 84
15011411 1
15011411 81
15011483 6825
15011489 16
15011497 8
15011497 84
15011671 41
15011681 24
15011693 7
15011723 1
15011723 13
15011741 55
15011921 1455
15011921 3324
15011981 4
15011999 1
15012061 9743
15012149 495
15012187 12
15012199 36
15012199 8996
15012331 24
15012331 368
15012407 169
15012407 565
15012443 1
15012443 12
15012521 36
15012521 288
15012563 153
15012617 7
15012703 2337
15012839 1
15012863 1
15012913 80
15012947 132
15013001 1719
15013003 5
15013049 4
15013079 100
15013109 871
15013139 16
15013153 336
15013373 15
15013403 1
15013403 100
15013423 8
15013451 369
15013483 513
15013489 659
15013507 77
15013679 1
15013709 4
15013721 91
15013763 1
15013879 72
15013879 7440
15013891 33
15013931 1
15013939 24
15014023 68
15014171 1
15014171 9
15014171 148
15014189 60
15014269 12
15014269 3819
15014371 8756
15014473 143
15014521 8
15014521 131
15014539 41
15014557 8
15014759 6441
15014777 5935
15014891 1021
15014899 1425
15014903 1
15014981 16
15015107 877
15015157 6228
15015163 45
15015179 1
15015181 3
15015277 3672
15015277 4263
15015349 419
15015349 4884
15015379 1856
15015401 9988
15015499 36
15015499 2177
15015523 3797
15015659 1
15015809 7
15015919 2277
15016019 1
15016019 4785
15016087 9
15016091 925
15016091 8701
15016129 11
15016129 87
15016129 939
15016271 1
15016271 796
15016349 12
15016357 3
15016357 2672
15016361 756
15016361 8671
15016367 4
15016439 4
15016481 31
15016481 2236
15016513 8
15016663 8297
15016711 20
15016711 2124
15016811 4
15016817 4539
15016823 12
15016823 2833
15016843 2696
15016877 147
15016879 621
15016957 92
15016979 1
15016979 24
15017077 84
15017131 45
15017131 744
15017203 68
15017209 35
15017251 5
15017377 3
15017441 484
15017537 3559
15017701 44
15017729 112
15017729 552
15017759 1
15017789 4
15017843 13
15018023 121
15018067 849
15018163 1076
15018187 8
15018187 6600
15018193 8475
15018221 7144
15018257 127
15018271 8
15018281 180
15018299 121
15018307 3633
15018323 1
15018323 136
15018323 1537
15018343 53
15018343 1236
15018349 656
15018503 21
15018503 52
15018583 12
15018673 11
15018691 129
15018743 265
15018763 32
15018791 1
15018859 1464
15018859 2520
15018917 3
15018917 2760
15018967 12
15019061 15
15019061 148
15019073 2215
15019163 97
15019267 57
15019307 84
15019327 9
15019327 425
15019351 8
15019351 129
15019379 25
15019429 15
15019601 2316
15019673 7
15019793 3
15019793 1867
15019831 1736
15019867 44
15019877 40
15019951 105
15019951 389
15019951 2460
15019973 3000
15019997 135
15020011 20
15020123 2028
15020143 3140
15020189 1807
15020237 4
15020249 1359
15020251 236
15020251 8556
15020273 28
15020413 228
15020429 91
15020429 127
15020443 12
15020471 528
15020491 4896
15020501 100
15020549 4
15020597 15
15020693 2215
15020693 6660
15020711 1
15020729 1200
15020729 2476
15020857 8
15020867 208
15020881 2480
15020893 36
15020893 527
15020921 3
15020947 5
15021007 9
15021103 461
15021119 1
15021119 544
15021131 1
15021157 128
15021173 3
15021173 3288
15021173 3607
15021173 8128
15021239 1
15021299 2632
15021359 201
15021437 4
15021497 1275
15021581 160
15021607 1532
15021689 2280
15021697 92
15021697 4743
15021707 9
15021719 1
15021751 185
15021751 249
15021791 1
15021827 528
15021883 1997
15022009 36
15022019 105
15022079 36
15022081 23
15022181 108
15022201 8
15022207 5
15022211 600
15022213 87
15022223 1
15022283 13
15022327 7725
15022363 12
15022363 41
15022463 433
15022463 2748
15022583 1
15022591 9524
15022619 7636
15022661 391
15022697 4
15022811 1
15022831 1944
15023081 3
15023081 1276
15023159 1
15023191 996
15023191 2816
15023279 1
15023317 9528
15023339 4
15023413 243
15023441 2896
15023441 5056
15023483 28
15023497 3
15023587 17
15023717 24
15023741 4
15023741 28
15023773 596
15023893 651
15023929 15
15023929 1820
15023947 204
15024011 1
15024029 52
15024091 1085
15024127 89
15024131 180
15024133 27
15024151 1056
15024241 48
15024263 1
15024263 3180
15024271 209
15024377 3
15024433 12
15024487 44
15024487 1865
15024557 4
15024637 12
15024643 5
15024689 12
15024733 11
15024899 1605
15024973 8
15025061 88
15025133 3
15025133 15
15025151 4
15025151 253
15025169 115
15025207 8
15025291 8
15025313 16
15025363 153
15025369 32
15025481 24
15025649 655
15025697 4
15025697 48
15025727 72
15025729 12
15025729 116
15025733 31
15025733 328
15025753 11
15025757 532
15025783 5
15025783 72
15025817 1183
15025823 268
15025883 12
15025891 5988
15025961 1311
15025981 8
15025981 923
15025993 3
15026021 19
15026047 585
15026149 255
15026171 1
15026171 141
15026197 3
15026327 169
15026327 2097
15026339 1
15026411 1
15026423 37
15026441 4
15026443 8
15026519 256
15026573 147
15026603 1
15026621 63
15026621 76
15026629 8684
15026717 3
15026717 12
15026717 1179
15026747 9
15026749 8900
15026833 111
15026911 149
15026987 177
15027011 1
15027059 6669
15027101 5499
15027149 52
15027149 192
15027149 339
15027179 1
15027251 1
15027379 17
15027433 32
15027433 4451
15027449 7
15027457 1944
15027491 4
15027491 369
15027629 12
15027709 6080
15027743 5092
15027811 60
15027823 353
15027863 16
15027953 3
15027977 48
15028103 1
15028103 961
15028121 144
15028121 6748
15028133 9643
15028151 1
15028171 473
15028219 21
15028231 21
15028241 1804
15028513 7367
15028523 1
15028619 1041
15028669 284
15028789 6152
15028813 8
15028823 1
15028883 1
15028963 36
15028963 41
15028991 1
15028999 1484
15029009 31
15029081 4
15029219 1
15029393 40
15029467 1833
15029491 6545
15029537 4
15029621 15
15029701 1668
15029753 523
15029809 11
15029831 1
15029951 1
15029953 7196
15029999 1
15029999 4
15030019 5
15030049 1515
15030089 159
15030179 81
15030181 5283
15030199 6861
15030233 15
15030233 2587
15030259 5
15030259 6177
15030299 109
15030317 1468
15030419 4
15030493 8
15030503 1
15030503 133
15030557 4
15030563 2517
15030721 3
15030793 131
15030823 20
15030833 3
15030857 3
15030857 4
15030863 1
15030863 328
15030889 27
15030947 6249
15031087 449
15031097 3
15031103 25
15031103 1725
15031231 5241
15031267 188
15031271 289
15031283 1
15031319 1
15031391 325
15031403 7581
15031463 1
15031501 960
15031579 920
15031619 1
15031699 176
15031739 1
15031739 81
15031771 9
15031787 9
15031909 32
15031937 60
15031979 1
15031979 16
15031981 23
15032141 88
15032159 4
15032243 1
15032341 3
15032341 756
15032377 2328
15032399 1
15032417 327
15032429 535
15032497 884
15032519 1
15032579 1
15032579 169
15032707 17
15032741 7423
15032783 4581
15032837 2479
15032851 48
15032891 9
15032891 4509
15032959 2060
15033013 92
15033071 105
15033241 15
15033341 7476
15033353 3
15033353 171
15033383 1
15033383 508
15033391 3089
15033439 5
15033517 95
15033563 1
15033587 4069
15033637 12
15033649 212
15033737 3
15033827 60
15033829 6020
15033829 8375
15033833 891
15033911 9
15033911 436
15033913 27
15033971 3204
15034027 60
15034049 120
15034211 9
15034231 48
15034289 136
15034289 8515
15034309 11
15034367 12
15034417 3
15034471 84
15034483 8213
15034531 20
15034553 232
15034559 1041
15034559 1069
15034583 1
15034897 800
15034937 183
15034979 1
15035017 120
15035063 16
15035063 145
15035113 623
15035161 15
15035231 61
15035323 53
15035407 2412
15035443 32
15035483 1
15035551 756
15035611 33
15035639 16
15035639 681
15035639 837
15035731 21
15035773 315
15035819 340
15035849 7
15035849 60
15035879 264
15035989 56
15036001 51
15036059 4884
15036101 1024
15036191 8740
15036199 189
15036251 1
15036251 45
15036397 4359
15036421 140
15036431 1
15036479 4
15036491 9
15036523 1488
15036547 60
15036559 29
15036583 416
15036589 12
15036601 23
15036611 1
15036617 819
15036629 751
15036719 556
15036727 132
15036739 281
15036793 900
15036803 1
15036863 321
15036869 3256
15036887 393
15036941 4
15036997 3
15037021 51
15037157 4
15037223 13
15037289 4
15037357 8
15037391 1056
15037403 25
15037427 1428
15037483 12
15037483 33
15037523 1
15037523 45
15037523 280
15037591 8
15037667 6393
15037727 549
15037733 12
15037769 5211
15037909 1179
15038039 429
15038039 2125
15038057 595
15038087 664
15038129 4
15038137 99
15038137 812
15038161 11
15038161 15
15038239 252
15038263 20
15038381 160
15038393 3
15038417 4
15038423 6201
15038447 829
15038531 4
15038533 12
15038609 12
15038651 1
15038663 573
15038707 3380
15038713 11
15038713 12
15038819 105
15038971 21
15038981 3
15039071 3349
15039083 52
15039179 1
15039179 3684
15039221 456
15039221 571
15039221 2175
15039257 55
15039377 292
15039461 39
15039473 96
15039481 123
15039511 8
15039523 245
15039547 137
15039589 140
15039709 51
15039737 100
15039763 21
15039767 13
15039851 16
15039877 8
15039877 443
15039901 3
15039931 5
15040063 41
15040097 4
15040111 2793
15040253 3
15040331 1
15040373 52
15040379 1
15040379 4
15040379 57
15040379 432
15040391 4
15040391 105
15040429 15
15040429 47
15040439 1
15040439 4
15040603 12
15040637 124
15040667 768
15040691 81
15040691 489
15040703 288
15040703 448
15040747 1388
15040943 97
15041003 720
15041083 5
15041113 12
15041239 17
15041251 161
15041291 133
15041339 4
15041353 56
15041381 4984
15041387 2397
15041531 516
15041569 95
15041639 1129
15041659 45
15041729 4
15041809 12
15041827 45
15041827 1337
15041921 76
15041951 285
15042043 120
15042047 72
15042077 15
15042101 600
15042101 1248
15042197 43
15042257 3
15042277 407
15042317 12
15042373 2972
15042571 5
15042617 39
15042689 31
15042779 25
15042919 312
15042971 1
15043013 787
15043097 3
15043121 39
15043139 297
15043211 9
15043279 12
15043279 932
15043331 1
15043411 120
15043411 921
15043493 3
15043493 276
15043529 4
15043529 1635
15043591 9
15043669 87
15043723 17
15043739 45
15043741 8
15043747 1740
15043757 4
15043829 5127
15043949 4
15043969 335
15043993 2571
15044087 45
15044101 3
15044221 2879
15044279 1
15044279 49
15044321 3
15044377 3
15044383 21
15044423 1
15044443 188
15044509 44
15044531 913
15044537 3
15044551 5889
15044651 9
15044683 5
15044749 260
15044761 24
15044819 72
15044849 51
15045031 233
15045139 3069
15045179 5085
15045209 112
15045299 21
15045341 3
15045343 17
15045619 36
15045623 445
15045661 131
15045677 7
15045683 1
15045707 1600
15045839 1
15045889 11
15045889 35
15045907 104
15045911 1
15045913 260
15045913 1755
15045923 1
15045923 120
15045923 1236
15046027 9
15046061 3
15046061 4
15046091 33
15046133 5920
15046177 420
15046217 12
15046231 44
15046247 28
15046307 12
15046313 232
15046387 5
15046511 1
15046511 24
15046567 32
15046597 692
15046699 2096
15046771 80
15046771 8285
15046799 141
15046799 264
15046799 6357
15046813 8
15046897 804
15046943 1
15046957 3
15046957 1940
15047009 7116
15047111 4
15047111 73
15047117 232
15047147 7572
15047189 4611
15047257 123
15047257 1703
15047273 1251
15047321 39
15047321 115
15047339 1
15047407 948
15047407 4149
15047477 43
15047477 52
15047489 15
15047521 323
15047561 3
15047561 36
15047609 5047
15047621 4
15047629 480
15047729 2011
15047759 1
15047827 80
15047843 1
15047843 457
15047969 124
15047969 3492
15047971 5
15048073 3
15048167 1357
15048191 1
15048221 3
15048301 8
15048479 9637
15048497 67
15048617 507
15048623 1
15048623 45
15048641 3
15048673 3
15048701 3
15048841 3824
15048863 16
15048907 24
15048907 185
15048967 69
15048983 1
15048991 1524
15048991 2640
15048991 5024
15049003 33
15049003 176
15049003 3756
15049003 9653
15049031 1
15049103 1753
15049171 5
15049211 1
15049241 15
15049271 13
15049427 5308
15049511 1
15049511 600
15049519 8460
15049547 7888
15049813 8
15049883 1585
15050029 824
15050081 196
15050179 704
15050213 432
15050359 17
15050363 2221
15050417 15
15050417 40
15050467 5073
15050479 41
15050663 1
15050663 6741
15050677 699
15050687 69
15050687 4320
15050753 8835
15050771 408
15050773 3
15050801 199
15050803 5
15050837 3
15050881 3
15050911 5
15050963 1
15050999 1
15051041 3
15051107 7813
15051191 1
15051229 24
15051241 4551
15051251 1
15051251 13
15051251 2176
15051259 41
15051331 60
15051353 16
15051383 2697
15051473 76
15051479 1
15051479 25
15051479 256
15051481 1148
15051521 319
15051541 20
15051599 12
15051671 4
15051671 229
15051917 12
15051917 103
15051977 12
15051977 27
15052027 6464
15052069 119
15052069 176
15052181 3
15052181 63
15052217 3
15052307 9
15052321 11
15052417 24
15052417 8919
15052507 20
15052507 833
15052553 636
15052621 3
15052621 51
15052621 1431
15052663 465
15052753 135
15052757 2547
15052777 320
15052859 16
15052981 51
15053107 6797
15053147 4
15053167 5
15053221 588
15053251 7301
15053287 5
15053287 173
15053287 2885
15053299 221
15053299 3452
15053303 1
15053323 57
15053369 559
15053429 300
15053443 6216
15053447 9
15053447 73
15053471 1
15053503 8220
15053513 748
15053593 32
15053593 71
15053617 3
15053617 180
15053651 1
15053713 3
15053737 132
15053743 312
15053777 3
15053957 7
15053957 507
15053977 2904
15053981 160
15054001 23
15054073 3
15054097 3
15054269 4695
15054341 168
15054349 11
15054419 1
15054433 192
15054433 611
15054493 15
15054493 128
15054511 5
15054563 1
15054587 73
15054659 492
15054661 51
15054661 1508
15054737 315
15054761 4
15054761 7728
15054827 33
15054943 816
15054997 12
15054997 15
15054997 5243
15055069 11
15055129 375
15055253 28
15055291 89
15055307 3568
15055361 180
15055373 3
15055457 15
15055477 27
15055477 128
15055519 909
15055531 8
15055531 288
15055549 6251
15055577 19
15055603 17
15055603 317
15055643 6432
15055759 341
15055813 432
15056011 4040
15056087 372
15056089 7496
15056179 189
15056183 1
15056207 33
15056311 113
15056333 192
15056567 4
15056593 3
15056603 1
15056609 4
15056641 1691
15056681 88
15056707 2352
15056803 248
15056831 1
15056869 816
15056903 1
15056981 4
15057001 15
15057011 1
15057083 1
15057311 13
15057313 7412
15057389 19
15057391 2156
15057403 437
15057457 239
15057457 2808
15057463 93
15057463 2480
15057613 8
15057689 31
15057727 45
15057727 1545
15057737 3
15057769 204
15057769 1956
15057827 13
15057851 481
15057857 4
15057859 4557
15057863 1
15058061 28
15058063 5
15058063 68
15058151 4
15058159 281
15058187 28
15058207 164
15058271 1
15058321 3
15058391 1
15058423 8
15058541 4
15058597 35
15058601 4
15058663 21
15058691 1
15058691 3565
15058699 3612
15058717 59
15058723 12
15058829 207
15058831 648
15058993 11
15059137 1128
15059141 276
15059173 2196
15059179 9176
15059203 1097
15059299 632
15059309 639
15059311 65
15059491 5
15059491 8
15059509 1991
15059543 105
15059689 3752
15059701 8
15059711 16
15059771 4285
15059879 1
15059921 48
15059969 7
15060029 1195
15060043 620
15060043 2633
15060043 2681
15060083 88
15060209 7
15060223 60
15060347 1768
15060361 1163
15060371 1
15060431 1
15060431 4
15060431 40
15060569 36
15060611 241
15060629 91
15060649 191
15060667 104
15060701 3220
15060719 85
15060869 2187
15060869 6916
15060911 21
15060953 55
15060967 1184
15061157 3
15061187 12
15061187 4780
15061199 1
15061199 9
15061289 4
15061393 3
15061523 1
15061537 47
15061549 2847
15061811 1161
15061829 72
15061829 7435
15061831 5
15061859 1
15061951 81
15061967 4
15061967 120
15061967 4060
15061973 7
15061973 172
15062009 9031
15062039 1
15062053 3
15062053 132
15062053 455
15062057 3
15062183 61
15062197 3
15062197 212
15062239 369
15062279 1
15062291 36
15062351 3820
15062353 4976
15062363 1
15062371 3648
15062371 5841
15062389 75
15062431 9
15062477 24
15062483 121
15062519 4
15062521 80
15062543 105
15062543 7236
15062647 168
15062651 48
15062659 17
15062659 857
15062743 65
15062909 19
15062911 44
15062947 200
15063073 15
15063131 904
15063163 21
15063197 4
15063259 5
15063379 24
15063379 36
15063481 3
15063487 624
15063491 1
15063527 4
15063527 13
15063533 67
15063553 203
15063611 513
15063611 3289
15063701 3
15063721 111
15063733 287
15063743 5316
15063761 31
15063793 143
15063959 1
15064067 525
15064151 285
15064163 1992
15064199 21
15064199 8040
15064223 1
15064271 1
15064271 948
15064421 7291
15064429 44
15064429 339
15064429 515
15064457 4
15064463 37
15064493 115
15064519 9
15064531 309
15064531 4488
15064537 6623
15064547 4
15064597 147
15064597 3675
15064639 149
15064727 12
15064727 1984
15064757 259
15064757 1539
15064789 1211
15064799 5184
15064831 173
15064849 212
15064859 1
15064901 4
15064919 4
15065021 3
15065021 1983
15065107 5
15065137 728
15065137 1764
15065147 724
15065251 3141
15065293 15
15065321 4
15065377 815
15065381 4
15065381 504
15065443 608
15065497 15
15065543 132
15065569 11
15065639 1
15065639 397
15065647 17
15065647 1577
15065663 1137
15065777 28
15065903 1
15065957 7
15066193 3
15066193 5120
15066277 179
15066281 295
15066313 4503
15066371 1
15066427 77
15066431 1
15066553 483
15066577 20
15066599 1
15066613 5172
15066781 44
15066923 1
15066923 148
15066941 55
15066941 75
15067021 3
15067021 23
15067069 231
15067097 1735
15067141 3
15067159 452
15067193 7
15067267 29
15067289 27
15067319 1
15067343 9592
15067357 8
15067463 52
15067477 3
15067477 1203
15067511 1
15067567 380
15067583 1137
15067681 651
15067681 1583
15067687 3732
15067699 9
15067699 20
15067823 328
15067873 92
15067979 4
15067999 260
15068029 15
15068029 1760
15068101 1083
15068161 51
15068177 1335
15068227 8
15068231 136
15068231 2224
15068237 480
15068257 468
15068329 12
15068351 1
15068351 144
15068411 16
15068531 4
15068531 469
15068549 1015
15068549 2376
15068593 11
15068593 216
15068593 3087
15068621 1068
15068621 3000
15068639 1
15068831 1
15068831 9
15068831 5356
15068869 15
15068983 413
15068993 3
15068993 28
15069011 1
15069023 16
15069079 1737
15069091 8
15069137 1987
15069149 31
15069149 2931
15069149 6939
15069167 1408
15069251 1269
15069251 1569
15069289 431
15069311 9201
15069389 867
15069403 12
15069443 1
15069541 896
15069541 2208
15069547 3840
15069581 91
15069581 1044
15069601 63
15069617 4
15069617 72
15069617 79
15069653 3
15069653 2455
15069683 1
15069779 1
15069851 16
15069893 7
15069911 40
15070067 525
15070199 1
15070199 12
15070217 60
15070229 19
15070271 1
15070283 1
15070337 3
15070361 15
15070379 37
15070487 4
15070577 72
15070577 5784
15070703 1
15070703 33
15070703 4132
15070733 48
15070747 7313
15070753 1151
15070763 72
15070831 8
15070831 7365
15070859 12
15070897 15
15070943 1
15070943 12
15070943 180
15070997 12
15070997 3279
15071051 1
15071083 7677
15071107 213
15071107 5244
15071153 15
15071183 1
15071219 1
15071341 15
15071341 6275
15071411 1
15071447 288
15071467 5
15071501 235
15071593 48
15071687 9
15071711 1
15071713 87
15071737 120
15071737 207
15071773 20
15071891 1
15071929 11
15071939 1
15071977 3
15072011 2061
15072037 3744
15072089 4
15072097 3
15072097 12
15072103 180
15072131 4420
15072203 1
15072229 24
15072271 8
15072287 3253
15072311 28
15072313 23
15072313 276
15072439 1221
15072443 12
15072593 31
15072593 40
15072611 9
15072641 3
15072641 63
15072689 879
15072737 4
15072839 1
15072943 381
15072979 81
15073031 1
15073031 5100
15073187 4
15073277 5764
15073309 15
15073439 4
15073447 4980
15073477 3
15073549 15
15073559 8556
15073637 3
15073637 27
15073711 24
15073739 664
15073801 8
15073811 36
15073813 111
15073831 5
15073831 33
15073853 7
15073873 152
15073913 12
15073963 9401
15073979 4861
15073999 129
15074099 1
15074161 255
15074233 23
15074233 260
15074299 9
15074369 76
15074369 456
15074483 1
15074489 7
15074567 4
15074567 24
15074641 539
15074641 719
15074743 48
15074743 1268
15074779 5
15074779 4376
15074831 328
15074879 1
15074881 3
15074893 356
15074953 12
15074963 88
15075013 3
15075043 6008
15075077 27
15075077 319
15075091 4053
15075101 9100
15075121 8
15075131 109
15075139 9
15075191 4
15075197 75
15075199 101
15075239 1
15075251 2664
15075287 4
15075301 5840
15075329 27
15075329 2275
15075433 3
15075433 8
15075647 1744
15075653 15
15075677 28
15075727 17
15075769 32
15075817 5000
15075829 4979
15075901 516
15076081 83
15076091 48
15076099 156
15076111 420
15076157 3
15076163 1
15076183 273
15076283 1
15076343 72
15076351 9
15076363 113
15076387 1388
15076499 180
15076601 15
15076609 2520
15076639 312
15076681 795
15076883 45
15076903 17
15076931 2349
15076939 5
15077017 2243
15077039 1
15077057 24
15077081 15
15077087 4
15077099 204
15077233 167
15077239 20
15077291 13
15077417 3
15077677 407
15077753 2688
15077819 1
15077899 1745
15077921 1480
15077977 447
15078013 351
15078103 3972
15078127 12
15078137 100
15078139 3852
15078209 16
15078233 3
15078299 60
15078313 27
15078379 77
15078433 3
15078433 1707
15078491 13
15078671 16
15078673 8
15078737 3
15078737 408
15078793 2531
15078797 15
15078839 12
15078851 1
15078979 12
15078979 41
15079013 31
15079013 171
15079033 131
15079213 548
15079231 9
15079231 3885
15079439 1
15079517 3
15079549 347
15079553 3
15079573 35
15079699 5
15079741 3015
15079811 60
15079849 11
15079849 1415
15079861 1388
15079873 3
15079991 4305
15080081 55
15080099 105
15080371 5
15080371 8
15080371 549
15080371 665
15080371 1508
15080393 16
15080447 52
15080449 27
15080557 3
15080599 2304
15080657 295
15080677 3
15080729 4215
15080753 3076
15080777 1959
15080837 67
15080977 23
15080993 43
15080999 4
15081013 3
15081019 72
15081103 5256
15081107 313
15081127 8
15081137 4
15081137 7
15081149 15
15081151 2424
15081197 4
15081197 24
15081217 3
15081223 17
15081223 161
15081401 3
15081511 3476
15081667 8
15081719 1
15081719 189
15081793 168
15081793 183
15081797 3
15081961 3
15082061 60
15082073 16
15082091 601
15082097 3
15082097 7
15082141 75
15082147 7749
15082153 6008
15082183 1241
15082201 419
15082267 29
15082267 824
15082357 1712
15082387 629
15082391 4
15082469 27
15082471 5
15082481 28
15082489 80
15082597 3
15082663 5
15082679 4
15082721 3496
15082801 3
15082853 556
15082861 1256
15082909 155
15082931 13
15083119 1032
15083141 3
15083249 4564
15083261 15
15083363 21
15083389 59
15083389 339
15083407 9
15083407 72
15083413 23
15083477 3
15083483 1
15083483 36
15083503 48
15083557 6308
15083609 7
15083609 1396
15083759 1501
15083759 5097
15083813 3
15083813 48
15083867 7768
15083869 39
15083977 24
15084029 375
15084059 1
15084059 7021
15084149 7044
15084239 4
15084241 2808
15084341 3
15084397 1115
15084473 3
15084473 1992
15084533 1512
15084599 69
15084599 7536
15084623 1
15084637 12
15084637 107
15084677 343
15084799 45
15084833 40
15084869 16
15084869 171
15084869 3892
15084887 12
15084911 1
15084919 44
15084919 300
15084997 68
15085039 5
15085087 9713
15085099 20
15085139 105
15085177 3
15085193 3
15085229 52
15085271 4
15085283 193
15085319 1
15085319 24
15085397 2155
15085463 1
15085463 33
15085471 8760
15085547 25
15085571 1
15085573 8415
15085633 3
15085667 4
15085699 5
15085729 92
15085793 3
15085879 81
15085879 980
15085891 725
15085979 192
15086117 4
15086179 17
15086179 20
15086311 125
15086371 828
15086419 5
15086419 3212
15086563 612
15086569 12
15086629 80
15086629 5292
15086707 192
15086723 13
15086723 9333
15086759 1
15086789 4
15086843 1
15086879 3121
15086909 75
15087001 3
15087119 12
15087179 1
15087179 69
15087187 53
15087239 9
15087263 4216
15087271 293
15087277 195
15087299 9
15087361 464
15087361 1919
15087409 312
15087433 12
15087433 215
15087451 60
15087469 132
15087487 5573
15087587 765
15087643 161
15087659 1
15087659 205
15087703 68
15087739 24
15087739 101
15087763 2853
15087851 1
15087899 12
15087929 12
15087967 5
15088019 1
15088019 457
15088049 51
15088079 84
15088079 1965
15088097 124
15088133 72
15088277 55
15088277 1863
15088319 4632
15088343 1
15088343 36
15088349 100
15088357 24
15088441 3
15088559 109
15088583 4105
15088597 44
15088607 192
15088627 300
15088651 1568
15088669 512
15088691 1
15088691 4
15088691 73
15088709 12
15088709 19
15088789 7172
15088813 1596
15088823 1
15088891 8
15088891 24
15088937 1395
15088999 237
15088999 357
15089057 3
15089057 3687
15089089 12
15089141 396
15089147 244
15089161 2571
15089161 5124
15089171 33
15089257 48
15089267 64
15089339 1
15089351 1
15089351 865
15089351 1536
15089453 487
15089479 9572
15089533 3300
15089537 4492
15089549 7
15089549 15
15089593 3255
15089651 88
15089707 488
15089719 7617
15089749 1179
15089827 1460
15089873 268
15089887 8
15090029 9340
15090059 1
15090077 4
15090137 3
15090157 20
15090181 204
15090227 12
15090247 32
15090247 312
15090293 6883
15090301 3
15090301 135
15090401 3
15090533 3
15090557 27
15090563 1
15090613 3
15090641 171
15090641 5308
15090671 4
15090809 51
15090841 360
15090847 60
15090877 24
15090919 177
15090983 1
15091001 3
15091009 2859
15091031 1
15091031 16
15091057 1232
15091081 2195
15091099 1877
15091129 15
15091229 51
15091333 96
15091619 120
15091651 120
15091673 736
15091679 1
15091751 28
15091751 145
15091789 287
15091873 1160
15091883 57
15091889 7
15091931 4
15091931 28
15091943 2116
15092003 16
15092113 12
15092113 807
15092171 1476
15092221 8
15092221 311
15092369 1515
15092449 84
15092453 12
15092459 1
15092459 337
15092461 9500
15092543 1
15092573 28
15092573 1987
15092579 1
15092579 61
15092591 2740
15092599 2132
15092653 3891
15092711 6804
15092747 45
15092813 7
15092843 81
15092851 21
15092873 6796
15092953 12
15093053 67
15093097 539
15093191 13
15093223 1517
15093461 2451
15093539 9
15093563 613
15093697 23
15093707 12
15093751 20
15093803 1
15093877 4667
15093917 3
15093919 209
15093959 1
15094031 25
15094063 5
15094087 32
15094091 1
15094091 193
15094091 3640
15094139 21
15094159 9284
15094171 8
15094199 1
15094207 60
15094217 3
15094217 960
15094271 4
15094291 36
15094327 117
15094357 3
15094399 441
15094579 6737
15094621 140
15094637 28
15094663 32
15094711 24
15094741 411
15094823 1
15094903 20
15094939 12
15094967 220
15094979 1
15094979 225
15094991 1
15095117 3
15095141 75
15095141 7351
15095387 33
15095387 1000
15095389 32
15095389 92
15095389 1416
15095389 5807
15095449 84
15095467 5928
15095471 9
15095471 8641
15095491 276
15095579 1
15095693 7
15095767 173
15095809 12
15095849 19
15095867 100
15095867 1504
15095891 1
15095891 129
15095933 3
15095939 1
15095939 3001
15096019 32
15096049 240
15096061 615
15096113 15
15096131 1
15096161 4
15096197 19
15096209 15
15096209 160
15096209 5376
15096293 27
15096313 372
15096329 4695
15096439 9
15096457 39
15096479 1
15096593 51
15096593 112
15096647 24
15096793 3
15096797 4804
15096863 228
15096899 1
15096923 1
15096923 45
15096923 1021
15096959 4
15096973 3348
15097051 429
15097079 60
15097129 11
15097151 1
15097189 4319
15097231 228
15097259 1
15097297 20
15097319 1
15097321 8
15097363 5
15097363 152
15097367 4
15097393 303
15097447 12
15097507 3009
15097519 20
15097583 1
15097597 12
15097613 3
15097631 2109
15097657 4832
15097829 4
15097829 7
15097877 543
15097889 7
15097889 1320
15097889 3732
15097891 380
15097919 1
15097991 1
15098093 88
15098173 12
15098231 4
15098273 7
15098351 1
15098351 168
15098351 8256
15098437 423
15098453 12
15098459 1
15098543 1
15098543 12
15098579 1
15098623 5916
15098653 68
15098723 1365
15098731 21
15098791 600
15098819 1
15098851 60
15098927 193
15098933 28
15098957 3
15098959 5
15098959 12
15098959 81
15098987 4
15099061 35
15099113 1611
15099127 140
15099211 3341
15099233 51
15099323 33
15099341 1956
15099353 7
15099397 1532
15099463 137
15099479 81
15099529 575
15099529 999
15099593 12
15099593 4135
15099599 645
15099611 1
15099659 16
15099671 1
15099839 1
15099943 57
15099971 69
15099979 9
15099979 24
15100027 504
15100171 29
15100229 999
15100291 5
15100291 3308
15100429 572
15100469 15
15100499 1
15100511 1
15100537 7712
15100559 129
15100571 301
15100577 295
15100807 8
15100823 73
15100829 1324
15100843 456
15100901 288
15100931 1
15101129 3067
15101171 9
15101297 4
15101357 472
15101477 547
15101479 221
15101479 645
15101497 6207
15101543 7417
15101677 44
15101707 17
15101707 32
15101717 183
15101761 159
15101803 165
15101843 85
15101939 1
15102071 1
15102077 88
15102107 1525
15102107 7024
15102151 8
15102281 3
15102343 81
15102449 12
15102541 8
15102547 1937
15102551 1
15102551 16
15102569 724
15102629 16
15102629 180
15102641 123
15102641 5088
15102653 3
15102733 3
15102811 833
15102889 59
15102947 4164
15102959 16
15102977 4
15103009 1800
15103031 1
15103057 23
15103133 175
15103163 1
15103267 248
15103307 4
15103337 1363
15103373 3
15103391 1
15103391 28
15103421 3
15103447 53
15103507 672
15103559 9
15103559 637
15103607 9
15103631 1
15103639 369
15103657 3
15103687 1052
15103723 21
15103723 197
15103741 3
15103771 320
15103787 48
15103813 120
15103819 5
15103859 1
15103859 25
15103927 1172
15104017 399
15104087 13
15104119 2837
15104189 3691
15104197 195
15104209 4704
15104291 108
15104329 15
15104497 8
15104513 2787
15104627 169
15104701 455
15104701 944
15104717 232
15104731 456
15104801 4128
15104819 8541
15104821 6479
15104849 4
15104861 3
15104899 5
15104899 24
15104923 32
15104953 215
15104963 2001
15105023 12
15105031 1020
15105073 176
15105119 1
15105187 72
15105199 585
15105263 1
15105289 1284
15105383 13
15105403 665
15105403 840
15105407 52
15105421 35
15105421 63
15105439 5
15105443 45
15105449 676
15105499 5
15105523 5
15105529 8132
15105539 1
15105553 8
15105553 792
15105577 3
15105653 12
15105677 27
15105683 1
15105743 1
15105743 88
15105787 5
15105823 32
15105913 32
15105967 69
15105967 120
15105977 3
15105977 4
15105977 267
15106019 237
15106033 27
15106051 44
15106061 24
15106061 535
15106097 75
15106139 12
15106139 184
15106199 361
15106211 1
15106211 3456
15106229 339
15106363 12
15106391 1
15106513 216
15106513 615
15106571 1
15106601 16
15106633 12
15106667 13
15106807 144
15106939 201
15106943 196
15106969 1596
15107039 12
15107123 6513
15107177 4
15107179 9
15107179 6956
15107207 112
15107219 1
15107317 92
15107357 304
15107357 460
15107357 855
15107357 1675
15107537 255
15107647 872
15107693 451
15107699 36
15107773 11
15107783 561
15107891 96
15107891 1609
15108167 4
15108169 1259
15108227 9
15108283 8
15108311 1
15108311 33
15108343 2937
15108397 2679
15108413 228
15108481 135
15108487 4032
15108547 57
15108593 72
15108649 135
15108683 2953
15108689 39
15108757 8
15108791 64
15108799 101
15108799 1161
15108859 4424
15108881 331
15108943 96
15108983 36
15109007 1608
15109057 5759
15109093 1092
15109201 3
15109201 8
15109247 13
15109291 41
15109327 300
15109397 63
15109433 640
15109453 8
15109477 6935
15109537 8
15109669 56
15109697 3648
15109709 5551
15109729 27
15109751 45
15109751 1489
15109763 2557
15109789 95
15109789 951
15109793 951
15109931 40
15109943 1
15109943 273
15109973 15
15109973 96
15110003 1
15110087 645
15110191 21
15110321 4
15110413 3651
15110527 1044
15110539 20
15110539 2685
15110573 7
15110633 3880
15110651 81
15110659 4109
15110663 160
15110723 1
15110723 13
15110761 8
15110783 4413
15110803 93
15110813 3
15110831 1
15110969 27
15110969 2539
15111067 33
15111101 3
15111101 5176
15111127 5
15111197 192
15111263 13
15111287 13
15111389 27
15111401 4
15111541 260
15111557 12
15111557 19
15111563 253
15111661 1671
15111671 4
15111779 1
15111779 5217
15111781 8
15111797 127
15112033 87
15112033 143
15112037 115
15112037 2263
15112039 140
15112063 5093
15112199 1360
15112199 2320
15112247 4
15112249 1320
15112271 13
15112271 3736
15112417 84
15112481 3
15112519 9
15112547 9
15112571 1404
15112681 360
15112703 1
15112753 20
15112807 1172
15112807 1580
15112927 8
15112967 57
15112997 4284
15113009 136
15113011 45
15113011 2564
15113069 199
15113069 1692
15113141 4
15113141 36
15113183 1
15113201 1179
15113207 273
15113207 1605
15113269 171
15113309 240
15113309 2167
15113317 3528
15113377 3
15113419 12
15113431 6825
15113443 57
15113443 153
15113467 77
15113491 924
15113509 4236
15113897 39
15113929 239
15113963 81
15113999 1
15114053 340
15114083 1
15114103 12
15114137 48
15114269 127
15114277 3
15114277 1808
15114299 1
15114299 4
15114301 399
15114419 12
15114419 1704
15114461 4
15114461 40
15114497 3
15114503 1
15114521 55
15114521 331
15114553 3
15114643 5
15114791 1
15114817 3
15114821 15
15114857 3
15114901 11
15114929 31
15114947 13
15114971 1
15115039 24
15115043 28
15115049 7
15115099 4656
15115237 47
15115381 5496
15115391 381
15115411 3024
15115417 107
15115433 7
15115447 173
15115487 9793
15115571 16
15115579 381
15115637 48
15115733 2860
15115871 1
15115957 3
15116021 3
15116029 332
15116063 40
15116069 4
15116159 24
15116161 11
15116173 671
15116293 3
15116293 32
15116303 21
15116333 2956
15116441 1860
15116477 1032
15116527 257
15116653 20
15116753 795
15116753 963
15116753 1168
15116821 8
15116821 636
15116833 3
15116833 191
15116851 65
15117013 135
15117041 259
15117041 568
15117041 3159
15117083 21
15117133 408
15117197 3
15117251 4
15117251 9
15117307 8
15117337 5015
15117379 665
15117383 1
15117383 117
15117383 232
15117419 1
15117419 1176
15117493 3
15117493 3732
15117551 1
15117551 3648
15117611 1
15117611 2761
15117631 45
15117637 39
15117649 3567
15117659 24
15117721 24
15117797 3
15117797 7
15117797 28
15117919 12
15117937 135
15117997 3
15118003 816
15118039 5
15118039 12
15118043 7476
15118109 72
15118123 56
15118133 3
15118177 3032
15118249 215
15118273 3
15118283 1
15118307 13
15118379 4
15118447 5
15118451 1
15118553 135
15118591 413
15118633 3
15118639 5
15118673 9615
15118771 236
15118771 429
15118837 23
15118871 1
15118879 1764
15118907 9
15118907 1629
15118919 124
15119213 16
15119243 1
15119339 1
15119539 5
15119659 3056
15119707 144
15119737 143
15119761 3
15120023 385
15120071 1
15120137 192
15120137 415
15120187 5004
15120251 1
15120251 3073
15120289 891
15120337 39
15120353 3
15120377 3
15120421 23
15120451 20
15120541 1868
15120607 80
15120733 3
15120779 24
15120779 276
15120817 183
15120823 60
15120823 953
15120881 3
15120949 627
15120991 80
15120997 359
15121003 165
15121103 1
15121111 5
15121111 9996
15121201 15
15121213 27
15121307 4
15121391 1
15121391 4
15121391 4369
15121433 700
15121531 608
15121543 1220
15121543 4881
15121577 7
15121591 56
15121703 1
15121783 168
15121817 4
15121819 5
15122089 12
15122143 216
15122179 261
15122189 7
15122207 4
15122213 12
15122273 127
15122353 8
15122407 6252
15122413 456
15122483 1
15122483 73
15122507 84
15122521 7068
15122533 3
15122561 3
15122617 20
15122633 100
15122687 12
15122749 11
15122759 1
15122777 24
15122819 4192
15122957 3
15122999 9
15123011 1
15123041 4
15123089 7
15123209 139
15123209 9256
15123253 11
15123253 8135
15123299 1
15123371 1
15123371 9
15123371 16
15123419 5985
15123463 140
15123469 231
15123469 1815
15123527 349
15123607 8772
15123671 24
15123743 456
15123751 348
15123763 137
15123893 376
15123893 6040
15123929 1080
15123961 3
15123961 4976
15124061 28
15124061 43
15124091 1480
15124093 143
15124097 3
15124139 1
15124139 4
15124217 6367
15124229 1191
15124309 1040
15124331 820
15124397 4
15124397 15
15124511 48
15124561 1764
15124579 5192
15124661 3540
15124661 4095
15124721 4
15124727 4
15124751 1
15124801 2016
15124819 12
15124819 4209
15124843 5
15124861 756
15125041 315
15125057 199
15125137 1323
15125141 1671
15125203 245
15125249 456
15125371 65
15125471 1
15125471 4
15125471 16
15125479 104
15125543 1
15125581 11
15125599 9
15125753 1140
15125813 3
15125813 7
15125813 60
15125839 137
15125839 4604
15125879 1
15125879 69
15125899 84
15125921 15
15126113 511
15126161 5388
15126179 1
15126227 12
15126323 1
15126329 4096
15126383 76
15126383 7761
15126421 60
15126427 384
15126437 2448
15126509 1156
15126541 248
15126557 3
15126577 8
15126607 12
15126611 4
15126649 12
15126653 411
15126757 3
15126799 689
15126803 225
15126817 3
15126851 1
15126863 33
15126883 32
15126883 8012
15126929 135
15126941 340
15127003 1340
15127061 3
15127061 5683
15127087 5
15127087 33
15127103 1
15127103 472
15127139 6736
15127153 51
15127243 5
15127253 96
15127379 21
15127397 67
15127513 3
15127547 6204
15127621 60
15127621 131
15127661 3
15127687 5
15127687 29
15127733 3
15127751 1
15127751 4
15127831 9729
15127877 3
15127891 21
15127891 53
15127927 77
15127963 72
15128017 8
15128059 29
15128077 12
15128129 16
15128137 3
15128189 15
15128299 2264
15128339 1
15128357 79
15128359 1217
15128471 1
15128473 3
15128551 33
15128611 6936
15128669 6276
15128717 379
15128717 403
15128719 296
15128761 3
15128803 53
15128809 7611
15128857 27
15128881 1271
15128933 1135
15129029 7
15129043 41
15129071 1
15129089 5707
15129223 180
15129241 99
15129277 8
15129299 501
15129313 95
15129349 336
15129419 12
15129449 124
15129563 1
15129599 4
15129613 8
15129623 180
15129743 12
15129811 5
15129827 444
15129893 87
15129913 20
15130043 48
15130097 7
15130163 1
15130229 31
15130261 23
15130393 3
15130393 252
15130411 3180
15130421 40
15130439 36
15130463 1
15130463 160
15130667 3229
15130729 12
15130729 39
15130729 3956
15130741 3243
15130747 2205
15130771 8
15130789 1899
15130919 1
15130919 69
15130967 60
15131041 59
15131101 20
15131159 537
15131183 372
15131293 3
15131327 597
15131351 9
15131351 148
15131357 115
15131387 33
15131461 56
15131521 119
15131527 12
15131531 364
15131563 5
15131621 4
15131651 928
15131651 4225
15131663 1461
15131729 8464
15131783 1
15131797 3
15131797 20
15131803 7452
15131863 5
15131933 1267
15131983 21
15132079 485
15132101 7411
15132119 1
15132119 9
15132119 616
15132121 228
15132217 3
15132263 601
15132277 3
15132289 176
15132289 387
15132307 77
15132319 5
15132373 5843
15132391 9140
15132463 80
15132463 228
15132541 3
15132563 1
15132587 1005
15132599 1
15132599 72
15132599 444
15132599 6492
15132661 8
15132671 1
15132749 31
15132853 12
15132857 15
15132881 4
15132967 629
15133031 1
15133163 576
15133211 85
15133361 4
15133361 5620
15133439 1
15133511 1
15133511 4
15133619 1
15133619 3060
15133691 1
15133771 21
15133787 792
15133813 3
15133831 1281
15133891 5
15133949 4
15133949 139
15133949 6147
15133967 2209
15134101 380
15134113 2675
15134123 313
15134159 321
15134239 4517
15134243 1
15134281 135
15134347 5
15134351 109
15134419 8489
15134569 35
15134599 5
15134653 288
15134657 3
15134761 468
15134761 1884
15134783 1
15134783 141
15134891 1
15134909 7
15134909 12
15135047 85
15135143 7237
15135167 1644
15135203 481
15135227 4
15135433 6296
15135469 47
15135487 9
15135521 223
15135611 240
15135619 624
15135667 12
15135671 1
15135749 652
15135779 76
15135811 5
15135877 3635
15135917 3
15135931 20
15135973 4167
15136019 4
15136049 31
15136073 27
15136193 492
15136223 1
15136259 1
15136271 76
15136271 240
15136291 729
15136349 15
15136423 68
15136531 8
15136531 9945
15136607 865
15136609 524
15136619 1
15136619 12
15136621 60
15136643 3613
15136651 5
15136757 259
15136763 1
15136789 72
15136799 1
15136837 1395
15136873 3
15136907 480
15136931 4464
15136973 7
15136991 4
15137009 6592
15137081 4
15137093 243
15137201 3
15137231 21
15137273 4348
15137399 1
15137411 4
15137537 27
15137539 849
15137539 2156
15137539 5372
15137567 189
15137669 36
15137693 3
15137711 1
15137767 569
15137831 433
15137831 9960
15137861 156
15137869 5951
15137891 421
15137891 1164
15137957 4
15138023 1
15138031 9
15138031 41
15138091 3456
15138239 1
15138239 24
15138241 80
15138259 501
15138293 2976
15138353 36
15138457 12
15138457 20
15138581 520
15138593 208
15138677 247
15138863 1
15138941 3960
15139121 3
15139151 385
15139171 8148
15139273 1728
15139273 3887
15139273 3972
15139301 2620
15139321 123
15139331 1
15139343 1
15139511 8101
15139679 4
15139679 1437
15139699 12
15139763 1
15139763 13
15139847 25
15139963 17
15139963 7140
15139973 15
15140077 48
15140101 495
15140137 2168
15140201 51
15140243 1
15140287 12
15140299 5
15140519 1
15140689 7296
15140717 4
15140837 6775
15140869 191
15140959 132
15141083 513
15141121 11
15141187 12
15141239 2056
15141241 35
15141283 521
15141323 1
15141323 825
15141391 4608
15141487 305
15141557 12
15141569 60
15141667 104
15141691 108
15141743 12
15141787 32
15141839 1
15141839 45
15141859 432
15141881 16
15141881 43
15141961 3
15141967 8
15142013 12
15142013 6276
15142097 3
15142273 8
15142277 600
15142307 13
15142381 20
15142429 131
15142613 3
15142661 2620
15142709 7
15142781 163
15142781 180
15142877 27
15142909 59
15142921 60
15142969 632
15142987 33
15143033 927
15143041 3351
15143143 221
15143201 6811
15143203 332
15143257 1068
15143257 4367
15143329 836
15143333 4623
15143351 880
15143417 4
15143419 96
15143419 261
15143497 6224
15143501 216
15143533 20
15143533 56
15143533 728
15143759 9
15143819 1
15143819 4
15143881 11
15143927 1749
15144001 648
15144067 20
15144149 264
15144191 21
15144307 380
15144323 1
15144341 5908
15144401 216
15144403 5
15144403 65
15144407 7669
15144427 9
15144449 427
15144791 1
15144817 2723
15144817 5228
15144839 1860
15144889 476
15144893 60
15144917 2863
15144923 12
15144929 7
15144973 3
15144973 231
15145027 44
15145103 5865
15145199 16
15145199 1357
15145211 2245
15145217 3
15145217 1939
15145357 767
15145357 3468
15145379 4
15145379 12
15145379 285
15145379 3564
15145379 9004
15145399 3336
15145447 4505
15145531 8
15145531 41
15145561 1271
15145561 3680
15145789 167
15145817 28
15145853 31
15146003 57
15146017 407
15146041 23
15146051 1
15146051 16
15146101 4416
15146107 233
15146137 3
15146137 1164
15146141 3199
15146177 4
15146177 9088
15146227 525
15146231 1
15146347 1332
15146387 628
15146503 3473
15146519 4
15146557 132
15146563 1056
15146567 1089
15146639 1
15146699 1
15146699 4
15146723 3885
15146771 4
15146783 1
15146797 683
15146863 56
15147007 2825
15147053 120
15147053 595
15147217 572
15147227 28
15147233 2467
15147257 639
15147383 360
15147397 20
15147497 7
15147551 1
15147577 72
15147619 12
15147619 389
15147733 3
15147851 1
15147929 7
15147941 4
15147943 5
15147943 276
15148129 507
15148163 340
15148223 12
15148223 93
15148277 7
15148277 28
15148277 592
15148279 6369
15148333 3
15148333 2111
15148379 1
15148387 17
15148387 105
15148409 1375
15148451 13
15148543 212
15148583 1
15148583 25
15148597 3
15148657 828
15148841 2755
15148879 45
15148907 3817
15148919 8925
15148981 11
15148999 957
15149041 3
15149041 783
15149053 1451
15149081 3
15149083 116
15149191 1388
15149207 193
15149209 20
15149209 351
15149257 39
15149389 11
15149413 2436
15149413 5231
15149447 1972
15149531 1
15149551 9
15149587 704
15149611 449
15149627 13
15149647 6929
15149657 180
15149677 23
15149677 668
15149699 657
15149711 13
15149779 21
15149867 768
15149969 492
15149999 1
15150059 1
15150071 1
15150071 36
15150119 1152
15150251 1
15150269 1644
15150313 4928
15150313 5423
15150371 508
15150503 625
15150517 2327
15150563 1
15150589 80
15150593 472
15150601 63
15150623 1
15150623 165
15150623 1393
15150683 1
15150683 136
15150683 568
15150683 1716
15150691 441
15150727 45
15150743 897
15150803 28
15150823 9908
15151027 185
15151117 32
15151127 1777
15151177 1604
15151217 3
15151229 196
15151309 3615
15151361 4
15151361 1384
15151373 7
15151373 316
15151373 4560
15151469 3351
15151561 35
15151561 140
15151579 2361
15151589 372
15151603 5
15151637 679
15151639 656
15151679 1
15151727 73
15151771 21
15151957 1364
15151979 21
15152029 467
15152119 465
15152131 69
15152131 1976
15152183 1
15152191 480
15152261 36
15152281 8979
15152303 1
15152303 517
15152311 5
15152359 5
15152549 4947
15152567 4
15152581 20
15152693 7
15152723 1
15152741 4
15152741 24
15152759 496
15152843 1
15152843 192
15152909 4
15152953 6923
15152959 17
15152959 1364
15152989 2184
15152999 120
15152999 456
15153023 1
15153107 37
15153161 4
15153221 96
15153247 8
15153247 44
15153263 313
15153331 105
15153349 552
15153377 1000
15153401 291
15153401 715
15153473 3
15153499 32
15153521 15
15153521 468
15153563 1
15153569 4
15153629 511
15153679 356
15153727 377
15153821 4
15153821 40
15153847 368
15153913 3
15153959 4005
15153977 3
15154031 9
15154099 9
15154121 195
15154151 1
15154151 141
15154241 628
15154283 1180
15154409 12
15154417 12
15154421 15
15154427 225
15154459 6684
15154471 24
15154471 300
15154507 44
15154507 80
15154523 2425
15154547 9313
15154637 4
15154637 72
15154639 1820
15154687 6252
15154757 135
15154787 84
15154801 119
15154801 123
15154801 171
15154823 12
15154943 1
15154957 3
15154981 99
15155003 13
15155069 412
15155099 1
15155167 128
15155323 5
15155383 68
15155401 3
15155471 165
15155531 1
15155537 144
15155549 1476
15155593 48
15155593 8652
15155627 4537
15155759 936
15155809 2067
15155813 7
15155837 12
15155839 5001
15156047 4
15156073 7536
15156181 3
15156191 1
15156223 5
15156223 3381
15156247 188
15156353 1212
15156391 2189
15156403 5
15156413 3
15156431 33
15156499 264
15156499 369
15156587 124
15156637 212
15156649 144
15156689 27
15156787 204
15156811 104
15156863 1
15156949 20
15156989 259
15157033 11
15157073 88
15157139 1
15157237 339
15157291 9
15157297 32
15157297 840
15157321 200
15157409 796
15157423 8
15157451 4
15157451 105
15157469 12
15157553 3
15157567 209
15157589 259
15157643 133
15157643 201
15157643 3501
15157663 33
15157699 189
15157733 4456
15157787 3264
15157837 128
15157837 743
15157913 180
15157963 4256
15158063 1
15158161 395
15158183 1
15158243 1156
15158249 891
15158251 9369
15158293 180
15158323 308
15158327 45
15158327 612
15158443 5
15158443 8
15158443 56
15158459 9
15158501 15
15158537 67
15158557 27
15158603 1
15158617 35
15158617 155
15158699 16
15158699 84
15158711 208
15158761 476
15158761 720
15158777 19
15158791 180
15158809 5079
15158881 2063
15158939 1
15158939 61
15158981 3
15158987 1009
15158999 1
15159043 68
15159071 1
15159119 360
15159241 3096
15159247 360
15159259 1724
15159457 1743
15159491 1
15159491 9
15159503 1572
15159517 23
15159541 84
15159569 151
15159667 57
15159667 4464
15159731 1
15159731 885
15159841 243
15159877 5255
15159919 1001
15160007 2292
15160097 79
15160099 41
15160099 4976
15160111 8
15160153 8
15160153 2247
15160183 21
15160207 1308
15160217 1695
15160241 3
15160241 7428
15160331 1
15160331 4
15160331 793
15160373 8695
15160477 108
15160507 20
15160511 1
15160511 1024
15160517 103
15160573 15
15160573 7863
15160589 19
15160589 244
15160637 4
15160669 147
15160681 3
15160799 517
15160867 884
15160867 6224
15160877 3
15160877 19
15160913 1447
15160927 24
15160967 84
15161089 87
15161177 4
15161177 63
15161207 24
15161227 1388
15161243 21
15161243 1156
15161303 480
15161351 1
15161353 455
15161441 8019
15161483 1
15161533 80
15161609 7984
15161617 8
15161689 299
15161689 864
15161767 393
15161819 4
15161863 4212
15161903 1
15161933 31
15161947 9
15161989 219
15162139 5
15162163 4892
15162241 2975
15162289 11
15162289 300
15162377 6832
15162383 1240
15162397 159
15162421 11
15162421 20
15162443 1
15162461 5179
15162533 76
15162559 17
15162839 1
15162899 364
15163009 27
15163009 75
15163063 17
15163079 417
15163111 69
15163139 4
15163151 649
15163171 29
15163193 51
15163193 207
15163223 1
15163223 3708
15163301 3
15163307 4
15163333 123
15163361 3
15163397 15
15163397 144
15163397 2688
15163403 1420
15163409 7080
15163429 12
15163483 125
15163517 24
15163537 3
15163559 1
15163559 4981
15163559 8841
15163573 8
15163667 3529
15163669 39
15163699 4652
15163787 108
15163861 180
15163943 1
15163979 4536
15164011 29
15164041 3416
15164069 7
15164081 295
15164263 716
15164293 3
15164293 660
15164309 36
15164309 211
15164321 75
15164327 24
15164341 80
15164341 1236
15164371 165
15164389 356
15164467 84
15164497 228
15164533 960
15164533 7647
15164551 69
15164551 588
15164749 5352
15165011 165
15165023 681
15165041 3
15165131 4
15165191 1
15165229 35
15165263 1
15165331 36
15165539 1
15165539 45
15165593 3
15165593 7
15165599 1
15165653 111
15165673 1487
15165719 1
15165721 3
15165779 37
15165793 327
15165793 572
15165803 385
15165847 8
15165847 332
15165883 636
15165929 51
15166033 95
15166087 93
15166163 1
15166163 120
15166169 15
15166181 3
15166243 33
15166271 16
15166271 1296
15166303 441
15166339 6960
15166531 24
15166583 1
15166631 4
15166649 16
15166667 4
15166741 11
15166783 8
15166799 52
15166817 27
15166829 1636
15166889 3856
15166939 417
15166969 12
15167021 99
15167123 1
15167129 12
15167147 493
15167309 447
15167371 2505
15167423 1
15167423 4996
15167461 44
15167507 85
15167507 9504
15167549 4
15167641 3
15167653 3
15167759 1
15167759 357
15167759 936
15167767 20
15167807 33
15167843 1
15167903 13
15167989 39
15168053 7
15168071 4
15168071 2388
15168119 1
15168163 77
15168259 21
15168311 1
15168311 148
15168313 155
15168337 8
15168371 1
15168611 33
15168619 357
15168677 12
15168689 1891
15168823 456
15168833 96
15168847 12
15168851 13
15168917 7
15168941 123
15168991 5
15168991 1884
15169019 21
15169031 364
15169127 37
15169339 77
15169369 15
15169433 3
15169471 101
15169471 2513
15169513 3
15169513 456
15169529 4
15169573 323
15169603 8
15169603 488
15169621 3
15169699 29
15169723 8
15169753 7472
15169807 20
15169859 1
15169867 149
15169919 25
15169997 3
15169997 3540
15170017 359
15170033 3
15170083 17
15170083 321
15170117 688
15170131 9
15170173 2247
15170279 1
15170339 9
15170381 16
15170387 4
15170401 11
15170401 2120
15170483 13
15170549 4
15170549 79
15170591 1
15170591 16
15170621 5479
15170627 3717
15170633 172
15170671 120
15170671 504
15170737 23
15170821 23
15170867 2553
15170867 3832
15170927 109
15170957 4
15171119 57
15171119 229
15171173 40
15171203 1
15171203 13
15171227 33
15171301 6951
15171313 95
15171313 723
15171419 1
15171427 129
15171451 20
15171539 12
15171593 3
15171677 207
15171677 8668
15171683 76
15171847 5
15171889 119
15171889 4304
15171931 600
15171967 2613
15171967 8652
15171979 29
15171983 1
15172039 89
15172063 2360
15172081 111
15172181 3
15172253 2671
15172303 21
15172343 1
15172411 213
15172441 596
15172511 1
15172511 205
15172559 2952
15172579 1169
15172601 19
15172601 951
15172669 207
15172693 3
15172693 1956
15172739 1
15172741 84
15172783 5
15172793 15
15173159 12
15173189 9571
15173273 8412
15173329 735
15173341 1560
15173407 5420
15173429 4
15173437 12
15173437 6159
15173549 532
15173581 3240
15173597 12
15173617 884
15173681 144
15173759 1
15173791 1104
15173801 240
15173819 25
15173831 1
15173831 148
15173867 2272
15173957 55
15173957 2347
15173957 4947
15173987 25
15174067 12
15174161 171
15174193 8
15174193 87
15174253 1403
15174287 228
15174301 4104
15174451 4676
15174563 25
15174581 6031
15174587 277
15174587 3613
15174611 1
15174611 261
15174631 9
15174683 1
15174751 5204
15174833 3
15174833 3615
15174857 6880
15174983 45
15174997 512
15174997 1788
15174997 9668
15175037 759
15175073 6592
15175081 11
15175211 196
15175231 5
15175261 5660
15175343 1
15175409 7759
15175417 1319
15175481 36
15175499 9
15175571 33
15175597 87
15175619 2404
15175639 45
15175639 3957
15175669 15
15175669 1671
15175673 2248
15175691 4681
15175739 1
15175757 1135
15175801 3068
15175841 3
15175847 9304
15175907 60
15175943 1
15176047 12
15176233 1863
15176299 5
15176303 1
15176303 1492
15176351 1
15176353 48
15176363 33
15176417 3948
15176423 12
15176501 528
15176531 33
15176531 201
15176543 1
15176591 4
15176591 781
15176779 2097
15176923 8
15176981 7876
15177023 1
15177059 109
15177059 384
15177061 35
15177191 33
15177199 104
15177319 5
15177373 23
15177373 1512
15177439 1137
15177439 5064
15177497 3363
15177571 9
15177601 260
15177619 2856
15177647 4
15177857 60
15177997 263
15178001 619
15178043 1
15178043 273
15178063 5
15178069 1751
15178109 4
15178123 288
15178123 2025
15178153 131
15178153 395
15178187 9
15178187 1213
15178217 4
15178249 3096
15178301 3
15178409 19
15178417 128
15178469 2700
15178469 9220
15178477 320
15178633 2952
15178811 1
15178859 172
15178907 49
15178921 108
15178937 303
15179009 12
15179023 161
15179063 1
15179159 1
15179279 4
15179279 1005
15179369 4
15179399 1
15179447 1068
15179513 7
15179513 28
15179513 328
15179581 8
15179581 3519
15179617 3
15179639 1
15179663 1
15179753 100
15179809 12
15179891 1
15179893 72
15179959 116
15179999 1
15180007 33
15180007 165
15180017 1027
15180211 2213
15180211 7376
15180223 197
15180271 1685
15180343 21
15180343 656
15180413 3
15180479 1
15180551 180
15180647 57
15180661 99
15180709 444
15180773 1855
15180799 5
15180799 572
15180929 391
15180929 9919
15181031 1
15181069 4344
15181091 1
15181091 13
15181157 7
15181207 9
15181213 12
15181223 433
15181321 536
15181337 664
15181339 32
15181343 625
15181379 24
15181409 7
15181409 36
15181409 55
15181417 12
15181421 24
15181499 1
15181559 1
15181651 5165
15181687 80
15181693 36
15181693 1652
15181753 12
15181781 36
15181783 48
15181787 4
15181843 4961
15181871 1
15181913 3
15181979 1
15181979 1372
15182023 896
15182039 1
15182119 36
15182131 776
15182147 9
15182147 889
15182179 8876
15182249 4044
15182249 7980
15182257 9723
15182329 39
15182339 772
15182347 272
15182353 56
15182393 67
15182521 11
15182603 1
15182611 465
15182677 3
15182707 20
15182801 3
15182821 264
15182851 141
15182879 3580
15182933 3
15182933 8740
15183011 1
15183029 676
15183067 8
15183323 37
15183323 337
15183359 1
15183361 11
15183457 3
15183457 95
15183541 176
15183593 3
15183629 4452
15183659 1
15183673 15
15183719 1
15183731 1216
15183863 2517
15183901 468
15183901 531
15183919 465
15183919 3509
15183967 5
15183997 3
15184069 6264
15184123 152
15184153 1620
15184241 4
15184307 132
15184307 789
15184339 300
15184343 12
15184381 464
15184523 1
15184523 117
15184567 9
15184567 1653
15184579 5
15184583 1357
15184639 3380
15184651 8
15184733 51
15184751 1
15184769 819
15184789 36
15184811 1
15184811 2365
15184817 15
15184817 40
15184973 3
15185003 12
15185017 35
15185033 7
15185033 160
15185039 52
15185039 309
15185041 51
15185101 8
15185101 600
15185171 4
15185179 6509
15185201 16
15185213 8955
15185383 21
15185399 1
15185591 1
15185591 520
15185609 15
15185623 12
15185699 1
15185741 3
15185749 339
15185791 9836
15185843 840
15185861 4
15186043 557
15186043 3288
15186047 637
15186097 503
15186161 204
15186191 1
15186191 141
15186247 4112
15186323 181
15186323 285
15186383 4672
15186433 75
15186433 156
15186481 471
15186511 5
15186553 732
15186607 9857
15186727 12
15186791 33
15186811 68
15186817 27
15186839 117
15186937 12
15186959 1
15187093 48
15187181 55
15187229 1267
15187243 9272
15187373 876
15187483 81
15187531 125
15187541 3639
15187553 12
15187573 2352
15187703 1
15187763 208
15187873 8016
15188053 3
15188053 8
15188137 195
15188153 7
15188153 16
15188219 1
15188219 4
15188227 9828
15188291 85
15188321 84
15188351 4
15188351 2229
15188423 1
15188447 1057
15188527 105
15188539 9944
15188561 91
15188587 369
15188627 105
15188711 1
15188711 420
15188807 4
15188807 757
15188807 7185
15188813 27
15188821 1944
15188903 160
15188941 99
15188963 1
15188969 24
15189023 12
15189059 1
15189197 7
15189233 3
15189247 5205
15189281 216
15189281 631
15189299 1
15189299 52
15189451 149
15189451 1149
15189467 108
15189487 5
15189497 67
15189511 9353
15189539 9
15189739 3965
15189751 53
15189833 111
15189833 3312
15189841 440
15189871 8
15189871 80
15189901 3
15189961 1263
15189983 1
15190001 315
15190033 12
15190099 9
15190243 5
15190247 13
15190339 276
15190453 3
15190457 99
15190547 13
15190559 1
15190559 496
15190631 184
15190727 132
15190733 3
15190811 1
15190811 13
15190859 1
15190859 64
15190871 24
15190873 68
15190873 311
15190927 80
15190969 392
15190999 357
15191101 791
15191117 3
15191117 75
15191119 92
15191191 3173
15191243 1
15191311 309
15191347 957
15191347 2093
15191357 24
15191369 136
15191411 21
15191537 7
15191537 12
15191537 112
15191611 2745
15191633 156
15191653 207
15191783 1
15191809 11
15191921 2176
15191971 753
15191971 1268
15192011 1
15192011 8401
15192013 5427
15192173 3
15192193 3
15192209 52
15192223 1985
15192239 1
15192241 11
15192241 63
15192251 1
15192337 1128
15192383 177
15192481 44
15192497 15
15192517 267
15192523 72
15192539 1
15192613 11
15192623 1
15192689 207
15192787 5
15192791 1
15192893 3
15192893 288
15192937 603
15193039 9
15193099 41
15193151 1
15193169 7
15193259 232
15193301 4
15193301 891
15193357 8
15193429 6299
15193487 69
15193499 1
15193513 3
15193553 7
15193553 12
15193603 1413
15193667 297
15193691 9964
15193729 11
15193909 2076
15193933 3
15193933 56
15193967 45
15194009 4
15194029 6212
15194041 3
15194083 137
15194143 20
15194203 1992
15194219 1
15194239 44
15194369 16
15194369 412
15194419 9
15194419 6329
15194449 99
15194519 277
15194587 273
15194591 24
15194843 1
15194891 1
15194897 1135
15195001 324
15195001 1736
15195007 365
15195013 12
15195077 312
15195209 19
15195221 7404
15195227 52
15195227 144
15195287 37
15195287 424
15195353 3
15195407 949
15195437 3
15195703 5
15195703 12
15195737 4
15195743 252
15195749 15
15195749 27
15195751 2325
15195821 1276
15195833 1092
15195853 1535
15195857 1347
15195907 57
15195907 125
15196037 3
15196043 213
15196081 7983
15196141 164
15196277 472
15196421 7899
15196457 8139
15196469 15
15196513 296
15196543 480
15196591 5
15196633 7535
15196771 105
15196771 1808
15196787 12
15196823 57
15196879 1281
15196879 1677
15197137 3
15197137 8
15197173 3
15197197 72
15197267 229
15197291 1
15197291 24
15197291 3228
15197387 6924
15197393 7
15197407 1017
15197407 3408
15197509 1559
15197519 1
15197519 4
15197563 17
15197579 1945
15197629 44
15197629 120
15197629 636
15197681 424
15197717 4
15197849 15
15197849 132
15197887 20
15197893 107
15197893 443
15197893 996
15197899 516
15197927 49
15198011 33
15198011 2965
15198037 335
15198041 4
15198077 3
15198103 4737
15198107 40
15198143 1
15198199 17
15198229 39
15198229 6375
15198299 724
15198329 36
15198451 233
15198457 348
15198457 1344
15198467 169
15198593 1027
15198611 48
15198707 9
15198761 4
15198817 383
15198829 95
15198847 12
15198857 67
15198923 52
15198949 1379
15199039 9
15199097 7
15199117 27
15199201 1515
15199319 1
15199321 44
15199351 845
15199357 392
15199361 220
15199367 309
15199381 324
15199381 4256
15199439 5380
15199463 72
15199463 1701
15199469 372
15199469 7491
15199477 6207
15199493 628
15199501 4479
15199507 6077
15199663 5
15199669 4899
15199699 5
15199733 240
15199781 7771
15199787 13
15199801 371
15199909 35
15199979 676
15199991 640
15200021 4
15200051 1
15200071 8369
15200459 1
15200587 60
15200617 659
15200657 1648
15200761 3
15200777 3139
15200797 3
15200833 56
15200833 1467
15200879 4
15200909 12
15200963 60
15200963 1317
15200971 8
15200987 9
15201071 1
15201071 2185
15201079 41
15201127 1269
15201209 279
15201233 5283
15201287 100
15201323 6672
15201341 48
15201343 2756
15201391 56
15201401 4
15201443 73
15201443 9952
15201497 2844
15201569 4
15201607 809
15201631 8
15201631 9
15201761 4
15201883 588
15201941 220
15201943 177
15201947 7965
15202007 160
15202141 488
15202163 1
15202163 585
15202181 1395
15202211 601
15202283 1
15202331 1
15202393 2540
15202487 73
15202507 8
15202531 21
15202541 5164
15202633 323
15202633 1076
15202633 4031
15202703 12
15202711 9
15202849 731
15202919 40
15202973 5667
15203039 21
15203099 4
15203129 72
15203197 59
15203197 884
15203203 5
15203261 3
15203261 48
15203339 1
15203339 220
15203347 48
15203347 812
15203399 1
15203431 264
15203431 2393
15203501 3
15203677 860
15203689 39
15203689 327
15203719 24
15203753 3
15203753 511
15203807 417
15203821 368
15203873 27
15203941 1836
15203941 3399
15203957 223
15204227 24
15204247 84
15204281 1743
15204491 2445
15204523 8
15204557 52
15204661 56
15204691 221
15204811 24
15204811 80
15204899 9
15205009 575
15205013 1435
15205031 169
15205079 4
15205079 12
15205133 1347
15205213 3
15205213 15
15205213 92
15205321 3
15205451 1
15205451 3348
15205457 4
15205459 165
15205459 237
15205637 15
15205637 268
15205637 1588
15205649 15
15205747 9
15205759 9
15205819 20
15205819 1701
15205823 40
15205907 9
15205937 759
15205997 3052
15206021 543
15206029 332
15206101 243
15206123 1
15206123 21
15206201 3
15206209 747
15206221 20
15206267 373
15206281 51
15206311 1605
15206339 369
15206339 805
15206363 1
15206369 16
15206423 345
15206489 12
15206591 16
15206591 828
15206651 1
15206651 4
15206651 1156
15206677 3
15206683 312
15206717 7
15206717 412
15206819 1
15206827 3044
15206869 9180
15206951 340
15206953 687
15207001 11
15207001 131
15207001 1643
15207217 204
15207253 12
15207253 27
15207317 3372
15207431 1
15207499 5
15207547 32
15207559 21
15207683 1
15207691 41
15207719 1096
15207719 3265
15207769 296
15207817 60
15207883 12
15207953 300
15208043 1881
15208049 96
15208069 2975
15208117 152
15208139 1
15208201 119
15208261 4308
15208273 48
15208279 1056
15208301 16
15208301 9148
15208481 600
15208573 3
15208771 8
15208793 295
15208793 8415
15208811 1
15208937 39
15209081 91
15209081 9340
15209111 25
15209113 3
15209261 256
15209273 111
15209297 3
15209323 12
15209413 35
15209431 341
15209531 1
15209531 708
15209539 1509
15209591 1
15209651 1
15209657 4303
15209813 187
15209867 165
15209869 300
15209881 1671
15209981 3
15209989 7964
15210037 300
15210059 1
15210179 1
15210229 572
15210253 8
15210253 840
15210341 51
15210341 1240
15210361 3
15210479 85
15210593 3
15210617 3135
15210641 4
15210641 31
15210721 848
15210721 3219
15210743 1
15210743 93
15210821 79
15210989 27
15211003 9536
15211019 1
15211061 444
15211069 335
15211099 29
15211139 1
15211177 3
15211271 4
15211337 4
15211367 1809
15211393 51
15211433 8380
15211463 1
15211519 516
15211541 196
15211643 28
15211727 3033
15211873 3
15211873 92
15211939 1065
15211961 108
15212033 2191
15212077 5480
15212089 1775
15212213 1528
15212237 3
15212243 60
15212243 6048
15212261 4
15212287 9
15212371 129
15212387 13
15212557 3
15212567 48
15212629 500
15212713 48
15212753 948
15212861 8611
15212947 3548
15212963 16
15212969 15
15212969 64
15213137 3
15213301 60
15213301 848
15213307 197
15213431 4
15213449 1060
15213479 1
15213481 60
15213481 371
15213559 5784
15213613 60
15213619 36
15213619 224
15213643 5288
15213643 7365
15213659 3445
15213763 5
15213773 6211
15213859 12
15213907 360
15213937 72
15213937 4548
15213953 3
15214019 1
15214037 2604
15214091 4
15214091 9
15214163 16
15214249 2004
15214249 7295
15214253 52
15214267 2552
15214301 28
15214387 233
15214457 3
15214499 1
15214513 1791
15214607 3069
15214627 60
15214631 1
15214691 1320
15214697 123
15214789 32
15214889 151
15214889 3859
15214907 960
15214931 1
15214931 24
15214933 132
15214993 116
15215023 752
15215099 1
15215099 1360
15215117 75
15215159 172
15215261 3
15215279 1
15215281 44
15215287 45
15215363 1
15215381 79
15215407 257
15215461 875
15215461 6708
15215491 8
15215509 1436
15215539 17
15215573 168
15215579 225
15215587 20
15215591 1
15215647 5
15215701 24
15215723 1
15215723 213
15215729 172
15215771 1
15215771 289
15215773 1335
15215861 160
15215951 28
15215987 4
15215999 36
15216049 4592
15216059 1
15216167 25
15216181 6804
15216217 1052
15216221 3339
15216259 137
15216301 3
15216301 23
15216449 4
15216449 7
15216463 261
15216521 3156
15216527 4
15216601 8
15216697 83
15216703 153
15216889 35
15216947 112
15216977 3
15216977 7
15216983 97
15216983 117
15217021 20
15217039 24
15217177 48
15217183 360
15217247 1797
15217337 3
15217337 499
15217403 13
15217409 327
15217417 24
15217417 188
15217439 1296
15217459 80
15217523 1
15217561 323
15217583 16
15217649 12
15217673 183
15217681 3
15217687 6120
15217711 5
15217757 3
15217897 3
15217897 207
15217901 1408
15217913 3
15217991 1
15217997 5448
15218089 207
15218101 83
15218123 1
15218123 316
15218123 2265
15218141 1920
15218239 8304
15218327 4
15218419 45
15218429 4
15218429 6855
15218443 56
15218461 8
15218531 1
15218561 111
15218573 43
15218611 81
15218627 1989
15218627 4180
15218633 963
15218669 6051
15218771 1
15218771 2785
15218851 21
15218851 65
15218851 1061
15218857 3
15218969 27
15218989 71
15218989 1815
15219007 8
15219059 1
15219067 5
15219067 9065
15219107 2188
15219151 9
15219221 48
15219313 1551
15219509 5995
15219769 272
15219769 332
15219847 3045
15219881 3
15219889 464
15219907 252
15219929 4
15219937 39
15220003 3548
15220069 87
15220081 179
15220081 435
15220087 5
15220097 67
15220097 247
15220243 17
15220391 168
15220421 3
15220459 20
15220607 732
15220633 12
15220669 51
15220697 7
15220819 204
15220841 40
15220883 1
15220897 2067
15220897 2652
15221039 1
15221197 672
15221207 57
15221207 289
15221243 105
15221251 48
15221263 65
15221293 23
15221293 308
15221333 1975
15221347 1352
15221387 120
15221417 12
15221501 2064
15221509 356
15221509 576
15221519 4476
15221533 143
15221567 133
15221593 7692
15221617 27
15221669 15
15221693 151
15221707 432
15221711 1
15221861 4
15221863 2393
15221917 203
15221963 60
15222091 5
15222197 3
15222197 2499
15222257 15
15222433 3
15222437 180
15222469 1067
15222491 24
15222499 705
15222719 4
15222773 7
15222791 4
15222913 56
15222919 5
15223037 960
15223129 1079
15223157 439
15223469 195
15223469 819
15223487 112
15223489 4076
15223499 1852
15223499 2172
15223501 4404
15223531 9
15223543 972
15223547 4
15223589 2436
15223589 4695
15223601 9735
15223727 4
15223757 3
15223801 4380
15223919 8737
15223961 4743
15223961 7683
15223973 7
15224003 1
15224003 1333
15224017 3
15224039 2497
15224117 55
15224123 1
15224147 889
15224179 24
15224179 2897
15224189 6811
15224257 119
15224267 24
15224267 865
15224329 887
15224351 1
15224351 8376
15224387 45
15224483 12
15224483 205
15224543 61
15224609 27
15224617 44
15224617 695
15224641 143
15224659 9
15224717 135
15224731 240
15224731 893
15224771 1
15224863 20
15224863 80
15224917 23
15224977 440
15225083 1281
15225113 16
15225181 260
15225181 1076
15225233 891
15225233 4315
15225233 4840
15225239 1
15225253 56
15225253 132
15225277 4415
15225359 4
15225383 3801
15225401 640
15225443 268
15225527 49
15225533 60
15225607 2888
15225653 15
15225677 3
15225677 1075
15225713 7
15225739 17
15225877 35
15225989 5307
15226019 1
15226037 12
15226091 1
15226097 160
15226111 48
15226117 263
15226147 9
15226147 1833
15226283 1
15226303 1568
15226361 1759
15226397 3019
15226417 87
15226469 7
15226469 5412
15226493 615
15226501 104
15226553 3
15226571 9
15226597 20
15226597 8859
15226699 24
15226723 57
15226723 908
15226751 100
15226763 72
15226787 1800
15226787 5233
15226817 39
15226829 879
15227039 1
15227077 528
15227123 1156
15227131 9
15227213 195
15227221 648
15227279 1
15227323 128
15227323 2016
15227339 9
15227363 12
15227419 17
15227419 2025
15227423 1
15227423 13
15227497 35
15227497 4620
15227501 63
15227621 3
15227689 2036
15227743 5
15227819 1
15227879 4
15227887 200
15227887 2037
15227921 120
15227921 444
15227941 2531
15227951 1
15227951 2745
15228079 1184
15228131 69
15228163 20
15228211 8
15228217 32
15228383 1516
15228449 7
15228511 81
15228547 12
15228547 24
15228607 308
15228637 3
15228637 7263
15228641 36
15228727 17
15228727 117
15228743 1
15228743 472
15228767 12
15228869 75
15228929 4
15228943 17
15228971 1
15228971 4
15229007 1353
15229099 17
15229099 4541
15229111 20
15229111 2516
15229169 31
15229219 1377
15229223 16
15229273 560
15229343 16
15229451 16
15229531 200
15229547 1552
15229561 11
15229609 84
15229639 17
15229639 6977
15229723 701
15229723 3905
15229751 1
15229759 92
15229853 1708
15229859 1
15229859 16
15229867 360
15229867 6485
15229939 681
15229939 1152
15229969 27
15230003 336
15230003 1473
15230023 5
15230023 8
15230087 364
15230129 484
15230183 552
15230309 4
15230353 11
15230359 21
15230377 7244
15230519 4
15230543 1
15230617 60
15230653 131
15230731 101
15230821 696
15230821 1436
15230821 8100
15230833 212
15230857 1272
15230923 3996
15230927 624
15231053 1111
15231059 4
15231079 3741
15231113 27
15231127 240
15231127 584
15231241 456
15231277 852
15231397 8
15231397 2040
15231401 196
15231421 224
15231479 52
15231563 1
15231563 1333
15231607 5
15231653 31
15231661 11
15231661 3311
15231707 25
15231731 1
15231731 900
15231739 57
15231751 5
15231803 21
15231841 20
15231857 3
15231871 408
15231877 3
15231877 404
15231877 2228
15231889 51
15231913 1215
15231913 2735
15231929 804
15231991 20
15231991 456
15232031 13
15232039 96
15232039 1485
15232081 479
15232159 5
15232211 13
15232291 1020
15232307 1972
15232331 36
15232333 168
15232421 511
15232447 68
15232457 4
15232457 15
15232457 475
15232487 4
15232573 20
15232577 4
15232643 556
15232673 4080
15232769 15
15232817 327
15232829 4
15232829 1012
15232913 4443
15232961 4
15232961 60
15232999 140
15232999 2192
15233027 33
15233039 76
15233063 1
15233063 73
15233063 108
15233063 813
15233081 63
15233087 48
15233089 35
15233243 1
15233261 19
15233279 636
15233327 4
15233641 3
15233657 7
15233657 124
15233747 40
15233873 51
15233893 2855
15234101 4
15234187 933
15234203 1
15234287 4
15234293 103
15234311 1
15234313 63
15234463 4916
15234473 3
15234503 1
15234509 24
15234559 36
15234623 652
15234641 723
15234719 4972
15234719 6097
15234731 16
15234731 81
15234757 9287
15234781 8
15234871 128
15234959 1
15235007 33
15235007 57
15235013 51
15235037 12
15235079 1
15235249 8891
15235261 980
15235289 12
15235369 291
15235391 4
15235391 33
15235439 1
15235457 108
15235501 3380
15235523 97
15235541 700
15235709 840
15235721 40
15235789 260
15235799 36
15236017 27
15236071 36
15236071 9305
15236141 115
15236149 180
15236161 56
15236161 6495
15236213 2463
15236251 129
15236303 13
15236357 3
15236363 13
15236447 540
15236561 24
15236609 7
15236621 84
15236647 1664
15236657 3
15236719 6089
15236723 1
15236747 112
15236747 229
15236773 71
15236791 1013
15236801 2376
15236863 4617
15236899 681
15236987 4
15236987 213
15236999 1
15237029 7431
15237059 7252
15237127 33
15237137 24
15237191 1
15237197 399
15237301 11
15237317 12
15237413 3
15237539 1
15237577 323
15237583 576
15237631 24
15237701 19
15237701 5656
15237809 1920
15237851 981
15237857 3
15237881 576
15237979 9
15238063 141
15238123 5
15238123 192
15238123 276
15238123 7857
15238141 843
15238193 27
15238271 1
15238291 6180
15238319 1
15238393 468
15238463 57
15238523 13
15238523 5200
15238591 3948
15238661 15
15238679 9
15238819 221
15238819 1485
15238831 2945
15238843 65
15238877 768
15238897 303
15238997 3
15238997 144
15239017 159
15239057 228
15239069 804
15239209 2676
15239299 20
15239347 17
15239453 1072
15239459 1
15239467 17
15239467 305
15239513 280
15239621 123
15239683 3717
15239921 88
15239921 96
15239921 5244
15239963 1
15240013 8
15240229 35
15240293 507
15240389 7
15240389 180
15240431 4
15240431 144
15240431 853
15240497 12
15240497 499
15240503 417
15240509 3511
15240509 8424
15240593 3
15240607 12
15240613 3
15240629 5044
15240749 2371
15240779 1
15240779 25
15240787 9
15240851 2233
15240893 4603
15240913 4152
15240919 20
15240941 28
15240943 1272
15240977 3
15240997 3
15241103 73
15241141 1371
15241189 39
15241199 12
15241223 493
15241267 5
15241267 12
15241267 1832
15241283 3276
15241309 372
15241427 7969
15241649 16
15241679 1
15241691 4
15241769 5091
15241813 248
15241841 7555
15241861 11
15241927 569
15241937 3
15241997 2428
15242027 9
15242041 11
15242141 231
15242189 15
15242189 1344
15242281 6599
15242287 7340
15242287 8864
15242291 1
15242291 1173
15242309 4
15242441 5328
15242459 1
15242459 756
15242501 16
15242543 1
15242621 1959
15242671 69
15242681 3
15242737 27
15242833 3
15242891 1
15242923 60
15242923 192
15242923 213
15242957 540
15242989 132
15243013 15
15243049 11
15243071 7024
15243083 1
15243091 1064
15243131 1
15243131 4
15243281 3264
15243311 1
15243359 1
15243367 9
15243367 48
15243401 4
15243439 77
15243493 36
15243493 3471
15243517 8
15243563 1756
15243671 4
15243727 8
15243737 375
15243751 1109
15243799 36
15243827 3493
15243857 84
15243959 424
15244093 23
15244139 1
15244139 4
15244171 3849
15244253 91
15244319 76
15244379 9
15244627 33
15244739 1
15244739 7261
15244787 369
15244843 612
15244861 648
15244913 3
15244969 11
15244969 287
15245051 4
15245053 11
15245057 1387
15245081 3
15245081 439
15245081 484
15245137 8
15245203 5
15245203 677
15245281 3
15245281 15
15245281 3591
15245287 5
15245309 16
15245323 41
15245323 92
15245327 12
15245441 4519
15245471 1596
15245471 4300
15245491 44
15245519 4105
15245579 16
15245683 57
15245723 13
15245729 3840
15245743 345
15245827 17
15245833 15
15245837 15
15245837 1587
15245897 3
15245983 8852
15246221 3
15246221 1863
15246221 2119
15246233 300
15246239 16
15246239 6169
15246277 3683
15246311 24
15246409 27
15246409 1652
15246437 7
15246619 32
15246719 7680
15246929 399
15247031 4228
15247097 4884
15247151 13
15247151 5260
15247187 73
15247201 24
15247201 2280
15247207 60
15247217 3
15247217 12
15247231 80
15247303 132
15247343 1
15247373 27
15247373 1491
15247387 57
15247403 5208
15247409 171
15247409 636
15247559 1
15247619 4
15247619 16
15247619 21
15247741 59
15247853 3
15247853 7
15247931 1
15247931 73
15247949 60
15247993 3
15248041 3
15248059 5
15248111 1
15248243 16
15248243 345
15248263 2232
15248293 2727
15248327 133
15248339 1
15248339 6076
15248369 16
15248369 412
15248369 2176
15248377 8
15248381 43
15248407 2177
15248521 11
15248567 12
15248587 5
15248729 7
15248729 1987
15248797 3
15248903 1
15248929 1172
15249193 32
15249193 35
15249239 49
15249257 4419
15249277 23
15249301 308
15249307 9
15249491 1
15249497 3
15249503 285
15249503 2380
15249503 2908
15249503 8908
15249539 2157
15249623 1
15249659 516
15249659 4684
15249677 4
15249683 177
15249721 11
15249763 8
15249893 55
15249893 2380
15249973 147
15250097 24
15250111 884
15250187 9253
15250223 36
15250297 3
15250307 9552
15250363 1445
15250453 8
15250463 1
15250463 96
15250493 427
15250519 21
15250577 3
15250619 1
15250643 25
15250691 5613
15250699 2900
15250727 1072
15250799 1
15250799 145
15250843 12
15250877 3
15250883 1
15250883 1521
15250931 4
15250933 2832
15250987 9
15251063 2988
15251069 7
15251177 12
15251179 141
15251179 152
15251191 593
15251207 1713
15251209 6711
15251321 975
15251371 125
15251377 1047
15251399 1
15251399 5097
15251563 5
15251573 15
15251681 255
15251701 296
15251729 144
15251777 3432
15251849 427
15251849 8160
15252011 340
15252091 5
15252113 3
15252113 87
15252131 1
15252161 6291
15252169 324
15252203 1
15252239 1
15252239 2589
15252253 335
15252371 1
15252437 7
15252539 25
15252541 3
15252563 60
15252691 48
15252761 448
15252823 8
15252931 65
15252931 6969
15253013 40
15253013 775
15253013 9516
15253033 12
15253061 300
15253109 4
15253141 35
15253157 19
15253319 1
15253367 9
15253367 184
15253489 2451
15253501 11
15253543 8
15253547 153
15253547 4377
15253571 1
15253603 2381
15253633 23
15253729 275
15253817 523
15253943 1
15253951 5
15253961 1068
15253961 1276
15254039 52
15254047 165
15254051 36
15254111 480
15254119 120
15254143 41
15254329 36
15254339 1
15254411 1
15254411 1648
15254483 12
15254567 6040
15254579 12
15254639 1
15254639 225
15254639 405
15254741 444
15254753 31
15254753 187
15254753 588
15254779 29
15254801 183
15254807 12
15254849 112
15254963 9636
15255011 4809
15255017 4
15255041 4
15255061 368
15255143 1
15255143 48
15255143 60
15255181 3
15255269 160
15255269 6631
15255277 2067
15255353 147
15255391 5
15255419 52
15255491 1
15255587 1200
15255697 267
15255787 9
15255859 429
15256037 615
15256139 97
15256181 3
15256181 280
15256627 53
15256627 845
15256651 2168
15256673 3300
15256823 25
15256823 1188
15256849 35
15256849 992
15256853 12
15256859 1
15256919 1
15256933 3
15257017 3
15257113 935
15257113 5208
15257183 36
15257197 1872
15257273 88
15257311 2024
15257321 3
15257321 4
15257327 3172
15257467 5
15257497 335
15257581 128
15257581 284
15257591 1
15257603 1
15257629 84
15257633 40
15257659 1961
15257677 2984
15257681 3
15257681 88
15257689 15
15257743 2373
15257761 8216
15257849 4
15257849 6415
15257861 583
15257887 9
15257917 3
15257987 4
15258017 3
15258091 56
15258091 149
15258137 3
15258193 195
15258203 1
15258209 579
15258227 165
15258233 7
15258239 1297
15258251 1
15258283 1425
15258283 3041
15258283 3860
15258301 1091
15258343 420
15258371 4249
15258491 1368
15258589 920
15258709 239
15258739 2897
15258791 1
15258899 4
15258917 15
15258917 2628
15258953 27
15258983 1
15259001 48
15259021 1404
15259039 117
15259169 87
15259169 1252
15259241 4
15259241 319
15259259 61
15259259 72
15259289 4
15259393 56
15259417 1604
15259459 2489
15259483 21
15259579 237
15259619 2452
15259627 45
15259627 893
15259637 72
15259639 489
15259691 1
15259901 3
15260023 2333
15260071 4680
15260083 5
15260099 1
15260111 1
15260183 1
15260183 36
15260213 3
15260251 188
15260279 964
15260381 8908
15260411 865
15260579 1
15260633 48
15260647 5
15260689 3756
15260827 7392
15260923 5
15260939 1
15260939 5497
15260969 3744
15260977 12
15261007 8
15261011 661
15261031 104
15261133 3
15261203 1
15261251 33
15261271 89
15261289 51
15261409 1899
15261487 5
15261539 1
15261583 8
15261683 52
15261803 28
15261899 1
15261913 3
15261913 15
15261979 5
15261979 785
15261989 4
15261989 7
15261991 93
15262103 16
15262129 27
15262129 2744
15262129 5640
15262157 4
15262217 4
15262217 7
15262279 165
15262411 1229
15262427 45
15262433 375
15262433 576
15262483 53
15262601 903
15262697 123
15262811 85
15262813 20
15262847 1497
15262867 1997
15262901 31
15263063 1
15263089 507
15263159 1
15263279 12
15263293 20
15263293 51
15263317 3
15263419 9
15263447 9
15263519 1
15263519 157
15263551 24
15263609 724
15263663 1
15263719 7332
15263723 1
15263771 1
15263771 168
15263779 5
15263797 243
15263813 3
15263887 1473
15263957 4
15263993 3
15263993 7
15264037 243
15264083 1
15264187 128
15264199 3984
15264233 55
15264287 4
15264287 993
15264311 1
15264311 325
15264329 4
15264329 151
15264517 3479
15264611 1
15264761 216
15264839 1
15264839 9321
15264883 36
15264917 60
15264917 2443
15265121 3
15265121 4
15265139 2241
15265163 1
15265253 3
15265291 2000
15265297 344
15265351 5
15265357 968
15265381 1991
15265391 61
15265391 2608
15265447 5
15265477 167
15265487 2577
15265511 1
15265519 84
15265529 55
15265567 197
15265697 27
15265729 27
15265729 2744
15265801 8883
15265891 464
15266033 16
15266129 3259
15266131 9
15266159 1617
15266183 1
15266203 33
15266233 735
15266249 19
15266369 16
15266371 8
15266401 3
15266423 1
15266467 20
15266501 3
15266507 753
15266521 399
15266567 492
15266569 1859
15266599 5
15266611 188
15266651 1
15266659 29
15266659 69
15266711 364
15266737 912
15266737 1392
15266737 8168
15266921 931
15266939 4620
15267073 1035
15267181 3
15267229 375
15267271 641
15267299 496
15267443 1
15267563 37
15267701 48
15267719 40
15267743 1
15267787 873
15267803 13
15267817 3
15267817 12
15267817 347
15267821 31
15267839 196
15267983 72
15268051 5
15268051 9
15268109 4
15268111 8
15268147 212
15268157 3
15268207 9
15268241 63
15268283 1
15268289 16
15268387 12
15268489 11
15268507 45
15268537 3768
15268543 416
15268633 3
15268637 804
15268691 1
15268801 63
15268801 84
15268811 1
15268853 255
15268871 4
15268889 12
15268909 600
15268931 505
15268931 8181
15268973 7
15269003 205
15269101 116
15269161 3
15269203 5
15269209 164
15269279 1
15269297 4
15269327 705
15269389 960
15269413 1407
15269467 3065
15269477 1023
15269503 72
15269537 4
15269543 1
15269543 1345
15269557 188
15269599 197
15269599 681
15269603 1
15269603 157
15269651 1636
15269693 2287
15269729 387
15269743 21
15269843 72
15269851 41
15269909 4
15269909 1024
15269951 513
15269987 160
15270103 80
15270103 276
15270109 575
15270139 909
15270239 1
15270251 5989
15270341 16
15270377 3
15270659 1
15270659 4729
15270667 300
15270667 1680
15270769 5399
15270799 24
15270821 3
15270823 33
15270823 48
15270929 4
15270953 172
15271013 36
15271051 45
15271111 9
15271111 416
15271169 499
15271211 421
15271211 2721
15271247 12
15271309 96
15271309 119
15271327 5
15271339 497
15271351 36
15271363 8
15271439 112
15271463 1
15271483 317
15271541 4
15271541 6168
15271577 12
15271657 3
15271657 8
15271679 9
15271679 24
15271769 115
15271769 3684
15271783 20
15271799 1
15271807 2553
15271811 9
15271811 4813
15271847 312
15271859 1
15271903 1845
15271961 43
15271961 300
15272071 728
15272077 32
15272197 3
15272233 128
15272281 3
15272293 2391
15272303 1
15272303 21
15272363 8068
15272381 5820
15272381 6804
15272417 408
15272419 5
15272423 33
15272471 204
15272497 8
15272591 3564
15272657 40
15272707 125
15272731 396
15272767 5
15272767 9
15272797 5339
15272867 4
15272867 4564
15272923 92
15272963 1
15273007 653
15273029 400
15273029 7171
15273031 7824
15273061 131
15273067 189
15273101 19
15273151 69
15273217 12
15273277 3
15273277 4452
15273317 8503
15273331 9
15273331 7604
15273413 288
15273451 2853
15273527 220
15273529 176
15273569 4
15273611 129
15273617 27
15273647 1513
15273703 77
15273703 5460
15273829 704
15273883 17
15273931 408
15273971 1
15273971 84
15274019 4
15274117 3
15274117 9183
15274141 1248
15274153 3
15274187 4
15274199 4176
15274219 3017
15274403 5041
15274429 2715
15274439 12
15274439 9436
15274453 8
15274543 12
15274543 2672
15274559 16
15274559 1785
15274621 3
15274681 36
15274703 13
15274717 3
15274733 6823
15274757 12
15274757 2247
15274813 8
15274813 83
15274867 269
15274867 293
15274867 1757
15274913 48
15275111 4
15275171 436
15275233 1547
15275357 1360
15275383 9368
15275419 141
15275471 1
15275521 3
15275521 15
15275539 132
15275551 1668
15275551 6981
15275573 3
15275627 12
15275627 1468
15275669 7
15275747 4
15275747 72
15275833 3
15275917 3
15275957 7
15276043 9945
15276061 39
15276101 975
15276203 1
15276263 1
15276299 16
15276407 24
15276511 21
15276539 1
15276563 16
15276563 36
15276563 6277
15276647 417
15276719 81
15276757 140
15276763 717
15276791 1
15276791 4
15276907 4157
15276923 1
15276959 8376
15277019 1
15277027 24
15277039 261
15277043 1
15277043 3177
15277069 39
15277103 1
15277103 6988
15277183 8
15277183 117
15277259 1
15277259 4
15277279 5
15277343 1
15277391 9
15277399 9
15277477 8
15277477 20
15277607 429
15277627 153
15277697 7
15277733 4572
15277733 5940
15277777 8
15277807 8
15277817 1579
15277837 12
15277979 2221
15278017 23
15278101 35
15278129 156
15278143 36
15278171 13
15278213 7
15278239 12
15278267 12
15278269 3467
15278407 6585
15278411 84
15278437 12
15278513 1855
15278591 1
15278611 5
15278657 2092
15278687 145
15278749 392
15278759 1
15278789 519
15278821 3
15278821 8
15278833 360
15278849 96
15278867 60
15278953 80
15278957 1539
15279041 495
15279041 9391
15279091 401
15279091 1749
15279139 44
15279167 4
15279181 15
15279227 1237
15279239 364
15279241 1004
15279323 388
15279479 1
15279479 3400
15279499 360
15279601 15
15279611 1
15279637 1164
15279661 3
15279689 727
15279739 29
15279739 4836
15279763 6248
15279799 77
15279851 1
15279863 21
15279871 36
15279893 111
15279941 64
15280039 3060
15280061 15
15280103 61
15280159 29
15280159 2609
15280207 45
15280247 13
15280289 4
15280301 16
15280319 1
15280319 157
15280459 1524
15280459 1896
15280493 3
15280619 1
15280621 2519
15280631 1
15280631 4
15280631 1089
15280633 483
15280679 204
15280697 3
15280697 4
15280723 5
15280723 53
15280723 3012
15280847 9
15280961 4
15280961 2383
15281041 8
15281107 9
15281107 17
15281153 111
15281197 483
15281237 52
15281237 75
15281363 33
15281363 1293
15281471 1
15281471 21
15281527 1529
15281557 3
15281557 92
15281611 8
15281611 276
15281611 305
15281779 81
15281843 1105
15281957 207
15282013 3743
15282131 45
15282173 3
15282259 9432
15282347 105
15282359 64
15282383 1
15282383 121
15282389 444
15282437 24
15282451 8033
15282481 3
15282481 6596
15282529 35
15282571 233
15282577 48
15282599 117
15282713 3
15282737 4
15282803 1
15282899 345
15282937 167
15282977 72
15283117 168
15283297 32
15283297 632
15283337 48
15283579 89
15283603 5
15283607 880
15283613 3
15283621 303
15283637 7
15283669 32
15283717 420
15283739 9
15283747 273
15283777 164
15283859 121
15283927 165
15283949 1164
15284033 28
15284111 21
15284141 4708
15284161 3
15284329 3404
15284497 3
15284497 1304
15284543 636
15284551 209
15284603 1
15284603 313
15284681 3
15284741 31
15284749 60
15284803 216
15284963 25
15285079 12
15285079 165
15285119 4
15285119 4801
15285121 20
15285121 5235
15285131 16
15285203 13
15285203 100
15285203 313
15285209 3864
15285229 15
15285241 623
15285241 8051
15285299 1
15285311 1
15285323 73
15285337 24
15285371 16
15285419 4
15285419 36
15285433 35
15285583 21
15285583 120
15285637 3
15285637 1035
15285791 9256
15285799 36
15285863 13
15285863 36
15285863 133
15285887 448
15285923 1
15285971 1
15285971 9
15286031 180
15286079 16
15286079 129
15286121 3
15286121 199
15286171 8364
15286171 9336
15286181 420
15286363 56
15286387 1100
15286423 21
15286433 12
15286459 21
15286459 701
15286471 240
15286493 7
15286499 1
15286499 7969
15286529 19
15286571 1
15286643 3381
15286693 23
15286781 5784
15286853 487
15286853 5140
15286867 552
15286919 1
15286969 455
15286969 3896
15286969 6279
15287047 5640
15287093 1231
15287099 3789
15287113 8
15287171 4
15287177 1648
15287201 3
15287201 111
15287269 359
15287287 8
15287333 12
15287339 1
15287351 1
15287407 417
15287413 123
15287477 727
15287483 328
15287483 8545
15287497 44
15287501 9643
15287509 12
15287513 16
15287543 1
15287579 1
15287599 32
15287639 9
15287639 6289
15287683 60
15287707 249
15287717 40
15287717 432
15287819 3840
15287851 5
15287873 3
15287971 3036
15287977 8
15288043 36
15288047 6817
15288071 8404
15288233 1512
15288397 27
15288409 644
15288409 9375
15288523 17
15288547 92
15288551 4
15288557 159
15288577 3
15288589 191
15288653 792
15288697 3
15288697 9515
15288701 4
15288703 6248
15288709 111
15288709 179
15288737 123
15288739 152
15288803 1
15288869 7
15288913 900
15289019 1
15289067 37
15289121 4
15289159 72
15289207 12
15289303 33
15289327 612
15289363 8
15289427 168
15289507 392
15289507 1737
15289559 1
15289669 236
15289717 3
15289751 1
15289751 7408
15289867 5
15289891 189
15289903 92
15289957 1199
15290113 48
15290201 3
15290393 3
15290399 1
15290479 212
15290501 4
15290591 1
15290753 3
15290753 60
15290771 1
15290771 2269
15290783 1
15290819 385
15290819 601
15291011 13
15291163 12
15291379 6444
15291421 48
15291427 53
15291431 13
15291431 61
15291431 289
15291509 2572
15291511 6533
15291533 3
15291533 4971
15291539 1
15291539 57
15291623 357
15291623 1365
15291629 75
15291701 2824
15291707 25
15291707 840
15291911 4596
15291929 1560
15291971 24
15291971 49
15292031 1
15292073 55
15292091 240
15292099 360
15292099 4016
15292111 24
15292213 15
15292237 207
15292327 512
15292327 4424
15292399 161
15292423 36
15292481 4
15292499 1
15292559 21
15292601 3
15292733 72
15292819 12
15292819 32
15292819 821
15292841 36
15292943 1
15292943 16
15292961 3
15292961 64
15292997 8104
15293039 1
15293039 216
15293141 4
15293143 396
15293191 101
15293191 1713
15293297 15
15293297 55
15293303 1
15293407 9
15293507 6300
15293539 69
15293611 33
15293833 260
15293843 1488
15293891 21
15293909 16
15294017 4
15294053 15
15294053 75
15294077 8695
15294091 81
15294113 1000
15294173 2568
15294199 17
15294247 2433
15294311 93
15294371 6601
15294421 7944
15294467 153
15294683 1
15294703 36
15294709 7959
15294751 45
15294869 1252
15294869 1947
15294967 224
15294973 123
15295001 15
15295037 27
15295067 220
15295073 7
15295193 7
15295211 1
15295213 132
15295327 4368
15295331 1
15295381 1599
15295387 8
15295409 100
15295447 5
15295477 8
15295523 1
15295537 8139
15295613 3
15295613 12
15295613 696
15295649 3055
15295717 3
15295739 1
15295939 41
15295949 15
15295999 12
15296041 368
15296063 477
15296069 4
15296111 4
15296227 384
15296257 35
15296269 956
15296317 32
15296317 4923
15296371 5
15296371 1760
15296389 1160
15296467 24
15296467 773
15296507 4
15296507 5377
15296557 1460
15296579 1
15296581 3
15296627 33
15296627 60
15296641 3
15296689 807
15296707 9
15296707 17
15296707 4788
15296711 261
15296741 5520
15296741 5575
15296921 3
15296959 5
15296959 156
15297017 172
15297097 9084
15297133 8
15297173 163
15297211 5
15297241 1148
15297311 4180
15297319 20
15297361 284
15297421 15
15297479 4
15297533 232
15297563 1
15297563 36
15297571 6036
15297629 19
15297631 360
15297851 1
15298037 120
15298061 39
15298091 1020
15298139 4
15298139 97
15298141 1376
15298219 5
15298219 6189
15298303 185
15298331 1
15298343 2052
15298357 152
15298463 1
15298499 1
15298511 1
15298541 28
15298601 511
15298627 8
15298727 84
15298769 3771
15298853 76
15298897 1875
15298897 1932
15298901 15
15298901 36
15299051 108
15299083 20
15299083 953
15299143 17
15299159 1
15299159 4
15299197 239
15299239 824
15299279 1
15299279 49
15299419 192
15299423 1
15299441 24
15299483 4653
15299489 15
15299491 296
15299497 24
15299533 12
15299587 48
15299597 3
15299633 3
15299633 43
15299653 591
15299707 5
15299707 569
15299747 285
15299827 1953
15299831 1
15299917 3
15299951 1
15299953 11
15300091 8
15300091 416
15300097 35
15300113 171
15300113 331
15300161 16
15300163 813
15300193 1676
15300223 8
15300269 52
15300343 608
15300361 4523
15300413 115
15300559 12
15300611 1
15300671 9
15300739 1872
15300767 2217
15300781 363
15300781 1440
15300899 169
15300937 12
15301031 4
15301043 1
15301043 45
15301109 4
15301151 1
15301219 5
15301261 11
15301277 3184
15301373 3
15301373 12
15301439 1
15301469 36
15301493 15
15301597 4239
15301597 9807
15301621 5664
15301633 3
15301639 9
15301673 36
15301703 112
15301771 416
15301861 9576
15301873 8
15301901 55
15301901 96
15301901 148
15301933 147
15301943 33
15301987 84
15302059 17
15302069 36
15302101 2160
15302123 12
15302149 3632
15302171 948
15302249 519
15302293 363
15302351 1
15302501 591
15302579 8565
15302591 33
15302641 116
15302681 31
15302681 676
15302731 9
15302827 9
15302863 300
15302879 4
15302891 120
15302939 36
15302951 40
15302951 1848
15302957 108
15303023 1
15303139 20
15303139 477
15303139 1317
15303143 1
15303187 57
15303191 1
15303287 9
15303293 3
15303307 5
15303307 600
15303359 81
15303437 343
15303499 81
15303521 88
15303667 9
15303749 12
15303749 519
15303767 4
15303781 6395
15303839 196
15304027 5
15304067 4
15304171 21
15304189 24
15304213 8
15304391 1
15304397 903
15304441 60
15304507 5
15304511 388
15304543 41
15304577 4
15304687 5
15304711 1361
15304763 12
15304859 2656
15304901 4
15304943 261
15304963 8
15304987 17
15304987 125
15305047 192
15305099 1
15305201 8511
15305369 91
15305513 3267
15305519 1
15305551 4185
15305561 3
15305573 4128
15305579 1
15305617 8424
15305867 40
15305891 36
15305911 41
15305951 2305
15306023 1
15306041 3003
15306121 3
15306121 24
15306163 45
15306163 2288
15306163 3792
15306227 160
15306257 79
15306283 573
15306353 3
15306353 16
15306367 293
15306391 4280
15306397 4104
15306437 283
15306437 1639
15306509 72
15306587 1008
15306617 3
15306779 1
15306829 75
15306829 96
15306829 504
15306883 17
15306947 4
15307009 315
15307009 5855
15307057 3888
15307111 8
15307169 280
15307207 68
15307241 2128
15307261 59
15307333 15
15307339 5
15307339 9756
15307363 377
15307433 100
15307469 9207
15307471 320
15307693 8
15307693 8948
15307703 40
15307717 147
15307763 241
15307913 3
15307993 107
15308159 1
15308171 1
15308207 4
15308219 376
15308297 7
15308303 828
15308303 2037
15308309 4
15308309 472
15308339 21
15308341 203
15308393 4287
15308393 6852
15308407 969
15308411 1
15308429 2112
15308497 372
15308497 419
15308627 40
15308633 3180
15308651 261
15308669 4
15308669 12
15308747 24
15308827 69
15308863 4932
15308963 1
15308971 1269
15309011 84
15309089 64
15309089 3147
15309131 304
15309311 4
15309389 4
15309407 25
15309409 20
15309409 900
15309509 816
15309529 311
15309631 960
15309713 12
15309781 15
15309793 3
15309793 11
15309797 3
15309857 3175
15309901 3
15309937 5759
15310037 48
15310073 9123
15310079 1
15310201 3
15310331 1
15310331 109
15310357 47
15310417 3
15310457 348
15310499 1
15310499 412
15310513 1283
15310553 3
15310597 615
15310661 7680
15310703 1288
15310777 1155
15310831 44
15310843 21
15310877 55
15310961 624
15310969 15
15310973 948
15310987 69
15311059 36
15311059 92
15311209 15
15311213 2736
15311213 5287
15311273 36
15311273 88
15311273 363
15311279 9
15311281 3
15311299 45
15311437 12
15311447 9
15311467 5
15311497 15
15311539 21
15311561 271
15311609 27
15311617 147
15311641 1044
15311689 104
15311921 219
15311953 3
15311977 3
15311977 8
15311981 16
15312007 197
15312091 165
15312107 2397
15312131 4
15312131 16
15312131 5301
15312169 572
15312169 8624
15312251 220
15312277 60
15312299 3912
15312467 148
15312673 11
15312673 143
15312719 165
15312751 2208
15312797 3
15312797 2788
15312827 4
15312883 21
15312883 57
15312887 1197
15313057 2472
15313093 11
15313127 4
15313139 1
15313171 1304
15313223 1
15313223 13
15313367 33
15313427 2925
15313451 1
15313451 49
15313471 381
15313517 3124
15313567 24
15313577 595
15313591 413
15313631 40
15313751 61
15313927 1164
15314077 15
15314083 8
15314137 59
15314153 103
15314179 689
15314179 2576
15314311 516
15314317 567
15314363 57
15314393 60
15314441 408
15314473 8
15314473 8867
15314483 1
15314539 297
15314561 39
15314617 32
15314683 45
15314687 52
15314797 84
15314839 321
15314851 20
15314851 5309
15314921 15
15315029 295
15315107 5757
15315149 5052
15315253 323
15315257 15
15315269 112
15315347 397
15315479 1
15315479 4
15315529 32
15315551 1
15315571 20
15315649 4392
15315739 165
15315851 1
15315889 11
15315889 2184
15315947 1557
15315959 1
15316003 5
15316061 3
15316069 35
15316069 140
15316079 81
15316111 1380
15316117 9195
15316151 61
15316151 85
15316151 6784
15316181 19
15316181 99
15316193 736
15316211 1
15316241 1756
15316253 67
15316297 1427
15316361 235
15316369 11
15316391 1
15316391 13
15316453 4047
15316531 9
15316661 16
15316661 51
15316667 24
15316703 753
15316837 3
15316837 1752
15316871 21
15316871 2044
15316967 697
15316969 4167
15317033 3
15317041 216
15317063 1
15317117 3
15317251 588
15317303 61
15317311 41
15317329 267
15317399 829
15317483 141
15317531 24
15317717 2184
15317759 4
15317759 1969
15317773 240
15317779 1661
15317801 16
15317837 9408
15317881 8
15317881 60
15317903 1
15317917 2784
15317923 120
15317989 372
15318001 3
15318053 2760
15318059 8392
15318109 239
15318181 240
15318239 1
15318311 1
15318319 69
15318421 15
15318487 557
15318509 4
15318509 2547
15318517 39
15318593 31
15318607 1860
15318671 400
15318689 244
15318767 1393
15318791 1
15318833 15
15318833 6868
15318847 768
15318857 639
15318907 6233
15318949 624
15318983 105
15319043 1
15319049 232
15319063 21
15319063 360
15319079 1
15319093 9147
15319103 1
15319151 1
15319153 2915
15319153 2931
15319211 840
15319217 24
15319237 3
15319253 1063
15319319 685
15319331 381
15319333 56
15319379 45
15319417 992
15319429 6600
15319459 404
15319471 20
15319571 1
15319573 140
15319573 167
15319573 272
15319657 20
15319687 29
15319699 77
15319747 8288
15320141 231
15320141 5899
15320189 31
15320243 12
15320267 37
15320273 48
15320359 5
15320359 816
15320419 9
15320483 25
15320489 184
15320693 216
15320693 811
15320693 2548
15320759 1
15320779 980
15320801 31
15320801 384
15320803 5
15320807 2385
15320891 265
15320951 1
15320951 181
15320951 1600
15321017 3
15321067 24
15321101 75
15321127 5
15321221 3
15321221 660
15321283 45
15321379 116
15321379 525
15321401 184
15321443 52
15321547 24
15321571 765
15321637 35
15321727 7685
15321731 1
15321731 4
15321763 17
15321853 191
15321893 7
15321931 20
15321931 156
15321989 1176
15321989 1816
15322001 43
15322031 1
15322159 5
15322243 9581
15322259 1
15322267 3384
15322271 1
15322337 3
15322337 4024
15322357 2484
15322399 5
15322399 285
15322421 91
15322421 876
15322441 123
15322451 1
15322583 2365
15322667 724
15322691 1
15322717 3
15322717 47
15322717 4580
15322739 1
15322771 389
15322837 392
15322841 4
15322843 536
15322843 1005
15322907 649
15322961 976
15322963 81
15323029 2024
15323123 1
15323353 3
15323401 8
15323423 1360
15323423 4693
15323449 651
15323479 9
15323479 12
15323549 24
15323611 245
15323663 1
15323669 1219
15323719 237
15323729 127
15323729 319
15323743 8
15323797 152
15323807 445
15323831 453
15323879 1
15323897 79
15323939 2232
15323999 577
15324059 25
15324073 71
15324091 281
15324161 3
15324161 115
15324227 3648
15324251 1
15324311 1
15324311 4
15324319 1052
15324343 9033
15324487 4928
15324527 1684
15324541 936
15324563 1
15324607 572
15324677 228
15324677 480
15324689 16
15324707 13
15324787 9
15324941 5664
15324971 1
15324971 660
15324983 1
15324983 268
15325027 5
15325027 72
15325031 69
15325139 9
15325183 5
15325259 1
15325327 68
15325333 8
15325333 312
15325339 564
15325339 3656
15325393 27
15325411 2376
15325537 543
15325573 36
15325577 1072
15325703 16
15325703 7125
15325729 1020
15325741 39
15325771 20
15325777 8
15325883 1
15325939 212
15325943 8553
15325969 27
15326057 7
15326093 7
15326099 1
15326137 27
15326191 393
15326209 4440
15326321 220
15326351 1
15326387 649
15326411 1
15326429 7
15326429 52
15326429 1552
15326461 215
15326539 5
15326581 8
15326681 111
15326737 4143
15326771 1
15326777 5343
15326821 363
15326837 252
15326879 1
15326893 8
15326999 1
15327023 1
15327023 7528
15327101 3519
15327173 63
15327289 8636
15327293 7
15327293 5268
15327383 60
15327383 945
15327401 4
15327443 1
15327451 264
15327451 1925
15327497 7
15327553 23
15327629 280
15327677 252
15327751 48
15327899 1
15327899 24
15327899 45
15327911 2149
15327989 7
15328057 3
15328069 12
15328069 51
15328091 1
15328109 31
15328127 4
15328139 1
15328139 7060
15328147 8
15328583 12
15328637 52
15328697 3
15328727 9073
15328757 339
15328799 4332
15328811 1
15328811 481
15328853 783
15328867 5
15328931 1
15328933 3
15329147 148
15329183 1
15329183 7888
15329213 7767
15329231 7473
15329417 3
15329491 1313
15329527 17
15329551 45
15329551 48
15329591 1
15329621 16
15329711 33
15329791 305
15329791 540
15329819 1
15329863 3813
15329921 3
15329929 420
15329929 2207
15329999 2812
15330019 1404
15330071 9
15330079 212
15330191 121
15330191 496
15330323 117
15330401 48
15330439 5
15330457 539
15330527 25
15330563 1092
15330593 171
15330607 185
15330613 8
15330629 5451
15330943 77
15330943 6597
15330961 491
15330971 25
15331037 9172
15331039 72
15331103 1
15331109 87
15331109 100
15331139 1
15331153 11
15331201 2084
15331213 11
15331279 5
15331489 1107
15331493 7
15331493 48
15331597 287
15331601 195
15331601 1636
15331619 1
15331661 123
15331717 204
15331733 312
15331733 351
15331781 1015
15331871 4
15331871 5968
15331891 776
15331907 9
15331931 13
15331969 11
15331969 231
15332021 3
15332021 1239
15332027 409
15332101 11
15332129 27
15332189 3339
15332201 3
15332243 868
15332279 1
15332287 1925
15332309 7
15332333 7
15332377 479
15332377 623
15332459 136
15332641 468
15332671 5
15332671 9
15332687 9
15332747 24
15332747 52
15332767 45
15332767 669
15332917 6315
15332971 1661
15333007 5
15333007 8
15333007 168
15333077 15
15333077 100
15333077 255
15333077 5640
15333119 1
15333161 184
15333173 27
15333173 2215
15333211 8
15333239 1
15333277 5315
15333343 2241
15333463 20
15333481 15
15333587 280
15333683 1
15333683 16
15333683 2193
15333701 4
15333749 4
15333803 1
15333833 1431
15333863 1
15333883 60
15333883 228
15333911 1
15333911 13
15333911 36
15334093 20
15334093 1016
15334093 4691
15334177 575
15334199 1461
15334259 4
15334303 201
15334339 84
15334373 7
15334471 428
15334699 749
15334757 4
15334763 73
15334763 381
15334811 1
15334819 20
15334829 687
15334993 563
15335039 69
15335051 1
15335059 164
15335063 1
15335081 1288
15335129 12
15335153 7887
15335263 180
15335311 24
15335351 4665
15335357 184
15335381 924
15335381 1939
15335473 47
15335491 2333
15335531 1
15335543 1
15335543 316
15335543 4045
15335611 224
15335611 429
15335623 1721
15335729 51
15335741 88
15335741 3099
15335753 16
15335759 445
15335843 52
15335899 5
15335899 41
15335899 561
15335977 3
15335977 524
15335987 1677
15336007 9
15336017 2199
15336073 3
15336089 136
15336109 995
15336119 37
15336179 1
15336259 6797
15336271 5
15336323 76
15336479 1
15336479 9
15336479 4300
15336487 17
15336527 4
15336539 1
15336539 12
15336551 48
15336571 21
15336577 15
15336577 32
15336593 3
15336733 8
15336773 12
15336877 39
15336917 15
15336983 276
15337079 6537
15337187 8704
15337279 20
15337307 1312
15337319 1
15337453 15
15337471 24
15337471 36
15337471 7641
15337559 1
15337571 1
15337583 1
15337583 388
15337601 36
15337601 120
15337639 17
15337669 11
15337669 299
15337739 312
15337789 291
15337867 8
15337919 1
15337937 7
15337967 580
15338119 4580
15338173 11
15338173 2936
15338177 27
15338177 6055
15338231 1
15338363 96
15338381 4
15338381 759
15338413 3
15338431 3021
15338473 60
15338501 40
15338537 88
15338563 473
15338569 1836
15338663 45
15338693 3
15338693 7308
15338747 280
15338801 360
15338809 476
15338819 8812
15338837 27
15338867 25
15338867 157
15338867 2440
15338903 1
15338903 12
15338951 1
15338989 12
15339059 1
15339113 6412
15339143 25
15339179 1
15339179 9
15339227 4
15339257 112
15339319 9
15339353 243
15339383 4368
15339431 3240
15339473 3
15339473 280
15339673 1815
15339739 9
15339743 1
15339749 15
15339749 420
15339809 7
15339809 387
15339839 21
15339923 21
15339937 8
15339937 23
15339937 2912
15339943 5
15339953 3
15340033 8
15340079 1
15340123 12
15340139 160
15340139 612
15340151 1
15340151 181
15340261 15
15340349 27
15340397 3
15340397 4
15340469 844
15340489 5939
15340499 1
15340651 296
15340669 1259
15340679 1
15340729 27
15340729 440
15340729 599
15340763 40
15340799 112
15340799 480
15340883 1
15341099 1
15341141 288
15341329 12
15341329 6324
15341351 4
15341353 80
15341393 36
15341393 751
15341441 7735
15341527 165
15341603 1
15341603 28
15341611 5
15341659 12
15341779 29
15341839 17
15341903 28
15341929 3507
15341959 581
15341971 324
15341983 192
15342017 2860
15342137 4920
15342251 7104
15342259 116
15342259 4941
15342317 12
15342317 112
15342343 200
15342377 12
15342391 5
15342473 3
15342473 1756
15342499 45
15342527 292
15342637 315
15342683 1
15342683 21
15342683 36
15342697 3
15342757 3
15342797 4
15342797 63
15342883 5
15343019 1
15343019 5140
15343073 67
15343091 81
15343183 2472
15343183 3812
15343193 7
15343249 15
15343381 11
15343381 128
15343381 191
15343409 3000
15343429 35
15343457 132
15343579 224
15343631 1
15343631 4
15343753 8
15343771 384
15343837 5940
15343841 36
15343841 5316
15344053 716
15344099 1
15344099 1860
15344111 1
15344111 24
15344143 116
15344177 3
15344227 749
15344281 1916
15344299 104
15344339 277
15344359 29
15344443 80
15344479 2645
15344569 2999
15344629 140
15344629 2984
15344653 5267
15344839 5945
15344891 9
15344891 25
15344963 52
15345097 308
15345097 1464
15345119 504
15345157 3
15345329 1699
15345353 7
15345383 1
15345389 304
15345401 4
15345401 684
15345401 1840
15345413 1483
15345503 685
15345563 1
15345569 27
15345569 459
15345667 1388
15345697 35
15345731 13
15345817 3
15345817 84
15345877 3380
15345947 4
15346033 4067
15346099 6825
15346211 1
15346213 12
15346237 927
15346343 3913
15346367 4
15346367 85
15346511 1
15346511 129
15346559 1
15346609 431
15346673 48
15346687 17
15346739 1
15346753 3
15346753 87
15346753 3396
15346763 1
15346841 271
15346871 5893
15346901 16
15346951 60
15346951 305
15346951 1524
15346973 27
15347027 469
15347203 7833
15347219 9112
15347261 148
15347261 3751
15347273 16
15347303 7416
15347323 5
15347357 3
15347359 120
15347363 5361
15347363 6037
15347399 457
15347429 12
15347597 528
15347599 21
15347599 957
15347627 4
15347627 9
15347677 4655
15347707 149
15347707 7385
15347777 88
15347807 457
15347819 136
15347833 3
15347911 125
15347951 28
15347951 220
15347951 2421
15347951 7788
15347977 2100
15348001 483
15348017 1515
15348071 1
15348071 4
15348071 60
15348071 196
15348079 5
15348079 117
15348121 3
15348191 1
15348239 16
15348239 72
15348259 192
15348349 300
15348349 627
15348373 3176
15348419 1
15348419 16
15348439 6117
15348547 5
15348559 20
15348563 85
15348563 145
15348589 791
15348679 5
15348691 36
15348731 9
15348911 85
15348967 5
15348973 11
15349013 4060
15349031 264
15349039 9984
15349057 20
15349057 23
15349057 123
15349219 1025
15349253 100
15349267 84
15349289 231
15349289 511
15349291 8
15349291 80
15349337 7
15349337 12
15349379 25
15349387 1064
15349421 583
15349427 1557
15349493 396
15349517 1639
15349541 4
15349541 39
15349553 16
15349591 56
15349661 696
15349699 216
15349721 39
15349799 4
15349801 8
15349801 48
15349951 8
15350107 45
15350197 95
15350197 1704
15350219 2860
15350261 835
15350267 4
15350381 108
15350501 3
15350567 529
15350653 200
15350653 1020
15350801 183
15350849 7
15350891 9
15350963 1
15351019 237
15351071 1
15351101 136
15351239 37
15351257 15
15351283 80
15351319 120
15351331 36
15351367 128
15351383 1
15351433 507
15351437 28
15351467 393
15351491 1
15351491 628
15351529 3395
15351569 4
15351659 1
15351659 177
15351667 65
15351673 935
15351689 1987
15351703 5
15351703 12
15351709 1059
15351719 1105
15351737 39
15351769 696
15351793 15
15351797 3
15351857 28
15351857 88
15351863 837
15351923 1
15351967 5
15351997 3
15352217 15
15352243 197
15352279 41
15352289 204
15352289 4404
15352369 15
15352433 3
15352451 1
15352499 292
15352517 27
15352517 963
15352583 2353
15352613 31
15352679 1
15352739 12
15352739 1917
15352783 53
15352837 3
15352913 3
15352943 7768
15352991 313
15352999 29
15353237 4828
15353263 57
15353293 3620
15353347 17
15353347 6957
15353389 32
15353399 1
15353467 77
15353467 2624
15353497 3
15353497 1020
15353531 4065
15353609 4
15353699 9
15353699 3900
15353753 175
15353867 4
15353929 44
15353977 147
15353993 15
15354019 2201
15354029 7
15354029 111
15354089 195
15354113 132
15354233 3
15354233 351
15354277 12
15354329 2439
15354341 223
15354341 384
15354343 116
15354343 152
15354373 243
15354407 4
15354407 585
15354431 1
15354461 2043
15354463 2636
15354533 3000
15354617 12
15354631 4848
15354653 1200
15354671 13
15354719 721
15354749 4
15354839 1344
15354851 1
15354877 119
15354901 3
15354991 1416
15355019 1
15355027 8
15355027 77
15355031 1
15355073 3
15355091 8020
15355159 2657
15355177 20
15355217 7359
15355271 8829
15355337 8499
15355357 12
15355409 12
15355451 229
15355519 32
15355523 1
15355547 988
15355661 15
15355693 11
15355723 5
15355763 1257
15355801 8
15355801 80
15355829 4627
15355831 344
15355831 2976
15355843 65
15355883 16
15355969 147
15355979 1
15355979 4
15355979 9
15355979 72
15355979 6976
15355997 3
15356039 1
15356101 3
15356137 27
15356189 3591
15356197 3
15356269 3207
15356291 1644
15356339 1
15356339 12
15356359 2565
15356441 4
15356531 36
15356531 393
15356557 3
15356569 131
15356669 1204
15356717 4
15356839 5616
15356981 4
15356989 99
15356989 375
15357019 5
15357049 44
15357049 72
15357049 399
15357131 1
15357131 13
15357143 156
15357193 75
15357283 8
15357283 4613
15357283 8757
15357311 1
15357319 129
15357343 33
15357347 57
15357401 3
15357467 2553
15357473 3
15357509 31
15357569 8272
15357577 327
15357577 635
15357593 3243
15357593 6156
15357631 2865
15357691 944
15357703 7112
15357731 1
15357731 88
15357809 1111
15357869 139
15357887 2548
15357889 296
15357911 4
15357931 389
15357961 3
15357977 27
15358001 459
15358087 9
15358103 3177
15358129 3096
15358141 23
15358151 264
15358193 1008
15358201 3
15358243 2021
15358391 1
15358391 604
15358451 33
15358523 1
15358537 684
15358643 12
15358699 8192
15358727 453
15358741 3
15358753 56
15358757 4
15358781 4
15358787 193
15358843 5
15358949 7
15358957 5375
15358961 6931
15358979 9
15358991 1
15358991 45
15359053 132
15359059 21
15359063 16
15359063 453
15359089 84
15359089 119
15359131 21
15359159 352
15359209 20
15359221 20
15359249 496
15359303 1
15359321 4
15359363 148
15359363 988
15359369 87
15359371 5
15359371 36
15359401 20
15359401 3903
15359413 87
15359441 31
15359441 864
15359527 57
15359599 2205
15359609 135
15359651 1
15359651 808
15359681 159
15359723 1297
15359753 7
15359753 271
15359801 4
15359843 1
15360019 17
15360071 1
15360193 23
15360263 1
15360277 8
15360313 23
15360419 16
15360431 1
15360437 607
15360437 2304
15360509 175
15360539 3232
15360563 13
15360647 72
15360701 31
15360701 111
15360743 1773
15360743 3477
15360767 7065
15360791 4
15360791 49
15360799 69
15360799 360
15360799 621
15360833 5835
15360853 6576
15360899 1
15360901 3
15360901 851
15360977 55
15360977 1240
15361103 1
15361109 7212
15361187 4
15361193 2932
15361207 9
15361231 5
15361273 527
15361273 5843
15361331 1
15361369 1092
15361369 5324
15361397 64
15361403 1
15361439 912
15361459 4304
15361487 4
15361529 244
15361531 569
15361603 5
15361627 5
15361741 44
15361789 24
15361817 52
15361831 6548
15361837 372
15361849 71
15361849 912
15362071 113
15362077 3
15362111 169
15362117 7
15362147 229
15362233 35
15362251 260
15362357 27
15362383 8
15362411 1
15362443 5
15362443 56
15362447 37
15362491 24
15362521 404
15362537 564
15362623 20
15362717 12
15362783 1548
15362801 3
15362857 252
15362857 5844
15362863 137
15362933 7
15362939 1
15362981 3
15362981 379
15363013 2415
15363097 12
15363143 636
15363263 45
15363311 1
15363331 53
15363353 3
15363353 40
15363371 5805
15363401 556
15363431 225
15363431 1500
15363449 4
15363661 3
15363661 36
15363679 44
15363773 3
15363791 1
15363791 4561
15363973 4980
15364007 2953
15364147 12
15364291 153
15364319 25
15364357 315
15364357 5615
15364411 44
15364439 357
15364469 16
15364513 11
15364571 1
15364571 213
15364579 29
15364763 16
15364771 9
15364837 8
15364847 1785
15364861 11
15364907 12
15364907 165
15364927 29
15364981 11
15364981 248
15365003 1132
15365087 28
15365137 3
15365159 1
15365191 44
15365197 8
15365221 15
15365239 189
15365293 48
15365419 84
15365419 360
15365461 8
15365461 35
15365489 36
15365531 433
15365639 1149
15365641 11
15365641 180
15365659 425
15365659 812
15365659 1736
15365681 3
15365681 4011
15365689 395
15365741 880
15365827 20
15365827 872
15365827 4512
15365947 1368
15365947 4137
15365963 6493
15365993 48
15366097 3
15366101 43
15366151 789
15366191 64
15366229 431
15366289 176
15366457 12
15366469 980
15366469 3372
15366529 1040
15366551 1
15366709 3851
15366713 63
15366739 509
15366751 369
15366893 2320
15366931 440
15366941 2023
15366959 1
15367091 1
15367091 213
15367237 3059
15367267 17
15367271 1773
15367343 1
15367369 27
15367399 5
15367463 1
15367489 87
15367493 7
15367511 244
15367531 1781
15367567 60
15367571 9
15367571 24
15367621 1256
15367679 1
15367739 1
15367799 1
15367811 1
15367817 40
15367819 201
15367819 869
15367853 280
15367951 800
15368063 340
15368069 6391
15368081 40
15368123 1
15368137 3284
15368161 96
15368203 5
15368233 15
15368291 16
15368333 7
15368351 1
15368387 33
15368387 57
15368411 169
15368449 95
15368489 7
15368533 1056
15368693 2076
15368699 1437
15368723 28
15368893 23
15368933 40
15368959 476
15368959 1584
15369073 6588
15369073 8475
15369131 1
15369131 256
15369163 5
15369209 79
15369229 680
15369287 37
15369287 40
15369491 2845
15369509 39
15369509 256
15369539 4
15369721 1659
15369721 2168
15369863 1161
15370051 68
15370123 12
15370123 113
15370129 132
15370169 72
15370213 87
15370219 449
15370237 68
15370283 360
15370337 1392
15370423 12
15370543 68
15370543 5700
15370547 340
15370549 647
15370573 3375
15370787 1548
15370819 21
15370919 1
15370919 45
15370933 36
15370973 7
15370973 108
15371017 728
15371087 973
15371203 828
15371387 445
15371387 1024
15371387 7657
15371483 28
15371483 265
15371527 1952
15371563 21
15371563 185
15371579 129
15371591 1149
15371633 4371
15371641 24
15371651 2188
15371669 4
15371669 979
15371771 385
15371803 8
15371833 27
15371903 1
15371921 4380
15371947 9
15371957 3
15371963 1
15371963 732
15372013 3348
15372017 8848
15372053 2287
15372103 8
15372167 45
15372179 1
15372191 21
15372307 5637
15372319 1265
15372323 1
15372323 33
15372481 495
15372557 4
15372563 33
15372571 609
15372611 84
15372787 692
15372787 969
15372803 201
15372839 9
15372923 225
15373009 1920
15373153 335
15373187 2868
15373199 1
15373297 3
15373297 239
15373331 541
15373331 3388
15373349 1716
15373357 615
15373357 1695
15373357 3272
15373531 5561
15373543 732
15373577 3
15373607 4
15373643 1
15373859 24
15373871 64
15373921 3
15373921 83
15373927 105
15373927 360
15373999 84
15374041 1856
15374213 55
15374231 1
15374231 3333
15374297 2547
15374393 1723
15374453 303
15374453 5187
15374459 1
15374473 8
15374473 51
15374581 83
15374581 1860
15374599 836
15374609 39
15374609 6991
15374699 1
15374759 1
15374759 376
15374789 4
15374789 12
15374803 2168
15374881 35
15374897 15
15374911 108
15374923 1596
15374923 3357
15375043 36
15375127 8513
15375299 1641
15375299 6252
15375511 4461
15375517 3660
15375527 73
15375557 7
15375637 1307
15375719 1
15375719 4549
15375719 5440
15375739 2781
15375751 96
15375751 561
15375839 649
15375869 307
15375901 23
15375947 72
15376027 20
15376033 12
15376079 24
15376157 7
15376181 1291
15376243 60
15376261 663
15376289 19
15376289 31
15376321 11
15376321 291
15376337 5568
15376391 165
15376429 332
15376463 1
15376463 2353
15376507 245
15376513 27
15376513 140
15376607 5628
15376609 11
15376631 1
15376633 576
15376727 69
15376733 127
15376831 8
15376831 1989
15376841 519
15376901 4
15376979 1
15376979 69
15377039 37
15377057 3
15377057 4
15377093 63
15377123 13
15377321 4
15377321 9076
15377339 1
15377339 9184
15377357 27
15377423 12
15377633 6355
15377699 660
15377807 24
15377807 60
15377893 35
15377963 21
15377963 156
15377981 1251
15378019 17
15378079 9
15378119 1
15378131 1
15378193 3
15378193 200
15378197 60
15378211 933
15378299 1
15378299 21
15378343 12
15378359 280
15378367 9
15378373 3
15378383 1
15378397 47
15378413 3592
15378457 279
15378547 80
15378553 47
15378653 531
15378653 1056
15378667 1220
15378673 443
15378689 400
15378707 12
15378719 385
15378859 285
15378889 567
15378899 1
15378901 2043
15378929 136
15378929 1459
15378941 19
15378941 1843
15378947 5397
15379043 1
15379043 180
15379109 39
15379139 1
15379391 429
15379489 167
15379499 1
15379519 36
15379547 109
15379561 11
15379583 1
15379613 12
15379697 7707
15379717 20
15379717 32
15379717 48
15379717 72
15379717 1119
15379913 175
15379921 4659
15380083 5
15380119 245
15380143 225
15380159 1
15380159 4
15380171 1
15380171 736
15380203 96
15380213 136
15380243 60
15380279 1
15380347 7497
15380377 4320
15380377 5367
15380383 5
15380429 51
15380447 4
15380447 25
15380459 72
15380549 4
15380581 3
15380591 1
15380591 4
15380591 93
15380623 21
15380683 5837
15380753 3
15380803 593
15380879 2616
15380917 215
15381167 2892
15381187 9
15381251 220
15381271 4673
15381287 924
15381479 1
15381479 25
15381497 4
15381547 5445
15381599 24
15381623 1
15381631 560
15381823 41
15381823 3408
15381911 1
15381979 84
15382021 3
15382027 12
15382063 57
15382091 4
15382091 16
15382091 33
15382091 5553
15382097 7
15382109 4
15382109 36
15382217 88
15382337 12
15382361 1383
15382439 1
15382447 8697
15382517 628
15382529 172
15382531 629
15382547 13
15382547 285
15382547 412
15382781 4
15382853 3
15382877 3
15382907 48
15383023 5
15383047 224
15383047 8189
15383051 1
15383089 9812
15383111 1
15383131 29
15383177 292
15383183 1
15383213 27
15383243 1
15383299 41
15383321 63
15383321 99
15383441 19
15383503 93
15383503 293
15383531 1
15383531 73
15383579 4
15383581 236
15383633 12
15383633 2203
15383647 17
15383653 8
15383821 11
15383839 92
15384013 132
15384013 140
15384023 1
15384049 507
15384059 1
15384121 8
15384137 715
15384157 168
15384157 3228
15384179 1
15384203 1
15384211 21
15384233 36
15384233 88
15384287 9
15384287 972
15384293 103
15384329 2275
15384329 3259
15384359 5584
15384361 63
15384517 687
15384559 2772
15384571 29
15384571 665
15384581 4
15384599 337
15384673 263
15384731 1
15384751 93
15384827 12
15384973 3
15384973 107
15384989 7747
15385039 20
15385067 505
15385087 5
15385087 5877
15385093 1320
15385133 231
15385397 975
15385471 5
15385523 1
15385567 44
15385577 4
15385577 3304
15385621 96
15385661 3
15385729 20
15385753 5060
15385757 147
15385757 7192
15385757 9883
15385759 32
15385871 1
15385891 24
15385933 212
15386047 3368
15386221 6491
15386341 15
15386351 109
15386383 1448
15386383 5037
15386507 9
15386543 4600
15386557 68
15386597 4
15386597 72
15386627 220
15386663 1648
15386743 336
15386743 1568
15386803 5
15386803 45
15386803 545
15386807 37
15386807 5317
15386837 67
15387007 4164
15387133 8216
15387143 213
15387199 885
15387199 965
15387271 116
15387503 1
15387569 2275
15387599 4636
15387637 12
15387773 3
15387797 3
15387821 184
15387877 623
15387913 452
15387923 636
15388063 12
15388063 101
15388133 7
15388169 7
15388207 533
15388237 3
15388253 3
15388253 55
15388361 1875
15388363 8
15388363 3456
15388379 9
15388379 16
15388397 7
15388501 99
15388517 7
15388567 12
15388687 8
15388811 1
15388811 4
15388811 9973
15388823 1
15388823 9640
15388837 3
15388871 36
15388873 171
15388931 1
15388991 444
15388999 89
15389041 11
15389083 5112
15389123 3565
15389243 157
15389249 9100
15389293 6363
15389303 1
15389317 323
15389519 1
15389531 21
15389531 3429
15389711 13
15389761 359
15389767 5772
15389839 461
15389851 2801
15389861 3
15389963 57
15389977 1784
15389993 672
15390143 1
15390149 636
15390269 2367
15390379 9
15390379 45
15390383 1
15390383 21
15390421 35
15390469 116
15390521 303
15390527 909
15390587 4
15390587 37
15390629 67
15390629 120
15390647 69
15390647 265
15390649 5520
15390653 7
15390671 1
15390673 23
15390709 47
15390719 4
15390751 21
15390821 468
15390871 65
15390913 1443
15390913 3048
15390929 324
15390937 2124
15390989 4
15391091 1
15391109 472
15391133 88
15391183 360
15391217 39
15391217 160
15391351 1565
15391403 1573
15391421 4
15391421 4003
15391433 216
15391447 8
15391471 4236
15391529 40
15391553 3
15391561 356
15391561 1635
15391567 9
15391567 93
15391661 159
15391751 1
15391763 16
15391823 1
15391823 532
15391931 25
15392009 4420
15392017 95
15392141 24
15392159 121
15392177 27
15392203 5
15392231 1
15392231 4
15392233 95
15392287 8
15392287 12
15392287 153
15392291 1
15392297 3
15392297 4
15392297 15
15392353 8
15392381 3
15392383 696
15392393 3
15392431 24
15392467 48
15392473 2096
15392483 1
15392537 3
15392627 108
15392677 3443
15392677 5172
15392759 1
15392947 209
15392953 80
15392977 392
15393137 7387
15393181 239
15393181 315
15393223 20
15393293 112
15393353 2536
15393359 612
15393431 4
15393481 264
15393503 1
15393541 24
15393593 328
15393779 21
15393943 5093
15394031 13
15394037 228
15394037 1603
15394079 1
15394087 1817
15394207 2285
15394283 1
15394343 73
15394363 12
15394363 33
15394363 56
15394373 88
15394403 13
15394499 4
15394663 8
15394681 539
15394759 5145
15394801 315
15394801 731
15394871 240
15394871 2853
15394891 56
15394933 8
15394943 1
15394961 4
15394987 825
15395011 3405
15395021 148
15395167 152
15395227 29
15395279 1
15395371 581
15395371 9684
15395423 1
15395423 6745
15395431 3300
15395473 51
15395473 440
15395477 48
15395603 1
15395609 540
15395629 47
15395651 1660
15395651 5845
15395687 52
15395687 637
15395707 113
15395741 108
15395771 1
15395771 13
15395777 1155
15395777 1224
15395801 15
15395827 140
15395929 32
15395983 105
15396011 1
15396047 8652
15396077 7
15396077 324
15396133 3
15396133 5447
15396239 3696
15396253 12
15396257 4
15396263 1
15396313 15
15396379 272
15396427 4608
15396473 12
15396529 2172
15396761 4
15396761 2083
15396763 21
15396779 1
15396779 141
15396893 7
15396923 13
15396943 2676
15396991 116
15397103 1
15397141 3
15397157 139
15397199 1
15397199 76
15397199 457
15397199 1872
15397331 1
15397331 13
15397363 281
15397363 477
15397399 5
15397451 1
15397477 3
15397517 3
15397517 5835
15397523 21
15397537 240
15397601 15
15397639 41
15397691 1
15397691 4
15397729 11
15397729 159
15397843 108
15397859 1
15397897 327
15397897 480
15397939 5
15397939 224
15397951 21
15398027 9
15398027 408
15398087 13
15398129 6024
15398183 21
15398353 47
15398437 32
15398479 41
15398479 612
15398489 816
15398629 27
15398629 51
15398629 887
15398639 1932
15398699 25
15398699 8685
15398729 19
15398731 5
15398731 285
15398861 3
15398963 205
15398969 4995
15398989 171
15399017 3
15399017 75
15399017 4159
15399337 8
15399337 2304
15399383 568
15399431 5340
15399451 36
15399469 71
15399491 73
15399499 24
15399499 332
15399523 17
15399539 1
15399583 45
15399583 4121
15399599 4
15399607 5
15399613 32
15399647 25
15399677 1540
15399679 1236
15399701 123
15399833 120
15399833 7407
15399851 868
15399859 509
15399869 4
15399929 1911
15399931 336
15399947 252
15399959 1
15399959 741
15399997 92
15400043 117
15400043 1533
15400043 3745
15400093 171
15400093 416
15400097 295
15400219 141
15400223 13
15400223 48
15400277 1092
15400327 864
15400391 124
15400391 4896
15400447 357
15400481 4
15400571 1
15400597 7667
15400643 13
15400643 108
15400673 291
15400739 1
15400841 15
15400841 36
15400877 27
15400897 1392
15400969 320
15401003 1
15401003 28
15401093 43
15401159 3984
15401161 3
15401179 132
15401209 5876
15401227 125
15401257 507
15401299 201
15401387 2724
15401497 20
15401629 1964
15401663 1
15401843 93
15401851 233
15401957 907
15401993 36
15402083 1
15402089 151
15402143 1
15402193 20
15402199 5
15402307 152
15402371 1
15402469 104
15402503 112
15402637 203
15402661 20
15402707 25
15402791 1
15402817 480
15402889 899
15403009 3704
15403027 44
15403067 9
15403097 72
15403097 1248
15403291 29
15403327 65
15403403 1
15403439 1
15403441 1575
15403441 1583
15403483 5
15403483 68
15403489 2040
15403517 3
15403561 204
15403567 5
15403601 55
15403603 440
15403651 156
15403673 235
15403709 175
15403711 3596
15403757 12
15403777 24
15403837 1707
15403907 4
15403939 3452
15403991 1209
15404009 7456
15404111 1
15404189 60
15404197 8
15404197 9795
15404201 55
15404287 17
15404287 140
15404287 209
15404353 3
15404357 79
15404377 2240
15404393 2343
15404399 112
15404401 8
15404413 948
15404471 4
15404591 1
15404591 604
15404633 363
15404731 20
15404777 567
15404797 24
15404881 56
15404891 516
15404903 9180
15404933 3
15404947 125
15404969 12
15405011 1
15405017 12
15405031 24
15405121 68
15405163 905
15405251 1
15405289 4560
15405317 12
15405319 596
15405347 9
15405391 53
15405427 17
15405479 105
15405569 52
15405623 1
15405623 13
15405661 68
15405799 6764
15405919 9
15405919 224
15405919 261
15405919 8009
15405959 4
15406009 80
15406031 1
15406031 88
15406117 80
15406123 857
15406133 103
15406147 48
15406187 717
15406189 36
15406249 7391
15406357 8
15406373 451
15406483 2328
15406483 4461
15406499 97
15406499 1137
15406507 1688
15406571 2469
15406747 5
15406789 159
15406871 1
15406931 13
15407069 220
15407087 4
15407113 2543
15407137 1404
15407179 12
15407179 32
15407257 3
15407261 3
15407269 236
15407299 9609
15407351 33
15407377 3699
15407507 33
15407507 2145
15407531 945
15407551 4541
15407641 56
15407653 11
15407669 12
15407699 21
15407699 3285
15407701 48
15407741 1455
15407773 1040
15407839 140
15407981 691
15408059 4
15408067 1893
15408083 1
15408119 12
15408119 105
15408181 3
15408181 243
15408199 20
15408241 3
15408277 20
15408277 1004
15408287 7912
15408331 5
15408331 65
15408343 33
15408361 2063
15408479 1
15408509 6580
15408557 40
15408649 1887
15408707 3037
15408839 244
15408847 8
15408847 6777
15408893 660
15409213 1031
15409223 6681
15409363 1340
15409369 12
15409447 5
15409447 33
15409451 1
15409451 4821
15409477 7892
15409547 1164
15409567 33
15409607 40
15409621 1979
15409753 27
15409753 36
15409763 1
15409813 927
15409813 6068
15409831 81
15409879 1929
15409903 21
15409949 336
15409949 792
15409967 3372
15409987 5
15409997 7
15410009 19
15410009 24
15410051 1
15410123 1
15410209 12
15410231 1
15410267 105
15410363 13
15410363 45
15410371 1305
15410443 12
15410459 301
15410489 915
15410543 168
15410557 8
15410587 153
15410597 3
15410597 2068
15410699 52
15410701 624
15410749 995
15410753 28
15410777 2872
15410887 44
15410933 3
15410939 637
15410939 825
15411031 7484
15411043 4512
15411073 5115
15411107 45
15411119 609
15411133 3
15411199 185
15411251 9
15411391 41
15411497 3
15411553 95
15411593 7
15411611 1
15411623 37
15411661 80
15411719 1
15411719 880
15411779 76
15411797 87
15411839 1
15411853 35
15411857 283
15411857 1707
15411887 133
15411889 3260
15411961 11
15412087 173
15412109 1639
15412121 4840
15412141 3
15412237 272
15412261 8
15412283 1
15412291 29
15412307 4
15412349 75
15412357 408
15412379 469
15412391 4
15412541 15
15412567 6824
15412603 1437
15412627 29
15412627 5048
15412729 812
15412741 8
15412769 1572
15412811 124
15412811 1125
15412841 1516
15412867 9
15412879 836
15412913 2416
15412919 84
15412939 437
15412973 72
15412993 372
15413071 21
15413071 4124
15413077 68
15413113 3
15413141 3
15413141 76
15413263 5
15413273 427
15413291 4
15413291 33
15413311 33
15413507 4
15413507 144
15413561 8620
15413647 6417
15413669 1447
15413683 1956
15413743 80
15413771 1
15413777 9223
15413939 1
15413971 1689
15413971 4160
15414097 20
15414107 24
15414143 1405
15414197 7588
15414211 9
15414239 76
15414271 8
15414271 21
15414293 12
15414299 4
15414299 25
15414323 1
15414337 75
15414349 1676
15414389 4
15414389 252
15414419 7041
15414547 77
15414557 28
15414557 127
15414589 9764
15414611 265
15414611 289
15414809 235
15414823 6552
15414911 40
15414953 7
15414953 795
15415019 1
15415063 216
15415079 1
15415109 612
15415177 743
15415223 1
15415223 21
15415271 249
15415297 207
15415331 4
15415363 648
15415369 120
15415417 75
15415453 95
15415469 19
15415469 4011
15415661 3
15415703 1
15415747 4208
15415837 3
15415837 2900
15415861 8
15415879 5
15415879 185
15415901 4
15415999 9
15415999 261
15416053 3
15416111 1
15416131 9
15416131 65
15416243 13
15416249 55
15416311 44
15416327 520
15416431 80
15416483 33
15416483 732
15416497 5363
15416627 1912
15416711 1
15416717 7
15416813 15
15416857 15
15416857 888
15416887 4524
15416953 3
15417041 2580
15417097 32
15417187 17
15417187 965
15417187 1017
15417191 9960
15417397 1919
15417427 129
15417431 2104
15417491 1
15417503 25
15417529 1071
15417539 157
15417547 5
15417547 269
15417617 7
15417733 1707
15417767 372
15417769 95
15417769 8636
15417907 120
15417917 9787
15417977 4
15418001 1296
15418069 4700
15418079 1
15418079 2784
15418103 81
15418171 3989
15418217 112
15418259 145
15418261 3
15418267 44
15418387 8
15418387 684
15418433 28
15418453 51
15418463 676
15418477 1043
15418567 12
15418597 68
15418673 3
15418673 1107
15418801 84
15418817 4
15418817 487
15418913 5388
15419009 171
15419111 153
15419123 5488
15419293 15
15419293 35
15419363 1
15419471 7840
15419533 3
15419533 27
15419557 3
15419623 21
15419693 3
15419699 1
15419749 44
15419801 36
15419819 1
15419819 16
15419819 417
15419837 2584
15419869 1812
15420011 60
15420017 12
15420043 2025
15420079 9
15420131 868
15420133 6515
15420179 592
15420203 21
15420253 1572
15420269 31
15420329 7
15420329 244
15420443 213
15420443 5488
15420463 3528
15420539 1
15420589 135
15420589 384
15420641 4
15420661 60
15420793 123
15420803 1
15420829 464
15420863 12
15420907 5
15420907 2484
15420949 2639
15420991 473
15421093 15
15421139 661
15421183 8
15421183 12
15421183 137
15421187 4
15421187 853
15421277 4
15421277 63
15421319 1
15421333 8
15421333 1076
15421411 5
15421423 185
15421423 188
15421529 252
15421543 5
15421583 1
15421709 804
15421723 6156
15421789 99
15421789 2955
15421793 31
15421793 5671
15421807 3945
15421921 8
15421943 180
15422003 1
15422023 12
15422089 39
15422089 6780
15422149 167
15422219 1
15422219 69
15422263 125
15422279 1
15422279 3561
15422411 1
15422411 141
15422497 35
15422551 473
15422591 769
15422611 60
15422713 603
15422887 8
15422887 17
15423019 5
15423019 132
15423071 9
15423103 180
15423181 24
15423181 5463
15423313 27
15423313 5067
15423319 9
15423319 24
15423427 572
15423431 9
15423491 129
15423493 75
15423493 5840
15423511 5
15423511 56
15423511 288
15423581 3
15423589 660
15423671 2529
15423697 48
15423781 3
15423791 7881
15423817 23
15423817 84
15423917 7
15423983 4081
15423997 159
15424093 3
15424231 3081
15424273 3
15424303 5
15424307 4
15424337 4
15424351 600
15424363 117
15424373 40
15424393 92
15424427 12
15424439 1
15424483 333
15424483 953
15424529 3324
15424553 15
15424663 41
15424663 1016
15424727 48
15424757 3
15424793 1092
15424823 820
15424841 3
15424841 24
15424867 2013
15424907 184
15424993 5640
15424993 6311
15425057 19
15425083 8
15425099 2236
15425101 3
15425117 39
15425219 1
15425219 4
15425219 8161
15425243 3660
15425257 68
15425287 2033
15425357 367
15425437 15
15425513 211
15425513 3811
15425561 3
15425563 177
15425567 4480
15425603 1
15425621 484
15425671 53
15425719 12
15425759 1
15425807 2220
15425899 161
15425909 5611
15426017 3
15426017 7
15426023 1
15426079 32
15426079 1205
15426097 8
15426101 76
15426113 2575
15426143 1
15426143 552
15426193 3
15426193 12
15426221 2283
15426269 7
15426269 4480
15426329 2136
15426391 60
15426419 21
15426431 1
15426431 33
15426529 12
15426529 1556
15426577 3
15426659 9592
15426751 3113
15426779 24
15426779 117
15426863 1
15426877 8
15426877 2495
15426889 1919
15426923 1
15426967 348
15426991 5745
15427019 1
15427033 212
15427117 24
15427117 83
15427121 3
15427129 11
15427157 484
15427189 2559
15427201 15
15427231 4181
15427231 5084
15427271 9
15427277 3
15427283 1
15427289 16
15427289 55
15427343 1
15427417 3
15427417 20
15427417 1799
15427493 3
15427541 4
15427543 1097
15427547 2040
15427567 380
15427729 92
15427771 20
15427799 1
15427837 8
15427921 131
15427949 4
15428093 63
15428107 45
15428183 12
15428191 8
15428221 11
15428251 8
15428339 40
15428351 9
15428351 1156
15428383 7593
15428419 4661
15428429 4
15428461 68
15428467 1548
15428599 24
15428713 311
15428753 7
15428761 15
15428767 9
15428813 156
15428921 816
15428921 1243
15428947 60
15429173 51
15429187 44
15429241 3
15429269 15
15429383 1
15429419 4
15429433 5811
15429559 5
15429559 20
15429559 2880
15429671 1
15429679 597
15429683 21
15429719 544
15429773 15
15429773 268
15429779 1
15429793 8
15429793 1751
15429809 4
15429859 2252
15429923 1
15429923 1048
15429929 156
15430007 33
15430087 3948
15430111 260
15430139 1
15430139 12
15430253 3
15430297 8
15430307 12
15430379 1
15430379 1825
15430399 456
15430423 41
15430511 309
15430511 1000
15430763 1
15430799 349
15430847 1680
15430873 8148
15430879 2556
15430939 1436
15431077 3
15431107 9
15431131 125
15431153 892
15431159 1
15431177 3
15431179 5
15431237 2272
15431309 4
15431329 24
15431387 1492
15431527 477
15431561 199
15431587 5
15431657 19
15431693 12
15431729 75
15431729 5991
15431753 36
15431813 15
15431917 3507
15431993 7
15431993 363
15432211 33
15432271 224
15432271 5336
15432383 676
15432383 1696
15432383 8833
15432467 144
15432493 3
15432499 17
15432499 29
15432499 224
15432601 39
15432619 5
15432619 516
15432619 1512
15432623 52
15432623 7585
15432673 32
15432673 35
15432709 116
15432757 3395
15432763 840
15432763 1248
15432899 964
15432961 1319
15433151 28
15433163 117
15433169 412
15433169 7024
15433217 184
15433283 1
15433349 631
15433393 135
15433459 320
15433463 13
15433463 108
15433777 15
15433837 668
15433853 51
15433889 79
15433963 4341
15433967 45
15434047 332
15434059 296
15434117 3
15434149 240
15434161 936
15434231 4
15434273 7
15434273 132
15434297 64
15434333 7
15434399 21
15434579 729
15434651 69
15434689 3852
15434693 40
15434791 5
15434927 28
15434953 356
15434981 3
15434987 12
15435041 3
15435089 252
15435157 48
15435313 216
15435389 124
15435443 1
15435487 12
15435487 2237
15435503 1
15435503 1008
15435503 1956
15435547 12
15435671 1
15435781 371
15435841 120
15435851 4
15435851 345
15435857 3
15435857 12
15435911 1
15435971 28
15435991 7896
15436081 44
15436081 63
15436081 251
15436087 389
15436273 36
15436279 1244
15436279 2045
15436297 143
15436313 72
15436319 4
15436319 1144
15436327 7308
15436451 36
15436651 29
15436859 177
15436879 104
15437111 4
15437111 21
15437167 9537
15437267 57
15437273 3
15437371 5
15437381 6228
15437407 617
15437441 4
15437441 36
15437441 2199
15437551 1364
15437579 1132
15437651 1
15437687 13
15437687 532
15437693 927
15437707 713
15437711 429
15437759 64
15437759 265
15437803 605
15437833 131
15437909 1095
15437911 41
15437927 48
15437927 624
15437987 1812
15438131 93
15438167 3285
15438197 48
15438209 3231
15438539 4
15438593 520
15438641 4
15438653 3
15438719 1
15438719 216
15438779 57
15438779 309
15438803 72
15438827 1704
15438859 1224
15438881 1299
15438931 2793
15438937 3
15439019 1
15439159 32
15439181 15
15439211 1
15439289 111
15439301 4
15439327 5
15439331 1
15439331 73
15439373 327
15439379 2125
15439399 5
15439399 1064
15439499 9156
15439561 24
15439583 621
15439637 3
15439637 363
15439729 44
15439747 68
15439751 4
15439759 9
15439817 7
15439817 1407
15439819 12
15439883 1
15439889 4
15439889 616
15440021 580
15440039 9
15440039 40
15440059 5
15440099 9
15440143 96
15440171 33
15440219 1
15440237 4
15440239 264
15440357 2352
15440377 39
15440413 120
15440431 5
15440443 752
15440497 3
15440531 420
15440531 2865
15440549 424
15440599 92
15440617 8012
15440687 24
15440881 215
15440891 16
15440899 704
15440921 15
15440921 8584
15440941 131
15440959 3209
15441011 384
15441043 32
15441061 240
15441089 64
15441121 3
15441197 435
15441197 3427
15441227 312
15441259 2120
15441341 4075
15441353 8500
15441409 95
15441443 4500
15441463 1680
15441529 404
15441581 28
15441599 1
15441599 241
15441641 4
15441641 96
15441743 21
15441781 3
15441787 45
15441787 137
15441799 3044
15441941 799
15441971 1
15441983 45
15442019 1
15442033 3
15442033 243
15442033 507
15442033 3948
15442267 660
15442277 220
15442277 927
15442279 156
15442291 284
15442291 1629
15442327 9309
15442489 47
15442517 304
15442517 675
15442589 279
15442631 1
15442667 9
15442709 15
15442733 171
15442811 1
15442811 9
15442811 8676
15442957 3
15442963 21
15442963 2676
15442969 695
15442969 2160
15443003 1
15443003 1732
15443041 11
15443173 11
15443201 36
15443221 231
15443291 9453
15443297 4192
15443303 1
15443377 24
15443377 792
15443413 3
15443413 740
15443443 225
15443507 9
15443621 2319
15443629 35
15443711 4333
15443759 2281
15443861 3
15443951 1
15443959 17
15444001 59
15444047 40
15444061 24
15444073 36
15444073 63
15444073 3452
15444119 1
15444173 16
15444203 657
15444239 5685
15444251 9
15444329 207
15444337 248
15444379 5
15444469 96
15444521 160
15444521 2980
15444547 1557
15444547 3684
15444593 12
15444613 72
15444641 4
15444643 308
15444643 393
15444643 5388
15444673 3
15444703 12
15444761 76
15444827 12
15444841 24
15444881 4
15444881 900
15444931 288
15444931 701
15444943 5
15444943 32
15445033 3
15445033 231
15445049 12
15445057 1268
15445123 4556
15445153 143
15445253 2287
15445321 11
15445439 4
15445439 9
15445439 8997
15445457 75
15445481 3
15445481 24
15445513 467
15445579 1557
15445583 1
15445637 63
15445709 2572
15445739 1
15445753 3992
15445769 40
15445823 1
15445873 3
15445933 468
15445999 437
15446003 1
15446117 2679
15446203 681
15446209 32
15446213 1095
15446293 71
15446371 4601
15446399 9
15446399 469
15446429 796
15446551 9384
15446611 453
15446687 4
15446687 24
15446699 1
15446701 600
15446747 169
15446747 289
15446803 33
15446803 468
15446891 1
15446923 360
15446941 99
15446957 7
15447043 276
15447071 928
15447097 4332
15447121 3
15447139 849
15447151 365
15447151 1181
15447193 923
15447217 59
15447359 1
15447359 144
15447427 249
15447431 3720
15447479 1
15447491 3064
15447569 240
15447583 5
15447599 9
15447599 1197
15447613 3
15447637 3
15447659 100
15447671 324
15447737 928
15447841 24
15447847 968
15447871 2289
15447919 192
15447961 3
15447961 275
15447961 536
15447979 96
15448057 8172
15448073 15
15448201 15
15448241 4
15448283 4881
15448313 2452
15448327 17
15448379 1
15448429 35
15448453 56
15448483 48
15448523 1
15448549 47
15448637 12
15448703 1
15448717 204
15448717 1575
15448723 228
15448747 24
15448747 57
15448753 92
15448813 71
15448813 2223
15448907 13
15448991 1
15449117 2152
15449179 129
15449207 3033
15449233 140
15449237 208
15449237 624
15449411 1
15449543 1
15449557 1692
15449561 4
15449561 8803
15449839 5
15449839 924
15449849 87
15449891 1
15450031 288
15450077 4959
15450137 3
15450137 4
15450157 228
15450163 8
15450187 5
15450191 1
15450203 36
15450217 1259
15450221 4
15450241 3
15450251 1
15450251 4
15450299 1
15450313 3
15450313 5468
15450343 408
15450353 91
15450371 1
15450371 1149
15450499 92
15450499 105
15450541 455
15450541 3735
15450551 1
15450551 7513
15450661 2339
15450661 5091
15450683 228
15450731 1
15450913 20
15450923 6132
15450983 1
15450983 21
15450983 105
15450991 2121
15451039 65
15451063 176
15451129 5259
15451141 3344
15451159 60
15451307 4
15451307 24
15451441 780
15451481 3
15451481 403
15451537 279
15451537 2735
15451543 48
15451543 1260
15451571 1
15451571 45
15451649 595
15451661 328
15451669 11
15451669 35
15451703 1
15451703 1665
15451721 1680
15451879 2109
15451897 1259
15451993 5511
15452053 312
15452137 120
15452141 316
15452153 1435
15452183 13
15452207 352
15452287 228
15452287 428
15452341 3
15452363 25
15452443 8
15452543 1
15452557 144
15452579 1
15452579 4
15452683 4641
15452687 4
15452729 64
15452797 1392
15452809 60
15452861 16
15452873 528
15452897 9972
15452903 112
15452917 15
15452959 5
15452959 849
15453041 4
15453059 280
15453059 2436
15453131 1
15453197 175
15453223 1257
15453299 1
15453307 284
15453343 272
15453359 1
15453377 487
15453419 1
15453437 24
15453649 12
15453653 9456
15453671 561
15453733 15
15453733 27
15453797 55
15453983 1
15453989 312
15453989 7932
15454009 44
15454081 3
15454199 1
15454199 4
15454199 61
15454199 105
15454297 399
15454301 4
15454349 15
15454363 2340
15454451 1
15454471 1341
15454531 9
15454541 16
15454553 2331
15454697 3540
15454739 1
15454763 141
15454787 85
15454811 1
15454811 40
15454843 4668
15454927 300
15454979 1
15454979 2940
15454997 400
15455087 4
15455087 57
15455101 3
15455131 5816
15455177 763
15455197 263
15455221 99
15455327 757
15455353 1395
15455357 183
15455389 11
15455393 3
15455393 43
15455393 132
15455423 36
15455501 3
15455537 4815
15455591 1
15455663 1
15455711 64
15455953 3
15455959 5
15455971 2564
15455971 4565
15455983 17
15455983 3005
15456031 45
15456031 5813
15456059 45
15456079 732
15456109 5439
15456167 12
15456191 1
15456229 432
15456277 1403
15456359 1
15456403 92
15456503 1
15456517 8195
15456601 863
15456613 72
15456653 3
15456703 41
15456809 4
15456863 445
15457103 16
15457109 124
15457159 101
15457283 25
15457381 59
15457411 380
15457427 1132
15457567 9
15457571 2005
15457591 413
15457613 60
15457661 4839
15457703 7237
15457711 996
15457763 568
15457789 600
15457829 4
15457901 3
15457951 5
15457979 384
15457987 897
15457991 361
15458041 3
15458147 24
15458297 19
15458383 5
15458411 69
15458447 3285
15458551 185
15458587 8
15458633 15
15458657 3
15458687 472
15458753 7
15458893 107
15458923 12
15458923 5976
15459011 9
15459011 88
15459089 51
15459131 864
15459149 171
15459149 280
15459251 105
15459259 9200
15459271 245
15459271 3269
15459299 24
15459343 5
15459343 12
15459461 3
15459461 108
15459461 199
15459463 8
15459751 216
15459761 4
15459761 9235
15459809 4519
15459811 9
15459827 297
15459967 528
15460001 940
15460057 12
15460097 3
15460097 2328
15460099 5589
15460217 123
15460223 1
15460229 424
15460273 131
15460303 20
15460303 1980
15460307 1044
15460331 13
15460421 31
15460421 316
15460427 12
15460469 76
15460481 4
15460483 1377
15460483 3773
15460541 8331
15460559 1
15460583 180
15460691 1
15460727 4
15460793 3
15460793 12
15460811 720
15460859 1
15460859 4800
15460867 2129
15460933 140
15460937 48
15461051 24
15461063 1
15461077 20
15461113 647
15461399 1
15461399 85
15461429 79
15461431 8
15461431 2484
15461431 5696
15461513 96
15461539 585
15461659 69
15461723 1
15461723 61
15461783 25
15461807 1872
15461807 5485
15461813 7
15461827 5
15461909 7
15461921 3
15461951 1
15462103 8
15462103 336
15462103 2717
15462127 764
15462157 219
15462157 539
15462173 3
15462217 15
15462217 564
15462259 6560
15462269 4947
15462313 288
15462383 1
15462383 13
15462427 5
15462439 377
15462467 292
15462529 180
15462659 529
15462659 4845
15462721 2496
15462731 1
15462761 1324
15462791 4405
15462793 6356
15462871 1248
15462959 12
15462973 200
15463037 3
15463163 25
15463237 2655
15463247 2212
15463271 1
15463271 25
15463411 1601
15463471 2789
15463477 99
15463501 9920
15463571 21
15463571 1456
15463709 984
15463879 3476
15463949 15
15464023 5
15464051 1
15464051 96
15464063 1
15464147 9
15464159 1
15464213 3
15464231 1
15464359 21
15464359 2321
15464369 2187
15464377 32
15464377 312
15464377 7020
15464521 2295
15464597 147
15464597 279
15464639 1
15464639 16
15464707 5
15464767 1893
15464791 69
15464837 48
15464837 2095
15464983 4056
15465011 1
15465041 1171
15465061 3
15465071 1
15465137 24
15465161 196
15465301 983
15465319 57
15465641 3
15465641 6183
15465649 11
15465721 8
15465721 2015
15465761 16
15465761 136
15465761 760
15465763 137
15465799 5
15465839 1
15465871 33
15465881 36
15465883 572
15465917 159
15465917 4788
15465953 27
15466021 6828
15466043 8841
15466151 4
15466229 276
15466271 745
15466313 8815
15466411 4160
15466417 99
15466453 1767
15466463 1
15466463 12
15466499 4000
15466519 17
15466519 24
15466519 4616
15466571 81
15466643 172
15466769 555
15466811 16
15466873 80
15466873 6012
15466939 5
15466943 193
15466973 543
15466973 3700
15467009 12
15467041 3
15467069 4
15467117 1567
15467377 344
15467393 88
15467609 424
15467623 77
15467657 120
15467657 163
15467663 1
15467719 44
15467737 8
15467737 24
15467789 135
15467801 19
15467899 101
15467929 195
15467999 1
15467999 309
15468077 519
15468083 1
15468119 1
15468169 11
15468329 2671
15468359 304
15468539 1
15468569 31
15468599 1
15468599 285
15468599 8665
15468631 881
15468667 5
15468671 1
15468671 109
15468697 72
15468731 1
15468737 144
15468749 7
15468799 5
15468799 81
15468821 3
15468853 176
15468877 8
15468989 295
15468989 1464
15469007 289
15469039 5
15469039 125
15469159 77
15469183 116
15469187 160
15469199 1
15469231 5
15469231 1604
15469327 6564
15469339 5
15469373 6775
15469511 153
15469513 2580
15469577 28
15469579 5
15469579 9
15469583 16
15469703 1
15469709 2364
15469759 96
15469763 1
15469763 396
15469771 104
15469787 124
15469793 187
15469871 1
15469897 3
15469967 97
15469967 225
15470057 15
15470057 1915
15470071 2708
15470129 24
15470131 5
15470131 3741
15470159 1
15470159 96
15470249 4095
15470347 33
15470353 27
15470359 57
15470419 9
15470419 2777
15470461 35
15470471 25
15470471 36
15470549 1479
15470563 5
15470563 2756
15470569 87
15470593 2451
15470621 40
15470621 868
15470621 1803
15470681 108
15470681 291
15470711 1
15470831 1
15470843 5917
15470879 1
15470879 9
15470893 1095
15470893 2256
15470911 3201
15470929 140
15470957 15
15470993 748
15470993 8787
15471041 15
15471061 3551
15471067 3089
15471103 672
15471107 7548
15471121 39
15471163 1800
15471167 25
15471293 3
15471331 4313
15471347 4708
15471353 36
15471371 13
15471457 155
15471583 36
15471593 15
15471737 112
15471739 21
15471767 4
15471779 1
15471949 1091
15471971 1
15471971 21
15471991 9
15472001 720
15472019 4
15472043 1
15472133 711
15472201 3
15472207 48
15472207 2852
15472313 483
15472349 367
15472357 239
15472411 101
15472417 39
15472417 9699
15472421 3
15472433 7
15472487 445
15472489 155
15472559 4216
15472679 1
15472693 5663
15472753 231
15472753 4355
15472781 4
15472901 31
15473041 80
15473071 441
15473131 45
15473197 15
15473197 84
15473219 1
15473261 15
15473303 1
15473369 4
15473407 5
15473459 12
15473477 7
15473477 259
15473477 8484
15473671 3605
15473671 6900
15473699 345
15473797 1815
15473891 1
15474059 9
15474059 96
15474071 25
15474073 135
15474143 1
15474187 2252
15474211 2801
15474269 91
15474293 4887
15474443 220
15474451 5
15474451 8
15474497 3
15474497 4
15474551 1
15474551 264
15474553 8195
15474593 7
15474601 291
15474647 132
15474647 3213
15474649 36
15474659 1
15474751 8
15474773 51
15474779 592
15474793 5771
15474803 13
15474829 71
15474829 72
15474829 351
15474841 80
15474841 716
15474857 15
15474863 85
15474871 521
15474937 35
15474959 16
15474971 156
15474971 2668
15474971 4873
15474997 15
15474997 9479
15475013 228
15475091 3096
15475121 3
15475223 28
15475247 840
15475259 1
15475259 1345
15475277 775
15475337 4
15475337 3852
15475387 8
15475403 1
15475451 4
15475451 900
15475469 3852
15475501 8
15475501 216
15475511 448
15475529 232
15475631 4
15475667 9
15475679 9429
15475699 956
15475703 712
15475777 240
15475871 1
15475871 561
15475951 396
15475973 52
15475991 1
15476009 7
15476009 96
15476081 4
15476117 295
15476189 12
15476189 40
15476189 915
15476243 141
15476281 39
15476287 5
15476287 9
15476333 96
15476339 21
15476473 3
15476491 9
15476501 3
15476561 7015
15476569 459
15476569 1172
15476609 96
15476611 2364
15476623 5
15476663 1
15476683 200
15476831 9340
15476873 1687
15476983 5
15477041 168
15477071 4
15477079 65
15477083 1
15477149 15
15477193 80
15477221 2763
15477239 1
15477239 25
15477239 60
15477239 916
15477481 39
15477481 119
15477487 12
15477559 24
15477731 4
15477731 2461
15477733 516
15477733 867
15477739 12
15477751 8
15477751 788
15477821 1680
15477857 223
15477907 329
15477911 1
15478147 464
15478147 1148
15478153 152
15478271 4
15478283 361
15478301 1683
15478453 3
15478457 835
15478457 1407
15478493 3
15478501 3
15478501 11
15478583 1
15478621 8
15478621 108
15478649 4
15478649 604
15478693 212
15478733 36
15478807 4100
15478867 5
15478873 3
15478909 27
15478909 344
15478927 17
15478927 660
15478949 144
15478949 496
15478949 1831
15478963 1356
15479029 20
15479081 16
15479081 1840
15479083 80
15479089 987
15479111 1
15479111 33
15479131 45
15479153 3
15479203 17
15479237 8764
15479257 3
15479257 27
15479287 108
15479341 335
15479363 1
15479363 7320
15479413 3
15479413 60
15479489 4
15479573 4155
15479609 3531
15479627 9
15479641 284
15479683 20
15479683 872
15479839 12
15479879 645
15479887 44
15479969 15
15480053 2172
15480107 69
15480163 8325
15480181 51
15480197 6984
15480203 1
15480299 21
15480313 15
15480331 21
15480373 8
15480433 3
15480433 347
15480499 9
15480499 92
15480499 476
15480511 8853
15480527 2404
15480617 19
15480677 4
15480691 8
15480737 3
15480767 13
15480869 15
15480901 39
15480901 63
15480923 21
15480923 1785
15481009 24
15481043 372
15481073 3
15481073 1420
15481153 3
15481223 1
15481223 1380
15481321 239
15481321 1320
15481439 1
15481439 16
15481463 1
15481469 4
15481483 48
15481513 423
15481549 852
15481573 8
15481727 193
15481787 28
15481859 1
15481993 2780
15482011 5
15482119 185
15482231 220
15482263 6060
15482329 24
15482333 7
15482447 112
15482479 24
15482569 791
15482633 3
15482681 4371
15482807 205
15482809 135
15482827 7860
15482861 15
15482861 115
15482861 4599
15482911 3941
15482911 5928
15482941 3
15483079 852
15483089 55
15483151 33
15483211 9
15483211 3108
15483253 1095
15483317 3
15483343 512
15483557 12
15483641 1380
15483659 3220
15483869 2011
15483907 5
15483907 92
15483971 1
15483977 15
15484087 357
15484087 389
15484187 984
15484199 4
15484247 625
15484279 17
15484279 177
15484363 272
15484387 297
15484409 2112
15484421 1335
15484453 12
15484453 255
15484453 467
15484453 720
15484457 1164
15484489 416
15484519 9
15484697 352
15484709 247
15484771 113
15484823 12
15484823 33
15484879 1064
15484919 244
15485059 125
15485179 392
15485293 12
15485299 141
15485299 801
15485311 113
15485321 60
15485339 1
15485341 11
15485363 1
15485363 61
15485411 85
15485429 27
15485441 9268
15485471 4
15485473 188
15485539 180
15485539 189
15485549 16
15485581 15
15485581 9015
15485653 8
15485653 36
15485677 555
15485711 4
15485711 1189
15485761 59
15485837 7
15485849 156
15485857 104
15485863 8
15485917 3
15485933 7
15485933 292
15485941 123
15485959 1685
15485993 963
15485993 5820
15486059 36
15486241 123
15486283 81
15486283 357
15486451 5
15486649 812
15486707 4
15486719 4
15486719 12
15486739 120
15486749 1251
15486769 1136
15486791 1
15486931 68
15486967 105
15487007 144
15487007 253
15487019 45
15487019 85
15487061 459
15487103 120
15487151 1
15487361 76
15487361 555
15487399 5
15487469 4
15487541 24
15487543 1892
15487583 13
15487583 1368
15487609 15
15487621 8
15487721 175
15487733 132
15487739 1680
15487889 31
15487889 100
15487909 6479
15487909 6516
15487931 1
15488009 39
15488129 55
15488197 3
15488203 5
15488257 39
15488279 1
15488321 3
15488387 12
15488387 1665
15488441 1855
15488491 44
15488509 2139
15488527 77
15488563 125
15488563 768
15488677 2847
15488687 4
15488723 1816
15488771 4
15488783 1380
15488789 4
15488801 276
15488807 309
15488827 5
15488881 3
15488881 8
15488917 1223
15488951 25
15488953 8
15488981 264
15489031 213
15489053 31
15489053 691
15489107 1344
15489151 5
15489151 8
15489233 36
15489263 93
15489263 481
15489269 7687
15489323 96
15489343 21
15489343 1212
15489343 1893
15489493 36
15489521 3
15489521 139
15489611 105
15489623 36
15489671 7908
15489679 60
15489811 309
15489821 3
15489823 5
15489823 12
15489899 1
15489937 8
15489937 2499
15489979 44
15490001 3
15490093 96
15490127 7452
15490217 292
15490231 9
15490243 45
15490261 111
15490303 1241
15490313 28
15490327 2157
15490367 112
15490429 180
15490639 689
15490691 61
15490693 8
15490693 7251
15490747 8
15490801 3
15490823 12
15490883 1
15490883 157
15490897 1595
15490973 43
15491039 1
15491039 12
15491053 3
15491291 1
15491291 121
15491297 3
15491299 585
15491299 6924
15491321 3
15491323 6393
15491383 321
15491389 2187
15491401 1535
15491459 765
15491477 1264
15491501 4
15491591 184
15491603 1
15491617 8
15491647 300
15491659 9
15491659 176
15491711 1
15491813 268
15491923 668
15492017 24
15492023 153
15492031 65
15492241 4263
15492259 5
15492299 49
15492311 1
15492553 3
15492553 191
15492623 1
15492649 1004
15492707 48
15492709 1572
15492713 28
15492727 329
15492727 8820
15492739 24
15492767 28
15492767 472
15492779 117
15492811 8
15492859 12
15492881 4
15492941 711
15492959 1
15492959 40
15492991 5
15492991 468
15493019 529
15493021 3519
15493217 24
15493217 307
15493277 7
15493277 3063
15493349 2124
15493403 1
15493427 28
15493433 43
15493463 6225
15493507 8
15493507 9
15493537 24
15493537 5924
15493553 7
15493567 1020
15493571 1081
15493603 33
15493661 15
15493711 21
15493727 4
15493733 3
15493811 609
15493811 789
15493823 13
15493871 16
15494027 108
15494041 768
15494051 21
15494051 24
15494071 236
15494071 441
15494071 785
15494197 6240
15494251 6596
15494299 45
15494317 3
15494321 3
15494411 1
15494411 1101
15494579 84
15494579 301
15494627 4
15494653 855
15494789 4
15494813 3
15494821 5063
15494849 124
15494849 264
15494909 4
15494929 191
15494933 3
15495049 116
15495059 1
15495131 1
15495131 4
15495131 9648
15495299 2284
15495409 15
15495413 7
15495413 8028
15495457 272
15495511 65
15495547 45
15495589 9860
15495611 120
15495617 7
15495671 13
15495673 3
15495709 272
15495719 1
15495787 65
15495869 1200
15495943 21
15495943 57
15495989 2839
15496009 12
15496037 435
15496049 1320
15496111 21
15496123 33
15496133 8280
15496139 1
15496139 12
15496171 24
15496241 3
15496321 159
15496399 6105
15496471 773
15496471 3104
15496519 24
15496529 756
15496553 3
15496627 17
15496627 24
15496627 6908
15496697 180
15496709 99
15496709 4036
15496711 24
15496711 48
15496711 1001
15496721 931
15496849 252
15496853 228
15496903 8
15496903 468
15496919 4
15496997 40
15497017 107
15497113 1940
15497173 20
15497173 315
15497203 1392
15497227 312
15497311 5
15497311 2964
15497333 7
15497453 7
15497539 20
15497543 1
15497543 1137
15497579 129
15497717 207
15497723 16
15497747 7693
15497753 3
15497771 168
15497879 1
15497879 24
15497891 4
15497969 3279
15498071 309
15498071 5524
15498127 12
15498137 7
15498137 192
15498137 1128
15498181 51
15498257 75
15498317 99
15498421 35
15498421 5300
15498599 117
15498677 4
15498689 180
15498809 687
15498929 7
15498929 664
15498971 21
15499007 9
15499139 589
15499201 95
15499321 3
15499381 3
15499391 1
15499399 1596
15499417 2628
15499441 23
15499567 5
15499591 5460
15499621 24
15499621 120
15499643 1681
15499663 68
15499709 427
15499711 5
15499741 60
15499793 6063
15499817 3
15499901 159
15499943 1596
15499987 45
