10000079 1
10000103 936
10000261 3
10000271 1
10000303 81
10000349 52
10000439 1
10000453 392
10000609 11
10000643 25
10000651 341
10000691 373
10000733 7375
10000741 15
10000759 209
10000763 576
10000799 144
10000871 13
10000871 28
10000871 1009
10000891 24
10000961 19
10001081 1776
10001231 21
10001357 115
10001363 376
10001399 1
10001461 231
10001521 383
10001531 1
10001603 12
10001603 1641
10001603 8133
10001701 119
10001701 156
10001777 7
10001779 5
10001801 3
10001819 2916
10001903 6336
10001921 1128
10001963 1
10001963 1312
10002007 968
10002017 3
10002053 3
10002059 4
10002149 7
10002149 256
10002197 4
10002257 6384
10002287 424
10002403 5
10002403 8
10002431 4
10002521 2563
10002563 2097
10002649 56
10002653 100
10002659 1
10002763 57
10002803 973
10002809 4
10002887 9
10002887 73
10002929 7
10002943 365
10002959 1
10003027 89
10003031 4185
10003043 1
10003121 3
10003127 324
10003181 3
10003181 28
10003277 4
10003337 60
10003373 2352
10003457 15
10003471 113
10003517 27
10003571 129
10003583 1
10003583 9268
10003639 21
10003657 12
10003681 1955
10003717 24
10003729 36
10003739 1
10003787 4392
10003859 1
10003891 9
10003891 36
10003897 123
10003943 405
10004039 3009
10004063 1
10004119 1296
10004191 6185
10004243 1
10004261 16
10004273 271
10004303 1
10004341 764
10004447 420
10004543 13
10004573 6367
10004611 8
10004983 48
10005007 2132
10005041 2004
10005119 1
10005169 9632
10005179 1
10005209 36
10005209 3907
10005227 1320
10005379 20
10005431 1
10005451 5
10005473 27
10005497 15
10005511 165
10005581 48
10005641 3
10005641 48
10005683 172
10005683 400
10005731 1
10005773 8215
10005791 1
10005833 3
10005881 24
10005881 3280
10005883 20
10005953 36
10005967 2529
10005977 624
10006039 5
10006039 620
10006063 4188
10006067 9
10006097 4
10006121 3
10006151 1
10006151 1813
10006163 5113
10006177 8
10006207 764
10006307 660
10006349 4
10006429 132
10006481 3
10006499 1
10006631 7456
10006643 3685
10006649 711
10006663 2825
10006741 7919
10006757 3
10006823 816
10006849 44
10006849 59
10006861 59
10006873 15
10006883 1
10006933 3
10006937 163
10006957 8183
10007051 33
10007083 45
10007183 1
10007191 101
10007269 92
10007293 8
10007297 3
10007311 6585
10007429 4912
10007443 1977
10007533 2228
10007563 5
10007653 20
10007681 76
10007681 244
10007681 7159
10007689 5444
10007719 501
10007741 55
10007819 81
10007819 877
10007839 9885
10007887 117
10007969 1140
10007971 93
10007971 200
10007983 365
10008083 1
10008179 61
10008199 69
10008263 2697
10008353 607
10008371 1
10008403 8
10008403 225
10008419 1
10008419 4
10008437 3
10008511 41
10008533 5556
10008539 24
10008539 2745
10008553 20
10008571 9
10008623 1
10008643 1545
10008781 24
10008781 3375
10008847 24
10008881 679
10008917 4
10008983 1
10009003 56
10009003 120
10009037 6375
10009049 40
10009151 904
10009151 6984
10009159 12
10009171 5
10009171 9
10009189 15
10009271 1
10009283 1
10009283 940
10009339 645
10009339 2021
10009387 5
10009387 849
10009469 51
10009477 279
10009507 980
10009507 1857
10009511 1
10009511 876
10009619 12
10009619 2772
10009679 9349
10009709 19
10009777 1392
10009823 1
10009823 213
10009877 75
10009921 119
10010071 9
10010087 165
10010089 1595
10010113 228
10010227 20
10010279 64
10010291 21
10010291 1561
10010293 36
10010317 39
10010369 4
10010573 3747
10010579 1
10010593 3
10010657 9688
10010699 1
10010719 161
10010723 133
10010789 531
10010941 20
10011077 148
10011083 1725
10011091 5
10011101 4
10011101 220
10011121 63
10011203 1
10011227 4
10011247 117
10011473 2863
10011557 3
10011559 1404
10011607 77
10011679 12
10011707 13
10011713 3
10011713 4260
10011797 7155
10011847 6020
10011857 4
10011973 56
10012087 8
10012111 221
10012141 23
10012217 24
10012217 1035
10012271 2889
10012367 12
10012441 624
10012517 5055
10012559 1
10012703 48
10012703 636
10012727 4
10012759 200
10012763 1
10012781 496
10012787 225
10012787 372
10012879 9
10012913 12
10012921 2484
10012999 116
10013219 1
10013231 1
10013239 1001
10013239 2076
10013239 8292
10013243 5401
10013287 8
10013287 1757
10013321 4
10013401 15
10013429 159
10013461 3
10013461 248
10013543 1
10013693 3
10013789 427
10013807 7812
10013863 201
10013891 1
10013897 4
10013897 19
10013957 7
10013957 15
10014079 204
10014091 8673
10014163 552
10014217 507
10014253 8
10014253 215
10014281 4
10014281 759
10014299 1
10014299 9
10014341 4
10014401 679
10014427 4605
10014467 28
10014469 47
10014481 8
10014491 316
10014491 6700
10014493 15
10014497 4
10014517 123
10014551 1
10014551 1836
10014659 1
10014661 96
10014673 12
10014733 36
10014757 263
10014791 2520
10014899 4489
10014923 1
10014967 9
10014973 23
10015037 4
10015079 1
10015141 3
10015141 11
10015391 1
10015391 9
10015393 6116
10015457 3372
10015483 288
10015487 9
10015589 711
10015633 15
10015657 32
10015711 689
10015721 3339
10015727 4
10015739 16
10015783 2525
10015801 140
10015891 921
10015919 1
10015939 756
10015979 1
10016051 9
10016051 2013
10016081 2355
10016093 847
10016137 132
10016197 287
10016221 8
10016221 11
10016221 60
10016221 5859
10016243 1
10016297 192
10016323 653
10016429 55
10016483 1
10016509 180
10016521 5931
10016533 15
10016551 9
10016551 509
10016557 12
10016693 8308
10016711 1
10016717 3
10016767 80
10016767 125
10016777 7
10016801 39
10016911 44
10016917 15
10016959 9
10017179 2065
10017193 36
10017229 59
10017229 5615
10017239 69
10017289 1499
10017311 4
10017311 193
10017331 288
10017331 1184
10017373 5235
10017479 4
10017521 8575
10017613 8
10017659 1
10017703 2037
10017727 29
10017779 1
10017797 807
10017797 5623
10017803 73
10017803 165
10017803 913
10017841 5483
10017877 44
10017961 8
10017967 84
10017967 2877
10017977 3
10018027 188
10018033 411
10018037 4
10018037 2080
10018121 4
10018153 675
10018201 3
10018207 812
10018277 324
10018297 3
10018433 63
10018511 1
10018513 92
10018633 5543
10018667 12
10018741 2831
10018769 127
10018837 3
10018837 27
10018861 1839
10018907 9
10018969 24
10018993 15
10019021 7543
10019057 28
10019057 63
10019059 12
10019059 2517
10019071 581
10019081 4
10019117 7335
10019291 321
10019363 72
10019407 5
10019407 3068
10019407 7584
10019423 16
10019453 7
10019453 12
10019519 5997
10019533 3
10019549 7
10019671 416
10019717 7
10019729 15
10019747 12
10019759 1
10019759 1036
10019759 3141
10019767 228
10019777 4
10019813 135
10019929 12
10019939 1
10019951 21
10019951 124
10019983 5
10020041 4
10020041 1591
10020079 945
10020107 5869
10020121 875
10020133 1508
10020137 7
10020253 3
10020253 11
10020253 840
10020299 4
10020313 3
10020331 164
10020403 6473
10020431 96
10020431 1189
10020487 8568
10020691 45
10020793 92
10020817 27
10020817 732
10020827 13
10020887 265
10020889 35
10020971 1
10020971 45
10020977 4
10021061 9336
10021093 3963
10021127 600
10021129 12
10021163 1
10021213 68
10021213 9495
10021247 2220
10021267 840
10021331 4641
10021331 5041
10021357 39
10021393 60
10021439 1
10021499 1
10021511 9
10021601 4
10021639 20
10021777 3
10021883 1
10022009 75
10022059 116
10022071 2420
10022087 165
10022191 5
10022279 552
10022339 1
10022339 4504
10022531 1
10022531 9
10022531 1929
10022543 1
10022563 57
10022581 8
10022581 3536
10022611 53
10022611 368
10022669 7
10022669 6672
10022689 36
10022689 311
10022767 5
10022923 65
10022939 264
10022953 20
10022953 432
10023077 64
10023109 495
10023109 9216
10023113 15
10023271 113
10023367 77
10023389 60
10023407 4
10023539 64
10023539 280
10023553 992
10023553 3200
10023593 7
10023679 29
10023683 1
10023817 3
10023901 939
10023907 5057
10023911 1
10023911 4
10023917 4
10023991 1088
10024043 1
10024097 7108
10024103 1
10024109 2467
10024127 4
10024127 25
10024193 7
10024219 1809
10024279 2705
10024303 648
10024309 12
10024349 231
10024379 972
10024423 600
10024477 15
10024493 676
10024493 7495
10024601 79
10024649 1660
10024673 7
10024727 4173
10025011 56
10025051 1
10025051 4
10025083 116
10025083 192
10025083 465
10025201 4
10025219 1
10025233 1656
10025251 53
10025251 329
10025317 8
10025357 12
10025357 28
10025363 1
10025377 1239
10025419 5
10025423 21
10025467 8
10025531 1
10025573 3
10025599 65
10025599 560
10025627 33
10025651 1
10025651 208
10025663 2973
10025671 60
10025713 47
10025831 1
10025887 5
10026011 1
10026019 12
10026041 1555
10026059 1
10026059 196
10026059 1365
10026077 4
10026077 12
10026097 3
10026101 28
10026193 5316
10026239 1
10026239 124
10026343 6768
10026383 76
10026409 2196
10026451 320
10026479 1
10026493 831
10026571 1364
10026683 1
10026713 63
10026727 4097
10026803 2368
10026901 35
10026901 140
10027009 12
10027021 39
10027141 48
10027141 1631
10027319 2877
10027327 828
10027337 3
10027337 15
10027343 1
10027439 1572
10027571 1
10027571 1920
10027613 72
10027627 200
10027631 1
10027669 56
10027669 1904
10027819 45
10027907 925
10027993 1308
10028017 12
10028027 4
10028027 484
10028093 7
10028099 61
10028107 173
10028209 11
10028261 3
10028261 1243
10028279 1
10028279 1012
10028297 7
10028399 16
10028573 6376
10028587 8
10028587 3669
10028659 5
10028747 1180
10028749 1115
10028849 4
10028891 13
10028951 21
10029037 3
10029049 11
10029091 80
10029101 3
10029101 31
10029241 95
10029301 11
10029343 1317
10029367 33
10029367 137
10029407 4000
10029413 343
10029413 3495
10029421 759
10029443 1
10029443 72
10029443 93
10029533 1180
10029653 295
10029671 1
10029791 1
10029827 4
10029839 1
10030063 812
10030103 448
10030103 1377
10030123 12
10030123 476
10030123 1392
10030421 3
10030457 55
10030457 2364
10030463 1
10030547 4
10030687 1764
10030717 399
10030717 735
10030751 7980
10030753 3
10030753 1176
10030759 1044
10030843 537
10030847 1149
10030873 476
10030907 33
10030987 3320
10030991 1
10030991 4
10031029 1539
10031117 424
10031117 663
10031137 3
10031179 249
10031233 195
10031317 20
10031447 5008
10031579 1
10031591 21
10031591 213
10031743 5
10031761 3779
10031783 72
10031807 1180
10031897 4
10031909 1855
10031951 3589
10031993 315
10032013 3
10032053 7
10032073 3
10032089 436
10032151 44
10032199 657
10032283 8
10032283 405
10032377 1999
10032389 216
10032389 1591
10032391 8
10032553 3
10032553 612
10032557 123
10032563 1
10032599 492
10032611 4
10032689 564
10032697 12
10032749 244
10032829 476
10032863 16
10032887 124
10032887 3477
10032917 3
10032923 1
10032937 3
10032977 4188
10033003 6221
10033033 212
10033063 8
10033063 2945
10033073 27
10033091 1
10033099 12
10033109 1231
10033229 4
10033291 185
10033351 804
10033369 32
10033409 156
10033409 667
10033571 4
10033619 1
10033619 57
10033637 7
10033669 2844
10033703 1
10033733 3715
10033747 849
10033763 2281
10033769 84
10033781 508
10033847 168
10033873 335
10034041 3
10034113 3
10034113 435
10034149 2247
10034149 5000
10034159 4
10034161 1451
10034191 9
10034191 2165
10034221 191
10034221 876
10034231 1
10034231 724
10034257 399
10034273 12
10034273 63
10034293 3
10034303 112
10034309 199
10034383 2180
10034399 1
10034399 1177
10034537 4
10034597 7
10034621 63
10034621 3535
10034677 2723
10034711 9
10034711 7956
10034737 20
10034737 1563
10034737 3164
10034741 168
10034803 581
10034837 7660
10034903 1
10034987 9
10035013 3
10035071 1
10035071 144
10035161 111
10035217 3
10035217 48
10035271 5
10035343 1092
10035367 240
10035419 16
10035533 12
10035721 804
10035757 15
10035833 5467
10035853 428
10035877 3
10035881 39
10035901 1464
10035941 1995
10035941 4555
10035947 4
10036031 4
10036031 13
10036093 123
10036127 264
10036153 8
10036261 716
10036289 36
10036357 3
10036357 284
10036417 92
10036417 132
10036457 15
10036459 3201
10036463 961
10036469 4
10036469 15
10036469 55
10036469 5571
10036553 7
10036553 195
10036571 1
10036627 1337
10036643 85
10036711 93
10036711 540
10036787 13
10036861 224
10036877 3
10036951 1244
10037003 1
10037081 4
10037129 4
10037129 1647
10037143 80
10037207 12
10037381 3
10037381 60
10037381 2656
10037381 9931
10037411 153
10037473 732
10037501 4851
10037539 77
10037561 4
10037603 1
10037627 1944
10037641 8
10037663 1
10037663 7797
10037789 435
10037813 7
10037843 1
10037849 4
10037849 151
10037861 15
10037969 4
10037971 156
10037971 5108
10038181 8
10038191 1264
10038227 2053
10038229 8664
10038247 8
10038283 77
10038377 8727
10038443 381
10038487 5
10038487 2412
10038527 637
10038583 32
10038773 3
10038817 3
10038817 8
10038817 1952
10038851 1
10038911 4
10038991 116
10039013 2323
10039031 24
10039093 15
10039103 1368
10039103 2017
10039189 1947
10039193 3
10039199 132
10039343 100
10039387 9
10039409 4
10039411 80
10039457 4
10039459 1484
10039541 4
10039559 1
10039559 12
10039649 4939
10039669 27
10039747 1713
10039919 1164
10039943 1
10039943 25
10039943 1485
10039963 12
10040011 248
10040057 3
10040111 1
10040117 84
10040137 63
10040221 39
10040221 123
10040363 1
10040363 21
10040399 36
10040447 3288
10040491 9
10040491 8505
10040507 85
10040599 60
10040603 1
10040603 52
10040707 33
10040707 68
10040707 1257
10040717 7
10040791 761
10040827 569
10040827 3489
10040831 5196
10040843 121
10040917 3
10040957 159
10040983 288
10041013 2712
10041029 384
10041071 4
10041113 5740
10041131 1
10041131 9
10041173 16
10041197 4
10041197 147
10041217 12
10041217 23
10041301 68
10041313 255
10041313 875
10041323 36
10041323 817
10041431 1
10041457 3
10041457 108
10041529 375
10041587 3657
10041599 1
10041599 1597
10041617 15
10041649 3656
10041653 7027
10041697 579
10041767 25
10041767 33
10041767 288
10041839 129
10041839 6745
10041847 12
10041929 60
10041931 24
10041947 12
10041947 57
10042001 16
10042009 152
10042073 1228
10042093 3
10042093 300
10042163 4677
10042183 5460
10042199 1
10042321 60
10042433 3
10042441 408
10042457 1519
10042463 1
10042471 41
10042619 1
10042691 1
10042741 3
10042847 4
10042861 216
10042867 4644
10042883 28
10042939 3437
10042943 13
10042943 21
10042969 24
10042987 12
10043029 87
10043051 1
10043057 9924
10043093 5440
10043171 28
10043219 357
10043261 2595
10043273 7
10043323 4853
10043347 9
10043347 108
10043437 3
10043443 1016
10043513 3760
10043557 24
10043567 85
10043603 93
10043699 1
10043809 6260
10043863 8
10043863 17
10043863 2717
10043911 236
10043933 3075
10043993 12
10044109 27
10044113 7
10044113 700
10044149 136
10044247 5
10044257 192
10044259 104
10044313 1851
10044329 15
10044373 11
10044421 2696
10044449 39
10044479 4
10044493 12
10044509 6012
10044547 4713
10044599 12
10044599 24
10044611 13
10044623 1
10044623 28
10044647 204
10044791 40
10044821 4
10044913 183
10044917 667
10045027 5
10045051 7461
10045081 11
10045081 555
10045097 423
10045103 1
10045103 88
10045127 28
10045127 40
10045207 5
10045237 47
10045313 3
10045313 987
10045313 7248
10045363 8
10045489 12
10045507 257
10045559 1
10045601 3
10045601 1668
10045601 8343
10045859 1125
10045883 21
10045901 3
10045993 8
10046021 3
10046051 6081
10046063 93
10046063 420
10046063 1980
10046063 2668
10046111 48
10046131 276
10046149 71
10046171 4
10046171 24
10046173 8
10046221 11
10046279 145
10046279 337
10046317 1427
10046329 80
10046329 680
10046341 3
10046389 1119
10046401 1028
10046417 844
10046467 1113
10046471 9
10046501 3
10046501 1599
10046537 3
10046633 51
10046657 75
10046657 1812
10046671 5
10046719 17
10046719 1029
10046807 40
10046807 193
10046809 12
10046809 39
10046867 4
10046873 1788
10046891 1
10046891 16
10046893 623
10046941 3
10046941 8
10046941 48
10047043 8
10047053 195
10047071 1
10047133 287
10047179 1
10047179 9
10047179 5832
10047203 1
10047241 1460
10047319 21
10047347 1705
10047431 1
10047473 9432
10047553 207
10047559 2297
10047593 3
10047593 52
10047617 348
10047643 32
10047677 612
10047727 8
10047871 9
10047977 3
10047997 12
10048009 2079
10048019 1
10048019 1185
10048117 39
10048153 135
10048163 1
10048249 27
10048253 7
10048289 2235
10048307 4
10048331 1
10048331 28
10048373 3
10048373 1216
10048393 215
10048457 1272
10048483 416
10048501 848
10048607 405
10048693 60
10048733 7
10048781 40
10048897 1308
10048949 519
10049077 3
10049147 189
10049161 699
10049191 5421
10049219 1
10049231 4
10049267 72
10049393 3
10049393 31
10049393 87
10049443 21
10049449 11
10049513 7
10049513 103
10049519 1
10049519 340
10049521 131
10049593 23
10049593 791
10049623 17
10049623 713
10049623 8076
10049657 3
10049671 36
10049713 8588
10049729 4
10049749 312
10049759 40
10049759 85
10049777 4
10049783 1
10049959 5780
10049987 4
10050017 3
10050017 12
10050017 1515
10050059 5745
10050083 1
10050083 13
10050083 37
10050083 48
10050083 252
10050101 3
10050133 3492
10050181 116
10050191 16
10050217 1883
10050253 12
10050283 8
10050331 53
10050353 328
10050377 295
10050377 399
10050389 4032
10050529 4536
10050583 8
10050619 3576
10050679 17
10050751 240
10050767 240
10050797 900
10050797 1420
10050823 12
10050823 128
10050823 176
10050881 2343
10051003 5
10051033 9263
10051117 260
10051147 257
10051187 52
10051211 36
10051411 9
10051451 1
10051511 9508
10051523 1
10051577 12
10051631 2953
10051649 247
10051693 32
10051693 3567
10051739 264
10051739 409
10051747 120
10051799 1
10051841 3
10051861 20
10051891 4788
10051957 3
10051957 203
10051961 243
10051963 32
10052017 824
10052069 3031
10052071 2168
10052191 333
10052269 75
10052279 1
10052291 4
10052293 15
10052293 3003
10052297 3
10052327 213
10052347 80
10052417 4
10052447 45
10052519 1
10052519 12
10052519 529
10052681 4
10052753 1075
10052761 4848
10052807 3369
10052837 28
10052873 12
10052873 15
10052873 112
10052891 4
10052891 24
10052963 1
10053143 1
10053217 5312
10053301 3
10053317 4104
10053361 35
10053361 108
10053377 8740
10053391 5
10053457 6407
10053499 6021
10053523 32
10053611 1
10053611 204
10053713 4768
10053763 1692
10053803 85
10053847 17
10053881 3
10053913 3
10054001 1104
10054069 11
10054111 9
10054111 80
10054181 16
10054229 12
10054229 24
10054229 51
10054301 55
10054301 199
10054313 636
10054321 4128
10054423 5
10054441 15
10054601 3
10054631 1
10054631 9
10054661 19
10054673 36
10054829 99
10054879 360
10054901 5239
10054907 24
10054931 1
10054987 60
10055029 60
10055053 47
10055153 5931
10055173 156
10055281 75
10055327 4
10055329 2867
10055491 5
10055491 8681
10055597 127
10055651 1
10055651 33
10055651 1045
10055651 1449
10055723 1
10055777 4
10055819 297
10055999 1
10055999 4
10055999 49
10056089 12
10056103 20
10056107 4
10056107 112
10056133 663
10056139 60
10056217 228
10056229 155
10056229 3735
10056251 1
10056271 9
10056271 1433
10056323 37
10056323 3288
10056329 4
10056329 472
10056329 9240
10056337 3
10056349 39
10056353 3
10056383 1
10056391 368
10056433 3
10056509 19
10056551 25
10056551 480
10056569 624
10056659 1
10056677 127
10056701 16
10056769 111
10056811 104
10056811 156
10056941 99
10056953 40
10057031 1
10057031 4
10057127 33
10057207 3824
10057273 2123
10057301 939
10057367 117
10057447 228
10057447 4209
10057477 3
10057477 1152
10057613 3
10057643 1
10057703 405
10057759 1457
10057763 1
10057769 99
10057843 5
10057889 4
10057933 3507
10057937 3319
10057939 369
10057967 48
10058039 36
10058063 1
10058123 868
10058171 9
10058207 1833
10058219 9445
10058231 88
10058299 12
10058309 72
10058327 52
10058327 6288
10058333 192
10058443 252
10058459 1
10058459 57
10058459 337
10058459 4077
10058471 4
10058471 2481
10058471 9741
10058479 1001
10058533 683
10058557 12
10058683 1205
10058683 1392
10058767 17
10058791 5
10058891 265
10058903 636
10058977 8
10058989 1136
10058989 5324
10059041 268
10059131 25
10059131 928
10059193 3216
10059229 12
10059293 3
10059319 1824
10059337 407
10059521 3
10059521 3616
10059667 48
10059667 237
10059737 132
10059743 1
10059757 8868
10059851 1
10059853 3
10059857 7
10059857 147
10059859 1389
10060009 72
10060009 747
10060121 4
10060159 21
10060159 57
10060163 16
10060249 5271
10060273 5108
10060283 1908
10060283 3277
10060289 39
10060429 6431
10060441 20
10060529 24
10060537 23
10060553 3256
10060573 12
10060751 93
10060783 456
10060807 12
10060811 1
10060859 1
10060943 376
10061039 3532
10061063 21
10061087 4
10061087 40
10061099 1
10061153 15
10061167 5
10061167 305
10061209 75
10061291 3460
10061309 124
10061309 640
10061369 24
10061461 123
10061489 4
10061543 28
10061563 12
10061587 5
10061593 411
10061617 4815
10061647 104
10061719 21
10061731 44
10061797 147
10061803 5892
10061861 2388
10061867 1069
10061969 15
10061969 411
10062121 24
10062161 4
10062167 4
10062203 1
10062203 21
10062223 20
10062281 7656
10062289 260
10062289 2240
10062323 1
10062323 385
10062323 5757
10062331 9
10062397 3
10062397 8
10062397 27
10062413 4135
10062433 167
10062439 69
10062551 1
10062581 4
10062587 153
10062673 3
10062673 428
10062673 780
10062737 24
10062749 52
10062803 1
10062823 3053
10062823 7205
10062869 12
10062887 9
10062887 3508
10062889 6695
10062907 9
10062991 9
10062991 2673
10063051 776
10063091 2448
10063147 12
10063171 764
10063219 20
10063241 19
10063241 120
10063267 8
10063307 45
10063367 9352
10063387 8
10063429 35
10063511 49
10063577 2323
10063619 57
10063633 8
10063633 15
10063637 3
10063709 1876
10063717 215
10063759 5
10063759 12
10063891 29
10063931 4
10063979 8752
10064059 5
10064059 41
10064059 1692
10064287 53
10064309 7
10064339 1
10064443 32
10064443 1605
10064449 12
10064473 8
10064591 3624
10064609 4
10064683 8036
10064723 2100
10064759 21
10064819 1
10064839 4977
10064897 24
10064963 1
10064981 283
10064983 8
10065019 105
10065137 288
10065151 5
10065151 144
10065163 65
10065197 24
10065197 48
10065217 32
10065217 320
10065239 21
10065299 1
10065373 291
10065481 20
10065491 1
10065491 4
10065491 1605
10065511 93
10065511 209
10065557 24
10065631 108
10065631 321
10065703 8
10065719 36
10065719 2332
10065749 904
10065779 4
10065851 393
10065857 4
10065911 24
10065947 945
10065977 343
10066003 5
10066051 344
10066093 615
10066093 5268
10066099 12
10066117 68
10066117 1644
10066163 505
10066213 80
10066247 900
10066421 4
10066577 2428
10066753 3
10066753 5456
10066841 5139
10066961 15
10067023 8
10067027 112
10067041 119
10067059 72
10067149 1047
10067209 120
10067243 3096
10067251 6725
10067279 49
10067327 2193
10067371 89
10067471 9
10067581 23
10067627 4
10067639 12
10067647 32
10067647 2993
10067711 9
10067713 2255
10067731 696
10067803 5
10067807 4065
10067809 536
10067857 500
10067857 3543
10067873 15
10067899 9
10067999 9
10068059 1
10068161 115
10068193 3
10068239 5152
10068269 511
10068277 8
10068341 135
10068367 6452
10068431 16
10068449 72
10068449 3384
10068451 53
10068451 368
10068467 73
10068479 2169
10068523 12
10068587 144
10068691 5780
10068691 8085
10068761 3
10068761 5379
10068809 4
10068833 3
10068833 7
10068859 1272
10068859 5457
10068991 605
10069001 15
10069043 36
10069153 675
10069153 6432
10069277 235
10069307 28
10069399 9
10069427 429
10069447 12
10069489 12
10069541 276
10069669 3599
10069721 24
10069739 1
10069793 3
10069793 36
10069793 276
10069853 7
10069901 3
10069901 555
10069991 1
10069993 3432
10070029 15
10070077 3
10070087 28
10070153 6415
10070189 564
10070293 1848
10070329 51
10070383 32
10070383 233
10070441 16
10070441 6939
10070497 380
10070509 2111
10070531 1
10070539 69
10070581 135
10070581 1004
10070611 8
10070611 69
10070633 807
10070657 27
10070657 4507
10070813 687
10070869 9012
10070897 3
10071023 1
10071029 31
10071043 12
10071043 5792
10071101 4
10071119 4
10071133 9180
10071223 5
10071277 12
10071343 9837
10071379 12
10071419 4
10071419 9
10071427 125
10071487 3353
10071499 2081
10071517 1880
10071547 4220
10071617 28
10071637 207
10071697 5579
10071731 7008
10071779 1
10071779 1512
10071827 4
10071827 693
10071913 80
10071983 1
10071983 73
10071983 412
10071983 5601
10072001 3
10072099 6540
10072123 17
10072157 4543
10072169 5056
10072247 33
10072289 31
10072351 209
10072373 156
10072453 288
10072663 5
10072693 5475
10072871 1
10072871 61
10072877 3
10072883 1
10072883 45
10072967 48
10072969 51
10072969 1044
10072999 65
10073111 1
10073111 5281
10073209 440
10073317 15
10073317 32
10073321 3
10073321 79
10073597 4
10073603 1
10073603 2905
10073711 1
10073753 283
10073753 592
10073771 436
10073797 9252
10073801 3
10073801 664
10073827 68
10073891 7765
10073893 3
10073893 8
10073983 32
10074091 5
10074179 160
10074203 1
10074203 112
10074241 5603
10074271 120
10074271 224
10074277 27
10074329 31
10074331 68
10074347 4
10074373 2420
10074419 1
10074469 5799
10074527 252
10074539 1
10074551 1401
10074613 3
10074671 1
10074679 3660
10074689 27
10074689 315
10074719 240
10074763 17
10074809 3715
10074887 4
10074887 724
10074923 1
10074937 80
10074983 1
10075007 4
10075049 4992
10075123 48
10075123 5033
10075147 108
10075199 1
10075199 36
10075319 4
10075327 9
10075327 704
10075349 4
10075411 24
10075427 157
10075501 8859
10075517 43
10075517 799
10075657 32
10075867 129
10075903 5
10075921 176
10075943 132
10075981 3
10075991 1
10076057 7
10076071 201
10076071 1040
10076161 6588
10076221 180
10076239 4425
10076273 15
10076351 1
10076357 504
10076383 20
10076419 9
10076569 6504
10076603 1
10076603 820
10076681 55
10076777 4
10076851 4181
10076879 1
10076879 772
10077131 48
10077143 5356
10077173 76
10077191 21
10077247 5
10077293 31
10077293 5047
10077329 4
10077329 7
10077421 3
10077443 1
10077469 44
10077493 8
10077493 4752
10077517 27
10077533 5947
10077563 1
10077563 13
10077637 104
10077647 148
10077689 15
10077721 48
10077763 992
10077773 7
10077773 843
10077779 481
10077803 1
10077803 13
10077803 16
10077803 1125
10077853 3423
10077911 520
10077931 24
10077937 584
10077971 16
10077971 5161
10078027 4017
10078063 20
10078129 696
10078157 3
10078157 24
10078157 264
10078183 105
10078213 12
10078231 1541
10078259 1
10078259 36
10078349 1036
10078421 4
10078451 400
10078463 693
10078489 15
10078489 279
10078513 3
10078543 5792
10078571 1
10078643 1
10078711 8
10078711 2024
10078811 4
10078823 1
10078823 36
10078829 504
10078867 5
10078867 149
10078967 300
10078993 23
10078997 43
10079021 4
10079033 147
10079033 495
10079107 200
10079131 636
10079203 7865
10079257 8
10079263 476
10079473 176
10079527 72
10079591 25
10079627 109
10079647 5520
10079677 23
10079711 273
10079717 1972
10079917 8
10079987 273
10080073 27
10080131 1
10080151 105
10080199 21
10080199 80
10080341 76
10080401 3
10080403 5
10080403 77
10080437 135
10080451 609
10080461 808
10080503 1
10080529 80
10080559 1416
10080641 3
10080671 1
10080769 99
10080803 1
10080853 3
10080869 4
10080937 468
10080977 184
10081031 1
10081073 7
10081087 7700
10081151 373
10081177 9048
10081217 499
10081261 83
10081321 3
10081321 59
10081321 140
10081321 228
10081411 3701
10081439 4
10081447 1560
10081451 721
10081451 4536
10081499 1
10081499 2925
10081529 27
10081549 5912
10081583 1
10081583 1273
10081619 1
10081637 3
10081637 1960
10081679 1
10081681 39
10081717 284
10081733 112
10081807 33
10081847 337
10081849 947
10081943 3585
10082057 292
10082113 15
10082117 3
10082117 4000
10082129 939
10082221 251
10082279 1
10082287 3413
10082329 35
10082363 40
10082453 3
10082453 352
10082461 1928
10082557 384
10082707 20
10082713 107
10082713 9143
10082731 140
10082731 569
10082753 3
10082771 1
10082771 13
10082783 1
10082797 3
10082837 1183
10082837 6303
10083037 47
10083049 2375
10083071 1
10083083 60
10083137 1080
10083179 1
10083211 7904
10083259 9
10083443 21
10083449 12
10083461 4
10083461 891
10083461 6451
10083497 3
10083527 13
10083539 1
10083551 4
10083583 17
10083653 7
10083679 564
10083779 465
10083791 105
10083809 27
10083929 160
10083979 9
10084157 4060
10084183 2685
10084289 4
10084409 40
10084447 132
10084513 8
10084523 1
10084567 5
10084673 5332
10084691 880
10084717 4275
10084783 1908
10084813 87
10084819 2501
10084847 3324
10084883 1
10084901 328
10085051 9
10085107 5
10085107 44
10085113 500
10085113 4067
10085123 1
10085189 556
10085203 21
10085237 667
10085237 7335
10085281 39
10085311 24
10085489 147
10085597 4
10085623 65
10085623 840
10085629 27
10085639 1
10085797 20
10085813 7
10085813 3420
10085993 328
10086019 5
10086031 5
10086143 6840
10086161 216
10086179 1
10086187 153
10086211 65
10086217 467
10086239 4
10086301 299
10086343 8
10086379 392
10086413 55
10086413 6336
10086437 4
10086539 81
10086539 1257
10086619 717
10086677 3
10086679 12
10086679 921
10086679 5984
10086691 5
10086691 365
10086773 156
10086787 1625
10086827 685
10086833 292
10086863 16
10086911 316
10086931 1224
10087019 1
10087079 1
10087117 284
10087117 2688
10087123 1037
10087123 7836
10087177 99
10087223 7612
10087339 60
10087379 4
10087379 37
10087403 1776
10087459 236
10087529 136
10087703 208
10087723 81
10087723 300
10087739 480
10087771 156
10087771 545
10087787 2557
10087807 2100
10087897 8
10088003 373
10088041 11
10088339 700
10088357 12
10088473 3
10088483 1
10088489 132
10088509 1079
10088569 4727
10088623 12
10088627 3012
10088627 7033
10088657 15
10088693 12
10088707 5
10088707 12
10088707 132
10088797 39
10088801 63
10088809 32
10088809 495
10088909 127
10088917 68
10089077 288
10089083 2053
10089103 3677
10089221 4
10089251 1
10089263 1
10089263 37
10089319 596
10089379 117
10089427 432
10089487 317
10089491 24
10089581 3
10089659 16
10089659 21
10089671 1
10089671 1261
10089707 4
10089743 4917
10089791 1
10089791 25
10089953 7171
10089979 3752
10090043 1
10090229 4
10090313 108
10090369 59
10090373 31
10090403 1
10090481 3
10090523 1
10090523 7840
10090631 505
10090643 13
10090699 5
10090699 444
10090739 1
10090789 3164
10090793 28
10090889 60
10090933 3360
10090981 3
10090981 423
10091021 1971
10091083 101
10091141 295
10091287 48
10091327 1420
10091363 1
10091479 24
10091513 52
10091663 1
10091723 1
10091737 620
10091743 960
10091759 1
10091813 3
10091813 12
10091821 24
10091821 1739
10091839 1064
10091899 569
10091909 27
10091993 4383
10092037 539
10092119 1
10092119 16
10092151 80
10092227 124
10092227 348
10092317 640
10092349 32
10092421 6915
10092503 25
10092529 12
10092569 12
10092613 71
10092671 13
10092751 8
10092773 75
10092779 105
10092793 3
10092811 65
10092811 3444
10092871 80
10092983 1
10092997 24
10093001 4
10093037 315
10093091 4353
10093177 308
10093283 6052
10093301 184
10093367 5244
10093379 6957
10093399 225
10093439 1
10093441 191
10093451 708
10093469 55
10093511 1
10093613 7
10093639 17
10093651 68
10093669 12
10093703 40
10093717 6639
10093739 2577
10093799 1
10093799 3969
10093829 187
10093843 1377
10093873 8
10093939 45
10094047 20
10094047 209
10094047 972
10094053 12
10094197 1199
10094261 3
10094267 33
10094321 4528
10094351 1
10094411 1
10094431 269
10094443 720
10094449 44
10094449 7244
10094471 1
10094471 1044
10094509 615
10094587 192
10094593 8
10094633 108
10094633 283
10094633 1087
10094653 23
10094687 12
10094687 120
10094717 4
10094717 12
10094717 7804
10094759 121
10094759 3885
10094761 11
10094761 1203
10094783 1
10094807 37
10094807 120
10094837 2419
10094881 3
10094911 84
10094911 540
10094921 3
10094971 5
10094977 3
10095013 8
10095037 35
10095037 740
10095131 4
10095131 28
10095149 967
10095179 52
10095199 69
10095259 104
10095287 6469
10095377 3
10095541 8
10095541 1415
10095641 111
10095697 3
10095727 12
10095727 665
10095727 3204
10095733 228
10095797 3
10095797 2544
10095823 12
10095847 57
10095847 1073
10095887 37
10095887 1732
10095887 2853
10096027 93
10096043 1
10096189 4452
10096259 1
10096337 8167
10096477 3
10096531 8
10096531 3000
10096679 24
10096693 56
10096717 95
10096741 1163
10096769 7
10096769 15
10096769 520
10096813 4268
10096831 56
10096907 1464
10096969 627
10096969 1664
10097027 12
10097027 8377
10097039 861
10097047 17
10097051 8713
10097081 16
10097093 72
10097093 2616
10097117 3
10097117 43
10097117 139
10097251 509
10097279 756
10097291 1
10097323 8
10097323 761
10097327 2320
10097489 135
10097489 535
10097497 3
10097497 1664
10097519 1
10097587 44
10097743 5
10097743 9593
10097803 2852
10097839 5
10097891 1
10097947 1077
10098071 2613
10098131 85
10098233 7
10098247 5
10098331 1445
10098331 1653
10098331 2325
10098377 2740
10098433 387
10098433 7611
10098463 8
10098551 1
10098631 8
10098631 7241
10098637 12
10098661 63
10098677 288
10098719 1
10098791 93
10098877 3
10098947 4
10098953 15
10099027 3893
10099049 115
10099057 23
10099147 5768
10099151 33
10099171 1281
10099217 1527
10099223 1
10099259 3780
10099289 36
10099291 96
10099321 95
10099321 579
10099403 213
10099429 455
10099433 36
10099451 1
10099451 4029
10099499 1
10099549 24
10099549 39
10099669 1496
10099703 57
10099729 95
10099799 1192
10099799 4309
10099823 21
10099867 69
10099897 87
10099907 1825
10100009 6360
10100131 48
10100161 1308
10100177 2895
10100179 305
10100201 63
10100213 7
10100287 20
10100291 2205
10100351 1
10100383 5
10100383 8105
10100423 1
10100537 12
10100557 3
10100579 64
10100603 661
10100639 4
10100639 472
10100641 3
10100747 132
10100767 7808
10100773 432
10100803 4448
10100813 595
10100869 147
10100939 720
10100953 1791
10100999 2809
10101227 9
10101277 8864
10101307 6485
10101353 7891
10101463 20
10101463 93
10101479 4
10101479 1309
10101557 859
10101563 277
10101593 915
10101607 32
10101731 33
10101737 7
10101737 15
10101823 660
10101823 1241
10101857 3475
10101907 249
10102049 355
10102069 372
10102069 1547
10102117 12
10102297 3
10102307 484
10102361 399
10102363 3680
10102429 15
10102439 16
10102439 177
10102481 1428
10102501 60
10102501 539
10102531 20
10102597 1100
10102639 125
10102663 8
10102667 4
10102667 777
10102667 928
10102679 85
10102691 64
10102733 3
10102837 20
10102847 52
10102921 95
10102987 3365
10103039 3724
10103053 3
10103147 33
10103221 3
10103221 15
10103221 251
10103267 108
10103309 19
10103351 204
10103351 4353
10103363 73
10103381 6616
10103393 16
10103407 8393
10103413 8
10103531 1
10103591 4
10103603 1
10103651 1
10103657 420
10103699 5001
10103713 732
10103747 4
10103747 9
10103747 1120
10103833 3
10103833 8243
10103843 9333
10103921 99
10103941 7460
10103957 4
10103957 19
10103983 56
10104041 3
10104089 1351
10104173 2815
10104217 3
10104301 60
10104301 1376
10104349 11
10104359 1
10104431 1
10104433 1580
10104439 837
10104509 4
10104539 336
10104539 2772
10104541 63
10104551 1621
10104553 3
10104641 204
10104823 9672
10104839 97
10104881 4
10104881 48
10105019 1
10105037 15
10105213 3
10105241 268
10105267 45
10105309 24
10105309 6120
10105391 1
10105391 45
10105453 8
10105547 520
10105567 5
10105577 895
10105631 1
10105631 4
10105661 3
10105801 44
10105801 84
10105819 20
10105841 24
10105841 88
10105883 1
10105919 1440
10106021 3123
10106023 21
10106077 8744
10106101 3
10106111 1
10106111 636
10106147 4
10106171 1648
10106171 9204
10106179 29
10106203 53
10106203 3132
10106227 5
10106237 4
10106237 247
10106249 3480
10106321 4171
10106359 1244
10106399 1
10106399 69
10106401 3
10106417 7
10106443 1800
10106491 4848
10106501 75
10106539 24
10106617 135
10106659 1272
10106693 268
10106693 531
10106717 4
10106731 165
10106839 1436
10106839 6144
10106851 476
10106963 37
10107037 44
10107131 61
10107133 243
10107133 1203
10107211 8
10107211 9
10107233 3
10107269 31
10107269 820
10107343 3473
10107403 68
10107407 3184
10107611 49
10107637 123
10107659 1
10107667 12
10107731 1
10107731 4
10107749 252
10107841 59
10107887 672
10107899 1
10107907 308
10107917 4
10107973 176
10107983 1
10108187 4
10108187 1740
10108277 28
10108279 9
10108279 104
10108313 36
10108379 1
10108453 96
10108459 1916
10108481 4299
10108499 24
10108499 5476
10108601 3
10108621 3
10108633 60
10108643 1
10108699 5
10108711 9
10108711 80
10108711 6344
10108723 17
10108723 3357
10108739 1
10108739 4
10108843 161
10108957 15
10108979 517
10109041 11
10109041 15
10109041 9444
10109087 4
10109087 49
10109087 88
10109137 39
10109137 60
10109137 732
10109153 9496
10109219 1
10109219 777
10109261 88
10109303 1
10109303 85
10109321 351
10109431 1344
10109531 24
10109531 441
10109683 3365
10109699 1
10109711 16
10109753 52
10109789 16
10109839 41
10109863 92
10109927 2997
10109929 924
10110011 1
10110011 25
10110047 13
10110047 88
10110049 3267
10110059 1
10110059 340
10110137 3
10110137 7
10110157 8727
10110169 587
10110263 2893
10110283 5
10110349 11
10110491 1
10110571 108
10110587 213
10110587 280
10110599 121
10110671 1
10110671 301
10110677 3
10110761 19
10110761 2440
10110773 55
10110857 1135
10110871 3725
10110931 45
10111019 4
10111067 109
10111081 1308
10111093 8
10111103 1
10111103 25
10111103 76
10111121 5631
10111273 8
10111273 11
10111273 12
10111333 6503
10111357 15
10111357 35
10111469 4
10111511 1
10111511 4
10111547 1177
10111567 2349
10111631 4
10111639 404
10111663 20
10111679 1876
10111681 3404
10111687 228
10111747 3893
10111861 348
10111903 1317
10111903 8796
10111931 4
10111939 120
10112101 3
10112131 2265
10112171 1056
10112239 9
10112251 41
10112261 7791
10112441 151
10112489 4
10112737 12
10112759 372
10112813 16
10112813 4372
10112813 6555
10112881 2543
10113001 251
10113049 3824
10113109 36
10113179 1
10113193 3
10113253 455
10113269 316
10113281 75
10113281 220
10113293 51
10113401 24
10113461 663
10113463 440
10113479 141
10113503 12
10113503 13
10113503 16
10113503 25
10113503 1677
10113559 5
10113569 16
10113647 988
10113667 9152
10113709 395
10113731 1
10113791 4
10113907 9
10113941 315
10113959 1
10113959 4
10113959 85
10113979 560
10114007 9048
10114063 2816
10114081 48
10114151 1
10114157 232
10114199 4
10114211 1
10114217 12
10114267 9813
10114309 59
10114343 408
10114483 173
10114493 12
10114493 87
10114627 45
10114673 36
10114721 4
10114739 4
10114757 7
10114943 96
10114967 4
10114967 253
10114981 20
10115173 11
10115177 4
10115227 32
10115297 3
10115297 403
10115297 9795
10115333 3
10115333 8323
10115513 231
10115531 1
10115557 827
10115587 9
10115597 115
10115639 1
10115711 1
10115737 9740
10115747 3165
10115761 3
10115773 312
10115789 31
10115843 25
10115927 9
10115953 32
10115953 635
10115993 3
10116079 116
10116079 365
10116103 36
10116103 317
10116143 1
10116143 45
10116221 3600
10116259 9
10116307 600
10116311 60
10116347 52
10116427 4112
10116433 20
10116437 7
10116437 1759
10116487 32
10116499 180
10116593 271
10116707 1353
10116727 117
10116727 225
10116731 1
10116793 168
10116833 1368
10116893 108
10116919 5
10116919 4844
10116971 1
10116983 876
10117061 4
10117061 1519
10117111 1661
10117127 37
10117207 8
10117207 45
10117301 99
10117301 2443
10117321 15
10117321 2423
10117403 1
10117463 1
10117463 265
10117517 7
10117531 24
10117537 83
10117537 3812
10117577 195
10117579 5421
10117579 7121
10117663 240
10117699 5
10117741 311
10117777 372
10117841 139
10117847 4
10117867 117
10117931 13
10117957 3
10117993 1620
10118011 1596
10118063 1
10118159 1
10118197 9867
10118209 12
10118291 9
10118293 27
10118429 175
10118567 828
10118657 3
10118681 223
10118681 759
10118701 3
10118711 1
10118747 9
10118831 5440
10118839 369
10118879 1
10118881 156
10118897 3
10118971 53
10118971 305
10118971 413
10118981 1464
10118993 207
10119059 264
10119059 625
10119143 460
10119163 153
10119209 1584
10119209 2044
10119247 5
10119259 465
10119323 3540
10119359 1
10119359 61
10119401 3
10119401 1224
10119413 1143
10119553 4380
10119587 4
10119731 1
10119731 541
10119737 3
10119737 19
10119751 8
10119757 315
10119763 4161
10119803 1
10119871 5
10119877 1188
10119911 4
10119911 1144
10119911 7248
10119983 8353
10120021 6288
10120057 12
10120067 924
10120139 1
10120139 445
10120147 29
10120183 600
10120199 1
10120237 723
10120343 181
10120361 64
10120421 3
10120421 2884
10120441 95
10120493 12
10120519 9
10120519 65
10120577 75
10120633 4268
10120657 1479
10120723 5
10120783 5
10120807 8
10121003 25
10121003 40
10121063 1
10121107 153
10121161 20
10121299 20
10121317 180
10121333 3
10121333 823
10121359 165
10121393 3012
10121491 24
10121533 8355
10121539 21
10121543 1
10121561 99
10121561 595
10121561 948
10121603 1
10121821 35
10121939 1
10122143 12
10122143 72
10122149 87
10122149 139
10122199 24
10122199 641
10122209 660
10122251 1
10122251 21
10122317 3
10122319 296
10122319 2552
10122353 100
10122377 3915
10122419 1
10122481 276
10122491 613
10122491 6556
10122631 2025
10122703 1697
10122751 8
10122751 36
10122751 44
10122773 1936
10122773 9151
10122797 100
10122797 1255
10122799 92
10122821 2103
10122863 436
10122863 8997
10122883 20
10122913 20
10122913 2091
10122923 1
10122971 1
10122979 9
10122979 17
10123021 219
10123111 60
10123153 8
10123171 8
10123199 1
10123241 448
10123271 9
10123301 351
10123301 1876
10123327 7884
10123357 332
10123363 20
10123411 416
10123411 1893
10123417 704
10123439 124
10123439 2101
10123457 7
10123457 67
10123579 1460
10123601 3
10123649 7
10123649 5016
10123651 233
10123667 7189
10123777 3
10123777 12
10123807 8945
10123837 48
10123849 636
10123849 4331
10123957 120
10124039 1
10124053 2951
10124063 1
10124077 15
10124099 1
10124123 1
10124137 83
10124183 321
10124189 60
10124281 3
10124351 13
10124351 61
10124357 87
10124369 5911
10124371 293
10124483 1
10124483 33
10124489 7
10124497 12
10124579 16
10124633 15
10124633 391
10124747 88
10124759 1
10124767 57
10124977 107
10124977 5828
10124977 6248
10124987 13
10125023 1
10125041 3
10125041 8151
10125053 168
10125077 3
10125077 144
10125169 1919
10125191 229
10125289 59
10125293 12
10125413 40
10125431 1
10125433 3
10125433 296
10125469 56
10125473 36
10125487 65
10125503 81
10125503 8533
10125551 1
10125629 1924
10125641 4
10125671 4
10125673 591
10125691 120
10125697 8
10125719 9
10125767 13
10125767 28
10125881 3
10125881 4119
10125971 84
10125979 69
10126079 25
10126087 365
10126099 29
10126117 120
10126157 223
10126157 412
10126177 3
10126177 4584
10126213 603
10126223 1
10126301 2964
10126327 537
10126327 4989
10126381 75
10126381 80
10126409 859
10126439 16
10126469 672
10126561 311
10126591 1100
10126619 9205
10126673 375
10126691 1
10126717 3
10126717 107
10126723 53
10126733 135
10126733 496
10126759 5
10126783 17
10126861 56
10126889 4
10126891 33
10126993 155
10127077 288
10127129 4
10127213 3
10127213 36
10127219 5104
10127263 761
10127339 1
10127413 35
10127431 1541
10127441 5368
10127471 156
10127477 19
10127651 1
10127651 69
10127671 20
10127671 9809
10127737 108
10127771 304
10127783 1
10127791 60
10127791 356
10127813 60
10127813 507
10127941 3
10127941 2124
10127959 1029
10127963 5125
10128011 13
10128011 3156
10128137 4
10128161 6096
10128187 168
10128229 15
10128347 945
10128403 36
10128421 7188
10128431 1653
10128479 1
10128509 15
10128563 16
10128593 9691
10128637 27
10128659 2037
10128689 4
10128689 256
10128721 788
10128803 76
10128841 8
10128997 3
10129013 16
10129117 132
10129117 2780
10129129 404
10129181 3
10129183 3156
10129193 72
10129321 1284
10129363 5
10129363 45
10129387 533
10129411 944
10129481 64
10129523 40
10129577 160
10129579 60
10129589 375
10129597 779
10129657 384
10129657 6995
10129687 2492
10129727 28
10129799 1
10129813 207
10129817 15
10129817 735
10129871 21
10130009 1647
10130033 460
10130101 4335
10130117 7
10130177 4
10130231 1
10130279 124
10130339 1
10130339 57
10130353 3
10130353 11
10130357 3
10130381 16
10130507 144
10130509 152
10130543 33
10130543 72
10130543 97
10130651 1
10130651 48
10130651 1536
10130717 4
10130717 27
10130717 192
10130873 3
10130909 4
10131019 3569
10131083 1
10131091 80
10131127 5
10131139 9672
10131169 156
10131181 128
10131181 1064
10131211 5
10131263 297
10131263 8232
10131299 69
10131323 1
10131349 47
10131361 2580
10131463 45
10131463 296
10131491 28
10131529 1091
10131547 9
10131581 391
10131581 7008
10131601 11
10131733 20
10131739 3516
10131811 3908
10131841 20
10132021 4020
10132099 24
10132103 1
10132103 456
10132103 972
10132139 157
10132193 2083
10132211 24
10132229 4
10132229 1420
10132229 1612
10132273 131
10132349 375
10132669 56
10132679 292
10132751 1
10132769 6432
10132807 444
10132943 28
10132951 333
10132951 8336
10132999 9
10133069 4
10133083 8
10133107 12
10133111 1
10133117 7
10133159 144
10133293 51
10133303 1
10133329 4016
10133359 116
10133359 7857
10133371 20
10133371 2564
10133399 177
10133399 300
10133399 4125
10133413 95
10133413 3567
10133467 197
10133533 11
10133573 3
10133573 736
10133657 583
10133659 12
10133701 11
10133743 693
10133771 24
10133771 93
10133857 5532
10133909 6679
10133987 412
10134083 1
10134133 8
10134133 111
10134139 69
10134151 69
10134251 1
10134251 2008
10134287 144
10134331 5
10134349 219
10134349 3599
10134403 45
10134407 4
10134539 4
10134653 3
10134653 15
10134653 315
10134653 6991
10134671 1
10134791 160
10134863 633
10134931 573
10134953 3
10134959 1
10134979 7245
10135039 21
10135087 6837
10135141 3
10135141 1404
10135201 3
10135259 40
10135259 1216
10135283 2488
10135289 7
10135313 1723
10135331 2265
10135351 1485
10135421 4
10135421 480
10135507 65
10135603 65
10135613 231
10135633 11
10135637 7
10135799 832
10135861 471
10135861 6383
10135871 4
10135871 6069
10135903 21
10135919 6304
10135999 932
10136069 12
10136099 1
10136129 7
10136221 3
10136327 4864
10136359 80
10136407 5
10136407 548
10136407 4233
10136453 15
10136501 4
10136579 1
10136587 9
10136587 33
10136587 77
10136593 11
10136639 4
10136683 2972
10136719 12
10136719 617
10136719 1125
10136761 2451
10136771 1
10136771 25
10136801 3
10136821 219
10136831 1060
10136837 180
10136839 9
10136897 7
10136989 20
10136993 16
10137053 7
10137191 1
10137229 84
10137271 2625
10137349 12
10137481 299
10137487 8924
10137493 11
10137493 5900
10137499 6657
10137511 29
10137553 3
10137563 1
10137577 92
10137587 4
10137623 1
10137689 24
10137709 620
10137739 5
10137781 11
10137781 75
10137913 387
10137983 1201
10138027 9
10138043 33
10138057 15
10138091 1
10138127 13
10138151 420
10138213 11
10138241 160
10138301 340
10138321 3824
10138397 3
10138441 8
10138567 489
10138753 491
10138757 3
10138811 1
10138813 3
10138831 1389
10139023 41
10139029 7356
10139033 256
10139093 4767
10139203 4272
10139243 1
10139309 5727
10139317 68
10139329 224
10139383 713
10139399 1
10139399 49
10139419 12
10139447 289
10139513 1288
10139557 104
10139663 496
10139663 3328
10139671 9944
10139867 409
10139923 2588
10140001 3
10140001 56
10140019 5
10140029 4
10140047 180
10140059 1
10140071 136
10140077 243
10140209 27
10140233 3
10140239 37
10140289 84
10140301 851
10140371 9
10140419 1
10140421 900
10140439 9
10140463 8
10140463 620
10140469 359
10140521 3
10140607 33
10140629 5275
10140761 399
10140863 1
10141037 324
10141111 681
10141181 124
10141199 1
10141211 25
10141289 12
10141361 3
10141393 480
10141403 1
10141463 117
10141489 471
10141553 51
10141559 1
10141583 1
10141739 16
10141751 1
10141753 1112
10141931 1
10141933 8
10141969 540
10141987 29
10141993 12
10142017 2744
10142051 4
10142189 4
10142189 36
10142221 11
10142227 5
10142233 2783
10142323 17
10142381 4
10142381 100
10142449 284
10142467 5
10142501 4
10142567 552
10142617 672
10142623 8
10142651 1
10142681 3
10142687 64
10142753 15
10142753 6135
10142807 13
10142807 385
10142813 7
10142813 7567
10142857 255
10142857 539
10142879 36
10142917 447
10142963 1
10143053 3
10143071 13
10143139 29
10143149 31
10143167 124
10143179 1
10143223 6540
10143251 1
10143269 1579
10143281 55
10143361 5339
10143389 4
10143389 1200
10143433 2516
10143443 1
10143467 13
10143499 44
10143547 44
10143559 105
10143583 101
10143631 173
10143631 824
10143641 5160
10143673 35
10143677 4
10143677 28
10143703 17
10143709 492
10143737 192
10143773 3
10143787 1889
10143797 7
10143817 1184
10143821 2556
10143839 757
10143839 1144
10143839 1336
10143863 93
10143911 1
10143923 1
10144033 6071
10144039 80
10144067 4
10144091 1
10144103 1
10144139 36
10144139 132
10144159 105
10144181 48
10144289 4
10144289 79
10144333 11
10144369 140
10144397 4
10144501 396
10144691 4
10144763 1
10144769 31
10144789 380
10144811 1
10144811 633
10144961 915
10144969 935
10145111 1
10145123 828
10145123 2748
10145129 4
10145167 8304
10145197 15
10145249 1092
10145251 8
10145353 8
10145353 68
10145423 1
10145483 1
10145713 260
10145747 789
10145813 1000
10145827 4173
10145887 32
10145887 5817
10145939 1
10145987 624
10146007 633
10146079 21
10146119 40
10146121 8
10146137 100
10146179 4
10146179 604
10146239 1
10146337 3
10146337 104
10146347 4
10146347 57
10146347 313
10146379 389
10146391 1140
10146391 4065
10146533 7
10146541 623
10146593 27
10146613 8
10146659 4
10146659 105
10146677 475
10146743 1
10146743 1852
10146907 29
10146937 24
10146953 1891
10146959 217
10147001 4
10147031 1
10147031 61
10147037 7059
10147063 45
10147063 648
10147069 111
10147069 500
10147099 72
10147099 152
10147141 143
10147259 1444
10147307 4609
10147339 317
10147399 9
10147451 573
10147493 27
10147507 9
10147507 20
10147507 45
10147519 12
10147523 1
10147637 2748
10147649 4
10147673 3
10147693 48
10147733 408
10147741 3
10147783 8
10147783 21
10147783 32
10147831 2385
10147859 1
10147889 72
10147937 5208
10148003 1561
10148041 35
10148041 56
10148041 200
10148053 3
10148123 1
10148183 6492
10148207 3352
10148219 1
10148219 4456
10148291 1
10148309 67
10148317 8
10148339 8356
10148357 43
10148389 152
10148393 207
10148401 375
10148441 2719
10148561 604
10148591 1
10148617 2915
10148639 9
10148639 40
10148777 855
10148777 9184
10148867 12
10148933 28
10149019 44
10149053 148
10149089 31
10149109 7572
10149143 12
10149149 331
10149179 1
10149277 3
10149277 8
10149299 9
10149353 87
10149523 4277
10149539 9
10149541 4196
10149551 9
10149551 16
10149563 12
10149569 592
10149577 543
10149611 2320
10149653 16
10149691 89
10149719 1
10149943 2088
10150033 1235
10150141 8
10150163 1
10150219 5672
10150249 9896
10150333 15
10150379 169
10150421 111
10150453 3
10150501 204
10150559 1
10150681 2775
10150697 4
10150703 4732
10150711 9
10150771 161
10150787 468
10150823 1
10150837 143
10150849 8276
10151021 3
10151069 132
10151081 9295
10151117 4
10151117 1327
10151153 12
10151171 525
10151177 4
10151191 344
10151233 20
10151299 264
10151413 87
10151489 52
10151503 252
10151521 3
10151521 1904
10151591 9
10151593 9935
10151753 160
10151759 1
10151797 3
10151797 8
10151819 225
10151831 1
10151857 1304
10151861 16
10151903 1
10151903 12
10151903 261
10151929 60
10151929 4599
10151971 9
10152011 1
10152011 6024
10152013 3
10152019 104
10152019 969
10152031 4053
10152313 168
10152371 664
10152377 859
10152427 5
10152427 4308
10152491 1
10152491 5841
10152539 1
10152599 1
10152599 36
10152617 115
10152617 1099
10152641 1276
10152899 1
10152931 108
10152941 1731
10153177 3
10153249 296
10153249 551
10153313 3
10153313 15
10153331 24
10153349 51
10153361 163
10153397 427
10153439 85
10153439 2064
10153529 120
10153529 1947
10153541 1000
10153601 3
10153601 19
10153601 559
10153681 3
10153681 356
10153831 3389
10153837 1224
10153853 3
10153867 20
10153931 1
10153987 29
10153991 1
10154047 5
10154119 5
10154119 12
10154197 15
10154273 756
10154299 2384
10154357 7675
10154359 5
10154363 48
10154449 2696
10154561 3
10154591 1
10154597 15
10154743 17
10154779 84
10154813 7
10154951 1
10154953 8396
10154999 1
10155053 196
10155077 4
10155109 644
10155127 252
10155161 31
10155161 168
10155163 8
10155179 2716
10155193 336
10155281 88
10155293 16
10155293 55
10155293 267
10155359 4
10155433 755
10155473 7
10155533 5715
10155553 15
10155559 1625
10155599 1485
10155601 231
10155637 164
10155683 156
10155737 4
10155737 28
10155779 1
10155779 5785
10155791 181
10155799 41
10155881 2020
10155967 9
10155973 3
10156033 3
10156229 3900
10156261 83
10156261 1644
10156357 167
10156357 323
10156441 1875
10156483 8
10156513 2027
10156519 1632
10156519 7592
10156541 3351
10156603 113
10156609 267
10156631 4
10156637 15
10156637 487
10156651 828
10156681 24
10156691 1
10156711 536
10156723 2072
10156733 531
10156799 36
10156819 5997
10156877 4
10156891 5
10157033 3
10157101 171
10157209 12
10157269 9264
10157321 64
10157327 960
10157327 2208
10157353 12
10157353 507
10157353 2820
10157393 2172
10157443 53
10157443 212
10157447 573
10157531 1
10157611 108
10157611 3549
10157629 87
10157633 472
10157681 15
10157689 4052
10157729 156
10157779 116
10157887 252
10157941 11
10157977 60
10158007 3804
10158011 4
10158067 5
10158079 29
10158227 4
10158271 21
10158311 1
10158383 1
10158419 549
10158481 564
10158481 9528
10158487 9
10158493 3
10158637 240
10158719 1
10158767 28
10158779 1
10158781 900
10158803 36
10158829 119
10158887 40
10158887 333
10158971 1
10158983 1
10158997 3
10158997 6503
10159043 16
10159073 711
10159087 4820
10159139 4
10159139 112
10159207 797
10159207 3048
10159213 12
10159271 4
10159291 8876
10159291 9656
10159339 804
10159403 1
10159477 624
10159561 24
10159607 52
10159687 8
10159769 7
10159769 19
10159843 21
10159879 21
10159907 400
10159907 3265
10159937 39
10159949 196
10159949 6087
10160119 36
10160119 4709
10160173 56
10160191 80
10160309 5536
10160387 24
10160387 33
10160387 264
10160429 475
10160443 1088
10160537 772
10160551 125
10160561 19
10160659 57
10160699 1189
10160719 32
10160719 1416
10160729 6355
10160791 33
10160807 1552
10160819 16
10160867 13
10160869 24
10160873 3
10160873 7
10160981 844
10161077 4
10161077 868
10161113 3
10161119 2076
10161133 6068
10161227 297
10161251 1
10161269 111
10161289 59
10161311 1
10161313 15
10161341 135
10161343 156
10161379 152
10161407 612
10161419 385
10161479 1960
10161491 1
10161491 36
10161493 23
10161493 6020
10161499 20
10161559 6380
10161649 2492
10161737 1867
10161763 5
10161797 7
10161841 3
10161857 288
10161871 101
10161959 4
10162183 6045
10162189 1224
10162223 933
10162259 37
10162291 24
10162409 52
10162469 151
10162469 1876
10162489 464
10162507 197
10162507 2700
10162687 9
10162751 228
10162751 264
10162781 6715
10162871 1
10162877 5152
10162879 12
10162883 153
10162897 3
10162949 15
10163057 88
10163057 288
10163063 13
10163063 385
10163077 1860
10163143 3297
10163207 52
10163239 2417
10163287 9
10163287 5448
10163317 47
10163323 3588
10163339 37
10163359 32
10163359 60
10163473 3
10163519 1
10163519 36
10163519 804
10163519 1081
10163557 3
10163591 196
10163669 7
10163771 60
10163827 29
10163827 132
10163831 69
10163843 1
10163843 36
10163887 980
10163911 1688
10163921 703
10163947 5
10163947 9
10163963 8008
10164029 79
10164073 3
10164073 116
10164083 1
10164169 6759
10164223 12
10164223 296
10164299 12
10164299 676
10164611 84
10164659 657
10164667 24
10164673 23
10164701 75
10164701 5235
10164757 84
10164773 135
10164787 684
10164797 15
10164811 2360
10164823 5
10164823 2408
10164937 8904
10164941 3
10165021 51
10165021 3324
10165037 4
10165037 12
10165087 8
10165087 17
10165217 3
10165217 2320
10165229 2076
10165237 995
10165271 1
10165271 148
10165273 3
10165349 87
10165381 39
10165531 21
10165531 573
10165633 212
10165763 13
10165853 3
10165871 1
10165973 5148
10166033 27
10166131 269
10166131 9048
10166141 3
10166173 11
10166251 36
10166291 1
10166297 175
10166329 1439
10166363 1
10166371 5
10166389 51
10166413 3
10166441 2595
10166479 3320
10166551 4464
10166627 9
10166657 667
10166671 1685
10166803 20
10166803 21
10166909 16
10166911 153
10166941 11
10166983 5
10167077 435
10167083 16
10167083 61
10167083 121
10167151 8
10167167 4
10167191 1
10167211 216
10167347 148
10167347 804
10167373 3
10167431 1
10167497 168
10167623 492
10167667 140
10167743 1
10167743 1216
10167779 1
10167811 5
10167923 508
10167923 1621
10167929 24
10167953 3
10167977 48
10167977 4120
10168043 1
10168049 184
10168187 9657
10168199 1
10168259 145
10168259 576
10168271 1
10168289 196
10168297 3
10168331 6993
10168337 5160
10168387 153
10168427 808
10168427 913
10168481 1255
10168489 120
10168559 25
10168637 3
10168661 243
10168663 5
10168699 36
10168699 765
10168727 529
10168831 153
10168843 117
10168853 112
10168889 4
10168889 7
10168889 51
10168891 1308
10168927 77
10168927 833
10168979 1
10169011 4545
10169069 4
10169069 12
10169069 111
10169183 1441
10169267 409
10169273 7
10169279 96
10169297 24
10169317 1124
10169347 20
10169431 8
10169597 24
10169651 7440
10169713 156
10169837 48
10169839 8832
10169843 985
10169867 12
10169897 3
10169897 28
10169903 1
10169987 25
10169987 1905
10170049 119
10170053 3
10170053 43
10170067 425
10170101 24
10170109 11
10170137 12
10170137 2499
10170203 1
10170241 735
10170241 1619
10170487 1340
10170509 279
10170551 1
10170593 3
10170649 44
10170673 371
10170701 39
10170707 160
10170749 67
10170767 364
10170799 941
10170827 493
10170841 588
10170863 5565
10170887 4833
10170943 5348
10170961 383
10170973 20
10170973 8976
10171019 1
10171067 2389
10171081 6219
10171093 1563
10171111 5
10171111 140
10171111 149
10171121 24
10171121 463
10171211 9
10171297 3
10171391 1
10171391 45
10171433 4563
10171439 9957
10171519 20
10171597 8
10171687 9
10171709 79
10171769 1156
10171817 223
10171829 12
10171853 3
10171871 13
10171883 1
10171943 61
10171949 120
10171949 540
10171949 4236
10171991 613
10172017 8
10172017 15
10172021 1764
10172161 3
10172161 4040
10172333 9967
10172377 20
10172377 63
10172399 1
10172419 21
10172431 333
10172441 43
10172483 1
10172483 156
10172497 3
10172497 132
10172621 183
10172621 7656
10172671 1169
10172717 7
10172717 1879
10172737 2948
10172753 8812
10172759 1
10172801 279
10172801 955
10172803 621
10172819 1932
10172843 1
10172843 57
10172977 12
10173017 639
10173071 9985
10173133 852
10173133 3171
10173203 1
10173211 29
10173217 15
10173269 4
10173299 3772
10173343 5
10173367 9
10173491 1
10173511 944
10173551 4
10173587 9
10173587 184
10173719 1936
10173727 5
10173833 27
10173893 1036
10173923 57
10173923 565
10173931 5
10174037 3
10174051 5
10174051 48
10174069 236
10174079 12
10174081 179
10174117 8
10174147 185
10174193 3660
10174247 12
10174277 7
10174327 53
10174343 33
10174369 92
10174369 1947
10174399 24
10174403 3448
10174429 6764
10174433 3
10174453 632
10174457 48
10174457 63
10174499 16
10174499 21
10174501 15
10174537 8
10174537 1164
10174613 28
10174673 607
10174733 15
10174771 4493
10174799 1
10174811 9
10174817 3
10174831 20
10174831 36
10174849 3675
10174919 1
10174973 16
10174979 156
10174981 3
10174991 1
10175021 6940
10175023 1601
10175029 56
10175107 2973
10175117 7524
10175119 9
10175183 1
10175189 4
10175189 7
10175239 9
10175239 3980
10175293 6240
10175411 9
10175411 420
10175413 60
10175413 68
10175413 1775
10175423 412
10175441 88
10175497 3432
10175509 15
10175567 2173
10175569 1107
10175573 4032
10175579 16
10175587 2412
10175611 189
10175681 36
10175747 484
10175827 5
10175827 17
10175861 3
10175899 2729
10175899 4256
10176059 1
10176109 1484
10176121 3
10176163 801
10176167 265
10176209 247
10176233 67
10176347 24
10176553 20
10176553 1347
10176653 3
10176653 60
10176791 1
10176821 4
10176841 2943
10176917 3
10176973 23
10177019 12
10177031 1
10177093 3
10177117 323
10177261 168
10177361 3
10177379 1
10177397 3
10177397 2068
10177549 215
10177561 116
10177591 365
10177613 3
10177619 396
10177697 4
10177759 5
10177759 32
10178081 43
10178099 37
10178099 700
10178111 1
10178111 2316
10178117 1252
10178177 7
10178177 48
10178183 33
10178197 20
10178369 3007
10178407 3204
10178417 6700
10178423 12
10178513 67
10178549 132
10178593 323
10178593 347
10178611 5441
10178647 5
10178647 228
10178657 3
10178671 20
10178717 3
10178731 33
10178929 11
10178933 3
10178953 12
10178983 33
10179161 3
10179287 9
10179289 71
10179293 760
10179331 4104
10179343 17
10179419 129
10179419 616
10179457 39
10179509 7
10179509 676
10179557 4
10179557 2919
10179569 471
10179613 7100
10179661 8
10179679 20
10179679 69
10179679 185
10179707 52
10179707 244
10179707 988
10179781 3
10179797 435
10179803 1
10179853 207
10179857 27
10179901 3
10179901 2135
10179947 792
10179973 428
10179977 39
10180043 6033
10180129 11
10180129 15
10180249 1256
10180253 27
10180343 348
10180343 1216
10180451 1
10180451 529
10180451 828
10180453 248
10180459 785
10180579 320
10180601 4
10180609 15
10180663 240
10180673 3
10180721 15
10180757 7
10180771 1500
10180813 7152
10180847 52
10180853 4872
10180867 24
10180897 287
10180939 197
10180969 140
10180987 48
10180987 992
10181033 60
10181047 84
10181047 3684
10181057 3
10181057 39
10181123 85
10181159 4
10181173 1571
10181191 920
10181261 103
10181263 992
10181323 8
10181399 4
10181557 8
10181597 3
10181603 952
10181659 5
10181683 20
10181719 3537
10181737 44
10181749 99
10181837 4
10181837 19
10181837 63
10181863 12
10181887 17
10181909 475
10181947 204
10182041 4
10182041 1383
10182047 13
10182061 36
10182079 116
10182089 4872
10182217 24
10182239 1
10182421 639
10182493 12
10182563 1
10182581 3
10182587 2904
10182617 3
10182617 220
10182647 5460
10182673 971
10182709 120
10182709 1019
10182839 444
10182961 1659
10183013 2595
10183037 43
10183403 1548
10183571 1
10183609 11
10183609 332
10183627 84
10183661 108
10183699 9069
10183711 476
10183783 4380
10183879 1340
10183879 1920
10183891 8
10183973 3
10183997 4
10184033 7
10184033 36
10184039 1
10184117 27
10184137 12
10184179 5
10184203 341
10184243 1
10184413 408
10184467 8
10184557 12
10184579 12
10184579 24
10184579 657
10184591 1
10184599 32
10184599 3512
10184753 1747
10184767 525
10184773 140
10184807 4
10184869 1052
10184963 285
10184983 5
10184983 105
10185001 620
10185011 1
10185011 816
10185107 4
10185107 6124
10185137 423
10185157 44
10185283 153
10185359 1
10185401 4
10185401 24
10185419 9
10185443 1
10185493 3
10185523 17
10185569 7
10185611 1
10185611 4
10185611 21
10185629 15
10185649 8411
10185683 1
10185713 16
10185739 36
10185779 4
10185893 7
10185977 3
10185977 144
10185991 276
10186013 7
10186013 1323
10186021 8
10186037 148
10186093 968
10186283 445
10186301 3
10186307 12
10186307 249
10186331 4
10186373 723
10186373 768
10186381 119
10186403 13
10186411 204
10186537 15
10186549 156
10186663 5
10186703 13
10186789 360
10186811 1
10186811 4
10186853 15
10186871 49
10187039 832
10187039 2257
10187057 7
10187101 63
10187101 524
10187123 1
10187123 648
10187239 5
10187269 119
10187339 16
10187371 6336
10187479 32
10187491 5
10187519 1
10187537 192
10187537 3828
10187677 168
10187677 747
10187699 136
10187711 1
10187893 15
10187893 51
10187909 115
10187909 1192
10187911 1268
10187921 9264
10187927 9
10187929 56
10187929 1524
10188071 1
10188127 2532
10188317 3
10188319 12
10188359 84
10188397 8319
10188413 60
10188421 36
10188461 4
10188467 57
10188467 189
10188473 88
10188509 4
10188509 15
10188509 4420
10188569 7
10188583 132
10188637 12
10188649 1715
10188691 8
10188733 20
10188767 805
10188833 52
10188847 5
10188851 1
10188877 2588
10188907 5
10188973 155
10189031 720
10189057 23
10189147 9
10189147 524
10189189 6404
10189219 12
10189219 1001
10189229 1735
10189351 5
10189363 293
10189381 2060
10189447 8033
10189507 4784
10189547 37
10189583 1660
10189601 384
10189633 131
10189651 5
10189679 61
10189679 429
10189679 7441
10189747 9
10189787 5400
10189841 484
10189841 588
10189937 15
10189967 49
10189967 3225
10190027 40
10190053 8
10190053 107
10190153 51
10190171 1
10190179 701
10190237 1008
10190333 3
10190561 7683
10190563 21
10190627 264
10190639 1
10190641 3
10190641 8
10190683 12
10190773 71
10190801 3
10190809 147
10190819 4
10190857 5919
10190867 345
10190879 12
10190879 1885
10190891 145
10190903 1
10190927 12
10191017 135
10191017 5304
10191029 84
10191059 1
10191061 1224
10191101 2524
10191119 1
10191241 3
10191271 128
10191299 1
10191299 780
10191427 473
10191481 260
10191563 45
10191833 7
10191889 96
10191893 12
10191919 105
10191943 176
10191943 516
10192031 25
10192031 28
10192139 37
10192153 3
10192157 4
10192199 352
10192267 872
10192277 79
10192297 1007
10192297 1028
10192319 8992
10192327 5492
10192411 185
10192463 1
10192627 84
10192631 6409
10192667 4
10192739 1
10192757 2007
10192829 12
10192837 12
10192867 72
10192913 7
10192943 1
10192943 2320
10192991 589
10192991 2373
10192997 3
10192997 84
10193003 400
10193173 11
10193207 165
10193237 7
10193311 6801
10193317 620
10193357 12
10193419 5
10193423 2997
10193429 1212
10193453 108
10193549 4
10193653 12
10193767 413
10193801 3
10193803 1457
10193959 909
10194029 40
10194029 460
10194361 20
10194461 24
10194461 51
10194461 331
10194473 9351
10194479 117
10194479 160
10194607 824
10194731 1
10194757 12
10194791 1
10194857 15
10194941 4
10194949 360
10194983 21
10194983 6985
10195021 3
10195021 2516
10195033 252
10195057 12
10195057 183
10195057 375
10195057 735
10195057 5579
10195093 3
10195111 2069
10195111 5073
10195151 205
10195319 1
10195319 4
10195453 3
10195489 1440
10195499 52
10195547 2260
10195561 155
10195567 1472
10195649 16
10195711 8
10195727 88
10195747 29
10195747 633
10195817 7
10195841 3
10195883 132
10195943 1
10195943 13
10196059 5
10196099 1
10196113 4043
10196149 147
10196149 255
10196183 21
10196183 357
10196213 1120
10196231 4
10196257 15
10196269 47
10196269 96
10196317 12
10196357 132
10196363 112
10196363 3948
10196441 60
10196443 20
10196479 96
10196513 6012
10196533 1047
10196759 120
10196759 8680
10196801 903
10196869 32
10196887 569
10197017 4
10197071 28
10197079 17
10197079 224
10197097 4032
10197193 3
10197221 79
10197223 12
10197223 497
10197259 221
10197301 3
10197373 75
10197403 41
10197491 2733
10197527 892
10197581 4
10197653 3
10197689 460
10197701 4
10197703 20
10197727 128
10197743 28
10197749 307
10197857 3
10197857 4
10197907 3153
10197917 7
10197949 47
10197959 1
10197989 4
10197989 144
10197997 1907
10198033 3
10198033 476
10198033 971
10198043 1
10198061 3
10198073 7
10198073 1527
10198093 251
10198093 7815
10198151 1
10198151 6216
10198171 1884
10198211 81
10198213 3
10198213 8
10198337 100
10198337 639
10198337 8712
10198373 12
10198379 1392
10198379 2092
10198403 1
10198403 6877
10198457 1740
10198541 175
10198541 3559
10198621 1400
10198819 9
10198823 1
10198931 1
10198931 25
10198961 840
10199027 7129
10199113 8
10199129 339
10199197 12
10199249 7
10199359 392
10199411 1
10199429 151
10199459 12
10199467 9149
10199587 152
10199593 3
10199639 1
10199639 9
10199639 244
10199641 155
10199653 36
10199671 21
10199689 3464
10199699 1272
10199807 253
10199821 504
10199911 2748
10200011 21
10200067 4377
10200077 12
10200107 2653
10200163 513
10200173 3
10200301 36
10200313 15
10200319 297
10200343 1736
10200343 6252
10200403 116
10200461 2115
10200479 1
10200563 1
10200601 20
10200607 5
10200607 528
10200611 1
10200611 4
10200691 5
10200691 33
10200691 5084
10200719 1
10200787 329
10200797 3
10200809 7795
10200877 44
10200893 87
10200893 243
10200959 1
10201063 6537
10201129 84
10201211 601
10201361 60
10201403 1
10201403 121
10201403 4392
10201421 5139
10201463 1
10201481 39
10201517 15
10201553 7960
10201559 8877
10201769 15
10201831 7761
10201843 116
10201931 1
10201931 4369
10201943 33
10201957 615
10201957 1028
10202063 1
10202063 73
10202063 9732
10202099 1432
10202117 48
10202273 108
10202279 4
10202321 364
10202389 11
10202389 839
10202393 12
10202419 2012
10202453 3
10202551 6033
10202573 27
10202579 1021
10202603 1
10202651 1
10202663 577
10202701 171
10202749 11
10202749 4712
10202761 483
10202831 1
10202831 4
10202833 4055
10202903 21
10202903 2073
10202909 2599
10202953 980
10202953 3255
10202963 1
10203001 2163
10203023 3885
10203031 96
10203071 1
10203113 2460
10203203 472
10203203 3616
10203203 5401
10203251 21
10203257 712
10203269 31
10203289 11
10203289 20
10203299 4
10203461 2976
10203469 959
10203509 1339
10203539 352
10203569 115
10203577 15
10203581 115
10203659 1
10203659 16
10203659 25
10203659 5400
10203667 1452
10203673 3
10203763 332
10203839 1
10203847 9
10203847 1857
10203883 5
10203883 1557
10203887 4
10203887 8880
10203989 12
10203989 819
10204067 9
10204081 15
10204133 2535
10204151 1
10204219 876
10204223 16
10204261 200
10204309 251
10204319 1
10204321 4979
10204343 1221
10204391 1
10204427 4
10204553 28
10204591 20
10204627 5
10204679 637
10204681 7388
10204693 11
10204693 20
10204783 93
10204793 40
10204793 571
10204903 32
10204979 1
10205051 45
10205101 696
10205113 3192
10205161 2436
10205207 4
10205227 389
10205357 48
10205401 11
10205411 1
10205411 8133
10205513 172
10205551 8
10205567 112
10205809 4176
10205861 4
10205873 8056
10205873 9828
10205953 36
10205953 200
10205963 1
10206019 437
10206149 7
10206149 51
10206269 39
10206299 1
10206323 1
10206323 1432
10206367 840
10206491 16
10206491 841
10206509 339
10206529 155
10206541 24
10206541 4119
10206569 207
10206569 399
10206569 9139
10206611 5076
10206803 1
10206803 1281
10206809 540
10206839 16
10206853 15
10206907 60
10206907 80
10206983 4681
10206997 4248
10207049 7807
10207081 59
10207151 4
10207151 16
10207181 1195
10207229 211
10207271 1
10207273 951
10207397 3
10207397 60
10207433 4887
10207441 7904
10207471 7760
10207481 15
10207481 1464
10207501 396
10207553 132
10207621 3
10207697 2028
10207763 8773
10207777 1415
10207793 7
10207831 105
10207843 65
10207861 63
10207867 24
10207867 1229
10207979 1
10208027 57
10208047 17
10208059 89
10208069 115
10208117 208
10208161 24
10208179 1709
10208273 28
10208323 5
10208323 293
10208333 3
10208399 601
10208423 1716
10208477 12
10208477 24
10208479 5616
10208507 1477
10208537 63
10208603 33
10208629 35
10208651 33
10208867 192
10208873 3
10208873 591
10208953 12
10208963 1
10209037 3
10209071 3960
10209119 1
10209233 3
10209233 15
10209281 2479
10209307 284
10209341 295
10209349 6575
10209439 9
10209461 4
10209461 76
10209467 112
10209487 740
10209491 13
10209497 88
10209559 3689
10209803 36
10209863 1
10209931 233
10209971 1
10209971 4
10209971 648
10210007 4
10210069 2331
10210103 1
10210111 2160
10210121 4
10210141 23
10210147 12
10210219 129
10210223 1585
10210237 8
10210237 1283
10210243 1253
10210283 1
10210289 207
10210351 1596
10210381 9728
10210427 1608
10210451 45
10210531 2709
10210579 620
10210589 175
10210601 60
10210649 4
10210649 39
10210667 4417
10210691 1
10210769 4
10210769 15
10210819 221
10210841 3
10210859 1
10210859 229
10210883 1
10211039 1
10211083 5
10211129 4
10211143 488
10211171 1
10211171 49
10211197 324
10211207 1765
10211221 423
10211239 24
10211293 167
10211293 296
10211359 401
10211633 187
10211651 1228
10211657 439
10211699 1
10211711 40
10211783 1
10211791 8393
10211819 1
10211833 3
10211837 27
10211921 28
10211947 8
10211953 3
10211959 36
10211959 1896
10211969 207
10211983 53
10211983 2885
10212029 27
10212077 4
10212131 1
10212131 9
10212151 41
10212173 7
10212173 511
10212173 1956
10212179 12
10212277 504
10212491 1
10212491 1336
10212577 848
10212613 1880
10212617 4
10212637 107
10212647 5112
10212659 1
10212721 315
10212721 5604
10212737 5904
10212739 5
10212791 1
10212833 27
10213001 259
10213097 3
10213097 252
10213207 1332
10213261 111
10213261 804
10213319 12
10213331 13
10213331 1521
10213361 79
10213391 453
10213391 1648
10213501 3
10213513 92
10213559 1
10213571 28
10213571 180
10213691 1
10213733 15
10213733 27
10213733 6592
10213769 19
10213781 4
10213799 1
10213799 6460
10213807 8613
10213927 105
10213927 7112
10213999 17
10214027 25
10214051 96
10214089 1419
10214101 3
10214111 1
10214279 1
10214291 40
10214333 3
10214333 796
10214341 3
10214341 3039
10214411 1
10214423 37
10214443 2412
10214497 3
10214527 489
10214579 4
10214579 177
10214741 3888
10214749 1247
10214821 83
10214851 441
10214917 728
10214959 449
10215001 36
10215001 239
10215157 627
10215157 1920
10215251 1
10215307 89
10215349 420
10215353 172
10215383 936
10215431 168
10215431 265
10215431 3153
10215463 41
10215503 1
10215563 16
10215637 644
10215661 356
10215671 1
10215739 920
10215869 7
10215911 16
10215913 6647
10215923 1
10216051 3564
10216079 9
10216103 3180
10216273 23
10216373 43
10216519 17
10216571 1161
10216597 8
10216597 35
10216603 108
10216621 3
10216649 39
10216691 1
10216691 928
10216727 108
10216727 964
10216799 45
10216837 8
10216883 73
10216891 8
10217029 51
10217029 56
10217029 1779
10217063 252
10217167 29
10217171 285
10217201 43
10217213 12
10217213 2955
10217239 5
10217243 168
10217279 60
10217281 3
10217297 4324
10217351 1
10217381 831
10217477 7
10217579 1
10217579 9
10217633 15
10217653 3
10217723 1
10217827 773
10217843 1188
10217849 31
10217849 7687
10218007 197
10218017 199
10218101 579
10218161 223
10218161 1411
10218239 16
10218239 37
10218259 2316
10218311 1
10218311 6361
10218431 1
10218449 4
10218487 645
10218521 5976
10218539 25
10218653 880
10218757 3
10218841 68
10218841 360
10218869 4
10218889 1056
10218899 1
10218953 3
10218953 496
10219003 12
10219009 1040
10219087 288
10219103 2641
10219117 3
10219117 159
10219117 699
10219171 308
10219211 9
10219217 28
10219219 9
10219219 777
10219277 4
10219277 64
10219277 1615
10219357 20
10219379 4
10219457 4
10219457 984
10219471 104
10219487 13
10219591 5
10219591 29
10219597 3
10219609 1815
10219621 344
10219637 583
10219747 1905
10219753 3
10219787 73
10219787 1593
10219819 32
10219841 16
10219877 12
10219883 1
10219903 8
10219997 15
10220033 2191
10220047 84
10220053 3
10220069 31
10220083 21
10220083 1788
10220101 3
10220101 1115
10220107 8
10220107 189
10220159 1
10220159 249
10220269 299
10220299 57
10220341 119
10220351 1
10220429 151
10220447 4800
10220471 1
10220513 8896
10220653 56
10220699 4396
10220711 4
10220711 453
10220863 500
10220911 1064
10220939 7369
10221007 33
10221007 224
10221083 732
10221149 564
10221173 28
10221173 6112
10221191 309
10221191 2841
10221283 4308
10221293 652
10221347 28
10221461 3
10221467 7980
10221511 225
10221517 180
10221649 164
10221737 2200
10221773 2727
10221779 8661
10221853 11
10221863 1
10221877 63
10221901 3
10221901 15
10221901 6879
10221973 48
10222067 169
10222081 24
10222187 37
10222211 21
10222229 7
10222307 789
10222379 1
10222379 9180
10222447 8
10222561 680
10222561 5768
10222567 48
10222573 1052
10222609 8555
10222657 183
10222711 305
10222711 1593
10222781 139
10222939 2589
10222957 807
10222987 2349
10223023 5652
10223041 7424
10223093 3
10223099 85
10223099 696
10223177 3
10223177 1275
10223231 1
10223231 460
10223231 8556
10223249 4
10223249 139
10223251 285
10223261 744
10223303 13
10223347 209
10223413 3
10223497 24
10223497 123
10223497 324
10223641 135
10223641 7580
10223737 27
10223771 1
10223771 120
10223777 3
10223791 3021
10223813 7
10223813 36
10223821 23
10223833 4676
10223839 21
10223861 3
10223861 1228
10223887 48
10223903 12
10223923 93
10223923 356
10223971 573
10223989 47
10224061 48
10224077 24
10224119 9
10224139 4176
10224143 1
10224187 53
10224187 513
10224317 175
10224317 4620
10224323 12
10224323 208
10224329 60
10224493 3
10224517 24
10224551 1
10224551 3313
10224563 1
10224607 5
10224743 108
10224751 860
10224779 69
10224941 3
10224961 656
10224971 1
10225057 3
10225057 39
10225063 20
10225093 4568
10225123 48
10225147 204
10225373 700
10225507 1313
10225561 3
10225571 240
10225597 32
10225673 3
10225739 16
10225867 5
10225889 2604
10226003 1
10226071 41
10226087 4
10226087 12
10226107 32
10226141 3415
10226407 5949
10226417 24
10226429 7
10226429 135
10226519 1
10226521 3
10226521 39
10226543 7936
10226551 5
10226591 168
10226659 21
10226663 1
10226729 1516
10226729 5355
10226761 1511
10226791 5181
10226831 1
10226849 475
10226851 4164
10226863 1365
10226891 1564
10226971 5
10226971 9525
10226989 24
10227037 279
10227071 1
10227221 16
10227221 603
10227289 171
10227293 495
10227313 3032
10227323 1
10227367 3045
10227431 4
10227431 49
10227457 279
10227457 5288
10227601 3
10227619 5
10227641 3
10227661 39
10227661 6291
10227689 4
10227739 1460
10227739 2181
10227769 204
10227779 1
10227817 15
10227853 8556
10227883 5
10227907 80
10227913 3
10227913 552
10227989 735
10228027 17
10228027 3704
10228081 23
10228121 124
10228139 21
10228151 4
10228151 81
10228159 4469
10228313 3
10228321 1956
10228363 776
10228381 1320
10228411 9
10228429 72
10228489 12
10228489 299
10228511 1
10228571 4
10228579 12
10228627 24
10228633 23
10228637 3
10228697 4
10228697 7
10228697 147
10228723 32
10228727 109
10228741 8
10228819 4544
10228861 15
10228877 4
10228877 79
10228931 1
10228963 5
10229027 357
10229081 1536
10229111 1
10229119 2072
10229171 1
10229237 4
10229269 1535
10229299 105
10229339 25
10229363 1
10229413 32
10229423 1
10229573 1512
10229573 5811
10229629 35
10229629 44
10229647 5928
10229647 6329
10229839 17
10229839 21
10229867 925
10229881 200
10229909 4
10229941 383
10229941 6531
10230079 1541
10230083 61
10230119 1
10230139 5
10230139 9
10230247 245
10230257 64
10230281 63
10230343 21
10230343 696
10230457 12
10230487 5
10230499 101
10230499 197
10230553 11
10230641 4
10230641 51
10230673 1272
10230677 5707
10230679 9
10230743 1
10230811 5
10230839 301
10230901 128
10231037 3
10231153 248
10231163 1
10231183 5493
10231261 119
10231337 7047
10231421 15
10231439 1
10231649 372
10231667 4
10231687 33
10231777 20
10231789 99
10231799 129
10231817 2643
10231831 8
10231831 96
10231873 8
10231883 1101
10231901 4
10231913 6247
10231951 1044
10231961 819
10231973 63
10231981 3
10232129 24
10232129 3556
10232219 1
10232353 36
10232353 2471
10232533 3
10232543 13
10232557 48
10232557 1787
10232693 127
10232693 555
10232767 5
10232767 89
10232851 56
10232917 83
10232917 2184
10232939 12
10232951 1
10232951 133
10233023 2961
10233049 12
10233071 9384
10233217 32
10233221 6555
10233239 7036
10233241 3
10233281 1344
10233329 60
10233341 231
10233427 8
10233449 132
10233481 83
10233557 6972
10233569 1995
10233631 8
10233637 35
10233667 248
10233697 5232
10233703 6921
10233709 80
10233709 287
10233737 3
10233803 232
10233809 5632
10233833 16
10233863 733
10233907 308
10233907 777
10234067 1117
10234073 3
10234079 1
10234079 4
10234079 64
10234087 69
10234181 3
10234193 72
10234253 12
10234271 6193
10234307 85
10234349 111
10234351 653
10234417 3
10234421 4
10234453 11
10234487 25
10234487 1825
10234583 1
10234583 525
10234589 12
10234691 4
10234691 21
10234717 1179
10234739 9
10234751 2685
10234753 543
10234759 5
10234897 84
10234951 68
10234963 4421
10234981 4880
10235011 80
10235011 4485
10235447 757
10235453 3
10235531 1
10235557 87
10235557 1172
10235567 12
10235593 207
10235647 29
10235647 993
10235669 7
10235723 1
10235723 3381
10235867 12
10235899 24
10235909 7684
10236113 3
10236251 6484
10236287 6825
10236319 9
10236319 1656
10236337 8
10236353 55
10236371 13
10236379 560
10236419 1
10236419 1897
10236433 11
10236469 332
10236481 311
10236493 11
10236547 33
10236641 28
10236673 23
10236683 1
10236697 8
10236697 24
10236719 21
10236767 6745
10236773 748
10236803 733
10236841 3
10236893 3
10236923 112
10236973 771
10236977 139
10237063 117
10237091 21
10237151 1
10237151 33
10237153 131
10237153 576
10237177 1752
10237243 585
10237289 16
10237351 264
10237363 152
10237363 5340
10237379 1
10237379 160
10237387 272
10237391 40
10237511 21
10237651 393
10237699 12
10237763 1
10237763 12
10237807 3032
10237853 12
10237883 13
10237991 2064
10238023 5
10238099 1
10238099 5320
10238117 19
10238117 1108
10238141 5191
10238183 1
10238191 360
10238279 1
10238281 228
10238297 3
10238297 264
10238531 4320
10238531 4413
10238531 8581
10238533 51
10238597 3
10238597 259
10238633 7
10238647 20
10238713 32
10238759 1
10238831 49
10238849 127
10238863 5
10238909 7
10238951 1
10238983 5
10238983 8
10239023 25
10239107 2473
10239143 1
10239179 84
10239221 36
10239241 3
10239241 116
10239247 8
10239247 5868
10239377 7
10239401 3
10239413 7
10239413 636
10239421 20
10239431 8340
10239479 4
10239511 276
10239527 3900
10239533 5812
10239557 2200
10239587 4320
10239599 1972
10239659 24
10239673 32
10239679 2612
10239781 3
10239851 1
10239869 531
10239913 15
10239923 1
10239923 897
10239953 12
10239973 11
10240127 4
10240141 24
10240159 332
10240319 1
10240327 72
10240397 48
10240469 8460
10240537 20
10240673 52
10240709 4
10240709 7
10240793 616
10240889 975
10240907 48
10240933 27
10241087 144
10241117 88
10241149 3611
10241183 1
10241201 8911
10241239 5
10241251 768
10241281 15
10241281 419
10241281 1016
10241447 52
10241447 657
10241459 561
10241689 4455
10241753 6787
10241789 4584
10241807 28
10241849 4
10241849 39
10241863 1056
10241887 1985
10241899 2361
10241921 4
10241927 4
10241947 209
10241947 228
10242047 145
10242101 3
10242187 5
10242241 263
10242289 3992
10242293 880
10242329 52
10242329 96
10242461 15
10242487 5
10242553 3
10242581 1048
10242671 21
10242671 3865
10242719 24
10242733 92
10242761 4
10242763 5
10242763 8
10242983 1
10242983 21
10243007 2413
10243171 453
10243213 6543
10243243 2552
10243253 436
10243267 20
10243357 3
10243393 23
10243459 680
10243463 1
10243559 1
10243559 57
10243657 324
10243691 16
10243703 1
10243703 85
10243769 907
10243817 9592
10243867 8
10243867 9425
10243969 11
10244141 2476
10244231 1
10244231 4
10244303 685
10244357 940
10244359 5
10244359 4797
10244371 2556
10244471 1
10244513 192
10244513 8316
10244567 448
10244581 1596
10244587 552
10244587 2844
10244609 4
10244623 5
10244677 23
10244699 49
10244771 48
10244831 1
10244831 73
10244837 55
10244881 279
10244881 3771
10244891 9
10244977 855
10244989 24
10245023 1
10245077 3
10245089 55
10245197 7
10245197 5820
10245211 141
10245239 1
10245251 1149
10245253 200
10245299 1
10245311 1
10245317 288
10245317 955
10245329 144
10245397 308
10245397 4515
10245479 12
10245491 1
10245493 240
10245533 3
10245533 187
10245563 1
10245563 2740
10245601 8
10245619 20
10245643 5940
10245643 8928
10245647 9
10245701 3
10245721 3
10245733 228
10245793 3
10245853 15
10245853 35
10245853 1976
10245919 32
10246021 399
10246031 1
10246057 12
10246123 1548
10246133 1123
10246133 3567
10246157 4992
10246183 17
10246297 3
10246297 48
10246321 8636
10246363 5
10246363 261
10246363 1581
10246403 1
10246417 4055
10246429 11
10246441 59
10246451 249
10246463 13
10246493 6672
10246559 417
10246571 33
10246633 3
10246633 32
10246633 131
10246673 3
10246693 71
10246751 1
10246777 3
10246787 45
10246807 9
10246829 120
10246829 3619
10246897 32
10246991 1
10246993 252
10247051 48
10247053 32
10247123 12
10247131 9
10247239 84
10247291 13
10247317 35
10247333 52
10247387 564
10247401 3
10247401 188
10247407 8837
10247423 1
10247473 488
10247513 72
10247539 5
10247599 3224
10247819 1
10247843 1
10247849 4
10247869 44
10247873 691
10247879 1
10247899 2721
10247899 6636
10247971 756
10247983 68
10247983 3692
10248031 380
10248037 8
10248101 3
10248131 1
10248131 945
10248131 1144
10248257 223
10248257 4275
10248307 9824
10248311 16
10248323 1
10248323 340
10248349 72
10248367 12
10248367 48
10248509 24
10248529 15
10248529 92
10248551 649
10248613 3
10248659 1
10248701 684
10248737 3
10248743 48
10248743 3313
10248827 12
10248827 625
10248881 3
10248883 8
10248883 33
10248899 9
10248899 640
10248929 1131
10248937 3647
10249021 24
10249049 31
10249123 720
10249157 4
10249363 5
10249387 8337
10249451 1
10249457 5112
10249573 11
10249573 6192
10249601 4
10249601 4884
10249709 7
10249739 4
10249751 69
10249751 1908
10249817 1732
10249937 7
10249979 4
10250027 3645
10250029 327
10250069 4
10250113 192
10250159 1612
10250173 1731
10250209 444
10250237 7
10250309 16
10250309 912
10250323 1328
10250353 1191
10250363 268
10250407 332
10250411 4224
10250503 5
10250521 396
10250567 168
10250651 8949
10250657 108
10250683 120
10250693 7
10250759 1
10250759 4
10250759 1056
10250771 1
10250831 28
10250831 844
10250843 16
10250857 47
10250873 7
10250873 1108
10250941 36
10250941 300
10250969 7
10250971 9
10251011 1
10251011 9
10251179 1156
10251179 8304
10251229 296
10251347 4
10251377 219
10251403 8
10251443 1
10251611 3141
10251613 11
10251613 435
10251617 15
10251671 4
10251677 1179
10251691 36
10251739 5
10251739 36
10251749 60
10251797 220
10251817 3
10251817 2460
10251841 2768
10251893 2256
10251907 8
10251937 47
10251973 4316
10252061 1399
10252079 3912
10252163 88
10252169 2311
10252183 5
10252183 8
10252183 21
10252199 21
10252259 9852
10252271 1
10252271 13
10252271 264
10252301 3
10252321 24
10252433 3
10252481 144
10252523 33
10252553 16
10252577 3
10252577 7
10252643 57
10252757 672
10252841 16
10252859 3600
10252901 120
10252919 1
10252933 8
10252939 9
10252969 92
10252973 772
10253011 945
10253021 339
10253053 183
10253171 808
10253183 1048
10253209 12
10253213 3
10253233 8
10253233 183
10253237 1419
10253251 84
10253311 116
10253471 1
10253471 9
10253557 4187
10253609 1024
10253783 72
10253833 11
10253993 9400
10254019 12
10254029 7
10254071 60
10254137 28
10254173 3
10254199 21
10254203 237
10254203 5076
10254239 744
10254311 5245
10254323 25
10254353 6763
10254403 8
10254421 2276
10254427 189
10254457 140
10254617 6315
10254653 1056
10254679 6336
10254703 92
10254703 1913
10254709 35
10254709 72
10254763 6405
10254779 1804
10254841 3
10254913 12
10254983 1
10255057 9767
10255151 2389
10255187 705
10255243 6188
10255277 943
10255283 5236
10255337 1048
10255351 869
10255429 927
10255429 8504
10255433 2976
10255481 64
10255499 1
10255523 1
10255571 1
10255669 80
10255681 3
10255691 316
10255799 621
10255807 209
10255829 4
10255829 2559
10255829 8664
10255831 8
10255943 13
10256173 1080
10256243 1
10256263 993
10256291 4
10256303 88
10256417 2088
10256417 2995
10256453 187
10256473 20
10256531 4
10256579 12
10256621 28
10256663 1
10256663 12
10256783 1
10256809 5976
10256861 583
10257061 3
10257083 1177
10257083 1741
10257151 2624
10257167 12
10257173 1248
10257277 3
10257353 88
10257509 1887
10257557 100
10257697 20
10257743 1
10257763 32
10257763 152
10257763 333
10257823 140
10257941 271
10257959 1
10258057 12
10258091 1
10258109 7
10258121 175
10258121 411
10258147 3960
10258177 3
10258189 6680
10258211 1
10258243 5097
10258289 240
10258333 1272
10258399 12
10258543 173
10258559 24
10258559 237
10258603 48
10258681 3396
10258739 1
10258739 9
10258793 1003
10258793 5067
10258891 29
10258901 76
10258901 240
10258921 3744
10258981 599
10259009 216
10259017 920
10259021 7276
10259023 1452
10259099 96
10259099 2140
10259321 151
10259339 861
10259341 36
10259351 100
10259363 13
10259401 591
10259531 1
10259531 16
10259597 5512
10259597 9043
10259813 7
10259813 12
10259897 67
10259927 112
10259987 1024
10260011 40
10260013 8115
10260071 4
10260083 1
10260161 3004
10260167 13
10260221 3
10260233 703
10260301 36
10260307 29
10260317 1104
10260379 1484
10260389 15
10260391 8
10260407 132
10260449 4
10260463 77
10260511 468
10260529 5400
10260541 63
10260611 1516
10260623 256
10260799 21
10260839 1
10260847 132
10260881 559
10260923 1
10261019 1
10261061 1143
10261067 397
10261123 5
10261123 308
10261177 3
10261211 1
10261213 12
10261213 36
10261271 1
10261271 244
10261271 885
10261291 741
10261451 1740
10261487 52
10261541 39
10261561 83
10261597 203
10261609 1199
10261663 8
10261721 19
10261733 12
10261751 4036
10261763 1
10261781 4
10261781 1575
10261793 3
10261817 19
10261963 105
10262039 21
10262051 1
10262051 204
10262107 9
10262123 25
10262129 460
10262221 3
10262227 2417
10262327 108
10262377 20
10262387 13
10262537 283
10262557 263
10262597 3
10262597 88
10262597 127
10262599 24
10262627 25
10262699 1
10262699 265
10262731 2268
10262737 3
10262737 704
10262821 1028
10262929 855
10263047 72
10263047 88
10263107 4
10263133 3
10263137 4
10263137 7
10263191 13
10263271 36
10263293 76
10263353 228
10263371 64
10263479 1
10263527 37
10263557 3
10263587 1120
10263599 972
10263611 1
10263613 87
10263637 183
10263647 37
10263683 276
10263683 7737
10263749 31
10263749 6852
10263791 808
10263791 4705
10263793 263
10263853 11
10263859 1676
10263887 4
10263887 264
10263943 1548
10263961 2111
10263983 1
10264061 4
10264091 180
10264151 9
10264151 36
10264213 8
10264213 11
10264301 3
10264343 1
10264343 73
10264357 3
10264369 20
10264369 7676
10264511 1
10264523 88
10264591 5
10264591 8
10264591 41
10264679 280
10264697 3
10264703 1
10264703 117
10264717 7088
10264781 144
10264853 3
10264853 3127
10264861 3
10264861 11
10264901 328
10264949 2104
10264979 1
10264979 1456
10265009 115
10265051 2121
10265183 756
10265237 7
10265237 3763
10265239 545
10265239 4409
10265459 1
10265503 5
10265513 7
10265597 3
10265609 2055
10265669 91
10265707 380
10265713 131
10265869 5619
10265887 20
10265887 77
10265891 1
10265891 3768
10265939 1
10265939 60
10265999 1
10266049 11
10266049 72
10266071 1
10266071 28
10266083 1
10266101 1848
10266133 27
10266161 4260
10266167 9
10266227 9
10266271 8
10266271 816
10266331 5
10266367 8
10266371 13
10266371 25
10266461 16
10266481 3228
10266499 92
10266511 929
10266527 4
10266587 328
10266629 115
10266743 457
10266749 4
10266749 171
10266799 65
10266887 13
10266941 283
10266961 3
10266979 41
10266989 391
10267051 5484
10267063 1217
10267069 15
10267139 1
10267157 207
10267157 843
10267193 8028
10267199 4
10267403 1
10267409 4
10267447 8
10267447 44
10267553 16
10267567 980
10267633 9596
10267693 255
10267721 531
10267757 88
10267757 900
10267799 5565
10267871 4
10267871 369
10267877 72
10267889 24
10267937 7
10267973 31
10267993 36
10268023 248
10268047 9
10268101 3
10268149 11
10268171 1
10268171 184
10268171 1065
10268213 31
10268369 15
10268381 4
10268381 88
10268387 1833
10268393 3
10268411 1
10268411 4581
10268473 696
10268473 5600
10268507 12
10268509 44
10268509 140
10268519 1
10268623 53
10268681 16
10268681 40
10268723 12
10268723 1152
10268749 135
10268809 84
10268821 1439
10268849 2307
10268893 20
10268941 36
10269013 8
10269097 15
10269137 3
10269151 1596
10269179 1
10269223 113
10269263 1
10269319 92
10269491 1
10269517 15
10269541 23
10269541 5123
10269541 6236
10269541 8588
10269619 812
10269631 53
10269691 45
10269691 153
10269769 2871
10269811 8540
10269851 9
10269911 1
10269947 160
10270019 436
10270277 3
10270277 4
10270291 216
10270313 1612
10270391 1
10270409 220
10270411 36
10270417 2135
10270433 7
10270441 1119
10270451 1036
10270607 4
10270607 100
10270681 299
10270681 2828
10270691 1
10270723 8
10270751 2668
10270781 384
10270861 279
10270933 848
10270969 339
10270969 2600
10271021 4
10271071 29
10271083 117
10271099 16
10271099 21
10271143 7932
10271147 300
10271203 633
10271221 8
10271231 1
10271231 4
10271309 100
10271309 124
10271309 1171
10271309 7635
10271321 15
10271321 4140
10271351 3208
10271377 3
10271483 1
10271551 140
10271623 20
10271627 213
10271693 3
10271707 1925
10271741 3
10271741 1155
10271827 9
10271839 317
10271839 1817
10271857 1904
10271867 85
10271879 1
10271909 4
10272011 1
10272013 3
10272071 148
10272127 344
10272149 7
10272151 3201
10272187 573
10272359 4357
10272371 1
10272413 348
10272511 5
10272523 17
10272523 48
10272541 111
10272683 93
10272707 4
10272803 1
10272803 2988
10272869 2611
10272883 2601
10272907 9
10272907 1329
10272917 12
10272967 105
10273033 252
10273057 2744
10273063 12
10273093 27
10273273 3
10273283 16
10273283 57
10273297 3
10273327 8597
10273343 13
10273427 40
10273427 129
10273451 880
10273451 2688
10273481 4
10273541 3
10273607 225
10273607 984
10273633 1763
10273639 36
10273651 33
10273687 324
10273693 3
10273751 1
10273789 644
10273789 7652
10273799 1
10273841 31
10273873 27
10273883 1
10273973 72
10274039 1
10274129 295
10274167 20
10274177 72
10274177 5632
10274219 1
10274351 9
10274357 3363
10274359 17
10274359 956
10274387 9
10274389 371
10274393 1771
10274393 8748
10274447 4300
10274483 76
10274599 9632
10274617 23
10274711 1
10274713 911
10274879 9
10274879 12
10274923 581
10274941 3996
10274963 73
10275037 1404
10275061 1644
10275073 3
10275079 416
10275119 16
10275119 2812
10275211 213
10275241 56
10275311 4
10275427 60
10275427 8372
10275431 1
10275431 748
10275527 4
10275527 633
10275527 9852
10275623 1
10275653 223
10275691 56
10275731 201
10275743 60
10275821 55
10275833 648
10275893 327
10275919 41
10275949 35
10276087 3177
10276163 193
10276249 3491
10276337 7
10276351 336
10276379 1
10276379 49
10276501 51
10276547 13
10276547 28
10276571 4
10276589 12
10276603 6252
10276631 1
10276633 2880
10276703 4272
10276711 5
10276751 1
10276751 8544
10276897 875
10276901 1071
10276907 4
10276907 5757
10276961 1168
10277087 24
10277087 25
10277303 2952
10277327 9
10277353 1203
10277381 783
10277413 156
10277413 1631
10277417 3
10277417 4
10277447 337
10277471 25
10277483 1
10277507 4
10277549 4
10277609 72
10277653 23
10277653 620
10277693 3
10277693 28
10277699 12
10277713 3435
10277779 5
10277831 4
10277857 132
10277887 228
10277929 12
10277947 57
10277963 1360
10278011 1
10278017 124
10278097 3
10278133 12
10278223 5
10278253 20
10278253 308
10278271 5
10278347 4
10278431 1
10278431 4
10278461 4848
10278481 8048
10278551 153
10278551 6100
10278553 836
10278629 16
10278629 519
10278689 124
10278743 4737
10278757 1235
10278839 4
10278893 55
10278913 891
10278959 1
10278991 636
10278991 8481
10279037 7
10279103 1
10279121 15
10279147 32
10279153 3
10279267 2505
10279277 19
10279289 315
10279363 68
10279391 208
10279453 960
10279457 15
10279457 19
10279471 6420
10279547 73
10279547 640
10279547 2205
10279567 9
10279571 565
10279637 3783
10279739 117
10279739 232
10279943 1
10279991 9361
10280089 756
10280099 4761
10280167 9
10280167 1604
10280201 28
10280227 92
10280227 2589
10280243 1
10280321 4
10280321 5928
10280323 12
10280341 351
10280363 697
10280423 1
10280423 36
10280441 4
10280441 4816
10280443 5
10280489 64
10280489 1935
10280551 3276
10280591 28
10280723 1
10280723 852
10280731 236
10280807 13
10280813 196
10280951 1
10280983 185
10280987 9849
10281067 5
10281169 1224
10281179 16
10281221 960
10281331 4053
10281361 2579
10281431 1
10281499 9
10281499 17
10281499 224
10281503 1
10281503 3177
10281571 8
10281653 3
10281779 1
10281809 12
10281811 404
10281833 640
10281911 21
10281949 1007
10282001 36
10282009 227
10282039 5
10282039 405
10282171 9
10282171 833
10282187 364
10282199 1
10282273 3312
10282303 161
10282319 1
10282319 820
10282369 44
10282381 8
10282381 15
10282409 135
10282417 39
10282417 908
10282487 40
10282499 7756
10282577 3
10282609 39
10282609 207
10282673 7
10282687 8
10282763 1
10282763 88
10282931 1
10282931 40
10282931 189
10283111 16
10283111 24
10283137 3
10283137 1703
10283183 1
10283191 8
10283191 2388
10283201 4
10283239 1901
10283263 36
10283263 177
10283309 72
10283363 1
10283411 540
10283411 1384
10283479 5
10283519 1
10283671 29
10283677 12
10283687 4
10283717 12
10283717 24
10283789 5619
10283803 17
10283813 91
10283813 1036
10283851 8
10283879 1
10283887 5
10283887 3300
10283899 5
10283953 2111
10284103 5
10284143 1
10284203 316
10284227 6729
10284341 24
10284359 2016
10284359 2497
10284397 3
10284413 3
10284413 516
10284437 24
10284479 1
10284511 5
10284517 3
10284559 5
10284607 3477
10284671 141
10284707 12
10284713 1671
10284731 2940
10284739 21
10284739 132
10284823 357
10284823 3888
10285003 72
10285073 400
10285073 907
10285091 1
10285109 4
10285109 5175
10285139 1
10285139 829
10285217 4
10285259 861
10285333 35
10285487 52
10285559 1
10285559 2860
10285571 1
10285571 4
10285573 8
10285679 1
10285679 61
10285817 3675
10285829 2392
10285837 63
10285871 1
10285871 25
10285937 43
10285939 285
10285999 45
10286053 263
10286069 7
10286069 384
10286069 816
10286099 1
10286113 323
10286131 81
10286131 473
10286147 184
10286183 1
10286219 9
10286233 147
10286257 83
10286299 4260
10286303 13
10286401 315
10286477 15
10286477 8439
10286519 1
10286557 947
10286579 1
10286587 105
10286597 55
10286701 15
10286779 1521
10286803 137
10286891 1
10286953 2976
10286971 1305
10287001 51
10287047 4
10287047 184
10287089 19
10287107 4
10287217 3
10287217 612
10287259 5
10287283 57
10287337 207
10287337 2063
10287337 3203
10287391 8
10287457 68
10287457 3588
10287469 4767
10287551 525
10287587 429
10287731 1
10287731 9229
10287733 2727
10287751 41
10287751 176
10287821 4
10287881 16
10287881 100
10287881 304
10288027 2073
10288067 1788
10288067 2149
10288067 2485
10288093 15
10288121 928
10288261 39
10288277 3
10288279 41
10288279 1881
10288393 35
10288403 1
10288427 4
10288469 39
10288501 15
10288541 315
10288589 307
10288631 165
10288639 77
10288639 156
10288669 15
10288669 107
10288669 204
10288673 220
10288793 648
10288801 6444
10288877 3
10288879 9
10288933 827
10288969 12
10288969 9015
10288973 87
10288987 32
10289003 253
10289011 89
10289021 5028
10289087 268
10289129 7435
10289141 1591
10289177 19
10289177 895
10289177 1203
10289183 1
10289207 24
10289329 1140
10289333 1296
10289351 1
10289417 60
10289417 9112
10289453 15
10289537 3
10289633 763
10289639 4
10289651 1
10289677 2624
10289707 5
10289707 513
10289731 1088
10289749 27
10289749 375
10289767 29
10289819 21
10289819 112
10289863 741
10289891 2761
10289911 20
10289957 1419
10289971 5
10290019 5321
10290143 13
10290143 25
10290143 1500
10290149 127
10290239 4
10290277 164
10290281 4
10290283 96
10290311 16
10290317 67
10290359 9
10290383 1
10290383 3028
10290437 304
10290487 5
10290523 21
10290617 4620
10290653 3
10290653 112
10290739 56
10290757 4307
10290757 5019
10290767 613
10290919 36
10290971 1
10291019 1
10291033 15
10291033 36
10291139 1
10291199 1
10291223 2280
10291427 12
10291427 40
10291573 1767
10291601 375
10291609 140
10291691 1
10291727 4
10291727 24
10291763 1
10291763 28
10291793 12
10291793 700
10292003 1
10292033 52
10292033 531
10292047 9
10292059 245
10292059 2445
10292099 16
10292101 11
10292221 3
10292221 135
10292221 288
10292363 25
10292411 4
10292411 45
10292519 52
10292519 904
10292567 13
10292647 5
10292729 835
10292827 24
10292881 3
10292897 3
10292911 6033
10292917 155
10292987 13
10293113 3
10293119 1
10293203 421
10293203 2445
10293229 11
10293251 4
10293299 4
10293343 3108
10293407 45
10293487 8
10293527 97
10293629 27
10293683 1
10293797 735
10293797 1515
10293817 63
10293889 99
10293901 20
10293967 84
10293979 105
10294079 1
10294091 105
10294169 31
10294211 1
10294247 4
10294247 8845
10294279 1625
10294279 2741
10294343 16
10294433 2928
10294441 756
10294499 1
10294633 47
10294643 1
10294651 105
10294663 65
10294663 621
10294699 141
10294699 641
10294703 12
10294703 1428
10294771 80
10294783 357
10294793 15
10294793 103
10295027 628
10295027 7629
10295063 1
10295063 373
10295111 1
10295113 96
10295167 29
10295177 7
10295371 6545
10295399 72
10295599 257
10295603 117
10295629 60
10295669 240
10295707 149
10295723 1
10295759 4
10295759 52
10295759 1420
10295921 8800
10296001 255
10296053 703
10296059 1
10296079 104
10296137 15
10296199 17
10296263 1
10296311 1
10296311 21
10296311 88
10296353 3648
10296401 3211
10296449 255
10296497 60
10296497 8059
10296701 276
10296751 41
10296791 9
10296809 4
10296817 80
10296877 3
10296953 36
10296953 88
10296953 235
10297043 1
10297043 48
10297099 89
10297103 1
10297213 35
10297213 56
10297247 597
10297319 12
10297337 4
10297421 1236
10297457 4
10297493 3535
10297499 1
10297501 3
10297531 1088
10297543 221
10297621 204
10297643 1
10297669 15
10297711 281
10297751 1
10297759 8657
10297823 1
10297849 5667
10297927 1265
10297961 63
10297961 1459
10298003 1
10298063 205
10298083 5
10298111 4
10298129 7620
10298159 9745
10298191 21
10298191 573
10298221 20
10298333 3
10298333 672
10298423 1
10298423 1045
10298423 2556
10298443 12
10298489 112
10298489 147
10298521 83
10298537 64
10298537 7644
10298539 5
10298539 4136
10298573 4267
10298581 15
10298609 87
10298663 5677
10298669 31
10298747 52
10298759 1
10298797 1092
10298807 673
10298819 1
10298879 12
10298909 39
10298921 1284
10298999 4
10299019 369
10299019 1565
10299049 35
10299097 152
10299103 380
10299131 28
10299167 9
10299199 77
10299259 192
10299353 55
10299479 1
10299587 217
10299589 87
10299673 3
10299683 81
10299743 321
10299799 5
10299803 201
10299853 1871
10299871 48
10299917 3
10299917 4
10299917 7
10300093 8892
10300151 1
10300219 17
10300243 6813
10300259 12
10300291 165
10300417 60
10300429 236
10300429 296
10300447 1092
10300483 5
10300531 3840
10300547 108
10300547 132
10300547 1048
10300583 1
10300627 180
10300651 8
10300673 6303
10300747 20
10300747 969
10300813 3
10300813 20
10300991 1
10300999 200
10301023 17
10301077 59
10301117 120
10301129 19
10301149 20
10301149 99
10301219 24
10301257 68
10301299 29
10301321 1236
10301387 4
10301387 909
10301399 12
10301527 69
10301593 396
10301593 768
10301623 93
10301747 268
10301747 985
10301747 9553
10301777 3
10301791 5
10301803 12
10301831 13
10301867 13
10301903 1617
10302007 4377
10302077 15
10302179 1
10302217 3
10302319 36
10302371 1
10302379 377
10302407 597
10302443 33
10302451 8
10302517 92
10302581 3
10302599 37
10302599 817
10302679 380
10302751 600
10302841 56
10302841 2400
10302863 1
10302913 3
10302913 3923
10302937 228
10302947 49
10302967 9
10303093 12
10303121 3
10303121 40
10303157 1999
10303169 67
10303171 5
10303211 1
10303217 4
10303331 48
10303429 44
10303523 13
10303577 4
10303577 60
10303577 108
10303589 7
10303603 1068
10303607 64
10303651 56
10303697 3939
10303697 4507
10303721 91
10303861 8
10303883 1
10303927 309
10303933 191
10303933 1160
10303939 276
10303981 1184
10303987 20
10304009 4
10304009 1591
10304033 168
10304039 1
10304081 3
10304081 99
10304141 4
10304171 9
10304249 7
10304269 12
10304297 3
10304351 4
10304353 8963
10304453 3
10304521 1608
10304543 12
10304557 212
10304579 1
10304579 1600
10304663 393
10304717 187
10304731 269
10304761 11
10304857 740
10304887 8
10304951 960
10305017 28
10305059 1
10305133 3
10305133 27
10305149 16
10305151 9
10305167 5248
10305181 59
10305233 12
10305233 9667
10305241 3
10305241 695
10305283 2045
10305359 1
10305431 348
10305461 64
10305461 111
10305517 48
10305539 1
10305563 1
10305569 12
10305601 11
10305601 5463
10305601 5879
10305709 519
10305709 9207
10305773 2688
10305811 704
10305811 3101
10305821 340
10305829 11
10305913 11
10305983 1
10305983 25
10305983 7500
10306081 15
10306157 40
10306183 432
10306183 5400
10306187 769
10306259 21
10306337 28
10306357 563
10306421 591
10306451 1
10306451 5529
10306619 1
10306633 8
10306633 2795
10306661 4
10306669 20
10306753 108
10306763 28
10306801 8
10306817 3
10306817 172
10306817 699
10306871 204
10306927 5
10306991 1245
10307021 4803
10307027 460
10307029 4667
10307071 249
10307081 19
10307131 45
10307131 2688
10307173 3947
10307183 1077
10307191 273
10307239 32
10307293 1196
10307299 116
10307327 6468
10307351 153
10307351 285
10307393 7
10307393 55
10307483 1
10307489 651
10307501 4
10307579 21
10307579 445
10307581 339
10307651 1
10307653 80
10307653 2723
10307681 3
10307699 60
10307699 3544
10307723 573
10307753 63
10307753 2032
10307767 93
10307771 48
10307813 48
10307821 344
10307893 1080
10307981 1015
10307989 24
10307989 1619
10308041 36
10308047 33
10308121 680
10308143 4128
10308211 1073
10308229 336
10308251 36
10308251 153
10308281 16
10308289 12
10308359 4
10308371 133
10308371 156
10308371 5484
10308371 6141
10308383 16
10308437 3
10308491 1
10308491 4
10308491 24
10308497 7
10308541 476
10308563 1
10308637 767
10308643 65
10308673 8
10308769 71
10308791 4
10308791 16
10308799 561
10308803 1
10308847 284
10309003 8
10309003 21
10309009 1376
10309043 2121
10309069 191
10309193 43
10309283 1
10309319 1
10309319 9
10309331 88
10309417 3
10309417 3408
10309417 7395
10309511 2160
10309603 5
10309619 1
10309627 5
10309801 575
10309813 20
10309843 365
10309847 57
10309889 4
10309919 1
10310021 16
10310029 1044
10310039 1
10310039 5281
10310057 3
10310063 2176
10310077 32
10310077 107
10310077 3563
10310101 8
10310101 444
10310119 5
10310137 47
10310149 2631
10310189 16
10310213 3
10310231 1924
10310291 1
10310297 19
10310323 48
10310323 641
10310329 11
10310329 816
10310453 7
10310453 1111
10310467 3972
10310591 36
10310681 4
10310681 7140
10310701 143
10310731 5
10310759 1
10310761 231
10310819 1237
10310821 80
10310903 1
10310999 1
10311011 1
10311011 4
10311083 1
10311101 1140
10311277 228
10311347 4
10311347 60
10311407 4
10311421 51
10311439 5
10311449 3124
10311467 4
10311487 5
10311551 1
10311563 840
10311593 9367
10311601 8
10311739 137
10311739 1440
10311757 6083
10311811 1773
10311887 445
10311893 136
10312039 9
10312039 80
10312069 12
10312091 1
10312121 2923
10312123 861
10312277 3
10312277 75
10312343 3393
10312343 3556
10312373 4087
10312507 449
10312513 128
10312531 285
10312567 1113
10312619 1
10312699 36
10312747 1685
10312823 4752
10312867 5
10312889 7
10312889 52
10312889 3555
10312903 72
10312909 1212
10312909 2412
10312919 4
10312919 1741
10313021 3
10313057 15
10313063 1
10313129 879
10313179 4344
10313201 48
10313201 1015
10313239 101
10313273 12
10313321 19
10313327 3552
10313423 1
10313423 12
10313423 7597
10313437 600
10313449 12
10313449 567
10313467 137
10313489 12
10313503 5
10313521 7908
10313549 84
10313549 691
10313581 140
10313621 100
10313791 20
10313857 2067
10313873 12
10313887 8412
10313911 225
10313999 4
10314061 3
10314163 3965
10314287 37
10314361 23
10314371 1
10314391 416
10314431 1336
10314443 1
10314503 72
10314503 2365
10314581 336
10314613 231
10314679 876
10314713 5116
10314719 304
10314839 585
10314839 732
10314959 12
10315031 1
10315099 96
10315103 165
10315111 29
10315127 4912
10315153 27
10315169 3115
10315211 9613
10315363 176
10315369 44
10315381 288
10315391 1
10315463 117
10315621 5900
10315631 1
10315631 3229
10315699 2529
10315751 1
10315801 8
10315813 68
10315831 48
10315843 377
10315847 12
10315919 24
10315919 336
10315919 1641
10315927 1520
10315997 3
10315997 5223
10316017 8
10316113 212
10316147 4
10316269 12
10316347 773
10316387 6889
10316389 44
10316407 6893
10316447 28
10316447 40
10316473 15
10316473 288
10316477 823
10316479 32
10316479 36
10316491 5
10316491 9
10316533 1091
10316567 8917
10316711 1269
10316723 1
10316743 5933
10316777 24
10316843 1137
10316897 3
10316897 7012
10316899 12
10316899 1401
10317061 3
10317071 1
10317161 4
10317173 328
10317253 3
10317253 207
10317257 15
10317277 3
10317287 1140
10317289 707
10317313 8595
10317371 1
10317379 1772
10317401 3
10317421 4515
10317443 16
10317467 217
10317469 12
10317493 311
10317529 24
10317631 8
10317653 2611
10317653 3792
10317719 21
10317847 1304
10317899 9
10317899 2112
10317911 1465
10317919 21
10317977 1548
10318001 216
10318013 3
10318141 1260
10318163 1
10318213 60
10318241 40
10318247 189
10318249 47
10318249 504
10318351 9
10318379 4
10318423 812
10318531 321
10318589 135
10318621 3504
10318639 20
10318639 77
10318673 996
10318733 3
10318811 2028
10318837 675
10318853 408
10318937 24
10318961 120
10319027 13
10319173 3
10319237 3
10319237 799
10319237 4267
10319339 4
10319371 1245
10319399 9241
10319417 319
10319443 53
10319443 573
10319501 3
10319549 7
10319611 81
10319611 296
10319773 3
10319909 4
10319909 7
10319917 3
10319977 144
10319999 612
10320113 7
10320113 31
10320199 740
10320223 4188
10320283 201
10320313 12
10320361 3
10320467 4
10320533 688
10320593 823
10320641 496
10320677 7
10320689 1315
10320697 779
10320757 528
10320847 680
10320917 4
10320953 1671
10320983 28
10321021 59
10321049 72
10321079 220
10321121 3
10321121 159
10321177 1007
10321183 5
10321183 8
10321211 1
10321211 4
10321211 544
10321349 844
10321391 4
10321403 16
10321439 561
10321489 831
10321561 3
10321583 793
10321583 2908
10321607 132
10321607 1429
10321607 1837
10321721 43
10321741 23
10321757 3
10321781 223
10321783 65
10321823 4593
10321957 15
10322003 1
10322027 4
10322083 3468
10322159 1
10322159 12
10322161 3
10322203 977
10322303 105
10322321 4
10322363 1
10322617 3
10322707 4760
10322713 2076
10322729 16
10322759 1540
10322759 5692
10322773 8
10322797 3
10322797 59
10322827 5
10322827 453
10322861 7224
10322911 404
10322951 1
10322957 9295
10322981 1668
10322987 100
10323011 7828
10323017 4
10323059 12
10323077 28
10323151 8
10323179 1
10323197 4
10323227 2773
10323323 1108
10323371 69
10323373 72
10323421 339
10323451 3564
10323451 8600
10323611 408
10323653 36
10323683 12
10323689 40
10323689 276
10323689 3219
10323877 8
10323877 95
10323967 2468
10323983 1
10324031 1
10324037 19
10324057 9807
10324063 357
10324063 645
10324129 116
10324157 4
10324177 2355
10324207 80
10324229 7912
10324337 7
10324399 4404
10324549 8400
10324679 1
10324871 1
10324943 1
10324969 15
10324991 1
10325087 4
10325087 180
10325143 1356
10325197 12
10325213 72
10325219 1
10325233 8
10325251 4044
10325261 276
10325291 1
10325291 2301
10325299 920
10325311 20
10325333 591
10325389 2651
10325411 1
10325423 28
10325453 3487
10325501 4
10325501 3939
10325519 64
10325543 1
10325617 932
10325617 4943
10325663 1
10325663 45
10325663 676
10325723 6117
10325879 1
10325881 768
10325921 1155
10325969 1440
10325981 1111
10325981 5283
10326031 284
10326091 9
10326097 612
10326119 1
10326143 105
10326203 1
10326299 4
10326343 428
10326353 2275
10326359 1
10326359 49
10326359 117
10326359 1804
10326409 576
10326413 75
10326619 44
10326619 6041
10326647 217
10326721 3368
10326763 8
10326791 28
10326917 360
10326941 1560
10326961 11
10327129 6171
10327139 1
10327139 277
10327153 1568
10327193 7
10327217 67
10327217 120
10327243 68
10327297 12
10327297 6252
10327363 296
10327363 5972
10327397 4
10327411 5
10327511 1
10327549 12
10327571 1
10327651 8
10327651 3420
10327657 3915
10327673 3
10327673 12
10327769 351
10327831 1848
10327853 1116
10327879 185
10327969 60
10327969 1016
10327987 2100
10328029 12
10328107 308
10328111 13
10328161 3
10328179 36
10328237 3
10328243 45
10328303 481
10328317 3
10328369 147
10328371 1988
10328371 5244
10328411 4
10328467 1365
10328663 1
10328663 13
10328711 1
10328711 621
10328753 55
10328803 48
10328831 384
10328849 2431
10328869 311
10328963 1
10328971 21
10329023 1
10329043 80
10329043 2417
10329113 7120
10329157 83
10329203 3036
10329233 27
10329337 12
10329343 693
10329349 2519
10329367 12
10329419 24
10329497 39
10329497 160
10329509 3616
10329511 9
10329511 81
10329563 1
10329569 2079
10329587 73
10329617 19
10329619 705
10329619 3332
10329637 3
10329637 219
10329643 3936
10329643 4805
10329703 65
10329731 3649
10329751 5
10329769 3116
10329857 3
10329883 8
10329899 1
10329953 3
10329971 1
10329997 80
10330043 105
10330043 132
10330043 165
10330139 1477
10330147 60
10330147 69
10330153 11
10330153 8952
10330163 1
10330171 620
10330193 456
10330391 48
10330501 8
10330559 1
10330559 16
10330739 2976
10330763 205
10330867 12
10330871 6828
10330961 19
10331039 1
10331063 1
10331089 2015
10331099 132
10331197 23
10331201 2176
10331227 32
10331249 1072
10331317 24
10331443 377
10331443 1448
10331491 288
10331513 3
10331513 40
10331533 3
10331543 1
10331543 25
10331609 75
10331647 389
10331663 1
10331663 36
10331683 33
10331689 11
10331723 12
10331771 1
10331779 81
10331779 261
10331803 57
10331833 128
10331879 1
10331879 1545
10331969 2304
10331977 2112
10331989 227
10331989 296
10332011 1
10332017 3
10332017 963
10332053 7
10332103 20
10332103 105
10332131 2433
10332193 23
10332211 2241
10332281 84
10332307 9
10332319 1676
10332397 704
10332503 468
10332521 1999
10332557 24
10332563 21
10332563 697
10332577 3
10332577 240
10332629 7
10332653 28
10332683 1
10332767 24
10332799 9
10332841 36
10332913 3
10333021 3
10333031 4
10333087 1344
10333123 3905
10333139 25
10333139 609
10333273 8
10333277 4
10333327 53
10333391 1
10333391 13
10333573 2883
10333627 8057
10333639 77
10333639 81
10333651 44
10333751 1
10333811 1
10333811 1321
10333823 5437
10333847 37
10333847 6492
10333859 1309
10333867 389
10333907 165
10333907 300
10333933 7047
10333997 3340
10333997 4215
10334111 24
10334123 1
10334431 273
10334497 1023
10334497 8015
10334503 5
10334503 17
10334503 32
10334539 41
10334539 192
10334677 75
10334707 4068
10334717 27
10334743 6113
10334767 17
10334767 29
10334767 1400
10334773 7151
10334927 12
10334977 2367
10335001 3216
10335029 1191
10335161 1411
10335163 453
10335217 1440
10335233 16
10335313 36
10335313 455
10335359 1
10335359 40
10335359 57
10335503 4417
10335527 57
10335529 2184
10335551 1
10335607 1469
10335653 343
10335859 17
10335859 1940
10335883 5
10335917 7
10335937 1752
10335959 1
10335979 329
10335979 3149
10336043 57
10336043 177
10336069 32
10336103 457
10336181 4
10336217 2848
10336321 5016
10336351 8
10336433 115
10336471 1868
10336721 4
10336769 7
10336811 4
10336841 2868
10336861 20
10336861 363
10336957 1763
10336967 4
10336967 864
10336979 1
10337017 48
10337219 1
10337263 1632
10337267 28
10337399 9
10337413 51
10337423 1
10337443 348
10337443 537
10337447 37
10337531 1
10337533 51
10337633 243
10337711 1
10337711 73
10337771 1801
10337773 20
10337777 64
10337839 5
10337867 69
10337867 4968
10337923 12
10337933 3
10337981 2524
10338061 48
10338061 56
10338089 7
10338101 304
10338131 3640
10338131 4969
10338169 44
10338169 267
10338169 1379
10338269 15
10338343 5
10338343 41
10338343 65
10338343 72
10338359 1396
10338373 1448
10338421 2048
10338481 68
10338487 648
10338521 735
10338599 112
10338611 136
10338623 1
10338623 5817
10338673 3
10338677 495
10338721 63
10338721 4860
10338733 8
10338733 20
10338733 51
10338733 63
10338749 16
10338749 19
10338773 3
10338821 244
10339019 12
10339033 3
10339079 1
10339079 5821
10339139 1
10339181 148
10339261 8
10339261 83
10339261 95
10339271 645
10339279 20
10339289 507
10339331 1204
10339333 5307
10339513 171
10339529 4
10339543 8
10339739 1
10339843 105
10339883 1
10339919 489
10340003 121
10340051 36
10340059 41
10340207 4
10340207 873
10340243 1
10340261 1504
10340261 2875
10340381 15
10340381 64
10340461 11
10340483 1
10340483 100
10340483 145
10340507 37
10340591 9480
10340647 8
10340657 15
10340663 1
10340717 4
10340741 3079
10340783 1
10340809 936
10340831 1
10340831 9
10340881 3
10340881 8
10340881 3476
10340923 60
10340927 48
10340927 100
10340977 4683
10341041 820
10341059 1
10341127 5
10341127 3800
10341137 199
10341173 48
10341203 1
10341299 52
10341319 125
10341403 237
10341473 4203
10341479 741
10341481 35
10341481 1004
10341493 48
10341493 3831
10341503 1
10341563 1
10341619 5
10341623 1677
10341637 140
10341701 19
10341733 47
10341733 2651
10341787 165
10341791 7113
10341857 7
10341857 19
10341901 3071
10341913 47
10341913 8327
10341979 737
10341997 20
10341997 140
10342037 3888
10342039 156
10342147 33
10342153 107
10342181 91
10342207 4740
10342219 17
10342259 1
10342259 124
10342363 117
10342369 11
10342411 60
10342417 183
10342417 1827
10342439 1
10342469 211
10342469 5311
10342471 41
10342483 5
10342603 17
10342643 13
10342643 61
10342691 1
10342699 2145
10342853 51
10342853 52
10342889 4
10342889 1480
10343023 6560
10343027 4368
10343033 103
10343173 6116
10343237 787
10343287 33
10343339 9
10343383 8
10343441 24
10343441 100
10343503 225
10343519 1
10343519 337
10343561 3
10343573 147
10343617 35
10343653 3
10343653 8
10343731 9
10343731 444
10343737 59
10343761 2435
10343903 33
10343903 193
10344017 12
10344077 39
10344091 24
10344107 9
10344119 24
10344149 40
10344161 48
10344161 2860
10344193 27
10344199 21
10344307 9
10344307 564
10344311 1
10344311 5733
10344403 80
10344473 127
10344479 1
10344527 925
10344671 1
10344749 247
10344773 12
10344791 1
10344791 24
10344877 3
10345003 8
10345151 1
10345151 40
10345273 347
10345297 8
10345297 23
10345319 4
10345343 1
10345457 4
10345457 8868
10345501 3
10345501 8
10345501 1328
10345553 148
10345679 769
10345799 84
10345799 721
10345891 5
10345931 76
10345931 3049
10345943 1
10345997 4852
10345999 236
10346267 4873
10346269 11
10346407 29
10346459 4
10346519 1
10346519 477
10346587 2264
10346639 160
10346657 3
10346669 484
10346731 324
10346753 15
10346837 100
10346899 6492
10346933 420
10346953 15
10346969 592
10347023 3940
10347037 8
10347037 239
10347109 47
10347119 1
10347131 1
10347131 805
10347167 213
10347331 53
10347367 9
10347409 11
10347427 12
10347437 4
10347437 4440
10347517 12
10347541 20
10347553 3
10347553 87
10347629 847
10347629 1552
10347671 1
10347709 5895
10347737 148
10347739 6657
10347787 8
10347787 65
10347791 6805
10347797 15
10347839 1
10347853 47
10347899 1
10348061 16
10348153 3
10348171 2781
10348193 52
10348207 9
10348241 400
10348243 20
10348333 207
10348339 420
10348379 4276
10348391 96
10348397 3
10348397 244
10348399 12
10348453 1140
10348511 4
10348511 48
10348577 7
10348579 5
10348649 4
10348651 249
10348661 588
10348771 24
10348771 441
10348847 13
10348847 124
10348907 100
10348931 1741
10348957 47
10348973 2380
10348979 24
10348999 824
10349041 1136
10349051 1
10349063 1
10349123 13
10349153 843
10349231 7716
10349291 1
10349291 225
10349293 6432
10349303 1456
10349323 2625
10349489 79
10349533 27
10349657 108
10349707 9
10349743 8
10349743 1205
10349771 4
10349819 1
10349819 204
10349827 5
10349863 96
10349887 9
10349909 147
10350019 609
10350083 48
10350101 55
10350103 1136
10350173 7
10350173 195
10350181 3
10350251 1
10350287 7812
10350289 95
10350443 1
10350443 145
10350479 100
10350503 5796
10350503 8316
10350521 96
10350523 261
10350551 3228
10350607 209
10350623 33
10350661 68
10350677 9987
10350689 7
10350829 3039
10350937 35
10350997 20
10350997 5228
10351049 4
10351069 132
10351093 483
10351111 20
10351141 7044
10351163 885
10351183 5
10351199 1
10351259 1
10351259 9
10351267 468
10351307 8544
10351337 3
10351339 24
10351441 63
10351441 275
10351457 3
10351457 4347
10351573 20
10351631 313
10351687 5
10351687 360
10351709 4
10352033 3
10352141 3
10352141 4
10352161 15
10352263 948
10352299 17
10352299 224
10352351 1
10352401 3
10352477 3
10352477 268
10352491 405
10352501 3
10352501 2691
10352513 60
10352533 947
10352561 708
10352621 1963
10352717 243
10352761 120
10352819 1
10352827 1044
10352827 1973
10352863 108
10352899 9
10352911 8
10352939 1
10352939 4
10352963 57
10353023 241
10353053 43
10353097 603
10353107 45
10353121 3284
10353121 5931
10353191 289
10353223 348
10353263 837
10353341 1183
10353341 6520
10353359 52
10353383 1
10353383 13
10353383 697
10353407 1264
10353467 565
10353589 300
10353647 60
10353649 104
10353701 4
10353769 680
10353779 4881
10353781 1676
10353781 6795
10353787 12
10353817 3
10353947 4
10353997 3
10353997 132
10354051 21
10354067 9568
10354111 224
10354213 1091
10354219 1209
10354261 8
10354313 12
10354447 693
10354483 8
10354483 3900
10354657 3
10354789 2292
10354859 1
10354859 12
10354973 12
10354973 472
10355021 4
10355027 288
10355071 1728
10355089 39
10355101 744
10355143 3500
10355167 3525
10355197 63
10355203 21
10355347 48
10355473 3
10355473 576
10355479 1404
10355489 24
10355489 2319
10355491 45
10355549 27
10355633 15
10355641 3
10355689 12
10355689 860
10355689 5480
10355717 852
10355729 300
10355753 435
10355759 9
10355759 3256
10355783 60
10355791 5
10355803 12
10355843 1
10355977 207
10356019 3909
10356029 24
10356239 1
10356239 4
10356377 375
10356413 507
10356419 60
10356481 11
10356551 1
10356631 5
10356631 36
10356649 72
10356701 3
10356719 792
10356727 32
10356727 1553
10356803 1
10356971 108
10357027 224
10357043 2676
10357079 292
10357117 183
10357189 12
10357201 99
10357271 169
10357283 1
10357331 1
10357331 4
10357381 1784
10357397 867
10357583 2380
10357619 1
10357643 3220
10357663 93
10357687 1269
10357703 1
10357733 1983
10357741 279
10357801 8
10357801 15
10357847 1053
10357987 33
10358009 3480
10358041 15
10358053 5672
10358077 35
10358081 15
10358137 108
10358167 1133
10358171 1
10358177 1524
10358197 68
10358197 395
10358213 3
10358213 91
10358233 36
10358353 11
10358431 56
10358489 147
10358497 3
10358521 63
10358567 4
10358617 3687
10358639 3061
10358651 13
10358693 1120
10358723 28
10358783 217
10358839 12
10358839 57
10358951 1
10358963 1
10358983 7248
10358989 1559
10359007 104
10359091 53
10359143 1
10359227 7320
10359247 300
10359277 3
10359277 8
10359299 2436
10359337 2964
10359353 3
10359353 16
10359359 16
10359359 21
10359379 17
10359439 9
10359497 4972
10359509 55
10359527 4
10359533 7
10359577 6968
10359623 1
10359659 1
10359659 25
10359703 401
10359703 681
10359709 2211
10359719 345
10359779 9760
10359793 56
10359841 3
10359893 7
10359901 159
10359901 2360
10359949 12
10359991 3720
10360019 1
10360019 24
10360019 381
10360019 1989
10360121 1984
10360177 3
10360193 3
10360193 63
10360211 1
10360211 9
10360211 40
10360211 309
10360267 5
10360271 1
10360393 12
10360393 2808
10360403 81
10360457 1464
10360523 1
10360607 64
10360697 3
10360739 1
10360759 341
10360759 500
10360793 76
10360799 1
10360829 672
10360843 396
10360849 1299
10360907 12
10360907 345
10360991 1
10360991 100
10360997 7
10361003 1
10361003 36
10361011 41
10361053 75
10361107 5
10361119 176
10361123 76
10361123 1657
10361159 1
10361159 4
10361191 41
10361363 117
10361383 5
10361423 37
10361437 20
10361437 255
10361453 271
10361501 423
10361503 260
10361513 588
10361543 5368
10361579 4
10361597 28
10361597 43
10361597 727
10361599 9
10361599 480
10361621 3
10361627 193
10361641 104
10361641 2768
10361677 8
10361711 8400
10361723 1
10361723 196
10361759 1
10361837 375
10362017 6048
10362071 13
10362119 120
10362161 31
10362173 3
10362307 5360
10362329 19
10362329 55
10362337 12
10362337 63
10362337 72
10362361 23
10362383 2197
10362559 281
10362559 404
10362563 1
10362593 60
10362623 1
10362623 208
10362631 44
10362697 3
10362743 1
10362881 24
10362881 28
10362881 7228
10362901 471
10362907 5249
10362929 7
10362929 292
10362943 2777
10363027 32
10363061 268
10363069 51
10363147 668
10363193 643
10363193 1672
10363321 23
10363337 3
10363337 4528
10363357 39
10363403 1
10363403 412
10363459 7769
10363471 29
10363511 1
10363553 2851
10363601 31
10363603 45
10363631 73
10363669 272
10363669 516
10363669 831
10363747 2100
10363751 1
10363751 45
10363781 159
10363781 1156
10363807 105
10363841 568
10363891 69
10363891 125
10363919 9
10364113 2600
10364129 9652
10364201 51
10364219 1
10364251 1281
10364423 1
10364491 473
10364609 24
10364609 367
10364621 343
10364621 5391
10364623 2141
10364639 312
10364657 3
10364719 905
10364723 1765
10364723 3217
10364771 25
10364771 100
10364797 7823
10364831 1888
10364897 12
10364947 1412
10365011 133
10365031 113
10365031 173
10365083 1
10365097 39
10365133 503
10365161 648
10365259 221
10365331 45
10365331 1509
10365373 72
10365419 1
10365539 4
10365539 72
10365629 315
10365629 1575
10365653 8856
10365721 11
10365841 3
10365863 1
10365917 5268
10365923 9232
10365959 780
10366003 5520
10366189 15
10366199 1
10366207 5
10366331 9
10366331 16
10366339 24
10366439 1
10366667 40
10366669 11
10366687 57
10366817 3
10366841 1543
10366871 1
10366903 5
10366903 12
10366981 83
10367023 305
10367039 1
10367041 204
10367041 656
10367107 4269
10367233 3
10367233 23
10367233 203
10367243 1
10367243 13
10367309 435
10367323 36
10367327 4
10367327 2457
10367339 1176
10367359 501
10367393 91
10367393 123
10367393 183
10367393 280
10367449 456
10367459 1
10367473 11
10367557 3
10367627 4
10367639 9
10367639 345
10367737 260
10367783 1
10367839 264
10367887 285
10367933 1248
10368097 39
10368131 1
10368133 1631
10368199 9
10368269 3795
10368361 3
10368389 264
10368401 16
10368439 12
10368493 15
10368493 995
10368511 1860
10368557 7
10368577 3
10368599 24
10368643 1848
10368647 4
10368667 3905
10368697 12
10368697 303
10368779 205
10368803 120
10368857 43
10368937 9828
10368971 4
10369013 3
10369013 2347
10369091 1
10369171 48
10369189 2624
10369259 3216
10369339 161
10369391 25
10369409 12
10369453 228
10369511 1
10369561 3
10369627 128
10369637 192
10369721 375
10369727 4
10369747 5
10369747 33
10369783 8
10369901 3
10369943 285
10369951 1613
10369951 3741
10369967 124
10370039 1
10370053 11
10370069 1587
10370141 75
10370231 1
10370231 93
10370273 235
10370281 896
10370413 152
10370441 523
10370443 5
10370513 3
10370513 300
10370537 3
10370537 2460
10370617 512
10370753 3708
10370779 740
10370779 1769
10370779 9969
10370791 9
10370803 17
10370809 56
10370813 2776
10370837 28
10370923 17
10370939 1
10371029 6316
10371103 4860
10371121 435
10371121 971
10371187 5
10371203 61
10371203 388
10371269 19
10371293 6220
10371313 3563
10371373 3
10371373 392
10371461 675
10371469 3351
10371521 15
10371563 13
10371563 33
10371611 3724
10371629 24
10371637 1728
10371743 133
10371743 877
10371743 2341
10371847 17
10371863 312
10372121 84
10372183 228
10372213 108
10372213 7908
10372231 2561
10372237 15
10372237 344
10372283 3657
10372357 599
10372367 157
10372367 433
10372403 285
10372511 204
10372559 1
10372619 1
10372657 383
10372781 36
10372787 937
10372903 7893
10372951 81
10372963 8
10372997 3
10372997 139
10373021 340
10373047 5169
10373053 3728
10373057 7
10373057 67
10373063 1
10373119 4236
10373177 4
10373177 12
10373177 24
10373201 3
10373243 1
10373243 112
10373269 71
10373371 9
10373371 20
10373371 2913
10373413 72
10373459 4
10373491 44
10373551 185
10373617 1340
10373647 228
10373651 1
10373683 21
10373683 453
10373717 3
10373719 1956
10373773 3
10373789 279
10373789 435
10373833 27
10373899 5
10373917 779
10373939 1
10373939 25
10373953 27
10373999 9625
10374011 1
10374037 3
10374139 9
10374139 12
10374187 12
10374187 33
10374281 15
10374407 4
10374443 1
10374493 131
10374557 3
10374557 499
10374563 13
10374571 653
10374667 3489
10374671 1
10374769 24
10374823 9020
10374853 3
10374853 6968
10374899 4
10374907 980
10374907 1164
10374937 83
10374971 21
10374971 220
10375003 116
10375097 175
10375177 35
10375181 171
10375187 2817
10375201 420
10375213 20
10375223 1
10375241 535
10375241 1435
10375283 1
10375283 477
10375373 15
10375511 1
10375523 1
10375523 93
10375523 9853
10375529 24
10375643 8553
10375711 33
10375711 7209
10375811 1
10375879 7941
10375961 4536
10375991 49
10376123 25
10376167 33
10376203 1376
10376203 2972
10376291 1
10376291 421
10376309 100
10376309 295
10376329 1476
10376363 1
10376371 29
10376497 332
10376521 51
10376621 40
10376651 1
10376651 4
10376651 144
10376671 5
10376683 513
10376719 9
10376741 3
10376741 51
10376741 1096
10376741 3180
10376833 336
10376857 1764
10376939 112
10376969 7
10376981 4768
10376981 5355
10376999 201
10377007 92
10377067 225
10377079 5
10377119 9
10377139 21
10377197 567
10377247 132
10377313 3
10377329 1372
10377337 47
10377391 69
10377511 6881
10377517 68
10377683 1
10377691 816
10377707 4
10377707 3937
10377821 3
10377821 288
10377833 3
10377833 7
10377833 291
10377919 1760
10377931 93
10377953 627
10377967 389
10378031 1
10378031 28
10378063 761
10378073 3
10378091 4
10378103 2961
10378111 9
10378111 4736
10378133 283
10378223 1
10378271 1164
10378307 7213
10378439 4
10378469 27
10378469 51
10378469 376
10378637 4
10378637 88
10378673 12
10378777 68
10378777 2520
10378919 4
10378919 3601
10378931 156
10378931 1005
10378931 3489
10378931 7924
10378987 492
10379119 377
10379153 12
10379177 100
10379177 627
10379251 2081
10379293 8
10379353 111
10379357 387
10379357 8460
10379381 4
10379429 64
10379483 1672
10379557 1487
10379563 45
10379569 891
10379569 4527
10379587 5
10379737 3
10379771 4
10379771 2593
10379879 304
10379983 3420
10380043 8
10380043 21
10380049 56
10380053 1387
10380131 1
10380163 21
10380191 1584
10380191 2793
10380197 4
10380233 16
10380233 1323
10380233 1788
10380263 1
10380263 57
10380299 1725
10380361 36
10380371 648
10380379 1772
10380407 5469
10380457 3
10380529 120
10380547 1565
10380569 67
10380569 187
10380569 2056
10380647 105
10380703 6093
10380709 171
10380719 1
10380743 1
10380743 165
10380743 4393
10380767 4
10380817 24
10380827 73
10380907 92
10380949 339
10380959 1
10381003 72
10381003 140
10381079 85
10381079 244
10381079 501
10381093 3
10381097 703
10381223 1
10381279 1232
10381337 27
10381369 11
10381421 39
10381471 336
10381523 1
10381523 12
10381541 39
10381597 287
10381661 16
10381727 33
10381751 16
10381753 8
10381759 1332
10381801 216
10381823 100
10381831 369
10381837 72
10381859 1
10381879 5
10381991 1
10382051 1
10382111 1
10382111 136
10382147 457
10382147 469
10382149 12
10382153 15
10382167 9120
10382219 4
10382231 49
10382369 931
10382513 2503
10382599 6129
10382623 45
10382641 51
10382831 345
10382887 5
10382927 997
10383031 1245
10383031 8073
10383077 3
10383077 4
10383181 183
10383211 33
10383271 5556
10383313 11
10383313 9716
10383337 3
10383337 23
10383341 4924
10383403 9012
10383467 4
10383563 1
10383599 1
10383623 36
10383623 117
10383697 3432
10383713 31
10383761 3
10383761 16
10383809 27
10383871 1056
10383887 172
10383917 4
10383929 12
10383929 19
10383929 5955
10383931 584
10383953 3
10384037 28
10384043 421
10384061 448
10384169 84
10384169 172
10384211 4
10384249 156
10384267 33
10384289 1284
10384333 51
10384337 4
10384373 1995
10384519 6560
10384519 8721
10384571 1
10384607 892
10384643 325
10384691 1
10384817 3
10384831 333
10384897 24
10384897 2775
10385009 4
10385033 4947
10385041 3
10385057 4767
10385069 615
10385087 4684
10385101 3
10385117 244
10385131 65
10385227 9012
10385269 404
10385273 12
10385377 59
10385399 1105
10385407 24
10385429 4
10385483 760
10385539 725
10385569 39
10385659 1865
10385699 4
10385743 17
10385743 33
10385777 123
10385797 1752
10385813 7
10385839 92
10385927 48
10385953 3
10386029 4
10386029 7
10386083 3100
10386097 44
10386119 24
10386191 1
10386203 597
10386281 3
10386353 147
10386353 5731
10386527 313
10386539 1
10386583 5
10386587 1285
10386599 1
10386599 69
10386637 8
10386709 35
10386709 579
10386743 16
10386851 1
10386851 24
10386877 44
10386913 231
10386917 252
10386979 5
10386979 12
10386979 176
10386979 557
10386991 429
10387001 99
10387031 7696
10387043 937
10387043 5737
10387079 9
10387151 109
10387193 3
10387199 24
10387297 3
10387313 31
10387327 180
10387379 45
10387463 1
10387463 133
10387483 417
10387529 39
10387529 84
10387541 144
10387571 13
10387649 1015
10387691 1
10387721 4
10387739 45
10387757 3
10387763 1
10387781 3
10387843 5
10387847 217
10388023 32
10388101 3759
10388107 2789
10388143 17
10388143 5228
10388179 89
10388381 3
10388381 16
10388381 139
10388447 160
10388489 7
10388491 429
10388549 79
10388563 12
10388563 33
10388591 289
10388633 16
10388633 3588
10388747 960
10388773 888
10388821 8
10388837 39
10388863 953
10388941 56
10388947 9
10388947 20
10388957 3
10388993 15
10389037 147
10389149 2364
10389151 224
10389167 48
10389167 2509
10389173 12
10389179 549
10389191 141
10389241 143
10389283 36
10389293 3
10389311 1
10389367 24
10389427 632
10389443 1
10389481 11
10389497 163
10389649 500
10389667 69
10389689 4
10389727 8
10389781 123
10389791 5580
10389817 128
10389817 315
10389829 35
10389853 396
10389881 15
10389889 252
10389901 8
10389937 803
10390013 136
10390063 33
10390087 273
10390129 36
10390139 4
10390147 120
10390157 19
10390201 1208
10390231 524
10390271 2328
10390307 1120
10390361 3891
10390379 1
10390379 36
10390399 29
10390399 360
10390481 8140
10390493 27
10390631 1
10390693 3
10390693 80
10390811 2664
10390817 240
10390817 2823
10390843 1121
10391093 8823
10391203 12
10391219 85
10391387 1597
10391419 5
10391419 636
10391441 924
10391453 88
10391453 807
10391503 12
10391701 491
10391863 12
10391911 21
10391911 4296
10391923 1361
10391933 7
10391977 548
10391999 1
10392017 28
10392071 1
10392071 21
10392167 1192
10392359 1
10392359 516
10392427 24
10392511 9
10392517 1220
10392581 84
10392581 6403
10392667 8
10392737 400
10392859 6372
10392901 39
10392931 101
10392947 124
10392983 1
10392983 21
10392989 984
10393021 239
10393037 28
10393037 5680
10393127 49
10393181 496
10393183 1353
10393261 416
10393267 1425
10393303 45
10393351 2076
10393367 1188
10393367 5472
10393373 348
10393403 1
10393403 2061
10393423 116
10393451 916
10393483 2816
10393531 6809
10393651 29
10393657 35
10393657 287
10393657 4328
10393717 3
10393739 1
10393751 3721
10393753 4251
10393763 1
10393811 1
10393811 4
10393829 232
10393829 1267
10393837 80
10393949 7
10393963 3041
10394047 5
10394051 873
10394057 1743
10394101 3
10394239 21
10394291 4
10394291 393
10394297 459
10394323 212
10394323 336
10394431 5
10394467 9245
10394477 24
10394507 532
10394509 824
10394513 8427
10394533 3
10394611 21
10394611 93
10394639 760
10394711 1
10394851 84
10394851 665
10394893 71
10394921 4
10395001 51
10395001 8171
10395083 36
10395233 183
10395239 9
10395377 2464
10395391 1160
10395401 91
10395401 211
10395431 5133
10395479 4
10395487 8
10395503 1
10395521 3
10395691 20
10395731 13
10395817 3
10395817 3555
10395821 79
10395821 135
10395851 1
10395851 253
10395923 52
10395937 392
10395961 3
10395997 600
10396019 165
10396073 3375
10396091 1
10396091 856
10396229 4
10396237 3
10396271 1
10396271 4
10396273 107
10396273 7331
10396289 8496
10396319 81
10396403 468
10396409 36
10396409 315
10396487 9
10396487 8949
10396517 4
10396609 51
10396721 280
10396777 3
10396777 108
10396807 8
10396807 609
10396817 348
10396849 12
10396907 9
10396949 2427
10396973 75
10397117 427
10397117 4024
10397141 3
10397143 72
10397209 180
10397209 479
10397213 27
10397263 21
10397279 1
10397329 1319
10397347 2132
10397419 12
10397423 1
10397537 4
10397537 108
10397567 24
10397707 293
10397707 365
10397711 24
10397791 3996
10397903 1
10397903 1593
10397941 243
10398013 915
10398097 312
10398107 513
10398119 1
10398119 4
10398127 545
10398413 12
10398433 3
10398629 1255
10398637 23
10398677 8320
10398697 12
10398721 588
10398721 2235
10398721 2271
10398779 9
10398779 37
10398847 92
10398877 279
10399171 20
10399171 6821
10399241 15
10399253 6192
10399297 3
10399339 57
10399357 3
10399357 72
10399423 20
10399439 1
10399439 60
10399447 1217
10399531 93
10399547 9
10399547 792
10399621 1608
10399751 1
10399757 6715
10399789 359
10399793 3
10399993 3
10399993 1407
10400021 4620
10400059 1604
10400153 132
10400171 1
10400189 36
10400189 4360
10400231 6201
10400303 1
10400303 12
10400303 81
10400339 1
10400399 2089
10400443 941
10400449 5544
10400639 589
10400681 3
10400699 12
10400701 3
10400743 117
10400783 1
10400801 55
10400801 204
10400801 2731
10400849 51
10400849 3724
10400851 20
10400891 1
10400993 211
10401023 52
10401077 2340
10401103 5
10401119 1429
10401199 12
10401199 4352
10401233 28
10401361 35
10401371 2500
10401397 24
10401421 44
10401437 4
10401557 19
10401613 768
10401733 3
10401737 3
10401799 161
10401857 5628
10401931 569
10401973 2288
10402031 9144
10402099 1644
10402201 419
10402211 4
10402303 461
10402309 11
10402321 23
10402321 236
10402331 856
10402333 3
10402333 12
10402333 2672
10402411 5
10402411 5816
10402523 1
10402549 459
10402549 1080
10402559 1
10402583 1
10402583 217
10402607 364
10402627 600
10402631 21
10402771 104
10402781 120
10402811 1
10402867 9
10402981 2384
10403077 3
10403087 25
10403111 384
10403131 5
10403191 4149
10403219 1
10403219 936
10403227 24
10403231 5253
10403249 1036
10403249 2167
10403251 129
10403333 363
10403389 171
10403441 2403
10403467 72
10403501 4
10403501 1911
10403501 7504
10403671 33
10403737 104
10403891 4
10403947 140
10403951 1
10403959 8352
10404019 5
10404103 165
10404143 28
10404193 3
10404239 1
10404241 420
10404259 8880
10404281 159
10404491 208
10404613 228
10404619 5
10404643 8
10404643 33
10404661 995
10404721 1340
10404749 136
10404767 2220
10404847 60
10404923 1
10404959 49
10405133 12
10405261 8
10405271 133
10405271 205
10405321 3
10405337 3
10405427 948
10405477 15
10405567 5
10405589 9664
10405631 193
10405651 1848
10405667 4300
10405789 44
10405789 1775
10405799 2325
10406029 44
10406093 160
10406107 6825
10406113 1440
10406293 1920
10406321 3
10406381 15
10406381 979
10406423 2128
10406449 900
10406477 295
10406489 7
10406527 24
10406527 9317
10406531 1
10406593 491
10406639 1
10406707 269
10406717 4132
10406719 537
10406723 1
10406821 140
10406863 5256
10407011 1
10407013 2571
10407031 8
10407031 473
10407097 12
10407097 1787
10407127 4037
10407263 1
10407277 3
10407283 7913
10407329 511
10407403 20
10407409 4380
10407443 1
10407457 4364
10407461 16
10407461 6855
10407487 5
10407503 1
10407533 16
10407547 32
10407559 21
10407583 8265
10407623 1
10407629 76
10407667 8
10407671 1
10407671 748
10407779 1
10407871 8469
10407883 692
10407913 8
10407913 231
10408007 25
10408147 5433
10408183 17
10408429 12
10408469 412
10408469 1819
10408469 7435
10408571 1
10408577 543
10408583 13
10408649 1179
10408661 43
10408661 411
10408733 7
10408747 20
10408763 25
10408843 5
10408843 21
10408847 513
10408861 68
10408861 188
10408897 3
10408933 860
10408939 132
10408969 135
10409051 9
10409071 9
10409141 4
10409197 107
10409213 100
10409213 1675
10409213 6720
10409233 3072
10409249 2815
10409297 319
10409369 4
10409401 1035
10409453 343
10409621 48
10409747 2608
10409771 13
10409851 9
10409879 16
10409951 16
10410011 33
10410041 123
10410041 6451
10410097 203
10410133 9908
10410151 5
10410167 640
10410251 24
10410251 201
10410353 7
10410377 3
10410479 1
10410479 9
10410503 1
10410523 108
10410539 1
10410557 100
10410611 1
10410649 551
10410649 1692
10410691 1625
10410707 129
10410733 287
10410833 1252
10410839 4
10410863 13
10410899 129
10411013 703
10411057 855
10411073 43
10411091 1
10411099 2472
10411109 4404
10411213 6192
10411277 1852
10411283 21
10411403 1725
10411409 7
10411451 1248
10411529 4
10411543 141
10411591 8
10411613 132
10411613 828
10411679 1
10411759 5
10411823 85
10411873 3
10411927 489
10411979 4
10411987 4352
10411997 7
10412107 20
10412117 4
10412117 39
10412161 44
10412197 3
10412197 27
10412197 95
10412371 60
10412431 5
10412447 24
10412447 9789
10412461 104
10412473 3012
10412587 32
10412713 35
10412867 13
10412903 1
10413023 40
10413131 193
10413157 68
10413157 147
10413203 21
10413203 753
10413203 3036
10413203 3405
10413251 1129
10413253 3
10413257 15
10413313 8
10413331 5
10413373 6716
10413397 5583
10413479 940
10413497 3
10413517 2232
10413541 543
10413541 663
10413587 1593
10413607 144
10413671 28
10413757 12
10413773 780
10413839 1
10413839 24
10413857 120
10413857 640
10413863 1
10413899 1
10414007 3780
10414039 9
10414069 51
10414073 3
10414073 108
10414139 1
10414199 1
10414237 4187
10414247 9
10414379 9
10414379 184
10414379 489
10414441 8
10414529 507
10414549 36
10414577 2440
10414583 1
10414597 180
10414633 287
10414721 1723
10414751 1
10414753 3
10414763 1
10414763 48
10414771 185
10414771 1193
10414847 252
10414849 24
10414849 5084
10414891 5
10414933 8
10414979 1
10414991 1
10415029 11
10415071 9
10415137 699
10415177 219
10415179 5
10415219 237
10415261 235
10415309 16
10415357 8784
10415359 384
10415429 16
10415539 5
10415633 87
10415663 861
10415737 68
10415773 1487
10415879 1705
10415893 1292
10415903 1
10416013 68
10416023 1
10416023 37
10416101 19
10416113 420
10416127 8
10416137 7
10416139 5
10416163 20
10416169 3372
10416221 16
10416221 5191
10416233 43
10416271 216
10416361 15
10416383 1
10416407 57
10416431 1
10416431 2188
10416491 1
10416517 444
10416613 2663
10416619 3716
10416643 5
10416671 1
10416689 51
10416689 7927
10416773 12
10416977 3
10416977 4
10416977 1624
10417013 3
10417261 896
10417261 1695
10417279 8805
10417349 4
10417373 7
10417373 15
10417423 2373
10417483 5
10417613 3768
10417613 9271
10417661 3
10417679 1
10417697 27
10417727 12
10417777 20
10417777 75
10417993 11
10418039 25
10418041 159
10418113 35
10418113 887
10418119 41
10418159 289
10418227 8
10418237 603
10418267 2632
10418519 1
10418521 968
10418543 193
10418651 5304
10418689 51
10418689 564
10418761 704
10418789 4
10418827 2985
10418833 3
10418921 3
10418921 688
10419001 2831
10419127 12
10419139 20
10419139 5801
10419187 468
10419263 1
10419361 1260
10419397 3
10419397 8
10419401 168
10419407 220
10419427 17
10419443 861
10419469 555
10419557 3219
10419659 1
10419659 12
10419677 3
10419677 72
10419757 20
10419757 32
10419817 92
10419881 4
10419919 105
10419949 11
10419991 5
10420139 60
10420153 2327
10420181 51
10420217 4
10420279 809
10420279 8892
10420307 24
10420307 1284
10420349 192
10420349 984
10420349 4680
10420451 3465
10420471 1128
10420499 1
10420547 9
10420573 240
10420573 515
10420637 19
10420723 17
10420801 3
10420801 8795
10420901 6699
10420903 12
10420933 95
10420937 55
10420951 53
10420957 1127
10420999 84
10421003 1
10421083 33
10421123 1
10421123 33
10421129 12
10421143 185
10421143 1520
10421293 15
10421311 29
10421311 213
10421371 9
10421371 3468
10421387 4
10421413 1743
10421413 2528
10421471 2313
10421473 1548
10421513 3
10421539 137
10421569 176
10421617 392
10421623 168
10421669 64
10421689 7475
10421837 28
10421837 259
10421893 23
10421951 1
10421951 13
10421981 5880
10422029 4
10422067 77
10422163 177
10422163 552
10422199 540
10422221 115
10422331 168
10422371 1
10422371 280
10422413 7
10422499 597
10422647 9
10422653 7
10422667 1964
10422719 9
10422719 337
10422809 4
10422827 6957
10422857 1359
10422911 1
10422967 72
10422983 40
10423003 5028
10423019 1
10423019 4
10423043 1
10423043 8640
10423079 1
10423079 745
10423109 75
10423279 6369
10423327 5
10423453 3
10423487 37
10423549 11
10423559 204
10423627 17
10423697 7
10423709 504
10423841 48
10423841 151
10423849 7011
10423859 192
10423867 105
10423871 201
10423877 1563
10423961 336
10423999 5
10424101 3
10424101 200
10424147 240
10424171 1
10424279 1
10424317 347
10424471 1
10424501 3
10424563 408
10424569 299
10424569 627
10424591 64
10424591 3945
10424663 45
10424663 441
10424683 2588
10424699 1
10424699 2121
10424737 63
10424753 3951
10424779 12
10424951 1
10425089 159
10425101 4
10425161 3
10425161 295
10425277 3
10425361 108
10425377 960
10425461 15
10425553 8715
10425697 72
10425757 15
10425773 7
10425839 1
10425917 363
10425983 1
10425983 25
10425983 445
10425991 420
10426033 23
10426043 1
10426063 8
10426063 57
10426121 43
10426217 868
10426217 6283
10426249 71
10426249 459
10426277 39
10426313 48
10426379 157
10426523 1
10426639 56
10426651 5645
10426679 3696
10426753 327
10426781 2140
10426919 37
10426939 104
10426951 8001
10427059 5
10427107 8
10427141 460
10427159 1
10427177 384
10427189 4
10427189 16
10427189 19
10427233 32
10427237 4
10427297 3
10427311 5
10427311 173
10427321 144
10427353 923
10427479 5
10427513 7
10427537 460
10427587 945
10427633 75
10427639 4
10427639 496
10427759 1
10427759 9
10427773 168
10427773 8820
10427861 1788
10427867 37
10427957 4
10427957 163
10428001 23
10428001 24
10428001 515
10428053 40
10428091 1665
10428101 15
10428343 176
10428419 1
10428421 168
10428437 108
10428437 2724
10428503 1
10428547 1557
10428557 3
10428557 3468
10428563 73
10428571 108
10428581 100
10428623 1
10428721 39
10428809 544
10428839 1
10428841 3128
10428881 7203
10428911 21
10428911 2944
10428911 9184
10428949 12
10428961 3624
10429021 119
10429037 3
10429057 20
10429087 9
10429121 31
10429123 8
10429193 591
10429379 1
10429379 9
10429439 1
10429459 272
10429459 1992
10429469 7
10429571 1
10429571 13
10429577 435
10429633 32
10429633 143
10429637 4
10429691 1
10429691 16
10429691 373
10429709 16
10429739 1
10429759 6237
10429777 1152
10429801 3
10429801 168
10429849 12
10429849 5579
10429871 4
10429873 3
10429927 884
10430087 69
10430249 51
10430249 2440
10430261 4
10430279 1
10430323 5
10430417 12
10430471 1
10430491 8
10430513 231
10430549 4
10430561 4
10430591 1344
10430599 3000
10430657 19
10430657 4923
10430671 2033
10430723 1
10430747 649
10430767 12
10430773 9840
10430779 917
10430789 232
10430813 2703
10430839 9
10430909 15
10430921 2095
10430957 228
10430963 1
10430999 1
10431011 45
10431017 3
10431041 28
10431059 1
10431101 879
10431103 161
10431103 717
10431139 876
10431199 24
10431277 3
10431367 1733
10431419 3840
10431433 75
10431461 15
10431467 1060
10431559 3525
10431623 1
10431739 9
10431749 16
10431767 52
10431781 3
10431797 112
10431823 881
10431901 1995
10431901 3431
10431947 720
10431973 488
10431973 3288
10431973 7308
10432003 20
10432031 1621
10432057 9428
10432061 423
10432091 4
10432241 6703
10432249 3831
10432259 4
10432309 71
10432351 5
10432379 1
10432381 7244
10432451 7408
10432511 924
10432567 5
10432753 11
10432871 33
10432909 44
10433009 175
10433051 1
10433077 3
10433113 12
10433123 160
10433281 11
10433287 8
10433287 60
10433323 9260
10433347 84
10433419 105
10433419 8784
10433447 8488
10433459 201
10433543 21
10433561 24
10433561 75
10433693 1851
10433849 120
10433893 3483
10433909 72
10433923 5096
10434077 207
10434121 9708
10434217 3
10434217 83
10434217 5627
10434227 24
10434257 84
10434257 579
10434299 3957
10434503 25
10434551 1
10434559 32
10434559 92
10434559 105
10434761 4
10434793 20
10434829 51
10434881 844
10434883 45
10434929 4
10434929 8887
10434973 4680
10435027 309
10435037 4
10435037 7
10435057 23
10435063 32
10435177 219
10435213 15
10435241 4
10435259 21
10435391 1
10435441 3504
10435487 85
10435493 307
10435519 89
10435531 9
10435547 4
10435589 7
10435589 207
10435643 1
10435669 1455
10435687 3720
10435699 2337
10435847 3364
10435877 15
10435907 24
10435963 12
10436053 3
10436081 280
10436123 52
10436161 419
10436197 3
10436197 240
10436519 4
10436557 1307
10436581 68
10436597 7
10436597 1348
10436603 1
10436617 24
10436663 1
10436689 36
10436711 1
10436749 11
10436771 225
10436819 1
10436857 12
10436869 9867
10436873 72
10436879 1
10436879 4
10436977 12
10436981 15
10436989 1452
10437127 8
10437139 9
10437143 13
10437143 60
10437157 3
10437169 51
10437191 69
10437209 9196
10437437 228
10437569 15
10437673 8
10437703 1001
10437733 372
10437797 3
10437797 432
10437799 9
10437803 1
10437803 165
10437841 1103
10437937 20
10437989 4335
10438061 3
10438091 3960
10438097 3
10438097 4
10438117 155
10438139 1
10438157 79
10438217 12
10438217 3544
10438243 2900
10438261 20
10438261 140
10438271 2520
10438279 5
10438283 2265
10438411 264
10438427 133
10438499 9
10438523 1
10438523 85
10438523 120
10438529 160
10438529 556
10438639 20
10438751 1
10438763 325
10438783 5
10438783 36
10438817 3
10438817 28
10438817 43
10438829 1051
10438871 1
10438871 28
10438873 515
10438889 2455
10438951 5
10438963 17
10439041 11
10439063 1
10439063 25
10439119 629
10439131 161
10439147 588
10439321 4
10439323 5
10439329 20
10439347 7332
10439381 4
10439393 3
10439399 25
10439399 76
10439477 163
10439549 12
10439551 20
10439573 196
10439617 3
10439629 44
10439719 12
10439743 1340
10439749 372
10439773 263
10439773 587
10439813 147
10439939 1212
10439951 4
10439951 201
10440019 72
10440037 83
10440077 43
10440077 1860
10440161 28
10440163 153
10440169 287
10440217 107
10440247 5
10440301 23
10440373 23
10440553 2192
10440559 21
10440571 5
10440571 33
10440611 69
10440767 93
10440779 216
10440799 24
10440799 225
10440967 89
10440977 28
10440979 284
10441121 31
10441237 1688
10441267 24
10441283 1
10441297 12
10441339 92
10441357 3
10441357 315
10441357 6660
10441369 71
10441373 7
10441399 117
10441531 8
10441589 1584
10441589 2320
10441619 21
10441619 1024
10441631 1
10441631 40
10441631 3544
10441853 252
10441861 3
10441939 5
10441979 3021
10442027 12
10442053 6372
10442119 80
10442119 129
10442231 1
10442239 77
10442287 29
10442477 4
10442489 4216
10442501 3
10442519 157
10442591 61
10442611 105
10442657 568
10442767 624
10442969 339
10443007 8
10443053 60
10443101 28
10443101 7551
10443137 43
10443137 424
10443239 1
10443239 325
10443283 641
10443289 60
10443289 836
10443343 8
10443359 37
10443359 340
10443401 3
10443401 124
10443421 555
10443463 720
10443469 155
10443473 3
10443481 20
10443493 8
10443523 5
10443523 2001
10443529 2259
10443623 4240
10443707 4
10443751 9
10443761 63
10443761 163
10443773 148
10443791 3813
10443841 5364
10443907 1697
10443919 2877
10443929 384
10443943 5
10443989 60
10444201 1260
10444229 31
10444331 1
10444331 9208
10444337 28
10444367 4
10444451 4
10444451 45
10444531 8
10444543 8340
10444549 471
10444757 12
10444787 100
10444801 60
10444853 7
10444859 661
10444867 29
10444871 25
10444883 16
10444939 245
10444991 760
10445011 905
10445033 1515
10445093 7971
10445101 120
10445177 40
10445207 5320
10445287 140
10445287 3005
10445441 3
10445453 280
10445489 4
10445489 12
10445489 27
10445527 8
10445563 80
10445621 120
10445621 2116
10445627 3964
10445737 212
10445779 189
10445819 1
10445873 7
10445873 3283
10445927 4
10446001 71
10446167 33
10446193 4475
10446203 1
10446251 1
10446343 5
10446367 1605
10446367 2489
10446421 3
10446421 1259
10446493 12
10446503 4068
10446547 48
10446559 557
10446581 108
10446607 888
10446649 20
10446739 3452
10446743 1
10446797 79
10446809 4
10446829 195
10447033 456
10447033 963
10447121 7596
10447277 19
10447291 2493
10447309 560
10447331 1
10447427 40
10447427 1557
10447447 5
10447457 148
10447559 4
10447561 3
10447751 1
10447751 5305
10447831 309
10447847 24
10447901 4
10447903 141
10447919 37
10447939 5
10447939 32
10447939 8949
10447951 5
10448027 28
10448173 915
10448197 1995
10448239 236
10448311 1169
10448329 672
10448359 104
10448359 120
10448483 312
10448609 816
10448731 24
10448839 20
10448843 1
10448861 3
10448861 4
10448861 2259
10448869 3116
10448881 3
10448989 47
10449011 121
10449029 1071
10449079 24
10449083 1
10449121 3755
10449163 96
10449233 2095
10449233 7128
10449277 27
10449323 16
10449379 189
10449443 1
10449469 279
10449497 3
10449539 9
10449583 9308
10449619 5
10449683 1
10449787 8
10449869 4500
10449899 4
10449919 2796
10449931 9
10449937 795
10449961 284
10450009 3180
10450043 48
10450091 5184
10450151 4
10450151 21
10450177 1035
10450177 2135
10450201 3
10450249 56
10450351 24
10450477 1935
10450481 624
10450507 8925
10450523 1
10450547 820
10450621 96
10450633 95
10450637 700
10450637 2584
10450697 7
10450829 120
10450837 1103
10450871 1
10451033 88
10451053 1923
10451093 7167
10451213 732
10451219 1
10451219 4
10451227 5
10451227 53
10451327 120
10451347 3920
10451377 3
10451377 804
10451431 65
10451461 23
10451491 68
10451509 2364
10451569 4656
10451663 1
10451737 200
10451939 1
10451939 72
10451953 320
10451963 40
10451993 36
10451993 51
10452073 300
10452083 1
10452157 2852
10452193 60
10452251 2344
10452269 55
10452329 27
10452341 24
10452361 20
10452367 17
10452367 77
10452517 1524
10452521 7660
10452551 1
10452583 8
10452587 97
10452587 1224
10452593 711
10452643 5
10452677 3
10452703 77
10452707 64
10452751 9
10452781 824
10452809 1200
10452809 4444
10452821 4
10452821 975
10452851 108
10452917 3
10452973 188
10452973 2196
10452997 3
10453039 17
10453153 456
10453159 2496
10453447 288
10453451 1
10453549 20
10453633 8
10453633 48
10453771 204
10453813 83
10453867 5
10453897 4448
10453903 225
10454027 4
10454141 40
10454177 3
10454177 75
10454189 15
10454407 24
10454419 180
10454567 180
10454573 528
10454599 81
10454687 73
10454687 913
10454723 588
10454737 3
10454783 88
10454957 4
10454981 15
10455013 171
10455013 2856
10455059 49
10455061 39
10455083 1
10455131 21
10455229 459
10455251 1
10455251 3189
10455253 68
10455343 21
10455359 1
10455397 564
10455589 12
10455617 3787
10455619 7709
10455647 13
10455707 964
10455733 56
10455743 1
10455769 687
10455769 3672
10455791 180
10455883 141
10455917 3
10455917 115
10456123 92
10456219 5
10456451 400
10456469 55
10456477 12
10456477 23
10456499 4
10456543 497
10456577 183
10456661 4
10456679 1
10456679 36
10456679 9481
10456781 555
10456861 3
10456861 279
10456861 459
10456871 448
10456981 111
10457033 540
10457099 112
10457113 3
10457147 4824
10457191 41
10457207 420
10457389 20
10457417 3
10457459 1
10457609 247
10457611 1680
10457611 2541
10457647 44
10457653 3
10457683 108
10457683 9537
10457687 4
10457723 9940
10457749 20
10457749 2924
10457773 8088
10457831 1
10457833 12
10457849 84
10457903 28
10457929 191
10457933 9112
10457947 5
10458089 7
10458143 301
10458167 28
10458181 8
10458271 288
10458319 129
10458319 984
10458347 72
10458509 12
10458521 5611
10458599 45
10458601 96
10458653 27
10458661 80
10458673 27
10458691 8
10458733 467
10458803 57
10458823 117
10458823 8276
10458947 3024
10458971 1
10459151 261
10459151 333
10459201 3
10459213 56
10459237 540
10459259 1
10459261 6060
10459297 24
10459381 5256
10459499 1
10459523 9705
10459583 33
10459583 252
10459637 135
10459703 21
10459783 336
10459831 29
10459849 20
10459859 21
10460057 139
10460129 4
10460129 19
10460161 20
10460173 800
10460209 12
10460209 152
10460209 171
10460357 12
10460413 9332
10460419 12
10460419 7152
10460441 3
10460447 4
10460447 249
10460467 9
10460467 264
10460477 3
10460539 120
10460629 159
10460633 391
10460689 264
10460693 3616
10460717 580
10460969 15
10461053 7
10461133 9315
10461281 55
10461301 24
10461361 1271
10461397 312
10461449 144
10461461 580
10461551 1
10461559 332
10461623 1
10461641 319
10461673 183
10461701 556
10461751 105
10461961 3
10461961 4376
10461977 64
10462043 9796
10462099 5420
10462163 1
10462211 2361
10462267 5
10462297 35
10462349 100
10462363 416
10462423 5
10462423 392
10462451 1
10462471 4341
10462589 1452
10462609 719
10462663 5
10462931 1365
10462967 28
10463021 616
10463021 864
10463059 69
10463153 15
10463191 4181
10463231 1
10463251 9
10463339 12
10463339 57
10463353 11
10463389 1260
10463417 27
10463441 3
10463441 4
10463441 156
10463477 1080
10463521 131
10463521 260
10463603 5085
10463617 272
10463639 1
10463731 5
10463777 84
10463839 224
10463917 95
10463953 135
10463963 1
10464119 1
10464173 3
10464173 7
10464203 1
10464247 17
10464281 3
10464319 896
10464323 1
10464361 3
10464371 480
10464397 8
10464397 35
10464631 80
10464659 2877
10464719 1
10464743 1
10464749 4
10464803 1
10464859 261
10464863 6720
10464917 300
10464941 3
10464959 1
10464997 1040
10465031 6156
10465079 1
10465079 4
10465097 3
10465123 1005
10465157 7
10465193 3
10465223 1
10465223 232
10465271 4
10465379 541
10465379 4012
10465393 4148
10465397 3
10465439 1
10465453 27
10465453 8595
10465513 507
10465517 12
10465603 8
10465627 5
10465657 947
10465687 84
10465691 4
10465799 85
10465877 60
10465957 24
10465967 97
10466047 8
10466047 24
10466147 285
10466221 7499
10466249 67
10466279 4092
10466353 7631
10466429 2931
10466461 3
10466531 1
10466627 37
10466653 2003
10466669 60
10466699 1
10466783 613
10466801 703
10466831 1
10466887 77
10466921 3
10466957 4
10467029 7252
10467133 92
10467143 1273
10467151 161
10467167 33
10467167 88
10467221 436
10467253 2271
10467287 28
10467377 7
10467403 612
10467433 35
10467473 3
10467473 36
10467473 192
10467497 9559
10467547 68
10467593 91
10467593 811
10467607 68
10467623 1
10467731 36
10467749 4
10467749 75
10467749 987
10467761 4
10467823 272
10467857 4764
10467901 8640
10467931 56
10468019 1
10468103 1
10468103 21
10468109 7
10468109 232
10468177 563
10468181 9148
10468223 16
10468327 53
10468463 2376
10468543 4176
10468631 1
10468721 24
10468721 36
10468727 7468
10468747 69
10468781 16
10468837 8
10468853 487
10468877 7
10468883 1
10468883 1057
10469099 1
10469141 43
10469197 6095
10469237 4228
10469243 13
10469267 73
10469273 3
10469311 24
10469411 7369
10469423 1
10469429 19
10469521 20
10469581 59
10469639 1
10469639 3289
10469663 660
10469759 1
10469891 1
10469939 1
10469981 1228
10469999 1
10470017 27
10470041 40
10470059 169
10470077 7
10470191 1
10470191 9273
10470407 108
10470413 168
10470557 1372
10470571 789
10470571 840
10470619 5
10470619 201
10470641 16
10470673 11
10470679 65
10470689 12
10470689 52
10470701 3
10470749 24
10470751 44
10470751 416
10470763 2460
10470799 644
10470799 1925
10470847 1473
10470853 615
10470893 588
10470947 4
10471007 109
10471091 1
10471267 8
10471343 1453
10471453 143
10471457 4
10471499 4
10471501 48
10471511 1
10471649 1192
10471673 3
10471673 7
10471751 613
10471807 5
10471807 152
10471859 1365
10471963 560
10472093 7
10472159 4081
10472183 1
10472207 24
10472237 112
10472237 379
10472243 405
10472251 1449
10472279 217
10472381 3
10472437 48
10472467 560
10472489 64
10472489 367
10472503 8
10472687 4
10472771 168
10472783 13
10472827 12
10472827 348
10472893 728
10472909 5124
10472921 19
10472983 5
10473083 1197
10473191 1
10473251 1
10473317 712
10473371 1
10473371 225
10473391 5933
10473403 3132
10473413 28
10473473 7
10473539 1
10473559 17
10473637 84
10473709 71
10473721 48
10473779 1
10473907 20
10474021 11
10474031 33
10474103 193
10474151 25
10474151 3549
10474153 3
10474153 287
10474199 1
10474199 9900
10474237 87
10474237 1724
10474319 1
10474319 265
10474463 1
10474511 1
10474619 1
10474619 9
10474619 240
10474733 91
10474753 3
10474787 12
10474787 760
10474813 51
10474949 4
10474949 7
10474969 176
10474969 4380
10475053 15
10475053 23
10475057 175
10475071 101
10475149 35
10475159 1360
10475173 3
10475173 15
10475183 1
10475239 60
10475243 21
10475243 1396
10475263 288
10475287 84
10475471 16
10475473 11
10475527 8
10475533 215
10475561 483
10475579 1
10475657 2548
10475671 129
10475683 5865
10475711 1
10475753 48
10475771 216
10475771 621
10475771 6865
10475813 91
10475867 100
10475947 5
10476083 1
10476113 51
10476113 903
10476149 3252
10476223 2225
10476227 2724
10476227 3073
10476283 17
10476283 4425
10476287 4
10476311 1
10476341 331
10476359 1
10476359 672
10476359 2632
10476373 3
10476383 13
10476409 20
10476409 1280
10476503 1
10476559 1337
10476577 63
10476601 3
10476659 9
10476659 5920
10476761 100
10476793 528
10476827 64
10476839 1
10476839 1189
10476877 239
10476931 33
10476941 24
10476967 53
10476967 6365
10477009 9419
10477087 729
10477171 2769
10477231 8948
10477237 224
10477267 2477
10477283 420
10477297 47
10477319 1
10477367 813
10477433 12
10477433 55
10477463 12
10477487 28
10477507 4845
10477513 3
10477529 52
10477529 5916
10477741 8
10477781 184
10477807 5
10477823 1
10477871 1
10477889 7
10477931 4
10477981 11
10478057 112
10478113 3
10478207 13
10478257 164
10478263 728
10478327 40
10478399 1
10478417 712
10478473 3
10478543 1
10478543 301
10478551 341
10478597 3
10478597 924
10478621 4255
10478707 8
10478729 60
10478761 3
10478929 119
10478957 255
10478957 2988
10479011 1
10479011 129
10479041 3
10479097 1512
10479173 3
10479221 19
10479307 45
10479347 772
10479437 3
10479461 3
10479517 563
10479517 3939
10479533 196
10479613 152
10479619 41
10479629 19
10479629 432
10479691 53
10479779 60
10479779 637
10479827 9
10479851 1
10479857 24
10479863 28
10479893 343
10479923 1
10480009 1596
10480021 15
10480027 180
10480037 1860
10480087 57
10480091 1
10480103 373
10480163 700
10480243 5
10480243 57
10480259 1
10480291 4716
10480499 1
10480579 5
10480681 23
10480831 3929
10480853 211
10480889 127
10480961 559
10480973 267
10481041 95
10481137 24
10481201 4
10481201 16
10481201 31
10481201 1740
10481213 27
10481243 13
10481243 73
10481311 3341
10481351 1
10481411 4
10481453 220
10481519 1
10481519 1336
10481567 33
10481677 3
10481677 72
10481759 9
10481819 1
10481903 1
10481903 13
10481953 755
10481983 8
10481983 92
10482071 1
10482107 57
10482127 3872
10482133 3
10482163 773
10482193 1043
10482221 4
10482223 1116
10482317 3
10482323 141
10482379 5120
10482443 2532
10482539 1
10482553 3
10482553 5771
10482559 2957
10482569 99
10482617 99
10482629 52
10482643 1728
10482767 204
10482793 300
10482821 976
10482827 52
10482883 512
10482883 1133
10482973 15
10483027 984
10483049 112
10483139 1
10483157 1575
10483163 6957
10483189 11
10483223 21
10483223 1620
10483229 7531
10483273 332
10483273 1683
10483279 24
10483381 3
10483409 51
10483411 753
10483411 1184
10483483 6065
10483489 107
10483547 477
10483553 76
10483553 8343
10483637 7
10483637 40
10483637 3895
10483661 3
10483721 28
10483727 153
10483751 1
10483751 28
10483841 2248
10483871 13
10483871 36
10483903 108
10483919 1
10483927 105
10484101 1823
10484119 137
10484171 4
10484191 9264
10484249 7
10484249 36
10484263 21
10484263 33
10484263 521
10484263 1580
10484317 108
10484381 24
10484387 12
10484471 273
10484483 72
10484503 6872
10484533 1176
10484651 1
10484723 1
10485071 1
10485143 12
10485151 8
10485203 1
10485257 2955
10485259 156
10485287 1504
10485317 3
10485317 4
10485323 252
10485331 4085
10485353 220
10485373 171
10485373 8852
10485407 105
10485479 1
10485491 36
10485499 9
10485523 645
10485707 9
10485731 129
10485877 12
10485877 6263
10485899 1
10485899 652
10485941 4720
10485947 4
10485949 116
10485973 2268
10485989 4
10485989 7
10486169 3375
10486171 1040
10486457 63
10486481 300
10486549 24
10486549 272
10486753 128
10486757 103
10486811 16
10486829 5716
10486877 5643
10486979 1
10487033 1347
10487089 620
10487111 6168
10487159 1
10487203 1020
10487219 1
10487273 28
10487371 288
10487383 212
10487387 1425
10487461 20
10487507 120
10487567 40
10487591 3048
10487681 411
10487713 11
10487773 240
10487801 4
10487831 1
10487831 4
10487831 21
10487843 1
10487863 8
10487881 11
10487881 8639
10487887 464
10487921 124
10488059 312
10488077 7
10488109 339
10488193 680
10488229 11
10488239 1
10488287 2800
10488433 572
10488433 5783
10488449 7
10488469 9219
10488487 9
10488581 60
10488581 2664
10488601 35
10488619 77
10488623 1
10488623 28
10488629 7
10488637 3
10488679 1529
10488719 829
10488721 8
10488763 5
10488763 56
10488809 4
10488833 5232
10488899 1
10488937 3
10488967 9840
10488997 47
10489183 56
10489201 99
10489231 5
10489243 233
10489307 9
10489361 103
10489379 1
10489421 4360
10489511 4
10489573 3
10489573 168
10489657 9047
10489733 3
10489741 48
10489781 148
10489837 99
10489939 117
10489951 5
10489991 1
10490041 8
10490171 1
10490297 1003
10490357 4
10490393 3
10490401 243
10490419 492
10490443 221
10490471 1
10490471 4
10490471 45
10490539 380
10490563 612
10490657 3
10490671 3108
10490699 1
10490723 1
10490743 345
10490771 4
10490813 7
10490861 559
10490861 1084
10490881 8
10490881 1163
10490891 1
10491037 507
10491037 3308
10491119 1
10491119 457
10491137 328
10491137 6988
10491179 1
10491241 759
10491251 1
10491277 48
10491373 3
10491413 7
10491419 189
10491443 1
10491443 25
10491529 51
10491529 699
10491571 164
10491571 2304
10491623 1
10491623 48
10491653 156
10491709 5540
10491769 71
10491787 152
10491913 1023
10491953 7
10491967 5
10491991 96
10492019 1
10492063 177
10492159 45
10492211 1
10492253 156
10492283 516
10492297 44
10492297 68
10492303 21
10492333 3
10492343 12
10492343 181
10492379 21
10492379 72
10492379 8176
10492411 24
10492411 261
10492457 72
10492457 748
10492567 5
10492649 24
10492649 352
10492661 3
10492687 3908
10492711 21
10492771 729
10492879 6677
10492957 23
10492957 3323
10493033 7
10493039 1
10493167 8
10493207 913
10493227 9
10493227 17
10493251 3369
10493251 7941
10493387 829
10493393 132
10493401 675
10493477 4
10493479 9
10493479 2741
10493507 48
10493701 8
10493701 20
10493701 191
10493771 1
10493771 9
10493797 8
10493953 8
10493953 1527
10493999 4
10493999 180
10494041 3
10494167 385
10494167 2485
10494173 3636
10494223 80
10494223 81
10494241 140
10494269 31
10494269 916
10494293 28
10494299 1
10494313 3
10494313 108
10494397 23
10494551 1
10494719 1
10494787 7280
10494817 8
10494817 1367
10494853 5208
10494857 27
10494931 6869
10494937 479
10494971 4
10494983 1
10495117 35
10495127 28
10495141 3
10495223 21
10495223 672
10495249 944
10495279 5
10495297 27
10495313 3
10495319 4
10495343 33
10495379 1
10495439 129
10495493 51
10495493 268
10495519 320
10495561 695
10495603 177
10495649 3187
10495649 4291
10495781 55
10495789 11
10495841 211
10495841 240
10495879 2232
10495897 3
10495897 7527
10495907 9
10495907 84
10495909 332
10495957 3
10496039 60
10496047 909
10496093 3
10496131 41
10496179 81
10496201 4
10496329 32
10496329 6387
10496351 25
10496351 88
10496443 12
10496459 1
10496477 24
10496659 5
10496723 1
10496767 389
10496831 1
10496891 1
10496923 5
10496923 2937
10496923 4997
10497013 3
10497013 11
10497059 1
10497167 4
10497191 4
10497209 3531
10497247 5
10497247 644
10497281 15
10497337 63
10497373 3
10497379 32
10497433 3443
10497569 4
10497583 5
10497583 92
10497607 8
10497649 84
10497701 900
10497713 151
10497743 112
10497749 4027
10497827 2445
10497841 240
10497853 36
10497853 1455
10497859 29
10497919 5
10497919 3780
10497983 1
10497983 153
10498049 7
10498133 16
10498133 3496
10498151 1
10498151 316
10498183 593
10498307 72
10498309 12
10498339 5757
10498409 87
10498457 1327
10498591 8
10498591 221
10498591 788
10498597 6284
10498669 3564
10498681 2280
10498703 1
10498853 456
10498871 48
10498997 187
10499029 219
10499033 4896
10499089 47
10499117 2215
10499147 1068
10499219 5569
10499261 16
10499287 8
10499303 193
10499303 4833
10499309 2575
10499351 25
10499399 141
10499413 56
10499507 28
10499579 1
10499579 9
10499623 5
10499767 300
10499831 1
10499947 33
10499981 3
10499981 4
10499981 396
