26500007 4
26500013 91
26500021 1116
26500021 2960
26500039 257
26500087 225
26500091 1
26500099 5
26500219 1409
26500451 208
26500517 63
26500633 11
26500741 11
26500757 3679
26500813 27
26500813 980
26500823 241
26500861 1611
26500871 1
26500961 4
26501051 7608
26501053 3
26501081 244
26501081 1140
26501159 1
26501227 128
26501303 256
26501303 2316
26501339 2304
26501347 564
26501347 8709
26501407 1269
26501413 107
26501513 3
26501513 1195
26501549 3084
26501549 7159
26501597 7
26501609 5991
26501617 935
26501659 137
26501659 504
26501669 4
26501719 84
26501743 32
26501747 9
26501851 21
26501921 24
26501927 157
26501939 1
26501987 1204
26502037 344
26502079 125
26502089 4
26502193 47
26502197 27
26502409 12
26502517 644
26502517 4235
26502527 2052
26502533 3567
26502533 5487
26502589 1187
26502743 1
26502797 15
26502863 181
26503181 4
26503189 20
26503201 423
26503201 8195
26503237 8340
26503283 1
26503313 3
26503381 8
26503469 2460
26503471 5
26503583 21
26503619 1
26503721 604
26503777 87
26503783 141
26503837 608
26503871 1
26503937 12
26503943 1501
26503979 1
26504033 16
26504033 255
26504083 1628
26504147 4
26504243 1273
26504279 1
26504279 4
26504311 9020
26504453 3
26504459 2764
26504461 11
26504531 9
26504609 15
26504633 652
26504657 100
26504657 280
26504669 67
26504707 32
26504711 24
26504711 81
26504789 39
26504917 288
26505041 304
26505113 3
26505113 5176
26505239 1
26505239 21
26505257 63
26505301 2243
26505301 2976
26505331 9
26505359 1
26505371 21
26505371 1645
26505599 1
26505599 4
26505613 32
26505679 1197
26505679 1904
26505761 3
26505761 316
26505953 2232
26506037 4
26506187 217
26506211 1
26506237 3
26506237 7268
26506301 3
26506357 215
26506367 1792
26506397 372
26506421 3
26506439 9025
26506489 260
26506567 300
26506583 1
26506657 155
26506657 2559
26506663 36
26506703 1
26506703 40
26506703 561
26506747 8
26506759 12
26506807 8
26506901 4
26506901 55
26506903 156
26507021 5940
26507087 300
26507141 6999
26507177 60
26507177 84
26507291 1
26507291 313
26507317 12
26507513 372
26507519 4
26507587 5
26507659 221
26507659 1676
26507809 12
26507839 5
26507939 49
26507963 1
26508023 12
26508061 8
26508071 24
26508089 3379
26508133 8
26508149 4
26508149 12
26508191 81
26508217 308
26508269 12
26508269 16
26508323 1
26508323 45
26508421 3
26508431 64
26508479 3376
26508487 1292
26508659 1
26508721 1671
26508731 1
26508817 264
26508817 1820
26508847 12
26508847 8537
26508901 3
26508913 35
26508947 60
26508959 1
26508959 117
26508991 3836
26509031 4
26509097 12
26509099 749
26509181 3031
26509187 312
26509201 731
26509321 84
26509331 189
26509361 3
26509367 637
26509391 1
26509397 64
26509403 340
26509471 596
26509583 1
26509589 2155
26509591 188
26509643 16
26509661 2431
26509751 1
26509751 93
26509771 113
26509787 4
26509811 40
26509849 36
26509969 279
26509979 6361
26510009 4
26510047 5
26510063 21
26510129 4
26510333 3
26510381 648
26510381 3063
26510399 5229
26510509 36
26510569 95
26510621 240
26510857 1512
26510893 2196
26510923 1988
26510951 13
26510977 24
26510977 5840
26510993 40
26511209 612
26511311 1
26511311 169
26511367 624
26511451 1856
26511503 1
26511503 2676
26511577 384
26511671 16
26511673 1316
26511697 4248
26511757 188
26511757 1032
26511763 5
26511763 7916
26511767 8185
26511853 11
26511853 1407
26511899 4
26511931 5
26511931 48
26511937 3047
26511949 20
26511971 124
26512001 1608
26512021 3
26512033 20
26512043 1
26512153 1200
26512253 76
26512253 5863
26512273 435
26512319 1
26512481 3
26512597 3
26512649 7
26512679 1
26512709 7
26512709 4756
26512723 5
26512729 215
26512799 4
26512823 1
26512823 13
26512883 141
26512903 12
26512949 184
26512957 1295
26513041 1004
26513143 7776
26513203 293
26513231 49
26513257 7812
26513297 252
26513297 492
26513299 1517
26513323 5588
26513419 9
26513449 176
26513449 215
26513519 165
26513551 5
26513579 1
26513581 5795
26513651 45
26513681 2883
26513717 43
26513737 8
26513749 84
26513783 100
26513831 28
26513857 719
26513881 120
26513881 224
26513887 117
26514043 5
26514071 193
26514107 1729
26514119 192
26514121 339
26514133 11
26514223 12
26514353 75
26514539 1
26514539 261
26514637 15
26514637 3800
26514661 2115
26514767 552
26514773 15
26514863 1
26514913 2232
26514913 6276
26514973 3
26514973 32
26515031 1
26515063 5
26515079 1389
26515103 1
26515123 5
26515123 20
26515141 60
26515217 7
26515277 12
26515277 28
26515303 41
26515409 952
26515409 6919
26515459 32
26515471 93
26515487 5013
26515493 3
26515493 72
26515553 43
26515553 76
26515591 144
26515613 28
26515627 165
26515747 33
26515763 25
26515787 6189
26515981 83
26516023 420
26516069 187
26516167 9
26516177 580
26516221 3
26516221 24
26516257 8
26516279 105
26516327 2733
26516359 17
26516407 909
26516407 3777
26516459 1
26516573 1228
26516573 1732
26516579 12
26516579 136
26516603 1
26516689 1131
26516713 80
26516731 69
26516771 364
26516779 8360
26516887 8
26516887 29
26516911 8
26517011 88
26517017 3
26517053 55
26517053 100
26517053 940
26517109 780
26517149 324
26517187 5
26517221 1515
26517241 8480
26517269 2767
26517277 47
26517311 1
26517311 93
26517317 120
26517319 12
26517319 9417
26517451 413
26517451 3324
26517539 1332
26517553 3
26517553 23
26517581 544
26517607 3677
26517653 88
26517709 516
26517779 1
26517791 1
26517793 96
26517793 531
26517833 3
26517833 75
26517839 1
26517983 1
26518099 5
26518099 21
26518117 1892
26518259 364
26518279 305
26518301 111
26518337 7
26518337 784
26518403 1
26518421 2784
26518463 1
26518477 48
26518523 508
26518543 1092
26518619 1
26518619 4320
26518621 191
26518777 3099
26518859 7240
26518883 1
26518897 35
26518897 215
26518901 256
26518991 13
26519153 3
26519159 49
26519219 1
26519243 417
26519257 8
26519257 60
26519257 1740
26519329 12
26519351 1
26519351 13
26519377 3
26519407 3377
26519503 1368
26519587 5
26519587 48
26519641 8175
26519651 40
26519651 8325
26519699 4489
26519737 3
26519783 993
26519791 464
26519791 4104
26519917 6212
26519921 2223
26519923 696
26519923 1148
26519971 41
26519993 3
26520001 3
26520031 44
26520107 60
26520113 3
26520113 43
26520223 8
26520287 4
26520367 48
26520397 243
26520419 136
26520457 12
26520497 24
26520497 3348
26520553 8372
26520577 119
26520647 85
26520667 3204
26520881 31
26520997 2388
26521007 184
26521123 533
26521249 471
26521259 4
26521331 1
26521331 109
26521427 52
26521441 7575
26521487 804
26521501 720
26521577 19
26521589 9579
26521603 2237
26521667 4
26521673 12
26521757 115
26521787 4185
26521799 2244
26521811 40
26521811 6981
26521877 183
26521993 92
26521993 1775
26522009 315
26522033 3
26522051 4
26522113 3
26522137 3
26522183 1
26522213 3
26522311 5916
26522371 125
26522497 1944
26522513 7
26522513 4216
26522621 324
26522641 99
26522659 29
26522659 60
26522659 137
26522659 1064
26522663 1
26522759 1
26522893 8
26522897 2583
26522927 4765
26522929 87
26522957 219
26522989 347
26523199 5
26523311 9
26523359 4
26523547 644
26523617 4
26523751 8
26523779 1
26523787 9
26523851 1
26523907 5
26523919 3945
26523977 28
26523989 340
26523989 1015
26524093 488
26524103 1
26524103 100
26524111 7584
26524243 180
26524271 1
26524279 69
26524279 7329
26524343 36
26524367 28
26524367 6064
26524373 1143
26524391 1
26524439 25
26524481 996
26524481 1359
26524483 6056
26524583 1
26524583 121
26524613 256
26524621 143
26524639 9
26524661 120
26524717 284
26524739 16
26524739 2709
26524783 780
26524847 9
26524859 1
26524859 9
26524859 504
26524919 1
26525017 9228
26525297 39
26525393 2815
26525563 8
26525581 3
26525591 1
26525641 119
26525657 79
26525663 4128
26525699 301
26525747 9
26525747 712
26525783 1
26525783 1288
26525857 35
26525897 8223
26525953 3
26526041 3
26526041 3495
26526251 445
26526317 712
26526431 1
26526431 8253
26526469 891
26526491 5424
26526587 5785
26526683 1
26526719 1
26526737 3604
26526803 1
26526893 6103
26526911 1
26526937 12
26526961 2115
26527013 192
26527013 1227
26527079 1
26527093 3
26527147 8532
26527153 3
26527159 176
26527159 2309
26527201 8
26527343 1540
26527393 36
26527393 2432
26527427 12
26527433 5032
26527577 3
26527577 7315
26527649 15
26527703 640
26527771 176
26527841 51
26527967 4744
26528017 420
26528017 480
26528027 64
26528083 8
26528153 6603
26528171 24
26528171 1560
26528191 368
26528191 764
26528207 352
26528213 628
26528329 716
26528387 117
26528387 1080
26528399 1
26528423 21
26528459 1
26528459 72
26528477 3
26528561 3
26528581 11
26528647 45
26528659 5
26528669 16
26528669 24
26528669 631
26528699 685
26528917 15
26528917 155
26528933 7
26528933 1776
26528981 240
26529071 1060
26529077 1663
26529101 4
26529127 53
26529169 39
26529169 2076
26529199 12
26529271 5
26529313 168
26529313 920
26529313 8111
26529487 7092
26529499 9
26529541 3
26529541 75
26529541 4743
26529551 1
26529593 3
26529617 7
26529691 1128
26529779 6732
26529827 13
26529827 57
26529857 24
26529961 1323
26530103 1
26530123 1992
26530169 484
26530219 9
26530223 13
26530267 5
26530291 5
26530291 6720
26530433 295
26530571 1
26530619 16
26530619 445
26530697 7
26530771 8
26530771 65
26530841 75
26530841 663
26530873 3
26530939 60
26530949 319
26530993 143
26531023 161
26531159 1
26531159 24
26531173 95
26531227 1532
26531303 12
26531321 4
26531371 24
26531371 2129
26531431 161
26531437 8
26531471 4
26531497 4584
26531521 368
26531569 275
26531623 33
26531639 156
26531639 1065
26531647 2109
26531677 219
26531693 883
26531699 1
26531707 5
26531759 3345
26531759 3640
26531761 228
26531779 92
26531837 3
26531867 1845
26531957 4
26531977 3
26532193 11
26532193 48
26532217 5024
26532323 1
26532431 1
26532637 35
26532707 445
26532761 16
26532853 3
26532893 3
26533079 57
26533079 69
26533123 1113
26533271 4
26533307 13
26533321 3
26533387 20
26533433 1396
26533439 1
26533453 3
26533453 171
26533453 2180
26533499 1
26533631 1
26533631 4
26533679 1
26533679 229
26533687 3632
26533687 6885
26533691 4
26533739 1
26533739 4
26533751 1
26533783 68
26533879 12
26533961 3
26533961 3811
26534029 11
26534033 7
26534071 8
26534083 41
26534083 456
26534147 4
26534147 220
26534147 1465
26534201 3735
26534213 3
26534227 65
26534243 13
26534309 687
26534351 249
26534377 443
26534411 1
26534489 7
26534509 7952
26534533 11
26534561 4219
26534593 71
26534687 289
26534707 24
26534713 6360
26535151 645
26535193 92
26535269 4
26535293 448
26535329 576
26535347 2112
26535433 5720
26535577 3
26535599 3736
26535701 4
26535709 12
26535731 1
26535791 1
26535811 9
26535823 1557
26535823 3237
26535917 4960
26535959 21
26535959 3741
26536079 6612
26536091 1
26536109 132
26536259 1
26536313 3
26536333 6935
26536343 1
26536417 2603
26536427 2785
26536427 3849
26536487 4
26536487 588
26536577 619
26536637 4
26536649 924
26536691 2140
26536693 36
26536703 73
26536781 3
26536793 1368
26536903 81
26537011 204
26537089 456
26537107 65
26537131 53
26537227 149
26537297 3
26537299 3044
26537389 5987
26537419 380
26537437 927
26537453 8743
26537521 896
26537549 40
26537557 488
26537597 67
26537647 5
26537713 8
26537713 35
26537729 16
26537729 55
26537729 379
26537743 8
26537743 120
26537807 4
26537827 677
26537873 363
26537881 948
26537933 952
26538011 24
26538049 159
26538073 147
26538143 456
26538223 8
26538223 2553
26538227 769
26538257 627
26538299 1
26538313 47
26538359 1
26538371 3508
26538397 8
26538431 9
26538431 109
26538517 32
26538553 1955
26538571 1824
26538713 3
26538749 52
26538761 5535
26538773 7
26538773 295
26538829 1295
26539141 3
26539199 4
26539243 21
26539327 6129
26539367 4
26539367 117
26539391 205
26539393 5435
26539451 5469
26539451 6169
26539481 48
26539549 704
26539673 27
26539717 1908
26539739 2625
26539759 9
26539783 936
26539829 4
26539949 79
26540021 3
26540021 4
26540021 3124
26540177 3
26540219 1
26540219 304
26540221 83
26540257 27
26540273 1471
26540357 243
26540363 12
26540377 1248
26540399 1
26540401 659
26540441 2755
26540483 1
26540483 156
26540531 388
26540533 8651
26540567 12
26540617 260
26540629 11
26540629 8864
26540687 4
26540719 680
26540939 1
26540977 9723
26541107 2713
26541113 303
26541113 1428
26541187 149
26541257 15
26541259 5
26541331 5
26541341 1920
26541407 1288
26541407 1429
26541443 33
26541503 517
26541623 12
26541677 19
26541677 28
26541679 5
26541763 108
26541763 300
26541773 16
26541871 569
26541877 5423
26541899 1
26541899 412
26541929 120
26541929 327
26541943 12
26541971 9
26542057 3
26542141 35
26542199 1
26542213 3
26542247 64
26542247 640
26542319 1
26542333 3
26542343 1
26542343 85
26542361 115
26542363 1188
26542387 44
26542403 1
26542493 736
26542643 3505
26542679 1
26542693 11
26542693 107
26542693 1211
26542751 1
26542781 3
26542811 1
26542811 4
26542811 49
26542837 27
26542843 8
26542903 32
26542927 45
26542993 3527
26543003 672
26543029 720
26543051 853
26543159 9
26543159 169
26543191 21
26543549 1044
26543611 3516
26543651 1
26543653 3
26543701 8
26543701 11
26543711 1
26543717 43
26543743 1100
26543879 1
26543929 1172
26544071 853
26544073 3
26544073 332
26544107 928
26544169 4484
26544347 253
26544379 3929
26544383 945
26544389 1884
26544449 7
26544449 16
26544457 2807
26544481 35
26544527 9
26544571 5
26544593 12
26544659 1
26544697 120
26544751 9144
26544757 12
26544779 1
26544779 4
26544779 1005
26544839 1
26544883 1260
26544893 52
26544893 1503
26544899 261
26544911 1
26544911 16
26545009 2171
26545049 3139
26545193 75
26545193 156
26545241 375
26545349 1692
26545367 7672
26545543 1560
26545543 6701
26545559 36
26545637 367
26545711 5
26545747 173
26545747 705
26545927 24
26545943 117
26545949 471
26546077 27
26546099 1
26546111 33
26546111 721
26546167 5
26546189 1212
26546257 3
26546263 396
26546263 4853
26546371 224
26546371 605
26546413 92
26546413 227
26546419 584
26546461 8
26546467 69
26546473 203
26546483 5652
26546491 9
26546549 4
26546567 48
26546599 56
26546617 1580
26546711 1
26546719 669
26546789 552
26546791 605
26546887 9
26546921 304
26546929 39
26546939 205
26546959 21
26547007 80
26547041 39
26547041 451
26547127 5892
26547133 12
26547247 437
26547263 1
26547263 433
26547307 108
26547331 176
26547373 1167
26547509 7
26547757 3615
26547767 9
26547793 168
26547821 6244
26547949 219
26547977 1104
26547977 1339
26548001 3
26548031 96
26548069 3927
26548099 5
26548103 1
26548201 224
26548217 7
26548267 2069
26548309 572
26548337 7
26548337 12
26548363 80
26548553 63
26548579 5
26548663 128
26548723 920
26548751 1
26548787 13
26548897 8
26548903 725
26548933 3003
26548979 1
26549069 4
26549077 128
26549111 1
26549183 385
26549221 3
26549221 119
26549279 232
26549489 1944
26549503 32
26549513 187
26549519 1125
26549539 1544
26549543 397
26549561 3
26549561 4
26549713 12
26549713 291
26549879 1
26549927 4
26549951 1
26549959 596
26549959 2649
26549987 4
26550077 88
26550077 7372
26550089 75
26550091 20
26550193 551
26550197 4
26550197 7
26550263 1
26550263 13
26550343 5
26550361 3
26550371 13
26550371 513
26550409 347
26550553 35
26550599 1
26550613 983
26550731 1
26550731 460
26550791 4
26550857 1855
26550859 9
26550859 1605
26550899 1
26550977 12
26550977 9880
26551033 15
26551061 43
26551061 159
26551061 279
26551111 9
26551117 80
26551139 1
26551139 16
26551157 3
26551171 681
26551181 1084
26551309 44
26551403 100
26551411 5589
26551429 371
26551523 928
26551541 4
26551583 1488
26551627 600
26551669 11
26551669 44
26551687 44
26551699 7385
26551801 3
26551823 45
26551879 2300
26551891 1533
26551901 48
26551901 739
26551933 107
26552021 36
26552069 4
26552077 303
26552153 3
26552153 15
26552173 3732
26552287 8
26552353 287
26552369 372
26552413 152
26552441 3
26552497 8
26552503 4557
26552579 4
26552639 21
26552699 3237
26552797 20
26552857 59
26552921 4
26552987 609
26553047 49
26553103 33
26553103 3437
26553301 96
26553313 35
26553313 327
26553341 88
26553349 95
26553413 3
26553413 96
26553509 40
26553517 1395
26553539 1
26553563 1
26553563 36
26553581 231
26553629 52
26553713 3
26553721 8
26553721 63
26553739 1029
26553767 57
26553781 3
26553871 8
26553889 11
26553907 8
26553977 3
26553977 799
26553977 2068
26554097 327
26554133 8107
26554147 17
26554159 32
26554163 1
26554181 19
26554181 84
26554211 13
26554217 3987
26554237 3
26554379 21
26554393 216
26554399 516
26554403 1
26554417 2343
26554433 1251
26554453 11
26554499 220
26554529 96
26554727 24
26554729 15
26554769 4
26554973 8352
26555083 132
26555101 8
26555117 7
26555147 88
26555161 255
26555183 36
26555219 217
26555231 13
26555237 8908
26555267 6648
26555371 1265
26555539 4424
26555567 8524
26555587 4448
26555591 105
26555647 4629
26555653 60
26555663 72
26555663 180
26555663 348
26555681 28
26555803 21
26556043 128
26556203 1
26556287 37
26556331 68
26556379 8564
26556689 7
26556689 4999
26556701 4
26556809 9487
26556811 6216
26556883 33
26556913 15
26556961 123
26556967 3413
26556989 15
26557033 8
26557061 204
26557073 3
26557283 156
26557361 115
26557367 205
26557367 9924
26557439 1
26557481 36
26557541 31
26557567 665
26557577 24
26557637 79
26557651 60
26557691 1
26557903 117
26557907 49
26557907 1288
26558027 3013
26558239 77
26558327 13
26558407 8
26558419 29
26558527 20
26558531 121
26558557 3
26558557 239
26558737 123
26558771 1
26558783 16
26558839 572
26558849 4939
26558911 8
26558927 4
26558999 1161
26559011 93
26559059 1
26559107 1245
26559119 1
26559119 9
26559119 8445
26559149 7
26559187 17
26559257 3
26559257 379
26559289 12
26559311 8841
26559427 29
26559527 6592
26559557 3
26559557 4
26559619 7676
26559713 3
26559719 7381
26559817 284
26559823 1221
26559823 2256
26559913 8
26559937 152
26559961 104
26559961 975
26559977 319
26559983 45
26560091 7153
26560151 1
26560243 6053
26560337 12
26560379 1
26560403 108
26560441 11
26560481 3
26560489 99
26560543 60
26560543 1205
26560571 1
26560621 7284
26560657 3
26560673 52
26560757 12
26560811 1
26560847 4
26560967 453
26560973 3
26560991 1
26560991 1068
26561009 699
26561099 1464
26561111 4
26561111 1113
26561201 1648
26561231 1
26561231 1828
26561261 504
26561261 3831
26561299 4277
26561341 60
26561377 200
26561393 2791
26561461 11
26561471 13
26561663 1
26561663 193
26561663 5961
26561663 8437
26561789 91
26561833 36
26561959 756
26562073 3
26562073 12
26562121 8
26562127 68
26562131 1
26562131 4
26562187 2688
26562197 112
26562227 157
26562227 484
26562251 616
26562253 4620
26562353 231
26562409 20
26562469 107
26562509 4240
26562611 1
26562611 4
26562617 3
26562743 1
26562743 88
26562743 4428
26562799 624
26562839 36
26562847 48
26562937 312
26562937 3119
26563111 365
26563127 4
26563139 1
26563139 1329
26563223 141
26563429 11
26563543 17
26563583 1
26563583 40
26563633 56
26563661 924
26563661 1380
26563679 1981
26563687 17
26563687 45
26563703 1
26563703 348
26563717 704
26563721 4
26563763 1
26563793 3
26563939 7277
26563963 17
26563973 487
26563973 3196
26564017 1128
26564099 52
26564123 28
26564173 288
26564177 555
26564177 6583
26564191 24
26564191 180
26564207 4
26564231 4
26564231 120
26564249 27
26564467 9
26564467 924
26564521 3
26564537 64
26564537 135
26564617 3
26565043 785
26565043 2673
26565127 9
26565179 1
26565313 3
26565347 924
26565389 31
26565397 3
26565457 795
26565491 1
26565587 9
26565587 100
26565599 16
26565599 36
26565601 3
26565613 143
26565839 52
26565839 1597
26565881 24
26565881 163
26566079 7884
26566147 29
26566271 589
26566277 240
26566277 504
26566289 4
26566289 324
26566361 103
26566373 15
26566433 27
26566469 9471
26566489 176
26566619 2116
26566649 7
26566663 36
26566691 1
26566957 23
26567063 136
26567083 105
26567089 24
26567129 4
26567129 664
26567131 20
26567143 2477
26567183 1737
26567483 1
26567537 27
26567539 5
26567587 497
26567603 1
26567633 28
26567687 13
26567699 1
26567773 12
26567803 752
26567819 1
26567843 13
26567869 824
26567881 3815
26567917 344
26567929 611
26567929 3327
26567953 2660
26567971 44
26568071 1
26568071 1225
26568077 3
26568107 780
26568107 3117
26568119 4
26568319 249
26568359 1
26568449 39
26568551 1
26568551 4
26568557 7
26568557 340
26568557 559
26568557 567
26568653 240
26568851 40
26568863 1
26568863 13
26568869 7
26568869 40
26569001 240
26569129 56
26569129 72
26569183 36
26569183 81
26569211 4
26569229 16
26569297 464
26569349 16
26569373 48
26569427 60
26569451 1
26569519 89
26569519 105
26569519 5600
26569559 4
26569559 49
26569583 1
26569601 3
26569633 8700
26569639 456
26569661 460
26569703 156
26569727 889
26569747 93
26569789 12
26569789 71
26569903 17
26569967 57
26570077 3
26570077 39
26570261 123
26570287 32
26570311 5
26570393 1675
26570447 189
26570483 81
26570527 60
26570549 55
26570633 3
26570639 4
26570639 12
26570653 3552
26570809 476
26570849 67
26570891 1
26570909 4444
26570917 3539
26571043 5448
26571053 7
26571053 307
26571059 7684
26571227 9
26571263 1285
26571269 4
26571277 3
26571277 4200
26571283 5
26571283 152
26571341 79
26571341 4348
26571397 15
26571397 4115
26571409 15
26571421 3
26571431 1
26571577 44
26571593 12
26571593 168
26571659 1
26571673 1163
26571673 2268
26571691 56
26571707 484
26571707 2749
26571749 40
26571757 3
26571757 507
26571773 276
26571791 3649
26571959 1
26571971 1
26572009 1455
26572159 497
26572283 9873
26572319 925
26572391 1
26572397 3
26572453 8
26572607 180
26572681 11
26572801 11
26572841 240
26572877 3
26572939 609
26572943 1
26573021 3
26573101 8
26573117 12
26573123 117
26573171 1276
26573203 93
26573291 4
26573321 24
26573321 28
26573347 4368
26573413 576
26573489 216
26573683 17
26573849 1404
26573867 13
26573879 369
26573891 1408
26573903 441
26573929 176
26573969 51
26573969 84
26574073 7316
26574083 400
26574113 3
26574137 7567
26574283 12
26574283 852
26574307 17
26574313 1167
26574329 4
26574329 1167
26574481 4328
26574563 1
26574563 1345
26574617 8364
26574707 1825
26574727 8
26574761 3
26574761 1908
26574851 1
26574923 6412
26574931 5
26574953 7
26574971 964
26574979 177
26575009 12
26575039 69
26575079 1
26575177 44
26575177 3603
26575273 8363
26575457 295
26575459 9
26575477 3
26575477 20
26575501 119
26575517 2343
26575721 3171
26575753 488
26575799 4
26575819 149
26575909 12
26575943 48
26575943 3157
26575961 9060
26576057 88
26576089 3395
26576237 3
26576243 81
26576243 232
26576377 92
26576549 247
26576597 3
26576597 5064
26576639 1296
26576681 2491
26576723 1
26576743 53
26576743 792
26576743 2861
26576833 3
26576857 3
26576861 139
26577059 49
26577203 181
26577223 476
26577223 6396
26577251 1425
26577283 5
26577301 1715
26577367 8
26577413 3
26577461 684
26577503 1
26577527 165
26577547 9
26577587 877
26577653 3
26577781 104
26577787 32
26577829 84
26577829 92
26577937 435
26577937 543
26577961 9308
26577997 407
26578061 4860
26578091 1
26578091 9
26578219 5
26578219 21
26578243 36
26578243 713
26578267 9
26578267 3132
26578267 5253
26578309 71
26578313 343
26578339 5
26578339 24
26578339 452
26578579 17
26578579 384
26578613 7
26578621 3
26578631 1
26578757 3
26578813 80
26578879 5
26578883 81
26578949 4
26579039 3412
26579257 3
26579317 8
26579317 4328
26579327 532
26579389 51
26579401 39
26579639 417
26579699 2677
26579717 112
26579723 637
26579827 5
26579851 65
26579909 132
26580011 21
26580041 24
26580041 84
26580187 12
26580241 71
26580241 195
26580313 8
26580317 39
26580331 4965
26580331 9573
26580397 12
26580409 11
26580439 5
26580623 1
26580769 864
26580797 6807
26580797 7420
26580821 79
26580839 1
26581001 3
26581097 3
26581097 84
26581141 1535
26581189 15
26581213 20
26581259 6796
26581283 1
26581309 456
26581337 303
26581337 5140
26581351 5
26581391 1
26581397 228
26581433 2632
26581459 77
26581463 21
26581559 2200
26581559 9769
26581613 3
26581657 15
26581669 44
26581729 176
26581739 1
26581739 2709
26581771 5
26581811 1
26581811 49
26581843 5
26581853 667
26582027 25
26582051 1
26582113 47
26582323 48
26582419 17
26582419 1232
26582447 240
26582453 48
26582527 5
26582561 1363
26582579 1
26582579 9
26582587 72
26582597 7
26582671 108
26582707 8
26582783 12
26582851 153
26582923 261
26582929 396
26582929 1340
26582939 381
26583001 920
26583031 1721
26583061 15
26583061 399
26583061 3764
26583077 3903
26583113 1611
26583119 12
26583133 2435
26583163 456
26583229 20
26583307 8
26583307 80
26583307 309
26583311 8308
26583313 2496
26583317 3
26583317 4
26583317 15
26583379 12
26583407 2125
26583407 2313
26583511 5
26583541 96
26583559 212
26583577 483
26583593 187
26583637 1203
26583671 1
26583673 3020
26583727 53
26583727 72
26583751 5
26583757 15
26583757 9648
26583779 465
26583841 1263
26583863 1
26583863 1368
26584001 40
26584027 7065
26584069 1724
26584087 12
26584091 1
26584091 1485
26584139 1005
26584237 8420
26584417 192
26584417 443
26584423 1028
26584457 7
26584517 12
26584517 4852
26584637 27
26584669 4319
26584673 7
26584777 224
26584903 21
26585057 9015
26585063 1
26585107 24
26585107 233
26585249 207
26585267 85
26585411 2064
26585443 20
26585479 3017
26585591 2529
26585621 99
26585681 276
26585681 684
26585683 105
26585711 376
26585719 149
26585719 1496
26585743 7956
26585743 9897
26585821 756
26585827 20
26585831 780
26585833 12
26585887 1317
26585947 425
26586071 1
26586289 240
26586379 5
26586389 567
26586401 4
26586503 1
26586583 660
26586607 6657
26586613 11
26586697 3
26586697 8675
26586733 1523
26586743 1
26586751 7293
26586779 1812
26586803 1
26586817 1499
26586839 76
26586863 1
26586863 1045
26587037 1015
26587109 139
26587163 1
26587189 75
26587321 188
26587331 69
26587331 1989
26587381 371
26587387 5889
26587417 24
26587501 20
26587501 56
26587513 207
26587523 28
26587601 43
26587667 4
26587667 1869
26587679 1
26587679 9
26587679 1249
26587753 3
26587871 13
26587877 43
26587933 20
26587997 555
26587999 140
26588021 7819
26588113 36
26588171 453
26588183 1
26588189 19
26588251 2388
26588269 251
26588413 15
26588413 2007
26588531 1
26588591 1524
26588651 1
26588689 36
26588689 224
26588747 4
26588777 4
26588777 27
26588927 4333
26588971 5649
26589061 864
26589089 2991
26589221 144
26589319 5
26589319 57
26589323 133
26589323 9225
26589337 2715
26589383 1
26589389 16
26589389 439
26589391 5
26589529 12
26589559 1629
26589611 1
26589613 2283
26589881 4
26589881 31
26589881 1848
26589947 177
26590049 4
26590127 4357
26590163 1
26590199 12
26590199 757
26590247 1729
26590301 2844
26590313 9387
26590351 5901
26590379 1
26590451 93
26590451 421
26590489 11
26590523 1
26590537 492
26590559 24
26590637 48
26590699 41
26590799 1
26590807 717
26590841 3
26590871 9
26590951 513
26590973 51
26591017 3
26591023 248
26591093 5563
26591113 11
26591177 39
26591287 2804
26591293 8
26591401 179
26591423 1
26591441 15
26591449 11
26591471 21
26591471 28
26591497 339
26591527 77
26591557 632
26591573 15
26591599 1400
26591671 41
26591711 1
26591711 441
26591717 283
26591717 5227
26591771 8305
26591779 245
26591867 217
26591891 1
26591891 9480
26591909 9987
26591947 1760
26591969 4
26592107 8493
26592109 32
26592173 16
26592187 8
26592197 1060
26592197 1752
26592253 83
26592253 291
26592257 7
26592299 6669
26592331 5
26592337 20
26592341 64
26592409 56
26592491 1
26592499 24
26592499 201
26592557 4
26592563 1
26592611 4
26592611 160
26592703 5
26592763 8
26592779 324
26592779 1825
26592829 11
26592931 5
26592931 20
26592977 139
26593019 4
26593079 1057
26593153 12
26593213 4520
26593223 1
26593249 75
26593351 5
26593367 748
26593373 252
26593397 3
26593471 1820
26593631 1
26593747 885
26593799 12
26593817 2287
26593843 177
26593859 844
26593859 1692
26593943 1
26593951 41
26593979 1560
26594021 7215
26594039 4
26594047 432
26594077 104
26594111 4
26594143 4200
26594173 12
26594237 888
26594461 3
26594521 240
26594707 680
26594759 256
26594879 300
26594879 681
26594983 17
26595053 55
26595133 8
26595133 227
26595143 1
26595211 3585
26595229 32
26595377 3
26595391 189
26595397 3
26595419 36
26595419 145
26595431 2536
26595509 4
26595707 1404
26595719 4837
26595721 108
26595739 129
26595893 1276
26595931 104
26595931 4301
26595949 507
26595967 504
26595977 1548
26596049 36
26596091 4
26596093 3
26596187 60
26596187 153
26596217 3
26596259 1
26596259 21
26596261 3
26596291 36
26596291 201
26596291 3224
26596337 15
26596421 3
26596421 4
26596477 3
26596477 3347
26596499 1
26596511 544
26596589 7
26596589 1576
26596607 1009
26596621 5603
26596627 5
26596771 8
26596811 9
26596859 16
26596897 12
26596991 4801
26597003 1
26597059 1704
26597071 800
26597243 840
26597243 5760
26597297 2047
26597309 12
26597327 133
26597341 11
26597531 1
26597569 15
26597609 2419
26597687 24
26597687 52
26597689 12
26597761 1608
26597773 3
26597797 3
26597797 8
26597797 155
26597903 1696
26597903 2748
26597927 192
26598029 4
26598059 1
26598083 1
26598113 12
26598223 5
26598293 195
26598401 3339
26598491 9
26598491 5500
26598529 180
26598563 1
26598587 9
26598697 3
26598751 65
26598751 200
26598763 581
26598839 1
26598839 16
26598839 61
26598877 1419
26599021 603
26599151 4
26599151 316
26599231 6533
26599253 3
26599399 440
26599403 1
26599421 1183
26599471 7056
26599549 15
26599567 5
26599649 271
26599673 3
26599723 17
26599723 6240
26599801 3
26599801 276
26599897 864
26599901 736
26599949 5032
26600159 1
26600179 7512
26600207 12
26600207 105
26600219 1
26600237 12
26600239 12
26600293 3
26600377 3
26600389 212
26600389 227
26600417 3
26600419 92
26600477 1995
26600533 120
26600533 5420
26600549 4
26600549 6499
26600593 8
26600593 71
26600621 99
26600659 36
26600701 756
26600747 609
26600771 1000
26600813 315
26600921 3
26600933 16
26600947 8
26600953 36
26600953 267
26601019 44
26601019 2885
26601023 1
26601101 459
26601161 1176
26601167 48
26601173 112
26601173 2343
26601181 15
26601233 2620
26601247 237
26601259 4865
26601343 1001
26601347 45
26601637 35
26601677 3
26601677 4
26601791 1
26601791 241
26601803 1
26601847 104
26601899 324
26601929 4
26601929 711
26601977 3
26601983 228
26602027 989
26602129 12
26602157 135
26602159 3044
26602171 216
26602207 5040
26602391 1
26602397 283
26602463 328
26602561 5064
26602577 684
26602621 3
26602843 153
26602859 40
26602861 2895
26602921 3
26603047 1065
26603051 1
26603051 6996
26603099 160
26603279 9
26603323 2841
26603359 1305
26603413 648
26603431 140
26603497 8
26603593 4215
26603639 1
26603683 72
26603683 125
26603729 1239
26603783 25
26603977 8147
26604007 9
26604007 105
26604037 63
26604079 204
26604101 3
26604101 556
26604289 2651
26604299 1
26604433 8
26604469 224
26604493 3
26604493 4331
26604527 217
26604559 641
26604563 1
26604637 600
26604719 81
26604863 1
26604889 195
26604947 1212
26604953 1692
26604979 609
26605013 7
26605057 1155
26605079 1
26605129 6255
26605133 16
26605217 87
26605253 3
26605259 7977
26605363 2717
26605367 133
26605373 135
26605373 1591
26605429 6911
26605547 88
26605613 3
26605613 100
26605651 29
26605721 4
26605763 1
26605793 3
26605837 3
26605877 19
26605933 92
26605961 124
26605981 11
26605981 3164
26606077 2339
26606191 56
26606243 1
26606297 2244
26606317 515
26606323 116
26606413 1175
26606453 16
26606453 856
26606527 48
26606539 44
26606719 12
26606731 324
26606759 4
26606771 1
26606813 31
26606851 8
26606851 605
26606893 1700
26606971 476
26606999 1
26607001 524
26607127 20
26607187 33
26607187 137
26607247 77
26607323 1
26607461 156
26607461 724
26607487 168
26607589 44
26607599 1
26607599 589
26607661 143
26607671 1
26607701 16
26607719 1
26607799 92
26607821 2719
26607869 324
26607913 291
26607913 527
26607967 680
26608103 192
26608129 2139
26608193 676
26608243 5
26608249 116
26608363 48
26608397 15
26608409 60
26608411 473
26608487 9
26608511 1
26608511 108
26608537 120
26608579 32
26608579 345
26608579 1097
26608579 1281
26608643 1173
26608649 3111
26608649 9160
26608667 204
26608693 260
26608739 3229
26608739 8557
26608781 4
26608889 1155
26608891 9
26608931 1
26608937 3
26608937 12
26609039 1
26609039 52
26609083 5
26609159 3552
26609221 8
26609221 251
26609239 21
26609239 317
26609293 5187
26609419 156
26609503 2985
26609507 1945
26609701 468
26609701 3479
26609731 561
26609903 1
26609903 993
26609939 1
26609951 7224
26609971 45
26610053 48
26610053 307
26610119 9
26610137 60
26610137 228
26610211 20
26610251 1741
26610347 268
26610349 24
26610391 9
26610407 889
26610461 3835
26610481 356
26610481 1719
26610509 16
26610509 711
26610541 495
26610589 24
26610613 155
26610631 8
26610631 2493
26610673 108
26610751 45
26610809 376
26610817 3
26610817 192
26610919 9
26611037 7
26611043 16
26611213 336
26611231 48
26611243 8
26611327 137
26611421 91
26611463 1597
26611499 1
26611517 4
26611517 43
26611577 3400
26611591 89
26611597 3
26611619 757
26611691 1
26611699 69
26611811 7993
26611877 4
26611973 3700
26611999 120
26612203 32
26612269 27
26612269 3164
26612279 1
26612279 4
26612281 44
26612303 1
26612309 19
26612323 221
26612323 972
26612329 32
26612479 4149
26612489 4
26612489 75
26612501 96
26612501 120
26612507 4
26612543 1
26612543 376
26612543 2101
26612543 6508
26612563 5
26612639 1
26612683 101
26612843 5136
26612893 3
26612893 843
26612941 3
26613011 1
26613107 537
26613131 1
26613133 12
26613149 55
26613149 7447
26613151 8
26613157 387
26613163 440
26613217 2004
26613241 5975
26613359 972
26613409 3879
26613443 13
26613571 689
26613583 485
26613637 47
26613637 84
26613667 3440
26613709 11
26613709 3840
26613773 12
26613773 1900
26613787 5
26613809 124
26613809 9651
26613877 84
26613997 5583
26614087 17
26614157 3252
26614171 44
26614183 3752
26614201 11
26614219 2057
26614219 2321
26614271 544
26614339 201
26614339 900
26614363 8
26614387 17
26614417 479
26614499 1
26614561 399
26614619 637
26614769 1792
26614873 92
26614937 360
26614967 4
26614981 11
26615107 5
26615107 3788
26615201 15
26615233 560
26615473 11
26615473 2007
26615503 81
26615579 1
26615579 336
26615629 12
26615647 69
26615777 444
26615837 27
26615857 168
26615857 800
26615857 2268
26615861 195
26615879 1572
26616059 1
26616059 4
26616059 9
26616091 53
26616103 41
26616151 48
26616181 4071
26616193 3
26616263 1
26616299 2380
26616377 52
26616427 5
26616427 3345
26616521 39
26616599 1
26616641 615
26616697 20
26616761 19
26616797 459
26616803 856
26616827 9
26616839 9
26616851 5680
26616881 31
26616937 75
26616937 2252
26617153 488
26617321 84
26617373 7740
26617399 137
26617421 4
26617457 19
26617469 7
26617511 4
26617543 5
26617553 115
26617589 447
26617603 1041
26617783 416
26617847 4
26617973 103
26618087 28
26618087 169
26618159 120
26618237 364
26618279 64
26618359 21
26618369 19
26618377 8
26618437 35
26618519 1
26618573 72
26618587 5148
26618633 3303
26618693 727
26618749 51
26618783 1360
26618789 12
26618803 2496
26618929 1364
26618941 3
26618951 1
26618993 172
26619023 1
26619029 16
26619083 6657
26619163 32
26619163 117
26619181 2115
26619319 24
26619371 49
26619371 8205
26619403 9761
26619431 1
26619431 73
26619431 8316
26619577 8
26619577 1307
26619601 111
26619617 4
26619673 8516
26619713 331
26619743 177
26619991 1056
26620003 3761
26620043 1
26620043 21
26620043 297
26620049 4
26620129 36
26620163 2281
26620171 8
26620199 1
26620199 37
26620417 20
26620421 3
26620571 1
26620621 63
26620621 80
26620639 24
26620639 2844
26620651 9848
26620679 36
26620739 4
26620771 20
26620889 4
26621029 236
26621131 5
26621197 635
26621207 7225
26621239 497
26621239 7029
26621249 36
26621267 5452
26621297 3
26621321 64
26621363 1
26621447 5533
26621519 1
26621533 5448
26621627 4
26621731 44
26621731 3521
26621807 45
26621807 3160
26621843 40
26621851 296
26621891 49
26621893 395
26621899 69
26622053 195
26622083 1
26622103 8340
26622107 85
26622179 9816
26622181 1383
26622209 3939
26622217 12
26622217 687
26622313 8
26622361 48
26622473 8211
26622587 4
26622619 36
26622619 8085
26622637 1143
26622649 3291
26622703 336
26622773 3
26622803 105
26622803 1033
26622847 380
26622863 1
26622877 168
26622877 2940
26622989 4
26623007 3109
26623031 2709
26623061 3
26623133 15
26623253 7
26623253 2271
26623273 36
26623361 235
26623393 107
26623433 7
26623517 4
26623603 8
26623603 1373
26623607 9
26623669 1652
26623703 1
26623721 3
26623721 4
26623733 3
26623733 16
26623841 3
26623841 79
26623963 105
26623963 125
26624029 12
26624051 1
26624051 201
26624051 4965
26624099 621
26624207 57
26624237 4
26624303 16
26624417 124
26624459 1
26624467 5237
26624569 5316
26624597 2007
26624651 309
26624693 3652
26624699 4
26624729 4
26624789 300
26624797 3
26624831 1
26624953 195
26624953 1887
26624971 20
26624971 29
26625013 3
26625101 16
26625101 28
26625139 57
26625227 7608
26625229 39
26625229 2840
26625293 3
26625527 673
26625563 1
26625647 5532
26625661 3
26625671 36
26625793 47
26625793 515
26625839 100
26625871 41
26625877 15
26625877 32
26625917 3
26625943 8
26625943 12
26625967 5
26625967 9
26625967 332
26625997 579
26626013 2608
26626079 1
26626177 3
26626177 987
26626253 7
26626409 4
26626447 65
26626513 2291
26626577 7
26626577 187
26626601 1471
26626673 640
26626679 1
26626679 69
26626681 3
26626681 11
26626681 3875
26626697 48
26626703 12
26626703 2265
26626783 8
26626837 3
26626889 4047
26627023 5
26627039 4
26627093 5200
26627099 21
26627101 36
26627177 24
26627267 7293
26627291 13
26627459 1
26627483 568
26627483 2265
26627507 4
26627519 1
26627533 288
26627633 3
26627687 28
26627749 387
26627779 9789
26627801 3
26627801 964
26627807 1033
26627863 108
26627893 3
26628023 28
26628047 4
26628059 60
26628067 5
26628071 1
26628113 12
26628191 24
26628247 5820
26628323 1
26628359 1
26628401 91
26628449 4
26628463 5
26628517 3
26628517 15
26628527 205
26628571 1565
26628593 40
26628593 2796
26628629 216
26628661 8736
26628713 5920
26628839 1
26628839 321
26628857 172
26628971 45
26629007 208
26629019 1
26629061 3939
26629091 16
26629111 45
26629129 227
26629181 3
26629181 4695
26629243 332
26629321 2024
26629363 141
26629567 5
26629567 8
26629579 9
26629763 12
26629819 5
26629819 209
26629831 501
26629901 259
26629913 7
26629927 1152
26630129 1219
26630167 68
26630171 9
26630243 6820
26630293 11
26630339 1
26630441 2524
26630447 37
26630447 40
26630447 828
26630507 765
26630531 864
26630567 45
26630579 4
26630759 1
26630759 1120
26630783 1
26630797 3
26630819 301
26630839 8057
26630881 396
26631023 913
26631089 4
26631089 4755
26631277 303
26631431 1
26631433 3
26631433 611
26631607 8612
26631623 1276
26631659 1
26631713 231
26631721 9375
26631931 245
26632049 84
26632087 9
26632103 88
26632141 23
26632153 8
26632189 80
26632253 3
26632253 7
26632253 156
26632259 4
26632283 1
26632339 5
26632399 1301
26632457 19
26632457 292
26632483 173
26632537 27
26632549 59
26632561 3
26632577 7
26632603 5
26632721 16
26632721 84
26632747 77
26632757 3
26632807 5
26632819 24
26632841 16
26632877 2668
26632913 16
26632943 37
26632943 3196
26632987 537
26633143 20
26633179 12
26633357 7380
26633533 27
26633533 72
26633623 581
26633647 77
26633707 7044
26633753 6435
26633767 9
26633941 3
26634001 155
26634031 5
26634077 655
26634149 12
26634187 8
26634199 5
26634227 124
26634337 1332
26634467 12
26634493 12
26634511 929
26634521 15
26634521 843
26634539 4
26634589 179
26634589 1031
26634653 3
26634677 3
26634787 84
26634823 8
26634823 92
26634863 117
26634977 4
26635027 2625
26635043 72
26635043 141
26635067 117
26635109 36
26635109 619
26635121 4
26635139 1
26635157 7
26635157 52
26635177 39
26635267 8
26635267 1169
26635289 3496
26635337 412
26635387 8
26635451 4
26635451 25
26635451 793
26635487 25
26635621 15
26635621 1284
26635643 1
26635681 2400
26635799 1
26635799 21
26635859 4
26635871 109
26635879 185
26635883 672
26635907 369
26636011 5
26636017 704
26636017 1620
26636017 5492
26636053 1127
26636069 7
26636171 1
26636171 13
26636227 204
26636353 92
26636383 1125
26636387 9
26636653 68
26636717 6012
26636741 7623
26636759 220
26636767 60
26636867 52
26636867 85
26636881 3
26636959 5
26637019 9
26637161 8139
26637179 25
26637179 36
26637307 3633
26637313 48
26637313 4851
26637337 15
26637343 416
26637353 127
26637431 969
26637451 65
26637451 209
26637571 4724
26637599 37
26637619 5
26637647 589
26637647 837
26637799 437
26637803 7381
26637833 7420
26637857 64
26637859 5
26637899 1
26637899 4
26637899 9
26637901 3
26637917 4
26637977 9943
26637991 933
26638063 161
26638067 85
26638121 3
26638181 4
26638217 7
26638229 7
26638291 93
26638319 132
26638343 1
26638351 4521
26638421 295
26638421 355
26638433 3
26638477 12
26638511 33
26638571 1
26638571 288
26638607 25
26638637 172
26638723 105
26638739 7561
26638751 1
26638753 32
26638823 1
26639027 64
26639057 5227
26639101 3
26639143 8
26639201 36
26639203 5
26639293 2556
26639321 3
26639321 3999
26639329 11
26639449 47
26639453 55
26639467 3017
26639477 3
26639477 3172
26639551 21
26639563 5
26639567 145
26639693 1012
26639713 123
26639749 20
26639771 348
26639797 83
26639831 2776
26639909 15
26639933 3
26639939 1
26639939 21
26639953 15
26639959 240
26639971 5
26640001 180
26640041 16
26640073 1407
26640121 3291
26640169 1515
26640277 8
26640379 12
26640403 1596
26640403 2945
26640437 999
26640461 8415
26640487 20
26640569 60
26640671 13
26640701 4
26640721 3
26640791 1
26640829 2504
26640829 9779
26640899 1
26640959 445
26640973 636
26641001 28
26641019 1
26641099 9
26641187 2253
26641189 60
26641231 288
26641247 4
26641271 84
26641297 3
26641297 8
26641529 4
26641529 199
26641541 1768
26641597 128
26641607 13
26641649 2644
26641661 3316
26641663 36
26641697 75
26641717 8
26641717 1355
26641787 12
26641789 3291
26641793 16
26641847 13
26641847 33
26641871 1
26641939 945
26641943 13
26642041 348
26642059 284
26642101 11
26642159 4
26642171 844
26642207 24
26642261 4
26642431 9
26642507 8028
26642557 32
26642597 4
26642611 161
26642639 736
26642641 3080
26642683 8
26642683 6137
26642747 640
26642879 1
26642879 16
26642879 37
26642879 196
26643037 23
26643037 572
26643049 551
26643191 1
26643299 1
26643299 61
26643401 43
26643413 7
26643451 3776
26643503 5005
26643523 36
26643527 12
26643527 144
26643527 265
26643541 2871
26643569 127
26643599 1164
26643647 25
26643647 52
26643803 1
26643803 652
26643803 7800
26643839 3625
26643941 2128
26643979 21
26644003 12
26644003 1493
26644039 240
26644153 3
26644259 1
26644357 3
26644357 27
26644363 645
26644399 285
26644421 3
26644451 33
26644463 1
26644561 120
26644571 1
26644721 36
26644759 240
26644759 884
26644789 2511
26644853 87
26644901 6795
26645009 232
26645077 3
26645077 63
26645117 55
26645233 3
26645233 35
26645413 192
26645453 3
26645453 3175
26645483 57
26645561 4
26645653 1223
26645863 257
26645863 348
26645863 572
26645881 128
26645881 5516
26645903 1
26645903 8425
26645981 2211
26646073 3
26646077 12
26646077 27
26646091 96
26646091 584
26646131 4
26646131 16
26646427 3705
26646461 3
26646479 1
26646491 429
26646589 192
26646611 1
26646709 12
26646709 24
26646787 24
26646793 15
26646877 12
26646923 1
26646941 279
26646989 4
26647003 20
26647003 336
26647051 84
26647163 1
26647199 1
26647217 903
26647277 135
26647319 12
26647391 1
26647421 60
26647427 6345
26647469 7
26647513 3
26647567 24
26647583 1
26647583 12
26647679 720
26647837 107
26647871 213
26647877 3
26647877 72
26647903 53
26648009 1467
26648047 93
26648047 168
26648047 597
26648059 56
26648059 144
26648213 7696
26648311 5
26648411 100
26648591 25
26648683 333
26648711 1
26648717 103
26648753 180
26648759 1341
26648761 3
26648761 3863
26648779 192
26648857 68
26649011 9
26649011 481
26649037 272
26649043 5
26649067 8
26649071 4
26649151 729
26649323 28
26649383 48
26649401 51
26649431 1
26649481 11
26649547 165
26649613 1323
26649653 3
26649697 108
26649757 104
26649767 73
26649767 484
26649793 15
26649929 96
26649971 2860
26649983 3381
26650009 15
26650009 2900
26650139 1
26650243 72
26650243 101
26650243 921
26650291 33
26650417 3
26650499 85
26650541 15
26650541 259
26650627 7704
26650691 1
26650759 540
26650763 1
26650843 45
26650843 692
26650867 2549
26650931 1
26650957 315
26650969 27
26650999 12
26651039 1
26651117 12
26651171 1
26651267 268
26651297 439
26651311 5609
26651437 372
26651477 15
26651479 5
26651587 2565
26651717 208
26651741 28
26651753 423
26651761 3
26651761 156
26651809 359
26651837 7
26651923 4853
26651939 1221
26651983 2168
26652097 44
26652211 96
26652229 272
26652233 3
26652253 872
26652257 363
26652257 5632
26652287 177
26652313 8
26652313 1988
26652317 6819
26652323 21
26652323 1705
26652323 2281
26652341 55
26652341 1168
26652359 484
26652361 8
26652403 53
26652511 7940
26652671 828
26652707 880
26652727 72
26652757 3
26652779 12
26652959 1
26652959 16
26653031 1
26653037 124
26653051 8
26653051 3389
26653057 12
26653063 5
26653079 4
26653139 184
26653141 11
26653171 941
26653199 1
26653201 11
26653259 4
26653259 636
26653313 63
26653313 768
26653373 43
26653373 88
26653387 53
26653387 368
26653483 12
26653607 9
26653607 28
26653607 3169
26653699 797
26653777 20
26653811 984
26653843 8
26653919 4
26653969 7395
26653973 31
26653973 48
26654003 12
26654063 97
26654063 141
26654063 301
26654107 164
26654107 632
26654149 39
26654233 3
26654239 9
26654269 3164
26654293 2148
26654431 21
26654479 284
26654483 1
26654531 1
26654591 1
26654591 49
26654627 13
26654731 53
26654737 2112
26654819 69
26654897 3
26655053 1600
26655077 967
26655113 975
26655149 100
26655169 279
26655169 7344
26655253 216
26655283 5
26655341 1783
26655401 19
26655403 3765
26655467 3772
26655557 4
26655557 6004
26655569 4
26655569 91
26655581 36
26655581 6423
26655619 3060
26655737 4
26655751 4745
26655793 48
26655833 36
26655907 2552
26655961 1635
26655989 4
26655989 19
26656037 4
26656037 24
26656043 8028
26656079 345
26656093 11
26656117 8
26656127 13
26656127 109
26656211 9
26656327 8
26656367 528
26656433 520
26656463 1
26656499 1
26656523 33
26656537 8
26656571 4
26656577 4
26656577 12
26656631 13
26656633 47
26656649 115
26656727 468
26656843 33
26656937 3
26656937 48
26656979 1
26656979 2001
26657009 5220
26657219 3556
26657221 215
26657237 28
26657243 1
26657269 35
26657387 148
26657401 15
26657429 816
26657539 45
26657563 45
26657651 261
26657651 265
26657651 328
26657773 612
26657777 3
26657801 223
26657899 141
26657909 7
26657941 183
26657963 172
26657963 516
26658001 3
26658011 4
26658131 1813
26658131 5593
26658139 21
26658143 1
26658143 13
26658143 133
26658143 1696
26658187 5304
26658293 67
26658347 48
26658421 75
26658421 104
26658421 455
26658461 40
26658479 4380
26658493 72
26658551 4
26658661 63
26658673 8
26658677 4
26658829 596
26658829 860
26659027 4685
26659057 140
26659187 13
26659187 325
26659249 1115
26659343 1
26659393 32
26659397 2575
26659421 4
26659421 63
26659421 9103
26659483 1856
26659511 4888
26659537 3
26659571 61
26659643 60
26659649 7
26659651 3060
26659727 13
26659753 3635
26659807 348
26659889 52
26659973 568
26659987 180
26659987 348
26660069 15
26660119 444
26660141 520
26660311 5
26660311 9
26660323 33
26660393 75
26660531 64
26660567 4
26660597 2959
26660603 1
26660603 73
26660639 4
26660639 21
26660639 109
26660671 4185
26660677 4587
26660723 1
26660771 148
26660897 19
26660917 203
26660951 1
26660951 4
26660951 7360
26661169 2259
26661197 123
26661227 1389
26661319 849
26661319 2136
26661359 1
26661359 9801
26661367 8
26661367 189
26661443 81
26661539 4165
26661553 20
26661629 315
26661629 420
26661647 6745
26661751 7113
26661781 3
26661799 9
26661799 32
26661851 1
26661851 580
26661857 2308
26661893 28
26662003 5
26662061 2128
26662093 4247
26662117 147
26662189 11
26662243 213
26662247 189
26662247 2005
26662327 2444
26662331 3220
26662411 1400
26662457 4
26662621 80
26662633 212
26662633 1535
26662651 69
26662651 680
26662661 1104
26662679 1
26662679 4
26662721 4
26662721 36
26662747 17
26662747 213
26662777 519
26662793 51
26662873 3836
26662901 36
26662921 291
26662981 483
26663111 1
26663111 9
26663111 2245
26663179 2940
26663237 27
26663239 356
26663239 1497
26663333 36
26663333 127
26663449 95
26663519 4
26663561 816
26663563 5
26663579 1
26663639 1
26663671 3080
26663759 9417
26663863 2772
26663867 4749
26663881 35
26663881 44
26663881 356
26663891 3088
26663933 36
26663957 235
26663957 432
26664083 36
26664089 4
26664119 280
26664151 21
26664193 147
26664217 3
26664359 21
26664373 3932
26664413 660
26664419 3444
26664431 2548
26664439 32
26664527 4
26664527 12
26664527 25
26664569 64
26664571 9
26664577 3
26664577 4088
26664641 24
26664709 524
26664881 4
26664899 85
26664899 381
26664943 9893
26664971 1
26665019 24
26665043 1
26665043 712
26665091 1
26665091 4
26665097 855
26665127 1452
26665141 2688
26665157 6972
26665273 3380
26665279 752
26665279 3477
26665283 1
26665321 1356
26665517 907
26665631 129
26665643 156
26665643 1173
26665679 21
26665697 43
26665747 53
26665777 92
26665783 128
26665783 177
26665787 160
26665831 20
26665963 260
26665997 7
26666027 48
26666033 55
26666119 12
26666137 167
26666179 96
26666197 528
26666221 60
26666257 3
26666257 395
26666347 5
26666411 1
26666411 4
26666459 4
26666459 12
26666483 1
26666537 4615
26666611 3309
26666663 228
26666663 5916
26666669 4
26666669 12
26666743 2141
26666917 4368
26667007 9
26667007 297
26667007 837
26667041 3
26667041 4
26667167 4
26667191 28
26667239 1209
26667307 993
26667349 956
26667359 1
26667379 2889
26667437 612
26667463 7572
26667479 1
26667517 492
26667581 3
26667581 144
26667607 12
26667607 57
26667643 20
26667643 21
26667689 19
26667911 16
26668207 8373
26668273 72
26668273 948
26668511 4
26668511 121
26668513 1316
26668517 4
26668519 101
26668627 2084
26668771 5
26668771 821
26668847 4
26668853 7
26668907 12
26668927 5
26668927 53
26668981 3315
26668991 1
26668997 7
26669051 13
26669077 1215
26669099 1
26669113 4743
26669143 5
26669189 2380
26669221 8483
26669231 1
26669231 88
26669297 4
26669303 13
26669317 39
26669329 2280
26669329 2895
26669359 12
26669387 3880
26669449 95
26669453 3
26669453 63
26669519 9
26669537 7
26669543 1
26669561 1260
26669623 453
26669729 15
26669779 17
26669779 5432
26669789 1476
26669869 731
26669899 1584
26669917 47
26670001 48
26670029 4
26670029 1156
26670037 248
26670047 952
26670139 176
26670143 28
26670157 3
26670239 1
26670269 67
26670349 135
26670487 1484
26670491 36
26670503 1
26670601 891
26670613 116
26670659 2689
26670733 3
26670799 296
26670817 3
26670871 945
26670901 108
26670907 360
26670907 372
26670967 53
26670989 835
26671103 2041
26671133 3
26671133 36
26671133 2176
26671153 6171
26671163 916
26671247 40
26671261 36
26671261 75
26671291 5
26671301 3
26671399 12
26671433 28
26671433 120
26671433 1296
26671441 44
26671451 9628
26671507 2045
26671523 12
26671543 213
26671597 215
26671679 1
26671679 376
26671727 1809
26671817 147
26671849 191
26671903 197
26671913 3
26671919 4
26671933 20
26671961 5628
26671999 416
26672047 17
26672047 117
26672069 1764
26672251 24
26672281 3299
26672339 3585
26672351 1
26672377 204
26672419 296
26672423 16
26672483 1357
26672497 1803
26672501 24
26672501 99
26672531 1
26672537 3
26672557 8
26672579 264
26672647 348
26672707 24
26672719 9
26672719 6789
26672917 3
26672917 8
26672929 2184
26672951 205
26672951 649
26673109 11
26673149 7
26673173 27
26673319 1101
26673371 1
26673371 4
26673371 9
26673371 2016
26673419 4989
26673421 3
26673463 8
26673551 24
26673737 8700
26673883 641
26673883 3456
26673953 4603
26673979 21
26674049 112
26674057 8
26674091 61
26674091 420
26674177 9227
26674189 275
26674199 12
26674213 407
26674243 20
26674243 377
26674379 12
26674379 456
26674393 2207
26674421 8635
26674463 16
26674511 4
26674579 29
26674621 15
26674621 68
26674639 5
26674783 300
26674811 1
26674811 4
26674811 484
26674939 105
26674987 185
26674987 665
26674987 980
26675027 412
26675123 1128
26675123 2896
26675161 11
26675167 5
26675171 321
26675269 20
26675269 1511
26675281 1655
26675303 12
26675303 60
26675303 1216
26675323 1413
26675359 12
26675459 1
26675477 2859
26675501 79
26675521 524
26675521 4343
26675569 15
26675659 2940
26675687 453
26675689 27
26675767 308
26675783 1
26675861 3
26676061 2535
26676137 3
26676137 24
26676137 1044
26676203 1
26676203 12
26676217 9968
26676239 6429
26676329 4
26676367 17
26676373 27
26676421 84
26676421 7044
26676443 156
26676443 6073
26676479 7996
26676493 3
26676577 3
26676631 105
26676751 2544
26676883 120
26676917 28
26676953 111
26676959 597
26676973 27
26676973 240
26676989 2196
26677031 6205
26677061 3
26677061 31
26677067 25
26677067 3088
26677093 8
26677169 487
26677207 32
26677213 5043
26677219 20
26677241 9091
26677331 84
26677351 8
26677439 12
26677487 28
26677517 64
26677523 8545
26677571 1
26677571 1488
26677583 1
26677727 12
26677793 27
26677799 57
26677817 1888
26677901 19
26677939 56
26677961 484
26677991 1
26677991 9
26678023 105
26678051 1
26678177 19
26678191 48
26678191 9200
26678237 28
26678273 367
26678279 1
26678303 57
26678317 699
26678341 11
26678341 15
26678363 1536
26678419 1245
26678461 15
26678759 1
26678801 163
26678803 5
26678803 305
26678891 1
26678929 5267
26678959 12
26679007 5
26679019 21
26679161 3064
26679179 4
26679209 12
26679253 36
26679283 8
26679319 729
26679371 973
26679403 8
26679407 1300
26679491 1
26679533 3
26679533 7323
26679713 352
26679901 5016
26679949 255
26679979 5
26680001 19
26680051 5
26680051 180
26680063 68
26680111 629
26680151 1764
26680229 751
26680231 444
26680273 60
26680279 1236
26680373 3523
26680439 4
26680523 1
26680523 1101
26680637 4
26680679 1
26680681 8
26680721 63
26680741 480
26680813 123
26680861 56
26680861 428
26680963 68
26680991 1
26680993 128
26681023 36
26681099 9
26681273 1476
26681387 537
26681411 1
26681411 13
26681411 181
26681507 24
26681527 105
26681639 1
26681639 4845
26681647 5
26681647 89
26681663 1
26681689 12
26681723 1
26681821 3
26681849 39
26681849 64
26681861 4
26681881 3
26681911 164
26681923 4361
26681929 12
26681929 3336
26682037 1908
26682151 24
26682169 131
26682203 112
26682203 192
26682263 1
26682287 28
26682287 1788
26682343 8
26682353 3
26682371 1
26682377 163
26682457 8
26682457 660
26682463 21
26682527 1344
26682541 59
26682563 2148
26682653 28
26682653 1492
26682731 4
26682731 13
26682781 3
26682791 1
26682913 71
26682959 1
26682977 24
26682989 931
26683213 3
26683213 107
26683213 152
26683213 1731
26683229 1675
26683229 7659
26683337 4
26683507 89
26683513 2700
26683681 3
26683681 419
26683729 24
26683729 587
26683739 25
26683801 1103
26683823 9276
26683873 3
26683873 15
26683939 2649
26683949 31
26683967 97
26684011 1113
26684029 4740
26684083 5
26684093 3
26684167 9
26684197 308
26684197 5220
26684299 5
26684299 105
26684309 4
26684311 1700
26684311 4029
26684453 87
26684561 48
26684621 36
26684677 372
26684717 115
26684741 15
26684771 1
26684773 3
26684863 17
26684863 1221
26684863 8828
26684909 160
26685041 2199
26685073 3627
26685089 255
26685119 4965
26685181 3
26685259 5
26685259 5360
26685319 65
26685397 3
26685517 315
26685619 164
26685697 3
26685749 40
26685863 1
26685863 88
26685913 23
26685979 3141
26685983 1401
26686031 765
26686043 1
26686063 360
26686063 2121
26686081 11
26686103 25
26686111 8
26686117 3
26686199 1
26686207 1049
26686307 25
26686399 17
26686559 4044
26686609 176
26686609 3179
26686619 1
26686631 1
26686727 1372
26686747 24
26686813 12
26686823 88
26686823 265
26686867 180
26686903 1641
26686921 4115
26686967 9
26686993 8
26686997 1423
26687009 7
26687033 415
26687051 180
26687071 116
26687081 15
26687159 1
26687159 2181
26687207 1945
26687357 7
26687369 787
26687417 99
26687579 1
26687711 13
26687819 21
26687839 17
26687863 176
26687879 1
26687879 249
26687923 32
26687953 1772
26688019 5
26688029 4
26688059 72
26688061 8
26688157 48
26688173 7
26688173 5011
26688187 44
26688197 619
26688229 1940
26688281 123
26688367 45
26688391 80
26688391 161
26688511 368
26688511 3845
26688539 40
26688569 2559
26688577 3
26688611 49
26688611 4801
26688653 883
26688703 36
26688703 2420
26688769 87
26688911 4
26688967 3029
26688989 19
26689027 5
26689037 295
26689037 2320
26689093 275
26689163 133
26689207 29
26689211 441
26689441 1964
26689459 72
26689501 3
26689501 456
26689519 81
26689573 6411
26689589 40
26689753 587
26689787 1768
26690009 156
26690077 27
26690089 12
26690089 15
26690099 1
26690099 4
26690197 8
26690197 23
26690239 9125
26690263 33
26690263 2957
26690291 1
26690371 5276
26690581 123
26690593 7035
26690681 28
26690753 355
26690753 1803
26690767 57
26690777 307
26690777 595
26690791 5
26690837 1195
26690843 33
26690899 5
26690929 24
26690941 116
26690981 6051
26691079 4272
26691121 99
26691131 3265
26691163 545
26691167 1653
26691191 1
26691191 85
26691239 4
26691311 5508
26691311 8928
26691361 44
26691361 51
26691373 7947
26691551 48
26691563 217
26691601 3
26691601 1604
26691719 1
26691733 3
26691923 148
26691923 1293
26691947 4
26692027 5
26692067 853
26692087 753
26692139 36
26692157 1200
26692157 2160
26692199 1
26692201 228
26692229 1159
26692273 3
26692409 115
26692483 9425
26692531 144
26692571 21
26692579 836
26692609 3387
26692619 4
26692667 12
26692697 1984
26692753 3
26692753 51
26692933 60
26692933 9147
26692997 3
26693003 21
26693083 5
26693101 8
26693197 3
26693209 56
26693209 4116
26693287 8
26693287 525
26693341 3
26693351 5904
26693479 492
26693483 21
26693591 1
26693633 96
26693633 823
26693741 16
26693867 312
26693873 3411
26693881 4256
26693929 96
26694043 80
26694067 12
26694119 672
26694223 5
26694223 48
26694247 5
26694251 13
26694277 32
26694281 96
26694281 4156
26694331 8
26694389 67
26694391 149
26694433 1847
26694581 4
26694581 43
26694623 1
26694667 24
26694721 8384
26694803 1
26694809 2007
26694823 288
26694893 4383
26694901 15
26694901 2904
26694907 32
26694917 52
26694923 25
26694991 5
26695001 5359
26695063 32
26695091 84
26695099 72
26695177 83
26695177 227
26695211 1
26695211 6196
26695243 2948
26695261 15
26695267 8
26695337 387
26695337 2179
26695439 1
26695447 297
26695477 1839
26695499 985
26695549 12
26695813 11
26695873 63
26695913 48
26695937 3
26695973 3255
26696051 9156
26696237 420
26696279 4
26696279 97
26696357 6868
26696377 1428
26696401 3575
26696419 20
26696459 1
26696459 16
26696473 5180
26696489 15
26696581 20
26696587 32
26696603 12
26696687 277
26696723 313
26696773 3
26696927 60
26696959 2001
26696977 15
26696977 84
26697067 17
26697067 5657
26697127 17
26697127 533
26697163 17
26697211 8484
26697221 4
26697263 1240
26697317 12
26697317 39
26697317 367
26697421 143
26697439 1520
26697509 19
26697509 1024
26697647 117
26697653 27
26697659 9
26697709 611
26697791 1581
26697841 191
26697877 3
26697877 1484
26697877 6632
26697899 1
26697977 7
26698019 1
26698033 1083
26698271 1
26698289 87
26698307 412
26698327 1628
26698403 1
26698403 12
26698433 36
26698481 3
26698499 1
26698501 3
26698513 8
26698559 141
26698729 12
26698799 1
26698921 8
26698999 3636
26699177 19
26699261 48
26699261 228
26699261 3520
26699279 1
26699279 609
26699369 7
26699411 4
26699411 8128
26699429 411
26699507 24
26699597 15
26699663 1
26699663 61
26699759 204
26699833 3
26699957 4
26700041 663
26700071 1
26700071 9
26700071 21
26700071 1125
26700131 1741
26700131 2448
26700161 3
26700227 340
26700253 3
26700281 3
26700281 211
26700293 7
26700293 463
26700361 203
26700409 60
26700469 36
26700469 159
26700481 2523
26700497 4
26700617 27
26700629 7
26700679 69
26700811 5
26700811 665
26700911 40
26700917 172
26700941 5616
26700959 1
26700959 4
26701019 72
26701039 5
26701069 56
26701097 4
26701117 1620
26701121 1359
26701211 49
26701267 29
26701267 188
26701267 192
26701277 3183
26701313 91
26701399 3285
26701427 24
26701487 513
26701501 891
26701523 1
26701573 8880
26701583 12
26701589 432
26701693 47
26701729 20
26701733 63
26701799 1
26701817 120
26701879 9861
26701889 16
26701903 5
26701999 329
26702153 16
26702219 112
26702219 445
26702219 1729
26702293 11
26702297 15
26702309 4
26702411 345
26702449 212
26702491 333
26702509 7812
26702519 1
26702539 3644
26702561 19
26702623 68
26702827 5
26702861 4
26702861 79
26702867 157
26702953 11
26702953 2676
26703049 20
26703101 3
26703163 8
26703197 3852
26703323 312
26703331 341
26703389 15
26703409 39
26703503 1
26703511 8585
26703539 7812
26703553 828
26703571 20
26703647 25
26703737 3
26703769 5016
26703779 1
26703823 17
26703959 1
26704001 184
26704001 2004
26704033 6347
26704039 437
26704061 3
26704193 3
26704211 129
26704259 1105
26704303 5
26704303 236
26704339 5
26704373 388
26704411 48
26704429 156
26704439 997
26704463 472
26704463 6636
26704523 12
26704589 1891
26704619 12
26704619 201
26704651 1920
26704751 61
26704753 15
26704879 45
26704879 129
26704901 48
26705039 1
26705039 3297
26705039 5301
26705117 7
26705171 13
26705183 1
26705303 1
26705359 345
26705401 4491
26705551 56
26705561 4
26705561 51
26705677 4284
26705771 61
26705879 1
26705951 1
26705951 5460
26706019 9
26706067 80
26706131 4
26706157 3
26706517 24
26706619 1865
26706649 924
26706671 1
26706679 7037
26706773 856
26706781 20
26706787 597
26706809 5620
26706871 728
26706899 1
26706899 636
26706929 15
26706931 2084
26706943 53
26707003 53
26707013 52
26707039 1880
26707063 321
26707091 1341
26707099 21
26707253 3
26707253 7
26707319 1
26707319 3541
26707361 3
26707361 1116
26707403 1
26707411 24
26707411 153
26707411 681
26707501 59
26707553 43
26707553 1035
26707631 456
26707643 1
26707679 292
26707679 1464
26707699 36
26707763 1413
26707847 13
26707909 240
26707909 1659
26707931 4
26708021 115
26708021 136
26708239 5360
26708293 3
26708293 4115
26708299 9
26708417 2904
26708459 1
26708531 6108
26708531 9721
26708641 11
26708657 3
26708821 23
26709037 132
26709061 63
26709139 225
26709157 1319
26709281 1116
26709323 12
26709341 4
26709367 2493
26709401 160
26709437 12
26709511 9
26709539 504
26709559 44
26709559 281
26709673 3
26709691 20
26709707 4
26709719 1
26709719 120
26709743 16
26709757 9095
26709773 295
26709797 39
26709797 1312
26709833 31
26709853 11
26710091 1
26710121 4
26710207 12
26710207 65
26710297 120
26710301 3
26710361 7908
26710441 143
26710487 108
26710589 271
26710609 339
26710643 1
26710699 944
26710709 1624
26710727 1509
26710771 60
26710819 324
26710829 379
26710837 23
26710867 5
26710883 321
26710921 399
26710939 65
26710997 24
26711101 3
26711101 8
26711189 16
26711287 144
26711297 4
26711339 1
26711411 13
26711423 28
26711507 4732
26711591 9
26711591 16
26711621 2431
26711747 3972
26711759 1
26711899 5
26711903 1
26711903 468
26711977 3
26711977 375
26711999 1
26711999 576
26712001 5175
26712011 1
26712041 3
26712067 768
26712071 684
26712089 1456
26712097 119
26712097 7887
26712109 59
26712109 3851
26712263 141
26712307 365
26712311 1105
26712527 309
26712577 20
26712599 1
26712629 12
26712713 31
26712743 1
26712787 5
26712883 7676
26712941 7228
26713033 2360
26713091 1
26713091 4545
26713201 584
26713243 408
26713319 2781
26713331 1
26713387 3512
26713391 1
26713403 12
26713457 7
26713469 1696
26713501 20
26713501 24
26713501 5819
26713571 753
26713573 111
26713619 1
26713619 472
26713657 3
26713657 1764
26713691 261
26713717 300
26713759 345
26713877 252
26713949 3384
26713957 23
26713957 7932
26714003 85
26714081 175
26714161 3
26714167 120
26714299 2600
26714321 3
26714381 4
26714381 163
26714393 883
26714417 1767
26714503 45
26714543 16
26714587 92
26714617 23
26714617 3908
26714621 744
26714761 80
26714783 1
26714881 3
26714929 179
26714953 2372
26715113 3991
26715173 3
26715173 91
26715371 1
26715413 16
26715523 7281
26715587 184
26715587 5373
26715617 172
26715617 2643
26715779 16
26715779 49
26715779 69
26715917 7627
26716043 1
26716043 33
26716073 108
26716301 16
26716343 16
26716433 27
26716433 76
26716517 7
26716601 4
26716687 429
26716747 29
26716751 1
26716769 1500
26716771 264
26716817 15
26716819 425
26716829 12
26716913 28
26717011 29
26717063 177
26717113 20
26717113 1952
26717221 8
26717261 3
26717377 15
26717419 57
26717423 1
26717447 4
26717461 11
26717597 3
26717597 684
26717611 33
26717633 4287
26717633 8832
26717767 9
26717767 152
26717771 4
26717771 69
26717827 17
26717827 24
26717827 3869
26717909 75
26717909 2175
26717917 612
26717941 104
26718119 1
26718149 19
26718173 52
26718191 4
26718191 16
26718253 3
26718257 132
26718287 12
26718383 1
26718401 3415
26718481 99
26718487 5
26718521 39
26718569 24
26718631 2120
26718631 4344
26718691 1584
26718749 2055
26718817 24
26718823 53
26718851 2188
26718899 1
26718907 573
26719067 177
26719183 21
26719219 104
26719337 15
26719361 19
26719379 4
26719391 16
26719409 4
26719463 1
26719481 264
26719487 7332
26719591 501
26719619 7684
26719663 3636
26719793 6300
26719811 1
26719811 3304
26719873 68
26719919 1
26719919 121
26719993 15
26719993 23
26720063 37
26720063 801
26720081 3
26720081 48
26720087 808
26720219 1944
26720231 145
26720237 43
26720383 12
26720483 13
26720521 744
26720563 48
26720647 137
26720653 476
26720713 8
26720713 8651
26720767 213
26720773 3
26720819 9085
26720893 3
26720893 11
26720893 51
26721073 11
26721073 15
26721179 1
26721179 1029
26721257 55
26721371 1456
26721379 12
26721403 8
26721451 21
26721479 1
26721547 8
26721551 81
26721571 141
26721623 21
26721679 1217
26721701 51
26721701 135
26721701 1335
26721743 1
26721743 3012
26721887 1977
26722019 4
26722019 64
26722043 1608
26722063 7277
26722081 119
26722139 2565
26722139 5752
26722141 15
26722141 63
26722169 4
26722169 252
26722193 3291
26722211 1
26722211 4
26722271 1
26722349 16
26722391 13
26722463 12
26722477 3839
26722519 4092
26722723 80
26722723 785
26722727 12
26722733 31
26722733 100
26722741 116
26722741 135
26722859 1
26722897 887
26722907 4
26722951 648
26722951 824
26722951 2229
26722967 165
26722967 340
26723057 744
26723087 9589
26723273 91
26723317 39
26723321 379
26723341 11
26723341 20
26723351 4
26723363 1
26723369 760
26723377 80
26723387 12
26723449 180
26723479 224
26723479 5292
26723497 2088
26723531 1
26723561 4
26723591 1
26723591 1384
26723629 32
26723629 2795
26723743 260
26723743 3321
26723789 36
26723789 132
26723797 23
26723833 96
26724053 187
26724067 8
26724073 708
26724073 9947
26724149 4084
26724151 684
26724197 8875
26724233 2980
26724287 97
26724311 1
26724359 1
26724359 49
26724359 60
26724361 23
26724409 15
26724461 51
26724461 964
26724479 1
26724479 24
26724479 2617
26724721 123
26724787 293
26724857 4
26724923 96
26724923 97
26724953 567
26725019 1
26725019 237
26725031 1
26725033 3
26725129 476
26725133 12
26725157 40
26725157 219
26725243 6545
26725261 1271
26725397 8308
26725423 5
26725483 296
26725619 1
26725619 4
26725709 4
26725709 31
26725771 29
26725781 40
26725847 4
26725859 40
26725889 19
26725961 4
26726003 868
26726047 3969
26726111 36
26726153 3
26726239 9
26726341 11
26726377 1947
26726389 51
26726449 104
26726467 12
26726573 27
26726573 76
26726591 9
26726677 635
26726683 53
26726699 829
26726831 1
26726881 8
26726891 8425
26727139 5
26727139 21
26727143 1
26727157 99
26727269 4876
26727343 1980
26727479 16
26727497 2752
26727521 6540
26727557 3
26727557 4
26727593 3
26727643 20
26727677 6319
26727773 1035
26727809 7
26727809 159
26727989 12
26728033 396
26728033 1376
26728157 2184
26728211 1
26728249 8499
26728379 64
26728399 1841
26728543 741
26728543 1596
26728601 100
26728609 320
26728643 732
26728721 15
26728721 243
26728729 9191
26728733 2595
26728769 39
26728769 3816
26728787 40
26728979 36
26728997 7
26729051 1
26729159 4
26729159 24
26729173 108
26729189 4
26729431 356
26729489 24
26729497 1587
26729587 2940
26729707 32
26729737 15
26729741 4
26729819 1
26729819 64
26729837 120
26729929 135
26729959 117
26729971 41
26729987 4509
26730023 1
26730079 5036
26730161 124
26730167 2260
26730181 3
26730181 399
26730287 4
26730329 7
26730467 4
26730467 289
26730551 1
26730551 1728
26730667 4637
26730703 240
26730707 24
26730793 252
26730877 3
26730961 60
26730961 776
26730973 3
26730973 2208
26730989 960
26731181 51
26731219 4781
26731223 97
26731231 141
26731231 305
26731241 208
26731241 5836
26731277 3
26731277 7
26731283 697
26731321 380
26731321 1196
26731339 5
26731339 81
26731339 5052
26731373 16
26731403 117
26731409 367
26731447 9
26731483 53
26731597 23
26731657 132
26731687 1580
26731717 12
26731739 9
26731741 4059
26731741 8295
26731759 5
26731807 5
26731867 5
26731933 3
26731967 1369
26732023 2196
26732117 3
26732159 1
26732159 117
26732161 200
26732269 164
26732273 208
26732477 1864
26732501 799
26732513 52
26732513 447
26732569 12
26732593 3
26732681 4
26732683 560
26732879 1
26732879 1324
26732903 1
26732911 153
26732921 5328
26733071 1
26733071 16
26733073 3
26733127 7620
26733173 31
26733233 3
26733241 48
26733251 1
26733263 1
26733349 6284
26733481 8
26733481 20
26733607 5
26733617 88
26733691 5
26733757 443
26733899 1164
26733961 8
26733977 15
26733983 9385
26733989 4
26734031 673
26734067 3208
26734093 15
26734157 55
26734181 91
26734241 3471
26734289 7
26734327 12
26734343 496
26734381 15
26734439 4
26734451 1
26734457 424
26734511 61
26734619 1
26734789 5619
26734793 1947
26734793 3087
26734889 376
26734891 8
26734891 9
26734951 5300
26735029 204
26735029 3719
26735179 77
26735231 1
26735231 228
26735249 2047
26735251 93
26735279 9724
26735347 9
26735351 36
26735351 244
26735351 6981
26735363 1
26735393 607
26735459 1
26735573 87
26735663 13
26735663 585
26735669 9855
26735699 1
26735771 1
26735771 7324
26735773 860
26735773 1572
26735783 93
26735801 523
26735827 104
26735861 159
26735879 4
26735879 109
26735879 3924
26735897 99
26735923 5
26735923 357
26735987 69
26736071 60
26736103 65
26736119 4
26736119 1209
26736187 32
26736191 1
26736293 3
26736337 3
26736473 16
26736503 157
26736581 3
26736673 108
26736763 65
26736779 1
26736791 525
26736859 60
26736859 149
26736979 24
26737001 376
26737021 380
26737211 1
26737211 121
26737211 8421
26737213 1155
26737253 52
26737259 25
26737309 9060
26737439 4
26737439 12
26737499 796
26737519 29
26737567 849
26737619 1
26737621 299
26737631 33
26737729 60
26737741 9531
26737861 3
26737871 1
26737897 24
26737933 20
26737967 124
26737967 5320
26738009 2875
26738039 1
26738039 484
26738051 1
26738077 7272
26738113 3
26738177 3
26738317 24
26738423 1
26738471 21
26738473 3
26738473 35
26738477 3
26738479 3224
26738539 21
26738563 41
26738653 7607
26738687 6885
26738737 519
26738939 4
26739047 4749
26739157 3
26739211 2433
26739227 93
26739227 313
26739259 117
26739269 204
26739343 105
26739343 2945
26739347 124
26739437 3
26739451 24
26739463 981
26739491 1
26739497 327
26739541 780
26739563 2572
26739617 39
26739737 3232
26739773 112
26739773 4708
26739781 3
26739871 5
26739917 4
26739917 19
26740033 96
26740057 15
26740061 5160
26740177 39
26740199 396
26740211 1
26740261 420
26740279 9
26740289 7
26740289 207
26740327 8277
26740331 340
26740423 1272
26740459 57
26740463 1
26740531 5
26740547 1737
26740717 368
26740793 7
26740799 349
26740873 6987
26740891 149
26740913 3
26741171 1
26741171 6376
26741327 40
26741381 36
26741381 291
26741431 5
26741431 1644
26741453 267
26741549 4
26741641 864
26741681 1516
26741699 1
26741699 8961
26741707 5
26741723 93
26741779 200
26741831 1
26741843 1
26741899 440
26741917 20
26741941 51
26742047 9
26742049 336
26742059 672
26742161 375
26742223 21
26742239 1
26742277 3068
26742299 2320
26742473 52
26742487 564
26742503 1
26742589 4224
26742719 84
26742731 1
26742731 49
26742761 3
26742787 1493
26742839 4
26742839 136
26742839 777
26742847 29
26742869 156
26742941 3880
26743009 44
26743021 8
26743069 56
26743153 48
26743243 197
26743313 120
26743333 315
26743349 4
26743349 24
26743427 37
26743589 259
26743609 219
26743751 4345
26743753 203
26743753 2732
26743757 15
26743831 20
26743909 87
26743919 1
26743943 1
26743943 16
26743961 3
26743961 568
26744021 16
26744033 12
26744033 15
26744407 5
26744407 3965
26744437 83
26744437 792
26744449 12
26744483 457
26744521 8
26744539 5
26744633 7
26744639 1
26744659 56
26744659 492
26744687 12
26744713 5868
26744813 3
26744831 76
26744849 64
26744863 5
26744863 12
26744891 1
26744923 8
26744923 2913
26744933 528
26744947 5
26744999 1
26745001 3
26745137 520
26745143 1
26745143 13
26745211 101
26745211 3740
26745247 68
26745283 5
26745283 9821
26745307 68
26745317 24
26745377 1444
26745503 520
26745577 8
26745611 49
26745623 25
26745623 556
26745623 5508
26745659 37
26745707 57
26745809 6336
26745833 3
26745893 12
26745997 144
26746123 9377
26746193 7
26746249 119
26746429 35
26746579 5
26746591 128
26746639 312
26746673 3651
26746703 21
26746721 580
26746777 900
26746799 1
26746823 1
26746879 5
26746879 29
26746931 1
26747051 1560
26747053 396
26747053 5307
26747099 109
26747173 3
26747173 155
26747177 52
26747243 1
26747249 39
26747297 367
26747311 56
26747417 3328
26747431 3348
26747453 3
26747507 364
26747531 1
26747543 33
26747569 27
26747603 13
26747629 12
26747683 185
26747723 121
26747737 4155
26747771 1
26747893 3
26747923 8220
26747939 1
26747983 48
26747993 3
26748083 1
26748283 8
26748377 3343
26748383 1
26748419 4
26748457 2808
26748487 9
26748529 272
26748559 2069
26748649 495
26748649 2291
26748809 124
26748863 1
26748923 340
26748937 144
26748961 2655
26749043 1
26749057 15
26749081 63
26749159 356
26749231 5
26749271 889
26749271 5353
26749277 3
26749357 2979
26749427 537
26749673 27
26749691 268
26749729 15
26749729 24
26749949 231
26749949 2431
26749949 3720
26749963 192
26749979 225
26750011 488
26750023 3785
26750033 7903
26750041 180
26750051 6420
26750071 188
26750089 195
26750099 1
26750099 2185
26750239 284
26750249 307
26750261 300
26750351 1
26750467 597
26750539 5
26750539 101
26750539 504
26750579 21
26750611 20
26750611 440
26750629 12
26750657 19
26750657 24
26750797 1559
26750813 40
26750833 68
26750833 2955
26750839 21
26750939 1
26750959 516
26751017 807
26751083 1
26751239 1
26751247 8
26751293 892
26751317 1272
26751443 1
26751443 28
26751457 255
26751493 8
26751499 5
26751503 1
26751521 2299
26751539 81
26751587 13
26751589 71
26751679 6164
26751817 95
26751821 3
26751841 3
26751841 240
26751847 545
26751911 1
26751997 12
26752027 2412
26752031 1
26752093 3
26752111 105
26752139 4
26752379 69
26752391 1
26752393 11
26752567 84
26752573 23
26752753 615
26752763 1
26752763 108
26752769 1780
26752879 20
26752939 3596
26753047 609
26753101 24
26753173 107
26753227 729
26753329 44
26753329 231
26753339 4
26753351 1
26753407 53
26753407 573
26753411 1
26753411 28
26753437 308
26753471 25
26753543 9156
26753633 15
26753633 172
26753633 4515
26753677 128
26753731 24
26753879 64
26753897 3
26753897 4
26753939 1
26753939 540
26753981 3
26754011 1
26754031 156
26754103 656
26754121 659
26754163 5685
26754289 1431
26754361 1704
26754389 4
26754391 24
26754391 2280
26754437 3
26754449 15
26754551 1
26754577 12
26754613 1463
26754649 87
26754697 3
26754809 9732
26754857 28
26754863 93
26754881 156
26754899 52
26754899 217
26754997 35
26755007 24
26755007 337
26755063 1448
26755109 24
26755207 24
26755213 3
26755291 80
26755291 1176
26755319 4
26755343 1
26755451 28
26755451 81
26755517 3
26755523 1
26755577 39
26755577 79
26755577 172
26755583 1
26755621 11
26755633 3
26755721 15
26755727 508
26755727 3693
26755753 356
26755829 9852
26755907 145
26756021 3
26756111 1
26756111 525
26756251 5
26756251 33
26756347 2445
26756381 91
26756519 1
26756533 392
26756537 52
26756551 3600
26756591 1
26756761 104
26756777 5088
26756867 37
26756897 3
26757113 2428
26757127 245
26757173 5628
26757299 4
26757299 25
26757299 1600
26757307 300
26757413 343
26757499 9
26757539 1
26757581 5016
26757611 1
26757613 2811
26757673 351
26757683 76
26757683 5865
26757791 40
26757791 64
26757791 3201
26757793 12
26757827 7377
26757869 3916
26757977 28
26758033 8
26758229 4
26758231 80
26758253 148
26758273 32
26758309 44
26758349 4339
26758373 3
26758469 4296
26758489 279
26758507 657
26758507 4284
26758657 20
26758681 11
26758717 6375
26758763 12
26758813 95
26758873 51
26758883 1
26758883 6912
26758891 5
26758891 4985
26758903 7928
26758939 5
26758997 943
26759123 1
26759171 1
26759171 144
26759233 15
26759267 9589
26759321 4
26759407 9
26759407 65
26759413 27
26759443 6480
26759477 4
26759477 7
26759521 1515
26759561 363
26759563 8
26759563 41
26759563 116
26759587 5028
26759633 735
26759633 6691
26759801 3195
26759807 28
26760131 180
26760131 436
26760169 140
26760203 313
26760229 815
26760289 276
26760323 1
26760353 3
26760443 2173
26760449 1344
26760511 8
26760529 656
26760541 11
26760541 3699
26760619 60
26760733 35
26760817 8
26760821 3
26760821 1336
26760947 8200
26760959 184
26760961 3
26760977 3
26761003 17
26761051 45
26761103 1
26761243 12
26761271 1
26761307 129
26761327 2904
26761379 5112
26761409 627
26761429 11
26761439 1
26761513 252
26761541 900
26761549 39
26761591 48
26761771 9869
26761783 2148
26761853 352
26761921 96
26761967 13
26762059 24
26762093 6228
26762107 6545
26762161 3
26762231 240
26762287 240
26762287 4088
26762357 559
26762423 1
26762423 720
26762531 1
26762537 3
26762557 2379
26762717 15
26762761 3876
26762783 85
26762861 3
26762941 36
26763109 2031
26763181 396
26763263 1
26763277 3
26763277 20
26763281 5656
26763413 7
26763413 31
26763437 495
26763449 24
26763487 57
26763557 15
26763577 92
26763577 644
26763629 39
26763739 2232
26763749 564
26763767 337
26763923 1
26763977 580
26764051 261
26764093 3
26764093 8
26764151 13
26764207 9
26764301 4
26764319 16
26764327 1112
26764351 5
26764403 1
26764427 60
26764453 8
26764469 1284
26764481 4
26764499 325
26764603 192
26764631 40
26764723 8
26764733 28
26764739 1569
26764739 4849
26764831 773
26764831 8093
26764849 24
26764931 1
26765111 129
26765147 9
26765147 265
26765239 7796
26765267 9
26765269 27
26765269 272
26765269 4011
26765273 147
26765273 5140
26765363 1
26765447 49
26765447 669
26765447 6157
26765461 11
26765533 800
26765603 1
26765603 33
26765657 3
26765657 72
26765659 6489
26765681 19
26765693 31
26765759 97
26765801 2919
26765863 5
26765867 4
26765891 4
26765929 1827
26765957 75
26765957 184
26765969 19
26765993 63
26766001 356
26766191 2613
26766209 4
26766331 968
26766401 8388
26766437 3
26766451 8
26766521 40
26766527 4392
26766533 3
26766541 180
26766559 5
26766673 47
26766679 6945
26766697 339
26766731 564
26766793 152
26766833 183
26766841 80
26766851 124
26766889 3272
26766979 257
26767031 409
26767033 23
26767127 4
26767127 28
26767157 3
26767177 2960
26767183 56
26767211 1
26767241 183
26767259 1
26767343 1
26767357 5063
26767439 1
26767439 225
26767541 3616
26767669 96
26767679 1
26767717 23
26767717 240
26767817 3
26767963 836
26767991 1
26767991 61
26768089 27
26768099 1
26768177 43
26768219 1284
26768351 6433
26768369 4
26768381 111
26768381 139
26768383 68
26768393 8640
26768461 63
26768461 2495
26768507 4
26768611 9
26768629 44
26768647 128
26768647 300
26768741 7399
26768767 5
26768843 168
26768851 21
26768851 621
26768857 20
26768873 8523
26768879 72
26768927 12
26768947 309
26768947 728
26768957 4
26768957 444
26768981 1836
26769007 92
26769013 11
26769047 964
26769107 93
26769133 468
26769181 980
26769199 24
26769277 12
26769287 988
26769289 11
26769329 12
26769427 1752
26769437 4
26769439 29
26769443 12
26769451 8
26769487 89
26769503 1
26769601 15
26769623 1261
26769643 4625
26769661 3
26769767 5500
26769773 3
26769889 47
26769901 7448
26769943 5
26769943 1041
26769971 1
26769983 72
26769989 307
26770013 16
26770061 8455
26770067 4509
26770097 183
26770153 92
26770169 811
26770207 2244
26770339 65
26770339 200
26770379 7429
26770397 24
26770463 16
26770463 120
26770537 728
26770609 1580
26770613 88
26770747 4529
26770819 249
26770847 13
26770847 1425
26770853 3
26770889 1195
26770963 20
26770987 129
26771159 1
26771179 1461
26771183 12
26771183 97
26771249 4
26771279 12
26771299 497
26771417 15
26771449 84
26771477 28
26771489 4
26771489 976
26771531 13
26771543 48
26771561 3
26771561 4
26771561 739
26771573 1516
26771579 37
26771579 112
26771711 1
26771909 8271
26771917 143
26771939 1
26771939 12
26771951 93
26772029 7
26772047 48
26772131 1
26772131 333
26772131 6600
26772173 4380
26772227 28
26772287 25
26772287 84
26772287 333
26772379 5
26772521 699
26772521 2323
26772583 1641
26772727 1697
26772737 7
26772761 495
26772787 300
26772787 369
26772853 48
26772853 423
26772853 680
26772899 9
26772983 1
26773001 3
26773009 11
26773027 33
26773027 548
26773031 1
26773073 7
26773141 168
26773151 9
26773211 48
26773211 129
26773303 537
26773349 75
26773349 120
26773361 240
26773381 419
26773469 3556
26773519 5
26773529 136
26773613 7303
26773673 9531
26773711 7385
26773727 12
26773727 13
26773849 95
26774119 20
26774147 117
26774149 12
26774243 28
26774243 2845
26774261 31
26774261 196
26774329 32
26774417 7
26774459 1
26774491 120
26774491 1061
26774551 1025
26774611 5
26774689 2184
26774807 132
26774893 75
26774981 4
26775061 8
26775109 12
26775109 39
26775131 4
26775167 72
26775269 3631
26775407 40
26775509 4
26775517 395
26775533 1152
26775569 31
26775631 128
26775643 885
26775719 1
26775719 705
26775737 4
26775751 245
26775761 171
26775781 180
26775851 1
26775877 3
26775923 1953
26775929 1575
26776063 8
26776213 3
26776213 11
26776213 203
26776237 3
26776237 332
26776331 1
26776357 12
26776427 537
26776549 192
26776667 28
26776667 57
26776691 16
26776691 2413
26776859 141
26776873 3
26776933 20
26777029 227
26777029 267
26777029 1620
26777041 3
26777041 7044
26777111 1
26777111 2044
26777119 365
26777123 4537
26777323 2180
26777393 31
26777393 1276
26777417 4
26777419 1440
26777447 6193
26777453 268
26777483 4096
26777501 48
26777503 8
26777659 5
26777789 40
26777801 84
26778001 3
26778061 3
26778067 92
26778253 176
26778263 1
26778313 900
26778413 91
26778473 76
26778503 793
26778599 1
26778607 240
26778607 324
26778623 1
26778659 124
26778667 1520
26778677 2928
26778811 200
26778881 3
26778949 1952
26778991 5
26778991 141
26778991 744
26778991 1076
26779007 1852
26779111 8313
26779117 27
26779261 11
26779307 4
26779391 4
26779399 705
26779481 103
26779517 60
26779523 28
26779553 16
26779667 304
26779723 981
26779733 951
26779771 2045
26779849 140
26779859 1
26779859 4
26779891 5
26779931 793
26779933 95
26779979 1
26779979 184
26780029 3236
26780069 547
26780077 3275
26780107 12
26780107 152
26780129 64
26780129 972
26780359 696
26780381 4
26780399 1
26780399 129
26780407 9
26780407 20
26780407 117
26780431 8
26780431 561
26780549 84
26780587 1769
26780587 3389
26780651 1
26780651 21
26780651 553
26780783 1
26780849 871
26780881 224
26780881 1659
26780893 23
26780917 15
26780939 21
26780951 4
26780983 20
26781017 3
26781031 5
26781031 24
26781109 39
26781197 39
26781263 88
26781281 211
26781311 4
26781373 171
26781373 4388
26781383 108
26781473 3
26781649 56
26781661 1680
26781679 20
26781721 8
26781721 3744
26781721 9644
26781787 33
26781809 1135
26781857 652
26781883 48
26781917 12
26781947 2973
26781971 1
26782003 5
26782121 39
26782181 139
26782219 392
26782297 3
26782319 1
26782319 4
26782337 99
26782337 624
26782351 21
26782403 1108
26782409 7
26782409 6187
26782439 1
26782607 13
26782687 165
26782687 4673
26782733 40
26782733 375
26782739 169
26782831 20
26782831 288
26782907 60
26783051 1845
26783077 3
26783173 51
26783203 57
26783221 23
26783249 12
26783249 639
26783297 259
26783311 833
26783359 1041
26783377 35
26783387 2968
26783429 412
26783509 1731
26783531 4869
26783579 1
26783641 3995
26783717 2808
26783803 5
26783803 1248
26783831 696
26783839 560
26783873 5023
26783909 4
26783917 83
26783951 1
26783989 755
26784083 1
26784143 1
26784143 85
26784169 59
26784181 3
26784187 585
26784361 3
26784413 3
26784419 1
26784473 300
26784497 28
26784619 212
26784677 3
26784697 20
26784697 27
26784787 2385
26784881 3
26784887 697
26784991 69
26785019 72
26785019 3196
26785021 11
26785027 6900
26785027 8760
26785061 471
26785123 5
26785127 229
26785207 1505
26785219 5
26785229 8872
26785261 3
26785309 260
26785393 476
26785403 1
26785537 63
26785543 5
26785543 797
26785553 528
26785559 249
26785567 228
26785637 183
26785679 21
26785793 7
26785799 501
26785919 52
26785921 620
26786047 65
26786083 197
26786087 453
26786153 31
26786321 3
26786351 1
26786351 4
26786363 988
26786393 2203
26786471 1
26786471 4
26786579 1
26786587 24
26786593 183
26786659 7484
26786717 12
26786717 268
26786791 2840
26786833 3
26786833 23
26786861 223
26786957 12
26786993 1156
26786999 1
26787127 9
26787161 4783
26787217 507
26787263 85
26787269 220
26787361 7491
26787401 303
26787491 289
26787521 5451
26787533 5907
26787547 825
26787613 15
26787613 7488
26787623 513
26787647 2148
26787713 267
26787749 547
26787773 4848
26787779 1
26787779 4
26787823 593
26787911 661
26787923 6937
26788009 27
26788109 235
26788171 5
26788217 963
26788291 3953
26788387 5
26788403 21
26788403 25
26788427 5140
26788429 335
26788459 2649
26788501 1244
26788507 72
26788511 1
26788511 133
26788511 249
26788523 76
26788529 4
26788589 571
26788667 1372
26788669 435
26788711 885
26788807 33
26788847 4
26788847 1033
26788897 3
26788913 7
26788933 3932
26788973 36
26788973 51
26788987 300
26788987 765
26789017 47
26789027 2512
26789047 200
26789083 4521
26789159 1
26789173 47
26789209 27
26789219 4
26789251 4140
26789291 4
26789339 24
26789419 21
26789429 400
26789459 12
26789471 1488
26789527 9
26789527 1152
26789621 3
26789621 36
26789713 8
26789743 645
26789771 1
26789771 324
26789803 6261
26789879 1
26789923 5
26789923 3060
26790013 3
26790031 164
26790031 1869
26790053 67
26790103 5
26790119 1
26790199 137
26790221 255
26790289 111
26790289 4347
26790311 253
26790371 1
26790371 2401
26790371 2544
26790383 1
26790557 7
26790581 36
26790587 717
26790619 17
26790619 29
26790629 7036
26790689 232
26790787 573
26790839 1
26790899 1
26790901 3
26790919 9
26790919 1169
26790943 5
26791097 343
26791187 8649
26791189 332
26791217 3
26791217 24
26791217 375
26791229 2376
26791241 55
26791291 8
26791333 20
26791339 5
26791399 389
26791529 520
26791571 1
26791591 3780
26791649 447
26791669 11
26791753 6072
26791763 357
26791769 5836
26791931 1
26791939 17
26791939 7929
26791997 5787
26792011 116
26792023 5
26792039 1
26792039 2224
26792057 2832
26792089 44
26792141 3
26792149 44
26792243 2412
26792341 51
26792351 1
26792351 1524
26792399 60
26792407 29
26792411 780
26792543 1
26792659 260
26792707 9
26792851 53
26792951 285
26792993 3
26793061 48
26793103 4320
26793203 313
26793203 1140
26793259 549
26793281 676
26793311 1
26793311 148
26793359 1
26793397 8
26793659 1
26793707 12
26793737 28
26793797 4
26793797 7
26793803 1
26793803 1777
26793863 1
26793863 301
26793881 1911
26793937 1604
26793959 52
26793959 165
26794069 411
26794219 1361
26794321 800
26794387 72
26794451 1
26794511 2661
26794553 3
26794699 536
26794739 8205
26794967 4
26795053 8
26795053 12
26795107 20
26795113 4007
26795203 1901
26795341 51
26795357 5604
26795399 1
26795413 1091
26795473 48
26795513 207
26795513 8407
26795539 44
26795539 644
26795557 428
26795641 8
26795669 15
26795677 23
26795677 288
26795707 12
26795707 60
26795707 69
26795737 147
26795789 7
26795861 216
26795863 6417
26795869 1172
26795981 5383
26796043 5
26796101 1839
26796109 2012
26796191 360
26796193 3
26796193 6503
26796221 2763
26796223 2193
26796227 9
26796239 1
26796239 316
26796269 3019
26796317 268
26796373 15
26796389 472
26796463 333
26796521 1155
26796719 1
26796793 3
26796881 1716
26796907 8
26796907 72
26796943 80
26796997 4827
26797019 4
26797027 105
26797193 16
26797193 6780
26797249 12
26797357 2288
26797373 7
26797399 276
26797403 313
26797409 15
26797447 8
26797447 17
26797549 44
26797549 71
26797571 721
26797597 383
26797597 683
26797607 400
26797649 232
26797699 21
26797739 4
26797739 8272
26797751 480
26797801 8903
26797867 12
26797871 1
26797907 777
26797931 24
26797963 665
26798003 1
26798003 48
26798011 849
26798039 1
26798099 1
26798129 4
26798141 3480
26798147 4
26798351 1
26798411 381
26798509 119
26798537 19
26798609 24
26798609 67
26798609 1212
26798621 6220
26798641 440
26798671 56
26798699 21
26798909 15
26799013 4176
26799023 93
26799023 141
26799151 1293
26799151 1425
26799203 1
26799233 268
26799379 209
26799551 2949
26799583 3773
26799713 3
26799733 3
26799767 112
26799791 1
26799791 4
26799791 400
26799797 3
26799809 172
26799967 2213
26799977 4
26800043 793
26800073 715
26800091 4
26800091 2821
26800133 7
26800283 1
26800369 35
26800541 4
26800541 4339
26800637 3
26800637 4
26800649 7032
26800673 1036
26800717 24
26800799 6976
26800859 16
26800877 760
26800889 91
26800903 5
26800919 972
26800919 1704
26800981 8
26801063 3901
26801111 1
26801123 1420
26801171 24
26801309 3936
26801363 2073
26801459 237
26801477 48
26801521 96
26801531 4
26801557 3
26801581 3
26801591 1
26801813 48
26801813 60
26801893 107
26801903 28
26801903 6808
26801977 1688
26802071 64
26802089 111
26802101 15
26802203 1
26802203 225
26802221 4
26802329 3600
26802379 21
26802403 152
26802431 4
26802481 15
26802487 1260
26802497 328
26802599 301
26802637 560
26802691 5228
26802701 24
26802701 175
26802719 1
26802719 61
26802793 308
26802793 4367
26802857 100
26802949 12
26802959 1
26802959 4
26802983 1
26803081 1731
26803093 8
26803157 643
26803171 749
26803219 576
26803219 1536
26803391 1
26803411 3365
26803529 87
26803559 1069
26803613 151
26803703 553
26803739 1
26803757 64
26803853 3
26803853 471
26803919 16
26803961 151
26803961 4071
26804047 108
26804051 1
26804069 844
26804083 153
26804123 712
26804251 276
26804357 12
26804357 5628
26804363 1
26804369 4
26804369 19
26804441 243
26804443 8
26804483 45
26804537 7
26804537 2352
26804549 5139
26804551 189
26804551 593
26804629 9387
26804663 1
26804707 924
26804717 7
26804809 72
26804819 681
26804849 7
26804849 5220
26804977 3
26805011 4
26805041 924
26805059 1
26805133 311
26805133 423
26805133 8631
26805391 5
26805461 4
26805479 249
26805497 3
26805661 8
26805683 25
26805683 552
26805697 8
26805851 85
26805869 16
26805881 91
26805881 528
26805887 513
26805893 3
26805997 204
26806133 852
26806139 1356
26806141 8
26806151 2373
26806163 1
26806193 12
26806193 408
26806211 4
26806327 2540
26806361 4
26806627 32
26806627 92
26806667 9
26806721 4
26806903 2916
26806921 35
26806939 60
26806951 96
26806951 144
26806963 741
26807009 39
26807023 92
26807059 5
26807069 4347
26807161 168
26807161 1031
26807171 1
26807177 1524
26807273 103
26807471 1
26807477 3
26807477 3915
26807491 9
26807621 60
26807701 3
26807713 20
26807819 216
26807881 6540
26807969 1995
26808059 84
26808059 2496
26808071 144
26808083 400
26808083 676
26808143 1
26808289 75
26808359 172
26808359 4404
26808577 3
26808577 647
26808653 156
26808667 5
26808671 9
26808709 12
26808721 1551
26808767 217
26808799 185
26808931 4581
26808959 1
26808959 64
26809033 176
26809033 1316
26809063 132
26809087 269
26809183 80
26809183 8268
26809219 12
26809261 3
26809271 28
26809373 3
26809441 1791
26809481 15
26809481 28
26809481 288
26809547 13
26809577 72
26809609 11
26809609 252
26809639 89
26809649 12
26809709 4
26809873 15
26809883 3340
26809883 4396
26809963 12
26809963 561
26810039 1
26810057 4
26810057 7
26810101 164
26810137 983
26810137 2192
26810137 5567
26810149 24
26810213 112
26810279 9
26810389 455
26810393 16
26810401 1148
26810453 3
26810561 175
26810573 196
26810593 68
26810593 791
26810687 4305
26810731 213
26810779 9
26810869 27
26810869 36
26810879 25
26810879 1885
26810899 9
26811013 12
26811143 60
26811143 196
26811247 972
26811277 87
26811511 9
26811541 6620
26811607 17
26811671 1
26811823 168
26811823 821
26812067 4
26812067 37
26812067 1480
26812129 51
26812151 1
26812267 8
26812297 7379
26812391 9
26812421 15
26812507 264
26812543 36
26812561 755
26812631 561
26812657 99
26812829 7
26812829 1167
26812831 9224
26812897 744
26812913 27
26812921 1968
26812943 13
26813167 620
26813179 5
26813219 1
26813251 1469
26813261 1363
26813341 59
26813497 3
26813551 2289
26813701 11
26813723 1
26813723 133
26813797 3
26813797 59
26813819 2676
26813827 6413
26813909 4140
26813957 55
26813993 1143
26813999 1
26813999 129
26814031 20
26814037 2943
26814071 21
26814089 4
26814089 6055
26814107 2212
26814157 12
26814157 5684
26814191 25
26814209 16
26814209 31
26814353 7
26814367 33
26814553 32
26814611 553
26814611 2485
26814617 7
26814617 304
26814631 96
26814701 3
26814761 496
26814773 3
26814791 940
26814869 5175
26814923 252
26815091 165
26815097 4
26815097 4528
26815157 304
26815177 2604
26815181 51
26815181 6160
26815193 7
26815237 275
26815247 4
26815253 7
26815277 3339
26815319 1
26815319 276
26815337 60
26815379 357
26815379 1021
26815487 6253
26815499 1
26815499 105
26815513 80
26815543 1076
26815567 104
26815567 144
26815583 12
26815583 1876
26815643 1
26815687 9
26815727 1869
26815739 76
26815753 56
26815937 3492
26815963 1436
26816059 80
26816077 9399
26816081 3
26816131 9
26816161 183
26816171 40
26816189 5532
26816197 20
26816411 364
26816423 16
26816441 84
26816483 1
26816521 59
26816521 68
26816533 87
26816533 116
26816579 1
26816579 184
26816651 49
26816723 312
26816723 796
26816737 44
26816819 1
26816843 61
26816899 5
26816899 921
26816917 459
26816929 9395
26817163 372
26817173 12
26817191 1861
26817253 6831
26817319 17
26817359 6544
26817457 3
26817457 192
26817521 124
26817521 931
26817533 27
26817631 1173
26817631 2076
26817643 260
26817671 4149
26817719 120
26817743 228
26817761 4
26817803 145
26817827 9648
26817971 1
26818073 72
26818091 244
26818091 3873
26818151 3693
26818171 36
26818171 8448
26818199 5797
26818241 8404
26818331 1045
26818397 3
26818399 161
26818433 55
26818453 3
26818487 24
26818499 72
26818531 104
26818567 33
26818577 52
26818661 43
26818681 503
26818681 1124
26818763 1
26818769 4
26818817 3
26818817 15
26818817 127
26818873 8732
26818903 8
26818919 16
26818991 276
26819041 1956
26819059 81
26819063 13
26819069 7
26819129 8880
26819137 864
26819153 96
26819231 4
26819263 32
26819291 21
26819491 56
26819521 1871
26819581 11
26819651 1
26819651 9513
26819669 4
26819669 36
26819711 1
26819717 1344
26819729 7
26819729 4632
26819791 8
26819953 48
26819953 1611
26820121 35
26820133 11
26820253 27
26820257 3192
26820289 44
26820293 3
26820317 3
26820361 35
26820473 88
26820473 100
26820473 636
26820473 4395
26820539 4
26820539 5401
26820653 12
26820659 1
26820719 4
26820779 24
26820821 148
26820821 520
26820851 8556
26820881 2088
26820977 15
26821057 1703
26821117 20
26821133 447
26821199 1
26821199 1440
26821219 281
26821241 3
26821247 304
26821247 1800
26821271 9
26821271 28
26821309 284
26821321 11
26821321 36
26821439 1929
26821477 3
26821481 264
26821499 865
26821757 24
26821759 957
26821829 376
26821853 7
26821867 9
26821867 17
26821877 24
26821877 484
26821919 1
26821919 4
26822017 8384
26822021 636
26822027 13
26822087 8244
26822137 107
26822143 1128
26822227 12
26822231 1
26822287 32
26822377 15
26822387 4
26822441 4
26822459 1
26822483 1
26822483 4057
26822567 37
26822641 411
26822647 5
26822681 603
26822693 6292
26822857 1727
26822869 335
26822869 4664
26822879 2040
26823007 9548
26823031 33
26823067 92
26823197 1239
26823287 8497
26823491 4
26823523 245
26823547 32
26823547 1973
26823551 24
26823551 48
26823551 696
26823551 901
26823571 929
26823571 8568
26823703 5
26823737 3
26823817 8
26823893 12
26823893 15
26823893 435
26823947 2244
26823983 1572
26824009 267
26824027 1248
26824073 3
26824073 7
26824163 1
26824177 3
26824271 201
26824271 700
26824379 649
26824387 473
26824423 272
26824423 5373
26824471 213
26824481 3
26824627 32
26824781 571
26824841 3715
26824879 164
26824879 981
26824891 153
26824901 528
26824927 69
26825053 152
26825053 915
26825053 1172
26825069 15
26825069 820
26825219 1
26825219 5632
26825257 795
26825329 7880
26825417 6207
26825479 36
26825497 5984
26825501 3
26825597 112
26825639 4
26825647 1908
26825653 1800
26825657 7
26825657 4252
26825681 4
26825681 184
26825681 2116
26825719 80
26825723 1
26825731 233
26825831 4
26825857 752
26825867 1093
26826089 7
26826161 1611
26826199 21
26826203 33
26826203 2701
26826229 44
26826251 1
26826251 604
26826389 27
26826467 4
26826473 151
26826511 33
26826577 47
26826601 63
26826637 2807
26826691 881
26826781 3
26826817 119
26826817 1080
26826889 95
26826911 1
26826949 111
26826953 31
26826953 52
26826953 852
26827013 3672
26827043 1548
26827111 44
26827111 620
26827133 5407
26827201 3
26827201 8
26827237 60
26827253 31
26827589 1180
26827673 511
26827687 1793
26827769 9852
26827811 1900
26827901 4
26827991 8905
26828059 20
26828083 1340
26828111 1
26828111 553
26828119 96
26828203 108
26828203 425
26828239 92
26828267 709
26828297 2407
26828359 17
26828371 5
26828453 492
26828519 1
26828617 900
26828647 5
26828647 992
26828713 51
26828803 12
26828819 4
26828899 24
26828917 135
26828917 944
26829041 84
26829053 7
26829053 40
26829191 1
26829221 3
26829307 4584
26829371 1
26829479 1
26829541 456
26829589 24
26829589 56
26829619 17
26829947 40
26830043 5317
26830079 721
26830117 804
26830189 1712
26830231 9
26830231 1776
26830477 95
26830567 69
26830637 4
26830711 29
26830711 129
26830729 35
26830757 4
26830801 8
26830801 263
26830819 9924
26830939 21
26830943 1
26831071 68
26831099 841
26831111 1
26831111 3160
26831149 60
26831263 1965
26831291 60
26831297 1648
26831383 3965
26831411 1
26831411 4
26831509 180
26831579 9085
26831657 603
26831663 1
26831663 388
26831669 291
26831773 2111
26831789 1212
26831803 8
26831803 48
26831891 1
26831951 1
26832023 1
26832073 8
26832077 19
26832083 1
26832089 4
26832097 3
26832121 11
26832149 19
26832209 12
26832233 315
26832263 12
26832331 2121
26832359 1701
26832383 733
26832439 60
26832529 1335
26832581 15
26832671 1
26832671 180
26832703 8
26832803 1
26832809 399
26832937 6399
26832947 5997
26833039 80
26833049 75
26833049 1984
26833097 79
26833201 3
26833217 1323
26833337 7
26833337 15
26833337 484
26833409 924
26833481 123
26833577 4
26833577 19
26833619 1
26833739 4
26833783 21
26833861 36
26833921 8
26833921 176
26833931 165
26833951 33
26834051 13
26834063 1
26834113 27
26834161 3
26834207 1905
26834221 204
26834233 3
26834267 312
26834273 12
26834393 132
26834407 5
26834417 2395
26834419 132
26834503 7325
26834531 13
26834531 93
26834677 3
26834683 156
26834683 3248
26834711 861
26834741 3
26834777 3
26834779 105
26834779 132
26834779 317
26834807 1284
26834827 312
26834861 4
26834921 228
26834921 1359
26834971 801
26834999 25
26835023 1053
26835031 489
26835091 21
26835131 25
26835157 2775
26835359 40
26835371 49
26835461 3
26835461 240
26835499 17
26835499 41
26835499 5432
26835511 41
26835521 63
26835521 7024
26835541 3
26835551 28
26835659 3916
26835797 8304
26835821 4
26835857 7
26835869 19
26835881 315
26835883 36
26835883 72
26835983 1
26836039 692
26836109 120
26836109 135
26836177 3
26836177 63
26836213 536
26836213 6011
26836301 3
26836363 128
26836409 199
26836441 3
26836451 1560
26836471 93
26836583 1
26836613 3
26836619 1
26836619 4
26836637 400
26836679 1
26836723 56
26836723 5100
26836757 4
26836763 8053
26836769 4
26836807 9173
26836969 227
26836969 335
26836981 11
26836993 155
26837273 135
26837299 21
26837483 1377
26837497 44
26837539 216
26837651 4
26837677 8
26837807 24
26837819 1
26837857 3
26837887 429
26838011 1
26838017 6703
26838107 5553
26838151 24
26838191 1
26838191 9
26838191 84
26838221 19
26838271 225
26838337 908
26838389 127
26838463 33
26838463 96
26838479 4
26838479 325
26838541 1383
26838667 665
26838667 1644
26838667 9768
26838809 99
26839003 21
26839063 405
26839121 2275
26839139 1
26839177 168
26839261 1476
26839283 1
26839283 72
26839289 1779
26839289 2091
26839363 41
26839363 480
26839391 1
26839517 19
26839531 6276
26839591 93
26839591 125
26839601 36
26839601 48
26839693 416
26839751 544
26839759 72
26839801 276
26839853 648
26839921 11
26839933 3392
26840083 8432
26840119 360
26840119 1656
26840137 3
26840137 4692
26840147 85
26840147 9700
26840173 5196
26840227 5
26840279 1
26840323 188
26840351 1
26840351 108
26840441 6108
26840507 6333
26840647 60
26840881 63
26840969 4
26840971 1556
26840999 4
26841049 1067
26841083 61
26841163 456
26841197 7
26841239 1
26841239 4
26841313 575
26841313 687
26841379 5
26841383 1
26841481 620
26841527 40
26841527 45
26841569 2052
26841583 20
26841601 8999
26841679 21
26841707 120
26841719 1
26841959 1
26842007 13
26842021 1208
26842037 4015
26842087 9
26842093 3
26842171 8
26842229 4
26842241 48
26842243 1196
26842289 39
26842301 16
26842349 27
26842369 20
26842381 3
26842393 3
26842399 6872
26842537 144
26842537 960
26842591 216
26842601 4
26842619 1
26842691 3445
26842841 3
26842897 12
26842943 2172
26842961 31
26842979 1
26842997 444
26843039 45
26843059 372
26843213 516
26843213 1207
26843261 63
26843293 1472
26843419 32
26843437 263
26843497 8220
26843503 432
26843587 504
26843669 12
26843669 16
26843699 1
26843743 5
26843801 3
26843953 63
26844157 2444
26844329 4
26844329 124
26844373 4800
26844413 516
26844449 15
26844497 159
26844533 7
26844551 324
26844557 3
26844557 27
26844577 8
26844577 912
26844767 652
26844907 20
26844907 6425
26844919 6044
26845009 20
26845019 4
26845033 3
26845079 1
26845079 36
26845099 5
26845099 9
26845099 12
26845121 4
26845223 57
26845229 75
26845229 336
26845249 75
26845253 2491
26845277 235
26845277 8383
26845327 1413
26845453 3
26845457 4
26845477 272
26845573 20
26845573 5315
26845583 9940
26845759 557
26845787 37
26845811 1
26845813 4811
26845919 1
26845933 332
26846047 5
26846051 7065
26846051 8313
26846177 4
26846177 72
26846203 216
26846363 52
26846381 4159
26846389 1575
26846471 13
26846509 1275
26846557 2103
26846579 732
26846717 4
26846737 15
26846797 488
26846801 36
26846803 333
26846861 1948
26846863 41
26846951 1
26846951 4
26846993 3
26847031 33
26847061 576
26847217 92
26847269 495
26847313 851
26847427 273
26847427 3188
26847493 15
26847553 6312
26847701 31
26847809 4
26847871 953
26847929 7
26847943 416
26847943 560
26848001 168
26848033 3
26848067 28
26848069 867
26848091 25
26848103 25
26848169 147
26848177 3
26848231 225
26848243 3921
26848279 12
26848331 1
26848331 120
26848427 3405
26848513 27
26848571 1
26848607 345
26848663 1340
26848681 59
26848741 2831
26848777 240
26848903 128
26848961 2451
26848963 5
26848999 21
26849003 120
26849023 68
26849051 1
26849107 1505
26849129 547
26849149 15
26849293 140
26849399 25
26849437 267
26849467 5
26849479 149
26849551 8
26849803 9905
26849843 460
26849873 8548
26849951 1
26849981 19
26849981 123
26850029 4
26850037 44
26850101 2491
26850137 9604
26850149 36
26850149 87
26850193 48
26850193 1988
26850359 1
26850443 1
26850443 313
26850511 5405
26850581 2640
26850623 1
26850661 7119
26850679 2076
26850737 3
26850809 55
26850833 28
26850911 1336
26850917 492
26850961 3
26850979 537
26850997 27
26851031 1
26851091 1
26851091 4
26851091 13
26851183 45
26851183 2888
26851193 7
26851271 1
26851271 2896
26851367 9528
26851457 4
26851501 5979
26851577 15
26851717 3
26851723 201
26851753 20
26851813 392
26851829 271
26851829 7336
26851871 1
26851871 28
26851919 37
26851931 5649
26851963 293
26851963 5597
26852083 8
26852141 4
26852143 741
26852183 1657
26852227 300
26852227 804
26852341 3
26852407 8
26852533 1187
26852591 24
26852621 63
26852689 11
26852699 3649
26852723 1
26852737 104
26852767 5
26852767 8
26852779 7685
26852797 3
26852807 109
26852857 248
26852879 16
26852921 3
26852939 1
26852953 3063
26852963 9432
26852989 59
26853031 9
26853049 8811
26853143 1
26853181 3
26853181 15
26853193 2691
26853257 1003
26853377 39
26853377 820
26853377 8895
26853451 8
26853473 315
26853473 8595
26853583 6980
26853599 12
26853649 24
26853721 3
26853809 24
26853809 1927
26853817 648
26853961 20
26853961 231
26853979 1529
26853989 12
26854073 27
26854103 100
26854123 8
26854123 308
26854189 11
26854189 119
26854229 2352
26854229 3316
26854253 7
26854283 21
26854301 24
26854367 4
26854433 12
26854459 57
26854511 1
26854561 8676
26854571 709
26854589 19
26854589 799
26854627 53
26854651 5
26854721 4099
26854787 13
26854787 484
26854831 69
26854931 1
26854979 8905
26854987 5844
26855011 21
26855051 1
26855069 159
26855119 24
26855119 105
26855273 267
26855317 1067
26855333 91
26855351 4
26855401 176
26855441 28
26855557 68
26855573 3
26855629 192
26855671 5
26855671 9
26855737 3
26855831 1
26855831 4
26855953 3
26855957 1528
26855993 3
26856023 1
26856023 132
26856023 6397
26856083 36
26856083 261
26856149 1459
26856163 636
26856169 11
26856187 5
26856217 12
26856217 863
26856239 4
26856257 9207
26856289 11
26856383 1
26856391 1569
26856391 4484
26856437 52
26856503 1
26856601 3
26856611 1
26856611 24
26856751 8
26856769 1416
26856793 48
26856827 73
26856833 3
26856839 345
26856901 48
26856911 33
26856953 5392
26856971 1
26856971 4
26857007 13
26857007 37
26857073 7
26857087 17
26857087 2448
26857133 3
26857133 235
26857217 3448
26857361 3
26857409 4
26857409 420
26857409 2575
26857421 3
26857421 19
26857459 89
26857541 5539
26857573 71
26857613 391
26857661 4
26857681 39
26857693 8
26857693 32
26857703 12
26857729 32
26857759 5
26857759 24
26857837 3
26857913 5151
26858003 1
26858017 159
26858119 21
26858123 5157
26858141 5560
26858149 11
26858159 1
26858159 100
26858309 112
26858339 1
26858387 313
26858417 4
26858417 7
26858441 88
26858441 1579
26858477 3
26858597 3
26858603 25
26858653 75
26858653 2516
26858729 8955
26858807 273
26858809 804
26858851 3161
26858891 8145
26858903 25
26858999 1465
26859011 21
26859023 1
26859197 7
26859347 532
26859451 5
26859517 2963
26859529 1227
26859557 7
26859587 3729
26859739 212
26859793 35
26859799 12
26859803 1
26859871 105
26859871 525
26859997 23
26859997 455
26860201 863
26860247 3337
26860259 1
26860283 1
26860303 141
26860321 8
26860321 20
26860387 9
26860403 52
26860417 1280
26860579 89
26860751 6496
26860793 7
26860831 204
26860843 8
26860843 3053
26860909 231
26860961 60
26860991 220
26860997 4
26860997 28
26861069 72
26861083 17
26861123 1
26861129 100
26861129 544
26861129 840
26861129 4164
26861201 159
26861201 160
26861339 1
26861363 12
26861423 1
26861467 9
26861563 8
26861567 4
26861609 7
26861711 28
26861771 1
26861773 27
26861797 8640
26861867 4
26861867 4093
26861977 44
26861987 600
26862019 45
26862053 1908
26862079 17
26862127 257
26862161 3
26862163 57
26862163 633
26862221 55
26862313 83
26862317 5367
26862349 819
26862443 1
26862443 13
26862581 75
26862587 1549
26862791 1
26862821 15
26862859 3609
26862971 1
26862973 11
26862989 2100
26863007 2844
26863139 1
26863139 6532
26863211 21
26863217 3139
26863229 1020
26863271 9
26863271 100
26863297 8892
26863381 468
26863423 8
26863423 405
26863513 35
26863637 1560
26863643 6217
26863751 3588
26863769 2859
26863817 775
26863819 96
26863883 1
26863901 1248
26863933 11
26863933 12
26863933 7983
26864017 392
26864017 7955
26864111 121
26864111 756
26864129 871
26864153 331
26864209 12
26864231 1
26864231 1749
26864239 5
26864239 2432
26864273 252
26864297 7348
26864303 4372
26864377 15
26864413 2163
26864489 7
26864489 492
26864531 1416
26864599 432
26864623 141
26864813 111
26864813 180
26864821 108
26864899 321
26865053 55
26865061 8
26865079 657
26865089 7972
26865203 1
26865227 25
26865277 395
26865277 1679
26865323 1
26865409 15
26865431 2713
26865439 516
26865493 12
26865539 1
26865569 160
26865569 252
26865617 27
26865691 44
26865703 765
26865721 2703
26865739 5
26865739 1212
26865847 33
26865901 1319
26865941 51
26866141 464
26866153 407
26866157 3367
26866157 4363
26866219 60
26866237 35
26866313 8296
26866319 1
26866319 25
26866349 24
26866451 228
26866549 152
26866583 345
26866591 425
26866591 716
26866607 4
26866607 12
26866667 3753
26866757 123
26866759 5
26866811 1
26866843 140
26866949 19
26867003 1977
26867047 17
26867047 7640
26867117 3
26867119 3396
26867299 236
26867329 35
26867353 8
26867411 1
26867411 7204
26867417 2772
26867471 744
26867549 7
26867549 1239
26867861 1584
26867923 17
26867923 68
26867923 81
26867923 2121
26867941 23
26868043 7541
26868053 7
26868059 60
26868113 31
26868131 7296
26868197 7
26868229 300
26868241 116
26868251 1561
26868269 315
26868287 12
26868371 84
26868461 663
26868461 9984
26868497 312
26868503 1
26868521 8556
26868581 3
26868613 251
26868643 36
26868643 1160
26868773 4975
26868841 3
26868911 1
26868953 3
26868997 6908
26869069 32
26869069 72
26869081 11
26869111 8244
26869121 348
26869121 484
26869151 1
26869181 4
26869259 4
26869351 180
26869361 6379
26869411 29
26869459 545
26869471 24
26869499 1
26869499 9
26869523 1
26869649 7
26869751 1344
26869811 9
26869937 124
26870083 57
26870231 181
26870243 1
26870339 1
26870401 704
26870411 9
26870471 24
26870491 1305
26870527 29
26870563 492
26870611 96
26870729 147
26870759 5917
26870797 1760
26870797 6320
26870813 3
26870861 283
26870869 60
26870951 1
26870993 3
26870993 52
26871029 24
26871059 1
26871071 4
26871193 215
26871223 36
26871289 11
26871289 2672
26871319 5
26871367 5324
26871379 104
26871379 905
26871413 15
26871457 23
26871461 15
26871539 4897
26871541 120
26871553 3
26871587 729
26871653 12
26871701 48
26871701 51
26871701 2116
26871841 675
26871857 4
26871913 396
26871961 3
26871961 68
26872063 12
26872127 9
26872187 2245
26872231 9
26872231 264
26872253 127
26872253 255
26872387 392
26872399 5
26872409 51
26872501 11
26872511 1
26872523 1177
26872613 52
26872627 4233
26872663 21
26872679 657
26872723 1545
26872817 19
26872933 147
26872991 1
26873027 4065
26873027 5929
26873051 1
26873057 27
26873057 715
26873059 2712
26873207 12
26873257 203
26873299 20
26873347 5
26873347 269
26873377 1568
26873393 16
26873393 2260
26873411 76
26873677 35
26873723 21
26873731 744
26873761 3
26873863 113
26873927 2809
26873941 740
26874077 288
26874079 209
26874103 8
26874119 1
26874119 232
26874157 839
26874209 9556
26874223 7577
26874349 36
26874371 1
26874389 4
26874391 29
26874391 96
26874401 588
26874479 136
26874509 4
26874563 1
26874577 24
26874577 95
26874593 8883
26874611 1996
26874667 57
26874719 1
26874779 1
26874779 40
26874899 1
26875027 5
26875027 1068
26875033 23
26875157 64
26875237 3515
26875273 3
26875313 7
26875327 600
26875361 4
26875463 36
26875591 261
26875631 1800
26875679 1
26875847 469
26875889 4
26875921 795
26876117 28
26876123 208
26876123 333
26876261 2659
26876281 3
26876281 59
26876347 57
26876491 53
26876501 43
26876537 4
26876537 1332
26876657 63
26876701 3
26876747 4797
26876789 4
26876891 33
26876999 4
26877007 324
26877083 841
26877239 1
26877239 60
26877283 525
26877337 12
26877337 9399
26877371 9
26877397 23
26877463 260
26877463 8585
26877491 1
26877551 1
26877563 1
26877649 12
26877671 696
26877671 6313
26877677 879
26877679 149
26877703 5
26877743 432
26877847 72
26877883 228
26877887 4
26877923 1
26877923 60
26877923 801
26877941 3648
26878081 48
26878097 3823
26878199 1
26878213 180
26878223 1
26878231 149
26878277 3340
26878277 4612
26878307 1045
26878393 6432
26878433 12
26878451 1
26878459 461
26878499 8220
26878619 1
26878627 9
26878727 33
26878823 12
26878823 1540
26878919 1
26878937 4099
26878949 7
26879009 4
26879051 4
26879117 7
26879141 175
26879327 9
26879327 1797
26879557 2028
26879653 1515
26879683 353
26879753 15
26879777 208
26879777 4723
26879789 7164
26879863 605
26879921 4
26879971 605
26880011 1
26880109 11
26880331 1800
26880367 5204
26880479 345
26880481 108
26880509 4
26880521 135
26880541 4211
26880683 16
26880683 708
26880697 164
26880701 2539
26880731 105
26880739 5
26880773 352
26880787 9
26880811 9
26880881 3
26880943 45
26880983 12
26881007 8280
26881013 1468
26881021 24
26881031 9
26881031 825
26881031 1201
26881033 3887
26881091 1
26881109 16
26881147 2285
26881187 172
26881207 9
26881207 2133
26881357 8
26881483 117
26881487 4
26881501 579
26881529 324
26881651 7188
26881667 97
26881747 33
26881763 1
26881769 4
26881801 216
26881831 8
26881843 8733
26881859 165
26881873 432
26881891 8
26881891 36
26881919 1
26881919 12
26881969 51
26881997 3
26882027 9
26882099 381
26882137 615
26882179 9
26882237 7
26882257 324
26882269 92
26882329 2192
26882413 3
26882417 3
26882419 5
26882459 24
26882467 9
26882503 6668
26882591 1
26882591 25
26882629 131
26882633 1155
26882651 736
26882657 220
26882671 5
26882693 12
26882743 5
26882759 1
26882773 167
26882893 35
26882951 373
26883083 25
26883097 3299
26883317 3
26883359 1
26883469 71
26883553 12
26883553 2216
26883589 12
26883599 1
26883611 1
26883611 960
26883697 363
26883697 1832
26883743 12
26883767 4
26883767 9
26883799 5
26883799 3920
26883911 13
26883931 8
26883931 308
26883959 1941
26883977 12
26883991 29
26884003 45
26884019 9
26884049 52
26884057 3
26884097 15
26884097 1632
26884139 76
26884267 353
26884289 4
26884337 3
26884379 4
26884379 645
26884477 612
26884549 20
26884549 111
26884553 28
26884553 151
26884577 19
26884597 227
26884603 5
26884609 27
26884619 261
26884703 13
26884733 12
26884873 12
26884873 468
26884883 1
26884919 1
26884997 379
26885069 51
26885147 673
26885231 3084
26885329 596
26885371 9
26885371 8949
26885423 145
26885473 27
26885489 19
26885489 8931
26885503 6945
26885557 339
26885603 181
26885647 48
26885863 5
26885923 57
26885951 25
26886001 3
26886089 76
26886109 732
26886133 11
26886157 3
26886157 35
26886257 2203
26886413 7
26886427 173
26886437 3
26886443 13
26886479 1
26886523 140
26886599 4357
26886647 184
26886647 385
26886647 4908
26886659 1
26886709 695
26886719 69
26886967 237
26886971 1
26886991 41
26887001 120
26887087 713
26887093 3683
26887117 3
26887121 3391
26887127 5937
26887163 100
26887327 29
26887351 1449
26887361 3
26887373 3
26887403 3588
26887457 3
26887481 3091
26887499 1
26887699 5705
26887753 12
26887951 2409
26887979 1
26888063 1
26888297 3
26888471 21
26888473 4767
26888489 4
26888513 676
26888513 3807
26888531 48
26888569 296
26888651 16
26888941 6183
26888959 3081
26889013 1107
26889013 5016
26889067 125
26889211 125
26889253 80
26889271 24
26889301 3
26889301 131
26889347 13
26889347 409
26889347 6492
26889413 43
26889419 4
26889439 17
26889463 33
26889523 12
26889523 320
26889539 12
26889619 21
26889619 3324
26889703 5613
26889761 60
26889791 7329
26889953 3
26889953 252
26890021 51
26890021 8831
26890147 572
26890169 1384
26890229 1411
26890247 13
26890267 5
26890321 24
26890321 8720
26890387 4020
26890399 921
26890411 213
26890417 1199
26890621 1439
26890739 1
26890741 723
26890777 140
26890777 4523
26891077 3
26891273 7600
26891309 495
26891519 9004
26891581 60
26891629 92
26891771 9
26891791 305
26891801 64
26891827 24
26891831 1
26891939 1
26891939 37
26891939 7485
26892067 8
26892139 5
26892139 9
26892149 411
26892179 1
26892233 36
26892323 3040
26892389 120
26892389 864
26892403 5
26892409 467
26892529 212
26892533 3
26892553 8063
26892611 1
26892637 423
26892709 12
26892709 3795
26892769 1239
26892857 87
26892907 1053
26892907 5820
26893019 216
26893019 384
26893081 215
26893211 1
26893283 220
26893289 867
26893333 36
26893343 1
26893387 12
26893453 476
26893459 189
26893481 19
26893481 136
26893567 8
26893597 884
26893639 585
26893649 307
26893703 1
26893717 35
26893781 379
26893837 12
26893871 1
26893883 1360
26893903 1713
26893961 39
26893961 2299
26894071 4940
26894093 3
26894093 163
26894099 1
26894159 4
26894297 7
26894507 2233
26894531 9
26894563 5
26894641 3
26894641 540
26894723 136
26894783 468
26894873 348
26894921 63
26895023 25
26895067 108
26895067 129
26895101 211
26895131 9
26895133 36
26895181 651
26895227 489
26895269 216
26895277 3
26895293 5152
26895373 3308
26895419 949
26895437 1192
26895493 27
26895541 104
26895551 4
26895553 1811
26895577 20
26895643 281
26895643 2736
26895839 180
26895899 1
26895899 49
26895949 84
26895971 24
26895983 13
26895991 656
26895991 1896
26896043 72
26896043 145
26896087 8
26896109 55
26896237 3
26896241 3375
26896283 1
26896283 12
26896283 120
26896621 3
26896711 8
26896739 1
26896757 1092
26896763 145
26896847 48
26896931 1
26896931 328
26896999 9
26897093 5752
26897153 16
26897159 1
26897201 2775
26897219 1
26897329 116
26897389 15
26897441 456
26897459 4
26897459 2077
26897459 2464
26897513 3
26897807 6420
26897851 20
26897891 2316
26897903 21
26897903 2473
26897917 32
26897933 87
26898061 99
26898239 16
26898259 96
26898317 3
26898427 9
26898427 144
26898439 2396
26898439 5720
26898461 4
26898461 288
26898511 324
26898527 24
26898541 68
26898629 27
26898763 161
26898769 387
26898769 5567
26898827 24
26898853 371
26898919 60
26898923 1
26898943 20
26898943 165
26899091 3744
26899133 3
26899177 1407
26899177 4464
26899199 1
26899283 7848
26899297 8
26899297 6023
26899331 4
26899429 12
26899429 80
26899441 3
26899517 2335
26899541 51
26899549 47
26899549 56
26899601 43
26899601 124
26899601 1639
26899643 1
26899643 348
26899709 1899
26899781 3
26899793 9912
26899931 4
26899969 11
26900017 1367
26900099 1
26900149 264
26900173 440
26900231 48
26900297 7
26900359 60
26900479 24
26900479 116
26900479 3704
26900557 3
26900617 23
26900617 6500
26900651 1
26900651 1444
26900767 264
26900767 4085
26900837 288
26900849 4
26900999 357
26901073 3
26901163 36
26901197 804
26901233 16
26901239 1
26901271 108
26901271 2765
26901313 3
26901323 1
26901349 35
26901367 12
26901419 1
26901557 1587
26901569 7
26901757 12
26901913 51
26901977 24
26902069 36
26902247 400
26902301 168
26902333 192
26902349 252
26902349 5431
26902363 36
26902439 1
26902549 191
26902583 57
26902583 3312
26902591 1148
26902607 4
26902657 39
26902751 21
26902819 12
26902819 405
26902859 24
26902867 5
26902871 1
26902901 1503
26902921 24
26902951 6033
26902963 9317
26902999 81
26903003 1
26903087 12
26903099 1
26903159 229
26903203 5
26903243 2532
26903431 6989
26903447 37
26903453 3
26903453 52
26903581 3
26903603 1
26903603 420
26903641 3
26903641 35
26903647 48
26903651 193
26903683 1281
26903761 3
26903797 59
26903837 3
26903861 283
26903897 7
26904037 915
26904193 135
26904239 1
26904239 4
26904239 2716
26904271 1313
26904331 96
26904359 1
26904359 9
26904359 12
26904359 40
26904377 7
26904389 112
26904391 56
26904419 61
26904461 3
26904461 4
26904461 63
26904629 340
26904643 261
26904643 7005
26904653 280
26904697 3099
26904901 3
26904919 45
26905037 4
26905037 984
26905091 25
26905091 76
26905097 475
26905097 2703
26905171 5
26905171 2148
26905313 400
26905493 3
26905523 1
26905709 139
26905727 468
26905733 636
26905757 3
26905757 2860
26905817 160
26905877 2548
26905913 1716
26906029 60
26906029 719
26906059 1476
26906081 3640
26906107 444
26906129 27
26906129 295
26906177 7095
26906197 3
26906197 24
26906197 192
26906197 867
26906219 1
26906227 1257
26906227 2465
26906273 52
26906273 87
26906387 9
26906387 33
26906459 9
26906521 3968
26906557 8163
26906599 5
26906629 35
26906683 57
26906687 1104
26906713 123
26906837 7
26906861 79
26906879 1
26906897 3
26906897 24
26906911 20
26906911 5516
26906939 40
26906953 1067
26906993 4128
26907031 5
26907113 535
26907227 4
26907227 45
26907239 9
26907323 1
26907323 121
26907383 1
26907431 1
26907533 1032
26907757 2759
26907763 68
26907763 105
26907791 28
26907883 773
26907961 1508
26907973 971
26908163 1
26908267 69
26908267 3260
26908309 11
26908309 320
26908417 308
26908493 3055
26908499 1
26908507 5
26908523 1716
26908547 4
26908627 17
26908691 1
26908691 4
26908697 3
26908759 5385
26908793 108
26908801 3215
26908811 1
26908963 117
26908967 1440
26909017 1695
26909083 4220
26909119 84
26909119 960
26909153 852
26909177 4
26909177 27
26909273 3
26909279 1
26909291 16
26909291 564
26909381 28
26909401 75
26909423 1
26909429 4
26909429 55
26909429 2484
26909431 2541
26909473 20
26909539 9
26909539 17
26909551 45
26909557 1815
26909579 24
26909629 15
26909801 1035
26909863 3708
26910001 2835
26910127 3272
26910241 56
26910283 12
26910283 132
26910319 3441
26910329 55
26910407 52
26910409 1316
26910421 579
26910557 3
26910679 5
26910701 64
26910911 489
26910967 12
26911033 4728
26911037 15
26911091 208
26911097 19
26911097 2539
26911123 1301
26911169 427
26911229 1024
26911253 5956
26911369 11
26911369 119
26911411 8
26911517 4419
26911529 427
26911607 72
26911637 4
26911637 1380
26911693 11
26911711 5
26911831 108
26911879 476
26911889 3424
26912033 7
26912033 55
26912077 272
26912131 681
26912131 3528
26912161 240
26912177 3
26912177 168
26912239 17
26912297 3
26912339 1
26912351 40
26912381 139
26912401 48
26912447 2608
26912449 11
26912449 60
26912573 31
26912593 867
26912663 1
26912663 16
26912713 3
26912729 4
26912741 268
26912843 12
26912891 4
26912891 1020
26912953 35
26912981 2655
26912981 8535
26913037 567
26913077 132
26913079 105
26913079 729
26913143 1
26913191 5064
26913251 1
26913269 360
26913277 8
26913373 3
26913407 160
26913407 4708
26913529 24
26913547 9
26913547 125
26913577 3335
26913767 1189
26913791 1
26913791 9529
26913857 2112
26913923 1
26913961 483
26913973 611
26914049 36
26914187 13
26914229 8151
26914423 3417
26914543 33
26914571 1
26914571 288
26914661 835
26914663 108
26914721 4
26914781 139
26914781 300
26914801 180
26914801 488
26914841 4
26914931 2788
26914939 57
26914957 5259
26915003 136
26915011 224
26915137 99
26915279 1
26915363 1
26915401 11
26915453 5716
26915507 12
26915563 401
26915569 104
26915633 7
26915659 741
26915731 389
26915731 2993
26915737 3
26915783 1
26915789 4
26915839 20
26915869 804
26915953 12
26915953 96
26916119 1
26916157 3
26916157 80
26916221 16
26916247 5
26916251 4245
26916257 708
26916257 1372
26916271 276
26916343 233
26916503 528
26916583 1500
26916629 732
26916671 1
26916697 2084
26916809 31
26916917 3
26917003 8
26917013 3
26917063 5
26917067 184
26917139 1
26917139 25
26917151 205
26917259 652
26917339 21
26917351 48
26917379 16
26917379 180
26917399 12
26917399 1464
26917469 15
26917577 4
26917577 1359
26917619 2884
26917651 6336
26917663 156
26917679 1
26917741 8871
26917763 5928
26917769 15
26917837 3479
26917949 4
26918051 136
26918207 48
26918209 51
26918321 6811
26918371 9
26918393 1755
26918399 12
26918491 165
26918503 80
26918519 1
26918581 3
26918659 197
26918737 3
26918893 51
26918917 864
26919077 12
26919103 68
26919121 20
26919121 24
26919197 7
26919209 79
26919241 8
26919241 5991
26919251 529
26919341 1911
26919479 7161
26919481 4991
26919521 31
26919521 231
26919533 123
26919589 207
26919649 12
26919679 5
26919679 9
26919733 8
26919791 664
26919883 393
26919911 1
26919911 4
26919911 16
26919929 16
26919931 5
26919943 377
26919943 7817
26920007 120
26920031 1
26920211 21
26920211 69
26920297 3
26920391 1
26920457 304
26920513 3
26920583 1
26920609 1191
26920727 13
26920769 99
26920823 1
26920897 140
26921003 1
26921003 2473
26921033 36
26921087 4068
26921123 1153
26921131 5
26921227 1257
26921249 24
26921267 1185
26921291 1
26921303 2001
26921341 1584
26921369 952
26921371 281
26921407 584
26921621 3
26921621 2500
26921711 685
26921717 28
26921731 8445
26921777 439
26921813 627
26921833 363
26921959 29
26921959 117
26921989 2552
26922011 1
26922041 3
26922131 4
26922151 8
26922193 11
26922241 3
26922241 311
26922293 16
26922299 1
26922299 5617
26922457 20
26922491 13
26922541 2156
26922613 1656
26922617 148
26922617 3627
26922683 1
26922683 85
26922697 3
26922697 32
26922733 3
26922757 5340
26922761 19
26922761 91
26922809 1584
26922809 8971
26922823 17
26922901 3
26922913 3
26922913 2516
26922953 15
26922953 88
26922977 228
26923181 120
26923249 24
26923297 99
26923319 9
26923333 275
26923423 53
26923441 35
26923441 195
26923483 12
26923489 32
26923537 803
26923667 1068
26923727 4504
26923747 149
26923859 12
26923909 155
26923991 16
26923991 6496
26924071 684
26924129 15
26924153 3
26924231 1
26924333 28
26924353 660
26924377 3
26924377 8
26924483 285
26924497 20
26924587 5
26924603 1
26924627 465
26924669 4035
26924713 15
26924773 2135
26924801 4
26924819 9136
26924831 1305
26924873 315
26924917 132
26925053 40
26925169 12
26925169 692
26925293 7
26925317 160
26925323 120
26925361 308
26925377 3
26925421 1895
26925421 4536
26925443 1
26925497 3
26925511 173
26925559 1397
26925581 4
26925599 4
26925629 55
26925629 244
26925667 8
26925667 24
26925683 1
26925707 24
26925803 1
26925817 24
26925851 2860
26925883 8
26925883 2528
26925919 5
26925931 9
26925989 232
26926001 3
26926001 171
26926139 136
26926241 183
26926271 1
26926301 108
26926357 68
26926373 1827
26926409 24
26926517 4
26926633 3
26926673 3
26926789 107
26926829 24
26926927 9
26926961 3
26927053 768
26927053 2388
26927101 708
26927113 431
26927141 3
26927209 32
26927209 51
26927239 5
26927261 3208
26927293 8
26927293 3747
26927321 4
26927567 9
26927669 352
26927717 4
26927783 1
26927801 3
26927839 2024
26927839 8780
26927911 6564
26927951 81
26927951 1509
26928067 1032
26928091 588
26928259 9
26928361 4256
26928373 11
26928373 4671
26928397 8
26928397 527
26928701 3
26928773 1587
26928829 912
26928893 6936
26928893 7903
26928971 13
26928971 180
26928971 924
26928977 7
26929069 156
26929157 2683
26929339 8081
26929363 8
26929391 4509
26929571 9
26929633 228
26929697 4
26929769 52
26929769 495
26929823 1
26929831 305
26929871 933
26929873 3
26929873 5136
26929939 2556
26929943 1
26929943 145
26930051 28
26930119 4520
26930129 4332
26930147 1813
26930179 96
26930213 7
26930249 115
26930249 376
26930437 492
26930443 20
26930443 732
26930443 8408
26930461 195
26930591 1
26930633 240
26930719 176
26930899 24
26930899 785
26930947 12
26930987 52
26931007 333
26931013 63
26931139 9
26931139 36
26931139 117
26931143 1
26931461 3
26931479 1
26931481 3
26931511 236
26931559 365
26931559 801
26931571 225
26931571 300
26931581 48
26931677 12
26931823 4473
26931851 13
26931857 4
26931869 84
26931887 12
26931959 1
26931977 3
26931977 499
26931979 56
26932019 1
26932043 1
26932043 25
26932043 2392
26932051 428
26932069 572
26932079 4660
26932219 92
26932259 1
26932309 27
26932331 1
26932331 7513
26932393 3
26932429 156
26932439 1
26932487 4
26932523 1
26932523 36
26932523 48
26932567 5
26932651 5
26932657 6444
26932681 363
26932691 4
26932691 2065
26932819 185
26932883 1837
26932889 1384
26932951 3024
26932993 3
26932993 360
26932999 20
26933047 1212
26933171 1
26933183 1
26933243 81
26933261 5736
26933363 853
26933383 8
26933383 141
26933461 8
26933461 1064
26933471 2833
26933603 1
26933653 6588
26933747 48
26933839 41
26933873 15
26933923 416
26933923 1641
26933983 20
26934029 12
26934041 39
26934041 783
26934041 1096
26934059 537
26934107 169
26934143 5212
26934161 1543
26934373 11
26934421 11
26934527 105
26934601 11
26934617 39
26934659 541
26934673 27
26934689 12
26934689 75
26934757 279
26934757 5439
26934811 708
26934821 4
26934839 1
26934893 268
26934949 36
26935031 108
26935037 355
26935079 136
26935087 233
26935087 8093
26935121 7164
26935127 4
26935133 16
26935169 99
26935253 6612
26935333 35
26935379 4
26935379 97
26935379 372
26935379 2109
26935439 12
26935439 469
26935453 2123
26935523 36
26935547 300
26935679 36
26935679 72
26935687 9
26935703 1
26935813 6915
26935823 5397
26935933 51
26936113 72
26936141 4
26936159 3496
26936213 12
26936227 44
26936257 1328
26936263 737
26936291 460
26936317 3
26936317 123
26936353 111
26936359 20
26936359 21
26936383 168
26936461 51
26936521 476
26936531 1
26936543 1
26936579 7056
26936729 39
26936753 3
26936771 1
26936779 44
26936831 96
26936957 3
26936977 723
26937011 321
26937013 5783
26937067 5
26937103 5
26937241 2771
26937319 5
26937371 24
26937397 8687
26937437 27
26937467 4
26937593 448
26937637 212
26937751 105
26937769 5012
26937787 3233
26937793 15
26937857 408
26937913 60
26937913 788
26937917 3
26938031 1
26938063 101
26938193 3
26938201 500
26938321 8180
26938367 28
26938463 412
26938501 1856
26938559 1
26938621 1203
26938711 56
26938781 591
26938843 137
26938843 2721
26938909 8691
26938939 297
26938973 123
26938991 25
26938993 87
26939083 7073
26939089 11
26939111 2245
26939123 1
26939123 4645
26939177 3
26939183 1
26939201 8679
26939249 75
26939257 107
26939281 111
26939351 6136
26939377 23
26939377 27
26939401 3
26939453 5263
26939453 8823
26939467 420
26939467 3600
26939483 481
26939537 63
26939599 7704
26939641 1140
26939723 1
26939867 9060
26939921 9399
26939981 136
26940083 4161
26940143 1
26940163 173
26940503 88
26940553 303
26940701 3883
26940959 244
26940959 364
26940961 3
26940961 204
26940961 876
26941009 11
26941049 60
26941151 1
26941171 96
26941171 153
26941171 1040
26941181 76
26941333 2388
26941381 116
26941403 16
26941403 2688
26941429 32
26941451 1
26941477 12
26941559 1
26941741 84
26941777 24
26941793 60
26941801 1236
26941823 1
26941877 3
26941919 1
26941933 291
26942017 3
26942017 8
26942029 195
26942099 49
26942159 1
26942243 1
26942257 63
26942257 87
26942261 16
26942261 136
26942287 48
26942339 9
26942417 3
26942423 1
26942491 69
26942521 3
26942563 740
26942749 99
26942749 3816
26942939 4225
26942963 1
26943023 1
26943089 4
26943127 9645
26943251 61
26943551 40
26943599 1
26943641 3
26943751 9
26943779 781
26943781 35
26943781 639
26943811 89
26943823 53
26943823 156
26943893 7
26944091 129
26944111 89
26944111 840
26944121 55
26944199 277
26944237 24
26944241 2040
26944259 429
26944321 239
26944361 168
26944471 536
26944481 175
26944481 1011
26944513 20
26944553 7348
26944751 1
26944759 56
26944759 2244
26944763 1
26944823 13
26944849 51
26944861 8
26944993 6552
26945057 72
26945057 103
26945111 165
26945131 341
26945179 41
26945273 3
26945291 1
26945299 5
26945393 1036
26945467 24
26945467 45
26945519 1
26945519 1429
26945539 5
26945623 17
26945741 1471
26945747 124
26945747 3784
26945749 575
26945791 3060
26945791 4581
26946109 315
26946233 15
26946277 119
26946289 267
26946289 756
26946289 1695
26946289 3440
26946299 1
26946371 4
26946449 2896
26946461 4
26946523 41
26946527 373
26946587 49
26946587 172
26946613 708
26946629 16
26946643 33
26946727 3057
26946749 19
26946779 1
26946817 2360
26946911 4
26946919 224
26946919 276
26946937 3
26946971 1
26946991 5
26946991 2405
26947031 1716
26947033 36
26947163 1
26947189 3176
26947229 264
26947289 616
26947321 3
26947321 1679
26947457 4
26947517 507
26947561 1359
26947607 8985
26947639 3905
26947741 23
26947741 303
26947793 6928
26947801 3
26947801 800
26948039 1
26948039 1000
26948041 11
26948063 1
26948063 808
26948107 5
26948161 11
26948227 8
26948297 3
26948297 8572
26948323 261
26948329 15
26948329 1575
26948359 12
26948377 8
26948423 1
26948501 28
26948561 3
26948563 21
26948681 19
26948711 1
26948741 4
26948777 7
26948843 1
26948983 53
26948989 12
26949047 9
26949047 1209
26949157 3
26949179 1
26949193 3
26949193 8
26949193 35
26949203 460
26949217 2484
26949317 3
26949457 1904
26949469 716
26949649 7896
26949701 51
26949719 117
26949719 4405
26949763 912
26949803 208
26949817 68
26949829 744
26949829 2060
26950123 12
26950127 904
26950169 16
26950177 140
26950241 3
26950241 24
26950361 4
26950403 448
26950409 640
26950421 435
26950523 1
26950523 6916
26950529 5619
26950619 4
26950639 36
26950691 1
26950697 127
26950697 340
26950711 8
26950747 1020
26950751 5880
26950883 1
26950907 792
26950999 5
26951003 1641
26951077 3
26951107 20
26951107 2004
26951117 64
26951117 2343
26951213 112
26951311 381
26951543 73
26951591 1
26951737 539
26951761 23
26951789 4
26951797 608
26951807 25
26951833 15
26951833 2807
26952043 2117
26952083 1
26952091 8
26952131 40
26952139 5
26952139 17
26952173 3
26952181 24
26952181 99
26952181 1064
26952329 351
26952473 4075
26952491 9
26952593 12
26952683 1
26952713 3127
26952781 8
26952799 5
26952823 2192
26952869 499
26952953 27
26952953 51
26953037 3559
26953081 8
26953169 12
26953169 7336
26953187 193
26953219 5
26953247 117
26953387 12
26953439 9820
26953489 1059
26953489 4031
26953583 45
26953637 4
26953873 11
26953873 435
26953873 732
26953937 3
26953957 3
26954047 9233
26954071 8
26954117 468
26954177 8727
26954189 4
26954267 877
26954297 48
26954303 112
26954329 12
26954423 7380
26954437 3
26954437 104
26954467 65
26954513 316
26954539 17
26954549 40
26954633 148
26954699 45
26954747 8280
26954801 3
26954801 231
26954803 8937
26954857 159
26954869 6507
26954929 99
26954951 1
26954951 213
26955067 1568
26955083 1
26955101 4
26955139 9
26955169 20
26955199 5
26955371 1
26955479 1
26955479 117
26955671 1
26955673 488
26955751 360
26955767 604
26955781 299
26955791 1801
26955823 108
26955847 4193
26955871 41
26955947 540
26955949 24
26955989 7
26956031 45
26956151 1
26956151 7680
26956211 81
26956211 3768
26956213 8
26956213 6827
26956243 5
26956291 8
26956297 119
26956297 1452
26956343 1
26956343 237
26956351 20
26956361 3
26956379 45
26956471 60
26956519 17
26956583 52
26956607 108
26956607 3852
26956663 5921
26956691 1
26956703 36
26956717 12
26956717 119
26956843 873
26956859 1
26956871 1764
26957071 4520
26957141 36
26957261 2248
26957341 4323
26957419 29
26957471 1
26957471 9
26957471 6849
26957543 1
26957663 88
26957737 3
26957737 23
26957737 132
26957747 28
26957773 48
26957797 315
26957831 1060
26957851 633
26957857 1764
26957911 68
26957939 1
26957939 40
26957939 4612
26958101 3595
26958101 8011
26958121 48
26958121 5991
26958133 3
26958161 3
26958229 4124
26958259 1877
26958263 2656
26958301 3
26958341 7023
26958383 1
26958383 436
26958419 1
26958467 9
26958467 1888
26958517 27
26958541 95
26958541 1419
26958593 7696
26958611 1
26958641 468
26958697 3
26958697 375
26958707 9
26958769 411
26958773 3
26958779 1
26958779 4
26958791 24
26958791 28
26958803 1
26958839 1
26959027 4629
26959039 672
26959091 108
26959277 7
26959301 3
26959319 364
26959333 1572
26959333 3720
26959397 600
26959463 1
26959507 473
26959511 1
26959549 3084
26959571 1
26959573 3
26959693 3
26959783 4277
26959831 21
26959847 4
26959859 24
26959949 52
26959963 212
26959967 6468
26959981 635
26960051 1
26960077 3372
26960081 19
26960159 1
26960257 8
26960273 5163
26960293 23
26960293 5012
26960299 45
26960341 3
26960341 1068
26960413 9920
26960447 49
26960551 128
26960651 7309
26960653 27
26960723 96
26960779 5
26960809 20
26960863 36
26960887 753
26960933 12
26960951 16
26961013 231
26961061 119
26961079 84
26961079 4745
26961113 40
26961131 1
26961157 6852
26961169 156
26961191 1
26961191 25
26961281 3
26961283 800
26961299 1
26961299 16
26961317 7
26961317 15
26961373 227
26961373 2175
26961377 2575
26961379 192
26961421 35
26961427 93
26961427 348
26961427 1232
26961449 5455
26961527 1333
26961533 648
26961533 3456
26961607 2204
26961709 356
26961743 40
26961769 492
26961821 123
26961839 36
26961889 207
26961919 552
26962189 639
26962211 160
26962241 1860
26962337 24
26962337 244
26962451 60
26962457 9403
26962499 1
26962571 1
26962583 1
26962589 751
26962627 12
26962643 21
26962667 12
26962717 780
26962753 47
26962783 57
26962807 168
26962807 2244
26962811 184
26962883 340
26962909 44
26962921 3
26962987 6569
26963017 23
26963029 1071
26963093 7
26963137 9708
26963213 12
26963213 196
26963231 1
26963249 40
26963329 3432
26963371 5
26963393 5280
26963401 3
26963467 12
26963467 17
26963473 15
26963483 1
26963719 12
26963723 40
26963749 44
26963789 211
26963809 1211
26963821 3
26963821 4139
26963873 12
26963879 580
26963927 4
26963941 3419
26963969 120
26963999 1
26964001 1623
26964037 828
26964137 528
26964269 60
26964283 2837
26964319 4469
26964331 84
26964367 248
26964367 600
26964433 20
26964493 12
26964493 56
26964551 1
26964571 705
26964631 20
26964659 2160
26964701 4
26964701 48
26964701 4111
26964719 301
26964733 8
26964911 1
26964929 927
26965051 56
26965061 4
26965087 84
26965109 19
26965139 616
26965139 2412
26965151 13
26965153 15
26965259 1
26965291 105
26965387 48
26965441 6659
26965481 8836
26965651 161
26965663 1041
26965703 1
26965747 8
26965831 65
26965879 149
26965907 4
26965909 1004
26965931 1
26965931 13
26965943 1
26965943 480
26965949 4
26966039 4
26966089 8976
26966123 1
26966123 5001
26966167 53
26966279 441
26966287 53
26966321 4
26966321 15
26966321 528
26966341 179
26966393 2512
26966473 20
26966519 1392
26966657 12
26966663 1740
26966699 4
26966699 45
26966837 195
26966963 1
26967091 9
26967091 2625
26967097 39
26967173 3
26967181 1508
26967257 15
26967271 2936
26967341 4
26967349 11
26967359 1
26967443 1
26967599 1
26967637 9980
26967713 72
26967817 267
26967823 1881
26967877 3
26967877 527
26967877 1224
26967877 8627
26967907 93
26967907 348
26967911 24
26967943 3900
26968003 6140
26968021 84
26968091 13
26968093 680
26968093 7952
26968099 5
26968223 1
26968223 36
26968243 8
26968243 312
26968399 116
26968421 31
26968547 1065
26968589 4
26968589 67
26968633 2148
26968633 2952
26968661 559
26968703 1
26968897 47
26968913 7156
26968943 337
26968979 1509
26969003 1
26969011 7433
26969119 9
26969153 88
26969167 293
26969183 13
26969203 72
26969219 1
26969291 5868
26969321 456
26969347 3740
26969359 36
26969441 496
26969641 3
26969647 5684
26969743 5
26969743 5385
26969779 320
26969863 8
26969879 280
26969953 123
26969981 55
26970011 1
26970071 1
26970107 5505
26970179 25
26970227 4
26970239 9
26970239 885
26970353 3
26970431 6049
26970487 92
26970539 120
26970553 8
26970577 1304
26970583 48
26970617 652
26970641 3
26970683 1
26970731 5253
26970751 3233
26970787 5
26970803 1
26970821 1171
26970883 137
26970971 469
26971081 3
26971081 219
26971123 5
26971159 921
26971229 31
26971229 36
26971253 96
26971349 31
26971397 39
26971463 57
26971487 49
26971589 180
26971619 16
26971691 2785
26971993 7611
26971999 1376
26972041 20
26972069 7
26972161 3
26972171 1
26972203 5
26972227 2649
26972249 12
26972303 1
26972401 15
26972483 52
26972527 1404
26972563 17
26972683 396
26972717 4
26972717 7
26972773 3
26972807 57
26972809 6491
26972879 261
26972903 12
26972917 3
26972917 1232
26972923 7476
26973047 4
26973059 81
26973097 704
26973119 1
26973127 744
26973209 1572
26973283 401
26973299 184
26973421 99
26973533 192
26973581 4
26973631 225
26973631 6768
26973707 48
26973721 3
26973721 899
26974001 928
26974021 3
26974021 36
26974043 2836
26974081 771
26974093 27
26974097 4
26974111 189
26974127 4609
26974141 339
26974169 64
26974169 4927
26974169 7036
26974231 7161
26974237 68
26974273 3
26974273 8
26974301 4
26974399 9
26974543 7716
26974639 21
26974639 45
26974691 4
26974697 600
26974789 240
26974799 165
26974819 5
26974819 6465
26974819 9684
26974823 1
26974841 1111
26974877 547
26974879 1224
26974907 5844
26974919 1
26974919 1069
26975059 17
26975077 1035
26975131 48
26975161 839
26975281 3
26975281 620
26975287 65
26975317 3
26975341 1776
26975353 195
26975369 4
26975477 4
26975477 99
26975537 88
26975561 268
26975579 61
26975623 60
26975653 3
26975653 992
26975657 472
26975693 75
26975759 1
26975807 4
26975831 1
26975867 13
26975929 2787
26975939 1
26975959 12
26976023 1
26976097 1199
26976121 224
26976133 3195
26976221 36
26976223 57
26976223 288
26976227 312
26976233 67
26976307 1280
26976359 1
26976487 20
26976497 163
26976601 2024
26976617 507
26976869 4
26976869 1167
26976967 17
26977019 61
26977051 5
26977063 8960
26977121 79
26977121 415
26977123 245
26977127 24
26977127 517
26977273 11
26977273 72
26977277 1515
26977381 9096
26977417 8
26977429 80
26977523 1
26977679 1
26977679 69
26977693 320
26977703 597
26977703 1473
26977729 24
26977849 51
26977879 5264
26977889 39
26977889 75
26977969 311
26977969 6140
26977981 3
26978051 1308
26978053 32
26978059 104
26978129 1180
26978213 208
26978363 4881
26978543 1
26978599 200
26978621 3
26978761 3
26978761 1040
26978923 5
26978923 5061
26979101 4
26979163 5
26979181 816
26979311 1
26979383 1
26979383 25
26979389 924
26979419 40
26979439 12
26979451 864
26979451 4424
26979497 27
26979539 1
26979539 145
26979607 5
26979607 6168
26979643 3728
26979683 16
26979683 2112
26979691 341
26979779 1
26979781 3
26979781 23
26979863 9013
26979899 1
26979899 4
26979971 604
26980097 187
26980099 5
26980123 528
26980189 140
26980223 12
26980253 7
26980253 1048
26980253 5263
26980279 60
26980463 1
26980463 12
26980553 96
26980567 284
26980567 1769
26980621 3
26980729 839
26980801 771
26980843 8
26980883 57
26980981 860
26981051 13
26981063 4876
26981131 224
26981267 3408
26981299 105
26981407 29
26981417 144
26981419 1364
26981519 21
26981519 900
26981519 1641
26981543 1
26981543 592
26981551 44
26981609 4755
26981627 4
26981639 16
26981651 1
26981651 3589
26981663 3060
26981693 3292
26981699 361
26981741 180
26981753 103
26981789 4
26981827 17
26981833 120
26981837 15
26981951 16
26982037 3
26982037 2412
26982061 944
26982149 276
26982181 63
26982217 32
26982229 95
26982233 696
26982239 4
26982359 1
26982359 4000
26982419 1
26982433 27
26982467 28
26982467 1104
26982497 3
26982503 148
26982539 4312
26982563 1
26982649 2496
26982661 84
26982701 28
26982701 264
26982721 23
26982727 780
26982853 8
26982853 743
26983009 44
26983081 363
26983091 1
26983091 153
26983093 3
26983127 105
26983141 2100
26983171 36
26983241 1135
26983241 1575
26983259 1
26983331 9
26983331 84
26983349 364
26983349 835
26983373 1143
26983381 1944
26983387 12
26983493 15
26983493 55
26983529 7
26983571 1
26983589 16
26983603 5
26983637 4
26983721 3031
26983787 69
26983813 3
26983813 695
26983823 1
26983889 171
26983937 12
26983937 5532
26983993 1211
26984099 184
26984119 5
26984131 9533
26984549 187
26984549 9511
26984557 8
26984591 1
26984591 4
26984591 16
26984591 28
26984623 1217
26984701 3
26984801 75
26984879 637
26984939 1
26984941 183
26984981 228
26985169 12
26985193 75
26985197 435
26985223 1041
26985227 9
26985227 129
26985353 3
26985383 25
26985481 68
26985587 553
26985659 1
26985731 4
26985743 1
26985743 5377
26985809 7
26985809 19
26985989 39
26985991 1661
26986009 627
26986033 792
26986181 3
26986331 1
26986417 3
26986447 29
26986471 56
26986571 489
26986657 423
26986753 296
26986807 9
26986807 228
26986831 29
26986877 2392
26986879 5
26986901 3
26986901 4
26986909 35
26986913 976
26986913 7708
26986943 28
26986943 261
26986969 176
26987021 691
26987021 1644
26987021 3031
26987069 2391
26987137 7059
26987141 3
26987309 1972
26987537 3
26987561 3
26987561 243
26987567 4
26987567 12
26987599 21
26987693 31
26987869 99
26987981 316
26988121 9984
26988149 9996
26988161 40
26988167 9
26988191 1
26988191 2460
26988233 16
26988233 63
26988317 9847
26988359 24
26988359 112
26988371 16
26988419 240
26988463 5
26988557 223
26988583 3257
26988659 25
26988697 8
26988697 123
26988719 444
26988737 327
26988737 1368
26988761 1336
26988769 252
26988823 392
26988833 36
26988919 117
26988919 584
26988991 5
26989087 9
26989199 1
26989231 185
26989397 480
26989507 77
26989559 1
26989607 817
26989621 519
26989661 3
26989661 36
26989717 443
26989789 204
26989813 5135
26989951 8
26990099 16
26990123 2037
26990143 1296
26990149 536
26990149 912
26990149 3672
26990191 165
26990219 4
26990297 3
26990321 2179
26990333 208
26990357 387
26990413 207
26990531 1
26990531 4
26990531 144
26990591 316
26990617 39
26990641 3935
26990683 2072
26990699 1
26990729 156
26990741 483
26990767 12
26990807 9
26990879 601
26990933 676
26990933 1615
26991043 81
26991059 36
26991127 17
26991163 5672
26991203 1
26991227 40
26991281 15
26991337 4547
26991353 3
26991353 420
26991383 1
26991451 5
26991491 93
26991521 3
26991521 388
26991541 4064
26991557 3
26991623 1
26991641 3583
26991737 4
26991863 972
26991883 36
26991901 3
26991919 269
26991941 568
26991973 51
26991973 83
26992033 2027
26992037 1032
26992079 1
26992081 4623
26992099 929
26992111 5
26992117 15
26992123 5
26992313 27
26992313 763
26992373 3
26992373 135
26992411 29
26992571 1
26992607 6100
26992621 3
26992621 8
26992627 5
26992627 12
26992631 60
26992703 81
26992717 1047
26992769 7
26992859 2296
26992871 228
26993089 56
26993089 927
26993117 1380
26993143 308
26993179 89
26993179 104
26993269 5655
26993339 2409
26993353 3
26993413 56
26993437 20
26993437 48
26993479 5816
26993489 172
26993507 288
26993543 16
26993543 33
26993543 417
26993657 4035
26993677 8
26993873 28
26993899 129
26993969 1191
26994083 100
26994197 15
26994199 21
26994311 1668
26994439 12
26994463 33
26994463 581
26994491 1
26994511 8
26994601 264
26994607 3920
26994629 64
26994641 16
26994659 1
26994733 3
26994917 199
26994971 84
26995009 2516
26995021 143
26995043 1
26995043 133
26995057 3
26995151 4
26995211 1
26995211 4
26995291 188
26995313 6388
26995349 96
26995349 1827
26995379 181
26995471 3113
26995481 4075
26995483 585
26995511 205
26995547 208
26995567 8
26995567 17
26995687 428
26995687 888
26995849 275
26995849 884
26995879 5
26995933 3
26996003 1
26996003 6172
26996041 3
26996077 2735
26996111 120
26996113 152
26996279 1
26996279 37
26996317 344
26996353 75
26996353 387
26996363 1
26996363 108
26996363 472
26996369 1047
26996393 4651
26996449 15
26996551 144
26996617 3699
26996623 68
26996633 16
26996633 1791
26996677 8
26996699 337
26996707 1608
26996741 16
26996759 1
26996759 52
26996797 27
26996843 9457
26996881 63
26996899 20
26996909 396
26997017 444
26997121 23
26997211 5
26997247 5
26997301 3
26997329 3427
26997473 7
26997569 4
26997587 4
26997601 39
26997623 13
26997667 800
26997671 1
26997701 16
26997797 232
26997857 148
26997863 1
26997923 1
26997923 313
26997947 24
26998019 9
26998019 9169
26998039 1376
26998201 20
26998229 15
26998229 204
26998327 24
26998457 4
26998469 15
26998469 76
26998471 5096
26998591 9
26998603 48
26998679 621
26998733 7
26998733 1095
26998747 33
26998747 117
26998781 3
26998781 43
26998877 3
26998877 115
26998897 35
26998897 6584
26999131 549
26999249 7
26999293 3
26999411 1
26999501 3
26999501 376
26999501 943
26999501 1363
26999563 9732
26999579 760
26999579 7209
26999597 4
26999647 753
26999669 39
26999669 295
26999773 11
26999813 196
26999837 4
26999849 780
26999873 27
26999879 4
26999939 1
26999939 249
