18000041 79
18000041 735
18000067 8
18000137 4
18000137 12
18000137 1107
18000139 5
18000149 139
18000371 7120
18000397 3
18000527 2680
18000539 1
18000571 7476
18000683 1
18000683 252
18000769 356
18000803 1
18000877 188
18000901 651
18000919 29
18000971 21
18001031 1
18001031 429
18001117 180
18001343 273
18001381 2519
18001441 488
18001457 355
18001519 9945
18001567 405
18001579 29
18001597 8
18001673 3
18001673 631
18001693 3
18001729 3491
18001849 87
18001859 1
18001871 36
18001891 404
18001901 4363
18001909 104
18001931 25
18001969 72
18002051 1
18002141 3
18002141 4
18002141 16
18002161 360
18002189 6787
18002233 23
18002273 7767
18002389 1707
18002489 7
18002587 225
18002641 3
18002641 56
18002651 4
18002657 123
18002737 8
18002807 4
18002807 4132
18002839 7280
18002843 1
18002849 5247
18002851 45
18002911 2016
18002911 8496
18002923 12
18003019 152
18003023 1113
18003067 137
18003067 3140
18003079 5
18003137 60
18003137 1347
18003137 2899
18003253 252
18003253 3968
18003299 1
18003371 1
18003407 28
18003407 372
18003599 4
18003701 91
18003703 4833
18003763 8
18003763 12
18003827 52
18003847 72
18003859 2436
18004249 36
18004367 4
18004367 3520
18004379 7264
18004463 1
18004579 5
18004627 5
18004627 24
18004627 429
18004639 24
18004691 25
18004697 652
18004697 2095
18004733 36
18004801 119
18004919 1
18004937 24
18004957 2988
18004991 1
18004999 29
18005041 179
18005147 160
18005161 75
18005287 7385
18005291 4
18005291 45
18005353 395
18005357 3
18005467 9
18005473 3
18005497 1007
18005503 2468
18005579 40
18005593 3
18005621 1471
18005621 4455
18005681 4
18005707 8
18005753 103
18005807 13
18005807 145
18005843 1
18005843 21
18005843 697
18005971 456
18005993 1531
18005993 3027
18006031 20
18006059 537
18006277 23
18006299 4
18006299 16
18006299 6661
18006323 93
18006323 3681
18006323 3753
18006323 9645
18006347 72
18006389 4
18006431 5224
18006613 2480
18006643 116
18006647 100
18006647 924
18006647 2352
18006649 6551
18006673 63
18006673 320
18006881 15
18006899 9
18006943 12
18006973 20
18006997 20
18007013 3
18007013 3523
18007037 4740
18007061 3
18007151 61
18007151 2629
18007273 15
18007273 108
18007357 183
18007501 39
18007501 116
18007501 128
18007529 4
18007537 207
18007547 4
18007553 15
18007553 16
18007727 2620
18007729 35
18007739 1
18007739 172
18007817 55
18007823 1
18007849 504
18007853 388
18008033 1807
18008041 144
18008093 60
18008113 311
18008161 6759
18008209 15
18008231 48
18008293 36
18008339 1092
18008351 1
18008351 2160
18008387 4
18008413 123
18008519 1
18008539 8489
18008579 361
18008621 2224
18008647 5880
18008657 4
18008663 313
18008821 95
18008821 6851
18008857 24
18008869 1592
18008911 3200
18008911 3761
18008917 12
18008989 92
18008989 287
18008993 7095
18009049 32
18009059 25
18009107 28
18009119 21
18009119 1045
18009133 431
18009197 3
18009227 580
18009421 3
18009479 249
18009539 1725
18009553 56
18009659 52
18009683 76
18009821 3
18009881 4
18009881 1440
18009949 4487
18009973 3
18010037 87
18010103 213
18010121 4003
18010147 965
18010211 4
18010211 268
18010243 12
18010243 6821
18010339 17
18010547 220
18010607 2773
18010693 243
18010697 39
18010757 7
18010781 1776
18010787 37
18010787 45
18010787 84
18010819 4445
18010891 8348
18010919 4
18010963 41
18011009 51
18011017 24
18011039 3721
18011237 43
18011243 25
18011299 5
18011309 7476
18011317 3
18011437 24
18011437 240
18011479 20
18011533 371
18011629 479
18011641 8
18011821 324
18011831 4201
18011839 444
18011869 11
18011893 240
18012047 120
18012083 1
18012091 8
18012091 20
18012097 3
18012143 177
18012173 135
18012193 272
18012251 1
18012251 25
18012341 3
18012341 156
18012343 701
18012431 9
18012431 396
18012499 20
18012499 2577
18012569 19
18012661 336
18012661 864
18012719 660
18012721 296
18012737 27
18012793 12
18012853 36
18012853 1223
18012881 1548
18012881 1959
18012971 1
18012971 4
18013049 12
18013109 132
18013141 8
18013153 1796
18013181 15
18013189 96
18013189 5451
18013199 16
18013277 2655
18013433 16
18013529 3760
18013559 25
18013559 3096
18013609 7160
18013651 1196
18013651 1245
18013657 212
18013657 408
18013673 100
18013711 53
18013741 9735
18013747 9
18013781 3
18013813 3
18013823 16
18013841 168
18013913 1240
18013987 12
18013997 4
18014063 1
18014107 44
18014107 509
18014111 25
18014209 20
18014219 1
18014219 1996
18014279 240
18014303 1
18014383 3740
18014393 3
18014417 43
18014473 71
18014537 135
18014537 2367
18014567 1888
18014593 3
18014653 8
18014687 3252
18014701 3128
18014761 476
18014779 461
18014833 3
18014921 163
18014939 1
18015017 2908
18015073 3
18015091 4428
18015197 703
18015253 752
18015301 3399
18015329 1656
18015329 3612
18015383 1
18015383 1360
18015541 668
18015587 85
18015607 8100
18015689 1899
18015719 49
18015749 72
18015821 3
18015913 3
18015913 323
18015997 3
18016021 3
18016021 36
18016079 1
18016133 120
18016133 168
18016139 1
18016169 7
18016307 88
18016331 1
18016331 793
18016421 135
18016421 156
18016517 355
18016519 2312
18016543 8
18016577 2587
18016643 12
18016721 3304
18016759 152
18016781 2211
18016793 5563
18016829 4
18016829 2127
18016861 1683
18016907 12
18016913 3
18016913 31
18016927 3728
18016949 112
18016961 184
18016963 8
18016963 965
18017053 35
18017101 219
18017147 664
18017159 1
18017201 216
18017429 7
18017521 8
18017627 480
18017647 329
18017651 1
18017663 1
18017663 61
18017669 124
18017669 1875
18017749 27
18017749 1712
18017891 816
18017891 2728
18017911 144
18017959 12
18017959 89
18018053 40
18018067 12
18018067 569
18018067 1340
18018073 152
18018107 9
18018127 33
18018157 3
18018191 1
18018263 1
18018271 33
18018277 3
18018281 8211
18018293 960
18018373 8
18018551 4
18018617 7
18018697 60
18018839 1
18018911 1
18018911 4
18018943 33
18018971 813
18018983 16
18019271 1
18019271 64
18019301 28
18019387 1997
18019457 4
18019493 6400
18019531 4065
18019531 6620
18019559 1
18019567 9473
18019627 48
18019667 4
18019667 12
18019667 369
18019669 1284
18019693 3
18019913 7
18019993 32
18020027 4
18020111 693
18020231 1
18020243 117
18020243 2601
18020251 9
18020309 124
18020309 2859
18020347 8
18020413 3200
18020441 4
18020447 1920
18020503 353
18020551 7565
18020623 21
18020647 5
18020767 149
18020957 7
18020963 1
18020971 5621
18021197 3
18021233 12
18021239 624
18021347 412
18021371 264
18021449 15
18021463 20
18021463 60
18021511 5976
18021527 24
18021527 297
18021529 12
18021629 19
18021629 3975
18021637 23
18021677 4
18021691 7268
18021713 3603
18021781 4379
18021947 49
18021959 1
18022007 109
18022073 7
18022073 28
18022073 52
18022141 3
18022141 123
18022153 11
18022153 975
18022399 4056
18022429 3731
18022453 312
18022481 79
18022481 163
18022523 253
18022549 24
18022591 5
18022643 7836
18022681 48
18022691 4
18022729 432
18022817 7
18022847 12
18022847 25
18022859 4
18022909 15
18023017 3
18023023 32
18023101 20
18023101 168
18023113 11
18023113 20
18023171 1
18023273 3
18023293 32
18023503 36
18023503 2181
18023521 3
18023549 6907
18023561 3
18023561 144
18023561 2635
18023591 4
18023611 1388
18023633 31
18023729 12
18023777 315
18023801 495
18023833 1452
18023849 19
18023909 7
18023947 9
18023981 39
18024011 160
18024067 8
18024169 431
18024169 4460
18024239 4
18024239 100
18024239 396
18024263 1
18024317 19
18024343 921
18024371 1780
18024373 3
18024401 3
18024401 4
18024467 12
18024493 12
18024527 60
18024551 1
18024563 157
18024581 5563
18024659 1
18024761 835
18024761 3831
18024779 949
18024793 447
18024827 57
18024911 1
18024931 296
18024971 1
18025001 4
18025001 15
18025019 76
18025157 915
18025159 2117
18025181 75
18025223 1
18025297 3
18025297 635
18025297 1428
18025349 1447
18025391 5776
18025417 2955
18025453 48
18025499 9
18025577 19
18025589 7324
18025633 60
18025649 1792
18025669 11
18025669 1311
18025703 388
18025717 1035
18025717 4863
18025751 1
18025783 92
18025841 48
18025879 5
18025921 3
18025921 1044
18025961 4
18026009 856
18026027 4
18026059 17
18026059 1301
18026161 6863
18026179 84
18026219 1
18026257 12
18026279 1
18026287 8
18026287 177
18026357 124
18026387 37
18026387 205
18026399 37
18026453 43
18026461 80
18026527 12
18026653 6476
18026663 33
18026821 84
18026831 1
18026831 4
18026887 3773
18026909 4
18026941 2055
18026941 2696
18027011 4
18027013 140
18027043 65
18027209 7
18027227 348
18027227 748
18027283 5
18027379 1865
18027431 13
18027431 133
18027481 3
18027491 1260
18027521 588
18027631 5
18027661 84
18027673 3
18027679 3557
18027731 4
18027761 39
18027761 63
18027829 15
18027853 435
18027899 60
18027943 93
18027959 1
18027959 192
18028057 3
18028079 100
18028091 373
18028121 3
18028147 212
18028147 2772
18028189 255
18028277 4347
18028319 1
18028337 99
18028357 80
18028411 4344
18028429 1004
18028471 1044
18028477 783
18028547 13
18028547 208
18028627 1320
18028667 93
18028723 405
18028727 2100
18028903 620
18028951 5
18028973 915
18029009 4
18029041 51
18029051 1
18029069 111
18029069 1660
18029069 3744
18029071 5
18029147 28
18029147 189
18029159 4
18029261 4
18029281 3
18029303 85
18029351 1
18029419 29
18029521 56
18029567 72
18029579 60
18029621 2760
18029719 8021
18029777 3
18029797 3
18029849 159
18029897 4
18029969 556
18030053 12
18030073 3
18030079 45
18030079 1464
18030143 1
18030143 12
18030143 4288
18030203 1
18030227 57
18030323 133
18030361 15
18030361 731
18030377 243
18030497 7
18030569 31
18030629 12
18030713 432
18030739 92
18030821 364
18030907 629
18030923 1
18030977 5115
18031037 3
18031037 9924
18031043 16
18031109 3640
18031141 15
18031151 1
18031163 5401
18031217 315
18031249 20
18031253 228
18031309 224
18031571 8641
18031619 6045
18031633 47
18031687 525
18031729 296
18031733 3
18031787 1285
18031837 9407
18031843 185
18031903 392
18031919 49
18031957 12
18031991 1
18032017 6663
18032033 96
18032081 28
18032117 3
18032233 51
18032317 15
18032411 1
18032411 13
18032459 9
18032459 264
18032473 395
18032473 1260
18032479 17
18032479 1760
18032681 4404
18032687 57
18032747 840
18032779 60
18032797 419
18032941 2415
18032941 4995
18032951 1
18033061 44
18033233 16
18033391 5
18033427 9869
18033437 3
18033461 4
18033461 4455
18033479 4
18033593 451
18033601 524
18033607 5
18033611 1
18033629 39
18033707 9
18033709 375
18033731 64
18033731 1968
18033913 111
18033931 149
18034007 12
18034007 33
18034147 4124
18034253 243
18034253 1303
18034253 1743
18034267 420
18034307 4
18034309 735
18034349 40
18034349 379
18034351 2129
18034463 85
18034463 5745
18034493 7047
18034573 11
18034769 2215
18034771 36
18034969 4152
18035057 67
18035159 21
18035191 128
18035323 2717
18035363 13
18035387 12
18035399 1
18035411 1
18035411 9
18035471 1
18035483 2080
18035551 660
18035573 12
18035603 1
18035603 3681
18035629 12
18035737 72
18035879 9
18035923 56
18035977 299
18035987 72
18036169 2976
18036323 1321
18036331 80
18036449 4
18036449 5056
18036457 92
18036563 1
18036583 5
18036841 15
18036841 1016
18036857 3
18036929 27
18036929 219
18036959 4
18036961 3
18037001 6691
18037069 15
18037139 1
18037141 63
18037147 24
18037147 7464
18037199 1
18037207 1365
18037291 5385
18037291 7461
18037361 1363
18037387 537
18037469 112
18037529 16
18037529 4056
18037601 4
18037609 644
18037609 1796
18037717 3
18037771 9933
18037777 3
18037777 15
18037793 7
18037841 3
18037841 5871
18037871 105
18037919 4
18037931 45
18037933 4628
18038197 3
18038243 1
18038257 3
18038291 1
18038453 3
18038453 295
18038539 5
18038539 9
18038651 1
18038677 84
18038687 685
18038731 3920
18038747 9
18038759 1792
18038759 6472
18038773 8
18038857 1592
18038861 223
18039001 23
18039019 2681
18039079 84
18039127 5
18039253 3623
18039277 47
18039319 1565
18039331 9
18039361 704
18039367 1229
18039443 76
18039443 1141
18039503 1
18039641 3
18039641 295
18039643 288
18039673 11
18039689 4
18039691 81
18039733 9827
18039761 4
18039761 2736
18039779 4
18039809 12
18040147 285
18040181 3
18040181 24
18040181 279
18040181 2799
18040249 60
18040387 653
18040387 768
18040397 15
18040439 1
18040447 2469
18040469 559
18040507 9
18040559 4
18040559 1525
18040609 1196
18040643 148
18040679 1
18040679 2212
18040679 2481
18040777 3
18040777 15
18040817 63
18040831 9
18040931 21
18040931 24
18041033 1416
18041033 2067
18041099 1
18041099 85
18041167 845
18041263 8
18041263 1172
18041339 1
18041351 1
18041363 2040
18041483 1
18041549 2592
18041557 108
18041587 44
18041663 97
18041663 1333
18041759 5040
18041797 1503
18041873 7
18041921 3
18041921 76
18041957 3
18041971 1545
18042029 1131
18042071 1
18042071 6229
18042119 1
18042163 168
18042197 3
18042239 1
18042319 84
18042329 199
18042469 32
18042473 4611
18042481 339
18042487 8
18042581 4
18042779 1
18042781 84
18042793 12
18042803 1
18042803 1416
18042979 5
18043099 72
18043163 1
18043163 57
18043169 120
18043183 33
18043189 731
18043213 20
18043213 36
18043387 20
18043391 1
18043489 419
18043507 12
18043561 3584
18043583 1
18043591 5
18043603 17
18043631 1
18043633 8
18043633 591
18043693 20
18043721 3
18043733 12
18043769 255
18043871 1
18043871 741
18043877 99
18043913 7
18043913 31
18043981 884
18043999 1356
18044041 75
18044051 1
18044069 7252
18044113 12
18044203 177
18044209 2340
18044237 400
18044267 177
18044267 2424
18044269 596
18044291 1
18044309 4
18044353 8
18044353 312
18044423 165
18044423 453
18044561 220
18044683 776
18044717 2584
18044731 153
18044777 399
18044779 941
18044783 252
18044833 8208
18044869 44
18044869 1119
18044893 23
18044951 1
18044951 4
18044951 25
18044981 4
18045197 4
18045253 7368
18045283 33
18045343 1260
18045463 41
18045491 4
18045661 3
18045739 5
18045739 81
18045773 7
18045817 4767
18045851 241
18045889 11
18046001 19
18046043 117
18046069 8844
18046081 2199
18046151 9
18046159 272
18046169 147
18046241 784
18046279 2256
18046331 4
18046337 3379
18046339 5
18046339 8729
18046547 4
18046591 149
18046597 935
18046603 6228
18046621 1959
18046631 253
18046643 1
18046739 1
18046783 5
18046783 257
18046793 63
18046811 453
18046883 1
18046883 25
18046907 2373
18046933 3
18046943 1
18046949 31
18046981 219
18046999 404
18047023 5
18047023 8
18047069 364
18047089 3284
18047191 8
18047191 4040
18047233 95
18047299 72
18047411 4
18047459 4
18047459 12
18047467 189
18047539 1485
18047551 101
18047551 200
18047581 5960
18047651 40
18047741 859
18047747 12
18047803 5
18047803 9560
18047819 1
18047819 85
18047941 20
18047963 1105
18048029 1471
18048113 16
18048269 12
18048281 8808
18048287 192
18048299 21
18048409 15
18048427 8
18048427 3333
18048463 245
18048467 153
18048467 9412
18048683 7993
18048757 119
18048763 4521
18048977 7455
18049091 3745
18049247 45
18049261 23
18049267 789
18049387 5
18049387 29
18049439 492
18049463 1
18049463 60
18049477 3
18049511 96
18049511 396
18049517 3
18049517 6915
18049561 983
18049583 3048
18049697 7
18049709 24
18049709 924
18049721 3
18049763 880
18049769 12
18049769 1315
18049831 41
18049877 3
18049877 79
18049879 117
18049883 1093
18049891 7328
18049901 84
18049921 15
18049921 2436
18049973 16
18049987 269
18050003 16
18050003 736
18050033 72
18050041 284
18050059 4404
18050111 849
18050113 8
18050119 60
18050119 249
18050183 12
18050183 33
18050189 3744
18050203 5
18050203 317
18050251 5981
18050321 1416
18050321 6856
18050503 416
18050521 3
18050563 8
18050573 6952
18050609 3775
18050639 49
18050797 3
18050797 324
18050819 1717
18050869 12
18050869 435
18050911 180
18050911 1176
18050987 4
18051031 2925
18051041 15
18051119 1
18051233 12
18051329 835
18051353 3
18051379 5
18051403 33
18051457 435
18051493 8
18051503 1
18051503 36
18051563 7641
18051571 9669
18051749 4
18051769 12
18051793 3
18051857 367
18052037 367
18052061 3
18052091 916
18052103 1
18052117 848
18052159 21
18052159 1872
18052169 2152
18052219 1577
18052271 129
18052343 57
18052357 159
18052357 1007
18052513 507
18052553 3648
18052577 52
18052579 9
18052613 3
18052651 9
18052667 100
18052721 48
18052721 55
18052721 60
18052729 32
18052729 39
18052729 2456
18052813 2571
18052829 516
18052897 3
18052939 1380
18052987 9
18052987 2333
18053023 53
18053089 11
18053117 1732
18053227 17
18053237 3
18053251 9584
18053291 6865
18053353 3
18053389 44
18053417 3
18053423 6645
18053429 4
18053429 1047
18053533 456
18053617 20
18053639 4152
18053663 33
18053699 2872
18053699 8085
18053701 60
18053731 69
18053837 64
18053909 16
18053909 87
18053923 6476
18053929 15
18054073 468
18054073 3012
18054133 5787
18054233 7
18054259 5
18054263 592
18054437 3
18054593 3
18054593 72
18054599 4
18054601 759
18054787 120
18054889 180
18054929 2287
18054983 1
18054983 100
18054991 33
18055043 12
18055091 460
18055151 133
18055171 8849
18055201 4191
18055333 20
18055381 8
18055441 543
18055459 276
18055489 4916
18055493 211
18055507 69
18055517 12
18055517 39
18055517 220
18055553 7308
18055619 16
18055651 1188
18055663 221
18055679 1
18055699 161
18055721 28
18055753 332
18055783 17
18055783 533
18055789 47
18055799 3145
18055823 13
18055879 2121
18055993 3
18055997 7
18056011 3884
18056063 1
18056147 264
18056179 12
18056201 5860
18056243 1045
18056273 7
18056273 2716
18056281 3
18056287 32
18056321 3
18056321 4
18056371 44
18056371 1316
18056543 12
18056543 877
18056551 665
18056569 87
18056677 87
18056677 1224
18056723 1
18056743 48
18056809 56
18056903 1
18056939 1
18056939 4
18056939 1860
18057019 152
18057107 4
18057187 5
18057187 53
18057187 3485
18057223 93
18057293 447
18057307 200
18057421 99
18057437 15
18057503 2092
18057509 3220
18057511 2541
18057547 17
18057547 68
18057547 365
18057551 1
18057551 4
18057727 9
18057727 44
18057763 12
18057799 5700
18057839 1
18057929 340
18057973 11
18057997 3
18057997 8
18057997 23
18058091 1
18058091 4
18058147 329
18058153 348
18058169 399
18058177 8
18058223 1
18058223 85
18058231 8
18058231 9
18058361 3955
18058459 2441
18058483 21
18058487 153
18058499 1
18058541 24
18058567 8
18058591 20
18058613 36
18058633 27
18058673 7
18058717 152
18058823 348
18058927 113
18058961 4
18059033 3
18059033 175
18059137 63
18059149 11
18059399 4
18059417 3
18059417 12
18059473 35
18059473 176
18059497 728
18059533 3
18059551 36
18059683 372
18059693 7
18059759 3745
18059801 3
18059801 184
18059801 1788
18059819 21
18059929 755
18060067 5
18060143 273
18060223 5
18060223 21
18060223 216
18060271 593
18060311 1105
18060337 324
18060373 3
18060373 87
18060373 111
18060433 1508
18060457 492
18060463 21
18060463 3632
18060599 52
18060617 124
18060617 2452
18060619 336
18060641 4
18060671 16
18060683 1
18060751 9
18060751 93
18060803 1785
18060923 1
18060943 92
18060943 117
18061007 3268
18061009 1947
18061009 4536
18061163 1
18061177 5588
18061237 83
18061271 88
18061349 75
18061427 9432
18061453 11
18061567 5
18061567 17
18061567 44
18061567 168
18061573 507
18061621 75
18061643 1
18061829 60
18061859 1
18061891 44
18061919 9700
18061937 439
18061937 519
18061987 1172
18062087 25
18062203 8
18062207 673
18062237 3
18062237 7
18062237 267
18062251 9
18062251 105
18062269 552
18062357 3528
18062431 1569
18062459 36
18062477 7
18062479 5
18062557 3
18062581 1095
18062651 1
18062651 4
18062689 1295
18062699 1
18062741 3
18063013 87
18063029 124
18063079 41
18063107 45
18063187 32
18063209 1159
18063277 219
18063293 7
18063293 51
18063293 75
18063341 4
18063341 55
18063343 12
18063379 816
18063391 21
18063517 23
18063599 1
18063601 1131
18063653 1251
18063863 12
18063863 141
18063883 12
18063907 57
18063961 419
18063967 200
18063977 4
18064073 3
18064087 252
18064147 32
18064159 1509
18064271 2749
18064279 1920
18064283 1
18064349 4
18064367 24
18064427 868
18064471 8
18064471 21
18064517 4735
18064793 3
18064819 44
18064973 4027
18065077 3
18065077 204
18065077 252
18065081 1315
18065137 15
18065141 315
18065221 20
18065251 56
18065261 624
18065263 45
18065263 1401
18065389 12
18065651 13
18065693 1140
18065711 360
18065911 324
18065921 16
18065981 55
18066077 160
18066127 3612
18066133 7092
18066179 1
18066221 796
18066299 57
18066337 7112
18066463 1280
18066479 1
18066571 5520
18066593 640
18066743 2377
18066749 39
18066809 99
18066821 4
18066871 9
18067033 3
18067061 19
18067187 684
18067201 15
18067207 8
18067253 160
18067373 400
18067471 8
18067471 981
18067477 2148
18067559 2892
18067559 7216
18067619 541
18067631 1
18067663 285
18067669 996
18067691 40
18067817 207
18067873 47
18067891 8
18067919 4
18067961 4
18067967 84
18067981 183
18067997 4
18068137 23
18068143 21
18068159 441
18068251 536
18068279 1
18068483 1
18068579 1
18068591 13
18068647 797
18068651 1
18068651 21
18068669 247
18068767 5
18068803 7128
18068837 4
18068837 1575
18068923 248
18068923 6501
18068923 9813
18068957 7
18068957 1003
18068969 7
18069031 3885
18069089 879
18069109 1380
18069119 1
18069119 5460
18069169 12
18069199 429
18069217 3
18069277 167
18069299 37
18069319 24
18069319 249
18069371 1
18069371 568
18069563 37
18069593 52
18069619 36
18069641 16
18069673 96
18069719 76
18069721 243
18069731 204
18069769 60
18069787 77
18069859 17
18069917 7
18069917 12
18069983 1
18070027 5628
18070037 247
18070037 259
18070069 3195
18070123 8
18070187 28
18070253 3
18070259 1
18070333 11
18070333 2087
18070391 208
18070411 53
18070477 3
18070483 396
18070529 159
18070553 7
18070561 24
18070573 87
18070603 12
18070603 32
18070667 829
18070753 60
18070753 260
18070753 2540
18070757 4
18070817 3
18070841 568
18070867 89
18070891 665
18070963 8
18070979 4
18071107 20
18071149 27
18071159 1
18071177 267
18071297 7
18071297 12
18071297 703
18071351 9
18071363 16
18071387 25
18071411 28
18071411 121
18071461 20
18071587 104
18071609 52
18071623 45
18071623 317
18071639 1
18071699 1
18071741 3
18071761 1079
18071771 1
18071771 4
18071777 327
18071797 3
18072001 56
18072001 9543
18072029 4
18072029 912
18072049 5636
18072077 4
18072077 1723
18072247 317
18072323 33
18072323 1161
18072403 6953
18072557 55
18072569 12
18072707 148
18072763 17
18072763 36
18072809 12
18072869 19
18072893 16
18072991 5
18073163 441
18073259 1
18073271 1204
18073283 85
18073327 17
18073339 24
18073361 435
18073421 39
18073421 79
18073463 1
18073493 9528
18073511 4
18073511 268
18073543 5
18073591 6329
18073619 1
18073619 4
18073687 489
18073721 51
18073721 396
18073823 1
18073859 1
18073859 925
18073933 6275
18073963 20
18073981 36
18074083 173
18074099 1
18074099 252
18074123 6213
18074141 19
18074141 6699
18074227 5
18074249 271
18074261 4
18074323 56
18074327 325
18074347 5
18074347 1905
18074359 17
18074369 7
18074369 1939
18074369 4351
18074411 1
18074437 147
18074579 1
18074603 16
18074603 441
18074699 16
18074737 8
18074783 1
18074783 73
18074789 6004
18074831 1245
18074857 227
18074863 2321
18074923 48
18074933 660
18074951 421
18075073 3
18075133 1967
18075191 1
18075209 24
18075259 20
18075287 205
18075287 492
18075287 1780
18075353 36
18075359 4
18075359 16
18075443 12
18075503 1
18075521 4563
18075557 3
18075583 60
18075611 61
18075713 148
18075763 260
18075899 1
18075901 95
18075931 3144
18075949 200
18076027 5
18076027 89
18076073 7
18076081 9804
18076133 871
18076133 2020
18076139 9
18076171 789
18076181 4
18076181 99
18076207 9
18076283 1033
18076301 123
18076307 565
18076319 16
18076319 25
18076327 32
18076351 56
18076381 4359
18076427 4788
18076439 97
18076439 2869
18076507 188
18076549 39
18076549 191
18076621 531
18076631 48
18076633 51
18076711 29
18076783 192
18076867 8
18076871 3529
18076897 87
18076897 420
18076963 228
18077021 36
18077027 40
18077047 20
18077051 1
18077099 12
18077207 2868
18077231 241
18077291 1
18077327 9757
18077347 12
18077357 3
18077441 1228
18077467 32
18077467 149
18077593 7023
18077621 3
18077639 1
18077693 400
18077713 27
18077713 312
18077729 8272
18077861 19
18077879 1
18077893 287
18077957 4
18077999 1680
18078031 7716
18078077 3
18078077 19
18078121 11
18078289 20
18078289 120
18078373 60
18078373 248
18078491 1
18078539 2944
18078587 49
18078587 928
18078751 141
18078779 1
18078779 57
18078857 3
18078947 4
18079153 8
18079189 11
18079283 105
18079297 24
18079301 4
18079343 1
18079343 81
18079367 3969
18079463 8052
18079531 6033
18079597 3
18079739 1
18079843 77
18079877 7
18079877 40
18079949 6900
18079981 9999
18080329 315
18080399 1
18080399 1972
18080417 1027
18080431 3528
18080459 1
18080483 13
18080581 2823
18080669 3652
18080677 68
18080743 2165
18080767 8
18080779 65
18080807 1029
18080869 1112
18080899 32
18080977 584
18080999 1
18081023 1
18081053 3
18081079 20
18081083 213
18081097 3
18081187 2204
18081209 4039
18081211 1265
18081233 231
18081253 2111
18081307 80
18081307 660
18081347 12
18081347 6612
18081367 1644
18081377 7
18081377 204
18081431 25
18081461 556
18081563 16
18081563 25
18081619 12
18081677 55
18081677 9000
18081733 11
18081733 56
18081751 24
18081781 3
18081913 11
18081913 32
18082019 189
18082087 9860
18082157 4
18082187 1369
18082201 3
18082201 131
18082303 8
18082303 12
18082313 123
18082343 52
18082343 100
18082447 12
18082453 107
18082453 1772
18082511 1
18082549 4775
18082553 2623
18082583 40
18082619 549
18082621 3
18082621 60
18082621 204
18082637 1207
18082711 9
18082711 7688
18082741 419
18082819 5
18082879 152
18082879 201
18082891 9
18082891 3096
18082943 1
18083069 820
18083071 281
18083071 5564
18083077 179
18083111 4
18083119 12
18083119 24
18083161 3
18083161 171
18083437 9027
18083453 147
18083537 7
18083537 132
18083581 4583
18083587 17
18083587 33
18083603 76
18083623 3468
18083627 520
18083707 12
18083743 33
18083777 15
18083789 2812
18083831 2569
18083909 324
18083909 3484
18083959 564
18084013 95
18084211 201
18084223 41
18084247 5
18084343 12
18084383 1
18084401 3
18084571 8
18084611 1
18084641 19
18084733 167
18084769 132
18084851 1
18085019 376
18085103 1
18085103 48
18085273 32
18085411 60
18085439 21
18085477 8
18085513 3
18085559 1
18085649 2659
18085867 204
18085931 429
18085931 4609
18085973 76
18086021 3
18086039 1
18086039 381
18086071 1284
18086149 12
18086203 428
18086203 632
18086219 345
18086279 396
18086357 4140
18086477 1720
18086539 72
18086573 1435
18086639 1
18086983 5
18087011 6504
18087019 20
18087187 29
18087313 615
18087343 5
18087343 2441
18087347 25
18087397 128
18087479 1
18087529 4607
18087533 172
18087583 5
18087593 376
18087607 20
18087611 13
18087743 25
18087757 44
18087833 36
18087877 444
18087991 668
18088027 888
18088061 48
18088121 3
18088121 160
18088123 5
18088253 28
18088277 4
18088331 64
18088331 1408
18088363 5
18088363 8
18088429 15
18088519 537
18088607 4
18088613 3
18088769 15
18088783 3972
18088789 32
18088789 7560
18088919 1
18088919 9
18088943 865
18089021 96
18089021 2368
18089117 7
18089119 12
18089119 36
18089231 1
18089297 1092
18089303 1
18089329 2444
18089371 8
18089413 15
18089429 172
18089497 320
18089623 5
18089677 59
18089723 1
18089789 96
18089789 6864
18089839 816
18089849 379
18089969 6972
18090043 96
18090089 735
18090097 159
18090157 32
18090157 264
18090181 68
18090257 7
18090263 1
18090377 8199
18090379 4017
18090427 29
18090491 196
18090563 1
18090607 5
18090607 620
18090623 253
18090691 500
18090697 288
18090727 12
18090739 1049
18090739 6384
18090773 16
18090827 3265
18090833 420
18090841 51
18090883 12
18090883 20
18090899 1
18090923 12
18090923 816
18090973 35
18090979 296
18090997 23
18090997 32
18090997 1608
18091063 21
18091091 180
18091153 12
18091217 63
18091301 3
18091369 939
18091379 1
18091379 1564
18091421 3
18091429 2892
18091457 3
18091481 136
18091499 1
18091511 1
18091529 4
18091559 4497
18091651 225
18091657 47
18091681 15
18091727 4
18091741 80
18091753 11
18091753 2216
18091769 355
18091891 44
18091891 1029
18091919 1
18091963 96
18091967 385
18091973 16
18091973 532
18091993 1631
18092059 89
18092071 621
18092089 11
18092119 20
18092159 60
18092159 6132
18092171 321
18092287 32
18092363 45
18092411 4
18092411 4485
18092489 9676
18092497 3
18092497 32
18092531 69
18092609 171
18092681 3
18092759 7416
18092771 1
18092813 12
18092827 5
18092861 3
18092911 29
18092917 207
18092939 1
18092939 340
18092957 4
18093107 264
18093137 3
18093169 39
18093197 3
18093197 4
18093197 747
18093293 6412
18093331 21
18093343 53
18093403 77
18093403 332
18093431 408
18093437 5799
18093463 641
18093503 2785
18093539 861
18093623 1
18093671 216
18093683 1
18093781 3
18093787 33
18093787 825
18093791 2629
18093799 12
18093799 500
18093821 2055
18093937 35
18093983 201
18093983 1993
18094067 109
18094157 1032
18094157 5479
18094183 45
18094301 204
18094309 11
18094343 228
18094361 43
18094379 1
18094513 3
18094513 83
18094627 444
18094697 235
18094717 644
18094733 16
18094819 204
18094861 284
18094861 303
18094883 16
18094949 216
18095023 1716
18095071 401
18095177 163
18095249 79
18095263 1148
18095279 1
18095299 3692
18095317 8
18095377 3
18095443 8
18095443 212
18095461 3
18095527 1389
18095591 205
18095621 3
18095621 963
18095639 1
18095639 4
18095767 4397
18095881 48
18095911 1308
18095941 3
18096131 1
18096137 3
18096139 24
18096179 9
18096277 24
18096317 768
18096359 1
18096629 279
18096641 4
18096647 28
18096707 1300
18096719 1
18096751 7721
18096817 152
18096821 4
18096913 3
18096961 11
18096961 2091
18097039 140
18097141 3
18097141 1563
18097207 9
18097207 2304
18097249 15
18097337 288
18097361 3
18097411 33
18097507 5
18097507 113
18097579 5
18097579 17
18097613 3
18097621 3
18097697 15
18097763 12
18097889 19
18097903 5
18097931 1501
18097991 924
18098167 3569
18098177 175
18098237 3
18098293 3
18098293 320
18098299 56
18098321 3
18098411 9
18098471 1
18098519 52
18098519 109
18098543 33
18098543 8268
18098569 6476
18098611 29
18098651 1
18098669 19
18098683 8
18098771 1
18098819 1
18098831 1
18098867 4752
18098891 1
18098891 28
18099041 855
18099049 2459
18099061 188
18099143 357
18099217 1103
18099241 3911
18099311 21
18099437 3999
18099479 1
18099511 8496
18099671 1
18099803 1
18099869 39
18099997 708
18100007 57
18100081 156
18100099 20
18100157 12
18100157 183
18100157 3975
18100211 780
18100211 3369
18100231 213
18100307 124
18100319 1
18100339 29
18100367 49
18100387 32
18100501 339
18100541 51
18100583 1
18100603 5
18100603 116
18100633 4512
18100651 5889
18100657 68
18100681 3
18100681 2235
18100703 60
18100703 85
18100751 1069
18100757 3
18100759 5
18100759 245
18100759 1197
18100763 1
18100783 2468
18101099 445
18101159 1
18101231 36
18101231 60
18101233 3
18101233 140
18101263 185
18101339 16
18101339 45
18101371 105
18101371 2256
18101371 7016
18101429 7
18101561 3
18101647 45
18101653 11
18101767 1953
18101891 1516
18101891 5089
18101893 6756
18101929 1307
18102121 3
18102121 24
18102151 9
18102179 864
18102179 1596
18102179 9525
18102239 12
18102241 144
18102247 45
18102317 60
18102341 355
18102349 15
18102437 7
18102499 84
18102517 72
18102523 1641
18102563 16
18102677 448
18102701 28
18102701 1155
18102727 644
18102737 864
18102751 9
18102751 24
18102811 101
18102883 33
18102883 65
18102907 504
18102923 1
18102923 76
18102949 11
18102983 73
18102983 97
18103109 4087
18103193 7
18103201 924
18103717 39
18103727 24
18103747 444
18103769 879
18103853 12
18103853 6367
18103879 9
18103913 3
18103913 1107
18103933 8
18103933 8171
18103937 4
18103951 20
18103991 4053
18103999 1037
18104039 297
18104147 4788
18104227 6512
18104237 3
18104267 24
18104453 3640
18104461 8036
18104561 6768
18104683 192
18104683 3248
18104719 977
18104851 29
18104909 39
18104909 3964
18104939 36
18105007 9725
18105013 12
18105041 6703
18105097 20
18105097 23
18105161 3
18105161 495
18105179 21
18105229 276
18105319 5201
18105377 27
18105401 15
18105403 908
18105413 631
18105421 3960
18105473 7
18105539 1
18105539 4
18105587 4
18105589 671
18105713 31
18105749 4
18105779 1
18105797 1435
18105809 27
18105809 112
18105811 41
18105811 128
18105827 57
18105827 117
18105863 1
18105863 145
18105937 68
18105949 5795
18106027 849
18106043 1
18106093 3
18106093 915
18106163 381
18106171 24
18106213 4952
18106223 7153
18106271 1
18106271 2989
18106289 52
18106321 1044
18106463 1548
18106471 5
18106489 24
18106499 1
18106507 48
18106519 2229
18106531 1548
18106537 2744
18106567 5
18106637 3
18106637 6783
18106841 4
18106901 75
18106909 24
18106939 5
18107077 399
18107083 5
18107093 36
18107143 2153
18107149 7995
18107249 5236
18107263 45
18107293 72
18107311 144
18107311 1373
18107321 28
18107333 456
18107491 93
18107521 3
18107543 40
18107569 12
18107569 416
18107581 48
18107651 1
18107707 849
18107753 3
18107753 3636
18107849 571
18107879 1
18107879 21
18107891 21
18107939 4
18107981 3
18107993 408
18107993 6871
18108037 119
18108131 1185
18108149 144
18108317 12
18108331 45
18108331 165
18108331 3693
18108341 1120
18108367 12
18108367 24
18108401 3063
18108413 375
18108413 687
18108421 5463
18108509 4879
18108529 140
18108581 16
18108647 12
18108647 1912
18108707 12
18108737 7
18108823 1460
18108907 5
18108907 17
18108907 4452
18108943 5
18108971 1
18109019 825
18109051 2241
18109067 24
18109103 1
18109127 4
18109141 264
18109159 641
18109163 297
18109187 1684
18109207 29
18109213 32
18109271 1
18109277 12
18109291 156
18109339 1521
18109367 4
18109367 9
18109501 36
18109591 48
18109633 11
18109639 17
18109661 195
18109681 3
18109681 1880
18109681 2139
18109691 1
18109691 88
18109697 5640
18109771 5
18109771 369
18109937 27
18109937 55
18109937 243
18109943 36
18109943 57
18109943 561
18109969 5655
18110017 32
18110017 48
18110129 2340
18110143 17
18110149 5087
18110179 209
18110203 17
18110251 69
18110311 8
18110347 93
18110377 8
18110483 1
18110483 5976
18110549 64
18110597 7
18110639 4
18110639 16
18110641 24
18110681 4
18110689 36
18110689 87
18110759 1
18110777 24
18110977 3
18111007 60
18111011 24
18111013 3
18111251 1
18111257 7468
18111361 20
18111361 36
18111437 72
18111473 3
18111473 7800
18111481 11
18111539 4
18111601 116
18111629 16
18111629 3367
18111713 127
18111763 5
18111931 348
18111931 428
18112007 4
18112007 1180
18112019 1
18112207 197
18112253 151
18112307 2788
18112309 8652
18112387 7488
18112511 4
18112543 53
18112543 9321
18112609 15
18112637 1087
18112817 399
18112901 43
18112901 4759
18112931 1
18112993 56
18113107 305
18113159 4
18113209 504
18113341 336
18113341 984
18113411 1
18113503 392
18113519 12
18113521 48
18113569 2616
18113663 1
18113699 49
18113839 1365
18113881 6639
18113971 36
18113987 1573
18114077 3979
18114101 939
18114193 4475
18114203 1
18114209 147
18114281 63
18114361 63
18114361 215
18114403 845
18114407 648
18114559 12
18114611 1
18114611 28
18114671 49
18114671 3960
18114697 3
18114697 8
18114697 264
18114703 56
18114791 21
18114797 219
18114853 12
18114893 96
18114893 2436
18114913 3
18114977 7
18115043 1
18115061 51
18115061 64
18115121 3
18115147 1868
18115193 127
18115211 1
18115211 13
18115261 3
18115277 844
18115291 21
18115553 96
18115553 1755
18115637 4
18115739 2992
18115813 15
18115831 5213
18115919 1225
18115969 11
18115991 1
18115991 4
18116017 3
18116023 53
18116071 5
18116071 29
18116083 6701
18116173 2012
18116239 761
18116261 4
18116333 3
18116453 136
18116591 5520
18116687 84
18116767 5
18116821 3
18116863 3920
18116873 3
18116873 7
18116963 145
18116963 613
18117023 1
18117167 5485
18117179 76
18117191 1
18117251 1
18117277 3
18117277 243
18117313 87
18117313 4043
18117331 8
18117401 4
18117443 217
18117587 13
18117601 3
18117647 1428
18117719 1
18117719 40
18117791 1
18117809 12
18117809 135
18117923 1
18118027 89
18118099 1569
18118109 7
18118147 5
18118147 285
18118151 780
18118193 7
18118211 1
18118283 1
18118283 433
18118297 12
18118361 16
18118469 4
18118469 19
18118777 7355
18118801 8
18118801 44
18118801 1923
18118927 5
18119069 612
18119071 204
18119117 7395
18119191 9
18119191 1860
18119201 51
18119201 1948
18119237 819
18119303 1
18119351 1
18119359 4601
18119411 21
18119509 287
18119513 15
18119533 32
18119609 1099
18119683 293
18119737 84
18119737 360
18119819 4
18119869 4904
18119879 1
18119879 9
18119971 7260
18120019 5709
18120049 144
18120059 1
18120119 12
18120209 16
18120211 9024
18120287 33
18120287 100
18120353 7
18120379 5
18120451 84
18120497 219
18120499 84
18120503 52
18120559 41
18120569 4
18120569 15
18120607 209
18120653 3
18120727 485
18120913 15
18121151 225
18121163 288
18121211 6321
18121237 3204
18121253 151
18121253 2296
18121399 9
18121399 461
18121469 4
18121469 27
18121559 9
18121583 3481
18121589 172
18121603 5
18121633 35
18121721 100
18121787 13
18121787 25
18121921 183
18121973 6531
18122057 3
18122057 120
18122087 25
18122099 97
18122141 3
18122173 308
18122191 224
18122243 21
18122311 21
18122311 248
18122327 3660
18122399 81
18122399 169
18122431 113
18122557 3
18122717 12
18122717 2935
18122729 27
18122813 16
18122891 6480
18122947 44
18123211 96
18123257 160
18123263 1
18123263 108
18123263 688
18123361 84
18123431 4
18123449 1476
18123461 7311
18123467 4
18123493 228
18123493 9140
18123503 97
18123559 2289
18123569 7
18123617 12
18123617 19
18123641 4
18123643 173
18123689 19
18123737 3
18123761 19
18123773 3
18123857 115
18123857 1927
18123953 3043
18123979 36
18123979 1521
18124019 1
18124229 231
18124273 15
18124273 35
18124273 572
18124277 75
18124433 15
18124433 1008
18124439 7864
18124511 2809
18124523 52
18124559 1
18124597 1083
18124619 4
18124697 3
18124699 5
18124763 1
18124817 555
18124831 8
18124867 224
18124919 60
18124927 17
18124937 244
18124937 448
18125047 1197
18125071 56
18125071 1925
18125197 15
18125267 517
18125267 3589
18125267 4908
18125279 24
18125279 8089
18125299 2996
18125329 92
18125329 2232
18125333 2367
18125339 4
18125351 1
18125363 208
18125477 15
18125477 28
18125603 1
18125603 13
18125617 8
18125699 49
18125707 273
18125713 123
18125801 43
18125801 76
18125843 1
18125903 1
18126169 1100
18126179 9
18126187 308
18126319 9
18126341 4
18126341 16
18126439 161
18126439 4776
18126503 21
18126523 876
18126593 55
18126643 312
18126671 969
18126791 1
18126853 587
18126853 1595
18126869 4
18126877 632
18126923 76
18126989 15
18127019 1
18127019 60
18127019 660
18127111 1848
18127127 4
18127163 1
18127183 12
18127183 305
18127189 135
18127247 33
18127247 213
18127259 9
18127391 241
18127397 904
18127451 189
18127451 3361
18127469 595
18127469 7144
18127511 100
18127541 159
18127561 56
18127561 7520
18127673 67
18127673 2272
18127679 60
18127709 31
18127859 1
18127873 8
18127931 1176
18128023 257
18128057 3
18128057 399
18128081 3
18128111 85
18128141 280
18128167 5
18128189 4
18128213 3
18128237 559
18128237 2944
18128287 8
18128311 2273
18128333 255
18128381 3
18128441 15
18128471 1
18128471 184
18128503 3645
18128599 5
18128729 8872
18128791 8
18128813 2488
18128849 6231
18128861 591
18128879 1
18128933 1095
18128951 4681
18128963 1
18129091 180
18129131 61
18129143 396
18129161 100
18129301 536
18129317 4
18129413 63
18129431 805
18129481 63
18129491 49
18129491 1416
18129533 252
18129539 16
18129557 3
18129653 3
18129653 12
18129719 1
18129721 1296
18129791 1
18129893 28
18129977 7
18129977 340
18130019 1
18130019 4
18130031 228
18130031 888
18130069 47
18130087 89
18130093 2967
18130103 1
18130309 99
18130309 671
18130451 9445
18130537 3
18130537 420
18130627 12
18130627 717
18130657 2624
18130663 21
18130681 15
18130729 140
18130729 464
18130787 9
18130811 1
18130909 1536
18130927 17
18130927 804
18131017 3
18131017 192
18131051 1
18131077 3
18131117 480
18131137 128
18131159 1
18131209 176
18131219 1
18131273 40
18131273 3148
18131359 260
18131381 960
18131413 3
18131431 33
18131489 9544
18131507 24
18131551 6149
18131557 219
18131593 716
18131623 737
18131647 8
18131731 9
18131747 4
18131747 3948
18131759 64
18131783 7605
18131803 7521
18131879 1161
18131983 497
18132031 305
18132053 6871
18132071 1
18132071 64
18132131 4
18132131 3213
18132167 9
18132167 285
18132187 1409
18132199 29
18132239 1
18132253 8
18132269 4
18132299 1252
18132343 45
18132371 1
18132371 3801
18132431 76
18132467 9
18132749 1291
18132773 36
18132847 3713
18132887 1173
18132899 4044
18132977 168
18133007 4
18133189 71
18133309 747
18133331 1
18133331 24
18133331 7684
18133363 48
18133433 195
18133513 1632
18133541 703
18133571 9
18133627 5
18133631 21
18133673 43
18133693 11
18133783 41
18133813 1412
18133877 168
18133877 1935
18133889 52
18133909 8475
18133957 3
18133987 24
18134111 1
18134197 135
18134243 1
18134243 9225
18134293 8
18134293 35
18134293 116
18134297 3
18134317 32
18134351 1
18134383 692
18134443 8
18134443 12
18134471 2805
18134491 333
18134513 36
18134573 1311
18134591 981
18134663 1
18134927 33
18134951 24
18134951 73
18134951 4036
18134993 868
18134999 1
18134999 4
18134999 40
18135053 7
18135053 36
18135067 357
18135083 1
18135097 564
18135119 1
18135163 2481
18135193 3
18135199 1700
18135203 1
18135203 508
18135347 3237
18135371 1465
18135401 43
18135401 156
18135539 1276
18135613 7808
18135647 13
18135697 6119
18135703 21
18135703 6473
18135827 97
18135827 144
18135829 39
18135853 716
18135907 3060
18135917 7
18135917 120
18135917 832
18135979 9
18135979 36
18136007 13
18136091 1
18136091 36
18136099 729
18136103 328
18136141 840
18136141 3059
18136171 176
18136207 32
18136357 2448
18136369 15
18136409 31
18136499 9
18136511 6304
18136537 24
18136609 20
18136609 495
18136751 189
18136823 76
18136843 305
18136889 1240
18136889 2991
18136907 2409
18136931 1
18136933 11
18136957 164
18137033 7
18137051 1
18137177 3
18137213 12
18137213 1056
18137281 536
18137417 3
18137417 4
18137417 52
18137597 3
18137597 27
18137627 144
18137627 348
18137699 217
18137711 1
18137711 84
18137737 20
18137783 28
18137887 672
18137897 5248
18137909 99
18137921 15
18137921 264
18137941 2288
18138011 21
18138061 8
18138061 39
18138067 2385
18138083 1
18138083 3553
18138101 3
18138101 391
18138119 1
18138121 5943
18138221 135
18138221 220
18138223 8
18138229 12
18138361 3
18138487 5
18138509 1387
18138511 8
18138551 33
18138551 84
18138563 1668
18138587 4
18138587 6928
18138599 9
18138623 1
18138629 111
18138739 444
18138739 1997
18138767 4
18138797 7
18138797 7668
18138829 1116
18138919 5
18138931 29
18138941 15
18138959 1
18138959 61
18138959 1356
18138997 23
18139003 8
18139003 132
18139027 65
18139031 1
18139087 29
18139103 33
18139159 9
18139159 3624
18139201 1343
18139207 1812
18139217 115
18139217 1819
18139229 12
18139271 193
18139367 7125
18139411 33
18139411 8789
18139463 1
18139487 840
18139553 96
18139573 312
18139613 31
18139757 48
18139783 857
18139811 1
18139859 1165
18139871 1
18139871 33
18139871 1153
18139883 1
18139897 3
18139897 248
18139921 1656
18139931 1
18139967 117
18139967 492
18139987 600
18140009 6231
18140047 48
18140063 12
18140321 4
18140333 412
18140389 47
18140467 24
18140557 152
18140623 36
18140653 3
18140791 705
18140821 695
18140867 4
18140869 32
18140869 980
18140981 4
18141031 464
18141049 1764
18141059 1
18141077 7
18141119 765
18141161 3
18141191 1
18141191 180
18141239 1
18141349 4724
18141419 1
18141491 4
18141547 44
18141661 731
18141689 75
18141689 91
18141731 153
18141869 4
18141943 20
18141947 2097
18141983 552
18141983 1980
18142021 200
18142031 1
18142051 68
18142051 344
18142051 665
18142051 1485
18142073 91
18142097 4
18142121 40
18142121 1459
18142123 1193
18142177 12
18142177 5868
18142181 468
18142183 773
18142199 1
18142219 12
18142273 60
18142273 9423
18142277 3
18142277 352
18142277 8200
18142363 177
18142391 133
18142391 4165
18142393 9623
18142613 27
18142633 8
18142703 45
18142793 88
18142793 3123
18142819 9
18142823 1
18142877 3
18142877 19
18142877 4359
18142991 1
18143123 1
18143123 13
18143249 4
18143341 224
18143371 5
18143459 1
18143497 200
18143597 147
18143597 555
18143633 3
18143633 7
18143633 172
18143659 3929
18143683 17
18143921 3
18143969 36
18143969 136
18144011 1
18144043 1793
18144059 3720
18144131 13
18144157 2679
18144157 3212
18144281 4
18144431 93
18144461 2899
18144463 53
18144551 13
18144587 348
18144619 5
18144701 4
18144793 947
18144811 2444
18144821 4
18144887 4
18144949 24
18144983 12
18145073 220
18145093 15
18145093 392
18145147 293
18145163 4825
18145289 240
18145297 660
18145313 12
18145313 43
18145313 1512
18145343 48
18145423 21
18145661 4
18145801 11
18145891 876
18145951 21
18145973 96
18145991 25
18146017 135
18146071 20
18146101 23
18146239 21
18146279 9
18146279 81
18146291 1
18146291 3300
18146291 8740
18146357 1384
18146399 2572
18146449 15
18146521 8
18146573 448
18146591 853
18146741 828
18146789 4
18146797 15
18146927 28
18146927 88
18146971 5
18146971 44
18146981 1815
18147119 1
18147119 4
18147119 1969
18147119 4704
18147167 4
18147191 1
18147191 108
18147221 520
18147281 19
18147293 271
18147343 252
18147373 3
18147401 19
18147491 4
18147491 76
18147491 1288
18147611 1
18147611 741
18147629 3495
18147757 3
18147769 24
18147769 387
18147887 4
18147917 115
18147971 1
18147971 13
18147977 4
18148073 1363
18148133 3
18148181 7980
18148259 165
18148261 7704
18148261 9996
18148271 1
18148271 4
18148271 100
18148343 4381
18148441 11
18148453 900
18148489 3875
18148499 141
18148511 4
18148511 13
18148511 81
18148513 5312
18148561 131
18148579 5
18148579 1800
18148607 468
18148619 664
18148661 3
18148717 740
18148723 12
18148727 144
18148727 4104
18148849 36
18148951 165
18148973 3
18148973 1480
18149023 17
18149113 1491
18149119 9
18149279 576
18149363 277
18149441 4699
18149459 1
18149471 1
18149491 285
18149491 1736
18149581 35
18149653 1247
18149779 80
18149819 1
18149821 56
18149851 1853
18149881 1376
18149909 292
18149981 420
18150047 7924
18150241 8
18150277 2075
18150361 735
18150397 188
18150493 956
18150547 4872
18150599 256
18150617 84
18150617 420
18150673 36
18150739 497
18150739 5261
18150791 1
18150817 8
18150827 4
18150911 45
18150911 829
18150943 80
18150973 1776
18150997 8792
18151073 3
18151153 8
18151219 45
18151219 177
18151421 2080
18151487 25
18151537 620
18151589 207
18151703 21
18151739 96
18151739 352
18151741 3
18151741 48
18151741 495
18151849 3636
18151921 560
18151979 525
18151979 1989
18152009 259
18152021 51
18152131 9
18152131 273
18152191 105
18152213 7
18152219 1
18152269 27
18152269 71
18152269 2916
18152327 1657
18152333 7
18152437 3
18152461 11
18152461 48
18152503 8
18152503 33
18152551 24
18152551 4004
18152551 8276
18152567 597
18152567 2368
18152573 4612
18152597 19
18152609 31
18152623 5
18152623 288
18152711 76
18152917 3
18152941 2883
18153041 2380
18153071 1
18153071 48
18153097 443
18153103 437
18153143 21
18153193 8
18153251 1
18153251 2053
18153257 3
18153287 208
18153329 624
18153389 304
18153389 2544
18153503 1236
18153547 308
18153659 1
18153679 1292
18153689 12
18153689 99
18153781 8
18153787 5
18153809 8359
18154049 600
18154183 5
18154193 7
18154219 12
18154327 885
18154427 184
18154427 8412
18154529 4
18154537 800
18154597 440
18154739 2157
18154859 9
18154921 11
18154921 20
18154951 224
18154967 213
18155023 3972
18155041 71
18155077 3
18155161 135
18155383 56
18155413 12
18155461 3
18155471 1
18155483 93
18155549 7632
18155663 7420
18155741 4
18155747 844
18155759 52
18155843 40
18155897 619
18155899 8132
18155953 3
18155957 4
18155981 96
18156079 80
18156107 592
18156179 1
18156197 3
18156227 4017
18156427 380
18156503 1
18156577 3
18156583 96
18156599 52
18156613 600
18156661 3
18156673 12
18156701 75
18156701 79
18156709 1995
18156763 60
18156769 296
18156797 19
18156839 12
18156839 60
18156847 57
18156851 1
18156923 1
18156947 6160
18156961 7464
18156967 20
18157079 277
18157081 8
18157081 15
18157099 9
18157109 456
18157133 303
18157133 763
18157133 2592
18157147 5
18157169 7
18157169 5032
18157253 483
18157367 72
18157367 1132
18157379 9
18157499 4
18157507 5
18157507 665
18157553 48
18157577 84
18157577 9387
18157703 28
18157759 24
18157829 12
18157837 3
18157837 8348
18157883 1
18157991 301
18158137 3
18158137 15
18158137 135
18158233 515
18158347 9
18158353 11
18158369 111
18158417 4984
18158507 60
18158519 1152
18158537 424
18158563 741
18158573 12
18158633 52
18158639 1
18158659 9
18158713 6543
18158717 112
18158717 795
18158831 4
18158999 1
18159049 996
18159059 4
18159067 5108
18159227 64
18159299 1
18159311 81
18159311 1116
18159419 1
18159523 177
18159607 9
18159607 32
18159641 436
18159683 28
18159683 1005
18159721 1104
18159737 172
18159767 13
18159781 263
18159793 5655
18159833 3
18159989 4
18160013 12
18160027 9
18160031 628
18160057 507
18160057 7383
18160091 1
18160091 4084
18160159 5
18160193 63
18160213 908
18160279 65
18160313 40
18160349 64
18160349 2364
18160357 152
18160379 1
18160463 1
18160481 375
18160481 2880
18160511 1
18160511 141
18160531 24
18160537 527
18160621 3071
18160627 7512
18160679 49
18160679 192
18160741 3
18160759 69
18160787 37
18160799 1
18160799 5280
18160871 21
18160993 3
18160999 24
18161029 204
18161057 4
18161119 452
18161123 12
18161153 4267
18161189 7
18161197 203
18161309 4360
18161327 457
18161357 2859
18161369 4
18161399 1
18161441 3
18161441 88
18161459 37
18161573 51
18161621 3
18161657 3
18161707 17
18161707 45
18161809 92
18161809 7155
18161981 4140
18162071 28
18162121 75
18162173 43
18162217 2300
18162283 197
18162289 267
18162359 1
18162413 3
18162421 11
18162457 384
18162457 467
18162533 28
18162589 627
18162637 1728
18162673 1880
18162673 3683
18162707 25
18162719 1245
18162791 109
18162863 1
18162923 517
18163003 2577
18163039 1361
18163081 1056
18163109 75
18163109 7699
18163163 1045
18163207 924
18163247 424
18163331 25
18163339 56
18163403 145
18163403 1573
18163493 111
18163517 12
18163517 844
18163517 4212
18163549 12
18163553 15
18163591 5
18163609 4736
18163627 6512
18163631 2748
18163699 9
18163709 7
18163793 15
18163913 1351
18164021 39
18164093 3
18164101 3
18164119 737
18164131 120
18164173 7692
18164257 23
18164257 152
18164257 9648
18164281 3
18164339 324
18164339 9501
18164351 321
18164369 7
18164387 145
18164413 23
18164459 1344
18164491 764
18164539 36
18164593 440
18164639 672
18164651 916
18164813 3
18164813 100
18164831 48
18164831 3181
18164947 825
18165001 111
18165011 1
18165011 3045
18165019 5
18165047 4
18165079 1409
18165143 133
18165211 9
18165253 27
18165253 6995
18165347 148
18165431 4
18165491 184
18165647 13
18165743 988
18165781 2355
18165787 2400
18165827 232
18165913 1740
18165967 144
18165991 1524
18165991 3113
18166003 441
18166037 3463
18166051 21
18166051 89
18166061 15
18166061 6115
18166097 207
18166103 37
18166103 976
18166283 1
18166373 7
18166373 1132
18166433 3367
18166537 23
18166609 891
18166613 7
18166661 1204
18166661 6556
18166747 1209
18166751 216
18166763 1
18166817 24
18166891 680
18166891 713
18166913 15
18166913 568
18166933 12
18166943 1
18166979 1
18167011 1320
18167069 7
18167089 47
18167197 8
18167197 119
18167207 48
18167231 1884
18167269 12
18167269 4320
18167273 88
18167297 4
18167389 32
18167389 3087
18167419 45
18167489 4
18167497 5015
18167531 4093
18167579 9
18167609 1980
18167647 12
18167683 56
18167771 696
18167783 1
18167789 615
18167843 193
18167939 1
18168013 315
18168071 1
18168079 3177
18168151 473
18168217 12
18168251 9
18168251 73
18168277 387
18168277 2063
18168281 463
18168299 457
18168433 20
18168467 28
18168481 3
18168581 7560
18168691 3408
18168701 3
18168721 3
18168791 1
18168811 161
18168851 1
18168923 45
18169031 1
18169031 9
18169031 400
18169031 2704
18169049 240
18169061 16
18169093 6300
18169159 12
18169237 312
18169271 1
18169279 45
18169309 375
18169387 488
18169427 4
18169427 100
18169427 1428
18169559 1
18169561 851
18169703 2088
18169703 8028
18169703 9892
18169717 3108
18169727 4788
18169733 111
18169759 1029
18169867 3725
18169883 876
18169967 6028
18170057 87
18170057 1264
18170063 1
18170063 73
18170177 4
18170177 567
18170179 9
18170179 69
18170189 216
18170227 953
18170233 8
18170353 132
18170423 1
18170429 7
18170429 127
18170429 8992
18170473 1080
18170489 16
18170489 7104
18170521 11
18170521 15
18170587 9
18170587 117
18170591 84
18170629 687
18170629 3072
18170651 1
18170651 76
18170693 132
18170693 2323
18170723 1
18170731 105
18170767 5
18170819 1
18170833 4532
18170857 812
18170857 1208
18170861 9264
18170953 528
18170953 1896
18171001 3188
18171007 4337
18171047 2080
18171059 457
18171091 513
18171091 1968
18171119 1
18171119 40
18171203 100
18171203 1537
18171259 12
18171289 35
18171341 540
18171347 3489
18171359 105
18171389 7
18171407 4
18171481 84
18171493 63
18171497 1819
18171497 9732
18171683 1
18171683 208
18171743 1
18171761 51
18171767 4
18171767 1804
18171899 1
18171977 4
18172157 3
18172199 25
18172261 3
18172261 71
18172261 2879
18172351 1493
18172361 4
18172373 7
18172529 3220
18172537 2163
18172543 1025
18172573 8
18172613 912
18172619 265
18172631 1
18172631 6001
18172673 3856
18172723 36
18172729 27
18172729 4419
18172733 252
18172751 1
18172751 4
18172751 16
18172771 41
18172823 796
18172837 8292
18172859 2941
18172901 2280
18173021 315
18173143 5541
18173261 48
18173261 324
18173273 3
18173273 40
18173273 43
18173339 1
18173339 4
18173387 13
18173417 1152
18173483 1233
18173489 112
18173497 4227
18173497 4784
18173543 16
18173609 12
18173621 331
18173707 269
18173707 1569
18173723 85
18173723 6361
18173957 319
18173989 12
18174031 41
18174059 1440
18174133 32
18174133 47
18174137 3
18174179 1
18174257 72
18174293 31
18174341 1035
18174341 2664
18174361 759
18174449 204
18174473 171
18174553 512
18174727 24
18174749 111
18174781 8
18174787 5
18174787 20
18174803 12
18174859 4224
18174901 39
18174901 140
18174917 4
18174929 100
18174953 471
18174973 35
18175019 24
18175049 3279
18175081 156
18175099 56
18175139 9
18175163 108
18175231 21
18175231 65
18175463 1432
18175561 3
18175583 1
18175679 6820
18175691 289
18175709 31
18175739 1
18175741 68
18175753 2520
18175823 1
18175823 3841
18175853 355
18175867 545
18175943 172
18175943 637
18176159 2356
18176167 1857
18176177 7
18176209 24
18176219 4
18176219 984
18176227 5
18176251 44
18176303 61
18176311 785
18176317 3
18176413 123
18176437 35
18176441 1371
18176471 421
18176491 5
18176551 60
18176623 2961
18176629 51
18176651 4
18176681 19
18176687 633
18176713 15
18176729 1356
18176747 8752
18176789 832
18176813 415
18176861 3
18176861 420
18176887 3120
18177209 4
18177361 8
18177361 108
18177361 4095
18177389 3496
18177431 468
18177431 3409
18177457 239
18177503 37
18177541 3
18177541 15
18177647 1144
18177697 3
18177793 147
18177857 4759
18177899 1
18177967 5
18178009 335
18178009 1172
18178019 7929
18178037 7
18178087 24
18178087 228
18178169 7
18178243 105
18178319 24
18178333 272
18178333 2495
18178463 225
18178541 4
18178597 3
18178631 1
18178631 4
18178709 7
18178753 3
18178813 3
18178813 9507
18178817 15
18178817 1552
18178847 4
18178859 1
18178859 640
18178891 81
18178943 40
18178943 268
18178997 123
18179087 13
18179123 1
18179167 192
18179303 97
18179377 15
18179587 5
18179653 3272
18179659 32
18179753 7
18179753 28
18179773 27
18179797 15
18179873 9463
18179951 1
18179969 4
18180059 1
18180059 9
18180433 288
18180469 672
18180469 1016
18180479 697
18180499 9
18180541 8
18180541 135
18180583 585
18180661 11
18180697 20
18180697 1332
18180703 456
18180713 3
18180713 36
18180731 1
18180781 408
18180781 1664
18180797 3
18180863 88
18180913 696
18180983 85
18181117 2072
18181147 17
18181259 1
18181391 9
18181417 447
18181421 3
18181511 4
18181511 21
18181519 401
18181627 1869
18181739 1
18181739 237
18181769 259
18181817 3
18181829 624
18181831 5
18181831 33
18181873 4100
18181907 729
18181909 3812
18182009 3355
18182041 24
18182041 111
18182083 252
18182083 552
18182123 37
18182141 3
18182291 9
18182303 1
18182309 127
18182377 47
18182389 71
18182419 5
18182419 21
18182477 4
18182531 13
18182579 3097
18182587 5
18182587 413
18182711 81
18182711 5824
18182711 6588
18182861 115
18182863 225
18182963 2205
18182987 9
18183017 7
18183071 1768
18183073 8
18183073 48
18183167 540
18183173 12
18183299 1
18183379 812
18183467 2617
18183601 143
18183601 4563
18183617 124
18183721 23
18183721 83
18183721 555
18183757 1368
18183757 2180
18183793 252
18183799 621
18183839 1
18183839 1365
18183943 8
18184021 20
18184027 5
18184157 427
18184207 69
18184223 3445
18184297 27
18184297 9975
18184301 3
18184333 755
18184393 152
18184489 135
18184499 1
18184627 5
18184681 11
18184717 3
18184763 7836
18184877 99
18185029 2727
18185171 1
18185177 88
18185191 5
18185221 3531
18185273 408
18185317 3
18185333 3
18185333 15
18185347 8
18185357 7
18185357 6948
18185423 1
18185423 1713
18185449 1847
18185521 864
18185539 417
18185621 76
18185677 35
18185681 448
18185737 12
18185771 5160
18185789 15
18185789 3300
18185819 1
18185891 9
18185891 1684
18185899 36
18185977 3
18186053 180
18186071 2140
18186137 7647
18186151 3605
18186191 556
18186263 1
18186263 12
18186331 20
18186359 1
18186431 4
18186569 4
18186587 9
18186611 1
18186661 24
18186737 3
18186757 12
18186769 7491
18186851 1
18186853 3
18186881 79
18186881 1023
18187027 3660
18187063 8
18187187 9829
18187189 456
18187193 3
18187219 644
18187259 1
18187303 116
18187357 167
18187381 3
18187441 8
18187441 96
18187453 63
18187511 1
18187627 89
18187649 16
18187651 108
18187751 1
18187781 28
18187837 1995
18187837 2835
18187889 5539
18187931 1
18187973 3
18188167 5160
18188189 724
18188437 63
18188603 1
18188629 44
18188629 404
18188629 4931
18188711 9
18188711 16
18188717 232
18188767 237
18188981 15
18188981 628
18189011 9148
18189131 28
18189179 1
18189257 15
18189299 1
18189317 43
18189427 24
18189539 9
18189539 84
18189557 259
18189571 1224
18189599 1
18189637 287
18189713 2160
18189727 80
18189751 8
18189751 4233
18189841 2643
18189851 7624
18189923 157
18189929 7
18189961 48
18189961 171
18189991 4340
18190009 1344
18190027 500
18190027 9384
18190063 6513
18190103 961
18190127 4
18190259 345
18190283 1
18190283 1101
18190301 1371
18190307 1000
18190351 8988
18190379 1
18190409 3192
18190423 101
18190451 73
18190597 279
18190661 988
18190687 9
18190687 117
18190699 29
18190751 1
18190787 93
18190979 6405
18191039 45
18191081 5379
18191153 75
18191179 1881
18191213 15
18191263 113
18191273 6276
18191357 60
18191399 157
18191399 561
18191431 593
18191431 6096
18191443 93
18191501 1456
18191543 12
18191587 12
18191587 20
18191587 32
18191627 1137
18191687 4
18191809 824
18191813 3
18191897 175
18191897 255
18191909 9735
18191923 2556
18191939 16
18192029 4
18192067 5
18192107 13
18192107 8929
18192137 279
18192143 1
18192143 21
18192299 1
18192389 496
18192389 651
18192413 195
18192509 40
18192509 1056
18192511 5
18192553 32
18192583 5
18192583 21
18192583 425
18192589 60
18192613 15
18192617 28
18192653 3447
18192667 8084
18192679 5
18192697 39
18192721 260
18192743 1
18192781 516
18192803 1
18192821 504
18192869 24
18192869 67
18192893 208
18192943 12
18192961 2244
18193037 4
18193037 2320
18193057 15
18193061 3
18193117 3
18193129 735
18193139 1
18193211 1
18193243 1061
18193309 35
18193367 2953
18193379 4
18193453 27
18193523 1
18193589 39
18193613 108
18193831 1088
18194069 12
18194083 612
18194093 1996
18194129 7
18194161 8
18194177 4
18194207 4
18194291 4
18194291 121
18194413 183
18194441 3495
18194521 3
18194623 5
18194651 3928
18194707 72
18194717 3
18194783 25
18194783 73
18194819 217
18194843 1
18194867 4
18194873 7
18194881 623
18194999 40
18195013 240
18195013 375
18195041 3
18195041 5059
18195077 12
18195101 48
18195101 820
18195127 8
18195127 9
18195143 265
18195161 124
18195301 8
18195319 1056
18195361 99
18195451 5
18195451 8
18195487 9
18195577 23
18195623 757
18195637 7524
18195767 25
18195811 6141
18195871 33
18195871 2213
18195893 3663
18195937 3
18195937 12
18195937 108
18195937 7968
18196027 8333
18196049 16
18196109 4
18196201 3
18196237 3
18196303 5
18196393 392
18196447 9
18196447 32
18196523 1
18196571 1
18196571 1821
18196589 2596
18196679 1
18196679 72
18196679 1216
18196691 21
18196691 85
18196691 129
18196753 851
18196799 1132
18196823 1
18196823 112
18196823 133
18196853 28
18196853 4311
18197009 6627
18197149 24
18197219 1
18197243 117
18197321 9624
18197339 1
18197339 9
18197369 4284
18197381 3
18197423 1
18197591 189
18197609 3384
18197629 80
18197653 2048
18197717 1819
18197717 7128
18197743 36
18197743 7373
18197771 1
18197791 9
18197831 204
18197831 693
18197843 73
18197857 15
18197869 1415
18197911 44
18197923 105
18198179 1
18198251 9
18198263 1
18198287 2877
18198469 3972
18198493 8
18198563 13
18198613 332
18198683 1
18198701 24
18198781 8
18198781 2319
18198833 43
18198899 549
18198937 35
18199229 12
18199381 59
18199421 28
18199459 41
18199499 1969
18199507 33
18199561 48
18199579 45
18199609 1835
18199711 5
18199729 4511
18199771 80
18199801 75
18199801 1655
18199801 1779
18199823 1
18199871 4
18199873 4583
18199931 1
18199931 69
18199949 327
18199963 197
18199999 437
18200113 9048
18200129 4
18200159 1264
18200177 48
18200213 667
18200219 1
18200279 1372
18200407 9
18200419 5
18200437 3
18200437 84
18200471 1
18200471 21
18200513 3
18200671 8
18200671 93
18200671 96
18200671 360
18200687 1884
18200701 36
18200723 48
18200737 99
18200771 1
18200773 20
18200827 945
18200933 1435
18200947 4284
18200953 96
18200971 29
18201059 2944
18201097 27
18201103 5
18201103 3740
18201181 68
18201181 99
18201217 140
18201317 6232
18201431 4
18201527 28
18201527 828
18201539 36
18201569 4
18201629 7
18201661 80
18201719 4
18201719 921
18201761 4
18201761 364
18201761 3480
18201787 8
18201787 197
18201797 7
18201923 2388
18202081 63
18202081 671
18202097 3
18202097 295
18202123 461
18202139 1
18202273 3
18202273 5928
18202297 23
18202297 63
18202403 1
18202451 1
18202451 3829
18202511 4
18202553 15
18202571 45
18202643 1
18202711 189
18202829 12
18202837 32
18203041 11
18203063 3096
18203113 1931
18203123 57
18203179 20
18203239 41
18203299 41
18203333 72
18203347 9
18203359 29
18203401 20
18203407 257
18203543 1
18203587 9
18203587 105
18203611 5
18203611 9
18203611 1529
18203611 1604
18203623 821
18203639 1
18203657 115
18203723 1
18203723 612
18203819 9
18204077 88
18204079 77
18204089 187
18204089 499
18204091 24
18204191 21
18204211 89
18204227 220
18204233 2115
18204311 1
18204311 1624
18204343 5
18204353 3
18204353 15
18204353 76
18204353 112
18204377 72
18204377 435
18204379 24
18204421 3
18204421 4116
18204427 132
18204449 19
18204581 31
18204581 228
18204653 175
18204653 603
18204689 19
18204731 828
18204743 1
18204743 532
18204763 1353
18204859 5
18204881 3
18204931 285
18205037 3
18205157 4
18205241 4
18205349 19
18205391 4
18205423 245
18205433 16
18205493 6700
18205513 231
18205513 4655
18205529 7
18205529 231
18205531 305
18205741 11
18205753 135
18205853 1932
18205909 75
18205937 4
18205951 81
18206053 20
18206057 4
18206147 4
18206147 109
18206147 5248
18206203 60
18206291 1
18206333 9388
18206443 5
18206443 72
18206483 1
18206581 8
18206789 19
18206843 141
18206887 2885
18206891 156
18206891 8944
18206977 1692
18206999 117
18206999 4569
18207011 4
18207011 7669
18207011 8101
18207109 15
18207131 1
18207307 20
18207307 1689
18207349 4280
18207473 7
18207521 136
18207547 5
18207593 3
18207617 420
18207617 4083
18207641 4
18207781 123
18207809 7
18207857 3
18207961 2696
18208079 1801
18208081 3
18208081 39
18208159 29
18208261 11
18208303 6812
18208367 2452
18208499 565
18208573 192
18208579 5
18208591 5309
18208591 7104
18208601 195
18208613 895
18208661 2184
18208711 4269
18208831 1949
18208837 104
18208849 56
18208903 72
18208963 2100
18209021 9279
18209063 13
18209063 28
18209161 3
18209161 3260
18209173 4296
18209437 1532
18209449 80
18209459 1
18209623 36
18209623 7572
18209693 1608
18209791 8
18209801 2676
18209801 3120
18209843 1
18209861 36
18209897 7
18209897 3607
18209921 223
18210019 84
18210047 73
18210061 135
18210067 8
18210139 81
18210139 2861
18210263 2400
18210317 3
18210343 45
18210343 116
18210359 1
18210377 5563
18210407 4
18210589 432
18210611 9
18210611 76
18210743 1
18210743 865
18210851 9
18210851 9861
18210937 9152
18210971 1
18210971 1240
18211013 4720
18211033 15
18211033 128
18211103 1
18211133 12
18211133 4888
18211153 11
18211189 5844
18211213 383
18211223 1
18211223 16
18211223 2377
18211243 1092
18211321 7959
18211373 52
18211387 585
18211439 1
18211499 1
18211499 589
18211553 7
18211591 21
18211591 1568
18211603 921
18211619 1
18211723 221
18211727 2325
18211763 33
18211783 3300
18211789 2132
18211799 12
18211877 7
18211877 343
18211909 519
18211909 3615
18211933 188
18211969 444
18211987 1584
18212057 39
18212093 148
18212111 49
18212111 2928
18212111 3564
18212123 1
18212267 220
18212303 1
18212303 1272
18212371 188
18212387 28
18212417 583
18212459 384
18212561 3
18212671 33
18212683 21
18212749 107
18212827 9
18212893 3536
18213053 3
18213053 55
18213067 308
18213067 1112
18213101 6595
18213113 288
18213199 5
18213277 3
18213289 35
18213311 1
18213379 1032
18213449 4
18213449 927
18213463 32
18213499 12
18213617 3
18213733 12
18213733 23
18213751 41
18213751 240
18213859 5
18213911 1
18213911 36
18213911 48
18213977 12
18214061 15
18214061 243
18214243 5
18214297 3
18214297 528
18214363 20
18214379 5976
18214439 636
18214439 712
18214451 1081
18214451 4741
18214481 3
18214481 4
18214487 4
18214517 3
18214517 1267
18214541 43
18214607 84
18214607 805
18214621 3
18214747 8
18214747 1124
18214759 2124
18214799 1
18214799 4
18214799 21
18214957 20
18214957 183
18214981 2255
18215081 516
18215083 5
18215189 76
18215207 6109
18215237 15
18215251 8160
18215371 5
18215467 420
18215501 3
18215579 8521
18215663 4993
18215669 12
18215711 4
18215777 3
18215801 16
18215843 1
18215867 7792
18215933 7
18215933 123
18215933 607
18215957 1212
18215963 912
18216043 177
18216059 1
18216097 75
18216101 4
18216101 4428
18216151 8
18216221 51
18216223 200
18216311 1
18216323 1
18216343 12
18216361 8
18216463 9540
18216511 1088
18216581 111
18216581 1684
18216593 240
18216637 5108
18216661 1659
18216733 1311
18216769 36
18216853 3
18216859 5009
18216893 15
18216971 816
18216973 15
18216973 32
18217049 7
18217063 5
18217117 312
18217193 120
18217193 1696
18217349 4
18217351 20
18217351 1869
18217361 4
18217379 8592
18217477 8
18217517 3
18217631 1
18217631 253
18217691 1
18217723 1485
18217723 3488
18217741 60
18217889 147
18217957 59
18218041 156
18218051 4
18218071 24
18218129 3451
18218261 1923
18218261 6915
18218287 212
18218287 4613
18218401 48
18218479 360
18218491 2073
18218513 3
18218561 43
18218593 12
18218597 40
18218617 207
18218639 4
18218639 981
18218723 25
18218723 1681
18218797 3
18218881 8
18218903 21
18218903 676
18218983 108
18219001 63
18219077 528
18219077 6292
18219083 1377
18219169 3111
18219319 5
18219367 53
18219371 48
18219371 73
18219403 492
18219497 3
18219497 48
18219517 303
18219557 5343
18219671 1
18219671 4
18219697 8
18219697 128
18219713 232
18219713 3676
18219739 401
18219791 1
18219793 2187
18219797 4
18219821 1200
18219833 7
18219871 7028
18219923 1
18219953 187
18219959 4
18219959 1369
18220049 7539
18220051 3876
18220093 23
18220093 923
18220099 192
18220159 17
18220247 432
18220283 12
18220283 481
18220463 1
18220507 5
18220513 3
18220621 3
18220667 12
18220733 3640
18220751 16
18220751 601
18220799 57
18220841 4
18220877 432
18220877 6144
18220967 9
18221003 4140
18221123 121
18221233 3
18221339 12
18221341 3
18221471 21
18221519 85
18221519 240
18221527 9
18221527 833
18221527 1800
18221689 135
18221699 1
18221711 1
18221821 2643
18221887 5
18221897 12
18221897 28
18222023 645
18222053 3295
18222059 4
18222109 152
18222137 24
18222137 60
18222157 8
18222161 3075
18222223 8
18222223 440
18222277 207
18222299 484
18222331 8
18222433 371
18222437 24
18222587 33
18222613 3
18222671 13
18222671 669
18222683 165
18222749 19
18222779 1365
18222803 52
18222913 143
18222943 1653
18222959 1
18223087 4668
18223181 4
18223193 7
18223193 43
18223259 4
18223307 112
18223411 21
18223417 32
18223421 1944
18223423 576
18223559 1
18223559 21
18223619 2821
18223633 32
18223703 1
18223763 1
18223781 343
18223913 7
18223913 160
18223913 420
18223951 1008
18223987 260
18224023 80
18224033 3
18224077 179
18224081 2851
18224149 944
18224191 5
18224191 1293
18224243 1
18224243 1285
18224243 2401
18224279 1372
18224491 564
18224509 500
18224519 4
18224551 1908
18224567 12
18224593 3
18224593 1635
18224617 27
18224639 1
18224653 27
18224653 47
18224653 72
18224659 20
18224711 64
18224761 8
18224761 11
18224771 2209
18224929 7760
18224953 3
18224953 20
18224957 67
18225023 12
18225059 1
18225091 5
18225157 83
18225323 1
18225491 1
18225491 6220
18225611 1
18225671 13
18225671 1665
18225673 795
18225847 5
18225859 1101
18226031 21
18226067 12
18226139 4
18226141 2784
18226199 400
18226249 99
18226277 48
18226279 264
18226279 7277
18226309 251
18226387 8
18226393 56
18226447 12
18226463 16
18226477 59
18226493 103
18226679 4
18226687 9
18226687 72
18226759 20
18226927 225
18227003 1
18227003 3472
18227093 7
18227123 601
18227147 4177
18227203 5
18227257 380
18227257 3864
18227291 4
18227483 1
18227497 2475
18227509 1239
18227537 87
18227537 1308
18227641 3
18227701 3431
18227767 5
18227831 48
18227849 4
18227851 5
18227887 5
18227999 1
18228061 2556
18228061 6840
18228281 4
18228281 5283
18228293 7416
18228299 1
18228299 61
18228317 4
18228421 23
18228439 105
18228439 165
18228461 43
18228461 2128
18228533 7035
18228541 363
18228577 420
18228649 1035
18228659 1
18228659 117
18228677 175
18228829 24
18228829 1979
18228863 2040
18228941 4
18228971 4
18229019 1
18229019 52
18229063 413
18229073 1327
18229109 7
18229109 5311
18229121 48
18229129 11
18229177 320
18229229 4
18229439 4
18229489 2915
18229513 167
18229517 7
18229577 2232
18229583 1
18229583 2433
18229619 1
18229621 8
18229637 19
18229691 1
18229751 145
18229769 4
18229787 9592
18229819 12
18229859 9
18229901 3
18229919 1420
18229927 8
18229931 21
18229943 1
18230087 33
18230111 4
18230209 831
18230257 264
18230287 3837
18230411 2356
18230489 4
18230491 5
18230551 5
18230657 6820
18230659 177
18230659 3800
18230711 36
18230777 1707
18230827 488
18230837 199
18230843 21
18230873 28
18230903 21
18230911 8
18230911 3800
18230939 1
18230959 5
18231029 7
18231029 232
18231113 591
18231113 1807
18231179 7812
18231229 27
18231349 32
18231373 3
18231397 15
18231481 3
18231481 111
18231481 4980
18231509 4
18231539 64
18231553 1068
18231601 836
18231601 3899
18231799 21
18231799 116
18231821 3
18231821 15
18231853 51
18231881 3
18231943 56
18232079 3252
18232127 2833
18232163 1
18232223 241
18232289 172
18232369 11
18232391 88
18232427 304
18232441 48
18232463 1
18232469 4027
18232549 2375
18232573 3
18232631 1
18232633 695
18232637 27
18232667 3609
18232771 701
18232771 5285
18232787 189
18232843 1821
18232847 97
18232883 921
18232943 1
18233003 1
18233029 315
18233147 4
18233203 8
18233213 783
18233291 1
18233291 1044
18233339 1
18233339 892
18233471 121
18233473 3
18233513 211
18233543 1
18233609 8667
18233617 3
18233701 68
18233801 4
18233861 4
18233909 1087
18233927 340
18234001 8
18234001 708
18234031 44
18234071 4
18234077 7
18234089 16
18234089 3072
18234113 148
18234179 21
18234211 9
18234233 7648
18234263 1
18234277 3
18234361 20
18234383 1
18234427 105
18234427 1304
18234497 40
18234497 1755
18234521 451
18234553 8
18234553 9240
18234691 20
18234721 20
18234721 1275
18234871 5
18234907 3624
18234947 4008
18234971 1
18234971 13
18234977 3
18235057 7560
18235097 3
18235097 1192
18235109 16
18235163 1
18235199 816
18235337 180
18235453 3083
18235463 13
18235531 149
18235541 3
18235541 196
18235541 895
18235571 1
18235643 1
18235667 9369
18235727 100
18235793 28
18235799 1
18235969 95
18236017 3
18236131 248
18236159 756
18236191 401
18236269 2556
18236321 31
18236347 17
18236357 219
18236363 1
18236363 973
18236411 9
18236419 3372
18236437 1059
18236501 163
18236501 9760
18236573 3
18236573 76
18236591 81
18236591 708
18236593 7196
18236623 8
18236627 9708
18236633 3
18236639 4825
18236651 13
18236657 3
18236749 132
18236833 5036
18236851 89
18236851 744
18236891 1
18236891 205
18236909 147
18236909 1467
18236947 8
18236947 705
18237013 8
18237103 156
18237113 76
18237113 112
18237133 11
18237161 28
18237221 31
18237227 12
18237347 9
18237361 8
18237463 345
18237493 27
18237493 140
18237523 3992
18237539 8229
18237647 6048
18237733 108
18237757 8
18237757 239
18237797 2863
18237799 1232
18237893 16
18237937 24
18238007 712
18238009 44
18238067 384
18238079 1
18238189 99
18238189 3167
18238223 861
18238289 15
18238349 136
18238349 7776
18238357 3
18238369 44
18238427 4
18238463 601
18238523 9577
18238553 3
18238691 1
18238699 7632
18238849 891
18238853 3
18238853 9543
18238907 1689
18239077 3
18239077 4715
18239099 1
18239101 51
18239141 4
18239153 16
18239171 220
18239213 3
18239387 33
18239401 2603
18239407 129
18239413 2523
18239471 6265
18239491 68
18239513 148
18239513 228
18239513 7935
18239513 9336
18239527 252
18239567 2649
18239729 220
18239737 260
18239747 33
18239747 169
18239761 611
18239801 100
18239813 40
18239813 1915
18239843 1
18239891 1
18239987 13
18240007 8
18240007 140
18240029 7
18240049 380
18240067 8
18240077 7239
18240107 4
18240119 1
18240119 81
18240143 1
18240179 1
18240227 468
18240251 3784
18240301 3
18240359 709
18240377 19
18240407 2569
18240419 1
18240419 4
18240479 1
18240479 12
18240529 560
18240577 48
18240581 268
18240619 420
18240641 3
18240641 259
18240713 12
18240743 117
18240743 3268
18240763 3140
18240839 3372
18240857 4
18240857 327
18240869 96
18240899 1
18240899 12
18240919 5
18240979 5
18240997 1095
18241031 1
18241043 37
18241103 1
18241211 1
18241211 2220
18241271 1
18241283 81
18241339 29
18241343 1
18241397 247
18241439 1
18241471 8484
18241511 385
18241513 1067
18241607 2064
18241631 1
18241631 136
18241813 780
18241831 41
18241991 1
18241991 4
18242057 28
18242093 391
18242149 32
18242179 21
18242209 8475
18242293 7031
18242437 3
18242507 9
18242507 249
18242557 3
18242569 104
18242633 3
18242633 51
18242699 1
18242701 375
18242713 20
18242713 5783
18242737 8
18242747 4
18242789 76
18242803 4392
18242857 3
18242857 9299
18242893 108
18242899 3024
18242951 1
18242969 7
18242993 763
18243047 100
18243047 264
18243083 1
18243133 23
18243343 5
18243361 3
18243377 4
18243389 19
18243419 21
18243427 8
18243427 20
18243427 104
18243437 3
18243451 188
18243509 199
18243517 368
18243559 4977
18243671 1
18243689 16
18243721 1464
18243751 200
18243767 4
18243767 553
18243769 371
18243773 951
18243793 32
18243881 939
18243881 3916
18243913 3
18243913 456
18243959 4180
18243983 973
18244001 3664
18244117 35
18244211 1
18244333 216
18244361 4
18244381 84
18244403 1
18244411 8580
18244453 3
18244453 48
18244469 67
18244531 5
18244531 21
18244607 9
18244607 12
18244669 36
18244679 1
18244801 180
18244841 63
18244861 239
18244903 12
18244903 245
18244931 69
18244931 3024
18244991 60
18244991 225
18245023 5
18245047 9
18245053 1335
18245057 4
18245203 45
18245281 2919
18245363 21
18245399 1
18245443 5
18245503 8745
18245609 16
18245653 27
18245659 777
18245663 1
18245683 1853
18245749 71
18245789 4
18245789 24
18245867 265
18245897 6688
18245987 4
18245999 1
18245999 697
18246031 33
18246079 269
18246089 9835
18246091 2288
18246103 420
18246161 4
18246181 216
18246227 12
18246299 9
18246341 1603
18246343 4745
18246373 3783
18246427 249
18246443 1
18246443 852
18246461 4
18246499 5681
18246533 3
18246601 228
18246719 1
18246737 99
18246827 73
18246997 383
18247147 9
18247193 4896
18247219 9
18247289 351
18247379 37
18247451 784
18247483 1532
18247547 24
18247643 13
18247643 28
18247709 4
18247727 25
18247837 923
18247921 3
18247927 8
18247927 248
18247991 1
18247991 360
18248023 108
18248071 113
18248081 939
18248147 4089
18248183 1
18248183 1897
18248231 1
18248233 920
18248233 8087
18248281 3
18248309 252
18248393 7
18248401 515
18248443 1760
18248473 3
18248533 1775
18248533 3983
18248539 977
18248539 6677
18248597 3
18248617 3
18248647 5
18248647 9845
18248719 197
18248753 3
18248753 36
18248771 1
18248771 28
18248773 263
18248809 131
18248833 6440
18248891 13
18248891 189
18248927 232
18248969 79
18249137 3
18249137 4
18249191 13
18249191 2949
18249221 36
18249299 1
18249337 200
18249337 2463
18249389 700
18249463 597
18249509 4639
18249691 29
18249719 1
18249719 24
18249779 1
18249811 8
18249997 75
18250021 611
18250031 1
18250079 4809
18250079 9840
18250249 3075
18250301 184
18250357 267
18250357 6572
18250373 315
18250451 1
18250451 240
18250459 5
18250481 123
18250553 183
18250559 181
18250679 1
18250691 1
18250703 13
18250747 4569
18250759 8717
18250769 24
18250769 1636
18250823 3096
18251203 17
18251227 65
18251279 192
18251399 1
18251413 3
18251483 60
18251539 5124
18251543 1945
18251603 48
18251699 1257
18251699 6925
18251731 29
18251773 672
18251791 125
18251843 16
18251861 196
18251861 699
18251911 44
18252023 1357
18252061 48
18252287 2833
18252287 7497
18252347 253
18252401 544
18252401 9220
18252431 4
18252491 1
18252523 36
18252539 25
18252539 45
18252601 116
18252709 75
18252797 7
18252833 3
18252833 7
18252859 140
18252859 9464
18252943 8
18253033 2363
18253117 12
18253127 9
18253153 3
18253211 1
18253271 13
18253303 105
18253489 39
18253553 3
18253693 23
18253769 16
18253843 2252
18253861 44
18253877 7
18253891 1628
18254051 108
18254057 135
18254077 1575
18254077 8904
18254099 25
18254219 16
18254219 1264
18254227 5
18254251 629
18254251 905
18254287 69
18254297 3
18254303 1341
18254407 5
18254407 1089
18254429 4
18254491 9
18254513 3
18254513 72
18254591 661
18254627 1008
18254633 76
18254641 2963
18254681 420
18254759 117
18254773 468
18254783 1
18254813 255
18254849 540
18255071 1
18255119 1
18255157 3600
18255199 1716
18255203 748
18255247 489
18255253 8
18255283 200
18255299 1
18255301 299
18255337 23
18255383 1
18255397 3
18255401 16
18255421 2783
18255431 1
18255431 145
18255527 172
18255547 9
18255623 1
18255631 9
18255707 700
18255707 5493
18255781 143
18255857 7
18255929 1756
18255953 3
18256013 7
18256027 44
18256027 393
18256153 15
18256177 59
18256229 2916
18256267 5
18256267 453
18256313 87
18256313 288
18256367 144
18256367 177
18256367 1440
18256373 1891
18256387 8
18256423 17
18256451 381
18256499 1
18256559 1
18256649 252
18256669 24
18256673 7
18256681 3
18256697 3
18256709 519
18256817 15
18256817 127
18256907 37
18256919 36
18256943 1
18256993 27
18257051 9
18257053 3
18257053 503
18257053 812
18257111 1
18257159 1
18257249 331
18257251 21
18257257 215
18257279 6825
18257381 3
18257389 3300
18257429 72
18257429 84
18257431 48
18257497 3
18257531 13
18257627 1860
18257627 2793
18257639 1677
18257741 291
18257753 6516
18257777 3
18257777 5067
18257999 4
18258007 29
18258007 393
18258047 4
18258269 1960
18258377 192
18258403 4232
18258437 324
18258451 4488
18258469 2244
18258469 4115
18258479 81
18258497 3
18258509 4
18258517 3
18258517 495
18258517 2448
18258517 3740
18258557 4
18258637 3
18258689 4
18258727 77
18258781 3
18258787 9
18258787 48
18258839 64
18258859 884
18258869 16
18258869 5080
18258887 3093
18258923 1
18258923 28
18258923 5572
18259013 3
18259049 16
18259049 2439
18259049 3427
18259061 7896
18259117 323
18259237 2223
18259273 2672
18259303 2037
18259321 396
18259369 1007
18259387 972
18259429 15
18259429 47
18259543 8
18259543 33
18259561 63
18259609 327
18259639 5
18259663 36
18259663 1253
18259687 1673
18259691 13
18259753 11
18259777 3
18259811 108
18259919 1
18259957 155
18259991 1
18259991 3469
18260003 1
18260027 73
18260051 1
18260051 328
18260089 155
18260119 45
18260201 4
18260213 4003
18260377 15
18260449 732
18260479 1305
18260491 56
18260659 297
18260663 1
18260797 195
18260861 1488
18260861 4636
18260897 4
18260927 177
18261037 8
18261037 59
18261073 3
18261073 467
18261211 56
18261211 548
18261307 128
18261343 41
18261389 5992
18261407 4185
18261433 8
18261539 3412
18261647 12
18261671 36
18261773 256
18261787 4385
18261829 35
18261863 621
18261863 652
18261863 6720
18261871 3084
18261889 72
18261973 888
18262009 200
18262019 1
18262019 84
18262039 60
18262039 420
18262073 255
18262081 1424
18262129 15
18262159 89
18262243 5
18262243 56
18262291 8
18262313 1227
18262331 45
18262427 1500
18262459 92
18262469 19
18262469 51
18262493 15
18262603 36
18262631 48
18262661 64
18262697 3
18262697 15
18262703 1
18262771 21
18262789 251
18262823 1
18262843 8
18263039 1
18263051 36
18263101 3
18263149 32
18263159 4
18263159 64
18263171 4
18263263 101
18263281 215
18263291 1
18263291 21
18263291 60
18263363 6816
18263381 19
18263383 2337
18263387 4
18263419 141
18263431 129
18263639 1
18263657 3
18263657 108
18263657 3555
18263761 159
18263801 28
18263803 17
18263849 724
18263891 21
18263893 11
18263897 4
18263963 21
18264179 4
18264179 60
18264221 16
18264299 85
18264427 108
18264479 1
18264607 380
18264641 31
18264683 25
18264853 20
18264893 27
18264901 6623
18264959 336
18264997 3
18265031 156
18265081 1899
18265109 24
18265109 79
18265127 97
18265211 61
18265211 280
18265277 219
18265283 1
18265363 101
18265421 5395
18265451 1
18265501 44
18265553 180
18265661 3348
18265717 2144
18265747 60
18265747 384
18265781 16
18265823 1
18265831 140
18265861 8
18265889 24
18265937 4
18265993 72
18265999 2981
18266081 4
18266107 65
18266159 1
18266191 8
18266251 33
18266309 267
18266371 956
18266441 19
18266441 24
18266569 351
18266569 440
18266707 108
18266707 5453
18266713 23
18266713 360
18266767 6837
18266837 1180
18266867 88
18266887 1652
18266939 1
18266981 2755
18267043 105
18267097 252
18267097 2403
18267127 120
18267149 64
18267203 240
18267209 511
18267211 29
18267281 15
18267281 19
18267281 84
18267281 99
18267289 444
18267323 12
18267701 364
18267713 5988
18267749 8719
18267763 633
18267763 681
18267779 1
18267833 3
18267871 68
18267871 464
18267889 1007
18267901 35
18267901 3036
18268067 24
18268067 5109
18268171 89
18268193 51
18268259 24
18268307 109
18268339 420
18268373 103
18268429 12
18268487 12
18268697 9228
18268699 9
18268751 1
18268751 124
18268777 107
18268781 7164
18268793 16
18268793 28
18269003 312
18269057 1063
18269059 5
18269059 4040
18269113 3
18269113 7268
18269161 48
18269161 431
18269177 544
18269179 2385
18269267 24
18269269 59
18269357 99
18269519 4956
18269617 23
18269617 83
18269639 2377
18269663 160
18269729 64
18269729 151
18269759 1
18269807 4
18269827 204
18269837 15
18269837 187
18269837 1788
18269837 2464
18269879 2409
18269893 56
18269899 4676
18269903 228
18269903 385
18270041 48
18270079 360
18270101 40
18270113 7
18270271 5
18270277 1955
18270311 96
18270463 300
18270467 1417
18270559 12
18270559 24
18270599 52
18270611 1
18270661 171
18270677 3
18270691 60
18270719 4
18270793 92
18270797 3
18270803 13
18270851 4
18270887 97
18271009 1716
18271037 3607
18271051 44
18271093 8
18271163 156
18271171 9
18271171 5681
18271181 195
18271181 1459
18271181 2944
18271219 5
18271241 3
18271249 207
18271261 23
18271321 699
18271327 452
18271349 2871
18271459 9
18271471 228
18271511 345
18271577 3
18271577 15
18271601 19
18271601 91
18271657 8
18271667 960
18271717 8444
18271819 572
18271949 7
18272017 5063
18272027 8460
18272099 1
18272179 92
18272249 1212
18272249 5835
18272321 168
18272321 495
18272321 1608
18272351 9
18272351 288
18272383 285
18272393 16
18272447 12
18272473 3500
18272537 7
18272539 129
18272539 609
18272687 64
18272693 372
18272791 341
18272791 2121
18272959 21
18273019 1224
18273029 75
18273029 1204
18273119 1
18273133 3
18273133 47
18273133 1212
18273163 321
18273191 1
18273251 8304
18273263 1
18273347 225
18273349 380
18273467 69
18273617 3
18273617 4
18273719 309
18273797 72
18273803 1
18273833 3
18273841 48
18273943 6932
18274037 3892
18274111 45
18274229 247
18274331 1
18274349 31
18274463 1585
18274463 1717
18274513 1271
18274549 231
18274577 163
18274651 24
18274679 9
18274679 7741
18274693 87
18274709 4
18274709 351
18274721 411
18274741 9855
18274757 3
18274777 1200
18274829 31
18274849 272
18274859 340
18274873 8
18274909 216
18274933 872
18275029 1391
18275107 17
18275177 235
18275239 20
18275269 11
18275269 39
18275281 56
18275281 4580
18275401 3
18275401 180
18275441 960
18275497 23
18275531 1944
18275573 75
18275641 36
18275717 75
18275801 24
18275801 115
18275827 5
18275909 7
18275947 9
18275951 7473
18275963 205
18275977 3
18275977 99
18276067 9905
18276101 43
18276257 1083
18276263 13
18276389 96
18276431 1
18276491 1
18276491 69
18276539 9
18276551 1
18276589 32
18276619 369
18276653 4083
18276767 897
18276799 24
18276799 2477
18276821 7516
18276829 1751
18276901 8
18277109 91
18277211 816
18277241 31
18277241 111
18277253 7
18277289 352
18277309 287
18277327 17
18277327 180
18277367 4
18277403 1953
18277439 84
18277517 40
18277547 100
18277547 124
18277573 195
18277577 6544
18277657 27
18277657 939
18277697 7
18277823 1
18277843 41
18277927 12
18277927 17
18277933 8
18278041 4220
18278147 9
18278191 6729
18278257 8
18278303 168
18278419 245
18278461 8
18278539 629
18278549 4
18278581 3360
18278753 67
18278801 183
18278803 5
18278803 1197
18278807 4573
18279017 984
18279103 320
18279103 1445
18279103 4497
18279113 7048
18279161 4
18279161 48
18279241 203
18279263 45
18279377 4
18279379 161
18279389 4
18279431 1165
18279431 1908
18279479 9
18279529 231
18279551 4473
18279571 953
18279581 55
18279587 4
18279619 5
18279623 1
18279643 137
18279791 1
18279817 3
18279883 12
18279907 164
18279929 4
18279959 117
18280013 7
18280051 7605
18280057 3
18280217 19
18280217 2004
18280303 33
18280313 2580
18280397 127
18280477 1287
18280487 88
18280579 5172
18280597 264
18280651 1565
18280651 6753
18280681 7091
18280709 127
18280709 1339
18280727 165
18280741 11
18280753 848
18280753 2360
18280771 5
18280903 968
18280921 6663
18280981 9740
18280993 3
18281033 175
18281089 84
18281089 144
18281129 24
18281191 8
18281377 144
18281519 781
18281521 6288
18281603 1
18281621 4
18281633 12
18281651 4
18281651 13
18281689 1739
18281713 3
18281831 4
18281831 9969
18281839 2376
18281903 37
18281911 8
18281911 44
18281969 12
18282049 5156
18282053 15
18282059 1
18282073 1235
18282119 52
18282133 395
18282289 975
18282289 9275
18282317 3855
18282323 28
18282323 1473
18282337 1379
18282377 8727
18282443 1
18282443 8085
18282521 459
18282547 9224
18282623 1380
18282661 140
18282683 700
18282763 8525
18282863 2976
18282899 76
18282931 1080
18282949 771
18282961 23
18283043 216
18283051 9
18283201 15
18283247 13
18283247 124
18283387 108
18283457 640
18283481 3
18283613 123
18283651 69
18283679 3660
18283711 29
18283711 33
18283787 33
18283787 9177
18283847 25
18283877 39
18283897 8
18283931 13
18283943 36
18283943 121
18283973 2067
18284039 1
18284059 809
18284059 909
18284117 3
18284117 40
18284171 1545
18284293 720
18284351 1
18284351 4
18284393 4272
18284411 6588
18284419 429
18284467 24
18284509 5876
18284531 901
18284533 27
18284533 63
18284533 8096
18284579 196
18284633 160
18284657 7
18284657 1435
18284659 69
18284683 1505
18284719 1716
18284743 5073
18284831 28
18284863 101
18284863 545
18284879 1
18284881 140
18284957 4
18284989 20
18285061 23
18285061 24
18285083 1737
18285151 216
18285187 828
18285203 1
18285247 57
18285271 5
18285271 45
18285313 15
18285413 3003
18285431 40
18285469 107
18285469 236
18285499 345
18285517 8
18285521 84
18285599 180
18285653 672
18285763 7497
18285791 1
18285833 360
18285983 372
18285991 9
18286039 1025
18286043 1
18286049 39
18286061 319
18286061 4080
18286087 5
18286091 1
18286097 4
18286183 36
18286297 440
18286391 49
18286549 12
18286651 5
18286699 5
18286711 881
18286729 780
18286823 2757
18286859 7384
18286921 3
18286967 33
18287041 11
18287051 69
18287051 309
18287309 12
18287317 3
18287389 195
18287407 2157
18287537 9984
18287539 56
18287543 1
18287543 57
18287543 828
18287567 2833
18287641 3728
18287821 1055
18287837 15
18287837 340
18287839 6500
18287881 3671
18288001 1848
18288031 1724
18288031 2049
18288043 8
18288071 1
18288071 21
18288191 1
18288293 156
18288293 2352
18288313 932
18288329 7
18288341 4
18288359 1
18288367 12
18288367 77
18288449 8004
18288467 13
18288533 1111
18288553 3
18288553 3120
18288581 495
18288637 72
18288649 99
18288701 175
18288727 269
18288731 49
18288731 124
18288769 8607
18288817 47
18288839 192
18288839 2017
18288863 60
18288913 3971
18288917 7
18288953 31
18288973 7347
18289027 29
18289027 4248
18289171 20
18289231 9
18289247 3313
18289277 72
18289291 6221
18289307 8125
18289357 24
18289357 44
18289391 1
18289429 5919
18289477 12
18289477 1203
18289499 1836
18289591 80
18289619 1
18289619 109
18289693 3
18289751 4
18289811 2388
18289829 31
18289871 1
18289927 113
18289987 20
18290053 795
18290101 1395
18290183 1
18290243 660
18290257 143
18290303 261
18290383 120
18290491 708
18290513 7
18290513 711
18290533 315
18290537 15
18290539 5
18290581 15
18290639 529
18290653 111
18290761 8
18290761 4028
18290809 27
18290809 1995
18290821 296
18290821 3023
18290873 16
18290891 129
18290893 3
18290903 16
18291089 1872
18291113 123
18291151 53
18291173 3
18291173 12
18291263 1
18291313 12
18291419 1
18291443 1512
18291479 240
18291487 24
18291563 1813
18291569 4
18291571 8
18291571 296
18291631 2288
18291703 2453
18291733 11
18291761 3
18291857 3
18291893 36
18291919 9
18292007 48
18292067 345
18292091 1
18292111 3465
18292123 12
18292129 5300
18292159 80
18292237 20
18292277 4
18292303 5
18292321 3
18292321 4536
18292427 45
18292427 153
18292441 24
18292457 28
18292457 88
18292513 4796
18292523 1
18292627 12
18292627 4133
18292633 2876
18292777 3
18292811 1669
18292853 28
18292873 471
18292921 2051
18292927 29
18292961 79
18292987 77
18293083 5
18293141 108
18293147 168
18293179 29
18293183 1
18293203 81
18293227 9729
18293239 212
18293243 156
18293279 124
18293279 540
18293329 396
18293369 1251
18293393 12
18293413 60
18293419 24
18293453 7
18293453 55
18293459 1
18293497 20
18293497 852
18293567 1324
18293603 72
18293623 8
18293699 1
18293719 9
18293771 13
18293771 5364
18293783 1
18293833 1200
18293879 9
18293893 11
18293939 9
18294097 48
18294121 264
18294209 1399
18294239 1
18294293 7
18294293 72
18294299 1
18294299 652
18294299 717
18294301 3
18294347 4992
18294607 393
18294623 933
18294671 289
18294691 500
18294769 2999
18294841 36
18294847 212
18294863 1
18294883 2465
18294883 3648
18294917 3
18294961 3
18294971 4
18295037 3
18295091 13
18295159 21
18295171 9
18295243 93
18295337 135
18295379 1
18295439 9
18295483 657
18295483 768
18295517 1452
18295523 1
18295523 205
18295559 1
18295583 1
18295601 43
18295601 55
18295639 180
18295691 1
18295709 76
18295733 4956
18295763 4417
18295763 7245
18295801 15
18295807 68
18295889 9292
18295903 648
18295967 52
18295969 131
18296009 15
18296011 21
18296011 36
18296099 117
18296111 1336
18296171 1
18296171 169
18296189 3979
18296461 3623
18296483 1
18296483 1557
18296527 593
18296591 40
18296633 1996
18296897 24
18296951 4
18296951 1453
18297119 3505
18297131 313
18297131 6216
18297143 808
18297143 1356
18297179 1
18297179 4
18297221 36
18297263 1
18297313 8
18297313 1587
18297359 124
18297371 1
18297497 6687
18297511 113
18297547 32
18297547 960
18297553 8460
18297607 12
18297613 1103
18297659 1
18297659 16
18297731 25
18297757 3
18297757 143
18297757 539
18297761 16
18297791 1
18297791 13
18297791 93
18297791 804
18297827 109
18297827 552
18297841 3
18298009 20
18298057 692
18298123 4728
18298139 1044
18298141 68
18298199 1225
18298199 3072
18298289 5991
18298309 96
18298393 2360
18298417 3
18298433 3
18298433 7
18298433 12
18298447 5
18298459 5
18298583 141
18298603 20
18298661 328
18298781 19
18298993 63
18299011 105
18299051 2220
18299111 48
18299143 296
18299153 7
18299159 1069
18299231 21
18299231 6168
18299279 549
18299287 48
18299321 43
18299401 11
18299401 20
18299401 531
18299431 41
18299441 715
18299507 528
18299623 1965
18299623 3356
18299669 175
18299807 37
18299821 36
18299833 3
18299843 337
18299891 21
18299903 1
18299959 5456
18300083 88
18300167 5524
18300181 231
18300223 341
18300281 5899
18300299 192
18300377 43
18300397 32
18300467 13
18300481 11
18300599 1
18300643 5852
18300677 52
18300697 828
18300767 4
18300767 13
18300851 1
18300853 56
18300913 11
18300913 296
18300917 384
18301021 3
18301147 368
18301177 8
18301229 7
18301267 6824
18301331 1
18301373 36
18301447 5
18301529 756
18301561 668
18301567 1617
18301627 12
18301637 4
18301691 1
18301711 5
18301763 1
18301849 44
18301931 1
18301931 5188
18301963 456
18301981 15
18301999 5712
18302003 37
18302023 8
18302101 44
18302171 28
18302191 5
18302203 5
18302203 17
18302203 1161
18302261 3
18302267 4
18302327 9
18302371 9
18302399 2656
18302423 288
18302561 4
18302597 2980
18302701 8
18302717 2175
18302729 31
18302749 1172
18302771 1885
18302777 979
18302797 3
18302797 675
18302971 9
18302971 20
18303121 539
18303139 1425
18303143 25
18303143 165
18303149 79
18303223 516
18303323 537
18303323 2265
18303347 1504
18303359 1
18303371 16
18303413 3
18303449 4192
18303457 8
18303499 5
18303533 3
18303533 28
18303569 4
18303683 28
18303689 12
18303731 1
18303737 639
18303773 3
18303827 4
18303841 3
18303893 5280
18303911 73
18303911 1740
18304147 77
18304147 188
18304177 3219
18304211 1
18304217 412
18304259 1
18304259 1357
18304387 152
18304399 104
18304417 8
18304591 4121
18304661 5440
18304687 1628
18304739 1
18304813 1383
18304889 19
18304889 51
18304907 13
18305197 1679
18305279 1
18305359 2321
18305381 7723
18305423 16
18305423 4585
18305461 384
18305537 4
18305663 361
18305711 600
18305731 45
18305737 3
18305747 49
18305783 1
18305813 7
18305813 331
18305827 1764
18305869 84
18305869 7611
18306037 2115
18306193 3
18306193 60
18306247 32
18306259 12
18306259 1484
18306311 1
18306383 213
18306391 8
18306473 495
18306493 36
18306719 1
18306719 2160
18306727 4413
18306751 8
18306763 680
18306763 3173
18306779 1
18306803 1
18306931 9
18307001 16
18307021 911
18307039 29
18307049 4
18307073 8215
18307109 111
18307141 4548
18307189 11
18307291 125
18307301 63
18307321 8
18307327 4044
18307357 39
18307363 17
18307417 4232
18307433 40
18307459 269
18307459 2724
18307573 152
18307591 216
18307669 240
18307669 752
18307687 377
18307687 7265
18307699 5
18307733 7
18307741 36
18307781 120
18307799 1
18307799 369
18307823 1
18307907 609
18307937 463
18307937 3139
18307979 1
18307987 3549
18308093 3
18308177 3
18308177 63
18308183 397
18308209 59
18308237 48
18308237 1300
18308261 295
18308287 12
18308291 1
18308293 3
18308359 24
18308387 744
18308387 4228
18308393 96
18308399 45
18308443 1916
18308501 1615
18308519 585
18308639 1
18308683 33
18308683 9056
18308707 189
18308707 788
18308737 164
18308753 7
18308767 897
18308909 3075
18308923 12
18308959 1124
18308963 1
18309019 5
18309097 3
18309097 144
18309131 105
18309143 1
18309197 43
18309397 27
18309397 44
18309457 3
18309457 8
18309457 20
18309491 1
18309563 1
18309569 4
18309581 7051
18309631 8
18309769 239
18309773 1080
18309773 8580
18309793 3
18309793 1403
18309859 1005
18309859 8969
18309887 268
18309887 3505
18309899 1
18309899 49
18309911 1
18309911 6576
18309923 5433
18309923 7533
18309983 7348
18310183 713
18310219 5
18310219 120
18310289 4
18310289 100
18310333 15
18310337 5668
18310469 1432
18310549 47
18310673 3
18310703 1
18310807 60
18310823 1
18310823 133
18310867 144
18310891 8
18310891 9
18310891 4844
18310933 3
18310937 168
18310973 15
18311047 224
18311081 180
18311081 2055
18311123 1137
18311141 120
18311291 21
18311291 1473
18311353 8360
18311467 8
18311509 1032
18311561 1836
18311581 168
18311719 3696
18311723 13
18311759 877
18311833 15
18311833 35
18311893 15
18311893 60
18311957 28
18311983 5
18311983 17
18311983 261
18312053 3
18312263 1
18312319 725
18312319 5076
18312337 12
18312397 1323
18312421 8
18312431 24
18312491 1
18312517 12
18312607 17
18312643 408
18312733 228
18312821 4
18312989 4
18312997 579
18313121 15
18313133 3
18313133 288
18313153 12
18313247 232
18313259 1
18313259 1777
18313289 4
18313289 984
18313327 329
18313331 1
18313381 240
18313453 632
18313523 1
18313601 888
18313661 4
18313661 2859
18313717 1904
18313747 8
18313753 3
18313843 3720
18313849 887
18313873 387
18313903 80
18313951 701
18313987 84
18314059 1185
18314069 7
18314069 672
18314137 3095
18314171 1
18314171 2748
18314209 275
18314267 52
18314267 6288
18314291 825
18314311 4653
18314477 3
18314477 619
18314599 1812
18314623 5
18314657 312
18314711 4
18314719 24
18314759 6640
18314771 16
18314783 3096
18314851 8
18314887 129
18314903 1
18314903 61
18314929 567
18314981 1035
18314999 2392
18314999 3400
18315013 32
18315019 44
18315023 1
18315023 2637
18315091 5349
18315113 3
18315131 64
18315131 141
18315301 75
18315301 171
18315301 303
18315371 4
18315413 7767
18315497 6112
18315499 24
18315499 1809
18315509 492
18315529 2907
18315551 1
18315727 44
18315743 8461
18315877 3
18315881 784
18315883 2465
18315911 204
18315917 3
18315917 12
18315929 396
18315931 8
18315959 541
18315989 12
18316093 83
18316121 843
18316127 120
18316127 124
18316141 3
18316163 1
18316187 4
18316201 48
18316253 31
18316261 5484
18316301 991
18316343 13
18316343 325
18316351 2765
18316391 4
18316391 13
18316439 1801
18316537 459
18316537 1512
18316549 4815
18316549 5196
18316631 1
18316631 600
18316693 3551
18316757 115
18316783 3345
18316787 660
18316789 2535
18316819 24
18316867 8
18316889 1920
18317027 37
18317059 17
18317071 21
18317111 1380
18317113 248
18317203 192
18317231 1
18317261 3
18317291 1
18317329 6951
18317363 1
18317363 120
18317399 1
18317401 168
18317491 129
18317491 536
18317581 71
18317723 1
18317723 421
18317749 1215
18317797 1112
18317801 3
18317833 3
18317833 15
18317909 27
18317983 12
18317989 171
18318011 1
18318101 288
18318127 8
18318137 15
18318161 4555
18318217 152
18318233 4372
18318253 11
18318257 1035
18318259 984
18318277 308
18318449 1276
18318457 3
18318463 837
18318569 16
18318577 155
18318577 2739
18318667 5
18318683 108
18318791 4
18318791 13
18318791 2224
18318871 5
18318871 7988
18318893 63
18318913 12
18318947 132
18319003 741
18319019 1
18319069 440
18319141 8
18319261 36
18319307 33
18319309 4575
18319351 8
18319351 9501
18319361 336
18319373 3
18319409 7
18319409 159
18319417 24
18319451 13
18319451 229
18319507 7257
18319643 33
18319643 681
18319669 44
18319669 1775
18319687 8
18319919 1
18319979 1
18319993 723
18320227 645
18320227 3353
18320311 240
18320353 456
18320363 1
18320429 7
18320521 15
18320551 9
18320551 408
18320677 92
18320723 1
18320723 1696
18320761 1271
18320867 12
18320947 357
18320983 77
18321071 1
18321101 831
18321113 3300
18321131 4024
18321203 252
18321307 5
18321307 260
18321323 1
18321323 840
18321371 1
18321371 4
18321439 45
18321473 36
18321509 4
18321559 17
18321577 23
18321761 4623
18321839 1137
18321893 4372
18321977 3280
18322019 1
18322097 4168
18322253 7
18322313 231
18322313 2496
18322373 2827
18322453 3
18322463 1261
18322537 15
18322553 207
18322561 84
18322649 7
18322663 48
18322663 9800
18322729 27
18322763 2440
18322877 12
18322933 4791
18323003 157
18323003 705
18323017 483
18323017 4923
18323069 2472
18323083 41
18323083 120
18323089 216
18323113 207
18323113 647
18323131 816
18323159 1
18323159 4
18323197 32
18323233 63
18323243 1096
18323309 7
18323317 3
18323537 19
18323549 7
18323579 1
18323593 1572
18323611 5
18323713 876
18323717 19
18323731 2009
18323861 220
18323957 4
18323989 515
18324023 45
18324049 24
18324179 9
18324179 49
18324347 2368
18324377 763
18324511 896
18324641 3
18324653 2143
18324671 1
18324739 17
18324773 8475
18324821 1099
18324959 1
18324959 501
18324973 23
18325001 4
18325001 16
18325001 31
18325003 68
18325019 1
18325067 13
18325067 813
18325081 11
18325169 4131
18325199 1
18325213 35
18325271 1
18325271 553
18325283 1
18325283 12
18325301 96
18325327 5073
18325403 6733
18325529 24
18325661 40
18325669 59
18325691 1
18325889 672
18325981 71
18326117 4
18326117 15
18326117 24
18326129 19
18326197 239
18326251 20
18326261 3
18326333 3
18326351 1
18326351 9
18326401 911
18326491 9
18326509 180
18326531 85
18326537 783
18326537 8908
18326593 8
18326743 8
18326813 27
18326839 129
18326911 5
18326911 29
18326911 5709
18326977 15
18327053 96
18327061 8
18327091 29
18327091 5789
18327097 27
18327181 7040
18327193 3
18327209 300
18327209 1639
18327233 307
18327317 19
18327317 7179
18327329 16
18327433 3
18327461 28
18327607 2313
18327641 3
18327641 828
18327667 1905
18327707 6433
18327713 3067
18327719 1
18327719 36
18327773 115
18327821 391
18327919 29
18327919 8072
18328097 3
18328117 992
18328133 7
18328133 27
18328133 31
18328151 9
18328181 4
18328199 4
18328199 12
18328391 8796
18328451 16
18328451 21
18328547 49
18328573 348
18328577 4
18328591 5
18328591 2048
18328613 3
18328663 105
18328811 1
18328867 164
18328943 13
18328991 1
18329141 3
18329141 5500
18329191 9
18329203 32
18329203 416
18329299 564
18329299 3720
18329387 9
18329387 45
18329543 1
18329693 28
18329719 144
18329741 439
18329761 63
18329771 4
18329863 5
18329867 132
18329903 1
18329939 1
18329957 1779
18330031 3920
18330119 9
18330119 196
18330229 9287
18330293 3
18330353 40
18330359 1
18330397 47
18330397 327
18330457 87
18330569 64
18330589 39
18330671 81
18330691 8
18330691 36
18330721 23
18330721 5364
18330733 356
18330773 52
18330773 135
18330901 2211
18330979 41
18330979 69
18331003 405
18331031 1
18331127 4
18331231 20
18331259 1
18331361 916
18331367 57
18331381 248
18331493 523
18331531 8996
18331549 3380
18331699 12
18331711 2861
18331721 916
18331769 196
18331811 4
18331813 11
18331849 51
18331849 191
18331849 324
18332023 48
18332023 3777
18332047 125
18332051 504
18332051 880
18332099 412
18332113 15
18332123 1348
18332123 4525
18332143 93
18332177 12
18332183 1392
18332243 1
18332243 1512
18332257 6432
18332399 1
18332429 459
18332497 27
18332519 4
18332527 17
18332591 1
18332591 2353
18332599 60
18332627 73
18332683 2196
18332707 92
18332707 188
18332801 4
18332911 1589
18332933 27
18332971 2448
18333083 1
18333101 19
18333101 543
18333187 1284
18333281 7335
18333433 135
18333479 12
18333533 1800
18333631 33
18333673 1115
18333673 3047
18333677 40
18333697 3
18333697 59
18333709 167
18333779 37
18333869 16
18333923 1
18333923 61
18333937 3075
18333943 48
18333943 132
18333943 252
18334009 2592
18334027 573
18334139 900
18334153 3
18334153 435
18334171 9
18334181 9244
18334231 761
18334247 120
18334249 432
18334271 1
18334357 92
18334397 3595
18334447 5313
18334553 3
18334553 12
18334553 331
18334567 5
18334567 173
18334577 3
18334669 135
18334669 824
18334711 1496
18334759 1844
18334777 24
18334871 13
18334889 219
18334991 9001
18335099 12
18335203 360
18335257 264
18335257 7500
18335377 15
18335423 1
18335543 1
18335549 15
18335573 7
18335591 1
18335621 5616
18335633 16
18335633 63
18335657 2143
18335671 3465
18335699 4
18335701 8
18335767 9
18335851 1053
18335881 8
18335983 8
18336023 457
18336029 39
18336049 96
18336289 20
18336299 1
18336299 21
18336301 11
18336517 635
18336529 524
18336707 64
18336749 112
18336821 3
18336823 5
18336823 65
18336859 29
18336859 317
18336859 401
18336917 3
18336991 608
18337043 1
18337043 12
18337091 48
18337091 340
18337093 1611
18337139 1
18337219 6284
18337283 1
18337283 73
18337283 5980
18337321 11
18337331 1
18337391 1
18337391 580
18337411 41
18337421 5499
18337427 84
18337457 3
18337549 156
18337639 521
18337691 1
18337691 9
18337691 541
18337723 5
18337807 137
18337843 657
18337961 1284
18338129 199
18338137 9800
18338209 36
18338219 1
18338227 2820
18338239 212
18338261 16
18338279 4
18338303 205
18338303 393
18338399 165
18338471 1
18338609 1092
18338711 1
18338713 452
18338779 77
18339017 1827
18339037 12
18339059 1
18339169 959
18339239 1
18339271 48
18339283 80
18339283 81
18339283 200
18339323 912
18339329 7
18339493 1227
18339511 60
18339511 68
18339551 196
18339611 16
18339623 72
18339647 24
18339691 509
18339697 3
18339791 64
18339851 1
18339851 400
18339911 16
18339911 456
18340043 1
18340043 3225
18340043 6748
18340061 36
18340139 244
18340163 1
18340163 13
18340163 2697
18340219 81
18340219 1841
18340237 3
18340241 19
18340241 1600
18340241 3064
18340253 7
18340369 8151
18340373 3
18340373 471
18340391 45
18340409 2715
18340423 17
18340423 168
18340463 1
18340613 7
18340631 64
18340711 3984
18340741 1388
18340859 1
18340859 5544
18340891 5076
18340891 8469
18340957 8
18341033 3
18341077 12
18341123 172
18341123 192
18341261 468
18341261 1660
18341341 11
18341341 36
18341363 76
18341383 36
18341383 2052
18341399 52
18341437 3
18341549 1371
18341621 5944
18341627 4
18341629 20
18341711 24
18341737 407
18341831 21
18341867 4
18341867 280
18341909 7
18341923 41
18341933 123
18341941 3
18341957 4
18342041 4
18342061 3
18342061 1539
18342101 28
18342119 1
18342119 25
18342127 1784
18342161 4
18342403 576
18342461 60
18342481 3
18342547 5
18342673 3
18342691 104
18342851 1
18342899 1
18342899 12
18342899 525
18342967 20
18342967 65
18342967 1220
18342977 207
18342977 2755
18343007 1197
18343043 1
18343099 101
18343111 1185
18343133 12
18343139 2596
18343183 9593
18343219 1157
18343229 15
18343267 5
18343313 16
18343321 11
18343321 2336
18343361 756
18343387 5
18343387 152
18343439 1284
18343463 25
18343469 4
18343469 12
18343477 1008
18343477 7920
18343483 1116
18343517 4
18343541 519
18343541 5136
18343547 25
18343571 1
18343571 316
18343609 51
18343679 1
18343693 180
18343783 276
18343931 1
18343931 421
18343939 24
18344069 4
18344093 5716
18344143 201
18344303 1
18344303 5593
18344387 117
18344387 804
18344471 48
18344603 1
18344687 1912
18344723 1
18344773 15
18344831 1
18344863 56
18344867 669
18344873 316
18344897 1092
18344927 1225
18344927 3657
18344969 75
18344983 17
18345017 147
18345017 504
18345083 328
18345101 8916
18345167 40
18345179 37
18345289 819
18345373 87
18345389 87
18345389 2071
18345461 16
18345479 1
18345529 9455
18345577 243
18345581 7764
18345683 1
18345731 28
18345809 31
18345829 32
18345911 136
18345931 381
18346049 27
18346093 3
18346217 219
18346219 380
18346219 1932
18346271 493
18346297 3
18346301 28
18346313 243
18346333 3
18346369 192
18346411 2640
18346441 11
18346441 699
18346529 15
18346597 5207
18346631 1
18346631 4
18346631 48
18346633 60
18346687 105
18346711 8028
18346777 20
18346813 35
18346829 379
18346829 2335
18346843 5
18346907 1348
18346919 8001
18346921 8
18347051 1
18347057 7
18347101 3
18347101 4896
18347209 12
18347221 3
18347243 1
18347297 3
18347297 52
18347383 101
18347383 480
18347389 9315
18347411 4
18347411 5500
18347423 237
18347423 313
18347569 9395
18347579 144
18347621 4
18347653 1148
18347773 20
18347773 23
18347801 3
18347801 88
18347809 275
18347809 1460
18347821 8
18347831 64
18347851 140
18347957 1092
18347993 43
18347993 5616
18348061 1244
18348107 4
18348107 12
18348199 36
18348241 8
18348259 1644
18348301 119
18348371 1
18348371 2728
18348413 111
18348439 396
18348481 3
18348599 4
18348599 25
18348611 1
18348611 1168
18348667 5
18348691 5
18348719 1
18348749 36
18348761 675
18348767 12
18348839 396
18348839 7321
18348857 100
18348859 12
18348877 8304
18348881 316
18348901 3
18348901 7019
18348907 5
18348907 17
18348977 868
18349021 1580
18349217 3
18349319 69
18349333 603
18349337 3
18349361 240
18349439 5604
18349481 388
18349571 4
18349627 3285
18349657 60
18349679 1
18349729 2852
18349853 4440
18349939 12
18350009 12
18350009 171
18350009 6912
18350023 5
18350023 33
18350063 16
18350093 55
18350131 5105
18350153 55
18350231 4
18350231 280
18350231 1128
18350263 41
18350281 911
18350281 6063
18350341 176
18350383 368
18350443 72
18350567 772
18350597 28
18350617 24
18350617 159
18350663 5905
18350671 5
18350671 345
18350677 1152
18350771 649
18350833 3
18350833 932
18350867 37
18350869 1992
18351043 5513
18351059 1
18351077 40
18351121 456
18351167 60
18351191 1
18351269 27
18351271 2009
18351323 141
18351337 3
18351353 48
18351433 56
18351451 765
18351491 25
18351569 9156
18351629 16
18351637 119
18351703 96
18351757 8
18351803 28
18351859 84
18351869 4
18351869 7567
18351901 8
18351923 4840
18351941 9723
18352039 204
18352063 192
18352199 1
18352199 265
18352223 12
18352291 20
18352351 9
18352361 79
18352417 3
18352417 1020
18352429 5679
18352463 240
18352541 123
18352547 804
18352549 204
18352549 8076
18352561 75
18352637 3
18352637 1872
18352709 367
18352751 4
18352813 3
18352813 108
18352907 9
18352921 8
18352927 5
18352927 20
18352967 649
18352987 9
18353161 36
18353161 71
18353299 125
18353323 321
18353341 8
18353341 531
18353341 540
18353393 3
18353473 12
18353579 112
18353579 169
18353623 312
18353681 103
18353681 580
18353681 4015
18353989 231
18354029 1224
18354053 268
18354103 512
18354157 27
18354191 3264
18354191 7653
18354269 7
18354359 1
18354439 2532
18354443 1
18354467 24
18354521 136
18354571 5
18354599 1
18354613 3
18354731 364
18354859 12
18354911 1
18354949 131
18354971 1
18354977 324
18354983 12
18355021 464
18355031 88
18355039 5
18355061 3
18355079 1
18355079 205
18355153 528
18355171 329
18355243 120
18355307 2205
18355373 27
18355373 100
18355451 1
18355451 129
18355457 4
18355457 144
18355487 60
18355553 3
18355583 1
18355613 1780
18355621 903
18355621 4748
18355723 2112
18355747 368
18355769 4260
18355783 5
18355783 117
18355853 7
18355879 341
18355889 87
18355891 161
18355921 264
18355949 415
18356003 1
18356003 9477
18356131 5
18356137 44
18356281 131
18356297 9588
18356321 4
18356321 19
18356347 29
18356417 484
18356633 1768
18356659 1424
18356683 32
18356771 9
18356827 20
18356909 19
18356939 49
18357023 6712
18357109 3156
18357167 8589
18357191 1
18357271 140
18357293 760
18357373 8
18357491 1
18357491 4
18357503 112
18357503 801
18357527 7068
18357719 4
18357733 2520
18357737 7
18357919 5
18357923 132
18357959 12
18358003 5
18358049 16
18358121 4
18358121 48
18358129 171
18358177 3855
18358261 108
18358267 5
18358267 8324
18358271 9
18358271 181
18358273 68
18358279 1485
18358321 8
18358523 1
18358583 2640
18358591 3500
18358609 20
18358741 3
18358877 4
18358891 6521
18359063 300
18359153 2983
18359293 795
18359387 172
18359447 9
18359483 16
18359483 921
18359527 9920
18359531 48
18359629 180
18359699 841
18359713 15
18359713 9395
18359717 88
18359749 3387
18359749 8984
18359821 11
18359879 1
18359879 21
18359893 455
18359903 3912
18359981 111
18360019 17
18360071 1
18360131 1
18360149 7
18360149 220
18360197 7
18360301 6980
18360359 49
18360359 405
18360373 27
18360373 3516
18360383 1
18360389 159
18360427 9
18360437 19
18360491 1840
18360523 968
18360577 108
18360599 157
18360763 21
18360827 24
18360931 9
18360971 1
18360997 624
18361117 3
18361219 17
18361223 3445
18361229 4
18361249 1587
18361249 4019
18361249 6384
18361289 4
18361319 876
18361339 9
18361433 75
18361439 172
18361493 5007
18361639 20
18361697 100
18361757 12
18361789 11
18361829 16
18361859 1
18361883 1
18361883 85
18361957 143
18361963 441
18361979 1
18362033 52
18362059 24
18362143 41
18362143 657
18362143 876
18362237 3
18362251 20
18362251 185
18362287 24
18362287 189
18362293 111
18362297 400
18362299 44
18362371 300
18362411 1
18362437 8
18362473 3
18362653 9015
18362699 1
18362741 231
18362761 3
18362761 371
18362777 3
18362863 365
18362867 237
18362899 105
18362899 204
18362977 27
18363011 1
18363011 636
18363047 12
18363049 839
18363083 81
18363089 6411
18363109 587
18363133 3
18363197 124
18363251 25
18363263 1
18363283 12
18363299 117
18363391 221
18363469 15
18363547 72
18363547 252
18363551 1788
18363647 9
18363647 13
18363769 207
18363781 156
18363799 5
18363799 17
18363853 3
18363853 455
18363923 12
18363923 757
18363991 8
18363991 125
18364037 7
18364039 3081
18364057 183
18364061 1876
18364109 16
18364201 1008
18364217 1048
18364253 112
18364259 1
18364519 12
18364519 69
18364693 260
18364693 732
18364711 93
18364769 4
18364769 24
18364799 1
18364939 20
18364943 1228
18365069 16
18365069 55
18365101 143
18365177 1624
18365359 2096
18365371 5
18365383 56
18365411 4
18365441 828
18365441 3960
18365573 63
18365573 2236
18365603 357
18365693 76
18365693 1803
18365701 51
18365813 3
18365813 12
18365813 1036
18365833 1808
18365923 225
18365993 3
18365993 63
18366059 4
18366071 4209
18366091 125
18366109 644
18366133 603
18366371 1
18366379 6857
18366379 7052
18366431 664
18366431 1420
18366457 92
18366571 96
18366587 769
18366611 25
18366617 7
18366629 39
18366697 3
18366739 5
18366739 132
18366739 9809
18366833 87
18366833 147
18366839 1
18366899 1
18366899 976
18366913 71
18366923 1
18367093 32
18367163 1648
18367189 11
18367199 381
18367211 16
18367211 624
18367211 6768
18367289 31
18367289 55
18367289 135
18367387 5
18367387 1040
18367397 7
18367423 72
18367483 5
18367483 417
18367507 1824
18367537 63
18367561 24
18367621 1668
18367729 39
18367729 260
18367757 7
18367859 1
18367879 17
18367949 216
18367963 32
18367963 372
18367967 60
18368029 4991
18368069 715
18368071 21
18368111 1
18368131 8
18368171 264
18368221 3
18368261 108
18368321 348
18368341 188
18368387 2865
18368417 283
18368419 105
18368453 31
18368473 687
18368543 1
18368557 39
18368617 3528
18368639 189
18368659 65
18368699 1
18368737 795
18368741 3
18368741 96
18368741 2016
18368741 3163
18368827 12
18368863 252
18368873 1383
18368879 9
18368923 1953
18368923 2373
18369017 844
18369023 1
18369023 153
18369037 92
18369059 24
18369073 587
18369233 2907
18369259 21
18369269 24
18369293 48
18369319 9
18369347 4
18369347 49
18369359 1
18369359 141
18369397 95
18369397 1604
18369419 1
18369437 28
18369437 48
18369541 84
18369583 221
18369613 767
18369683 16
18369683 76
18369733 267
18369733 2412
18369739 32
18369739 201
18369817 152
18369899 2601
18369917 3
18369943 180
18369943 260
18369971 1
18369973 308
18369973 5988
18370049 579
18370067 220
18370309 827
18370357 8
18370367 64
18370367 984
18370433 151
18370433 3532
18370621 476
18370633 15
18370679 1
18370763 1557
18370799 1
18370823 1
18370823 21
18370861 8264
18370867 5
18370867 32
18370873 443
18370987 792
18371027 12
18371039 9
18371051 1
18371063 1
18371117 4
18371167 9
18371257 63
18371261 3
18371261 276
18371281 3
18371281 644
18371293 836
18371317 708
18371341 3
18371341 755
18371453 7
18371453 15
18371557 152
18371603 5265
18371657 3
18371663 1
18371663 7753
18371737 3
18371753 12
18371777 12
18371777 675
18371777 1195
18371887 204
18371923 5
18371923 132
18371959 9
18371959 2121
18372049 87
18372071 4
18372071 313
18372071 564
18372083 1
18372241 3
18372269 951
18372311 13
18372337 60
18372383 1
18372433 3692
18372443 1
18372463 1797
18372517 8
18372521 3
18372521 831
18372533 3
18372661 296
18372799 6276
18372953 15
18373007 9
18373031 1
18373031 4
18373189 155
18373259 1
18373301 3
18373331 213
18373331 528
18373331 565
18373387 12
18373417 59
18373499 1
18373591 48
18373601 991
18373631 13
18373657 5312
18373673 5247
18373739 1
18373739 52
18373763 1
18373801 11
18373807 308
18373829 9804
18373891 8
18373897 1088
18373909 96
18373919 1
18374219 3261
18374471 25
18374471 1021
18374471 1224
18374593 192
18374617 107
18374639 192
18374651 1041
18374711 2425
18374771 1
18374833 1031
18374921 159
18374947 5
18374947 32
18374981 31
18375059 592
18375083 1
18375089 4
18375101 2139
18375103 21
18375107 192
18375107 805
18375169 3495
18375277 12
18375289 2835
18375307 5
18375397 320
18375397 2300
18375557 15
18375601 3431
18375631 56
18375677 3
18375703 213
18375733 8816
18375743 172
18375809 376
18375881 3
18375911 1
18375949 11
18376129 144
18376177 20
18376187 460
18376207 60
18376321 608
18376361 136
18376373 348
18376411 5
18376417 72
18376441 3
18376441 1911
18376447 17
18376447 9092
18376489 11
18376489 7887
18376499 1
18376511 1
18376607 2833
18376661 4
18376703 73
18376759 849
18376823 21
18376927 3537
18376997 1164
18377033 3451
18377087 3025
18377129 7
18377173 803
18377201 16
18377369 4
18377371 24
18377377 3
18377399 57
18377407 24
18377477 3
18377543 1
18377573 1051
18377633 588
18377831 301
18377831 1344
18377861 256
18377971 33
18377971 104
18377993 235
18378013 3
18378047 48
18378077 4
18378169 75
18378181 1239
18378203 1
18378221 951
18378277 35
18378337 3
18378379 5
18378487 2193
18378497 60
18378557 1675
18378631 8
18378631 404
18378697 15
18378707 88
18378713 375
18378761 4
18378791 1
18378821 5731
18378839 9
18378839 6121
18378929 2904
18378979 177
18379003 761
18379079 1
18379079 232
18379247 4
18379279 9
18379351 536
18379379 4
18379433 16
18379523 12
18379547 4
18379573 1227
18379633 3
18379633 2352
18379661 3
18379661 1156
18379663 6413
18379741 3
18379741 108
18379799 1
18379811 36
18379901 7359
18379943 1
18380003 1
18380053 3
18380129 4
18380143 21
18380203 1236
18380233 60
18380249 127
18380291 148
18380339 24
18380419 461
18380437 15
18380449 11
18380569 32
18380569 4571
18380573 7
18380591 28
18380641 8
18380699 1
18380707 1145
18380759 1
18380819 1
18380881 3600
18380911 9
18380951 9
18381017 4
18381149 444
18381271 48
18381317 8007
18381353 3
18381367 5
18381373 51
18381457 12
18381491 9465
18381547 20
18381547 6684
18381593 7
18381677 7
18381731 40
18381739 5781
18381889 7887
18381907 8
18381943 5
18381953 28
18382079 1585
18382079 2101
18382127 13
18382157 4224
18382159 12
18382159 32
18382181 720
18382223 1
18382379 1
18382379 232
18382447 8
18382447 3153
18382537 3
18382619 124
18382667 4
18382669 12
18382669 504
18382769 1000
18382813 68
18382841 43
18382951 96
18382951 1340
18382979 1
18382979 904
18382993 83
18383081 3391
18383119 336
18383213 31
18383227 2264
18383311 429
18383333 7
18383353 8
18383353 1691
18383399 1
18383401 6120
18383411 681
18383441 3
18383441 76
18383483 1
18383581 8
18383591 1
18383591 24
18383591 273
18383597 4
18383609 439
18383689 699
18383801 16
18383839 81
18383927 13
18383927 48
18383927 345
18384059 1
18384059 264
18384221 48
18384239 36
18384257 84
18384371 145
18384413 3
18384427 8
18384437 7368
18384461 219
18384469 1035
18384479 4
18384563 1
18384563 112
18384629 4
18384731 36
18384757 8
18384823 8
18384833 48
18384941 19
18384983 12
18384983 33
18384983 9805
18385021 11
18385069 51
18385093 3
18385099 41
18385183 5456
18385207 65
18385243 140
18385249 392
18385351 5
18385361 739
18385417 95
18385607 9
18385643 12
18385729 519
18385733 1795
18385747 72
18385847 4
18385847 2392
18385849 15
18385877 84
18385919 9
18385931 621
18385987 8
18386051 1
18386189 39
18386191 20
18386273 952
18386309 4
18386321 3
18386339 1
18386369 7
18386371 201
18386483 13
18386527 17
18386549 27
18386579 9
18386677 12
18386717 3
18386801 3
18386909 60
18386923 8352
18386981 39
18386981 40
18387001 495
18387023 1
18387077 1075
18387091 36
18387121 84
18387157 3
18387331 8
18387331 24
18387361 99
18387361 224
18387407 88
18387407 5557
18387431 1
18387451 2040
18387461 2071
18387613 3
18387749 4
18387923 1
18387923 3721
18387947 133
18387983 1
18387983 4873
18387989 64
18388037 312
18388087 45
18388129 476
18388159 72
18388187 9
18388199 24
18388273 128
18388283 88
18388283 120
18388319 225
18388453 1112
18388483 597
18388501 3
18388501 2516
18388529 27
18388583 25
18388621 24
18388621 68
18388621 3519
18388631 1
18388631 73
18388663 33
18388723 101
18388723 216
18388823 33
18388873 3
18388991 96
18389051 85
18389051 448
18389081 43
18389101 11
18389123 2241
18389141 331
18389183 1
18389263 12
18389303 1
18389303 9780
18389317 44
18389453 423
18389453 5548
18389471 4
18389471 1021
18389513 2751
18389519 132
18389521 188
18389531 1
18389537 7
18389599 341
18389621 4
18389687 28
18389743 4785
18389807 4
18389879 1
18389933 36
18389957 60
18390013 75
18390103 617
18390193 660
18390287 52
18390289 84
18390299 7849
18390401 4
18390401 6808
18390433 440
18390433 3687
18390433 5288
18390503 13
18390503 85
18390527 145
18390539 1
18390551 1
18390563 1
18390569 4
18390577 59
18390641 3
18390641 76
18390767 1657
18390773 123
18390793 27
18390793 315
18390793 743
18390833 7
18390877 12
18390973 3
18390979 3101
18391013 4180
18391129 560
18391129 1035
18391171 653
18391187 9
18391213 351
18391319 4
18391363 156
18391379 1204
18391441 24
18391469 652
18391537 455
18391537 3899
18391661 28
18391663 32
18391741 1155
18391741 6935
18391777 3
18391811 1
18391811 33
18391837 59
18391889 4
18391889 8956
18391937 60
18391949 120
18391987 713
18391991 1
18391991 216
18392027 1972
18392047 393
18392167 5
18392191 1668
18392291 9
18392389 231
18392459 37
18392533 68
18392681 36
18392753 7
18392797 1524
18392821 3
18392909 72
18392923 152
18392947 129
18393059 121
18393091 164
18393113 12
18393131 1
18393157 7143
18393223 2061
18393289 47
18393301 4359
18393313 20
18393343 48
18393343 417
18393359 1
18393373 71
18393421 2363
18393449 355
18393449 1419
18393449 3756
18393451 9
18393457 9104
18393589 2319
18393593 3271
18393689 2184
18393701 4
18393799 189
18393821 2896
18393829 1895
18393937 3039
18393989 40
18394073 3
18394093 428
18394093 2471
18394169 1056
18394171 185
18394231 21
18394297 308
18394307 40
18394349 12
18394351 636
18394421 3
18394511 6601
18394693 123
18394703 1
18394891 8
18394919 16
18394919 1101
18394933 3
18395011 329
18395053 48
18395057 67
18395123 780
18395233 56
18395291 4
18395297 3
18395303 816
18395353 75
18395393 3
18395563 9572
18395579 1
18395627 5208
18395633 16
18395639 424
18395639 1657
18395681 103
18395749 12
18395777 7
18395813 120
18395833 11
18395879 1
18395917 20
18395917 35
18395957 427
18395981 3
18396011 6553
18396071 1
18396083 1
18396097 3
18396127 69
18396187 185
18396221 711
18396221 868
18396269 19
18396277 35
18396347 340
18396347 600
18396359 4
18396409 3000
18396479 60
18396551 40
18396691 8
18396713 3
18396713 31
18397013 1275
18397081 3
18397081 6956
18397237 3
18397237 455
18397271 21
18397333 9063
18397363 8
18397363 12
18397363 740
18397403 21
18397459 32
18397499 25
18397501 3
18397549 347
18397583 1
18397619 280
18397781 3
18397781 79
18397811 1
18397811 385
18397829 51
18397829 67
18397853 375
18397993 9192
18398071 68
18398101 7263
18398129 4
18398129 7
18398129 552
18398153 211
18398167 5
18398201 3
18398273 1576
18398309 7
18398333 111
18398467 12
18398467 45
18398467 3072
18398483 76
18398489 4
18398519 1597
18398561 40
18398561 63
18398561 708
18398609 304
18398719 9
18398741 19
18398753 316
18398837 7
18398917 924
18398977 24
18399047 37
18399107 24
18399167 4668
18399187 9
18399187 29
18399229 375
18399289 192
18399319 5
18399421 8
18399443 1
18399499 36
18399637 3
18399713 16
18399751 80
18399751 233
18399781 155
18399791 1
18399791 96
18399859 57
18399919 5
18399919 80
18400003 17
18400013 7
18400061 39
18400073 783
18400093 20
18400139 1
18400163 1
18400163 13
18400163 936
18400313 15
18400313 27
18400351 9
18400373 3
18400397 7
18400439 1
18400439 160
18400439 504
18400523 613
18400583 88
18400597 27
18400633 395
18400633 7160
18400673 7
18400691 1
18400691 4
18400741 3
18400787 544
18400787 4977
18400901 216
18400927 17
18400931 3376
18400939 585
18400939 7016
18400969 335
18400981 11
18400981 203
18401023 56
18401029 6171
18401057 3
18401069 1624
18401297 3
18401297 7
18401297 24
18401309 180
18401407 137
18401423 1
18401437 140
18401437 5379
18401503 320
18401503 581
18401503 693
18401639 4
18401717 7
18401797 1475
18401827 864
18401833 11
18401843 1
18401857 9527
18401969 507
18401983 677
18402079 6401
18402113 5400
18402191 261
18402199 416
18402227 12
18402253 8
18402271 9
18402271 1709
18402359 4
18402359 37
18402413 412
18402457 1763
18402457 2679
18402479 1
18402509 2499
18402613 1095
18402859 3677
18402883 8
18402883 72
18402889 4304
18402893 495
18402929 420
18402931 9
18402941 4771
18402983 117
18403003 80
18403043 40
18403043 376
18403157 2035
18403211 25
18403241 3
18403327 92
18403379 145
18403387 69
18403391 33
18403433 240
18403433 292
18403433 6292
18403439 1
18403453 87
18403459 8292
18403501 236
18403501 3224
18403529 660
18403607 60
18403643 13
18403709 391
18403813 840
18403823 1
18403939 9
18403943 1
18403999 12
18404161 3
18404227 9
18404227 17
18404231 1
18404233 68
18404263 20
18404273 28
18404311 216
18404317 12
18404317 104
18404329 51
18404453 43
18404453 208
18404467 372
18404509 15
18404513 88
18404539 12
18404539 69
18404567 5277
18404627 8413
18404653 23
18404689 5687
18404707 189
18404753 12
18404797 3
18404797 339
18405017 63
18405089 2455
18405131 744
18405263 76
18405263 1488
18405301 3459
18405479 1
18405479 657
18405587 4
18405587 5293
18405587 6604
18405593 3
18405593 2608
18405671 1
18405683 1
18405731 4
18405743 225
18405799 8657
18405839 1
18405853 3
18405853 12
18405869 7
18405899 12
18405899 81
18405901 3
18405977 3
18405977 2820
18406027 5
18406043 5020
18406103 1
18406103 1108
18406181 1719
18406183 5
18406319 7485
18406331 1
18406337 6192
18406471 80
18406477 3
18406483 2508
18406517 135
18406639 5025
18406673 12
18406757 4
18406841 4
18406897 495
18406931 1
18406979 1101
18407003 16
18407297 135
18407381 3
18407381 135
18407419 392
18407437 8
18407551 5
18407551 48
18407629 384
18407723 321
18407737 20
18407737 104
18407749 39
18407749 72
18407771 1
18407783 1
18407867 9
18407897 3
18407993 4495
18408023 1
18408053 7
18408109 3176
18408133 35
18408199 45
18408347 13
18408347 2184
18408371 2160
18408371 2641
18408547 180
18408581 3
18408583 968
18408613 155
18408661 2079
18408737 19
18408833 3
18408983 12
18409163 12
18409199 385
18409253 31
18409253 288
18409253 4032
18409367 4153
18409393 1092
18409529 7
18409631 4
18409669 536
18409723 5
18409763 457
18409789 47
18409789 1436
18409799 4701
18409837 20
18409871 184
18409883 108
18409949 5824
18409957 3
18409967 24
18409987 333
18410003 4345
18410057 2655
18410153 15
18410191 513
18410219 580
18410233 20
18410369 7
18410369 60
18410369 139
18410443 3420
18410489 15
18410489 364
18410501 235
18410531 1
18410573 288
18410591 868
18410617 72
18410659 8484
18410731 5
18410747 33
18410801 871
18410827 569
18410893 312
18410921 579
18410933 3
18411011 16
18411047 192
18411059 4
18411059 9
18411067 5
18411077 3
18411077 40
18411313 1155
18411377 39
18411521 5616
18411529 1176
18411539 684
18411553 188
18411647 1324
18411769 531
18411797 223
18411857 3
18411929 51
18411989 6907
18412001 16
18412001 1008
18412027 5
18412103 73
18412151 1
18412151 7989
18412153 6923
18412169 771
18412237 3
18412313 3
18412327 5
18412517 259
18412519 7581
18412529 4
18412633 11
18412657 383
18412697 1848
18412703 237
18412721 4
18412763 1
18412763 336
18412879 32
18412879 165
18412981 4391
18412981 9983
18412993 3
18413029 11
18413081 1099
18413099 864
18413113 3
18413137 708
18413177 3
18413189 136
18413281 3
18413281 11
18413293 11
18413389 9575
18413401 3
18413401 35
18413443 581
18413449 84
18413471 1
18413471 13
18413497 5820
18413537 24
18413609 16
18413627 9
18413627 217
18413651 4
18413699 24
18413713 363
18413719 216
18413741 660
18413743 173
18413767 57
18413789 4
18413821 4268
18413851 5
18413851 273
18413893 95
18413897 19
18413903 2220
18413903 9157
18413911 165
18413977 23
18414023 4641
18414239 37
18414251 1
18414251 48
18414269 72
18414301 3
18414317 52
18414317 3300
18414353 7
18414377 4
18414377 2347
18414491 1
18414499 8160
18414503 1
18414511 605
18414541 11
18414659 4
18414673 696
18414677 5215
18414811 8
18414833 3
18414839 4
18414917 7
18414953 691
18415031 1
18415031 1116
18415031 1705
18415081 3
18415091 4
18415091 84
18415153 11
18415153 32
18415217 4
18415217 520
18415279 177
18415303 1157
18415421 4
18415487 57
18415511 333
18415531 5
18415549 1079
18415559 16
18415597 60
18415597 7472
18415651 20
18415697 3
18415711 5
18415781 3
18415799 9
18415843 140
18415871 8593
18415967 4
18416003 1
18416071 476
18416119 144
18416137 3
18416161 183
18416171 16
18416183 1620
18416267 24
18416267 160
18416267 268
18416533 8
18416539 204
18416539 404
18416543 1
18416543 397
18416551 8
18416579 2437
18416663 40
18416677 44
18416777 2463
18416819 1
18416843 1012
18416873 9355
18416891 133
18416941 611
18416989 11
18417011 1
18417299 4
18417299 85
18417337 687
18417359 1
18417521 556
18417551 4
18417551 969
18417559 9
18417599 1
18417713 7
18417857 12
18417857 55
18417881 280
18417907 33
18417907 737
18417907 1244
18417941 340
18418003 20
18418019 712
18418051 245
18418109 75
18418133 3
18418159 969
18418177 12
18418177 260
18418177 6647
18418237 608
18418249 32
18418249 2139
18418343 4657
18418363 1356
18418373 2491
18418399 560
18418441 404
18418537 3383
18418537 7499
18418627 164
18418643 1
18418669 119
18418723 3872
18418927 5909
18418943 1705
18418979 1
18418979 9297
18419047 593
18419047 6432
18419059 21
18419117 4
18419129 15
18419161 24
18419243 3712
18419257 3
18419399 1
18419413 96
18419413 672
18419617 3
18419657 3
18419657 79
18419663 780
18419689 20
18419813 48
18419813 352
18419833 7316
18419887 513
18419899 1341
18419927 5208
18419963 2712
18420011 84
18420011 1240
18420047 28
18420161 4
18420229 36
18420407 4
18420533 3
18420659 12
18420751 236
18420761 783
18420763 2153
18420901 51
18420901 779
18420901 1728
18420917 6567
18420923 5785
18420929 4
18421009 56
18421033 11
18421043 1
18421057 108
18421097 3
18421237 3
18421237 4068
18421379 1
18421399 305
18421411 20
18421439 1
18421493 628
18421619 1
18421631 4
18421801 3
18421813 3
18421841 4
18421841 9759
18421891 5
18421891 29
18421943 1
18421987 300
18422071 180
18422171 1
18422171 1464
18422197 72
18422231 1
18422231 4
18422269 15
18422291 1
18422303 1
18422623 60
18422659 192
18422669 76
18422759 1
18422759 2164
18422863 77
18422953 3
18422969 7
18422969 2092
18423029 7
18423133 716
18423137 3
18423173 7
18423173 4123
18423187 6540
18423313 3
18423467 13
18423571 8
18423571 56
18423571 920
18423649 3387
18423653 3
18423751 776
18423773 280
18423803 1
18423833 112
18423841 3
18423893 88
18423893 2296
18423929 132
18424067 3904
18424201 11
18424229 15
18424313 3
18424363 392
18424463 4380
18424507 153
18424529 1767
18424559 1776
18424561 2916
18424603 525
18424607 232
18424663 3696
18424711 516
18424727 3897
18424739 1
18424741 896
18424811 420
18424829 1012
18424871 96
18424891 5805
18424897 8
18425009 19
18425021 3
18425177 384
18425207 24
18425221 2343
18425333 3
18425333 16
18425333 115
18425413 8
18425431 1608
18425521 1928
18425587 4592
18425591 4
18425669 72
18425717 4
18425717 168
18425789 319
18425819 16
18425837 8868
18425837 9648
18425867 60
18425947 4557
18425971 2901
18425983 288
18425983 776
18425983 5645
18425999 4
18426041 3
18426127 3384
18426241 39
18426251 1
18426277 1620
18426311 21
18426367 3032
18426377 39
18426461 88
18426503 1
18426503 253
18426763 12
18426781 24
18426901 240
18426931 5
18426959 805
18427039 5
18427049 16
18427049 19
18427193 7
18427223 13
18427379 4021
18427501 11
18427523 1
18427523 100
18427523 240
18427537 5555
18427543 5
18427543 1197
18427567 3080
18427597 867
18427681 3
18427681 23
18427681 888
18427751 1
18427757 43
18427771 909
18427823 1
18427831 104
18427933 8751
18427987 224
18428009 36
18428063 5425
18428077 32
18428143 2661
18428197 8
18428269 2856
18428297 3
18428437 15
18428519 1
18428519 96
18428623 5
18428719 81
18428719 701
18428783 1
18428783 288
18428791 56
18428797 2268
18428959 1325
18429013 768
18429143 1548
18429227 4
18429251 13
18429263 1
18429263 253
18429277 108
18429337 87
18429379 9084
18429421 651
18429431 1
18429493 1212
18429493 8340
18429539 1
18429583 57
18429583 3452
18429583 7848
18429679 9725
18429689 192
18429721 15
18429731 400
18429839 4
18429907 9
18430169 711
18430207 669
18430229 12
18430271 24
18430271 160
18430289 55
18430339 21
18430453 23
18430453 48
18430453 132
18430459 5
18430481 1788
18430583 9273
18430619 1
18430619 325
18430681 3
18430757 3
18430759 165
18430781 4
18430781 531
18430813 3
18430837 12
18430837 143
18431041 8175
18431183 1
18431201 3
18431207 1057
18431243 1
18431279 1
18431293 8
18431323 3341
18431341 3
18431351 3864
18431521 11
18431521 84
18431537 3
18431537 7
18431603 1
18431657 3
18431681 1351
18431711 1
18431711 996
18431789 220
18431789 9232
18431797 15
18431839 9
18431923 5292
18431951 1
18431951 1284
18431983 173
18431999 1
18432041 2871
18432133 96
18432191 1
18432209 31
18432307 885
18432341 171
18432389 3411
18432433 116
18432433 3128
18432461 39
18432461 48
18432473 7
18432563 16
18432611 1
18432611 33
18432629 7
18432629 27
18432649 11
18432707 4944
18432737 4440
18432829 216
18432857 312
18432901 3
18432901 51
18432901 2160
18432937 207
18432937 248
18432971 1
18432971 24
18433031 133
18433039 104
18433039 672
18433123 1305
18433139 145
18433153 11
18433153 3747
18433199 1
18433277 24
18433277 55
18433339 504
18433379 1
18433379 4144
18433411 9
18433463 1
18433579 5
18433693 12
18433693 1632
18433717 60
18433847 2629
18433859 2461
18433861 8088
18433873 5088
18433931 1
18433963 456
18433981 183
18434027 4
18434027 13
18434083 840
18434099 564
18434113 1956
18434153 48
18434209 51
18434249 4
18434267 1077
18434323 1001
18434347 149
18434357 4
18434483 1
18434483 112
18434531 4
18434531 13
18434561 64
18434687 4
18434711 1
18434723 825
18434723 828
18434827 608
18434861 4
18434861 124
18434957 388
18434989 87
18435037 8
18435037 1875
18435059 2052
18435113 3
18435113 7
18435127 9
18435229 2175
18435269 75
18435289 659
18435299 4
18435341 480
18435401 6196
18435451 1533
18435523 5
18435523 4032
18435533 16
18435563 1
18435563 532
18435617 3939
18435649 5852
18435721 3
18435887 25
18435959 5337
18436031 1
18436057 252
18436069 36
18436081 8
18436097 4
18436153 51
18436153 2027
18436241 108
18436241 231
18436321 2799
18436349 496
18436393 1052
18436417 183
18436427 9
18436433 60
18436487 12
18436679 1
18436679 69
18436679 76
18436681 35
18436709 1711
18436727 57
18436787 4
18436793 3883
18436903 20
18436919 1
18436937 15
18436987 93
18436987 6884
18437227 305
18437233 56
18437233 167
18437233 1367
18437291 1
18437339 1
18437357 127
18437369 355
18437407 8
18437407 9
18437423 1
18437423 168
18437563 12
18437599 5
18437599 284
18437711 28
18437717 63
18437719 24
18437737 20
18437753 27
18437759 1
18437807 4
18437831 376
18437879 1
18437893 3
18437893 6368
18437899 749
18438029 55
18438169 35
18438169 1556
18438179 285
18438191 4
18438221 64
18438263 3241
18438283 20
18438311 24
18438349 24
18438359 69
18438361 3
18438499 161
18438499 792
18438587 388
18438649 24
18438731 4
18438757 179
18438757 375
18438773 51
18438793 3
18438793 23
18438907 24
18438923 1
18438941 3
18438977 4
18439051 1889
18439081 195
18439103 73
18439117 299
18439219 5
18439219 65
18439259 16
18439313 1612
18439361 4
18439427 84
18439471 9
18439483 125
18439541 531
18439657 8
18439669 47
18439739 21
18439847 157
18439871 9
18439871 25
18439903 21
18439921 236
18439961 4
18440033 1755
18440111 1
18440111 1249
18440159 4
18440263 8
18440263 17
18440269 791
18440299 21
18440339 25
18440413 68
18440423 1
18440423 21
18440453 7843
18440489 7
18440519 49
18440531 1
18440581 3
18440671 5616
18440791 33
18440831 13
18440861 3
18440893 8
18440927 729
18440953 1412
18440993 3
18440993 1768
18441029 15
18441307 5
18441341 1623
18441391 825
18441443 1
18441473 27
18441551 1
18441629 544
18441679 81
18441697 5592
18441733 51
18441751 5
18441757 8
18441757 20
18441757 2363
18441769 360
18441793 15
18441851 1
18441851 60
18441911 1
18441953 7
18441959 1416
18441971 1
18441971 2521
18442111 24
18442139 1
18442147 12
18442153 4320
18442163 753
18442181 51
18442201 56
18442201 84
18442201 3059
18442223 1
18442223 5376
18442339 2820
18442421 3
18442421 15
18442493 351
18442507 33
18442601 3
18442663 12
18442771 185
18442777 59
18442777 287
18442891 5
18443081 3
18443137 24
18443137 92
18443137 1188
18443141 4
18443179 9
18443209 207
18443303 1
18443329 720
18443371 128
18443461 6120
18443549 4
18443561 3
18443561 6411
18443587 9
18443671 44
18443687 9
18443749 5432
18443767 12
18443819 249
18443849 19
18443849 3364
18443863 101
18443993 16
18443993 28
18444043 1397
18444061 35
18444289 2492
18444329 15
18444329 372
18444353 52
18444427 365
18444427 8397
18444533 3003
18444571 20
18444589 1032
18444703 5
18444743 1
18444743 73
18444791 21
18444809 3235
18444851 4
18444989 1252
18445079 100
18445081 144
18445159 17
18445171 1013
18445319 4
18445319 9
18445429 267
18445451 4
18445451 9733
18445477 60
18445477 3812
18445501 8
18445597 8
18445597 9300
18445619 2781
18445699 261
18445727 4132
18445841 5380
18445849 291
18445849 480
18445853 160
18445927 132
18445963 8
18445967 28
18446041 539
18446081 828
18446081 3111
18446111 1309
18446177 12
18446237 3
18446243 1
18446293 243
18446353 3
18446353 156
18446629 32
18446651 1
18446707 9
18446773 20
18446801 3123
18446959 1896
18447001 176
18447223 17
18447239 1
18447239 121
18447371 4
18447379 552
18447389 91
18447413 15
18447419 64
18447421 8
18447421 4328
18447469 56
18447479 1
18447479 69
18447493 12
18447503 1
18447503 352
18447529 20
18447563 1492
18447593 7
18447617 364
18447629 5940
18447631 836
18447677 2055
18447773 88
18447797 24
18447797 40
18447887 4
18448013 5556
18448019 1
18448033 188
18448091 1
18448091 925
18448211 4
18448273 12
18448307 9
18448403 393
18448447 9273
18448471 429
18448481 3
18448501 15
18448511 1
18448523 52
18448537 3
18448571 1
18448609 2355
18448637 4
18448663 2288
18448673 4051
18448777 3
18448883 1
18448931 2241
18448939 477
18448939 3629
18448939 6500
18449147 24
18449147 2277
18449147 4669
18449183 9636
18449237 7
18449237 1047
18449339 1
18449383 116
18449413 3
18449491 549
18449507 12
18449531 1
18449531 9
18449603 9352
18449693 1260
18449759 1
18449813 423
18449813 1495
18449833 3707
18449839 140
18449861 3
18449911 53
18449953 8
18450001 63
18450037 35
18450043 1053
18450059 201
18450137 948
18450149 7
18450269 99
18450373 3
18450541 11
18450541 15
18450587 4
18450599 1
18450637 15
18450647 13
18450671 1
18450689 5935
18450701 19
18450713 112
18450793 800
18450799 5
18450799 1304
18450811 5
18450811 60
18450851 196
18450877 6987
18450947 24
18450961 128
18451019 1
18451067 4
18451079 220
18451091 4
18451099 65
18451133 9112
18451151 36
18451157 7
18451159 12
18451207 92
18451211 1284
18451253 468
18451283 25
18451333 7052
18451351 7301
18451361 579
18451421 24
18451421 223
18451441 48
18451649 15
18451669 32
18451673 88
18451691 220
18451751 33
18451751 84
18451753 12
18451757 27
18451757 259
18451931 25
18451931 84
18451949 12
18452047 7668
18452081 4
18452129 115
18452167 944
18452201 4
18452201 120
18452221 3
18452243 1
18452359 260
18452359 3380
18452437 12
18452453 888
18452491 725
18452513 4635
18452527 8792
18452549 7
18452669 232
18452723 1
18452897 7
18453011 40
18453011 4321
18453023 1
18453151 5
18453229 72
18453247 473
18453287 40
18453287 169
18453419 1
18453431 193
18453443 1
18453497 8287
18453499 29
18453509 1387
18453557 3
18453557 9672
18453637 2739
18453661 8
18453661 20
18453707 7432
18453739 21
18453761 4
18453881 9471
18453899 4
18453943 392
18453949 4095
18453979 5
18454031 1
18454031 1029
18454043 21
18454151 5145
18454297 2084
18454313 672
18454361 64
18454451 1
18454451 13
18454511 1716
18454543 7877
18454603 17
18454603 477
18454687 45
18454699 24
18454699 1676
18454739 4185
18454883 1
18454927 5
18454987 7904
18454999 5
18455009 12
18455033 3
18455159 1
18455179 480
18455201 15
18455209 44
18455209 132
18455219 1
18455219 540
18455287 1649
18455369 276
18455431 165
18455449 12
18455477 1084
18455477 1464
18455531 16
18455533 348
18455579 81
18455581 3
18455603 1
18455639 1
18455651 4
18455653 8
18455653 423
18455747 4
18455903 1
18455981 180
18456013 87
18456017 568
18456017 1167
18456047 168
18456103 12
18456107 4572
18456161 2823
18456247 5
18456257 195
18456259 641
18456283 8
18456421 711
18456457 12
18456457 4847
18456469 32
18456623 33
18456631 68
18456913 3
18456937 8
18456967 17
18457013 63
18457027 249
18457027 713
18457039 17
18457073 3
18457097 123
18457099 9
18457139 9
18457199 1
18457207 5
18457211 33
18457331 301
18457357 3
18457499 229
18457547 2565
18457577 40
18457633 8
18457643 60
18457757 7
18457811 9
18457819 420
18457823 1
18457871 1
18457871 189
18457877 2692
18457969 5751
18458023 1652
18458093 2788
18458233 1923
18458281 2583
18458303 13
18458353 3207
18458359 264
18458359 1461
18458399 37
18458507 2868
18458551 2453
18458603 1
18458669 55
18458711 4
18458711 45
18458801 8191
18458831 1
18458851 273
18458963 1
18458977 15
18458987 40
18458987 804
18459071 1
18459101 24
18459157 2664
18459187 5
18459191 1
18459239 4
18459277 380
18459407 12
18459479 469
18459509 12
18459521 600
18459527 13
18459541 15
18459541 651
18459607 4857
18459613 3
18459709 624
18459797 28
18459829 11
18459941 28
18459971 1
18459971 4
18459971 328
18459983 13
18459983 21
18460061 19
18460157 1840
18460259 1584
18460397 7
18460399 384
18460417 108
18460499 1
18460499 249
18460583 312
18460621 579
18460621 915
18460667 13
18460699 5
18460829 7
18460829 235
18460909 120
18460909 1512
18460919 1
18460961 16
18460991 84
18461021 28
18461059 96
18461117 432
18461123 1
18461291 4260
18461309 15
18461327 160
18461363 172
18461393 135
18461519 1
18461561 471
18461567 2320
18461593 1820
18461621 768
18461621 2883
18461701 3
18461731 573
18461731 1428
18461743 56
18461831 2889
18461857 792
18461873 51
18461879 325
18461897 3
18461899 644
18461909 684
18461941 188
18461959 89
18461959 2309
18461969 55
18462011 1
18462047 4
18462047 177
18462049 11
18462061 7868
18462131 1
18462151 44
18462193 20
18462203 736
18462263 25
18462263 532
18462263 1045
18462361 96
18462419 12
18462421 20
18462463 392
18462517 6108
18462539 61
18462569 220
18462607 9
18462617 3
18462641 4
18462641 1603
18462671 240
18462727 12
18462727 53
18462761 4
18462761 2376
18462791 49
18462797 7
18462841 80
18462841 4743
18462907 20
18462971 148
18462979 1145
18463013 7
18463013 55
18463013 631
18463091 3049
18463097 1723
18463121 7428
18463141 3
18463213 56
18463213 132
18463217 4
18463351 8
18463351 1485
18463369 15
18463373 3
18463399 129
18463427 8068
18463429 239
18463567 4605
18463661 3
18463661 156
18463721 3
18464051 1
18464051 25
18464059 32
18464077 20
18464077 539
18464081 16
18464123 1
18464153 375
18464167 1553
18464249 6579
18464321 43
18464417 3328
18464489 480
18464513 36
18464519 465
18464557 4772
18464573 27
18464717 340
18464777 43
18464783 1
18464783 100
18464939 9
18465001 71
18465001 396
18465091 33
18465197 28
18465203 21
18465233 172
18465233 627
18465263 1
18465263 7053
18465269 16
18465449 1876
18465521 15
18465607 17
18465607 1268
18465767 949
18465827 160
18465851 4
18465871 9
18465899 4
18465919 317
18465919 321
18465919 1341
18465947 5665
18465989 4
18466003 132
18466039 5
18466139 121
18466303 56
18466379 1156
18466387 20
18466391 1
18466429 5819
18466519 44
18466559 1
18466621 95
18466691 1
18466717 3
18466729 999
18466751 9
18466757 7
18466771 9
18466783 5
18466859 2412
18466873 7196
18466891 8
18466937 187
18466951 9
18466969 27
18467011 9
18467063 1
18467087 4
18467087 252
18467159 4
18467203 5
18467213 3075
18467359 140
18467369 7
18467377 1287
18467573 7
18467573 720
18467587 5
18467623 12
18467629 2216
18467707 5
18467717 79
18467717 748
18467747 1473
18467833 131
18467843 1
18467857 8
18467893 20
18467893 1140
18468059 361
18468101 3616
18468127 405
18468161 4
18468253 92
18468257 4
18468259 176
18468259 209
18468293 15
18468367 209
18468397 1179
18468419 1
18468431 1
18468469 11
18468547 189
18468577 60
18468577 3767
18468601 3
18468673 12
18468677 4
18468689 8107
18468767 109
18468841 15
18468899 1
18468899 4
18469039 249
18469109 40
18469151 1
18469151 4
18469151 4801
18469279 1185
18469337 148
18469471 56
18469499 1
18469523 57
18469579 41
18469579 81
18469687 80
18469777 2600
18469777 6707
18469813 15
18469859 4752
18469873 435
18469879 152
18469933 2975
18470051 1
18470059 404
18470161 951
18470197 612
18470197 6527
18470267 9
18470339 1
18470371 80
18470503 140
18470519 1
18470519 697
18470657 3880
18470713 8
18470927 1057
18470957 6468
18471017 55
18471017 4795
18471049 7416
18471053 1816
18471067 120
18471113 3
18471113 1132
18471143 1
18471143 12
18471143 1393
18471353 943
18471359 1177
18471421 63
18471449 4
18471491 901
18471499 24
18471527 817
18471539 1
18471821 3
18472031 540
18472033 5696
18472171 29
18472171 473
18472367 4777
18472469 19
18472471 1053
18472501 15
18472501 116
18472501 356
18472511 1
18472537 15
18472633 3
18472633 7935
18472639 125
18472711 5
18472823 717
18472849 12
18472859 1
18472877 4
18472957 3
18473003 445
18473011 53
18473023 113
18473023 2445
18473047 320
18473047 504
18473141 928
18473197 35
18473219 1
18473219 24
18473233 8
18473233 27
18473341 3
18473449 387
18473501 435
18473501 463
18473513 3471
18473591 109
18473699 1
18473701 8843
18473717 360
18473779 5316
18473803 657
18473857 108
18473857 224
18473879 1
18473887 417
18474017 39
18474119 1
18474143 1
18474187 4665
18474191 1
18474191 5653
18474283 21
18474283 960
18474283 2901
18474307 113
18474367 113
18474377 1179
18474377 3079
18474439 501
18474439 1524
18474457 12
18474509 4
18474541 968
18474557 3
18474557 1180
18474671 148
18474719 1
18474751 156
18474761 43
18474779 1
18474787 272
18474917 7
18474919 12
18474931 5
18475097 5815
18475159 296
18475199 37
18475229 12
18475339 29
18475403 1
18475439 3357
18475459 209
18475511 1
18475517 3
18475547 3045
18475573 1052
18475607 837
18475637 24
18475649 51
18475763 460
18475781 4
18475867 5
18475903 17
18475931 796
18475973 3
18475979 2724
18475981 48
18475997 175
18476033 43
18476057 580
18476069 24
18476141 55
18476173 255
18476173 875
18476261 108
18476273 847
18476411 1
18476533 1767
18476587 12
18476597 48
18476693 3
18476723 1
18476749 396
18476749 644
18476753 2715
18476897 4
18477007 5
18477007 917
18477007 4212
18477077 12
18477091 1101
18477167 5880
18477187 524
18477223 860
18477289 36
18477307 3317
18477311 1
18477311 7449
18477343 213
18477383 1813
18477427 128
18477469 252
18477491 60
18477577 8288
18477607 5
18477637 507
18477653 3
18477703 441
18477731 1
18477743 1
18477743 4753
18477749 511
18477773 7
18477791 100
18477799 5
18477967 680
18477983 1
18477989 7
18477989 27
18478069 324
18478121 4
18478153 1955
18478259 69
18478277 1779
18478283 1
18478363 5
18478367 45
18478391 1
18478391 4
18478477 899
18478513 3855
18478517 4
18478517 460
18478529 5920
18478549 131
18478571 601
18478619 417
18478693 171
18478703 1120
18478703 1425
18478727 4
18478751 156
18478753 3
18478781 3
18478843 5
18478843 45
18478853 111
18478853 1483
18478897 447
18479011 144
18479173 35
18479173 188
18479231 1
18479297 3
18479297 4
18479303 8853
18479387 157
18479387 265
18479521 311
18479569 107
18479651 1
18479653 3
18479743 20
18479849 4
18479887 44
18479891 96
18479891 1873
18479927 117
18479933 31
18479941 23
18479947 44
18480001 431
18480041 3
18480043 113
18480079 32
18480083 1
18480083 100
18480083 885
18480113 1908
18480181 575
18480191 1
18480193 3
18480251 13
18480277 5064
18480349 59
18480361 60
18480401 3
18480487 44
18480589 939
18480611 156
18480647 189
18480713 12
18480727 24
18480769 36
18480809 619
18480821 3
18480829 635
18480851 9
18480971 4
18481039 5
18481051 68
18481051 321
18481061 79
18481063 12
18481097 159
18481157 3859
18481189 99
18481217 2863
18481291 65
18481391 153
18481553 3
18481637 43
18481663 6345
18481709 36
18481709 5656
18481751 1
18481861 1835
18481867 5
18481901 4684
18481913 51
18481937 952
18481979 1
18481979 7221
18481997 1003
18481999 5
18482033 31
18482039 16
18482053 192
18482071 45
18482153 492
18482171 445
18482201 4
18482209 11
18482227 9
18482227 968
18482237 3
18482279 1
18482291 1
18482291 216
18482323 672
18482333 55
18482467 2364
18482617 1979
18482729 12
18482741 36
18482749 1680
18482813 3
18482977 2199
18483011 1
18483011 1264
18483083 12
18483209 1675
18483299 364
18483341 43
18483373 3
18483373 4380
18483419 21
18483419 940
18483463 68
18483541 3015
18483667 8
18483721 3
18483733 8
18483761 3
18483791 1
18483821 24
18483821 156
18483859 197
18483869 204
18483869 616
18483911 3361
18484003 20
18484013 708
18484031 93
18484129 1811
18484133 136
18484171 4208
18484241 3
18484259 4
18484259 1260
18484273 8363
18484307 9
18484307 289
18484307 580
18484351 5
18484379 9304
18484381 2675
18484391 256
18484733 520
18484751 109
18484819 5997
18484859 1
18484859 12
18484871 1
18484937 367
18484997 12
18485011 785
18485011 5313
18485039 1
18485039 532
18485143 12
18485191 5
18485297 3
18485297 223
18485329 779
18485339 1116
18485339 1581
18485381 664
18485473 3
18485531 429
18485563 5
18485563 20
18485563 305
18485591 144
18485603 160
18485627 100
18485653 3
18485671 404
18485713 8735
18485741 9636
18485771 21
18485791 9
18485791 81
18485837 1308
18485959 165
18486011 208
18486133 135
18486133 155
18486161 331
18486329 624
18486389 1464
18486467 9
18486467 13
18486469 2364
18486469 9615
18486473 820
18486491 69
18486521 115
18486661 2748
18486863 6885
18486899 1
18487003 45
18487037 4
18487037 28
18487037 1560
18487039 65
18487061 24
18487061 123
18487103 1
18487153 3
18487199 121
18487213 1700
18487283 33
18487289 3247
18487307 360
18487321 876
18487363 720
18487409 16
18487487 7485
18487499 1
18487519 9
18487543 1977
18487559 9
18487631 268
18487639 44
18487691 1
18487691 49
18487751 3048
18487759 5
18487759 756
18487769 211
18487867 5
18487879 1592
18488011 3960
18488087 3604
18488137 752
18488153 7
18488177 2148
18488203 8
18488207 12
18488243 1
18488303 1
18488321 36
18488321 223
18488339 21
18488339 1717
18488441 3804
18488441 4440
18488443 5
18488497 3
18488543 213
18488611 224
18488671 1596
18488677 35
18488819 1165
18488887 5
18488887 9
18489017 4
18489077 3
18489083 1
18489083 117
18489101 3435
18489139 17
18489203 1
18489257 3
18489259 696
18489277 3
18489277 23
18489281 3
18489301 11
18489301 363
18489301 419
18489391 60
18489403 8
18489407 9
18489431 1
18489509 4
18489553 11
18489571 8
18489623 1
18489629 1347
18489637 15
18489743 1
18489781 59
18489841 3
18490019 9
18490267 68
18490267 5432
18490309 851
18490309 8615
18490319 792
18490393 92
18490421 24
18490513 2168
18490573 1631
18490691 1
18490691 129
18490691 9556
18490699 6381
18490709 936
18490807 537
18490807 692
18490841 31
18490949 12
18490987 9
18491003 1
18491021 388
18491147 9
18491147 808
18491339 1
18491399 16
18491413 768
18491423 36
18491491 5
18491687 669
18491719 21
18491857 188
18491857 6944
18491881 23
18491887 669
18491981 4
18491981 2784
18491981 9984
18492059 1
18492137 27
18492137 43
18492217 83
18492247 24
18492289 51
18492407 4
18492407 4020
18492431 64
18492457 3375
18492521 235
18492553 1091
18492739 44
18492739 56
18492751 9
18492841 131
18492853 11
18492853 3911
18492899 21
18493073 516
18493159 56
18493199 40
18493259 1
18493291 29
18493291 6621
18493369 899
18493379 1
18493393 11
18493471 60
18493471 69
18493471 2193
18493487 12
18493487 7420
18493499 172
18493507 12
18493537 6207
18493567 372
18493649 7
18493697 3
18493751 40
18493823 1
18493879 924
18493991 1
18494051 3124
18494053 23
18494053 108
18494123 1
18494131 60
18494213 12
18494213 352
18494279 1
18494299 2061
18494347 7073
18494347 9657
18494363 2232
18494501 283
18494503 8
18494503 341
18494503 5837
18494519 1
18494591 9
18494591 313
18494627 12
18494633 531
18494689 39
18494717 264
18494797 5987
18494873 3
18494891 1
18495131 576
18495181 8
18495193 75
18495293 3
18495311 1884
18495319 20
18495361 24
18495527 364
18495539 1
18495539 49
18495557 7
18495557 63
18495563 1
18495563 1228
18495593 100
18495593 823
18495613 72
18495629 1744
18495629 2244
18495647 24
18495689 36
18495691 504
18495787 53
18495821 15
18495853 27
18495853 36
18495859 5376
18495907 272
18495947 180
18495973 92
18496061 4
18496073 135
18496073 1231
18496081 3
18496169 7
18496169 387
18496183 2136
18496193 15
18496199 1
18496213 975
18496217 12
18496223 1
18496223 177
18496259 4
18496259 180
18496273 12
18496273 3080
18496277 3
18496343 3765
18496351 101
18496363 8
18496399 2589
18496409 4
18496409 495
18496421 196
18496741 3
18496759 41
18496771 5
18496811 33
18496817 4248
18496831 33
18496831 581
18496831 993
18496871 1281
18496949 196
18496999 5
18497023 1868
18497113 3
18497119 357
18497161 4491
18497189 4
18497201 3
18497201 136
18497201 216
18497239 69
18497257 83
18497321 4291
18497321 8599
18497419 177
18497441 79
18497489 396
18497491 8
18497491 53
18497551 84
18497617 8
18497639 1
18497693 3
18497693 327
18497711 1
18497711 4
18497723 1
18497767 5
18497789 315
18497827 8
18497827 6440
18497851 8
18497861 16
18497861 43
18497861 64
18497867 4
18497879 1
18497893 9128
18497923 53
18497923 96
18497939 12
18498037 8
18498197 7
18498241 435
18498427 93
18498539 1245
18498653 7
18498671 1
18498679 4716
18498713 3
18498769 27
18498769 2235
18498793 531
18498803 2368
18498833 96
18499031 1
18499031 1849
18499049 4315
18499133 3168
18499139 4501
18499367 120
18499421 3
18499423 557
18499433 55
18499447 4577
18499517 7
18499609 312
18499619 1
18499699 9
18499769 60
18499769 7116
18499913 63
