13000049 127
13000081 3
13000139 1
13000213 20
13000217 7
13000219 2240
13000219 4505
13000277 27
13000297 99
13000307 9537
13000331 4
13000349 12
13000397 5880
13000483 777
13000499 16
13000651 113
13000657 3312
13000667 12
13000679 120
13000781 3699
13000831 6204
13000849 36
13000909 120
13000913 3
13000979 172
13001071 225
13001089 252
13001101 2496
13001119 141
13001129 4
13001161 3
13001161 1548
13001459 1
13001459 4
13001501 64
13001621 60
13001627 693
13001671 228
13001761 1980
13001789 5227
13001843 1825
13001959 1397
13001981 388
13002019 576
13002029 132
13002071 25
13002079 780
13002091 393
13002097 12
13002109 11
13002109 144
13002131 1
13002163 12
13002167 4272
13002181 3
13002181 4580
13002233 15
13002239 1
13002257 3
13002287 352
13002491 9385
13002511 689
13002529 947
13002551 1
13002709 27
13002721 768
13002767 645
13002901 15
13002917 60
13002917 75
13002917 148
13002923 1717
13002971 1
13002971 69
13003009 12
13003013 48
13003019 16
13003037 1060
13003091 9
13003091 60
13003219 117
13003247 1705
13003301 3
13003439 225
13003469 12
13003469 1519
13003483 873
13003493 3
13003547 4
13003547 25
13003559 1
13003559 4
13003699 1809
13003741 15
13003801 8
13003883 1
13003957 684
13003957 2799
13004077 480
13004077 3272
13004081 15
13004083 3441
13004137 8
13004261 4
13004263 21
13004297 199
13004311 36
13004333 3
13004333 715
13004347 57
13004347 7404
13004351 25
13004359 492
13004363 1
13004449 44
13004461 8
13004489 7879
13004513 163
13004539 1805
13004543 141
13004587 89
13004653 3
13004753 496
13004777 3
13004801 3
13004801 160
13004819 4
13004833 3
13004891 1
13004933 12
13004939 9004
13004941 771
13004989 135
13005011 4
13005037 219
13005053 3
13005127 153
13005133 1080
13005197 5268
13005199 5
13005199 2877
13005203 21
13005233 3
13005233 76
13005259 60
13005263 60
13005301 48
13005401 900
13005413 687
13005457 395
13005563 1
13005623 1041
13005673 3
13005673 23
13005679 105
13005703 45
13005911 1
13005911 4
13005919 80
13005931 5
13006001 16
13006111 93
13006271 1
13006283 13
13006289 4
13006289 7
13006291 980
13006361 31
13006381 588
13006447 1317
13006457 67
13006457 280
13006489 12
13006501 15
13006579 5
13006579 105
13006579 9680
13006699 2436
13006711 2285
13006793 3
13006793 91
13006817 3
13006817 12
13006871 13
13006919 60
13006933 11
13007003 396
13007053 215
13007087 4
13007087 1009
13007119 5876
13007123 97
13007249 12
13007377 9212
13007417 3
13007437 3207
13007441 16
13007441 1251
13007453 3
13007557 3
13007653 300
13007699 1
13007699 4
13007699 1825
13007711 49
13007821 443
13007893 203
13007923 7532
13007971 753
13007971 1304
13008101 816
13008101 1180
13008139 17
13008181 416
13008209 19
13008239 12
13008241 156
13008263 1
13008263 21
13008353 2052
13008367 3933
13008419 57
13008427 2489
13008449 19
13008461 3
13008469 1344
13008503 16
13008557 3
13008599 4
13008607 152
13008607 713
13008647 88
13008713 3
13008761 16
13008881 4
13008923 1
13008929 592
13008949 51
13008973 3
13008973 680
13008979 401
13008979 4476
13009001 3
13009001 1015
13009069 96
13009123 1020
13009223 97
13009253 3
13009291 2781
13009303 33
13009303 8693
13009331 16
13009333 1688
13009391 4
13009489 1512
13009501 3564
13009571 5353
13009613 15
13009613 3012
13009769 940
13009901 2328
13009921 5744
13009943 13
13009967 28
13010059 56
13010317 228
13010419 3132
13010477 7060
13010633 15
13010689 615
13010737 3
13010813 3
13010827 789
13010909 4
13010929 39
13010951 4
13011059 1
13011073 20
13011121 11
13011197 175
13011197 6328
13011223 41
13011253 35
13011281 28
13011337 2928
13011407 9
13011431 85
13011437 12
13011619 5
13011619 305
13011631 165
13011707 4
13011781 3
13011781 99
13011781 2883
13011787 284
13011787 6969
13011797 372
13011863 1
13011917 4
13011959 1
13011967 660
13012061 31
13012079 184
13012231 113
13012379 1
13012427 568
13012487 748
13012523 1
13012589 1884
13012609 372
13012679 1
13012679 37
13012717 24
13012717 155
13012721 4
13012751 7609
13012799 1
13012889 15
13012969 12
13012969 207
13013057 244
13013129 180
13013131 329
13013131 1380
13013227 5
13013243 1
13013243 3273
13013269 11
13013269 732
13013269 7964
13013291 16
13013327 6229
13013333 16
13013389 320
13013417 7612
13013527 212
13013641 984
13013647 1868
13013657 7
13013731 5
13013747 4
13013747 7293
13013761 3
13013771 1
13013771 4
13013813 327
13013813 2116
13013827 5
13013849 24
13013863 81
13013867 13
13013909 1191
13013981 523
13013999 1
13013999 4180
13014007 8
13014103 5
13014103 656
13014193 1371
13014257 3
13014319 5
13014349 12
13014349 87
13014349 936
13014413 7
13014427 5
13014479 4
13014511 21
13014511 1524
13014541 179
13014611 288
13014643 12
13014763 6548
13014779 64
13014821 103
13014893 3
13014983 2065
13015043 1
13015043 465
13015073 267
13015241 3336
13015267 12
13015273 687
13015339 3672
13015357 2588
13015423 5
13015423 936
13015451 4
13015559 1
13015579 392
13015579 521
13015721 423
13015777 8
13015837 84
13015979 1
13015979 9
13015991 1
13016011 2636
13016011 3473
13016021 1860
13016027 4
13016027 5884
13016051 1
13016051 1941
13016053 20
13016141 376
13016141 3979
13016209 11
13016209 987
13016209 3735
13016209 5036
13016231 1
13016251 9
13016281 3
13016281 2171
13016293 3
13016293 27
13016327 60
13016477 448
13016513 43
13016561 7596
13016567 849
13016719 1100
13016723 16
13016753 123
13016813 351
13016813 8503
13016819 1
13016867 13
13016893 491
13016903 16
13016903 336
13017031 68
13017031 125
13017157 404
13017161 55
13017181 144
13017181 1436
13017197 259
13017247 12
13017283 2220
13017331 1629
13017419 844
13017443 1
13017479 24
13017629 1816
13017629 1987
13017629 8035
13017659 2124
13017671 9
13017757 5364
13017833 3
13017841 1311
13017947 664
13017959 1372
13018003 32
13018183 20
13018219 44
13018219 116
13018219 2024
13018451 1
13018457 204
13018501 15
13018573 11
13018757 7
13018807 29
13018823 1
13018871 1
13018909 4860
13018919 1240
13018919 5496
13018921 3
13018927 5913
13018969 279
13018969 1139
13018997 708
13019003 1
13019033 3
13019033 387
13019063 196
13019077 8267
13019137 2532
13019183 1
13019309 15
13019549 124
13019557 75
13019557 3527
13019561 3
13019599 77
13019651 1936
13019761 3
13019791 2528
13019801 1363
13019803 560
13019857 8
13019933 7
13019971 84
13019989 2327
13020017 135
13020017 3255
13020037 240
13020071 121
13020109 44
13020109 59
13020131 1
13020209 372
13020233 3
13020233 4315
13020251 364
13020307 5
13020307 293
13020347 3997
13020383 1
13020383 4585
13020503 12
13020541 3
13020587 492
13020607 17
13020649 3996
13020653 3
13020659 132
13020671 385
13020703 917
13020779 1
13020779 2184
13020803 1
13020853 155
13020853 728
13020853 7580
13020907 6564
13020911 1
13021027 12
13021027 329
13021049 12
13021069 12
13021207 108
13021247 6120
13021277 7
13021367 9
13021387 8
13021387 1133
13021399 17
13021433 3
13021523 1
13021549 15
13021607 1368
13021663 56
13021663 4061
13021681 84
13021727 33
13021769 7
13021901 43
13021913 27
13021927 345
13021927 4637
13021993 36
13021999 317
13022003 4345
13022027 352
13022059 557
13022099 1
13022143 5
13022147 3000
13022161 2271
13022171 28
13022231 1
13022333 568
13022351 1
13022351 45
13022369 4
13022371 84
13022423 2653
13022497 4904
13022567 388
13022567 624
13022567 6465
13022651 1
13022701 3183
13022729 36
13022777 5352
13022831 388
13022909 19
13022957 1848
13022963 1
13022963 2793
13022963 3492
13023067 12
13023119 1
13023119 2872
13023167 24
13023167 33
13023203 1
13023203 225
13023253 3
13023271 1985
13023287 4984
13023481 84
13023499 5
13023551 1
13023701 15
13023737 607
13023851 264
13023971 1
13023971 21
13023979 492
13024007 585
13024181 151
13024201 39
13024213 80
13024223 1
13024241 24
13024339 29
13024357 3
13024357 32
13024357 35
13024469 24
13024483 108
13024507 20
13024547 4
13024597 120
13024721 3
13024751 25
13024751 36
13024769 51
13024889 3559
13024927 5
13025083 5
13025123 1
13025209 275
13025219 12
13025219 5365
13025297 2859
13025357 2067
13025401 315
13025401 863
13025407 5
13025459 16
13025479 224
13025497 3
13025497 23
13025503 81
13025503 585
13025557 159
13025581 3
13025581 204
13025647 105
13025687 1213
13025737 372
13025777 4
13025801 1776
13025917 204
13025933 3255
13025953 6155
13026203 1
13026203 28
13026239 1
13026253 375
13026281 424
13026311 1
13026337 3923
13026359 9
13026359 37
13026359 357
13026383 237
13026401 4
13026521 3
13026521 88
13026569 4
13026577 24
13026577 99
13026581 91
13026617 604
13026667 24
13026703 128
13026707 552
13026911 1
13026911 4
13027051 209
13027067 4
13027067 9
13027087 545
13027109 3027
13027207 3357
13027243 3888
13027433 36
13027447 17
13027489 44
13027519 21
13027519 177
13027523 1
13027579 117
13027717 119
13027853 3
13027951 5
13027979 1956
13027991 1
13027997 84
13028123 13
13028233 195
13028317 4059
13028333 12
13028359 965
13028363 1
13028363 21
13028399 1
13028399 2409
13028437 20
13028437 24
13028461 3191
13028467 8
13028489 232
13028501 156
13028581 36
13028599 81
13028651 8464
13028671 5
13028689 1067
13028789 1059
13028863 36
13028893 627
13029001 2156
13029053 3
13029067 77
13029151 309
13029179 1056
13029179 1264
13029343 228
13029347 1005
13029371 1
13029371 220
13029407 832
13029437 4
13029437 7
13029437 27
13029479 1
13029491 213
13029521 4
13029521 111
13029547 45
13029617 64
13029727 9
13029727 92
13029733 72
13029853 6672
13029979 192
13030037 499
13030079 1
13030123 5
13030123 12
13030183 68
13030189 1592
13030267 8849
13030273 11
13030291 156
13030343 1
13030343 5917
13030403 961
13030453 3
13030499 1
13030631 1
13030631 73
13030679 561
13030691 1
13030753 711
13030769 19
13030783 980
13030877 12
13030921 5283
13030931 36
13030937 27
13030973 1375
13031099 1
13031233 3
13031233 200
13031261 5943
13031413 47
13031419 104
13031467 32
13031479 161
13031519 1
13031521 108
13031521 1616
13031531 120
13031561 988
13031617 152
13031651 5773
13031653 1455
13031653 7512
13031671 4469
13031717 3
13031719 785
13031813 355
13031999 49
13032017 7
13032037 59
13032083 676
13032083 1780
13032193 8
13032199 20
13032221 63
13032287 604
13032317 3
13032317 8148
13032373 47
13032377 1804
13032379 6185
13032391 1568
13032419 1180
13032479 1
13032517 1080
13032529 260
13032533 40
13032563 33
13032601 8
13032611 4
13032671 1
13032731 4740
13032757 320
13032809 19
13032883 12
13033049 4
13033103 1
13033109 7
13033289 40
13033333 4191
13033409 387
13033421 324
13033439 36
13033439 349
13033463 252
13033463 4692
13033627 24
13033751 13
13033841 28
13033841 223
13033877 3
13033901 48
13033927 3204
13033927 8153
13033957 3
13033957 44
13034039 1
13034041 204
13034041 1419
13034129 7
13034141 208
13034227 5
13034293 6263
13034303 241
13034309 12
13034363 1
13034423 940
13034431 4260
13034443 200
13034459 1
13034467 17
13034501 3
13034501 400
13034519 1
13034521 384
13034521 636
13034603 112
13034689 11
13034713 35
13034737 1008
13034737 4500
13034803 33
13034831 4
13034831 564
13034837 3
13034897 4
13034993 12
13034993 27
13035119 169
13035131 1
13035167 684
13035331 21
13035353 3
13035443 772
13035461 175
13035461 6868
13035551 1
13035571 89
13035601 3
13035629 4
13035707 100
13035707 3180
13035707 6384
13035797 39
13035887 8500
13035899 6376
13035907 192
13035943 261
13035947 85
13035959 9
13036013 3
13036031 9
13036043 73
13036139 1
13036183 152
13036259 52
13036307 9
13036327 44
13036327 80
13036339 65
13036339 72
13036349 511
13036379 1
13036409 40
13036459 581
13036459 729
13036511 1
13036601 796
13036627 32
13036649 19
13036649 852
13036663 9156
13036721 4968
13036757 15
13036757 283
13036801 476
13036819 21
13036823 1
13036867 12
13036873 171
13037039 1
13037039 3477
13037051 184
13037069 255
13037071 8
13037071 4269
13037093 7
13037111 405
13037117 4
13037117 8487
13037119 45
13037161 420
13037183 4980
13037207 48
13037237 4335
13037279 256
13037333 4872
13037411 1
13037441 4
13037447 273
13037459 4
13037509 11
13037551 29
13037567 6688
13037569 47
13037671 5865
13037677 300
13037677 863
13037681 3
13037707 3204
13037719 137
13037779 1869
13037789 7
13037797 459
13037813 1183
13037891 16
13037891 61
13037891 796
13038001 15
13038043 5
13038071 1
13038083 16
13038089 99
13038101 3
13038107 3772
13038131 1
13038169 12
13038203 5392
13038211 5
13038241 1295
13038257 19
13038257 364
13038283 33
13038293 756
13038307 3044
13038373 20
13038523 93
13038577 9455
13038601 816
13038611 1
13038611 48
13038743 85
13038757 15
13038827 4
13038829 51
13038973 3315
13039049 316
13039087 12
13039109 96
13039141 59
13039181 39
13039223 400
13039291 5360
13039393 20
13039423 440
13039513 143
13039571 69
13039573 7023
13039603 96
13039603 168
13039703 13
13039709 6736
13039751 1
13039753 8
13039841 3
13039853 76
13039891 3036
13039991 1
13039991 408
13040101 348
13040107 5
13040123 808
13040141 3
13040171 229
13040179 2792
13040231 1
13040231 9
13040231 25
13040267 4
13040267 9
13040267 37
13040267 3604
13040273 43
13040273 403
13040281 3
13040297 7
13040497 12
13040497 1119
13040543 52
13040693 12
13040693 27
13040789 16
13040837 28
13040843 1
13040899 8921
13041029 40
13041071 1
13041071 2581
13041109 11
13041187 308
13041367 5
13041367 1512
13041383 1
13041401 4
13041407 3772
13041439 5
13041487 1845
13041559 2477
13041577 3
13041577 47
13041631 29
13041643 5
13041643 225
13041949 3827
13041997 179
13041997 395
13041997 3659
13042013 15
13042033 3
13042091 1
13042091 3085
13042097 4
13042129 5487
13042157 3
13042277 523
13042277 1612
13042313 7
13042333 11
13042333 3167
13042429 204
13042457 300
13042499 1
13042511 1
13042511 336
13042559 36
13042571 21
13042571 48
13042583 1296
13042591 336
13042591 3840
13042597 48
13042597 3579
13042619 121
13042639 116
13042751 1
13042853 55
13042937 9439
13043059 1049
13043077 8
13043143 8
13043143 1077
13043171 1
13043279 1
13043309 1827
13043309 4927
13043333 55
13043341 56
13043399 1
13043431 8
13043497 327
13043497 3239
13043593 3
13043629 4931
13043677 39
13043677 1563
13043731 44
13043731 53
13043819 25
13043837 27
13043857 27
13043893 36
13043969 7
13043983 41
13043983 65
13044001 3
13044071 4
13044137 3268
13044169 36
13044223 5
13044223 212
13044323 2176
13044371 1
13044371 4
13044377 388
13044467 165
13044467 1465
13044467 1885
13044511 60
13044571 48
13044571 908
13044613 312
13044613 632
13044623 1
13044637 3
13044637 1604
13044701 3343
13044767 25
13044791 28
13044949 8520
13044961 20
13045031 141
13045031 409
13045057 3
13045139 1
13045169 4
13045169 60
13045199 1
13045199 12
13045283 48
13045441 143
13045453 71
13045519 165
13045519 252
13045519 6549
13045523 268
13045541 39
13045597 3455
13045603 308
13045687 8
13045841 663
13045943 1
13045943 265
13045961 523
13045997 315
13046113 1067
13046171 1
13046279 1
13046303 105
13046339 1
13046339 40
13046387 8548
13046389 780
13046447 4
13046489 72
13046609 115
13046659 5
13046699 9
13046717 12
13046717 288
13046767 9
13046807 88
13046807 952
13046809 2304
13046821 1748
13046833 128
13046861 36
13046963 1
13047011 1
13047011 649
13047121 3
13047239 1
13047239 16
13047257 1903
13047283 45
13047299 112
13047299 7444
13047367 5
13047407 9
13047431 1
13047431 13
13047431 21
13047511 20
13047539 60
13047571 96
13047641 4
13047659 1
13047659 57
13047659 820
13047703 236
13047707 33
13047751 5
13047809 7
13047809 127
13047809 640
13047829 80
13047829 336
13047949 80
13047949 2372
13047971 1
13047977 4
13048039 3972
13048097 223
13048097 1315
13048111 3828
13048213 675
13048247 4
13048249 435
13048403 33
13048411 29
13048487 3372
13048559 9
13048583 193
13048697 67
13048709 7
13048723 132
13048733 3
13048733 208
13048807 8660
13048813 12
13048891 120
13048949 4
13048951 2505
13048951 9401
13048961 36
13048961 219
13049051 760
13049053 11
13049137 3
13049189 16
13049203 4380
13049209 479
13049227 80
13049243 1
13049263 1248
13049363 3196
13049363 3696
13049411 1
13049431 3180
13049437 2864
13049497 3
13049551 161
13049581 3
13049677 2279
13049749 1220
13049929 11
13049957 163
13049957 988
13050043 12
13050073 3596
13050179 1
13050241 303
13050329 24
13050403 8
13050487 4025
13050491 1
13050491 96
13050503 261
13050553 8
13050617 3
13050617 40
13050673 392
13050691 2529
13050703 20
13050811 200
13050811 1125
13050811 5945
13050923 1
13050923 700
13050949 59
13050991 21
13050991 6849
13051061 4
13051063 5
13051139 124
13051139 2037
13051141 95
13051183 20
13051277 12
13051351 5
13051351 5421
13051481 115
13051483 33
13051517 19
13051531 93
13051541 3
13051541 108
13051547 12
13051547 28
13051693 72
13051721 28
13051723 45
13051739 1
13051739 4
13051751 1
13051757 3
13051757 115
13051763 1
13051771 8
13051771 21
13051807 5
13051807 780
13051933 12
13052003 1
13052021 3
13052119 41
13052159 117
13052159 124
13052191 33
13052341 6155
13052383 2157
13052387 4
13052441 840
13052443 33
13052491 1664
13052513 28
13052587 1068
13052593 12
13052657 15
13052713 260
13052717 219
13052723 1
13052723 813
13052833 3
13052833 356
13052839 2940
13052909 87
13052939 1
13052939 24
13052939 205
13052993 2655
13053011 160
13053017 2652
13053041 3808
13053083 1
13053269 1887
13053281 856
13053373 527
13053431 561
13053527 25
13053583 333
13053617 19
13053619 1212
13053713 12
13053727 189
13053797 27
13053829 27
13053863 16
13053899 4
13053917 39
13054003 5
13054033 63
13054043 1
13054057 279
13054199 112
13054211 4
13054211 13
13054219 380
13054243 2360
13054313 55
13054313 9060
13054367 28
13054397 3
13054421 36
13054421 456
13054469 19
13054511 1
13054597 192
13054619 960
13054651 41
13054819 149
13054859 1329
13054913 751
13054949 5911
13055083 840
13055093 400
13055137 1043
13055173 3
13055173 8
13055183 1
13055233 20
13055233 80
13055233 248
13055279 1
13055347 117
13055351 1
13055351 48
13055369 4
13055369 75
13055381 4
13055381 235
13055401 9524
13055453 987
13055459 1
13055501 3
13055501 4
13055501 1299
13055629 56
13055663 85
13055719 57
13055737 1679
13055747 13
13055761 3
13055767 225
13055773 11
13055807 105
13055839 57
13055863 45
13055873 108
13055923 281
13055951 1
13055951 9
13056011 4624
13056023 13
13056031 393
13056037 123
13056101 4819
13056107 4
13056151 5
13056161 231
13056167 225
13056313 8232
13056413 3
13056431 33
13056661 11
13056661 36
13056749 7
13056749 2544
13056761 144
13056817 44
13056817 1128
13056887 8848
13056917 1119
13056917 1995
13056919 44
13056937 35
13056941 4
13056943 33
13056943 777
13057021 1448
13057043 1
13057049 4
13057141 120
13057153 588
13057223 1
13057277 3
13057321 3
13057403 1
13057433 1123
13057439 21
13057567 528
13057573 3
13057613 127
13057657 2640
13057679 25
13057753 8
13057753 11
13057753 615
13057771 9
13057771 24
13057909 332
13057973 15
13058063 33
13058081 4
13058081 5955
13058083 80
13058113 3
13058203 140
13058239 5
13058251 5
13058251 65
13058251 293
13058291 244
13058333 127
13058371 285
13058399 7645
13058449 27
13058489 31
13058489 580
13058543 1968
13058557 8
13058597 12
13058609 280
13058663 468
13058701 3
13058791 7641
13058827 3020
13058863 8
13058863 56
13058863 77
13058921 144
13058939 1
13058993 12
13059073 8
13059131 33
13059161 460
13059169 99
13059169 644
13059217 227
13059311 1
13059311 3036
13059313 156
13059313 228
13059317 864
13059337 59
13059379 101
13059391 144
13059427 5
13059433 471
13059691 5
13059691 9
13059737 7
13059751 24
13059793 4563
13059797 132
13059803 1
13059857 3
13059863 28
13059877 9108
13060009 36
13060093 3
13060093 2360
13060111 5576
13060217 3
13060319 324
13060363 5
13060373 196
13060493 5152
13060547 28
13060577 2632
13060651 20
13060753 87
13060813 1248
13060823 3601
13060891 8
13060907 9
13060937 55
13061011 725
13061029 711
13061029 752
13061039 1
13061039 4
13061053 83
13061123 5557
13061131 149
13061291 1
13061317 303
13061359 236
13061371 368
13061393 412
13061429 4564
13061431 381
13061467 57
13061467 65
13061527 5
13061527 84
13061561 111
13061639 489
13061641 543
13061669 31
13061681 3
13061743 1101
13061957 120
13062053 243
13062079 2757
13062169 32
13062277 8
13062277 23
13062281 268
13062397 1319
13062419 12
13062473 1500
13062527 4
13062593 7
13062611 1
13062691 641
13062733 20
13062733 68
13062733 7307
13062779 1
13062779 216
13062821 91
13062901 1415
13062943 21
13062943 1160
13062943 1928
13063019 9
13063031 1
13063049 91
13063091 2985
13063111 9776
13063199 4
13063319 436
13063373 2683
13063397 183
13063439 1
13063439 1576
13063559 12
13063571 69
13063573 231
13063613 556
13063663 201
13063663 1281
13063663 3692
13063781 4
13063933 1140
13063987 48
13064063 1
13064159 81
13064159 1669
13064159 7909
13064159 9792
13064189 31
13064291 4
13064327 69
13064393 276
13064407 12
13064407 2717
13064453 3
13064453 96
13064567 573
13064567 2017
13064657 7
13064693 223
13064699 1
13064741 15
13064741 880
13064747 4
13064747 564
13064827 45
13064899 285
13064929 2207
13064983 693
13065049 1655
13065187 9908
13065191 1
13065263 1
13065271 176
13065277 6068
13065313 8
13065319 5
13065319 2876
13065323 1
13065427 29
13065433 516
13065443 16
13065443 1093
13065463 21
13065629 6207
13065659 12
13065739 236
13065779 12
13065779 21
13065821 24
13065919 260
13065961 1868
13065991 513
13066061 1219
13066177 879
13066253 28
13066321 35
13066321 3324
13066351 21
13066399 9
13066451 1
13066589 784
13066633 216
13066657 95
13066709 12
13066751 2589
13066759 377
13066793 12
13066831 20
13066877 7
13066919 1
13066919 3169
13067011 1580
13067017 39
13067063 241
13067099 2284
13067111 1
13067129 4
13067137 3
13067317 3
13067317 3243
13067323 53
13067413 156
13067533 2783
13067651 1
13067651 2296
13067711 1
13067711 61
13067711 300
13067759 105
13067759 157
13067759 1137
13067759 1720
13067767 9
13067767 12
13067773 3
13067773 108
13067809 540
13067819 1
13067903 2533
13067911 96
13067981 4
13068007 72
13068043 8
13068079 45
13068079 836
13068089 15
13068089 87
13068109 12
13068109 1616
13068277 3
13068313 3680
13068401 676
13068607 5
13068607 29
13068613 48
13068673 11
13068749 7
13068833 76
13068857 3
13068901 363
13068911 9349
13068973 48
13068977 4
13068977 15
13068983 1
13069051 2720
13069139 3276
13069159 17
13069211 1
13069289 396
13069373 28
13069403 1
13069417 15
13069421 2136
13069439 189
13069439 4801
13069453 8
13069457 888
13069493 448
13069519 497
13069519 5525
13069601 3
13069607 340
13069643 1
13069643 1153
13069759 5
13069759 969
13069813 51
13069883 81
13069897 344
13069909 2312
13069913 48
13069933 51
13069949 931
13069963 213
13070023 173
13070051 553
13070111 21
13070173 3
13070243 1
13070363 280
13070363 4716
13070411 1
13070411 240
13070411 5701
13070419 5
13070627 4
13070639 1
13070639 400
13070749 267
13070819 604
13070821 260
13070891 49
13070903 13
13070983 1500
13070987 205
13071007 12
13071059 204
13071137 15
13071167 4
13071197 3
13071203 1
13071211 224
13071241 1391
13071281 1804
13071299 4
13071301 24
13071301 6059
13071347 4
13071413 7
13071427 2717
13071437 28
13071437 124
13071479 4
13071503 33
13071559 5
13071649 59
13071671 4
13071671 40
13071683 1
13071683 1533
13071731 1
13071733 5316
13071803 25
13071803 33
13071823 501
13071859 60
13071859 765
13071887 13
13071899 4
13071899 64
13071917 3
13071917 4960
13071941 6196
13072067 1657
13072091 4
13072219 92
13072219 744
13072309 224
13072357 15
13072373 136
13072391 1389
13072447 104
13072517 48
13072529 15
13072529 5079
13072561 8
13072603 8
13072637 6732
13072693 3
13072693 32
13072739 1
13072771 209
13072799 1
13072831 813
13072853 3
13072859 4
13072859 3832
13072957 8427
13072987 164
13072991 4
13073141 3
13073149 759
13073167 120
13073183 1092
13073243 21
13073293 35
13073341 971
13073363 1
13073363 141
13073441 3
13073441 48
13073471 1
13073483 1861
13073551 9825
13073597 1768
13073647 420
13073659 5
13073681 3
13073701 3
13073719 29
13073719 69
13073719 4052
13073747 13
13073747 72
13073779 32
13073887 117
13073897 40
13073917 44
13074053 12
13074059 12
13074091 293
13074181 11
13074197 7
13074253 3
13074289 44
13074289 1167
13074403 12
13074469 1175
13074487 672
13074493 12
13074497 3
13074559 5
13074559 120
13074619 56
13074749 24
13074773 672
13074773 883
13074781 3731
13074799 17
13074827 160
13074857 7332
13074947 333
13075123 260
13075123 533
13075133 967
13075141 3
13075151 1
13075151 76
13075151 2241
13075189 96
13075199 16
13075303 53
13075379 1
13075409 91
13075501 3
13075739 1
13075807 9
13075871 1
13075871 4
13075927 1064
13075949 4
13076039 61
13076039 541
13076099 1
13076117 780
13076183 57
13076183 133
13076197 123
13076233 668
13076251 1385
13076333 5155
13076377 2052
13076573 43
13076573 447
13076629 71
13076639 1
13076711 1
13076863 32
13076881 975
13076923 20
13076953 3116
13076977 15
13077067 12
13077089 6556
13077143 16
13077143 213
13077157 1448
13077191 1
13077223 8
13077227 57
13077287 12
13077287 85
13077331 3380
13077457 168
13077481 8
13077511 264
13077511 6720
13077557 27
13077661 896
13077707 360
13077721 1359
13077733 35
13077733 56
13077751 5
13077751 9
13077751 21
13077751 2273
13077767 9
13077781 6200
13077787 3992
13077821 211
13077839 21
13077901 3
13078031 3396
13078103 3481
13078171 173
13078183 953
13078193 3
13078243 105
13078243 3068
13078313 3967
13078337 532
13078369 59
13078477 3
13078519 5
13078531 5505
13078553 120
13078561 8
13078561 15
13078673 52
13078679 1
13078781 1231
13078853 75
13078873 1668
13078889 19
13078903 113
13079021 4
13079047 192
13079051 1
13079063 1
13079141 151
13079177 3
13079243 1
13079291 13
13079371 473
13079401 395
13079413 392
13079431 53
13079449 11
13079459 1
13079461 3
13079569 360
13079569 492
13079569 687
13079767 84
13079837 132
13079903 1
13079917 663
13079947 8
13080007 5
13080139 3845
13080149 31
13080163 6168
13080181 3
13080187 8
13080211 2576
13080283 2813
13080323 1
13080373 287
13080383 1
13080439 9
13080439 12
13080443 348
13080467 13
13080467 88
13080553 11
13080553 68
13080671 504
13080719 1
13080811 989
13080937 2099
13080941 3619
13080967 24
13081153 75
13081183 20
13081193 51
13081207 188
13081231 144
13081259 1
13081339 236
13081447 92
13081477 3
13081477 68
13081507 29
13081573 191
13081591 113
13081667 24
13081699 9
13081727 385
13081769 2520
13081793 3
13081903 20
13082039 1
13082077 44
13082077 48
13082159 1
13082159 61
13082171 4
13082183 196
13082207 8148
13082249 315
13082453 5656
13082593 3
13082611 8453
13082669 4
13082669 12
13082669 5484
13082803 5
13082803 173
13082933 123
13082939 1
13082969 8992
13082989 3752
13083019 12
13083131 441
13083179 1
13083227 93
13083233 340
13083233 1023
13083347 3829
13083391 9
13083431 9
13083443 1
13083563 121
13083589 9395
13083751 401
13083787 5
13083859 6740
13083893 3280
13083923 40
13083971 1
13084021 20
13084063 2757
13084087 9
13084117 99
13084117 704
13084129 2996
13084153 3
13084187 9
13084297 3
13084451 4
13084517 3
13084549 1271
13084579 2700
13084601 4
13084627 5
13084627 93
13084633 83
13084741 3
13084751 1
13084751 2116
13084789 347
13084807 20
13084807 672
13084871 9
13084871 28
13084931 21
13084993 8
13084993 4967
13084997 3
13084997 375
13085153 60
13085159 777
13085231 81
13085231 1273
13085279 49
13085377 2832
13085407 29
13085491 48
13085507 1588
13085521 1379
13085543 232
13085557 267
13085617 2228
13085663 817
13085671 2529
13085701 131
13085741 2391
13085867 1369
13085899 1076
13085899 6785
13085921 51
13086037 2120
13086067 2129
13086109 455
13086127 2864
13086181 455
13086251 669
13086263 1
13086343 33
13086397 27
13086397 44
13086457 3
13086571 140
13086589 12
13086589 152
13086659 4
13086767 277
13086797 4
13086847 57
13086893 67
13086901 15
13086901 95
13086959 1
13086971 1
13087157 52
13087157 84
13087213 20
13087259 9
13087369 159
13087369 1832
13087379 16
13087387 1713
13087457 2727
13087507 2493
13087519 129
13087519 740
13087601 3
13087631 1
13087691 100
13087709 15
13087709 60
13087819 3240
13087931 165
13087937 4
13087967 37
13088051 1
13088051 84
13088057 7
13088057 1804
13088123 1
13088129 15
13088129 1432
13088203 60
13088237 4
13088237 12
13088237 3168
13088261 19
13088261 423
13088401 11
13088401 380
13088423 1
13088447 97
13088591 1
13088591 88
13088591 949
13088591 6340
13088723 1
13088723 568
13088791 101
13088791 4356
13088839 252
13088839 9905
13088939 4
13088969 15
13088981 1171
13089169 251
13089281 3
13089367 5
13089467 37
13089481 140
13089521 96
13089539 1
13089539 85
13089607 5
13089617 3
13089647 3913
13089709 3092
13089731 1
13089731 4
13089787 53
13089911 1
13090001 2076
13090003 1400
13090081 11
13090087 5
13090087 32
13090087 2420
13090093 20
13090093 60
13090163 477
13090211 16
13090283 693
13090303 45
13090303 221
13090331 469
13090369 11
13090457 4
13090457 160
13090457 928
13090457 1147
13090543 1220
13090547 25
13090547 69
13090589 96
13090631 1
13090633 20
13090667 4
13090667 93
13090709 15
13090729 2667
13090967 4
13091087 172
13091107 9
13091119 612
13091137 2100
13091179 17
13091261 96
13091311 9
13091321 1756
13091329 20
13091413 680
13091417 12
13091431 69
13091471 1
13091503 285
13091527 5
13091537 39
13091567 124
13091773 11
13091773 207
13091809 200
13091983 48
13092061 3
13092077 19
13092109 11
13092143 1
13092173 27
13092203 1
13092203 528
13092257 24
13092361 3
13092361 855
13092479 685
13092517 12
13092637 144
13092641 255
13092647 25
13092689 8787
13092763 21
13092791 25
13092803 16
13092917 7272
13092923 25
13092923 5461
13092977 108
13092977 2572
13093021 1076
13093139 40
13093163 1
13093217 43
13093219 324
13093229 4
13093229 7
13093369 60
13093397 4
13093447 1529
13093453 51
13093453 251
13093469 1395
13093537 23
13093559 9
13093567 12
13093727 28
13093733 8352
13093799 252
13093799 369
13093867 104
13093879 5
13093921 140
13093921 7263
13094099 3397
13094149 39
13094281 908
13094281 1236
13094441 55
13094491 29
13094537 4
13094537 1395
13094603 2601
13094611 108
13094677 8240
13094729 4
13094737 12
13094923 5352
13095011 1
13095101 120
13095107 1800
13095133 3
13095133 15
13095167 873
13095223 33
13095337 839
13095367 152
13095497 3
13095499 605
13095517 215
13095529 147
13095539 9
13095539 72
13095553 20
13095571 8
13095659 3841
13095701 39
13095701 40
13095781 71
13095787 17
13095793 3
13095871 20
13095931 104
13095931 165
13095977 24
13096007 1353
13096117 8
13096199 9
13096199 324
13096207 137
13096219 32
13096253 16
13096331 13
13096331 1413
13096333 3
13096379 456
13096387 17
13096387 32
13096411 660
13096481 3
13096481 715
13096493 3
13096513 1671
13096537 143
13096651 41
13096703 145
13096747 9
13096781 3
13096799 1
13096799 8529
13096829 4
13096847 813
13096931 1
13096931 33
13097087 640
13097131 33
13097363 36
13097369 172
13097369 4287
13097387 640
13097387 865
13097387 3489
13097501 4
13097501 63
13097503 45
13097533 11
13097533 27
13097561 19
13097563 48
13097569 347
13097681 48
13097681 8788
13097683 1601
13097743 48
13097753 7
13097761 144
13097771 13
13097857 3
13097869 2387
13097893 708
13097893 932
13097899 17
13097911 273
13097923 17
13098161 7551
13098167 4
13098167 24
13098269 780
13098307 9357
13098373 56
13098373 372
13098389 12
13098439 9
13098497 24
13098563 9001
13098601 84
13098611 3324
13098611 5340
13098637 3
13098671 1
13098731 1
13098763 476
13098773 16
13098779 4
13098781 11
13098793 680
13098829 479
13098829 1431
13098941 16
13098973 2360
13099013 28
13099013 2352
13099111 29
13099111 276
13099117 75
13099159 4221
13099211 28
13099319 21
13099403 1
13099421 3
13099501 3
13099519 29
13099663 96
13099679 1
13099679 64
13099781 4
13099871 60
13099871 2269
13099883 16
13099901 3
13099901 3163
13099921 44
13100039 37
13100039 2184
13100057 7
13100057 172
13100057 3480
13100071 5
13100089 20
13100123 1573
13100189 4
13100209 1896
13100231 1641
13100233 8
13100267 333
13100267 2364
13100327 4
13100327 97
13100377 84
13100377 263
13100459 1
13100579 1
13100579 16
13100641 23
13100651 1
13100651 109
13100809 15
13100887 1577
13100903 3445
13100933 40
13100947 12
13100951 4
13100957 52
13100981 1963
13101019 12
13101061 1563
13101073 8
13101083 16
13101097 8
13101097 120
13101157 15
13101349 1899
13101433 3516
13101461 3520
13101479 16
13101551 364
13101581 468
13101593 331
13101643 32
13101643 225
13101677 4
13101727 1257
13101797 9055
13101841 71
13101841 275
13101937 3
13102009 11
13102013 195
13102021 8
13102073 1075
13102079 1
13102091 4
13102091 181
13102091 405
13102093 183
13102097 7
13102099 5
13102099 177
13102099 4232
13102139 1
13102253 900
13102417 944
13102499 117
13102511 85
13102541 100
13102591 153
13102603 125
13102633 495
13102679 792
13102787 2628
13102849 59
13102849 3024
13102853 327
13102907 12
13102907 229
13102907 3457
13102993 971
13103021 216
13103023 341
13103159 37
13103197 3
13103201 279
13103269 879
13103303 397
13103371 8
13103509 12
13103543 12
13103543 196
13103543 1413
13103683 12
13103729 52
13103743 2988
13103759 12
13103771 1
13103801 2599
13103803 57
13103843 196
13103869 51
13103891 16
13103921 31
13103933 2743
13103941 24
13103971 120
13104083 13
13104107 724
13104109 12
13104191 48
13104251 1
13104269 4960
13104277 24
13104277 228
13104359 1
13104367 32
13104451 9
13104557 3
13104583 1236
13104677 5860
13104719 1
13104799 12
13104803 133
13104803 9996
13104829 12
13104853 47
13104899 24
13104913 23
13104913 60
13104979 561
13105051 5
13105091 1
13105163 81
13105163 7933
13105207 5
13105357 372
13105409 592
13105439 1
13105483 2652
13105537 59
13105541 120
13105571 48
13105577 4
13105601 4
13105619 1380
13105643 1
13105679 72
13105693 8
13105711 2756
13105739 16
13105739 1981
13105811 1
13105871 165
13105907 4
13105957 240
13105969 311
13106003 1
13106123 1
13106129 5632
13106131 6113
13106153 631
13106227 1980
13106237 303
13106293 12
13106293 872
13106293 4176
13106377 248
13106383 5
13106479 36
13106491 105
13106491 1289
13106497 3
13106497 239
13106519 1
13106581 3
13106591 1168
13106617 2204
13106629 4356
13106633 3963
13106641 11
13106659 405
13106761 3
13106857 15
13106867 9
13106911 1584
13106963 1
13107011 16
13107011 2125
13107011 4564
13107019 56
13107037 59
13107053 331
13107113 8380
13107121 491
13107191 276
13107197 7939
13107247 77
13107247 1157
13107307 5
13107371 1
13107371 1369
13107403 20
13107431 3693
13107541 75
13107551 25
13107683 61
13107767 9
13107793 8
13107793 155
13107811 1965
13107911 1
13107923 16
13107959 1
13108019 1
13108033 1811
13108057 75
13108057 95
13108079 4
13108093 3888
13108103 1
13108243 20
13108247 12
13108247 232
13108279 4025
13108313 508
13108363 8
13108531 113
13108621 8
13108657 3
13108699 80
13108811 1
13108831 560
13108847 9
13108981 171
13109003 25
13109087 25
13109087 300
13109111 1
13109111 13
13109167 252
13109197 3
13109237 4
13109237 15
13109237 123
13109293 191
13109293 1287
13109323 276
13109419 44
13109443 68
13109491 104
13109513 1492
13109521 3
13109561 3103
13109597 2488
13109633 3475
13109651 840
13109659 132
13109671 6273
13109731 1088
13109749 35
13109749 36
13109749 3732
13109779 281
13109779 1076
13109861 4
13109861 3160
13109881 68
13109897 19
13109903 1
13109903 193
13109963 1
13110073 5468
13110089 7
13110089 784
13110101 3
13110121 24
13110187 17
13110401 111
13110457 3
13110521 228
13110569 4
13110793 96
13110869 16
13110869 24
13110869 27
13110899 1
13110899 1624
13110967 729
13110997 3008
13111027 24
13111027 57
13111229 6327
13111309 27
13111327 12
13111333 8
13111409 4
13111411 5
13111583 492
13111643 216
13111733 28
13111739 1
13111739 192
13111907 408
13111927 909
13112051 3756
13112063 1
13112111 1
13112273 75
13112347 48
13112371 2144
13112417 4
13112419 1877
13112471 1
13112471 4396
13112501 7543
13112531 1
13112587 5
13112609 7
13112639 4
13112647 228
13112711 69
13112747 408
13112753 1351
13112773 27
13112819 5277
13112867 144
13112923 192
13112963 4920
13113091 20
13113091 53
13113143 1
13113301 3
13113377 7
13113377 367
13113389 199
13113491 1
13113491 7140
13113619 9
13113637 12
13113643 8
13113671 1
13113673 3
13113697 9660
13113707 4
13113803 112
13113803 805
13113929 139
13113931 8
13113931 3176
13113983 1
13114039 341
13114099 4245
13114133 43
13114141 311
13114141 384
13114141 939
13114159 897
13114159 2681
13114217 427
13114337 183
13114337 8599
13114447 5
13114447 509
13114477 584
13114567 12
13114597 155
13114597 1668
13114597 2367
13114597 4083
13114679 72
13114721 24
13114721 5776
13114723 173
13114763 16
13114799 4
13114819 21
13114819 24
13114823 508
13114859 1
13114859 49
13114879 9
13114879 1425
13114943 1
13114943 57
13114943 156
13114943 525
13115087 1480
13115161 999
13115171 1
13115173 728
13115173 2568
13115197 3
13115233 3
13115243 1
13115251 125
13115261 31
13115281 8
13115329 11
13115329 320
13115369 4
13115423 16
13115489 1359
13115579 237
13115651 4
13115831 21
13115831 193
13115831 433
13115849 376
13115873 12
13115899 5
13115929 599
13115981 535
13116017 12
13116031 596
13116101 463
13116157 84
13116239 940
13116277 8
13116373 3987
13116391 8156
13116443 373
13116461 4
13116529 20
13116541 24
13116563 1
13116589 32
13116839 1
13116989 5595
13117001 4
13117031 1
13117079 9
13117079 12
13117103 12
13117141 3
13117141 56
13117147 9
13117147 825
13117369 20
13117459 24
13117471 5
13117487 108
13117547 925
13117561 168
13117571 69
13117661 16
13117679 1
13117691 1
13117757 3
13117781 199
13117781 244
13117849 20
13117921 11
13117927 12
13117933 3
13118011 8
13118129 7
13118159 1
13118243 1
13118249 4
13118249 3064
13118263 53
13118263 105
13118269 8556
13118431 93
13118519 1549
13118551 228
13118597 3
13118603 1
13118761 15
13118771 1
13118909 7
13119059 1
13119083 1
13119103 3252
13119191 3120
13119287 2148
13119371 1
13119383 1
13119503 13
13119539 1
13119569 252
13119577 24
13119607 92
13119611 1
13119611 604
13119641 4
13119641 3931
13119677 135
13119731 1
13119737 7
13119737 27
13119751 489
13119809 27
13119833 4315
13119863 76
13119863 981
13119961 8
13119979 396
13119983 100
13120061 163
13120187 4
13120199 1
13120199 21
13120201 3
13120253 43
13120253 51
13120487 13
13120487 69
13120517 3763
13120529 4036
13120537 3
13120553 8532
13120561 8
13120573 3
13120589 12
13120589 6447
13120619 1
13120619 16
13120631 1
13120699 6305
13120703 12
13120823 1
13120823 73
13120867 45
13120909 651
13120979 180
13121071 528
13121099 1
13121117 1428
13121159 1
13121159 9
13121159 385
13121203 521
13121257 1560
13121291 120
13121341 3
13121341 15
13121371 5
13121417 7
13121473 183
13121539 3161
13121573 3
13121639 2232
13121729 4224
13121827 4520
13121851 608
13121851 3225
13121921 240
13122001 476
13122059 4737
13122073 195
13122073 2051
13122127 65
13122227 1480
13122247 8
13122289 251
13122341 19
13122341 6664
13122371 40
13122371 121
13122449 1752
13122523 113
13122547 17
13122653 2976
13122689 15
13122709 512
13122709 6440
13122713 4236
13122737 3
13122751 5841
13122841 15
13122871 2921
13122937 303
13122971 33
13122971 49
13123003 36
13123009 2091
13123021 80
13123057 1364
13123063 8
13123063 116
13123079 1
13123111 44
13123183 68
13123237 12
13123247 325
13123249 455
13123289 135
13123289 604
13123339 5
13123343 1
13123381 20
13123459 5
13123529 84
13123603 516
13123687 444
13123727 4
13123751 25
13123883 88
13123931 1
13123931 4
13124077 8120
13124081 3
13124081 859
13124107 45
13124131 549
13124131 1968
13124147 13
13124149 51
13124281 636
13124297 3
13124297 4624
13124311 149
13124339 1
13124339 40
13124393 211
13124483 1
13124509 92
13124533 680
13124533 8355
13124543 1
13124593 176
13124621 19
13124669 4
13124701 3
13124773 3
13124887 3129
13124957 2260
13125103 341
13125109 96
13125209 139
13125251 1
13125271 1301
13125271 4053
13125271 6980
13125293 3
13125319 21
13125419 12
13125439 5
13125451 569
13125481 7839
13125499 125
13125509 84
13125527 4
13125611 1
13125691 41
13125691 6093
13125727 5
13125767 124
13125773 12
13125839 649
13125851 1
13125851 16
13125997 3
13126007 7897
13126097 15
13126147 113
13126177 312
13126219 12
13126277 100
13126291 84
13126319 7101
13126417 23
13126447 9380
13126469 111
13126483 17
13126517 52
13126541 15
13126541 3703
13126627 9
13126627 44
13126657 3347
13126681 20
13126723 93
13126723 4892
13126769 4
13126811 21
13126831 128
13126849 2664
13126849 8484
13126889 244
13126909 4352
13127057 7
13127057 15
13127063 577
13127099 12
13127099 180
13127099 9336
13127113 212
13127113 296
13127131 1481
13127141 796
13127237 4
13127251 9
13127393 3820
13127407 92
13127431 153
13127473 3
13127479 2136
13127567 8025
13127579 4
13127669 136
13127683 60
13127701 20
13127843 1
13127951 4
13127951 33
13127969 27
13127969 39
13128061 3
13128103 717
13128139 56
13128163 6533
13128431 5881
13128443 1
13128529 735
13128551 9
13128551 276
13128613 71
13128701 1011
13128749 4
13128757 63
13128809 40
13128833 1855
13128859 24
13128917 3
13128917 3252
13128971 3961
13129069 60
13129069 84
13129229 12
13129229 1980
13129243 8108
13129267 8
13129289 12
13129301 4
13129313 480
13129477 144
13129483 65
13129483 192
13129499 4696
13129507 5
13129537 60
13129607 109
13129643 256
13129657 963
13129673 5812
13129693 371
13129751 4
13129769 1504
13129793 315
13129841 396
13129951 36
13129951 729
13130003 220
13130009 567
13130009 4356
13130059 20
13130063 1
13130141 555
13130177 3
13130231 1
13130339 465
13130363 1
13130363 333
13130393 63
13130407 5
13130419 2829
13130483 1
13130521 3188
13130587 209
13130633 3
13130651 49
13130693 5187
13130807 72
13130807 3829
13130807 4573
13130891 1
13130891 45
13130977 59
13131037 12
13131103 5
13131133 12
13131179 1
13131179 60
13131203 9900
13131241 3
13131271 41
13131317 7
13131319 5349
13131343 240
13131343 6536
13131401 84
13131407 24
13131449 76
13131499 597
13131523 65
13131623 37
13131661 3
13131737 364
13131749 3472
13131787 3788
13131791 13
13131851 1
13132073 9603
13132079 49
13132111 8136
13132261 11
13132297 164
13132321 3
13132321 8
13132337 103
13132417 8
13132417 459
13132513 1527
13132519 20
13132583 1
13132661 4
13132753 3
13132771 4416
13132837 47
13132879 3620
13132883 225
13132901 3808
13132913 3
13132913 2392
13132967 4
13132991 21
13132991 429
13133059 41
13133111 1
13133377 3
13133411 301
13133507 4
13133573 7900
13133591 280
13133609 76
13133623 3468
13133663 1
13133663 16
13133669 2356
13133689 36
13133689 1527
13133711 4
13133803 1040
13133873 31
13133873 40
13133947 5
13133947 224
13134007 677
13134007 1160
13134019 1944
13134029 52
13134101 2883
13134137 3
13134181 1115
13134193 1707
13134203 13
13134203 172
13134389 5704
13134409 356
13134439 20
13134481 3
13134577 407
13134577 1523
13134631 2213
13134689 19
13134697 275
13134743 13
13134749 4
13134763 8
13134769 71
13134893 456
13134973 3
13134973 183
13134983 1
13134983 288
13135097 28
13135127 49
13135163 1
13135163 136
13135181 16
13135207 5
13135307 144
13135379 1
13135379 204
13135399 9
13135439 1
13135439 16
13135519 24
13135523 112
13135541 1431
13135687 6009
13135729 12
13135729 27
13135729 176
13135823 37
13135861 323
13135873 8
13135879 1485
13135879 2685
13135919 6996
13135931 4
13136099 1
13136111 3144
13136143 185
13136143 321
13136267 4
13136339 1
13136341 2136
13136351 1
13136413 600
13136413 6723
13136447 24
13136647 92
13136677 8
13136689 1407
13136693 3771
13136701 84
13136713 251
13136713 387
13136741 388
13136759 1
13136759 864
13136791 1761
13136819 60
13136911 89
13136927 3048
13136939 1
13136939 6612
13136947 320
13137077 3
13137077 408
13137193 360
13137197 483
13137233 9156
13137263 1
13137287 88
13137359 1
13137359 2272
13137367 708
13137419 1425
13137461 48
13137461 243
13137473 15
13137473 148
13137497 687
13137529 320
13137541 1928
13137563 1
13137673 11
13137757 468
13137847 8232
13137851 21
13137869 7
13137871 224
13137871 7760
13137877 120
13138007 148
13138043 1
13138067 4
13138067 160
13138109 67
13138187 1273
13138193 3
13138199 1
13138199 196
13138211 28
13138211 540
13138259 1
13138369 84
13138379 2061
13138381 3
13138403 468
13138487 2905
13138523 1
13138591 8
13138813 27
13138813 1211
13138933 20
13139111 16
13139171 4
13139219 729
13139411 1
13139519 1
13139543 57
13139543 4828
13139549 39
13139573 1240
13139591 60
13139611 128
13139723 1
13139723 352
13139783 1
13139891 1
13140079 5
13140079 116
13140089 4891
13140151 68
13140151 80
13140173 4548
13140209 4
13140209 75
13140221 4104
13140271 36
13140359 1
13140359 25
13140367 249
13140427 80
13140461 3
13140469 92
13140503 12
13140551 1
13140553 3
13140649 8331
13140719 40
13140719 501
13140727 92
13140749 31
13140821 4291
13140833 831
13140833 4660
13140839 196
13140899 7512
13140923 12
13140923 40
13140947 4
13140977 7
13140997 8
13140997 24
13140997 1760
13141043 817
13141081 3
13141081 11
13141091 4453
13141151 1189
13141231 144
13141259 1
13141259 21
13141267 20
13141351 288
13141351 4256
13141481 9204
13141543 372
13141577 495
13141619 1
13141619 4
13141619 12
13141631 1
13141757 28
13141759 4397
13141823 3097
13141831 20
13141883 1
13141907 337
13141951 2325
13141963 216
13142011 5
13142011 621
13142083 180
13142161 1419
13142183 1
13142183 441
13142231 1
13142333 1420
13142561 4
13142561 111
13142573 6600
13142599 257
13142603 21
13142617 2244
13142639 1
13142641 6395
13142761 275
13142777 3
13142777 4
13142783 688
13142861 3
13142869 32
13142891 1
13142911 2400
13142971 2456
13142981 4
13143043 12
13143059 1
13143149 15
13143173 3855
13143187 5
13143197 828
13143223 128
13143233 948
13143239 1
13143271 561
13143343 93
13143359 1
13143469 171
13143551 1
13143617 12
13143673 107
13143707 4
13143799 60
13143827 49
13143937 7739
13143959 9
13143959 100
13143967 65
13143997 24
13144171 1964
13144259 445
13144319 117
13144393 123
13144679 1
13144693 11
13144693 35
13144697 112
13144717 1100
13144721 28
13144771 4248
13144777 2744
13144783 56
13144783 4676
13144823 1200
13144861 135
13144867 57
13144949 892
13144993 156
13145087 9
13145117 4563
13145123 1
13145123 12
13145179 269
13145203 152
13145339 21
13145357 3012
13145357 3604
13145413 12
13145449 11
13145491 20
13145513 1075
13145603 1
13145611 209
13145651 1
13145681 4
13145681 199
13145833 8
13145887 5
13145911 725
13145911 1329
13145963 1
13145987 204
13145987 373
13145999 21
13146011 1
13146061 3
13146131 1
13146191 21
13146197 60
13146239 280
13146277 12
13146277 24
13146277 1760
13146349 4371
13146379 56
13146437 19
13146451 24
13146493 3
13146647 1084
13146647 6669
13146799 2169
13146799 7392
13146827 228
13146827 769
13146929 84
13146953 15
13146979 141
13146997 3
13146997 1400
13147003 413
13147093 15
13147213 3
13147213 636
13147223 1
13147223 9672
13147319 609
13147367 49
13147397 6324
13147529 52
13147571 6516
13147679 1
13147711 1461
13147769 4
13147831 9
13147837 59
13147949 79
13148039 1
13148041 9740
13148117 12
13148117 663
13148131 3240
13148257 3
13148441 4
13148441 15
13148441 19
13148441 160
13148461 11
13148539 12
13148543 13
13148581 15
13148609 99
13148609 619
13148651 816
13148689 44
13148693 15
13148693 6648
13148699 289
13148731 713
13148789 7
13148809 260
13148827 8
13148827 5628
13148869 492
13148899 5
13148899 132
13148903 1
13148957 75
13148963 2920
13148999 61
13148999 957
13149179 1
13149203 25
13149293 87
13149509 4
13149523 9381
13149571 240
13149757 8
13149757 60
13149931 45
13150003 8
13150031 21
13150037 1968
13150073 3
13150073 7
13150073 1972
13150117 408
13150139 801
13150211 1
13150327 12
13150339 2969
13150343 1392
13150349 4
13150391 4
13150399 32
13150471 41
13150507 8
13150531 3164
13150609 20
13150619 1
13150619 9
13150619 5824
13150649 12
13150663 2073
13150699 1005
13150699 3117
13150747 8
13150801 519
13150853 2355
13150883 220
13150901 19
13150931 13
13150933 71
13150933 372
13150981 11
13150987 17
13150987 3152
13151029 759
13151107 233
13151111 1
13151111 6213
13151113 195
13151189 52
13151291 1
13151351 129
13151371 125
13151381 3
13151381 24
13151429 16
13151431 5
13151431 4896
13151449 24
13151527 329
13151563 20
13151617 1208
13151627 145
13151669 7
13151729 39
13151741 16
13151771 81
13151821 3
13151849 36
13151849 3031
13151911 125
13151977 8
13152031 9
13152053 691
13152059 1
13152071 1
13152089 51
13152089 1335
13152193 851
13152257 3
13152289 452
13152397 3
13152421 11
13152497 3120
13152563 1
13152613 1728
13152613 2828
13152641 103
13152653 28
13152653 1792
13152673 3
13152697 3
13152697 300
13152707 64
13152847 357
13152859 636
13152907 5
13152907 8
13152907 225
13152967 569
13152973 32
13153001 2536
13153039 5
13153081 60
13153237 8
13153267 5
13153319 1
13153337 7
13153391 16
13153417 7467
13153471 284
13153489 20
13153499 1
13153541 3
13153541 6723
13153583 72
13153601 16
13153627 24
13153633 12
13153639 1320
13153741 731
13153799 1104
13153837 1904
13153859 1476
13153901 31
13153949 4
13154149 75
13154149 3107
13154237 7
13154249 16
13154269 1464
13154347 9177
13154483 1
13154569 15
13154569 291
13154621 15
13154671 60
13154723 81
13154731 708
13154737 2123
13154767 200
13154773 8
13154773 27
13154831 1
13154831 8229
13154831 9753
13154903 1
13154963 261
13155071 1
13155083 33
13155143 1
13155143 601
13155167 688
13155209 8319
13155323 756
13155323 2313
13155371 169
13155421 7719
13155437 219
13155449 156
13155487 837
13155487 2268
13155503 1
13155533 843
13155539 1
13155599 7305
13155631 9
13155641 31
13155689 4
13155689 400
13155743 1
13155781 1668
13155851 388
13155853 8
13155853 92
13155859 317
13155929 19
13155953 43
13155959 1
13156007 105
13156027 48
13156063 56
13156063 381
13156153 3
13156163 192
13156259 1
13156261 3
13156261 23
13156333 36
13156397 847
13156421 60
13156471 5876
13156553 7
13156553 6528
13156597 3
13156639 981
13156643 168
13156687 17
13156687 24
13156699 5072
13156729 1859
13156877 3
13156889 255
13156901 15
13156909 75
13156921 4851
13157017 4164
13157107 12
13157107 804
13157129 555
13157153 151
13157191 36
13157231 40
13157251 416
13157267 4
13157293 3
13157377 3
13157437 3
13157437 380
13157453 216
13157483 885
13157537 2788
13157567 193
13157567 252
13157647 92
13157647 4845
13157737 12
13157773 15
13157783 261
13157797 924
13157821 8
13157831 376
13157927 1468
13157927 4065
13157971 48
13157971 900
13158023 1
13158049 239
13158137 700
13158149 91
13158307 5268
13158433 111
13158443 1
13158479 432
13158479 2157
13158503 952
13158577 3
13158617 19
13158661 3
13158671 1308
13158701 4
13158709 47
13158763 32
13158853 1880
13158857 3
13159043 1
13159043 3937
13159121 39
13159297 8
13159351 105
13159379 1
13159379 205
13159441 20
13159507 5
13159561 80
13159697 4
13159789 2192
13159831 9576
13159919 2001
13159981 8
13159987 65
13160033 36
13160143 140
13160177 687
13160233 2723
13160291 1
13160317 27
13160383 6605
13160479 5
13160479 9
13160557 2907
13160633 27
13160671 2541
13160671 6785
13160687 840
13160827 609
13160831 1
13160831 4893
13160837 7
13160911 300
13160963 997
13160963 4077
13161047 3180
13161151 116
13161191 1
13161193 5271
13161229 635
13161283 45
13161301 3
13161427 17
13161427 57
13161487 717
13161503 1
13161527 2112
13161593 3
13161809 255
13161829 11
13161847 185
13161917 64
13161919 89
13161977 220
13161991 5
13162043 1
13162081 251
13162151 1
13162181 36
13162211 1
13162243 17
13162273 11
13162283 1357
13162313 1636
13162333 507
13162337 7
13162337 912
13162547 24
13162547 468
13162559 1
13162559 4
13162657 80
13162657 359
13162711 45
13162717 155
13162729 44
13162889 4
13162931 1
13163047 393
13163063 1
13163099 1
13163159 492
13163201 31
13163279 52
13163279 1252
13163347 44
13163363 21
13163369 427
13163489 3372
13163537 100
13163573 5508
13163681 168
13163681 475
13163687 12
13163699 4
13163699 9
13163783 97
13163791 201
13163879 1
13163963 937
13164077 7
13164127 192
13164133 23
13164133 63
13164251 1
13164251 13
13164253 8
13164253 191
13164301 3
13164301 2523
13164343 2021
13164353 1920
13164373 27
13164383 172
13164391 3980
13164419 9
13164419 141
13164497 40
13164577 504
13164667 288
13164703 201
13164719 1
13164721 5375
13164727 225
13164737 3307
13164757 12
13164757 87
13164773 8643
13164793 8
13164803 996
13165001 124
13165121 3
13165121 1440
13165153 471
13165189 104
13165189 1707
13165277 24
13165307 12
13165351 1104
13165367 48
13165393 56
13165403 61
13165487 9
13165487 69
13165561 75
13165583 1
13165597 2255
13165627 5
13165661 216
13165799 217
13165937 1020
13166011 545
13166047 665
13166047 6369
13166089 92
13166123 1
13166129 4
13166129 3775
13166137 383
13166149 132
13166249 4
13166249 15
13166249 27
13166341 3
13166369 27
13166383 7005
13166389 416
13166389 1715
13166399 3061
13166429 595
13166443 33
13166579 9
13166701 39
13166731 5
13166759 1
13166771 1
13166771 1044
13166801 3
13166819 421
13166917 8
13167059 21
13167149 7
13167151 756
13167173 48
13167239 4
13167239 492
13167241 2648
13167359 1
13167359 409
13167389 460
13167403 36
13167403 57
13167409 144
13167463 117
13167463 413
13167547 569
13167709 120
13167709 5792
13167743 1
13167767 204
13167787 752
13167793 11
13167857 1428
13167859 2385
13167883 8
13167907 9
13167949 8955
13167991 24
13168079 4
13168091 924
13168109 2371
13168297 48
13168297 687
13168417 23
13168469 15
13168487 49
13168499 1401
13168567 192
13168579 249
13168613 916
13168651 125
13168739 2064
13168759 9
13168763 1
13168807 8
13169021 3
13169027 4
13169059 1517
13169083 12
13169089 11
13169099 5757
13169129 4
13169129 3919
13169129 10000
13169231 1
13169263 648
13169269 272
13169341 1031
13169437 8
13169479 29
13169531 1
13169531 4
13169539 2321
13169549 4
13169581 60
13169771 1
13169771 196
13169791 60
13169837 4
13169837 43
13169843 97
13169843 2013
13169899 5
13169899 189
13169939 1
13169957 40
13170109 20
13170139 5
13170161 331
13170161 4755
13170407 3532
13170413 3
13170419 3096
13170431 1
13170457 3395
13170527 45
13170551 1276
13170593 67
13170623 45
13170721 3
13170721 4655
13170739 132
13170761 120
13170823 6573
13170991 21
13171013 1915
13171069 132
13171097 795
13171159 2604
13171259 16
13171259 252
13171261 3444
13171271 1
13171321 3735
13171471 2261
13171513 32
13171517 79
13171523 288
13171567 324
13171603 57
13171603 605
13171661 51
13171661 580
13171681 11
13171721 79
13171721 4000
13171819 4805
13171843 5073
13171861 3
13171861 23
13171877 3
13171877 652
13171903 641
13171943 13
13171973 3
13171987 360
13172023 2565
13172051 1
13172053 3
13172083 36
13172113 12
13172113 63
13172171 13
13172197 207
13172207 2844
13172219 7344
13172221 3
13172221 2099
13172231 1
13172311 41
13172321 219
13172359 345
13172363 1
13172477 1407
13172531 1
13172531 216
13172573 12
13172573 48
13172573 351
13172581 395
13172617 555
13172633 7
13172639 49
13172651 1
13172689 75
13172689 119
13172713 315
13172729 3940
13172869 20
13172869 416
13172869 8504
13172893 80
13172897 564
13172959 21
13172959 765
13172981 315
13172981 679
13172983 353
13173001 3
13173053 208
13173077 7
13173077 175
13173077 2284
13173131 5101
13173271 344
13173299 9549
13173313 3
13173331 5
13173373 291
13173409 836
13173449 1227
13173547 48
13173571 5
13173571 8
13173599 1
13173617 108
13173749 4
13173763 20
13173883 41
13173889 11
13173899 1029
13173911 1
13173911 780
13174001 216
13174001 6448
13174037 3
13174037 3928
13174093 1107
13174097 7
13174151 1
13174181 40
13174219 336
13174219 4172
13174229 5520
13174253 16
13174261 39
13174261 116
13174261 3776
13174289 132
13174307 69
13174321 3
13174327 4193
13174363 5
13174417 3
13174453 60
13174493 132
13174501 140
13174531 9536
13174583 1812
13174621 39
13174639 305
13174717 152
13174741 44
13174753 6776
13174823 1
13174867 5
13174943 1
13174991 85
13175069 3427
13175101 275
13175137 228
13175233 32
13175273 3
13175317 8
13175339 1
13175339 2065
13175359 9
13175359 57
13175363 21
13175363 1440
13175381 84
13175411 4
13175549 4
13175579 1
13175741 564
13175777 7359
13175791 29
13175893 3
13175923 152
13175963 133
13175993 348
13176049 8256
13176073 9956
13176077 3
13176113 3943
13176131 9
13176169 624
13176239 1
13176259 12
13176259 20
13176313 147
13176337 59
13176341 3
13176391 29
13176391 8984
13176419 4
13176419 12
13176473 3
13176491 1
13176509 159
13176637 15
13176721 39
13176743 1
13176841 356
13176881 51
13176973 3
13176973 63
13176983 1
13176983 33
13176983 48
13177027 704
13177033 1148
13177097 4
13177247 229
13177259 1
13177271 1
13177271 9
13177273 2468
13177379 4
13177399 7785
13177477 35
13177519 2909
13177631 141
13177657 6183
13177699 125
13177729 32
13177757 15
13177793 43
13177841 3
13177937 3
13177937 1788
13177943 1305
13177951 5
13177951 161
13177951 1229
13177961 40
13178021 3
13178107 5
13178201 4
13178279 1
13178411 1
13178413 375
13178443 8
13178443 4500
13178447 4
13178521 8
13178527 393
13178719 36
13178749 212
13178749 336
13178797 3
13178797 759
13178801 76
13178843 1
13178843 268
13178857 44
13178861 159
13178929 3120
13178983 93
13179011 36
13179011 705
13179041 4
13179043 1440
13179043 3617
13179053 336
13179107 52
13179109 104
13179157 927
13179211 33
13179211 849
13179269 1144
13179373 3671
13179451 8604
13179469 552
13179469 1452
13179547 17
13179581 5355
13179587 4
13179589 96
13179671 9
13179671 364
13179689 64
13179757 39
13179757 947
13179781 3
13179827 9849
13179997 3
13179997 15
13180031 4
13180061 4200
13180309 224
13180313 3
13180333 8
13180381 24
13180459 12
13180493 7903
13180501 948
13180523 33
13180571 1
13180693 12
13180829 36
13180841 16
13180841 55
13180901 1144
13180957 1344
13180961 1060
13180961 7803
13181057 84
13181083 5
13181303 1
13181317 24
13181317 39
13181347 93
13181347 924
13181347 3440
13181353 1500
13181401 11
13181503 920
13181533 12
13181533 23
13181533 3095
13181569 24
13181653 3
13181699 1
13181699 772
13181741 51
13181759 217
13181887 5
13181939 1
13181963 1
13182007 104
13182007 8652
13182011 16
13182031 140
13182041 24
13182109 980
13182251 7021
13182331 44
13182503 1
13182503 25
13182503 61
13182503 132
13182511 3881
13182529 12
13182557 3
13182563 748
13182577 8
13182577 44
13182623 13
13182643 260
13182857 4
13182971 1
13182977 63
13183039 1592
13183039 2421
13183039 2757
13183097 40
13183151 4
13183193 3331
13183271 69
13183343 28
13183343 85
13183403 5868
13183409 655
13183411 305
13183451 25
13183477 315
13183567 20
13183613 3
13183627 8
13183699 1296
13183813 3
13183817 4
13183867 3369
13183901 4
13183903 1337
13184033 88
13184063 33
13184141 223
13184383 312
13184441 2116
13184443 533
13184447 1165
13184459 1
13184459 8041
13184489 2340
13184491 8
13184519 1
13184597 159
13184599 9
13184663 1
13184663 28
13184753 1540
13184777 39
13184783 12
13184797 60
13184939 49
13184999 1737
13185079 2385
13185101 40
13185173 7
13185301 1803
13185311 45
13185317 7
13185317 40
13185443 1
13185493 3
13185547 8
13185551 21
13185587 73
13185611 1
13185611 1060
13185619 92
13185619 164
13185671 976
13185701 1771
13185719 1
13185721 3
13185967 180
13186003 5
13186003 17
13186093 2096
13186109 12
13186109 1987
13186157 228
13186157 3559
13186189 3515
13186193 43
13186223 1
13186223 117
13186259 1
13186331 9
13186343 13
13186417 719
13186451 1
13186451 600
13186457 540
13186463 12
13186463 13
13186477 5604
13186519 24
13186549 71
13186549 1835
13186583 81
13186643 1
13186651 60
13186717 3
13186753 1235
13186757 4
13186813 3
13186813 11
13186813 707
13186829 4
13186961 16
13186993 8
13187039 3316
13187047 9840
13187081 288
13187099 1
13187177 3
13187177 4
13187177 24
13187191 5
13187191 41
13187203 8
13187243 1
13187477 1540
13187519 9
13187557 12
13187561 4
13187561 15
13187569 135
13187591 85
13187591 924
13187633 87
13187701 3740
13187737 2760
13187747 13
13187747 1932
13187851 29
13187851 920
13187851 1205
13187879 1
13187921 4203
13188029 60
13188041 28
13188053 115
13188199 5
13188239 1
13188251 121
13188323 13
13188367 152
13188397 108
13188421 23
13188587 4608
13188599 124
13188607 1025
13188611 153
13188619 5
13188631 33
13188631 113
13188631 3585
13188779 4
13188827 4
13188941 3
13188943 108
13188961 5063
13189019 12
13189049 640
13189061 75
13189061 2620
13189063 12
13189067 33
13189073 27
13189079 1
13189081 24
13189091 841
13189157 1584
13189243 17
13189259 5161
13189271 24
13189277 300
13189283 1
13189283 225
13189343 1
13189367 13
13189367 1785
13189417 8607
13189441 3
13189523 100
13189541 36
13189541 319
13189543 437
13189559 4
13189559 621
13189639 32
13189661 139
13189703 52
13189721 3
13189861 3
13189861 23
13189901 3
13189937 1315
13190003 1
13190059 21
13190071 24
13190143 5
13190143 761
13190231 24
13190231 8040
13190263 141
13190311 48
13190459 1
13190467 5
13190509 4044
13190641 116
13190641 183
13190663 45
13190713 23
13190713 120
13190773 95
13190789 91
13190917 3
13190951 1
13191097 3
13191287 232
13191323 1
13191359 2712
13191361 1355
13191383 592
13191389 60
13191389 2179
13191407 228
13191419 304
13191457 3575
13191599 1
13191601 5651
13191637 912
13191749 364
13191809 55
13191821 3
13191883 333
13191887 4
13191887 6937
13191901 3
13191907 1328
13191911 4
13191917 1620
13192033 828
13192217 3
13192337 7
13192337 24
13192349 120
13192463 1
13192523 477
13192603 12
13192841 3
13192841 5731
13192849 15
13192957 8
13192957 540
13192997 64
13193009 159
13193123 33
13193137 867
13193161 156
13193189 307
13193209 131
13193249 12
13193293 27
13193333 55
13193393 8223
13193407 308
13193437 3
13193447 133
13193447 5865
13193483 1
13193489 4
13193519 4
13193563 3408
13193567 120
13193611 5
13193671 93
13193729 7
13193783 1
13193909 12
13193951 4
13193953 3
13193977 104
13194011 1
13194031 3125
13194073 588
13194073 8568
13194121 159
13194133 432
13194253 8
13194253 3135
13194253 5468
13194257 7
13194287 9
13194301 8
13194353 3
13194373 3
13194443 2217
13194527 289
13194527 948
13194563 1
13194581 891
13194673 3
13194673 1052
13194793 3
13194859 317
13194869 8004
13194959 12
13194967 368
13195001 5343
13195067 1492
13195069 212
13195069 2844
13195069 6335
13195163 1
13195187 4
13195211 1
13195289 6904
13195333 3
13195361 799
13195381 3
13195477 6164
13195513 8192
13195529 84
13195631 33
13195631 160
13195799 601
13195837 8
13195837 119
13195843 45
13195843 2705
13195843 2940
13195873 183
13195873 516
13195873 1743
13195967 8560
13195979 61
13196009 15
13196033 987
13196083 113
13196153 67
13196159 1
13196159 4
13196201 175
13196221 1139
13196231 40
13196263 12
13196263 9476
13196473 20
13196543 16
13196543 588
13196563 36
13196587 1797
13196611 2493
13196717 60
13196719 81
13196741 84
13196741 180
13196759 945
13196791 5
13196837 7108
13196903 13
13196971 5
13196999 1
13196999 4
13196999 3277
13197017 7
13197097 752
13197143 93
13197161 3
13197209 8016
13197269 847
13197361 300
13197391 6765
13197463 1553
13197473 3
13197601 3491
13197631 225
13197637 3
13197683 1
13197731 1
13197731 49
13197803 88
13197803 681
13197817 12
13197851 13
13197851 409
13197881 3
13197881 208
13197881 255
13197923 1
13197959 76
13197991 29
13198019 1
13198037 24
13198049 15
13198259 1
13198301 60
13198363 33
13198363 105
13198373 3
13198439 1
13198439 4
13198459 5
13198489 24
13198543 201
13198621 384
13198637 1123
13198667 9
13198697 4
13198697 832
13198727 657
13198733 255
13198813 63
13198813 3995
13198853 147
13198853 268
13198877 295
13198921 363
13198981 24
13198981 315
13198993 1523
13199009 487
13199041 1451
13199051 1
13199071 1236
13199099 1
13199101 15
13199183 1
13199213 15
13199213 451
13199257 20
13199317 120
13199377 99
13199507 49
13199507 1809
13199671 1316
13199741 384
13199983 2793
13200001 6248
13200101 783
13200169 7580
13200179 1
13200221 3
13200221 1351
13200251 1
13200251 61
13200251 240
13200281 4275
13200329 4
13200359 112
13200359 156
13200359 9156
13200479 112
13200493 4596
13200503 228
13200557 135
13200631 69
13200667 5
13200727 32
13200779 1
13200779 2496
13200853 207
13201033 23
13201033 327
13201091 904
13201117 1140
13201159 176
13201159 5840
13201249 372
13201327 4725
13201403 1
13201439 85
13201439 1380
13201511 8313
13201541 4
13201577 19
13201723 41
13201759 2340
13201763 1
13201841 3
13201841 51
13201889 51
13201919 181
13201943 1
13201957 455
13201963 21
13201997 168
13201999 5
13202011 129
13202213 7
13202317 464
13202381 19
13202471 21
13202471 181
13202471 1441
13202543 1656
13202611 228
13202611 5529
13202639 1
13202639 1585
13202647 9977
13202669 5164
13202681 828
13202689 11
13202699 112
13202711 4
13202731 48
13202803 4361
13202809 3455
13202831 1
13202831 33
13202831 328
13202867 169
13202899 1901
13202941 248
13202977 8
13203013 575
13203017 3
13203083 1
13203103 3201
13203251 1
13203263 772
13203269 2755
13203401 4
13203493 608
13203503 60
13203503 328
13203563 1
13203571 4884
13203637 1212
13203653 7
13203719 1
13203719 541
13203791 48
13203797 4
13203811 8
13203821 79
13203833 15
13203859 17
13203913 3
13203913 3567
13203977 1567
13203977 2908
13204007 45
13204043 1
13204043 96
13204157 1575
13204211 385
13204241 196
13204249 156
13204283 1
13204283 148
13204327 5
13204381 48
13204447 12
13204447 413
13204469 4
13204517 387
13204619 249
13204693 1215
13204721 55
13204787 9
13204823 3217
13204837 179
13204837 375
13204973 87
13205029 35
13205029 87
13205069 2091
13205117 39
13205123 456
13205147 88
13205207 97
13205279 949
13205351 4
13205351 60
13205393 435
13205603 1
13205653 231
13205669 84
13205669 8251
13205671 1545
13205683 12
13205711 1876
13205723 1
13205723 2037
13205791 501
13205849 19
13205879 16
13205981 4
13206023 5265
13206043 12
13206131 13
13206131 573
13206131 2736
13206337 780
13206353 3
13206367 12
13206371 4
13206377 1204
13206419 1
13206419 381
13206449 39
13206493 3
13206563 913
13206563 3757
13206581 195
13206607 9
13206757 1148
13206757 1163
13206959 472
13206959 5697
13206971 1
13206971 1485
13206979 1337
13207097 895
13207127 945
13207213 12
13207213 815
13207277 3
13207277 19
13207291 780
13207297 27
13207297 528
13207361 24
13207391 88
13207477 20
13207477 59
13207507 24
13207559 4
13207559 25
13207687 104
13207693 107
13207697 624
13207721 4
13207739 16
13207879 104
13207979 1
13207991 33
13207991 121
13207993 7287
13208029 191
13208029 255
13208057 64
13208159 2401
13208213 4812
13208219 4
13208291 285
13208339 81
13208399 1
13208399 244
13208431 236
13208443 1017
13208479 492
13208483 936
13208557 3
13208557 8
13208597 195
13208621 3
13208633 12
13208651 384
13208669 31
13208771 25
13208773 96
13208791 5
13208803 33
13208873 972
13208887 117
13208957 12
13209089 4
13209139 24
13209151 89
13209151 680
13209167 4980
13209179 120
13209179 1009
13209211 3536
13209241 468
13209269 12
13209281 19
13209307 128
13209311 384
13209311 2469
13209331 56
13209331 1040
13209409 27
13209457 300
13209467 60
13209523 8
13209589 47
13209589 3455
13209593 3
13209619 5
13209641 3
13209673 5840
13209737 3
13209743 1
13209767 169
13209793 11
13209793 63
13209821 4
13209829 4455
13209863 88
13209871 5
13209881 40
13209947 553
13209983 180
13209991 24
13210013 9192
13210033 23
13210081 195
13210103 1501
13210117 8
13210163 1
13210367 48
13210469 15
13210523 541
13210553 16
13210577 7
13210583 1
13210583 240
13210583 3001
13210601 979
13210607 397
13210633 3
13210777 1832
13210817 19
13210889 7
13210907 13
13210931 21
13210931 36
13211083 225
13211161 15
13211161 24
13211201 24
13211201 276
13211311 21
13211423 1237
13211519 1
13211519 24
13211519 429
13211531 3561
13211573 31
13211573 6108
13211579 181
13211581 3035
13211603 1
13211623 81
13211659 5
13211687 244
13211713 716
13211713 5267
13211801 496
13211813 211
13211831 1428
13211843 16
13211953 9207
13211969 4
13212013 51
13212109 12
13212109 6851
13212131 129
13212181 1299
13212229 3320
13212307 20
13212403 125
13212431 1
13212439 72
13212439 3276
13212443 201
13212599 1
13212607 708
13212743 21
13212763 2592
13212767 4
13212799 36
13212799 501
13212817 2324
13212839 49
13212839 489
13212883 12
13212907 8
13212931 509
13212967 1529
13213001 3
13213001 6160
13213043 1
13213093 3
13213127 184
13213127 252
13213153 3
13213253 1996
13213283 1
13213283 73
13213297 224
13213399 5409
13213481 16
13213579 389
13213667 328
13213831 21
13213841 1900
13213853 2131
13213867 17
13213951 4481
13214017 3
13214041 5748
13214147 1012
13214183 21
13214189 672
13214221 8
13214261 3
13214261 415
13214261 4224
13214323 12
13214359 12
13214447 25
13214447 364
13214471 253
13214507 1300
13214639 1
13214687 1012
13214737 3
13214767 48
13214881 1404
13214909 7
13214917 39
13214921 40
13215109 204
13215113 43
13215277 35
13215277 8355
13215383 108
13215457 315
13215533 3
13215539 1
13215539 4
13215539 12
13215539 504
13215541 3051
13215569 19
13215581 604
13215607 3029
13215707 4
13215751 5
13215779 2260
13215791 33
13215791 361
13215803 1
13215803 153
13215859 45
13215911 7653
13216009 99
13216069 35
13216331 1
13216331 624
13216631 4
13216661 39
13216727 48
13216783 5
13216843 3197
13216901 3
13216919 165
13216919 492
13216921 1011
13216991 1
13216993 35
13216997 3
13216997 4
13217167 180
13217173 320
13217207 4
13217233 540
13217263 72
13217263 237
13217329 4136
13217429 3432
13217429 4464
13217429 4564
13217447 2929
13217459 61
13217531 1
13217537 52
13217579 40
13217639 96
13217639 181
13217683 41
13217777 348
13217783 1
13217803 53
13217819 16
13217957 5355
13218019 17
13218019 69
13218209 87
13218347 52
13218349 56
13218371 1
13218397 3
13218581 3
13218599 1
13218697 15
13218697 44
13218743 192
13218839 1
13218847 197
13218893 4972
13218943 96
13219159 857
13219163 1
13219163 136
13219279 677
13219321 3
13219337 9192
13219379 1
13219439 1
13219439 9
13219517 3
13219517 1764
13219571 1209
13219637 15
13219729 11
13219747 44
13219751 3604
13219883 57
13219889 4
13219889 2224
13219933 3
13219933 96
13220003 93
13220057 3
13220057 624
13220069 120
13220177 4
13220287 33
13220387 40
13220419 32
13220437 968
13220437 9932
13220527 189
13220567 52
13220567 1728
13220609 544
13220629 36
13220671 4088
13220687 3288
13220773 8
13220843 1
13220891 25
13220899 749
13220947 5
13220947 224
13220947 309
13220953 12
13220953 200
13220989 5607
13221011 349
13221029 2019
13221059 4
13221059 469
13221077 24
13221077 52
13221083 1741
13221149 4
13221151 89
13221151 233
13221191 736
13221209 1407
13221287 837
13221287 5392
13221287 7357
13221353 88
13221353 5116
13221379 12
13221379 369
13221401 51
13221493 3
13221493 7763
13221553 8
13221553 4763
13221577 12
13221581 2076
13221623 1
13221623 120
13221671 781
13221671 1596
13221877 15
13221881 4
13221911 840
13221997 3
13221997 27
13222031 9
13222091 4845
13222127 4
13222169 871
13222189 204
13222411 45
13222411 201
13222511 4
13222511 64
13222571 1
13222571 25
13222589 316
13222619 901
13222661 4
13222661 39
13222661 1404
13222691 1
13222823 1
13222843 6120
13222871 16
13222871 229
13222877 12
13222901 51
13222939 32
13222939 416
13222981 3
13223051 1
13223071 20
13223071 1356
13223087 345
13223087 4725
13223191 8
13223291 1
13223291 16
13223339 2644
13223359 45
13223401 6435
13223437 3
13223471 4
13223471 3021
13223549 12
13223549 447
13223699 9
13223699 16
13223761 543
13223783 1
13223783 72
13223843 156
13223863 336
13223879 12
13223927 9469
13223933 8040
13223957 307
13224037 99
13224097 179
13224131 40
13224137 27
13224143 541
13224157 3
13224157 48
13224173 3
13224187 9
13224269 4
13224331 81
13224499 32
13224499 2877
13224539 1
13224583 1440
13224611 8281
13224641 28
13224647 2772
13224647 5260
13224677 3
13224697 207
13224697 4148
13224713 123
13224751 1829
13224763 33
13224763 2453
13224769 32
13224797 3
13224821 1479
13224823 416
13224829 24
13224829 384
13224859 1236
13224901 39
13224949 332
13224949 431
13224949 627
13224989 7432
13225067 28
13225117 2568
13225279 260
13225279 1872
13225343 1
13225361 255
13225397 580
13225403 108
13225451 25
13225591 236
13225603 56
13225757 3
13225757 2080
13225973 7
13225987 137
13226009 24
13226009 139
13226009 412
13226027 4
13226029 92
13226039 1
13226039 2380
13226159 1
13226159 4
13226167 24
13226197 75
13226237 3
13226251 9
13226287 9
13226371 273
13226371 1460
13226399 12
13226401 8
13226401 9204
13226419 65
13226467 9233
13226471 64
13226531 48
13226579 205
13226593 972
13226683 60
13226861 508
13226861 5751
13226897 3
13226903 1
13226921 216
13227031 8
13227031 105
13227119 97
13227143 1
13227281 3676
13227317 3
13227337 3
13227353 3
13227353 3856
13227373 3
13227397 8
13227413 1560
13227433 20
13227457 9932
13227497 4
13227499 1356
13227503 1
13227713 31
13227811 188
13227827 33
13227847 9
13227883 2453
13227919 96
13227923 105
13227923 121
13227943 77
13227943 312
13227983 1
13227983 3936
13228021 4895
13228069 92
13228157 3
13228207 429
13228247 73
13228297 620
13228301 819
13228343 1
13228361 2079
13228421 144
13228487 12
13228603 12
13228619 1
13228651 8
13228651 2109
13228679 1
13228687 720
13228741 543
13228777 84
13228777 1448
13228861 2159
13228867 8
13228961 64
13228961 735
13229053 12
13229053 836
13229053 5148
13229093 252
13229093 7056
13229201 195
13229269 12
13229323 788
13229323 2768
13229329 2367
13229341 3
13229341 20
13229357 1183
13229413 1268
13229441 19
13229477 3
13229477 555
13229479 785
13229617 8
13229633 3
13229651 9
13229663 36
13229707 5
13229729 4
13229743 8
13229759 1
13229789 15
13229857 23
13229941 176
13229999 1
13229999 9
13230079 20
13230263 1353
13230277 3
13230299 600
13230307 329
13230391 24
13230419 1
13230493 12
13230551 5653
13230563 16
13230563 220
13230619 1064
13230643 5
13230667 8
13230667 164
13230671 1
13230731 4
13230731 184
13230797 3
13230797 12
13230827 204
13230851 1
13230853 908
13230857 48
13230857 60
13230857 8719
13230953 12
13231019 3220
13231061 3
13231103 1
13231147 5
13231147 17
13231261 20
13231313 88
13231331 2805
13231367 7608
13231481 1771
13231529 975
13231679 3681
13231711 48
13231721 64
13231741 24
13231781 4
13231781 1159
13231921 1643
13231921 3540
13231931 4789
13231949 27
13231949 2340
13231987 8
13232041 123
13232099 1
13232129 7
13232213 75
13232249 1764
13232311 5
13232357 12
13232389 696
13232389 5247
13232537 12
13232539 3660
13232543 21
13232573 3
13232623 2621
13232651 40
13232657 7
13232707 249
13232731 5
13232731 8
13232867 852
13232887 12
13232983 6021
13233007 8
13233061 563
13233071 49
13233071 444
13233109 20
13233163 293
13233203 25
13233263 1
13233359 1
13233359 9
13233359 16
13233403 600
13233449 24
13233503 312
13233503 985
13233509 4
13233569 12
13233569 4375
13233587 817
13233839 24
13233911 1
13233919 56
13233959 4
13233991 81
13234003 5
13234043 52
13234073 31
13234073 135
13234079 12
13234141 3
13234201 15
13234201 935
13234217 39
13234217 79
13234261 140
13234357 12
13234369 2435
13234399 80
13234399 1785
13234457 63
13234679 12
13234691 124
13234699 137
13234747 57
13234813 716
13234829 40
13234981 3
13235021 31
13235021 364
13235071 81
13235071 593
13235303 1
13235309 7692
13235317 87
13235371 276
13235449 6699
13235459 1
13235461 63
13235461 380
13235489 5236
13235591 925
13235737 183
13235777 43
13235903 2601
13235947 324
13235969 4
13235969 24
13236011 1
13236011 4
13236037 20
13236203 33
13236239 16
13236337 1955
13236361 8
13236361 39
13236437 4
13236437 724
13236479 1
13236479 456
13236533 3
13236541 11
13236583 45
13236593 8155
13236637 15
13236677 3
13236679 9
13236719 1
13236719 9
13236791 1
13236791 9
13236793 12
13236841 3696
13236929 12
13236929 867
13236947 3988
13236967 165
13236997 3
13237097 3
13237111 3149
13237151 16
13237153 3
13237199 285
13237277 40
13237423 12
13237459 7829
13237463 1
13237463 105
13237481 84
13237481 1944
13237573 5687
13237619 2697
13237621 3
13237751 1
13237751 148
13237801 4391
13238051 1
13238051 36
13238311 9
13238339 1
13238339 4909
13238347 8052
13238389 255
13238437 2312
13238473 3
13238503 5
13238627 28
13238633 7
13238633 67
13238663 565
13238683 5
13238717 64
13238723 1
13238881 3
13238987 72
13239043 768
13239103 621
13239199 2652
13239203 1
13239211 5
13239223 33
13239223 4077
13239251 2868
13239301 20
13239337 3
13239361 300
13239521 835
13239533 2248
13239613 20
13239641 304
13239703 4752
13239749 3532
13239763 221
13239773 15
13239887 304
13239931 5928
13239943 576
13239943 725
13239997 15
13240049 15
13240063 8
13240079 1
13240109 15
13240109 172
13240159 312
13240217 3
13240217 87
13240319 1
13240333 1320
13240343 1
13240343 1081
13240343 9520
13240349 2127
13240391 2061
13240489 84
13240519 80
13240529 4
13240537 83
13240573 3
13240573 423
13240609 11
13240697 7
13240729 8487
13240771 524
13240873 36
13240921 20
13240973 7
13241021 3
13241027 892
13241047 1233
13241057 303
13241069 136
13241099 1
13241101 168
13241161 1196
13241191 8
13241203 1440
13241471 1
13241477 243
13241479 9
13241519 21
13241539 2736
13241581 4056
13241609 52
13241653 35
13241717 2347
13241821 735
13241849 4
13241953 3
13241983 12
13242029 915
13242037 3
13242049 6240
13242071 9
13242079 204
13242121 23
13242121 711
13242157 3
13242157 8
13242169 200
13242179 9
13242191 1
13242191 4
13242377 4
13242443 21
13242623 1
13242629 12
13242629 60
13242637 8
13242683 1
13242689 4
13242773 3
13242787 8592
13242799 216
13242811 900
13243001 3
13243001 15
13243001 319
13243031 1
13243079 432
13243079 481
13243091 376
13243141 15
13243157 7467
13243211 13
13243213 8
13243213 108
13243259 21
13243387 509
13243429 732
13243597 3
13243597 35
13243597 47
13243751 5484
13243777 159
13243849 1271
13243859 1
13243859 289
13243889 3772
13243889 9351
13243897 503
13243961 3
13244057 8920
13244123 21
13244183 1
13244183 61
13244219 25
13244233 11
13244243 120
13244291 24
13244321 16
13244323 8
13244323 21
13244327 1888
13244447 1009
13244521 11
13244549 91
13244591 489
13244593 3
13244633 8776
13244641 368
13244687 904
13244813 16
13244831 1
13245007 149
13245187 24
13245203 16
13245233 127
13245233 7723
13245251 61
13245301 3
13245359 1
13245361 11
13245467 52
13245473 711
13245509 159
13245511 5
13245511 9
13245517 84
13245553 455
13245577 23
13245613 732
13245623 1
13245731 28
13245809 1459
13245811 5
13245899 1
13245901 371
13245917 52
13246003 12
13246003 257
13246019 2401
13246061 483
13246139 597
13246291 29
13246291 1200
13246309 236
13246319 1
13246379 1
13246463 1
13246469 4
13246469 592
13246511 1
13246531 8
13246531 416
13246531 3060
13246573 4235
13246601 15
13246601 123
13246601 124
13246619 40
13246679 4
13246687 225
13246693 27
13246721 3
13246721 28
13246721 399
13246811 9
13246861 3
13246861 708
13246907 220
13246991 4416
13247051 1
13247077 759
13247083 17
13247111 16
13247111 193
13247249 12
13247291 1
13247303 12
13247321 3
13247321 396
13247359 12
13247371 1601
13247401 3
13247413 3
13247413 252
13247417 328
13247477 3
13247527 8237
13247603 28
13247669 36
13247711 7804
13247753 15
13247753 127
13247753 9927
13247789 2320
13247849 211
13247873 1728
13247957 7
13247957 67
13247957 835
13248017 3
13248071 4
13248101 15
13248139 29
13248223 260
13248239 1
13248269 351
13248269 9840
13248283 177
13248317 2940
13248373 60
13248461 3
13248541 8
13248541 108
13248583 12
13248659 1981
13248731 1
13248731 405
13248743 1
13248751 41
13248779 21
13248857 7
13248857 27
13248881 960
13248889 11
13248929 2512
13248941 1671
13248953 3
13248953 36
13248959 2964
13249003 5132
13249007 7765
13249111 81
13249141 215
13249147 144
13249157 4
13249321 15
13249343 1
13249343 165
13249349 19
13249361 415
13249361 2416
13249429 7371
13249499 1
13249499 12
13249543 4380
13249667 4464
13249721 9156
13249757 280
13249837 3
13249837 68
13249867 5
13249867 57
13249867 1532
13249883 12
13249883 108
13249883 301
13249937 4
13249997 4
13250009 4
13250147 37
13250213 60
13250249 171
13250249 2647
13250269 327
13250311 624
13250333 280
13250357 12
13250383 65
13250411 1
13250509 2459
13250509 2835
13250533 3
13250537 12
13250621 16
13250693 160
13250717 12
13250819 1
13250863 293
13250911 860
13251019 129
13251071 4
13251079 57
13251101 48
13251107 9
13251131 1
13251137 1215
13251169 12
13251257 7
13251263 1
13251361 15
13251367 5
13251383 376
13251421 11
13251421 224
13251467 133
13251529 1139
13251533 1168
13251659 1
13251709 440
13251739 5
13251779 1
13251827 9
13251839 1
13251853 3
13251923 1
13251967 2589
13251971 1
13252087 9
13252123 5
13252157 4
13252199 2284
13252273 1860
13252373 4468
13252417 912
13252427 813
13252429 12
13252451 1
13252529 3972
13252559 1
13252567 20
13252573 87
13252601 124
13252609 99
13252621 39
13252621 240
13252663 168
13252787 1852
13252849 11
13252849 5360
13252927 192
13252933 128
13252933 7632
13252973 1296
13253003 268
13253017 560
13253101 2571
13253131 1448
13253147 12
13253167 260
13253189 31
13253237 3
13253249 4747
13253293 6072
13253323 140
13253323 1161
13253351 1
13253407 5
13253407 2528
13253423 1
13253441 3
13253447 792
13253459 37
13253479 81
13253561 115
13253573 16
13253579 4
13253729 591
13253749 111
13253759 1
13253837 60
13253951 1
13253951 2364
13254011 1
13254023 1437
13254037 72
13254053 27
13254061 708
13254119 9
13254221 711
13254239 1
13254257 240
13254281 4
13254281 3556
13254401 919
13254403 4988
13254443 1
13254499 201
13254599 40
13254617 15
13254617 5655
13254649 20
13254649 7296
13254691 5076
13254719 4
13254889 584
13255031 1
13255031 493
13255043 1
13255057 1019
13255069 92
13255093 11
13255111 9
13255261 8
13255279 57
13255373 4915
13255397 4
13255493 232
13255499 1
13255547 408
13255547 4708
13255621 383
13255633 3
13255687 29
13255687 105
13255687 264
13255687 329
13255703 2092
13255721 4
13255741 8
13255741 156
13255763 28
13255793 63
13255793 136
13255829 240
13255841 3
13255861 1004
13255951 125
13255999 3324
13255999 8852
13256029 1215
13256147 1060
13256371 8
13256371 1169
13256377 4575
13256401 8
13256423 52
13256449 4455
13256597 24
13256759 1
13256819 36
13256827 128
13256879 276
13256879 1365
13256941 35
13256941 39
13256987 13
13257043 65
13257043 4665
13257107 9
13257107 9648
13257121 1484
13257143 1
13257187 7169
13257197 3
13257199 5
13257271 93
13257317 9600
13257319 77
13257401 3
13257401 180
13257493 3060
13257523 1953
13257589 5175
13257689 4
13257731 21
13257737 4
13257737 847
13257743 1
13257781 15
13257823 21
13257929 12
13258033 932
13258039 5
13258073 243
13258163 1
13258163 112
13258213 72
13258213 1112
13258243 8
13258381 4416
13258381 4563
13258471 968
13258471 6168
13258499 72
13258601 3
13258667 9757
13258727 1569
13258757 4
13258757 768
13258783 92
13258811 5781
13258837 5964
13258897 2867
13258919 1
13258919 52
13258933 143
13258943 25
13258991 1
13259137 80
13259153 12
13259153 27
13259219 1
13259443 65
13259489 480
13259497 8364
13259539 89
13259567 3228
13259591 3688
13259651 6249
13259731 2009
13259767 33
13259963 313
13259993 4215
13259999 889
13260007 68
13260053 43
13260053 5628
13260059 144
13260113 51
13260139 12
13260151 24
13260227 132
13260253 3
13260283 161
13260307 7113
13260311 4
13260341 3
13260349 92
13260371 148
13260413 36
13260449 24
13260463 72
13260479 1
13260479 177
13260491 1
13260497 7
13260503 1
13260521 5259
13260551 49
13260619 1085
13260649 1832
13260701 5131
13260713 28
13260787 9
13260809 7
13260847 5
13261043 1
13261063 5
13261169 244
13261169 2211
13261169 4795
13261231 633
13261277 75
13261331 1
13261333 11
13261403 12
13261441 3
13261453 32
13261481 3
13261543 12
13261553 91
13261571 1
13261723 281
13261733 9727
13261739 21
13261757 52
13261771 20
13261789 27
13261813 420
13261889 676
13261891 21
13262003 9172
13262063 493
13262111 2389
13262239 336
13262419 7776
13262423 1
13262453 7
13262603 165
13262659 80
13262659 1409
13262659 5352
13262663 9036
13262677 27
13262731 101
13262759 1
13262857 83
13262891 1
13262891 3069
13262933 1048
13263127 1544
13263167 60
13263191 9
13263191 16
13263233 2175
13263251 9
13263251 5149
13263359 1
13263407 1509
13263563 21
13263647 69
13263739 2016
13263743 13
13263793 3
13263829 11
13263829 24
13263851 1
13263853 375
13263911 9
13263949 75
13263977 168
13264051 45
13264051 2624
13264051 6080
13264091 36
13264091 4176
13264103 1
13264103 1216
13264127 52
13264127 1513
13264159 7376
13264177 3707
13264183 9785
13264189 399
13264189 4764
13264211 1
13264271 9
13264327 888
13264343 25
13264379 21
13264379 85
13264411 401
13264423 17
13264423 72
13264441 60
13264453 3
13264507 45
13264567 9
13264567 369
13264567 2904
13264609 39
13264663 20
13264733 6027
13264943 1
13264943 85
13265009 67
13265009 987
13265033 6952
13265053 11
13265053 680
13265081 4
13265137 23
13265201 31
13265251 96
13265353 215
13265381 4
13265431 36
13265431 224
13265519 1
13265521 203
13265561 15
13265579 1
13265597 79
13265597 3208
13265597 4024
13265611 548
13265611 896
13265663 1
13265699 72
13265699 1060
13265713 3
13265723 1
13265723 100
13265723 321
13265827 1572
13265851 644
13265893 4091
13265911 1329
13265939 16
13266023 1
13266041 9483
13266061 23
13266151 5
13266151 3873
13266167 2772
13266349 32
13266359 4
13266359 672
13266397 183
13266413 507
13266413 5292
13266431 2001
13266527 4
13266551 1
13266559 24
13266623 12
13266623 5937
13266677 72
13266691 8
13266697 347
13266761 4
13266761 16
13266779 85
13266839 1
13266901 11
13266937 2484
13267043 1
13267043 8245
13267061 60
13267063 92
13267117 3
13267151 28
13267151 609
13267193 3
13267277 3
13267277 7
13267283 1300
13267321 35
13267321 2195
13267613 171
13267613 231
13267621 735
13267637 4
13267697 3
13267717 1859
13267747 5
13267747 1005
13267747 6257
13267759 480
13267763 1
13267781 3
13267847 265
13267921 1071
13267921 4179
13267957 444
13267999 296
13268063 1
13268083 252
13268117 267
13268141 19
13268201 135
13268323 2853
13268329 1899
13268351 1
13268371 45
13268393 28
13268509 252
13268531 888
13268609 4
13268623 2261
13268663 1
13268791 36
13268803 176
13268809 9020
13268851 3080
13268873 7
13269017 3
13269043 96
13269043 3768
13269059 1
13269071 1
13269083 76
13269089 4
13269097 3
13269173 168
13269247 24
13269247 8580
13269331 5
13269337 8
13269337 464
13269337 3552
13269439 4232
13269511 20
13269523 300
13269577 464
13269637 3
13269713 7680
13269719 40
13269793 15
13269821 336
13269857 820
13269857 2232
13269857 7699
13269859 1064
13269859 1500
13270051 333
13270109 135
13270157 12
13270177 3
13270181 4
13270199 1
13270199 4
13270199 192
13270199 1569
13270199 2985
13270277 3724
13270307 160
13270337 4567
13270343 1
13270427 525
13270483 2493
13270501 20
13270547 2937
13270601 1596
13270669 71
13270687 9
13270711 3080
13270799 2512
13270801 3459
13270843 8
13270979 1
13270997 3
13271021 391
13271051 33
13271117 7
13271171 1
13271191 893
13271201 2355
13271227 4772
13271227 6932
13271257 768
13271257 7920
13271261 2256
13271273 75
13271287 53
13271341 519
13271389 159
13271389 5744
13271459 21
13271527 7524
13271537 3
13271651 1
13271711 1
13271761 15
13271777 123
13271891 45
13271891 436
13271939 1
13271939 4
13271939 784
13272029 616
13272067 9293
13272253 240
13272263 1
13272263 12
13272323 1
13272331 9
13272341 39
13272367 425
13272551 24
13272559 7464
13272689 39
13272719 1
13272719 132
13272719 6861
13272761 55
13272799 9
13272829 12
13272881 3
13272881 1800
13272893 3
13272947 265
13272977 3
13272979 5
13273037 7072
13273081 3
13273103 1
13273103 93
13273159 1272
13273199 69
13273201 15
13273201 1083
13273333 131
13273349 39
13273427 565
13273439 36
13273451 1
13273453 3008
13273511 369
13273511 1380
13273591 8
13273591 29
13273669 2327
13273703 1
13273739 9
13273739 1056
13273763 1093
13273849 531
13273901 3
13273901 28
13273901 91
13273933 60
13273943 1
13273979 49
13274033 3
13274047 44
13274071 8
13274081 4
13274087 12
13274087 13
13274137 303
13274249 4
13274281 48
13274377 8
13274563 152
13274567 97
13274593 11
13274629 3119
13274641 83
13274731 69
13274731 188
13274731 1604
13274747 4009
13274791 105
13274791 1041
13274827 8
13274839 5
13274843 1
13274879 37
13274893 3
13274903 1
13274993 12
13275043 45
13275107 9
13275109 3939
13275121 8435
13275131 1
13275131 45
13275217 3
13275217 23
13275253 3
13275253 215
13275287 25
13275299 1
13275343 2412
13275371 4
13275481 168
13275503 97
13275551 876
13275607 249
13275727 12
13275791 1
13275797 4
13275809 4
13275869 420
13275883 572
13275901 179
13275971 5209
13276013 1680
13276057 227
13276177 263
13276217 7
13276301 60
13276327 1029
13276411 5
13276423 836
13276433 267
13276493 115
13276493 7107
13276547 4
13276547 9
13276633 1343
13276651 45
13276657 2207
13276717 8
13276759 197
13276831 5384
13276841 4
13276883 1
13276927 9
13276993 5547
13276999 29
13277063 120
13277123 1
13277237 424
13277311 365
13277311 629
13277351 16
13277437 1908
13277471 1
13277471 1153
13277483 1
13277519 249
13277533 3
13277557 3
13277557 624
13277587 8
13277587 12
13277623 32
13277633 372
13277659 1509
13277689 155
13277689 5171
13277699 2032
13277711 961
13277717 12
13277717 115
13277729 8239
13277743 5
13277743 5021
13277791 120
13277801 4588
13277843 1
13277843 76
13277843 673
13277851 9
13277917 3
13277921 1755
13277939 9
13277981 4
13278011 7713
13278103 5
13278157 3
13278217 23
13278217 6203
13278229 2955
13278263 1
13278319 4392
13278329 4
13278329 972
13278367 29
13278493 107
13278563 1321
13278563 7908
13278637 35
13278719 1
13278721 15
13278737 3
13278737 144
13278821 3
13278821 88
13278821 5119
13278871 116
13278871 180
13278901 8
13278911 21
13278911 25
13278983 1
13278983 21
13279033 216
13279117 267
13279153 540
13279163 1
13279169 4
13279207 32
13279249 344
13279351 29
13279373 3
13279391 1
13279391 288
13279451 21
13279451 985
13279463 1
13279471 9
13279583 1
13279589 16
13279589 340
13279631 25
13279667 9
13279681 11
13279699 285
13279793 1035
13279807 1637
13279837 360
13279909 164
13279969 24
13280093 127
13280119 5
13280119 12
13280119 45
13280123 840
13280143 857
13280207 24
13280209 11
13280237 3
13280237 4
13280237 4539
13280291 1824
13280359 497
13280363 12
13280401 2639
13280437 1844
13280467 68
13280471 1
13280483 1
13280573 67
13280647 69
13280699 40
13280783 3393
13280831 1
13280831 8421
13280863 21
13280863 60
13280933 16
13280983 216
13281001 219
13281031 60
13281041 75
13281049 1364
13281179 4
13281193 3207
13281283 5556
13281371 1
13281377 3
13281377 4
13281451 33
13281461 324
13281523 5
13281571 221
13281647 897
13281647 1360
13281689 747
13281727 12
13281727 360
13281761 1104
13281781 303
13281901 3
13281967 77
13282163 28
13282187 205
13282187 312
13282211 1
13282211 4
13282259 1
13282363 20
13282363 7416
13282393 267
13282513 227
13282517 4
13282579 32
13282583 12
13282597 99
13282637 4
13282637 7
13282649 2739
13282649 6435
13282733 7951
13282757 28
13282877 3
13282877 27
13282901 15
13282901 99
13282939 29
13282939 176
13282943 1
13282943 7585
13282949 579
13283021 2848
13283027 3984
13283059 152
13283063 276
13283143 17
13283191 5
13283191 45
13283209 3875
13283317 3
13283317 8
13283377 1368
13283423 33
13283587 45
13283609 187
13283609 271
13283659 5
13283663 1
13283663 72
13283671 84
13283693 3
13283693 796
13283731 8
13283789 1804
13283833 7908
13283843 1
13283891 7188
13283957 4
13283993 31
13283993 60
13284071 996
13284083 1
13284109 191
13284113 3
13284121 143
13284199 1520
13284199 5520
13284277 3
13284281 231
13284281 580
13284307 233
13284331 341
13284413 4476
13284419 769
13284419 2016
13284521 3
13284707 4
13284707 72
13284773 103
13284839 1
13284863 1
13284899 1
13284937 99
13284937 2267
13284983 1
13285021 11
13285079 244
13285079 964
13285157 99
13285163 21
13285163 460
13285163 2736
13285213 3
13285213 567
13285253 283
13285273 287
13285273 288
13285273 1091
13285319 1
13285367 4
13285379 4
13285469 12
13285469 139
13285477 519
13285709 139
13285711 20
13285711 104
13285757 3
13285757 43
13285817 19
13285871 60
13285897 8
13285903 8
13285903 4268
13285907 3189
13285963 1313
13285999 2109
13286003 6613
13286029 11
13286131 24
13286131 33
13286171 4
13286171 304
13286191 48
13286233 27
13286239 1545
13286239 2564
13286261 1915
13286267 69
13286407 48
13286423 301
13286431 5
13286489 5236
13286531 2325
13286597 27
13286597 223
13286659 29
13286771 156
13286783 208
13286839 7589
13286927 40
13286983 488
13287143 36
13287161 3
13287161 19
13287227 25
13287293 3
13287317 7
13287317 15
13287343 36
13287371 213
13287377 3
13287383 1
13287383 220
13287503 61
13287541 23
13287541 1320
13287607 5
13287619 372
13287737 19
13287787 5652
13287797 279
13287877 32
13287893 192
13287941 3
13287941 148
13287947 4
13288007 2352
13288153 3
13288199 1
13288199 205
13288211 3640
13288259 136
13288309 2312
13288313 2455
13288343 25
13288343 61
13288399 7712
13288403 1
13288433 60
13288433 540
13288609 392
13288697 735
13288727 220
13288753 116
13288799 160
13288799 241
13288811 21
13288837 8
13288841 3
13288841 456
13288939 717
13288939 1209
13289119 221
13289123 13
13289149 216
13289183 1
13289197 24
13289209 20
13289299 884
13289323 5
13289323 12
13289447 9
13289503 7356
13289509 8831
13289513 3
13289519 1
13289519 892
13289543 3553
13289581 8319
13289663 1
13289677 39
13289741 4
13289761 63
13289761 2999
13289813 28
13289833 516
13289999 1
13290001 3
13290019 300
13290083 1
13290223 1872
13290283 8
13290373 56
13290401 3
13290451 24
13290451 653
13290451 2904
13290491 16
13290491 64
13290493 3
13290523 173
13290523 432
13290647 5833
13290731 1
13290731 13
13290779 1
13290799 32
13290829 12
13290853 3
13290983 1
13291001 136
13291153 7616
13291337 40
13291423 60
13291427 4
13291457 303
13291567 645
13291613 3
13291627 8
13291699 5
13291721 3
13291871 216
13291891 369
13291919 129
13291931 1
13291939 3852
13292053 20
13292053 207
13292093 3856
13292119 972
13292219 501
13292333 7
13292437 32
13292483 1425
13292567 2253
13292621 276
13292687 9177
13292803 9653
13292819 4
13292849 507
13293023 1
13293239 1
13293311 1641
13293383 460
13293391 8
13293431 1
13293443 1
13293463 5
13293479 4
13293509 495
13293523 92
13293641 6759
13293667 17
13293691 3461
13293691 6773
13293739 5
13293851 1
13293851 4965
13293971 1
13293991 789
13294003 8996
13294031 1
13294037 4
13294067 4165
13294087 333
13294087 4025
13294163 1
13294163 76
13294163 153
13294189 24
13294321 3
13294367 64
13294481 4
13294481 28
13294511 1
13294607 1837
13294627 5
13294637 7408
13294739 325
13294859 565
13294859 3417
13294871 1
13294949 4
13294949 180
13295077 12
13295123 1
13295123 48
13295123 85
13295131 128
13295251 44
13295251 4433
13295287 129
13295291 4
13295329 12
13295393 36
13295441 160
13295507 93
13295507 105
13295507 289
13295519 1
13295533 735
13295537 627
13295629 3207
13295657 2595
13295669 300
13295669 727
13295677 32
13295677 84
13295749 6672
13295851 9
13295851 153
13295983 740
13296119 12
13296119 532
13296133 3
13296161 15
13296187 72
13296187 77
13296191 1
13296203 1
13296203 2388
13296251 409
13296289 104
13296301 764
13296317 19
13296343 117
13296377 1648
13296389 15
13296421 63
13296539 1
13296641 15
13296791 1
13296791 24
13296791 1264
13296791 5701
13296851 1
13296851 13
13296859 2396
13296863 48
13296863 297
13296869 12
13296947 1185
13296971 1
13296971 84
13296973 12
13297073 672
13297087 3024
13297103 1
13297103 81
13297133 60
13297139 4
13297147 4008
13297301 3
13297391 5056
13297547 60
13297577 255
13297589 67
13297591 513
13297601 6364
13297619 112
13297759 3032
13297813 3
13297819 24
13297847 4
13297871 1
13297873 35
13297913 15
13297969 47
13297969 476
13298003 117
13298053 332
13298083 12
13298111 1
13298111 1969
13298123 1
13298221 15
13298221 20
13298237 4
13298237 5524
13298261 4
13298359 32
13298381 3
13298381 4
13298381 351
13298401 23
13298401 24
13298401 44
13298479 456
13298479 2220
13298497 23
13298533 2040
13298633 508
13298699 1
13298699 4
13298699 72
13298723 1
13298723 40
13298737 3
13298737 3984
13298773 8
13298773 855
13298809 12
13298837 3
13298837 535
13298839 204
13298839 7457
13298843 1
13298851 273
13298867 6189
13298951 1
13298953 455
13298963 1
13299017 5595
13299109 27
13299113 3
13299127 48
13299179 4
13299227 4
13299269 5320
13299277 35
13299353 3343
13299401 9576
13299421 84
13299421 95
13299553 1083
13299577 123
13299617 2719
13299619 344
13299809 4
13299817 687
13299817 8423
13299827 25
13299851 1356
13299947 2760
13299953 195
13299971 841
13299991 6828
13300087 8189
13300117 144
13300121 480
13300139 12
13300159 3840
13300253 36
13300291 1205
13300327 89
13300327 1517
13300337 12
13300351 41
13300351 2184
13300367 772
13300487 628
13300541 3
13300619 132
13300633 291
13300711 81
13300711 101
13300753 632
13300787 25
13300799 1
13300799 12
13300811 1
13300811 48
13300813 1952
13300841 1855
13300843 12
13300897 99
13300997 112
13301023 2325
13301051 4
13301213 2235
13301219 1
13301269 27
13301287 209
13301377 1047
13301417 3
13301417 172
13301417 835
13301417 1815
13301591 1
13301591 4
13301623 6597
13301627 4
13301731 8
13301747 4
13301747 2013
13301809 335
13301819 1
13301861 3
13301863 965
13301867 4833
13301879 160
13301891 1
13301909 7
13302011 1
13302049 164
13302077 7
13302083 33
13302127 308
13302169 44
13302227 12
13302229 20
13302287 28
13302301 851
13302383 16
13302391 5
13302391 836
13302479 189
13302479 961
13302581 4
13302613 3
13302637 15
13302637 20
13302683 1
13302683 16
13302797 7824
13302799 5
13302899 4
13302923 145
13303001 19
13303049 5559
13303109 996
13303117 3
13303133 283
13303133 6291
13303153 3
13303183 200
13303237 3
13303271 5964
13303289 135
13303343 1
13303357 347
13303369 519
13303471 5
13303487 4
13303501 20
13303513 143
13303529 2095
13303579 72
13303597 8
13303649 259
13303687 8
13303699 252
13303751 4600
13303799 1
13303891 153
13303907 289
13303931 1
13303931 348
13303951 33
13303951 4821
13303973 2136
13304003 1
13304003 4993
13304063 13
13304129 40
13304141 6856
13304147 1080
13304171 33
13304231 4
13304231 201
13304383 821
13304453 15
13304483 460
13304513 1767
13304519 1
13304573 88
13304581 303
13304653 12
13304857 3
13304909 24
13304909 72
13304917 348
13304957 772
13304957 6252
13304987 13
13304989 39
13305001 20
13305013 375
13305077 3
13305079 7065
13305091 20
13305161 184
13305191 1
13305209 15
13305221 91
13305223 9696
13305239 1561
13305241 3
13305319 6005
13305389 7
13305451 8
13305469 20
13305511 1329
13305583 17
13305583 728
13305697 75
13305821 3
13305899 204
13305899 1264
13305899 3576
13305961 8
13305989 39
13305989 652
13306031 1545
13306057 5463
13306103 3937
13306151 1
13306151 88
13306283 85
13306303 6008
13306439 376
13306481 3
13306483 8
13306483 81
13306589 7
13306619 1
13306661 51
13306691 1
13306747 873
13306753 12
13306807 32
13306807 33
13306819 837
13306873 1167
13306877 24
13306963 8
13306963 1281
13306999 5
13306999 9
13306999 24
13307009 76
13307051 1
13307123 25
13307123 2053
13307131 48
13307183 97
13307237 219
13307249 15
13307299 69
13307417 199
13307557 3
13307603 132
13307641 539
13307807 37
13307807 288
13307813 48
13307843 5401
13307867 13
13307887 5
13307927 7573
13307933 267
13307939 1
13307947 209
13307951 9640
13307993 7
13308089 12
13308121 999
13308121 2051
13308131 1
13308131 4
13308257 1375
13308377 3
13308479 1
13308511 9
13308511 65
13308601 5796
13308667 2805
13308761 16
13308803 3301
13308851 345
13308853 8
13308923 1
13308929 8547
13308959 1
13308979 1820
13309061 4
13309067 4473
13309151 1
13309229 4
13309271 28
13309339 4965
13309357 183
13309421 1191
13309421 3703
13309451 36
13309511 1
13309523 48
13309547 45
13309559 4
13309567 188
13309577 363
13309771 8405
13309817 3
13309889 151
13309889 6951
13309897 3
13309897 48
13309897 83
13309949 24
13309991 4
13309991 13
13310053 176
13310131 44
13310147 12
13310147 7600
13310321 4
13310387 112
13310443 836
13310471 1
13310543 1
13310603 1
13310663 2725
13310669 40
13310719 260
13310833 12
13310833 131
13310839 1817
13310851 41
13310863 41
13310879 57
13310909 300
13310939 12
13310939 141
13310989 495
13311031 3305
13311047 28
13311113 31
13311113 75
13311161 3
13311239 12
13311239 2125
13311271 5
13311271 93
13311271 6389
13311317 88
13311509 4
13311509 7
13311509 75
13311547 1853
13311587 49
13311587 144
13311619 381
13311653 67
13311671 4
13311689 3576
13311751 21
13311773 3
13311787 8
13311817 12
13311911 49
13311929 4080
13312021 428
13312081 1475
13312093 767
13312093 915
13312129 1811
13312151 1
13312231 444
13312253 88
13312307 9
13312433 15
13312433 295
13312451 1
13312493 8215
13312517 319
13312553 268
13312727 64
13312727 285
13312727 5797
13312777 395
13312781 76
13312781 195
13312801 71
13312801 143
13312807 425
13312811 1
13312813 5507
13312889 1219
13312931 21
13313033 3
13313033 576
13313039 1
13313039 529
13313071 1248
13313107 17
13313147 7284
13313171 4
13313171 5001
13313203 53
13313453 91
13313513 12
13313557 3143
13313603 25
13313609 19
13313611 56
13313701 60
13313743 8
13313767 5
13313779 5
13313801 3
13313843 1
13313843 2496
13313893 480
13313899 5
13313917 680
13314029 15
13314121 8
13314131 1
13314239 49
13314271 8
13314293 208
13314341 295
13314373 3
13314437 3
13314443 616
13314481 1655
13314503 1
13314571 9
13314617 4
13314751 113
13314781 36
13314803 753
13314827 813
13314863 136
13314869 951
13314941 5616
13314989 4
13314997 132
13315039 8192
13315103 1440
13315103 3061
13315223 1
13315271 1
13315277 4
13315361 3
13315453 480
13315457 40
13315501 39
13315541 720
13315543 21
13315559 1
13315567 12
13315579 1184
13315613 4396
13315661 3
13315787 7825
13315889 72
13315921 3
13315921 11
13315931 24
13315933 200
13315987 4832
13316029 407
13316053 443
13316101 11
13316159 4
13316167 57
13316167 408
13316179 2109
13316323 161
13316399 1
13316419 44
13316419 9732
13316497 3
13316573 91
13316573 108
13316573 268
13316623 8
13316623 12
13316657 24
13316683 4880
13316687 49
13316731 9788
13316783 1
13316867 1128
13316893 23
13316921 4
13316993 115
13317019 24
13317041 3
13317047 4
13317047 9
13317089 7560
13317097 983
13317203 21
13317277 2499
13317371 1
13317379 5
13317407 568
13317533 5643
13317547 29
13317587 4
13317587 165
13317607 653
13317617 2092
13317617 2727
13317671 13
13317679 17
13317719 1
13317751 5
13317751 45
13317763 4572
13317859 17
13317869 1875
13317869 4947
13317923 5392
13317929 7
13317937 2168
13317977 48
13318043 1
13318073 2715
13318093 15
13318099 192
13318133 27
13318147 9
13318199 4476
13318213 188
13318213 960
13318223 561
13318231 3384
13318301 4
13318307 568
13318321 3
13318321 480
13318379 1
13318381 20
13318381 44
13318381 3803
13318441 3
13318441 6155
13318457 4
13318471 8
13318471 728
13318493 7
13318507 1205
13318589 16
13318597 20
13318603 8
13318649 4
13318763 177
13318783 8
13318913 556
13318951 2421
13318957 12
13318957 963
13318957 1448
13319017 3
13319027 4
13319063 1
13319063 52
13319101 24
13319203 41
13319261 115
13319287 197
13319287 212
13319303 1
13319311 956
13319351 9
13319363 1
13319363 16
13319363 2493
13319573 7
13319639 1
13319639 3909
13319833 5375
13319939 3852
13320169 11
13320191 436
13320191 2481
13320221 3
13320233 331
13320247 24
13320247 33
13320247 293
13320353 16
13320353 120
13320361 20
13320389 64
13320409 191
13320443 21
13320457 119
13320479 1
13320479 9
13320491 3109
13320493 315
13320551 8668
13320557 3
13320683 1
13320799 29
13320829 15
13320869 5532
13320893 27
13320971 1
13321027 4529
13321097 268
13321111 9
13321111 2660
13321127 60
13321169 7
13321169 1692
13321181 3
13321211 49
13321313 3
13321327 5
13321331 1
13321331 1096
13321397 7
13321397 304
13321481 4
13321481 124
13321493 9655
13321513 20
13321559 1
13321589 7
13321639 1220
13321663 45
13321663 200
13321667 13
13321751 1
13321751 309
13321823 1
13321877 844
13321937 12
13321967 9
13321981 23
13321993 4572
13322011 9
13322137 3
13322137 39
13322189 135
13322207 9
13322399 1
13322429 12
13322429 219
13322483 45
13322489 2187
13322609 4515
13322651 1
13322657 48
13322657 4063
13322669 100
13322671 4184
13322711 4380
13322753 175
13322843 1
13322843 13
13322843 1053
13323041 1431
13323103 21
13323103 600
13323169 287
13323181 3
13323197 7
13323197 4500
13323251 345
13323287 5157
13323341 6319
13323377 43
13323433 147
13323433 2187
13323523 5
13323577 92
13323691 756
13323703 888
13323721 3
13323901 44
13323913 51
13323913 4020
13323929 76
13324007 64
13324043 333
13324043 2061
13324049 124
13324151 4
13324193 15
13324397 567
13324469 511
13324537 1064
13324561 224
13324561 6339
13324853 3475
13324867 5
13324873 3
13324937 555
13325051 4
13325057 4
13325057 7
13325107 8
13325113 3
13325159 1317
13325171 1
13325243 1
13325329 480
13325363 1
13325363 520
13325363 1408
13325387 57
13325461 623
13325519 1
13325531 1809
13325549 159
13325561 4
13325573 375
13325699 105
13325801 3
13325813 1563
13325833 3
13325891 76
13325927 792
13325929 96
13325941 164
13325941 4268
13326067 9
13326169 755
13326191 16
13326263 1921
13326301 284
13326329 36
13326359 57
13326377 12
13326377 19
13326413 7
13326503 12
13326503 1713
13326527 2265
13326557 7080
13326611 36
13326653 43
13326679 69
13326679 225
13326713 783
13326713 3343
13326737 3
13326739 21
13326739 4140
13327081 684
13327183 221
13327361 15
13327387 1292
13327423 168
13327471 585
13327499 4
13327579 105
13327579 260
13327697 4
13327723 7725
13327777 23
13327801 3
13327801 24
13327823 1
13327889 7
13327913 15
13327927 344
13327939 165
13327939 3080
13327967 2428
13327999 3809
13328009 4
13328179 65
13328179 9909
13328279 6600
13328353 1572
13328449 12
13328591 2421
13328641 3848
13328701 11
13328723 561
13328741 3
13328797 2135
13328803 41
13328827 77
13328831 1
13328971 336
13329007 9
13329091 140
13329109 44
13329179 72
13329301 8
13329301 99
13329353 160
13329497 15
13329521 811
13329557 940
13329559 417
13329571 5
13329601 60
13329671 1
13329691 1928
13329761 240
13329803 3285
13329889 75
13329913 60
13329913 2648
13329917 3
13329917 27
13329991 621
13330117 1160
13330127 325
13330199 1
13330231 248
13330243 65
13330243 236
13330297 284
13330349 4
13330379 1
13330379 12
13330439 5920
13330451 4
13330529 52
13330553 552
13330573 11
13330679 1
13330679 112
13330727 133
13330729 15
13330729 27
13330741 24
13330763 48
13330829 15
13330853 196
13330909 32
13330943 13
13330957 23
13330969 204
13330987 32
13331011 8
13331093 3
13331117 60
13331231 6345
13331239 9897
13331411 25
13331447 4372
13331471 1
13331473 287
13331509 132
13331533 47
13331533 1328
13331557 5483
13331569 104
13331573 3
13331623 17
13331623 285
13331641 3276
13331671 45
13331797 255
13331809 747
13331819 1
13331831 1641
13331833 11
13331833 15
13331839 492
13331911 945
13331921 4
13331987 49
13332017 3
13332071 4
13332169 296
13332181 443
13332223 8
13332251 213
13332311 1
13332317 19
13332329 256
13332329 4492
13332337 2408
13332353 232
13332353 4012
13332533 15
13332551 1
13332563 1
13332589 971
13332601 3
13332637 3
13332701 4
13332773 3
13332833 16
13333039 104
13333057 68
13333081 44
13333081 491
13333171 5
13333217 3
13333259 37
13333339 5
13333361 28
13333373 7
13333403 13
13333499 100
13333501 15
13333517 15
13333543 5
13333543 45
13333553 3
13333589 75
13333679 1
13333681 15
13333739 1
13333811 9
13333829 27
13333841 55
13333849 6527
13333909 51
13334017 75
13334017 3539
13334053 1652
13334093 615
13334179 12
13334197 39
13334201 3
13334249 31
13334291 5425
13334303 373
13334423 1
13334437 1688
13334459 580
13334473 1176
13334507 4
13334513 28
13334537 3
13334597 4
13334609 1395
13334653 47
13334663 1
13334663 568
13335011 1
13335107 685
13335139 5
13335139 12
13335139 65
13335151 5
13335167 52
13335247 17
13335251 1
13335323 1
13335401 4
13335481 131
13335529 3119
13335533 16
13335533 112
13335533 1248
13335551 1
13335617 600
13335727 5
13335727 17
13335743 252
13335779 9
13335779 361
13335821 79
13335821 2848
13335841 348
13335901 3
13335919 29
13335923 1
13335997 359
13336079 12
13336307 4
13336331 133
13336333 3
13336363 20
13336451 288
13336457 4
13336459 9
13336469 1672
13336489 1235
13336567 533
13336571 244
13336649 12
13336691 780
13336709 1696
13336759 2376
13336769 4
13336811 120
13336831 128
13336871 4
13336937 4
13336963 68
13337003 1
13337011 69
13337479 9660
13337603 96
13337671 2469
13337759 37
13337803 125
13337803 353
13337887 6753
13338007 72
13338011 4
13338067 704
13338119 1
13338119 60
13338203 1
13338313 11
13338313 755
13338379 5985
13338419 4
13338601 740
13338607 492
13338613 15
13338631 53
13338719 1
13338719 4
13338737 3
13338737 15
13338851 4
13338851 33
13338911 325
13338979 2277
13338989 5827
13338991 4661
13339037 48
13339049 8404
13339099 4292
13339247 4
13339283 1
13339283 553
13339429 119
13339727 9
13339727 73
13339769 751
13339789 84
13339811 1228
13339973 291
13340021 1215
13340111 1
13340111 1824
13340209 35
13340221 219
13340279 1
13340281 648
13340357 15
13340423 1
13340423 141
13340473 27
13340513 3
13340521 3
13340521 60
13340581 3
13340599 65
13340623 8
13340659 6744
13340669 199
13340669 432
13340681 271
13340711 9
13340711 49
13340729 132
13340729 892
13340753 1528
13340791 381
13340807 9
13340861 231
13340861 528
13340863 5
13340891 624
13340911 173
13340917 8
13340947 1505
13340981 256
13340993 663
13341007 972
13341071 4
13341121 128
13341121 924
13341143 1
13341221 3
13341221 4935
13341301 5391
13341313 2276
13341323 1
13341437 627
13341437 840
13341529 1715
13341659 8605
13341701 4
13341701 15
13341791 1
13341953 60
13341953 8151
13341973 12
13342003 5
13342157 28
13342181 7275
13342187 453
13342361 31
13342361 1836
13342393 12
13342453 3
13342463 1
13342477 83
13342477 884
13342477 3927
13342487 9
13342543 1641
13342661 660
13342729 251
13342781 39
13342853 3
13342859 1
13342859 4
13342873 648
13342891 44
13342891 5321
13342937 7
13342949 1039
13343053 12
13343123 117
13343129 7
13343303 12
13343321 91
13343357 2808
13343371 44
13343483 1
13343497 1223
13343531 4
13343549 24
13343563 260
13343579 1
13343621 2023
13343647 105
13343767 12
13343777 768
13343779 9
13343789 72
13343797 200
13343849 135
13343849 2715
13343879 1021
13343977 39
13343977 60
13344041 4
13344073 8
13344113 16
13344239 192
13344451 44
13344467 25
13344467 33
13344497 1828
13344503 1
13344563 1
13344563 3381
13344637 1112
13344641 3
13344671 1
13344671 24
13344689 859
13344811 68
13344913 2672
13344953 211
13345027 7592
13345063 512
13345081 71
13345207 2357
13345301 171
13345301 196
13345337 19
13345337 39
13345379 2376
13345403 2932
13345421 31
13345427 180
13345439 1464
13345463 1
13345499 1
13345511 873
13345511 2356
13345513 248
13345621 279
13345667 3373
13345679 1
13345721 408
13345721 2340
13345723 1125
13345793 328
13345811 28
13345831 24
13345853 223
13345873 3455
13345883 1
13346057 4
13346077 12
13346107 53
13346153 388
13346161 3
13346161 276
13346209 15
13346209 204
13346219 1
13346239 3761
13346243 336
13346353 8
13346353 120
13346429 9604
13346561 4
13346579 1
13346611 60
13346681 3
13346719 396
13346737 147
13346741 528
13346761 828
13346783 1
13346783 168
13346783 3793
13346789 876
13346789 2472
13346863 1341
13346867 13
13346881 8
13346881 815
13346903 412
13347109 20
13347109 9044
13347133 408
13347161 48
13347233 16
13347233 303
13347281 3
13347311 1
13347353 15
13347379 1661
13347409 1611
13347487 1877
13347547 413
13347623 616
13347647 13
13347689 211
13347727 77
13347769 4380
13347791 9
13347883 1061
13347913 3
13347913 372
13347923 61
13347923 2532
13347967 17
13347967 2933
13348003 2537
13348007 69
13348057 284
13348099 225
13348109 3744
13348133 16
13348193 1131
13348277 3
13348333 116
13348339 756
13348367 640
13348373 207
13348399 41
13348399 3737
13348403 1
13348457 663
13348609 1112
13348637 4255
13348649 40
13348679 5689
13348943 45
13348943 6733
13348949 687
13348997 39
13348997 64
13349009 4
13349041 3
13349041 120
13349041 428
13349041 9696
13349047 164
13349111 28
13349263 17
13349327 1653
13349359 7280
13349389 44
13349513 87
13349519 16
13349621 3715
13349639 1
13349671 8
13349671 65
13349689 11
13349701 11
13349741 4056
13349767 12
13349767 420
13349771 25
13349779 260
13349779 749
13349783 37
13349783 873
13349783 5613
13349783 7488
13349807 4
13349857 783
13349893 92
13349929 12
13349929 164
13349939 1
13349971 216
13349983 441
13350041 24
13350109 32
13350109 2972
13350191 1
13350191 21
13350203 1272
13350221 3
13350241 6731
13350247 389
13350269 67
13350307 8
13350319 4860
13350349 3896
13350349 6371
13350361 1820
13350391 189
13350479 1
13350479 4
13350503 1
13350607 92
13350607 977
13350619 21
13350671 108
13350731 16
13350731 1549
13350767 28
13350791 1
13350803 1
13350803 2605
13350823 545
13350949 131
13350989 4
13351057 119
13351081 224
13351099 1016
13351181 3
13351241 2308
13351249 2732
13351259 1
13351267 3620
13351361 4
13351381 240
13351391 9201
13351399 81
13351451 321
13351451 2428
13351747 24
13351757 520
13351769 79
13351777 2640
13351823 1
13351853 15
13351903 153
13351981 2568
13352081 15
13352081 7035
13352111 109
13352137 32
13352137 147
13352159 24
13352159 57
13352197 3
13352219 1
13352219 8881
13352239 392
13352249 7
13352369 16
13352387 1072
13352393 31
13352401 6863
13352411 525
13352491 21
13352513 2112
13352519 1
13352533 8
13352587 68
13352621 435
13352663 36
13352663 312
13352711 1
13352711 505
13352959 101
13353071 564
13353101 99
13353139 9
13353247 4208
13353259 144
13353283 348
13353367 4649
13353377 3
13353391 8
13353419 69
13353539 696
13353611 1
13353679 3285
13353719 469
13353749 216
13353749 1131
13353881 1243
13353973 383
13354091 1
13354171 1001
13354171 2673
13354219 500
13354277 7
13354301 9996
13354387 5
13354477 1659
13354477 2132
13354573 15
13354667 204
13354849 231
13354907 9
13354907 720
13354919 16
13354951 8
13354969 4067
13355009 187
13355117 3
13355197 2267
13355213 235
13355231 4
13355257 12
13355257 23
13355257 903
13355263 5
13355297 159
13355297 372
13355323 32
13355611 20
13355621 91
13355669 1519
13355743 72
13355743 2433
13355759 1
13355759 21
13355807 3568
13355933 9672
13356103 5
13356121 4160
13356127 12
13356127 93
13356197 160
13356197 8220
13356251 9
13356251 229
13356281 5584
13356313 48
13356313 683
13356331 21
13356331 36
13356347 45
13356347 3508
13356433 15
13356437 867
13356457 4115
13356587 412
13356599 1
13356613 3
13356659 1
13356659 69
13356661 23
13356661 2760
13356671 3024
13356683 1
13356683 21
13356697 3
13356697 2268
13356719 36
13356719 61
13356793 3
13356793 8
13356793 20
13356817 48
13356839 12
13356869 4
13356869 912
13356881 19
13356953 1195
13357013 7
13357033 840
13357129 44
13357151 13
13357151 3633
13357151 9156
13357163 261
13357237 159
13357283 3513
13357297 8
13357303 68
13357303 285
13357369 71
13357499 12
13357511 420
13357681 156
13357693 83
13357693 2075
13357697 4
13357753 12
13357781 655
13357783 3828
13357847 769
13357853 6556
13357853 9576
13357889 27
13358003 168
13358227 2144
13358231 1
13358341 3
13358399 1
13358623 21
13358623 4008
13358711 1
13358777 4
13358867 4
13358867 6772
13358899 32
13358899 140
13358921 739
13358959 7181
13358993 4167
13359001 735
13359011 4788
13359013 3
13359091 365
13359187 9
13359211 41
13359217 3
13359439 2016
13359559 89
13359649 1532
13359673 60
13359677 39
13359683 120
13359743 1
13359751 576
13359751 1461
13359761 99
13359767 12
13359839 21
13359851 540
13359889 1167
13359893 16
13359893 40
13359917 3
13359937 12
13359937 315
13359959 1
13359979 9
13360073 12
13360093 3035
13360199 24
13360253 40
13360253 403
13360279 17
13360307 45
13360307 564
13360337 4
13360463 108
13360469 39
13360469 460
13360471 5705
13360471 6093
13360531 1484
13360577 15
13360603 21
13360649 460
13360801 860
13360849 1215
13360859 1
13360873 3296
13360901 6364
13360927 12
13360943 1
13360951 36
13360951 308
13361143 5
13361143 5892
13361213 151
13361267 1977
13361291 1
13361291 213
13361333 3
13361377 3107
13361407 20
13361429 1464
13361429 4711
13361437 8
13361479 3861
13361521 539
13361587 5
13361639 4
13361669 219
13361681 96
13361861 4
13361897 24
13361939 21
13361939 1309
13362007 8
13362077 2487
13362091 1700
13362157 3
13362179 1
13362179 172
13362191 261
13362211 129
13362247 12
13362299 64
13362319 45
13362373 171
13362373 3575
13362397 3
13362449 7
13362467 64
13362541 83
13362619 9
13362773 7740
13362821 3
13362859 5
13362983 1
13363019 1
13363157 220
13363177 8
13363183 2508
13363193 2011
13363279 17
13363297 27
13363319 1
13363373 415
13363429 119
13363433 75
13363489 1020
13363541 7008
13363589 51
13363643 1
13363657 3
13363657 63
13363657 1308
13363681 11
13363687 8
13363699 6125
13363711 200
13363799 40
13363817 3
13363849 8939
13363879 12
13363969 24
13363969 4160
13364123 133
13364177 3364
13364231 1
13364279 4
13364291 45
13364359 5
13364371 68
13364473 135
13364521 119
13364573 5331
13364693 87
13364707 128
13364773 1767
13364801 3
13364833 63
13364891 1
13364899 669
13364947 5
13365067 1049
13365089 7
13365097 4019
13365109 24
13365409 15
13365479 9
13365481 3
13365509 7
13365571 449
13365623 1
13365659 1
13365673 1308
13365761 3
13365809 52
13365811 1668
13365811 1956
13365887 468
13365973 3
13365973 467
13365983 1
13366051 9
13366079 1
13366079 1129
13366127 57
13366159 885
13366271 1
13366319 757
13366439 1
13366447 2588
13366447 9977
13366537 963
13366571 436
13366571 1908
13366597 764
13366609 35
13366693 207
13366751 9
13366817 3
13366819 56
13366831 8
13366853 1428
13366897 15
13366897 20
13366907 25
13366909 80
13366967 3333
13367059 5
13367059 237
13367149 5199
13367261 99
13367311 309
13367351 1
13367401 3
13367447 4
13367461 3
13367503 101
13367581 11
13367581 9575
13367597 7
13367719 12
13367821 236
13367891 1
13367891 1333
13367929 656
13367971 33
13367971 149
13367971 2745
13367983 5
13367993 7
13367993 2092
13368007 8
13368011 1
13368073 152
13368149 439
13368169 527
13368233 60
13368263 1
13368263 225
13368269 171
13368353 28
13368361 3
13368437 4
13368569 16
13368629 16
13368683 1
13368683 160
13368683 232
13368731 1
13368737 15
13368793 15
13368827 9
13368847 9
13368899 1077
13368923 1
13368931 773
13368937 44
13368937 315
13368991 1133
13369061 3
13369093 3
13369093 51
13369117 87
13369211 1
13369241 7911
13369289 84
13369333 32
13369487 4
13369523 1
13369571 69
13369591 648
13369591 1125
13369789 171
13369789 1175
13369879 12
13369933 4395
13369981 924
13369999 129
13370089 4140
13370111 1
13370117 3
13370263 372
13370311 5
13370351 796
13370353 35
13370369 24
13370443 312
13370443 3056
13370443 3881
13370477 1059
13370501 3
13370503 33
13370557 827
13370569 1584
13370647 53
13370761 3
13370779 3209
13370783 97
13371109 300
13371133 3
13371161 31
13371203 273
13371203 280
13371203 321
13371203 1213
13371221 336
13371223 12
13371251 1
13371263 1221
13371431 45
13371431 633
13371493 83
13371493 8907
13371551 1
13371551 4
13371569 4
13371569 7
13371587 180
13371593 43
13371599 24
13371613 32
13371653 15
13371733 1023
13371739 5501
13371751 336
13371817 1239
13371833 612
13371859 5
13371907 9
13371913 3
13371971 1
13372003 5
13372003 65
13372043 1
13372157 60
13372193 48
13372279 5
13372279 4065
13372297 8
13372309 467
13372321 15
13372321 108
13372363 920
13372543 8
13372559 1
13372571 1
13372571 784
13372607 229
13372607 1045
13372631 1
13372661 124
13372717 15
13372717 135
13372747 5
13372963 93
13373023 5
13373023 12
13373111 73
13373137 20
13373137 63
13373137 128
13373137 5135
13373167 20
13373219 40
13373231 1
13373233 3
13373291 4
13373303 1
13373351 1
13373411 1
13373411 9
13373413 68
13373461 59
13373461 443
13373567 4
13373593 3
13373719 44
13373779 24
13373887 9
13373887 153
13373887 212
13373939 1
13373963 7273
13373993 28
13373999 121
13374001 743
13374007 20
13374083 1017
13374107 12
13374139 272
13374169 11
13374169 140
13374227 528
13374253 8696
13374281 4051
13374329 4
13374331 101
13374397 1203
13374451 1301
13374589 4212
13374601 8
13374601 11
13374617 4
13374643 3156
13374643 3917
13374643 6096
13374659 21
13374659 9340
13374667 29
13374721 191
13374821 2568
13374883 33
13374913 3
13374913 47
13374913 828
13374923 1
13374923 3033
13374973 671
13375001 1860
13375057 48
13375081 8175
13375091 1
13375139 25
13375147 644
13375211 13
13375211 45
13375249 56
13375249 1455
13375267 468
13375303 5
13375333 2915
13375337 7
13375361 63
13375363 273
13375403 1
13375403 325
13375441 3
13375469 4
13375469 16
13375469 235
13375559 1
13375561 2883
13375613 1108
13375631 4
13375711 3228
13375783 12
13375861 3
13375919 121
13376189 12
13376257 8
13376257 135
13376257 1023
13376257 2295
13376257 3708
13376261 4
13376309 636
13376357 27
13376381 780
13376417 4
13376431 5
13376521 143
13376527 9
13376527 20
13376527 24
13376641 236
13376687 4
13376929 15
13376941 840
13376953 695
13376971 41
13376981 615
13376989 11
13377097 7679
13377103 221
13377131 4
13377157 3
13377157 219
13377179 504
13377211 1485
13377233 168
13377251 1
13377347 112
13377431 1
13377431 4
13377473 16
13377491 9
13377491 184
13377503 1
13377503 300
13377583 720
13377701 4
13377701 15
13377701 328
13377733 3
13377733 116
13377811 5
13377839 1
13377863 1
13377887 45
13377941 31
13377953 7
13378003 2580
13378219 384
13378237 899
13378241 3163
13378271 73
13378279 1316
13378297 15
13378327 12
13378381 8
13378501 3
13378511 1
13378511 148
13378553 468
13378613 7
13378697 3820
13378873 12
13378927 188
13378991 88
13378993 5276
13379057 3
13379147 717
13379291 13
13379381 4764
13379467 189
13379473 8
13379563 12
13379627 192
13379627 1005
13379633 3151
13379651 1
13379669 111
13379711 1
13379771 108
13379809 195
13379851 56
13379881 2028
13379963 1
13380023 1
13380023 421
13380067 77
13380239 1
13380239 364
13380239 8449
13380307 12
13380317 700
13380317 4864
13380361 504
13380361 1055
13380371 813
13380371 2604
13380403 8
13380413 3
13380487 5
13380487 9
13380529 44
13380529 284
13380529 312
13380599 1
13380743 412
13380749 4800
13380797 264
13380799 9356
13380839 4
13380839 12
13380841 59
13381001 31
13381033 8
13381037 15
13381079 4
13381103 33
13381189 980
13381393 828
13381507 233
13381597 68
13381747 8
13381751 145
13381783 48
13381817 84
13381859 1
13381859 144
13381903 2552
13381939 5
13381993 15
13382003 1
13382003 12
13382003 9936
13382167 2505
13382261 2620
13382269 35
13382279 6432
13382377 228
13382377 488
13382401 3
13382401 56
13382423 648
13382461 23
13382461 135
13382507 84
13382569 15
13382591 1204
13382651 493
13382741 19
13382807 37
13382857 8
13382857 27
13382881 8
13382881 63
13382947 1488
13382951 1
13382983 4793
13383037 3
13383077 1075
13383157 32
13383173 12
13383193 108
13383241 3096
13383257 12
13383257 5892
13383371 1
13383431 1
13383479 12
13383481 176
13383499 1592
13383523 500
13383551 1480
13383563 1
13383563 1653
13383637 63
13383647 4
13383653 7248
13383803 36
13383901 7191
13384013 28
13384027 17
13384067 165
13384069 8639
13384271 2589
13384291 176
13384307 4105
13384313 3
13384339 105
13384369 11
13384387 9
13384391 16
13384439 1
13384447 80
13384741 3
13384793 2683
13384807 20
13384841 15
13384913 7
13384993 3
13385041 288
13385041 2219
13385107 9
13385107 729
13385107 1097
13385123 973
13385123 996
13385167 845
13385167 6605
13385191 9
13385191 636
13385219 1
13385237 4660
13385243 100
13385249 27
13385299 44
13385299 4781
13385299 9056
13385363 376
13385369 12
13385423 1
13385677 3
13385731 8
13385759 8352
13385767 12
13385887 105
13386091 248
13386143 1
13386143 37
13386179 7864
13386257 4
13386271 4181
13386281 688
13386397 24
13386409 15
13386509 51
13386539 4
13386547 8
13386547 1472
13386557 4
13386767 1705
13386799 36
13386809 8547
13386839 3145
13386907 20
13386937 8
13387063 12
13387063 557
13387079 1
13387139 196
13387141 39
13387249 144
13387249 407
13387331 5013
13387391 196
13387399 17
13387411 149
13387421 3
13387553 3
13387643 8188
13387669 7176
13387711 740
13387813 1952
13387841 823
13387859 1
13387859 2020
13387961 1464
13387967 12
13387967 33
13387967 1960
13387987 8
13388009 15
13388057 568
13388189 19
13388267 108
13388329 7227
13388443 12
13388471 33
13388491 68
13388513 3
13388549 3555
13388569 12
13388569 1620
13388581 20
13388681 96
13388747 49
13388761 68
13388761 5079
13388773 1143
13388777 1159
13388839 29
13389011 1
13389041 348
13389041 931
13389107 24
13389121 1263
13389137 12
13389203 2388
13389223 3336
13389269 12
13389373 3
13389373 623
13389403 5
13389403 21
13389413 7
13389419 12
13389437 3
13389437 4
13389461 4
13389533 3
13389577 3080
13389757 363
13389823 5
13389833 15
13389847 1100
13389919 12
13389919 21
13390037 2200
13390219 17
13390249 227
13390261 24
13390519 3524
13390591 36
13390631 1
13390691 1
13390733 111
13390921 8
13390987 9
13391057 63
13391093 43
13391093 252
13391117 3
13391117 28
13391123 1
13391123 921
13391149 20
13391153 12
13391179 12
13391237 12
13391293 3
13391293 56
13391293 1116
13391309 435
13391311 45
13391327 4044
13391387 409
13391401 8
13391431 29
13391431 645
13391437 3
13391449 35
13391621 171
13391639 525
13391683 5
13391689 87
13391753 3
13391797 2352
13391831 7713
13391857 3
13391927 12
13391977 399
13391981 43
13392047 133
13392059 1
13392059 1245
13392143 1
13392191 1
13392437 864
13392443 1
13392551 1
13392551 25
13392619 9
13392629 40
13392677 3
13392761 16
13392763 5
13392811 188
13392817 24
13392901 15
13392971 760
13392989 604
13392997 408
13393013 883
13393057 12
13393087 9
13393117 783
13393181 19
13393187 48
13393277 255
13393277 2200
13393283 1
13393283 2605
13393313 76
13393351 365
13393357 8
13393363 21
13393417 2004
13393453 156
13393459 585
13393517 6232
13393559 49
13393607 4
13393631 1
13393657 12
13393747 1272
13393867 32
13393867 113
13393973 7
13393973 12
13394023 125
13394041 116
13394041 5343
13394047 7592
13394063 1
13394063 21
13394063 628
13394159 1
13394261 640
13394273 7
13394287 9
13394321 3
13394369 16
13394503 108
13394609 435
13394609 1659
13394617 812
13394651 1
13394651 400
13394651 2433
13394737 183
13394737 824
13394813 4935
13394837 135
13394869 539
13394873 15
13394917 8
13394921 120
13394933 168
13394939 1
13395001 80
13395001 8816
13395023 1161
13395029 376
13395037 327
13395077 67
13395103 188
13395197 12
13395197 9220
13395203 4848
13395307 9
13395373 27
13395373 4700
13395451 1025
13395509 96
13395553 132
13395583 12
13395583 33
13395617 72
13395623 801
13395659 1
13395673 3
13395691 29
13395743 177
13395763 56
13395787 24
13395841 704
13395923 81
13395989 4
13396003 8
13396069 156
13396169 8875
13396171 441
13396211 9
13396301 48
13396307 4744
13396367 1632
13396477 72
13396499 1557
13396517 39
13396519 5
13396519 60
13396589 111
13396609 11
13396631 205
13396679 1
13396679 36
13396723 7340
13396727 7264
13396769 12
13396841 16
13396847 168
13396913 3435
13396979 1
13397011 248
13397011 704
13397051 273
13397051 5241
13397143 56
13397231 96
13397269 992
13397291 4
13397341 15
13397359 12
13397359 144
13397473 1851
13397497 168
13397537 3
13397537 15
13397539 9
13397647 6284
13397653 1620
13397701 11
13397701 219
13397701 3524
13397803 1977
13397807 3120
13397837 6192
13397851 41
13397893 12
13397977 3
13398001 20
13398013 12
13398089 4
13398131 4
13398233 55
13398263 1
13398263 1632
13398271 189
13398283 4836
13398299 1
13398299 81
13398323 1
13398323 2052
13398383 97
13398391 5
13398449 4
13398491 1785
13398503 1
13398547 165
13398547 1745
13398563 1960
13398587 40
13398611 1596
13398653 60
13398653 1711
13398659 4
13398661 2840
13398793 2235
13398797 6303
13398817 39
13398871 156
13398893 51
13398893 147
13398893 163
13398977 4155
13398977 5779
13398991 156
13399063 5
13399117 2735
13399153 20
13399171 8
13399231 56
13399343 1
13399361 163
13399361 9831
13399453 2427
13399453 4292
13399487 144
13399499 1
13399517 232
13399601 264
13399627 9
13399649 51
13399679 349
13399853 3
13399889 180
13399979 1
13400087 28
13400087 37
13400089 12
13400089 164
13400161 8
13400173 11
13400251 44
13400251 765
13400279 2265
13400341 11
13400447 508
13400459 1
13400483 1
13400501 3
13400503 5
13400509 480
13400591 40
13400591 1009
13400707 165
13400801 4
13400867 4
13400903 1
13400921 4
13400923 92
13400923 1596
13400951 1
13400963 1857
13401071 13
13401131 1
13401211 785
13401217 3692
13401247 117
13401299 1
13401317 1575
13401329 4
13401343 8
13401343 317
13401359 1
13401379 9216
13401467 168
13401469 24
13401473 7951
13401539 1
13401611 1860
13401611 4920
13401737 3
13401737 43
13401757 3
13401833 112
13401863 1
13401919 4929
13401931 5
13401931 6696
13401937 3
13402063 321
13402133 67
13402159 32
13402229 5724
13402247 364
13402303 5
13402309 1892
13402469 1080
13402471 24
13402513 3
13402517 3
13402561 3
13402561 1163
13402607 97
13402637 1263
13402651 2853
13402861 80
13402867 8
13402871 1
13402871 9
13402957 147
13402979 1
13402993 20
13402993 4367
13403177 88
13403197 47
13403279 321
13403323 240
13403461 15
13403471 24
13403477 7
13403491 1140
13403491 1509
13403519 21
13403519 249
13403617 20
13403623 32
13403623 77
13403737 107
13403743 12
13403743 360
13403849 4
13403869 1491
13404011 33
13404029 339
13404137 7
13404277 92
13404299 820
13404383 1
13404403 12
13404427 1565
13404509 6975
13404563 120
13404649 351
13404659 5040
13404947 108
13405057 2447
13405069 1716
13405079 1492
13405087 1280
13405103 2692
13405123 5
13405151 4
13405151 3801
13405187 4365
13405219 36
13405229 12
13405253 27
13405291 8
13405349 5080
13405351 5
13405363 33
13405363 1065
13405397 4
13405429 275
13405459 221
13405519 140
13405631 1
13405631 180
13405631 496
13405807 1409
13405813 3395
13405853 1452
13405957 24
13405957 108
13405961 3
13406009 7
13406053 3
13406069 3471
13406087 540
13406087 6805
13406179 41
13406179 737
13406189 1500
13406213 28
13406279 4
13406287 5
13406299 5
13406311 1845
13406317 20
13406339 825
13406363 12
13406363 6121
13406417 3
13406417 4
13406461 48
13406483 1
13406581 59
13406599 440
13406651 225
13406711 1888
13406759 1
13406777 7
13406777 1968
13406917 3
13406929 359
13406963 213
13406977 3012
13407083 1
13407133 15
13407167 40
13407181 3
13407281 3
13407313 3
13407341 3
13407343 168
13407397 24
13407397 4160
13407403 41
13407409 20
13407461 51
13407479 1
13407491 16
13407539 112
13407539 232
13407601 219
13407659 1
13407683 1
13407703 77
13407731 489
13407791 1
13407811 9
13407833 496
13407847 9528
13407871 188
13407971 4
13407971 13
13407991 609
13407991 3549
13408033 83
13408093 3
13408093 48
13408183 8
13408183 21
13408183 56
13408193 12
13408193 1807
13408211 1
13408249 104
13408273 3
13408313 55
13408331 1
13408463 1
13408463 12
13408481 3268
13408519 36
13408537 3
13408679 1
13408721 1780
13408799 1
13408897 3
13408897 15
13408961 99
13409087 9
13409089 567
13409101 111
13409153 1863
13409177 12
13409251 576
13409369 4
13409491 3068
13409531 1
13409533 735
13409653 2016
13409681 439
13409681 4800
13409741 3
13409761 1751
13409789 7
13409789 16
13409807 12
13409819 184
13409917 35
13409939 1
13409951 7329
13410083 285
13410119 60
13410119 304
13410167 4
13410193 176
13410323 12
13410337 84
13410377 2619
13410389 19
13410437 52
13410491 396
13410583 225
13410589 47
13410659 1749
13410697 35
13410737 7
13410779 564
13410821 5208
13410829 27
13410851 393
13410857 4
13410869 4
13410893 1296
13410913 63
13410931 204
13410959 1
13411039 141
13411039 461
13411081 11
13411081 35
13411081 60
13411109 19
13411157 12
13411157 19
13411219 9
13411243 41
13411259 1
13411297 92
13411339 9
13411393 15
13411523 397
13411537 3
13411537 15
13411547 28
13411609 960
13411609 8664
13411781 4
13411807 68
13411817 7
13411823 1
13411901 3
13411901 175
13411903 8
13411969 156
13411999 5
13412017 3
13412017 920
13412041 360
13412159 1
13412251 7785
13412501 24
13412549 147
13412683 845
13412783 37
13412807 57
13412821 3
13412909 36
13412909 1779
13412929 119
13413143 1
13413157 24
13413313 2468
13413371 1
13413403 5
13413409 32
13413443 1588
13413479 1
13413479 16
13413539 141
13413539 549
13413553 107
13413559 117
13413559 2061
13413593 3
13413637 23
13413637 3104
13413671 24
13413733 11
13413767 13
13413767 832
13413769 180
13413797 7
13413821 6768
13413857 232
13413857 675
13413859 3116
13413977 4
13414021 15
13414069 56
13414069 3351
13414073 12
13414123 312
13414183 5612
13414249 15
13414259 1
13414369 224
13414397 163
13414603 65
13414663 53
13414799 61
13414799 1932
13414861 251
13414963 585
13414981 188
13415047 45
13415107 8745
13415117 3
13415117 24
13415119 584
13415231 561
13415327 4
13415327 9
13415359 9452
13415399 1
13415399 40
13415399 45
13415411 1
13415411 493
13415411 981
13415447 24
13415461 476
13415483 1
13415483 472
13415537 6820
13415551 20
13415617 99
13415749 684
13415851 7265
13415861 2040
13415887 48
13415891 16
13415891 9141
13415921 4
13415921 16
13415929 80
13415929 1379
13415939 1
13415993 3
13416019 9
13416023 21
13416023 357
13416079 20
13416083 388
13416097 3
13416131 1
13416209 16
13416217 12
13416283 80
13416329 6271
13416457 140
13416493 15
13416509 4
13416509 9576
13416511 1949
13416517 6792
13416563 1
13416631 8
13416737 9679
13416971 48
13417009 740
13417031 1
13417039 5
13417039 197
13417087 48
13417093 3
13417121 135
13417237 1692
13417307 3604
13417351 5
13417387 1193
13417399 489
13417433 12
13417457 259
13417493 3
13417493 112
13417511 1
13417543 6116
13417627 128
13417627 272
13417631 9
13417741 9356
13417757 7
13417769 211
13417769 1639
13417801 524
13417903 5852
13417927 1785
13417991 1
13417991 69
13418017 39
13418089 1779
13418101 435
13418137 8
13418147 9
13418159 484
13418173 27
13418341 23
13418347 8
13418393 52
13418477 3
13418513 7
13418551 5
13418569 7551
13418653 147
13418749 11
13418749 231
13418803 21
13418813 547
13418819 12
13418903 1
13418941 1020
13418953 11
13418953 23
13418983 5
13419041 175
13419047 24
13419067 12
13419113 343
13419221 703
13419269 2967
13419361 416
13419361 548
13419391 4041
13419433 3
13419433 2016
13419467 112
13419701 51
13419713 2931
13419797 880
13419821 3228
13419829 59
13419841 224
13419877 8
13419881 55
13419949 3455
13420003 4572
13420031 4
13420037 124
13420067 5344
13420093 132
13420139 1
13420153 395
13420193 40
13420229 4
13420321 3
13420331 1
13420331 25
13420469 1287
13420481 171
13420499 1
13420499 4116
13420541 15
13420573 4128
13420597 827
13420619 1
13420643 21
13420643 741
13420691 1
13420943 1912
13421129 7312
13421267 12
13421323 77
13421363 96
13421399 1
13421453 4503
13421533 3
13421537 3
13421579 165
13421671 53
13421689 315
13421717 7
13421819 8296
13421833 47
13421833 8996
13421839 2825
13421887 5192
13421951 633
13422007 3060
13422049 36
13422049 6632
13422067 8673
13422109 6875
13422131 1
13422169 2052
13422263 1
13422289 699
13422313 36
13422397 5124
13422439 56
13422491 640
13422491 9573
13422599 16
13422613 36
13422613 95
13422667 5
13422701 4
13422733 3
13422767 28
13422781 7859
13422791 1
13422817 32
13422859 192
13422859 557
13423019 4
13423057 144
13423211 25
13423211 1885
13423321 8
13423337 7
13423337 7824
13423339 1400
13423391 1
13423391 4
13423391 429
13423409 27
13423409 51
13423411 56
13423499 1
13423541 768
13423541 4668
13423679 4072
13423763 388
13423831 149
13423847 457
13423877 1932
13423957 15
13423957 20
13423979 1
13423987 6188
13424039 1
13424063 1816
13424077 3
13424123 1
13424141 2959
13424149 72
13424161 2424
13424273 556
13424291 1
13424293 32
13424311 428
13424347 828
13424371 21
13424413 9836
13424429 4
13424443 1437
13424561 2595
13424591 1
13424623 1277
13424699 1
13424699 4185
13424731 45
13424771 16
13424771 9436
13424797 8
13424837 27
13424863 32
13424881 903
13424921 100
13424921 463
13424923 12
13424947 65
13424981 4
13425103 8792
13425157 8
13425187 2753
13425281 79
13425301 8
13425341 1360
13425437 3
13425569 12
13425613 3
13425613 8
13425683 1
13425707 312
13425749 1992
13425809 915
13425833 28
13425959 1
13425959 4
13425959 505
13425967 3140
13426057 9279
13426117 455
13426121 28
13426187 312
13426199 156
13426207 5
13426219 9
13426247 273
13426261 3
13426289 7
13426373 3
13426403 1
13426429 4224
13426477 3087
13426529 24
13426531 44
13426541 639
13426601 24
13426613 3
13426667 4920
13426709 447
13426757 2443
13426843 573
13426921 711
13426921 1100
13426921 8396
13427003 825
13427017 44
13427039 4
13427039 2029
13427119 5
13427119 80
13427207 289
13427221 20
13427221 6291
13427251 5429
13427273 12
13427461 3
13427483 8725
13427543 1336
13427573 3172
13427629 1020
13427641 735
13427641 2655
13427663 1
13427663 357
13427719 7100
13427789 267
13427809 3684
13427861 16
13427861 24
13427863 8
13427971 284
13427983 45
13427983 5540
13428119 1
13428127 8
13428127 4308
13428157 8
13428157 35
13428157 6344
13428263 1
13428271 389
13428379 21
13428403 8708
13428529 80
13428559 12
13428563 160
13428641 28
13428647 9
13428731 1
13428893 223
13428907 204
13428913 11
13428913 4671
13428937 404
13428977 2704
13429063 5
13429103 1
13429109 75
13429223 165
13429301 28
13429307 2100
13429327 1217
13429379 145
13429387 5
13429433 4603
13429489 75
13429499 1
13429499 129
13429543 56
13429571 4
13429613 196
13429621 39
13429621 6839
13429651 9
13429651 80
13429709 6007
13429771 5808
13429799 8637
13429807 320
13429963 12
13430069 207
13430177 700
13430243 1
13430279 4
13430293 3
13430299 5237
13430369 39
13430383 12
13430399 1176
13430399 2692
13430419 3872
13430423 3313
13430429 979
13430447 4
13430477 15
13430503 53
13430539 161
13430633 16
13430699 1645
13430771 1
13430803 4088
13430831 4
13430927 780
13431137 3
13431169 539
13431181 684
13431251 736
13431359 16
13431359 201
13431503 1
13431577 59
13431661 8
13431721 3203
13431787 92
13431871 249
13431919 17
13431919 476
13431919 4880
13431923 1
13432009 11
13432009 2831
13432019 136
13432033 1328
13432087 5
13432087 6017
13432121 3
13432129 176
13432151 1
13432151 7621
13432169 7911
13432319 1
13432327 8
13432399 5196
13432403 288
13432477 15
13432493 3
13432537 467
13432571 1
13432577 84
13432613 792
13432711 2180
13432723 68
13432747 233
13432781 363
13432927 57
13432963 8
13432963 17
13433059 5
13433093 916
13433107 2933
13433107 9032
13433159 1
13433291 1
13433333 31
13433341 4235
13433401 275
13433471 21
13433491 7256
13433507 13
13433543 7348
13433549 5091
13433593 11
13433597 3
13433599 8856
13433617 788
13433663 312
13433663 316
13433729 604
13433803 8
13433807 3292
13433837 7
13433851 801
13433879 1
13433879 9
13433879 481
13433899 737
13433899 2949
13433911 996
13433921 3
13433977 3
13434053 436
13434059 1
13434073 3
13434077 120
13434077 232
13434079 420
13434089 4
13434119 2704
13434137 4
13434149 291
13434193 35
13434331 5
13434389 300
13434401 1255
13434427 9
13434481 2571
13434557 24
13434571 20
13434583 77
13434587 504
13434611 1
13434671 4
13434739 5
13434851 7629
13434853 95
13434979 3552
13435001 84
13435061 1024
13435061 4791
13435073 7
13435111 8
13435111 1604
13435159 5357
13435211 13
13435211 96
13435211 625
13435267 29
13435271 5133
13435273 788
13435327 497
13435349 207
13435379 1
13435481 8256
13435501 3083
13435691 4
13435757 3
13435783 485
13435859 25
13435861 183
13435913 252
13435951 101
13435997 4
13436009 7
13436009 1267
13436089 15
13436107 1268
13436153 852
13436183 1
13436197 140
13436263 305
13436263 1197
13436303 1
13436377 104
13436413 3
13436431 1196
13436441 16
13436447 24
13436459 1
13436551 5121
13436551 6269
13436581 6303
13436603 1
13436651 1
13436651 4
13436663 52
13436663 2041
13436693 3
13436693 7
13436711 1
13436711 1764
13436711 2433
13436741 243
13436791 893
13436833 3
13436833 915
13436879 9
13436879 196
13436893 36
13436959 45
13436959 144
13437007 9
13437049 227
13437187 53
13437209 192
13437317 4
13437317 15
13437331 113
13437373 56
13437373 4616
13437397 152
13437421 1479
13437481 20
13437481 200
13437499 5
13437509 36
13437511 2333
13437511 9480
13437533 3
13437559 65
13437563 12
13437563 100
13437647 244
13437713 3
13437713 100
13437799 12
13437811 21
13437841 8
13437869 4
13437869 87
13437889 27
13437917 112
13437929 4
13437937 6428
13437971 1
13438063 53
13438069 1796
13438091 160
13438157 55
13438171 228
13438181 5376
13438259 1
13438261 51
13438291 33
13438291 104
13438343 2521
13438553 3
13438553 16
13438573 1955
13438577 547
13438583 1
13438589 16
13438609 32
13438609 512
13438637 6999
13438673 6120
13438697 3
13438697 8892
13438709 12
13438723 288
13438811 6049
13438933 11
13438967 25
13438979 4429
13439113 387
13439113 2300
13439113 2723
13439117 43
13439189 6712
13439201 324
13439219 16
13439311 9
13439351 1
13439351 4
13439411 1
13439417 12
13439467 8
13439467 5220
13439497 99
13439497 744
13439663 1
13439743 188
13439753 7
13439773 3
13439773 4823
13439831 468
13439891 100
13439893 1020
13439893 7428
13440041 51
13440041 591
13440043 5325
13440071 1
13440121 923
13440181 24
13440379 5
13440389 420
13440409 44
13440409 272
13440409 404
13440419 52
13440419 4336
13440529 44
13440547 44
13440551 1
13440551 4
13440587 348
13440593 4123
13440599 16
13440683 1
13440839 136
13440857 4
13440857 6387
13440881 48
13440893 3
13440929 1524
13441009 131
13441031 16
13441049 327
13441079 4
13441091 8368
13441093 312
13441157 219
13441213 3
13441313 60
13441367 748
13441369 24
13441391 165
13441391 201
13441511 1
13441523 1
13441523 52
13441609 75
13441621 3
13441621 143
13441627 20
13441643 1
13441733 3
13441783 6812
13441789 4460
13441943 1
13441957 12
13441963 1341
13442083 5
13442119 17
13442119 3245
13442201 4
13442237 4
13442239 129
13442243 37
13442323 12
13442339 12
13442347 2153
13442371 8
13442371 7080
13442417 115
13442449 1596
13442453 1575
13442483 136
13442537 7
13442621 3
13442641 3368
13442701 635
13442707 57
13442791 48
13442831 4
13442909 1335
13442977 8
13442977 15
13442977 39
13442993 2392
13443011 1
13443011 85
13443071 1
13443097 215
13443137 7
13443187 608
13443217 1100
13443239 1
13443239 2709
13443263 1
13443359 1
13443359 301
13443383 28
13443467 165
13443487 20
13443527 7069
13443629 535
13443701 3
13443701 4
13443803 1
13443803 36
13443809 4452
13443847 9
13443929 2799
13443959 1
13444007 13
13444043 360
13444087 549
13444549 15
13444553 231
13444591 36
13444643 1
13444643 57
13444721 135
13444757 3
13444763 2665
13444859 1
13444859 16
13444919 5344
13444927 24
13444967 9
13444967 5908
13444999 12
13445017 3
13445017 5675
13445021 15
13445039 1
13445099 25
13445101 11
13445167 128
13445203 1512
13445207 45
13445231 1
13445233 3
13445251 48
13445251 96
13445251 8808
13445279 1
13445309 52
13445321 1240
13445519 865
13445557 288
13445557 5904
13445557 5927
13445573 1423
13445587 8
13445717 27
13445737 8
13445737 84
13445843 1
13445843 13
13445851 801
13445933 3
13445933 108
13446107 12
13446119 316
13446239 1
13446239 3976
13446241 276
13446299 9
13446373 8967
13446449 136
13446523 680
13446533 52
13446533 1212
13446611 28
13446613 3
13446739 3000
13446767 12
13446781 143
13446931 1244
13446989 1092
13447037 3
13447121 223
13447121 3811
13447151 124
13447171 105
13447183 12
13447219 6036
13447321 1895
13447363 132
13447409 7
13447487 100
13447501 108
13447507 5
13447507 345
13447517 3
13447547 85
13447589 1876
13447669 2640
13447703 13
13447703 352
13447739 1060
13447739 5776
13447747 137
13447751 1
13447787 9
13447843 21
13447843 2376
13447891 9
13447919 1
13447921 308
13447943 45
13447961 48
13448011 5
13448011 6824
13448021 124
13448021 295
13448021 9439
13448023 72
13448023 852
13448027 748
13448059 1256
13448059 6036
13448107 5
13448159 177
13448191 3464
13448233 12
13448269 92
13448297 3
13448299 4292
13448339 1
13448359 545
13448387 37
13448417 27
13448417 63
13448419 29
13448473 1707
13448497 87
13448497 6432
13448569 11
13448569 240
13448579 1
13448579 9
13448651 1
13448653 12
13448693 112
13448707 9
13448783 1
13448839 620
13448969 4
13448969 16
13448969 24
13449001 8
13449119 1
13449199 9
13449199 305
13449253 528
13449263 1
13449269 4
13449277 6972
13449323 1020
13449349 15
13449361 2856
13449409 116
13449433 36
13449467 24
13449551 324
13449563 1
13449571 608
13449589 27
13449589 119
13449767 4
13449899 1
13449911 148
13449949 2907
13449973 423
13450061 4
13450079 96
13450109 16
13450133 120
13450219 5
13450369 15
13450397 9559
13450517 355
13450531 321
13450571 4
13450639 800
13450781 1399
13450903 581
13450903 3336
13450909 51
13450919 1
13450937 220
13450999 329
13451111 1
13451143 17
13451143 93
13451143 2960
13451167 2669
13451197 212
13451197 2268
13451201 615
13451203 12
13451209 24
13451209 1992
13451219 1
13451257 63
13451279 4
13451279 7392
13451309 67
13451419 105
13451467 5
13451479 17
13451497 23
13451513 12
13451617 12
13451629 680
13451653 27
13451797 2727
13451807 33
13451899 12
13451959 9
13451993 295
13452037 4928
13452091 1400
13452113 8956
13452121 8
13452161 168
13452319 5540
13452343 1488
13452353 40
13452479 1
13452533 3
13452533 7
13452601 71
13452811 8276
13452821 3
13452841 68
13452883 56
13452911 13
13452913 12
13452919 9
13452919 32
13452947 348
13452947 540
13453049 4
13453049 96
13453093 3
13453133 12
13453157 7
13453177 3
13453201 675
13453213 3
13453259 4092
13453259 4132
13453283 1
13453283 648
13453313 3
13453337 9864
13453339 9017
13453373 27
13453381 743
13453481 439
13453493 255
13453499 457
13453499 2461
13453637 27
13453747 129
13453787 1072
13453807 60
13453807 773
13453823 21
13453823 640
13453931 13
13453931 4261
13453981 104
13453991 624
13454017 75
13454053 903
13454053 1703
13454081 28
13454087 444
13454101 3
13454113 735
13454137 155
13454153 4200
13454201 36
13454239 5
13454239 12
13454239 3389
13454257 15
13454297 79
13454303 132
13454351 1
13454351 33
13454377 2192
13454387 4
13454449 272
13454459 705
13454671 4025
13454681 244
13454711 1
13454723 1
13454723 28
13454723 2388
13454731 24
13454731 569
13454767 9
13454809 416
13454921 9156
13454981 4
13455017 139
13455037 3875
13455049 192
13455067 228
13455067 3729
13455187 93
13455191 1
13455263 1116
13455331 44
13455413 2395
13455443 1
13455473 7
13455479 1
13455479 177
13455511 1140
13455641 3
13455641 2520
13455661 123
13455661 396
13455733 3
13455881 3
13456259 1
13456327 137
13456327 345
13456349 3447
13456363 8
13456477 48
13456501 8
13456529 3219
13456561 3
13456577 1327
13456607 12
13456613 132
13456631 36
13456643 1
13456643 8761
13456799 1
13456871 25
13456901 4
13456903 2261
13456931 1
13456987 8613
13457009 255
13457029 80
13457029 147
13457077 3
13457137 72
13457137 3863
13457173 8
13457201 4
13457219 69
13457239 24
13457243 1
13457333 5263
13457351 1
13457351 4
13457357 63
13457383 41
13457417 184
13457429 451
13457449 272
13457579 4
13457593 3
13457749 11
13457767 8
13457767 77
13457831 1
13457891 1
13457891 376
13457923 180
13457993 3
13458007 108
13458031 24
13458031 69
13458041 459
13458079 17
13458229 140
13458283 5
13458293 15
13458293 6591
13458307 792
13458311 33
13458323 45
13458337 4475
13458377 64
13458377 8340
13458439 32
13458443 1573
13458461 651
13458521 3
13458563 120
13458587 4
13458827 4
13458839 1
13458923 253
13458997 152
13459007 4
13459081 68
13459207 3048
13459253 7
13459279 9812
13459331 9
13459349 364
13459499 4
13459553 183
13459639 17
13459709 1752
13459739 1
13459753 75
13459837 27
13459837 1508
13459981 296
13460003 1
13460003 477
13460009 5647
13460017 3
13460023 77
13460023 557
13460087 4
13460087 12
13460123 13
13460149 144
13460159 481
13460197 15
13460197 1763
13460203 77
13460411 1
13460441 1360
13460609 2440
13460663 1
13460663 13
13460663 52
13460717 3759
13460729 1479
13460779 1661
13460861 583
13460897 7608
13460929 12
13460969 136
13460971 5
13461131 40
13461131 3136
13461143 88
13461199 261
13461221 3
13461271 53
13461277 620
13461341 4
13461353 3
13461353 2496
13461361 3
13461397 3
13461397 8
13461491 1
13461631 776
13461659 1
13461677 28
13461683 1
13461683 8592
13461689 4
13461727 9
13461737 127
13461737 459
13461809 79
13461809 144
13461863 1
13461869 4
13461869 12
13461983 48
13462121 2011
13462171 668
13462187 25
13462187 8149
13462247 3864
13462303 8
13462313 43
13462313 952
13462369 240
13462369 327
13462387 53
13462457 12
13462457 15
13462693 20
13462721 555
13462723 68
13462777 3740
13462831 9584
13462919 1
13462927 333
13463059 36
13463063 12
13463081 16
13463117 3
13463273 115
13463321 3
13463357 39
13463363 1
13463363 25
13463363 2793
13463467 308
13463477 9960
13463509 251
13463683 188
13463683 1353
13463689 1239
13463701 15
13463731 5
13463797 23
13463803 420
13463897 12
13463911 36
13463987 4
13463999 109
13464053 1743
13464053 1951
13464127 1128
13464197 43
13464197 1935
13464239 2656
13464271 125
13464299 1
13464299 4
13464379 701
13464431 13
13464533 3
13464643 33
13464691 1056
13464727 9
13464827 4
13464877 44
13464883 36
13464883 7857
13464973 128
13465121 495
13465141 2388
13465163 1
13465163 8677
13465301 39
13465301 5896
13465307 189
13465351 24
13465369 687
13465369 3135
13465399 9
13465451 1
13465477 3
13465519 44
13465523 1141
13465531 1749
13465553 6592
13465561 84
13465609 4352
13465643 88
13465693 3
13465757 3
13465877 2992
13465961 4
13465973 52
13465979 1
13466053 23
13466071 3476
13466087 1309
13466099 576
13466143 1713
13466143 4668
13466203 140
13466203 4136
13466209 504
13466251 1061
13466279 12
13466279 61
13466303 208
13466371 3069
13466429 3291
13466489 235
13466507 1200
13466521 3
13466539 2117
13466647 8
13466773 3
13466807 57
13466923 48
13466923 8205
13466951 1
13466951 48
13466987 9
13467019 2457
13467023 528
13467071 1
13467073 192
13467101 304
13467109 80
13467131 1
13467131 7425
13467133 5168
13467137 664
13467151 8
13467151 1869
13467301 8
13467301 5196
13467323 13
13467439 449
13467479 4
13467479 16
13467499 152
13467529 404
13467563 1
13467613 3
13467613 455
13467677 195
13467691 500
13467739 5
13467767 117
13467899 4
13468019 864
13468031 93
13468079 1
13468337 12
13468349 2047
13468393 35
13468439 364
13468453 851
13468489 36
13468537 1235
13468577 1264
13468597 792
13468627 53
13468661 3
13468667 4
13468757 7
13468757 55
13468759 437
13468759 1232
13468801 3
13468843 12
13468859 4
13468937 100
13469143 5645
13469167 8
13469177 4
13469231 1
13469231 145
13469293 12
13469297 3
13469399 117
13469399 2341
13469809 24
13469849 4
13469971 296
13469999 1
13470077 4
13470101 19
13470101 28
13470143 13
13470167 1233
13470187 5
13470187 32
13470187 68
13470323 1
13470383 321
13470491 1
13470631 1025
13470671 4
13470671 9
13470697 15
13470727 2748
13470731 4
13470827 52
13470929 4
13470967 104
13470967 3597
13471013 3
13471037 7
13471037 379
13471049 4
13471141 683
13471189 15
13471189 107
13471253 3
13471291 8
13471303 77
13471313 100
13471331 33
13471357 23
13471379 21
13471387 8
13471417 180
13471433 40
13471433 147
13471433 6663
13471477 155
13471477 243
13471511 1
13471547 1680
13471553 556
13471561 1376
13471607 168
13471607 280
13471693 3
13471781 163
13471781 435
13471781 496
13471819 6981
13471867 545
13471867 6060
13471967 12
13471967 225
13471981 264
13471999 45
13472003 1
13472059 12
13472323 17
13472341 11
13472359 89
13472377 3
13472401 231
13472497 983
13472497 2552
13472531 1
13472531 4
13472533 3
13472609 4
13472647 33
13472647 57
13472659 5
13472671 480
13472689 164
13472737 95
13472741 1128
13472801 2131
13472813 3
13472821 228
13472903 88
13472933 3015
13472939 184
13472999 1021
13473011 5496
13473029 111
13473037 8
13473191 1
13473191 456
13473247 753
13473311 976
13473359 4
13473463 1748
13473521 3
13473521 124
13473521 6880
13473611 16
13473667 5
13473667 17
13473667 7800
13473973 8
13473973 168
13474063 5
13474177 6387
13474193 3
13474207 8
13474277 27
13474283 1
13474291 8
13474411 21
13474453 15
13474501 3
13474543 33
13474639 201
13474651 8
13474753 4172
13474817 7
13474823 1
13474861 203
13474861 2015
13474913 12
13475071 9
13475159 97
13475167 264
13475207 12
13475207 2880
13475291 2440
13475477 904
13475507 33
13475507 1252
13475549 12
13475549 1575
13475551 33
13475551 1740
13475563 5
13475563 21
13475563 105
13475717 2119
13475771 1
13475809 275
13475909 19
13475909 31
13475929 404
13475989 24
13476083 21
13476161 7191
13476163 1037
13476173 7396
13476277 108
13476299 292
13476299 4797
13476317 28
13476347 6277
13476403 17
13476403 33
13476431 213
13476497 3
13476557 4
13476571 2849
13476601 396
13476679 44
13476691 9
13476691 260
13476691 5421
13476779 120
13476811 768
13476821 2464
13476941 39
13476949 699
13477019 517
13477043 1
13477147 84
13477249 59
13477283 1
13477349 940
13477463 1
13477469 187
13477493 4303
13477501 555
13477531 221
13477571 1716
13477601 3
13477601 4
13477601 339
13477627 20
13477693 8
13477703 1
13477733 816
13477799 4020
13477817 4
13477843 96
13477907 477
13477951 3885
13477987 773
13477999 56
13478029 12
13478029 4904
13478123 1
13478261 96
13478291 1
13478303 1
13478303 96
13478317 20
13478321 4
13478389 9491
13478401 15
13478473 63
13478503 1032
13478537 652
13478539 21
13478567 288
13478723 252
13478747 4
13478797 27
13478833 3
13478887 7533
13478911 5
13478953 4892
13478957 7
13479031 20
13479107 73
13479163 17
13479163 41
13479241 9059
13479259 1409
13479391 36
13479409 15
13479409 132
13479463 161
13479463 501
13479467 100
13479469 4679
13479601 15
13479659 1
13479731 1
13479731 45
13479743 1
13479743 253
13479779 24
13479821 40
13479871 2444
13479979 2600
13480037 283
13480043 196
13480057 1032
13480151 1
13480163 1
13480163 513
13480183 216
13480237 299
13480237 1440
13480289 4
13480307 9
13480343 252
13480361 555
13480361 8839
13480403 532
13480409 7027
13480463 1677
13480499 21
13480501 3
13480501 8
13480693 8
13480729 27
13480729 431
13480763 1
13480771 44
13480781 220
13480799 4
13480807 53
13480879 3837
13480981 3
13480991 1629
13480997 1452
13481047 5
13481077 8
13481077 588
13481099 16
13481107 69
13481173 15
13481173 3111
13481269 12
13481287 5
13481309 147
13481399 4
13481443 6405
13481597 3
13481627 4
13481627 697
13481681 108
13481711 1
13481711 28
13481843 2353
13481873 447
13481927 457
13481927 1720
13481929 104
13481999 1
13482083 3316
13482109 5139
13482181 815
13482253 11
13482269 555
13482283 68
13482289 284
13482331 449
13482353 3567
13482367 69
13482433 336
13482461 16
13482487 605
13482559 236
13482641 435
13482643 5
13482671 4300
13482713 3
13482719 1
13482719 2817
13482811 108
13482841 2483
13482907 665
13482929 55
13482943 1085
13482943 1356
13483069 5732
13483073 3
13483117 35
13483201 911
13483201 5580
13483229 4740
13483303 5
13483373 48
13483387 7457
13483441 3
13483441 111
13483453 827
13483489 6807
13483507 437
13483537 219
13483619 396
13483697 24
13483777 120
13483781 3
13483937 4
13483937 27
13483937 75
13483991 33
13483999 2712
13484047 68
13484071 5
13484071 261
13484071 6956
13484113 48
13484171 1
13484171 1213
13484183 1
13484189 144
13484201 4
13484221 8
13484221 9195
13484231 148
13484291 1
13484407 5
13484437 155
13484591 1
13484591 4
13484641 3
13484641 759
13484663 1593
13484741 3
13484759 1609
13484789 91
13484819 400
13484833 48
13484839 641
13484881 36
13484903 1
13484957 3
13485053 12
13485119 1
13485257 3
13485289 659
13485431 13
13485431 28
13485443 1
13485449 139
13485469 12
13485469 560
13485487 492
13485499 6489
13485553 8
13485737 3
13485793 276
13485859 69
13485907 89
13485917 60
13485971 5056
13486051 8421
13486079 69
13486087 69
13486087 6392
13486127 220
13486141 11
13486177 3
13486217 12
13486289 7
13486357 3
13486367 292
13486373 87
13486411 20
13486469 4
13486469 1347
13486471 29
13486547 45
13486619 1
13486619 36
13486639 20
13486639 21
13486639 56
13486721 3
13486757 24
13486757 43
13486841 1428
13486871 40
13486871 748
13486937 3
13486937 4
13486937 7084
13487057 3
13487063 1
13487479 57
13487501 16
13487501 1923
13487501 6439
13487521 7788
13487651 1
13487707 53
13487711 61
13487717 3
13487779 12
13487879 1
13487899 297
13487909 4
13487911 4148
13487923 8141
13487993 8311
13488001 11
13488001 15
13488071 1564
13488149 40
13488149 1407
13488263 1
13488269 1647
13488311 1
13488427 32
13488533 6003
13488551 1
13488647 109
13488647 1089
13488773 3
13488779 24
13488779 121
13488791 789
13488809 39
13488913 1116
13488919 21
13488941 3
13488961 75
13489081 3
13489087 525
13489163 1
13489271 1
13489319 1
13489319 9
13489331 1
13489561 20
13489631 1173
13489649 312
13489691 1
13489699 69
13489849 144
13489873 515
13489913 55
13489919 1
13490039 4
13490051 1
13490101 6819
13490117 19
13490117 1267
13490357 748
13490377 1803
13490413 3
13490417 3
13490419 125
13490479 420
13490509 47
13490591 1
13490629 1244
13490677 3
13490717 24
13490717 8127
13490759 1
13490791 1893
13490993 108
13490993 2271
13491089 4
13491089 555
13491161 7243
13491211 29
13491241 15
13491241 44
13491281 28
13491301 3
13491341 9880
13491371 1
13491437 4
13491437 159
13491497 7
13491563 1
13491581 3
13491581 1239
13491607 237
13491629 367
13491677 124
13491721 68
13491833 5787
13491887 12
13491887 97
13491889 1307
13491893 8871
13492009 1476
13492019 1
13492057 47
13492103 1
13492111 20
13492151 1
13492151 445
13492177 7887
13492181 6439
13492229 79
13492273 3407
13492307 12
13492307 2233
13492363 1476
13492439 1
13492463 1005
13492481 31
13492571 16
13492571 3589
13492573 9203
13492597 3
13492621 3
13492621 968
13492621 9348
13492681 3
13492723 20
13492733 4491
13492741 2079
13492763 316
13492811 144
13492889 3852
13492933 407
13492961 216
13493041 204
13493069 1995
13493119 461
13493119 980
13493167 2849
13493231 40
13493281 3
13493299 29
13493399 49
13493399 525
13493411 1
13493453 60
13493521 3036
13493531 213
13493639 4
13493651 229
13493651 4021
13493681 4
13493771 1060
13493807 360
13493947 3225
13493951 73
13493951 85
13493957 984
13494109 1760
13494139 176
13494157 6075
13494167 48
13494419 1
13494419 12
13494431 384
13494431 3109
13494449 3055
13494493 15
13494577 887
13494589 599
13494619 60
13494673 3
13494727 5
13494727 1388
13494749 256
13494779 1
13494791 1
13494797 12
13494839 1
13494907 5
13494907 185
13494917 3
13494917 4
13494977 7
13495033 20
13495033 87
13495243 2012
13495267 44
13495283 1
13495289 115
13495381 11
13495403 1
13495423 4716
13495429 11
13495429 1616
13495511 1
13495711 9524
13495843 17
13495849 135
13495849 167
13495931 1
13495939 464
13495961 3
13495967 37
13496159 1
13496173 11
13496233 3
13496243 81
13496261 4
13496267 744
13496293 3
13496299 12
13496299 21
13496303 1
13496321 1023
13496363 1
13496369 816
13496407 168
13496449 176
13496449 3287
13496471 64
13496507 28
13496741 175
13496753 88
13496753 2460
13496863 92
13497101 16
13497109 1707
13497109 2376
13497149 919
13497221 4
13497257 3
13497257 7
13497283 2156
13497347 9
13497359 12
13497373 9695
13497401 55
13497443 37
13497443 76
13497443 7608
13497461 4
13497503 52
13497503 61
13497509 5280
13497551 9
13497553 15
13497553 27
13497599 4
13497599 160
13497727 12
13497749 15
13497821 4
13497821 1491
13497937 27
13497937 740
13498057 12
13498057 575
13498063 8
13498073 147
13498091 1
13498091 1041
13498091 1776
13498123 617
13498223 37
13498231 161
13498271 73
13498279 60
13498301 3
13498321 24
13498321 123
13498453 3
13498469 7
13498469 1359
13498567 477
13498567 753
13498567 1784
13498657 144
13498687 84
13498687 500
13498687 1724
13498739 4
13498741 695
13498763 12
13498831 104
13498831 1325
13498889 259
13498939 3072
13498993 291
13499029 95
13499029 7175
13499039 1
13499039 84
13499131 36
13499131 224
13499131 2564
13499179 12
13499201 3
13499257 167
13499303 1
13499303 52
13499327 4
13499327 540
13499371 156
13499401 8
13499401 8759
13499491 5825
13499509 35
13499623 212
13499623 1212
13499639 8757
13499687 4
13499713 3128
13499791 5
13499791 65
13499797 24
13499839 84
13499891 7173
13499903 2445
13499933 4963
13499939 1
