25000033 3
25000069 24
25000127 312
25000127 6265
25000147 660
25000211 13
25000273 303
25000427 777
25000597 3
25000627 5
25000691 1
25000691 4
25000709 7
25000739 985
25000771 108
25000799 4
25000819 1092
25000861 308
25000867 12
25000907 72
25000981 1076
25000991 901
25001059 41
25001231 9
25001243 2496
25001269 140
25001281 539
25001287 32
25001303 5625
25001341 411
25001371 56
25001377 128
25001479 3732
25001527 69
25001573 3196
25001597 484
25001609 4
25001609 844
25001671 189
25001671 6845
25001707 5
25001749 135
25001783 1
25001783 153
25001813 7
25001827 32
25001833 3
25001833 1452
25001839 3005
25001839 3825
25001839 6309
25001953 96
25001981 3
25002001 2771
25002077 15
25002079 612
25002083 1
25002083 357
25002097 8
25002179 1
25002193 3
25002227 4
25002317 4
25002433 720
25002443 1
25002469 20
25002521 735
25002533 4396
25002557 1347
25002629 1036
25002749 7
25002779 1
25003109 1596
25003151 1005
25003151 1336
25003189 36
25003247 13
25003327 12
25003357 3143
25003361 31
25003417 3
25003477 1047
25003493 72
25003499 121
25003499 252
25003499 777
25003523 2592
25003543 20
25003609 2535
25003613 67
25003679 817
25003697 207
25003793 1375
25003793 1495
25003799 1
25003843 4173
25003987 20
25004051 4
25004117 3207
25004129 196
25004143 252
25004149 24
25004149 36
25004149 807
25004153 163
25004173 207
25004401 60
25004407 9
25004407 257
25004411 1
25004459 1
25004521 143
25004557 3
25004557 15
25004579 12
25004593 48
25004593 383
25004597 4
25004701 11
25004729 495
25004747 57
25004761 216
25004789 39
25004813 40
25004821 2339
25004827 705
25004939 1
25005041 328
25005049 56
25005053 72
25005061 44
25005119 3432
25005131 1
25005179 301
25005179 364
25005191 1
25005293 91
25005353 3
25005517 27
25005583 5
25005587 25
25005587 48
25005587 340
25005689 135
25005709 27
25005709 155
25005779 624
25005797 4
25005797 7008
25005829 92
25005847 77
25005863 1036
25005889 12
25005923 633
25005977 828
25006027 44
25006061 4
25006061 123
25006081 3
25006097 3
25006103 25
25006103 201
25006169 171
25006193 3
25006193 232
25006211 21
25006231 693
25006273 1503
25006277 508
25006327 117
25006363 21
25006391 33
25006409 1875
25006481 3
25006493 1560
25006549 12
25006559 1285
25006567 5
25006573 8
25006573 1107
25006591 5
25006601 520
25006673 3180
25006699 17
25006699 32
25006769 31
25006781 43
25006781 115
25006853 28
25006859 205
25006901 39
25006991 2220
25007023 2960
25007027 25
25007159 1
25007201 4
25007369 16
25007447 4240
25007531 4
25007531 256
25007531 285
25007531 1389
25007551 93
25007603 36
25007617 8
25007641 35
25007711 1
25007791 1160
25007839 21
25007921 16
25007929 11
25008023 12
25008097 3
25008097 8928
25008223 548
25008281 19
25008281 256
25008281 2704
25008311 108
25008323 1
25008359 2080
25008397 267
25008397 327
25008397 7055
25008419 57
25008419 1012
25008493 551
25008497 4
25008517 7232
25008551 1
25008551 3925
25008569 60
25008593 36
25008593 6327
25008611 1
25008667 192
25008677 4
25008799 161
25008799 2361
25008803 1
25008839 21
25008871 324
25008917 3
25008931 5
25008937 3
25008961 3
25009043 217
25009043 4456
25009067 1204
25009087 53
25009087 600
25009087 9668
25009181 1164
25009189 35
25009189 560
25009241 28
25009357 8
25009357 500
25009379 121
25009403 57
25009403 1212
25009421 691
25009423 3017
25009469 2719
25009511 1
25009511 24
25009511 133
25009541 211
25009561 3
25009627 1148
25009783 6593
25009807 5
25009811 1
25009847 4
25009847 129
25009879 9
25009927 20
25009927 5288
25009931 925
25009931 2593
25009991 229
25009991 2893
25009991 3208
25010033 2320
25010143 65
25010191 5
25010233 471
25010263 5
25010299 3137
25010303 796
25010351 1
25010443 5
25010443 17
25010537 12
25010539 12
25010539 5220
25010611 24
25010641 3
25010663 28
25010663 717
25010767 3720
25010803 173
25010809 255
25010851 204
25010911 1208
25010941 191
25010977 15
25011023 1
25011043 3533
25011053 336
25011061 68
25011083 292
25011247 284
25011247 3132
25011263 1
25011263 940
25011263 4380
25011269 2791
25011313 8
25011323 1
25011407 13
25011407 69
25011433 8
25011439 137
25011439 4784
25011443 697
25011523 41
25011631 5
25011643 1197
25011671 1
25011683 4180
25011691 89
25011719 1
25011797 943
25011797 1780
25011887 24
25011907 12
25011911 1
25011991 549
25012003 6393
25012069 32
25012153 47
25012171 44
25012193 2100
25012231 108
25012271 1
25012271 40
25012307 1188
25012357 80
25012357 324
25012391 3001
25012411 1529
25012411 5681
25012441 3
25012451 1
25012453 71
25012469 7
25012489 15
25012577 168
25012577 1788
25012597 279
25012621 80
25012651 393
25012679 1
25012727 4953
25012739 3861
25012781 1528
25012781 3415
25012879 21
25012921 24
25012921 200
25012931 513
25012943 33
25012961 4
25012973 187
25012997 328
25012997 924
25013017 2720
25013017 2847
25013033 172
25013159 61
25013237 43
25013243 60
25013267 12
25013363 52
25013381 8680
25013449 2100
25013563 12
25013587 5
25013759 1
25013893 11
25013893 36
25013941 779
25013951 1
25013999 4
25014103 3416
25014167 60
25014173 27
25014277 92
25014277 132
25014281 103
25014413 3
25014413 16
25014487 5
25014487 165
25014677 3
25014677 399
25014707 385
25014721 3
25014751 29
25014757 8
25014859 9
25014893 135
25014989 5511
25015051 81
25015093 8915
25015103 1
25015103 21
25015147 200
25015181 88
25015213 287
25015337 4
25015337 52
25015493 163
25015553 7
25015553 4323
25015591 113
25015607 37
25015607 88
25015633 135
25015649 4324
25015657 80
25015831 5756
25015957 8
25015999 20
25016029 1091
25016143 8
25016227 5
25016227 1317
25016261 16
25016399 1
25016423 1
25016461 56
25016471 1
25016501 168
25016501 9708
25016567 88
25016569 24
25016569 99
25016603 213
25016753 51
25016777 99
25016813 12
25016839 9
25016897 3
25016897 55
25016903 1
25016923 20
25016987 345
25016987 697
25017061 24
25017119 1204
25017131 24
25017211 356
25017221 6219
25017229 35
25017241 11
25017241 519
25017283 8601
25017299 1221
25017389 552
25017407 4
25017413 3327
25017533 5463
25017569 384
25017569 5700
25017581 1096
25017653 952
25017719 229
25017871 24
25017911 1
25017911 108
25017911 840
25017983 1
25018073 136
25018187 4
25018291 29
25018297 4259
25018417 8
25018417 8355
25018423 5561
25018489 219
25018501 24
25018541 4
25018541 15
25018571 228
25018603 1085
25018621 3123
25018639 60
25018663 312
25018673 43
25018831 81
25018859 1176
25018901 3
25018907 12
25019023 7305
25019153 3
25019161 119
25019209 960
25019251 21
25019251 4368
25019251 4565
25019329 300
25019411 4
25019411 1464
25019419 165
25019483 21
25019497 3
25019521 156
25019521 531
25019671 129
25019719 2480
25019803 77
25019957 7
25019977 80
25019977 2135
25020001 56
25020041 31
25020043 17
25020059 49
25020211 8
25020223 32
25020227 4
25020227 40
25020257 24
25020319 1044
25020349 7379
25020353 16
25020409 3176
25020557 4
25020647 4
25020673 1223
25020691 161
25020731 1
25020763 4637
25020899 37
25020977 39
25021019 1
25021019 400
25021177 3
25021177 24
25021189 60
25021231 665
25021273 12
25021273 407
25021279 177
25021291 965
25021301 264
25021327 17
25021379 225
25021511 1
25021567 1100
25021597 888
25021729 39
25021729 164
25021859 316
25021877 3123
25021949 15
25021973 2503
25022009 4
25022051 4
25022051 25
25022089 371
25022171 21
25022197 479
25022213 352
25022227 245
25022267 4
25022399 1036
25022483 81
25022497 3
25022507 64
25022509 11
25022527 3212
25022531 1
25022573 3
25022579 1405
25022729 39
25022761 8
25022773 203
25022819 25
25022839 20
25022849 27
25023073 587
25023083 1
25023199 5
25023199 24
25023199 1341
25023233 3
25023253 12
25023281 16
25023373 360
25023373 492
25023391 36
25023403 5
25023403 17
25023413 55
25023527 129
25023673 1743
25023683 52
25023707 9
25023707 24
25023749 67
25023797 12
25023941 2523
25024081 2951
25024127 4
25024171 33
25024177 3
25024177 3444
25024183 56
25024199 285
25024199 472
25024403 1
25024451 1
25024511 1
25024511 169
25024513 56
25024613 732
25024679 1
25024721 163
25024763 36
25024763 501
25024763 2485
25024771 660
25024849 839
25024859 1
25024939 296
25025041 2168
25025051 1
25025051 168
25025059 69
25025069 7
25025087 52
25025123 561
25025137 60
25025159 601
25025179 261
25025389 404
25025417 6307
25025447 1200
25025459 1
25025459 81
25025461 3
25025687 28
25025783 493
25025809 8747
25025849 7
25025873 2527
25025939 1
25026143 1
25026191 60
25026257 4
25026263 5068
25026311 13
25026311 121
25026343 12
25026361 248
25026427 7089
25026437 4
25026569 100
25026569 3127
25026581 51
25026709 11
25026709 735
25026751 53
25026847 2025
25026853 1163
25026863 672
25026887 9
25026893 52
25027049 12
25027063 1761
25027117 3
25027117 80
25027129 2531
25027153 3
25027153 971
25027253 448
25027259 865
25027307 88
25027411 20
25027537 20
25027549 147
25027603 45
25027637 3
25027643 12
25027687 92
25027721 3
25027727 33
25027727 484
25027759 5816
25027787 40
25027813 20
25027853 2595
25027889 75
25027907 9433
25027991 1
25027991 25
25027991 120
25028147 172
25028219 1
25028251 576
25028251 2081
25028251 2300
25028261 3
25028287 213
25028293 507
25028303 1
25028323 8
25028359 1736
25028383 233
25028383 1961
25028411 121
25028411 1165
25028447 325
25028489 4
25028593 11
25028599 329
25028599 429
25028629 132
25028659 444
25028741 780
25028753 223
25028893 56
25028903 1
25028903 205
25028963 1
25029029 19
25029029 60
25029089 4660
25029143 1
25029143 852
25029163 1677
25029209 4
25029209 412
25029331 8
25029383 37
25029401 1308
25029421 3
25029481 8
25029503 1
25029551 1
25029853 3
25029857 27
25030073 3
25030097 39
25030097 67
25030153 123
25030153 335
25030193 3
25030207 45
25030223 1
25030283 2313
25030283 4141
25030289 4
25030487 40
25030507 105
25030561 3
25030673 3
25030711 465
25030723 5961
25030763 1
25030843 141
25030849 11
25030861 15
25030867 57
25030903 2421
25030933 80
25030997 12
25031047 104
25031101 24
25031131 65
25031131 2528
25031159 1
25031177 4455
25031207 2217
25031207 7768
25031233 3
25031287 753
25031311 204
25031381 28
25031471 4
25031507 4
25031621 15
25031711 468
25031737 3
25031789 55
25031819 1
25031819 37
25032037 3
25032037 84
25032043 6776
25032067 5
25032127 20
25032127 117
25032179 1
25032179 16
25032223 21
25032389 1099
25032617 55
25032727 212
25032743 1
25032827 25
25032877 32
25032913 1556
25032949 39
25032961 44
25033121 4
25033121 100
25033157 3
25033157 60
25033157 412
25033159 7116
25033193 268
25033207 9
25033207 24
25033207 1400
25033219 2661
25033289 7
25033303 8
25033417 72
25033531 500
25033559 4380
25033573 8
25033579 36
25033597 2079
25033601 3
25033633 11
25033643 1
25033661 16
25033721 2079
25033777 12
25033777 192
25033847 829
25033889 5259
25033927 149
25033951 960
25034017 48
25034063 21
25034131 888
25034201 31
25034249 4
25034297 1027
25034309 12
25034369 436
25034393 1987
25034447 12
25034473 3
25034473 507
25034473 5615
25034473 7280
25034507 4
25034507 13
25034519 1
25034629 744
25034699 1261
25034777 4
25034777 384
25034857 260
25034909 16
25034959 5
25034993 780
25035001 3
25035001 20
25035061 3
25035121 383
25035139 276
25035281 8463
25035319 449
25035359 577
25035467 57
25035511 53
25035623 1
25035623 73
25035629 24
25035683 1
25035697 48
25035697 1800
25035721 15
25035743 493
25035757 3
25035763 1496
25035929 4
25035929 436
25036049 135
25036073 3
25036159 29
25036159 744
25036171 141
25036279 197
25036303 776
25036307 25
25036421 3
25036441 1328
25036513 27
25036513 512
25036577 15
25036577 87
25036681 603
25036751 1
25036841 31
25036981 1976
25036987 5
25037017 3
25037069 4
25037189 39
25037219 1
25037219 9
25037219 381
25037239 5
25037281 3
25037281 20
25037339 3405
25037393 4171
25037399 1
25037407 5448
25037423 1
25037437 24
25037437 3963
25037477 3
25037591 201
25037629 2847
25037681 108
25037681 148
25037693 3
25037819 1
25037843 1
25037861 2484
25037867 117
25037927 312
25037939 24
25037951 1
25037977 44
25037989 12
25038047 6708
25038073 107
25038137 4732
25038151 5
25038179 52
25038193 3
25038259 96
25038259 1520
25038271 5720
25038289 39
25038347 1092
25038383 112
25038449 4
25038449 1324
25038473 12
25038511 33
25038521 16
25038557 55
25038557 3879
25038589 24
25038617 228
25038649 155
25038679 29
25038683 1
25038719 1
25038721 23
25038721 483
25038757 2027
25038757 4215
25038779 4
25038847 5
25038847 2309
25038851 13
25038913 123
25038967 8
25038989 4
25039033 3
25039037 3
25039037 2419
25039081 683
25039081 960
25039087 5
25039247 157
25039361 1339
25039367 12
25039367 28
25039369 80
25039379 1
25039439 1
25039457 652
25039481 5800
25039529 5296
25039559 204
25039577 3
25039591 7241
25039601 31
25039601 531
25039633 1496
25039667 24
25039697 4
25039697 763
25039747 8
25039799 1
25039823 841
25039837 63
25039879 204
25039921 95
25039961 4
25040051 1
25040149 11
25040161 5936
25040203 17
25040203 201
25040293 396
25040293 5576
25040413 15
25040443 960
25040459 7896
25040471 1269
25040479 21
25040497 8
25040503 5
25040503 176
25040503 4485
25040563 513
25040573 3163
25040579 1
25040681 4
25040759 1
25040819 1
25040837 412
25040837 1812
25040863 48
25040987 45
25041101 219
25041101 2995
25041151 153
25041173 3
25041217 4119
25041251 1
25041277 3
25041431 93
25041509 4
25041539 1
25041539 645
25041743 1396
25041851 4
25041889 5276
25041911 1
25041967 300
25042001 1296
25042063 588
25042097 4
25042169 4
25042169 5080
25042187 5812
25042249 11
25042351 21
25042403 1
25042403 13
25042421 4
25042477 6324
25042489 3264
25042499 1
25042499 12
25042529 3907
25042571 13
25042571 16
25042571 189
25042571 1041
25042651 5
25042663 1116
25042691 4405
25042697 7
25042973 3
25042973 156
25042981 3711
25042993 1211
25043027 97
25043027 5197
25043047 44
25043107 8
25043131 2321
25043171 1
25043171 2068
25043279 9
25043303 3337
25043351 1
25043383 156
25043467 8
25043609 4
25043693 1455
25043747 12
25043747 133
25043779 17
25043813 1176
25043833 72
25043933 3
25043959 20
25044029 75
25044029 607
25044029 727
25044083 1
25044083 621
25044101 3
25044113 2863
25044203 1
25044241 3
25044241 6464
25044251 4
25044251 6061
25044751 473
25044827 460
25044977 1008
25045103 1
25045193 3
25045213 407
25045259 1
25045283 1
25045297 444
25045409 1564
25045429 440
25045453 3
25045481 1435
25045511 16
25045571 661
25045571 5116
25045661 3
25045661 4
25045681 1736
25045687 20
25045697 3
25045771 8
25045931 4
25046027 64
25046027 2028
25046093 148
25046137 3
25046183 48
25046191 20
25046209 15
25046221 23
25046303 3088
25046303 5545
25046317 855
25046327 165
25046393 10000
25046603 1
25046603 4705
25046711 1
25046759 12
25046837 15
25046867 13
25046893 60
25046999 1
25047013 4968
25047017 7459
25047019 32
25047047 2388
25047083 13
25047131 4
25047131 73
25047221 7908
25047229 56
25047229 687
25047277 3
25047277 227
25047277 1508
25047283 7485
25047289 600
25047313 11
25047361 39
25047413 4863
25047419 1
25047479 36
25047527 1813
25047553 12
25047601 8
25047611 1
25047707 597
25047773 3
25047901 15
25048073 1488
25048097 3
25048097 2479
25048183 17
25048183 9036
25048187 24
25048229 96
25048319 1
25048421 3
25048421 7720
25048459 641
25048481 3
25048481 4
25048481 196
25048511 24
25048523 1077
25048537 27
25048537 227
25048579 444
25048607 13
25048649 12
25048693 60
25048789 27
25048789 131
25048853 28
25048867 240
25048867 7533
25048883 4633
25048957 27
25048957 95
25048987 33
25049153 1680
25049207 9
25049207 1708
25049281 35
25049363 177
25049363 4248
25049389 167
25049411 1
25049503 336
25049567 1213
25049603 2580
25049669 12
25049669 244
25049681 408
25049719 2261
25049741 2383
25049741 7671
25049831 129
25049933 3
25049963 1
25049963 16
25049963 328
25050019 5
25050019 249
25050071 1
25050089 4
25050127 7484
25050143 1
25050203 81
25050241 15
25050253 252
25050317 3
25050331 5
25050457 224
25050491 1
25050689 27
25050689 607
25050731 604
25050757 599
25050791 61
25050803 1
25050803 285
25050833 307
25050941 28
25051003 812
25051003 1160
25051189 1980
25051189 2004
25051529 295
25051547 52
25051583 52
25051651 8
25051687 3033
25051889 4
25051909 224
25051919 1
25052003 348
25052011 53
25052149 416
25052177 75
25052197 3
25052197 87
25052297 4
25052327 49
25052347 48
25052347 180
25052383 240
25052389 11
25052389 7320
25052399 261
25052437 8012
25052579 4777
25052627 48
25052749 15
25052809 7599
25052831 1
25052831 1729
25052837 4444
25052857 3
25052857 183
25052953 116
25052987 25
25053043 5
25053043 8
25053241 3
25053313 3
25053433 167
25053433 2312
25053439 36
25053473 6496
25053641 4
25053667 84
25053793 11
25053793 636
25053803 1725
25053863 1
25053997 3
25053997 63
25053997 123
25053997 524
25053997 8463
25054013 1456
25054019 1
25054019 12
25054031 21
25054097 463
25054109 156
25054151 4
25054163 1
25054177 39
25054229 4
25054259 100
25054283 2817
25054313 2212
25054339 9
25054343 1
25054387 8
25054387 6704
25054493 903
25054501 84
25054517 159
25054537 479
25054571 465
25054573 8
25054573 7187
25054621 2220
25054709 4
25054721 2863
25054739 565
25054979 1
25054979 3097
25055011 2265
25055113 15
25055123 1708
25055237 28
25055237 3064
25055321 4
25055321 2119
25055383 240
25055383 248
25055389 99
25055419 6020
25055447 4
25055447 9
25055489 4
25055491 164
25055557 8
25055557 27
25055593 12
25055651 4
25055731 5
25055759 1
25055759 4017
25055761 68
25055819 1
25055827 9
25055873 48
25055917 3
25056023 16
25056103 6288
25056149 127
25056271 21
25056349 51
25056433 35
25056443 181
25056443 576
25056457 707
25056457 5883
25056491 1
25056491 3156
25056541 56
25056569 6564
25056571 33
25056583 45
25056671 9
25056761 771
25056869 7
25056893 127
25056901 3
25056901 380
25056919 5
25056923 12
25057013 3387
25057037 4
25057061 124
25057093 1488
25057111 21
25057111 2501
25057169 31
25057171 6441
25057231 153
25057259 3040
25057339 12
25057387 5
25057387 12
25057387 1413
25057423 257
25057429 627
25057573 171
25057573 1260
25057597 8
25057597 1707
25057687 3092
25057717 423
25057723 8
25057853 43
25057873 191
25057969 36
25058113 252
25058123 1
25058141 636
25058147 165
25058171 1
25058177 3
25058177 3055
25058179 24
25058219 96
25058219 2677
25058227 5
25058351 9
25058417 3
25058419 9
25058461 15
25058471 1
25058483 1
25058483 25
25058483 2125
25058519 12
25058543 85
25058729 364
25058797 8
25058897 7
25058899 5
25059007 5
25059007 1485
25059109 567
25059109 2895
25059137 328
25059143 1
25059143 7345
25059163 77
25059169 39
25059187 213
25059187 293
25059197 288
25059217 8
25059257 12
25059341 363
25059371 1
25059371 1441
25059469 200
25059677 3
25059701 3
25059703 5
25059737 27
25059737 199
25059739 120
25059739 584
25059757 5015
25059763 2573
25059781 56
25059787 7652
25059791 9
25059847 140
25059851 69
25059901 164
25059911 2265
25059929 4951
25060039 837
25060151 9
25060153 3
25060163 25
25060199 12
25060219 780
25060313 27
25060319 1
25060339 24
25060339 56
25060381 8060
25060391 1
25060489 1511
25060513 407
25060589 127
25060597 1079
25060661 4
25060769 7
25060793 3
25060817 39
25060859 1
25060921 11
25060957 9720
25060967 364
25060991 1
25060993 107
25061107 29
25061129 4
25061129 820
25061137 3
25061167 8
25061167 5120
25061327 4
25061339 217
25061429 5836
25061447 60
25061447 133
25061459 4
25061471 229
25061573 15
25061579 12
25061909 6259
25062041 16
25062151 540
25062161 24
25062251 4
25062263 37
25062329 8439
25062377 4
25062419 21
25062419 8964
25062451 93
25062451 705
25062509 16
25062511 2345
25062619 5
25062619 21
25062637 84
25062659 1
25062749 4
25062781 11
25062781 7140
25062941 1491
25062941 5935
25063001 4
25063021 3
25063039 2672
25063057 455
25063153 3
25063153 740
25063153 1295
25063289 19
25063301 196
25063417 167
25063471 89
25063471 129
25063483 201
25063499 84
25063517 7
25063517 768
25063529 12
25063663 57
25063667 4669
25063799 1
25063811 2089
25063817 2692
25063823 1
25063823 372
25063847 8397
25063897 3
25063919 1
25063921 8
25063931 4
25063931 60
25063937 268
25063979 280
25064009 60
25064023 81
25064119 545
25064119 761
25064167 905
25064189 60
25064189 735
25064293 147
25064387 4
25064471 1
25064597 568
25064639 1
25064693 132
25064713 3
25064773 12
25064791 1301
25064827 2948
25064861 4
25064887 8
25064909 375
25064939 1
25064939 4
25064939 105
25064989 4520
25065011 9
25065011 3501
25065097 12
25065119 1744
25065127 933
25065137 712
25065179 241
25065281 1411
25065289 92
25065319 5
25065371 265
25065379 5
25065421 675
25065433 47
25065493 656
25065511 825
25065563 1
25065569 679
25065611 1
25065647 49
25065647 2008
25065697 1535
25065727 564
25065779 4
25065851 1
25066003 8
25066031 1
25066031 64
25066133 2256
25066213 6083
25066277 15
25066319 1
25066361 1480
25066417 3
25066423 45
25066523 1
25066523 3892
25066709 40
25066733 2595
25066831 48
25066919 49
25067051 21
25067083 672
25067101 11
25067177 4515
25067209 9147
25067219 25
25067227 257
25067239 2196
25067249 4
25067261 4
25067431 9
25067459 1
25067477 2139
25067501 16
25067573 4468
25067599 12
25067683 137
25067761 3
25067773 123
25067863 101
25067879 1
25067891 1
25067891 9
25068079 585
25068167 33
25068167 88
25068257 4
25068257 448
25068257 1779
25068283 21
25068287 112
25068293 87
25068299 1
25068331 33
25068349 11
25068431 24
25068479 1
25068587 124
25068599 4
25068599 25
25068623 1
25068683 952
25068697 1383
25068839 1
25068977 4
25068997 900
25069117 59
25069139 477
25069153 1047
25069201 195
25069201 216
25069223 25
25069249 7599
25069267 12
25069393 47
25069411 5
25069411 1553
25069463 1
25069463 1356
25069469 2964
25069523 448
25069537 759
25069537 2688
25069589 16
25069643 196
25069651 909
25069711 9
25069711 24
25069799 1
25069921 3
25069937 1632
25069981 3
25069991 7456
25070057 3
25070057 15
25070099 1
25070117 3
25070167 24
25070407 45
25070501 4
25070503 1385
25070593 11
25070611 465
25070711 1
25070743 153
25070777 3
25070821 180
25070873 7
25070873 415
25070879 9
25070999 121
25071017 19
25071017 40
25071031 5
25071031 21
25071031 989
25071071 1
25071161 4
25071217 7643
25071251 133
25071391 21
25071407 12
25071463 416
25071503 1
25071521 3
25071581 1116
25071691 20
25071691 1821
25071743 360
25071743 1492
25071749 751
25071749 2511
25071749 2832
25071779 1
25071859 5
25071911 1
25071929 816
25071971 8689
25071973 3
25071983 1
25072031 69
25072111 3540
25072123 2505
25072253 115
25072349 2692
25072373 28
25072409 4
25072409 12
25072409 175
25072427 4
25072427 5205
25072451 1
25072577 8847
25072589 87
25072601 1363
25072757 19
25072757 643
25072777 8
25072811 4
25072843 8
25072843 12
25072867 8
25072937 64
25072937 223
25072961 51
25073003 6105
25073039 40
25073123 7768
25073129 12
25073267 489
25073303 301
25073353 32
25073449 3164
25073459 1
25073551 29
25073557 1812
25073561 4
25073561 15
25073561 16
25073563 21
25073617 3
25073617 87
25073617 599
25073689 11
25073689 1079
25073767 1613
25073831 1
25073843 37
25073843 1345
25073941 3
25073959 20
25074043 68
25074097 5288
25074103 12
25074121 8324
25074191 240
25074373 3
25074389 7
25074437 3
25074503 1
25074527 8224
25074559 237
25074559 285
25074583 20
25074619 261
25074767 828
25074799 392
25074859 5
25075021 2316
25075049 7440
25075097 84
25075097 220
25075121 76
25075121 6868
25075147 5
25075199 576
25075387 485
25075397 3
25075429 27
25075439 1689
25075489 264
25075499 1
25075499 760
25075511 64
25075537 3
25075537 47
25075553 3
25075601 1663
25075607 25
25075703 57
25075741 7020
25075741 9131
25075789 7047
25075793 3543
25075811 81
25075811 601
25075859 1
25075871 1
25076033 3
25076033 228
25076057 7
25076087 4
25076087 1345
25076171 805
25076171 4324
25076231 1
25076273 2568
25076339 4041
25076423 1
25076539 3737
25076591 9
25076629 116
25076651 1
25076687 12
25076687 6673
25076759 84
25076879 36
25076939 1
25076959 237
25076977 7619
25076999 40
25076999 460
25077037 303
25077043 641
25077053 5811
25077067 5
25077067 8
25077089 24
25077113 3
25077133 116
25077149 52
25077317 559
25077331 8
25077421 3
25077589 4316
25077599 1
25077599 141
25077607 6309
25077623 1
25077623 16
25077653 36
25077683 1
25077799 45
25077847 5
25077947 9
25077947 1260
25077979 17
25077989 72
25078007 4
25078013 283
25078091 9
25078099 45
25078121 115
25078133 1740
25078189 119
25078321 11
25078321 63
25078351 5400
25078369 44
25078369 351
25078387 1449
25078453 20
25078483 4793
25078567 8924
25078633 120
25078667 13
25078813 63
25078813 680
25078853 3
25078909 6596
25078943 285
25078951 60
25079009 7
25079027 9
25079027 40
25079027 100
25079051 4
25079111 1
25079309 6264
25079323 117
25079339 4
25079339 1896
25079347 8
25079371 380
25079371 2241
25079387 564
25079389 135
25079389 204
25079429 96
25079497 8
25079497 924
25079513 3
25079513 28
25079533 227
25079617 3
25079647 20
25079687 25
25079687 1008
25079699 16
25079699 49
25079699 292
25079711 1
25079767 17
25079881 6896
25079917 1148
25079939 217
25079939 945
25080031 981
25080059 1
25080059 40
25080079 5
25080091 189
25080103 392
25080217 543
25080229 1107
25080259 1236
25080299 1
25080299 2704
25080337 3
25080347 12
25080383 1
25080427 60
25080431 925
25080499 12
25080521 5400
25080533 7
25080547 80
25080547 1584
25080571 68
25080613 851
25080701 856
25080901 3696
25080917 75
25080941 4
25080961 3059
25080977 115
25081013 7
25081019 1
25081057 8
25081073 3
25081123 333
25081123 2852
25081151 1
25081213 315
25081241 19
25081253 208
25081361 2028
25081361 9744
25081417 107
25081487 9
25081489 20
25081499 60
25081621 71
25081621 2264
25081657 1623
25081741 23
25081741 7535
25081757 4
25081801 3
25081811 181
25081813 215
25081871 76
25081907 2749
25081963 8
25082003 1
25082023 41
25082051 4
25082117 7
25082171 1
25082243 1
25082279 2352
25082339 4
25082381 4
25082423 1
25082483 16
25082569 20
25082647 288
25082669 984
25082677 32
25082699 3384
25082713 111
25082747 9
25082921 4023
25082921 5464
25082923 672
25082927 5620
25082933 16
25082977 159
25083001 35
25083067 60
25083119 1
25083187 1365
25083217 6080
25083241 48
25083251 5020
25083277 8
25083301 8
25083391 2705
25083403 7116
25083479 3556
25083503 1020
25083607 2165
25083623 256
25083757 264
25083941 5655
25083953 196
25083979 5
25084069 5072
25084091 81
25084141 7335
25084243 65
25084249 11
25084337 528
25084337 4135
25084337 6892
25084349 187
25084387 8
25084489 11
25084607 2365
25084607 6085
25084637 7
25084669 36
25084679 117
25084777 147
25084777 263
25084799 132
25084799 5185
25084811 585
25084901 28
25084991 2304
25085017 3
25085017 3960
25085033 27
25085069 16
25085141 3
25085141 759
25085171 1
25085171 3204
25085171 7380
25085219 1144
25085227 24
25085279 1
25085393 8047
25085407 3105
25085447 49
25085447 60
25085509 20
25085509 231
25085509 495
25085633 7
25085759 9
25085759 2697
25085831 1
25085881 23
25085917 3
25085941 80
25085971 429
25085987 4
25086059 1
25086059 7621
25086209 36
25086209 2016
25086253 80
25086317 5455
25086337 3
25086379 161
25086401 175
25086443 1
25086449 3492
25086473 976
25086599 21
25086613 728
25086701 55
25086709 1320
25086731 4
25086757 3
25086797 7
25086829 299
25086839 21
25086857 399
25086863 1
25086947 28
25086947 37
25086947 40
25086947 957
25086983 1
25086983 12
25086983 5061
25087009 80
25087037 52
25087081 3
25087109 15
25087151 1
25087301 4
25087397 3
25087397 3243
25087487 4
25087507 1608
25087537 420
25087553 2232
25087609 2340
25087627 608
25087627 1793
25087823 1
25087823 33
25087823 120
25087883 1
25087891 573
25087913 91
25087927 5
25087957 243
25087973 3231
25087981 20
25087981 155
25088057 1303
25088057 8979
25088149 39
25088153 315
25088279 1
25088293 3
25088293 3780
25088387 9
25088467 5
25088473 8
25088573 3496
25088677 32
25088717 40
25088783 73
25088803 21
25088803 312
25088831 1
25088839 245
25088863 8697
25088879 5440
25088891 1
25088927 732
25088993 196
25089019 5
25089149 4
25089203 12
25089203 36
25089223 7185
25089257 28
25089283 113
25089283 197
25089283 1628
25089307 297
25089353 7
25089473 3
25089523 12
25089523 353
25089539 136
25089563 4368
25089563 8305
25089583 5
25089679 212
25089733 60
25089751 4200
25089761 28
25089791 6705
25089833 240
25090187 25
25090201 951
25090213 9767
25090223 448
25090301 9255
25090381 551
25090381 5100
25090411 4653
25090553 691
25090553 1123
25090573 7127
25090577 183
25090627 92
25090777 39
25090787 4725
25090853 448
25090883 1
25090939 384
25090993 8
25091021 43
25091047 72
25091197 119
25091203 416
25091203 2780
25091309 12
25091327 9
25091399 252
25091399 432
25091411 1
25091441 40
25091449 1767
25091621 48
25091639 1185
25091707 140
25091707 809
25091719 3276
25091767 44
25091767 69
25091783 25
25091831 9
25091831 2508
25091851 7116
25091879 1
25091879 232
25091939 5209
25092013 1940
25092019 20
25092029 4
25092077 3
25092101 3
25092191 1
25092257 352
25092257 387
25092281 3315
25092317 19
25092341 4435
25092409 240
25092443 36
25092491 364
25092503 52
25092503 360
25092593 7
25092593 396
25092619 21
25092719 1
25092719 180
25092763 68
25092803 1
25092811 9
25092841 24
25092913 251
25092929 7
25092961 8
25092961 59
25092989 27
25093051 5016
25093157 108
25093193 3
25093193 2140
25093199 4
25093267 389
25093273 60
25093427 688
25093489 12
25093499 2392
25093559 1
25093561 503
25093567 188
25093603 101
25093603 1353
25093669 516
25093727 513
25093801 584
25093829 4
25093883 241
25093951 5
25094107 5
25094131 356
25094233 68
25094233 191
25094243 1
25094323 8
25094369 927
25094393 3
25094467 528
25094479 684
25094479 3456
25094551 9
25094581 959
25094609 4
25094627 4
25094653 903
25094683 21
25094711 73
25094833 708
25094891 205
25094933 7
25094933 9480
25094983 353
25094999 1
25094999 444
25095113 1987
25095233 232
25095271 5
25095407 4
25095437 123
25095503 1
25095613 3
25095667 300
25095683 1
25095761 43
25095769 807
25095779 9
25095803 1
25095839 1
25095853 12
25095883 1968
25095883 2772
25095911 9
25096003 221
25096061 4
25096061 43
25096087 24
25096147 5
25096147 1868
25096147 2952
25096163 1
25096213 311
25096237 8
25096271 145
25096363 2076
25096523 1
25096567 77
25096601 4
25096679 1
25096679 877
25096769 132
25096781 40
25096789 8415
25096801 63
25096801 99
25096807 89
25096831 129
25096909 291
25096963 3117
25096997 295
25097003 1
25097003 48
25097123 36
25097161 3848
25097221 828
25097227 872
25097323 93
25097323 797
25097341 1743
25097357 9987
25097381 4
25097399 4
25097417 3
25097417 223
25097447 9
25097447 64
25097447 5205
25097477 7
25097533 68
25097543 1
25097543 16
25097543 72
25097563 873
25097587 5
25097587 32
25097587 645
25097659 1697
25097707 5144
25097711 100
25097717 664
25097749 9084
25097773 1743
25097783 85
25097837 3
25097851 8988
25097857 8
25097869 75
25097887 2352
25097909 7
25097921 4
25098019 24
25098041 28
25098053 15
25098181 51
25098181 563
25098233 52
25098289 276
25098323 1
25098371 1
25098371 7876
25098397 1103
25098467 93
25098473 6052
25098481 15
25098551 9300
25098553 36
25098583 12
25098587 45
25098587 1189
25098599 60
25098637 1584
25098643 5
25098719 1
25098719 417
25098751 2913
25098751 9024
25098761 84
25098841 11
25098841 180
25098869 1816
25098869 3456
25098889 144
25099111 44
25099147 5
25099219 5
25099241 3
25099253 28
25099271 1
25099271 2368
25099271 3549
25099301 3
25099303 5
25099331 1
25099331 420
25099331 904
25099343 153
25099343 753
25099381 15
25099499 1
25099499 1600
25099519 17
25099561 239
25099561 5343
25099577 40
25099619 1
25099621 3635
25099631 1
25099631 24
25099631 4285
25099777 20
25099787 57
25099787 1129
25099799 360
25099807 5613
25099847 369
25099861 3
25099873 1827
25099999 461
25100017 2208
25100027 708
25100129 4
25100213 7
25100221 24
25100249 2316
25100269 32
25100269 272
25100329 1427
25100333 1207
25100357 1024
25100479 5
25100513 6027
25100527 12
25100531 49
25100587 20
25100639 1
25100639 445
25100693 3
25100693 48
25100711 133
25100711 1113
25100819 4
25100821 4071
25100821 4968
25100861 5415
25100869 95
25101007 1892
25101053 3
25101079 401
25101157 135
25101191 69
25101229 111
25101229 9240
25101233 2235
25101247 12
25101287 1245
25101301 15
25101311 693
25101353 9595
25101371 1
25101403 501
25101569 2319
25101569 5091
25101647 348
25101691 969
25101767 3064
25101863 292
25101943 177
25101977 159
25101997 275
25102073 3
25102087 108
25102141 83
25102193 16
25102247 4
25102247 9
25102261 44
25102367 6744
25102403 1
25102589 519
25102589 760
25102697 7
25102739 1
25102757 1779
25102787 24
25102919 2764
25102943 3568
25102981 1076
25102991 4
25103041 1131
25103077 35
25103179 152
25103219 1
25103227 6000
25103293 3
25103369 4
25103411 1
25103431 1301
25103587 888
25103621 151
25103641 20
25103671 284
25103839 5
25103861 48
25103929 47
25103957 40
25103977 72
25104091 21
25104127 248
25104137 7
25104151 345
25104179 4
25104253 383
25104271 9
25104353 7447
25104437 7
25104479 244
25104557 7644
25104589 12
25104593 3
25104619 1097
25104623 96
25104659 457
25104659 832
25104743 1
25104743 72
25104763 1340
25104887 217
25104889 92
25104917 3868
25105027 53
25105033 3
25105033 780
25105049 64
25105057 3
25105139 9
25105139 192
25105147 872
25105151 321
25105183 1452
25105193 2367
25105219 5057
25105307 552
25105349 900
25105373 1288
25105433 7
25105537 20
25105657 3
25105699 24
25105723 17
25105777 3
25105777 260
25105799 105
25105961 3
25106051 1
25106111 3745
25106117 99
25106167 44
25106203 153
25106269 51
25106287 392
25106293 3
25106293 5748
25106321 471
25106359 12
25106369 7
25106513 208
25106561 3
25106561 6231
25106567 604
25106591 1428
25106723 445
25106729 4
25106813 28
25106813 51
25106819 7341
25106827 5132
25106891 1
25106941 24
25107023 1428
25107029 9895
25107163 8
25107239 252
25107311 1
25107373 3
25107403 488
25107479 4080
25107587 12
25107617 355
25107713 27
25107757 3
25107851 1
25107869 19
25107937 15
25107959 16
25108067 28
25108079 3052
25108093 80
25108117 1043
25108123 12
25108147 68
25108189 12
25108211 1
25108211 9
25108231 21
25108301 460
25108361 7528
25108381 5156
25108429 984
25108469 55
25108493 88
25108561 203
25108651 68
25108651 113
25108679 1
25108739 8832
25108781 279
25108817 6607
25108871 16
25108891 84
25108891 3876
25108931 729
25108943 1
25108981 8
25108981 20
25109011 9713
25109053 36
25109053 87
25109053 471
25109081 3
25109081 2655
25109143 7145
25109159 1
25109177 372
25109251 1400
25109321 3
25109339 112
25109351 1
25109419 5
25109419 21
25109449 531
25109467 4305
25109477 4
25109519 1804
25109543 1
25109681 4
25109713 1151
25109723 1
25109729 39
25109729 127
25109779 8772
25109801 396
25109801 1039
25109881 8963
25109921 43
25109923 72
25109957 12
25109971 56
25109971 300
25110131 4
25110131 21
25110133 68
25110149 456
25110167 552
25110167 1060
25110269 7
25110413 12
25110427 573
25110427 3249
25110587 637
25110671 1
25110719 1
25110739 17
25110823 545
25110929 4
25110971 1
25111007 3760
25111133 7
25111139 1
25111211 1
25111211 661
25111409 27
25111433 112
25111433 427
25111459 140
25111553 171
25111571 1
25111609 20
25111621 396
25111621 9435
25111657 5567
25111661 40
25111741 11
25111819 5
25111903 981
25111909 2532
25111949 799
25111979 9
25112063 1
25112099 1
25112137 12
25112177 3
25112261 28
25112287 108
25112359 84
25112359 665
25112611 96
25112611 9149
25112627 9
25112641 20
25112651 1869
25112683 4268
25112777 28
25112807 393
25112887 1269
25113083 1
25113119 3904
25113119 5992
25113331 125
25113367 5
25113371 40
25113377 3
25113457 15
25113469 20
25113541 3
25113589 71
25113593 7
25113593 5656
25113661 20
25113701 9940
25113719 1
25113719 36
25113799 849
25113919 5
25113941 436
25113967 5
25114003 1245
25114007 4
25114039 420
25114073 27
25114081 440
25114211 76
25114259 132
25114283 13
25114391 33
25114391 160
25114393 12
25114393 20
25114517 15
25114541 99
25114541 463
25114543 56
25114547 4
25114547 217
25114549 32
25114571 1
25114571 129
25114577 783
25114741 15
25114757 2068
25114787 4
25114787 1333
25114813 5355
25114853 7
25114861 3
25115003 25
25115003 4060
25115009 3156
25115059 5
25115089 131
25115089 4919
25115107 2429
25115191 9
25115261 1623
25115381 36
25115429 4
25115509 8051
25115527 312
25115527 1808
25115581 135
25115603 37
25115633 3
25115659 720
25115743 21
25115773 7211
25115809 4355
25115843 225
25115873 12
25116083 1
25116151 5
25116193 227
25116211 21
25116331 233
25116331 260
25116367 464
25116367 968
25116401 15
25116401 295
25116419 1
25116419 72
25116493 3
25116583 20
25116629 40
25116629 52
25116631 189
25116649 36
25116823 72
25116823 953
25116911 1
25116937 3
25116961 3
25116977 259
25116977 1299
25116977 3339
25117021 8
25117061 15
25117091 16
25117111 1596
25117199 4
25117247 12
25117247 217
25117349 7
25117397 159
25117399 140
25117399 777
25117441 56
25117507 77
25117549 800
25117577 7
25117579 65
25117637 1167
25117637 4243
25117643 1
25117699 120
25117723 105
25117801 860
25117801 2216
25117853 7
25117861 416
25117861 2639
25117877 28
25117907 153
25117951 609
25117987 5
25117987 29
25118039 4
25118111 1
25118189 4
25118189 76
25118393 7903
25118417 2055
25118419 17
25118419 57
25118453 3
25118453 28
25118459 1
25118477 55
25118531 1
25118531 9
25118591 1
25118647 44
25118651 1
25118693 196
25118729 79
25118747 28
25118881 3
25118957 3
25118963 1
25118963 2757
25118981 1860
25119043 108
25119089 2796
25119091 36
25119113 3
25119163 12
25119179 852
25119223 2781
25119277 9660
25119293 31
25119299 1
25119359 3180
25119547 1529
25119583 7476
25119599 4
25119599 141
25119683 1
25119779 105
25119791 60
25119797 3
25119797 7
25119823 261
25119847 869
25119937 3
25119943 20
25119989 1084
25120091 748
25120111 176
25120111 296
25120189 584
25120247 4
25120273 12
25120273 147
25120309 60
25120309 140
25120309 215
25120313 216
25120399 5
25120423 653
25120493 895
25120507 20
25120561 11
25120561 120
25120561 159
25120621 5220
25120631 889
25120639 677
25120651 5
25120939 17
25120939 960
25120957 144
25121153 907
25121183 1581
25121207 328
25121237 7
25121303 1
25121323 1761
25121347 33
25121443 8
25121443 53
25121443 113
25121471 1
25121581 855
25121659 3789
25121711 24
25121753 7
25121753 28
25121953 1595
25121969 399
25122077 9123
25122089 76
25122131 1
25122151 24
25122221 244
25122239 1
25122247 1137
25122271 713
25122283 312
25122329 124
25122343 5
25122451 5
25122467 13
25122473 3
25122491 9
25122529 11
25122529 155
25122529 1364
25122547 1280
25122551 1
25122551 216
25122577 555
25122589 111
25122607 1209
25122673 27
25122673 87
25122697 59
25122733 15
25122809 7
25122809 1407
25122817 8
25122857 7
25122857 2028
25122899 1
25123079 1
25123079 109
25123159 24
25123211 1
25123211 448
25123253 12
25123303 20
25123379 16
25123391 1
25123393 228
25123583 1
25123639 356
25123639 7184
25123639 7781
25123663 228
25123669 9896
25123717 83
25123717 84
25123723 4208
25123729 492
25123741 1008
25123789 524
25123799 340
25123801 75
25123927 32
25123937 4759
25123951 5489
25123957 8
25123993 3
25124051 133
25124051 3376
25124159 3321
25124201 3
25124321 256
25124357 5683
25124399 16
25124467 72
25124569 27
25124651 21
25124651 7344
25124711 156
25124753 1707
25124773 11
25124797 3
25124831 141
25124851 20
25124851 5325
25124969 547
25124969 1764
25124971 5640
25125059 1
25125059 69
25125071 28
25125071 49
25125071 2484
25125073 132
25125151 56
25125253 3
25125293 3
25125329 976
25125377 420
25125491 1
25125523 3296
25125539 1
25125559 45
25125671 4224
25125689 712
25125851 1
25125851 13
25126033 783
25126043 1
25126069 6039
25126103 48
25126141 8
25126331 33
25126363 5
25126427 109
25126579 764
25126639 5
25126657 3
25126763 1701
25126877 19
25126897 60
25126919 16
25126951 345
25127027 4
25127041 3
25127041 2384
25127119 9
25127161 5208
25127317 152
25127393 40
25127537 8584
25127593 135
25127647 9
25127653 120
25127723 340
25127821 11
25127873 1260
25127969 1891
25127981 3
25128031 8
25128031 549
25128161 84
25128263 1
25128287 105
25128293 15
25128319 6812
25128487 9
25128577 288
25128577 5619
25128599 1
25128599 8952
25128611 60
25128617 7
25128707 45
25128707 49
25128781 7640
25128911 5284
25128947 4
25128977 43
25129007 1180
25129019 49
25129121 100
25129129 159
25129207 17
25129207 5997
25129249 36
25129309 39
25129373 136
25129411 104
25129459 3692
25129469 111
25129583 3105
25129667 4
25129691 1
25129751 81
25129763 2352
25129787 2473
25129787 3609
25129849 7551
25129879 41
25129879 6369
25129943 1
25129943 57
25129981 9104
25129999 9
25130011 2016
25130033 7
25130051 100
25130107 353
25130143 4805
25130173 2588
25130263 1592
25130279 1
25130279 612
25130291 1
25130291 400
25130297 187
25130309 4
25130333 108
25130351 13
25130377 335
25130431 53
25130459 1
25130459 9
25130527 20
25130531 1
25130531 9
25130551 353
25130551 1200
25130579 12
25130587 1364
25130593 36
25130629 9635
25130741 1011
25130767 4112
25130797 20
25130813 60
25130839 12
25130839 281
25130929 11
25130951 1
25130951 8008
25131011 9
25131031 44
25131079 2076
25131217 83
25131263 1837
25131317 204
25131347 4
25131541 56
25131583 72
25131611 81
25131697 3
25131713 3
25131739 20
25131781 3
25131781 9179
25131791 756
25131871 2849
25131913 1248
25131919 372
25131947 280
25131973 71
25132013 28
25132043 208
25132043 940
25132073 271
25132127 1113
25132141 288
25132181 16
25132319 1
25132391 268
25132439 4
25132567 20
25132673 3
25132699 5
25132699 3909
25132703 1
25132703 97
25132777 203
25132867 3077
25132889 256
25132957 3288
25133047 9
25133083 21
25133093 103
25133177 940
25133197 783
25133201 64
25133209 116
25133221 84
25133221 788
25133263 1992
25133363 12
25133489 1024
25133539 1737
25133611 8
25133621 4
25133651 1
25133677 407
25133677 443
25133737 3
25133747 4
25133869 6560
25133947 300
25133987 9
25133993 3
25134073 3
25134077 24
25134133 248
25134133 1136
25134167 5424
25134191 4
25134191 49
25134199 12
25134217 48
25134281 136
25134299 1
25134391 20
25134523 2588
25134539 24
25134547 72
25134559 240
25134569 4
25134611 6364
25134731 1
25134731 13
25134743 1
25134751 369
25134751 1949
25134887 9
25134937 3
25135031 568
25135127 33
25135127 348
25135171 1221
25135181 355
25135237 1488
25135237 4043
25135267 368
25135273 8
25135339 7344
25135393 191
25135403 1
25135441 3
25135529 7
25135541 9364
25135609 11
25135679 4
25135753 132
25135783 1457
25135861 324
25135867 8513
25135961 16
25135961 19
25136093 87
25136099 1
25136131 68
25136131 3321
25136161 8339
25136191 3524
25136203 2597
25136341 108
25136341 131
25136389 56
25136437 12
25136437 9864
25136459 1092
25136519 205
25136561 3
25136581 375
25136603 1
25136611 200
25136651 1
25136759 2544
25136831 40
25136831 49
25136851 69
25136873 51
25136879 117
25136957 7
25136957 52
25137017 3
25137043 8
25137139 1169
25137163 1253
25137173 3
25137179 1
25137179 4
25137179 100
25137193 203
25137227 25
25137227 273
25137263 4525
25137353 16
25137377 15
25137383 12
25137391 104
25137493 3
25137521 3
25137523 1721
25137737 4
25137787 17
25137821 135
25137881 5971
25137887 33
25137943 41
25137947 45
25137971 1
25138033 8
25138067 4
25138067 12
25138153 363
25138313 1492
25138439 4
25138439 184
25138481 3
25138493 3
25138573 272
25138591 3948
25138667 372
25138667 2205
25138693 6680
25138807 105
25138823 13
25138987 5
25139053 11
25139087 8932
25139111 73
25139239 9
25139321 39
25139321 4111
25139341 135
25139353 4076
25139353 4860
25139383 513
25139399 7041
25139423 1
25139507 9
25139507 5829
25139567 168
25139579 121
25139591 13
25139593 291
25139627 88
25139629 11
25139657 280
25139731 8
25139789 79
25139819 1
25139819 9757
25139837 3
25139969 6619
25140043 5
25140067 413
25140149 139
25140223 513
25140277 4800
25140301 11
25140317 1560
25140359 3621
25140457 3
25140481 24
25140607 1185
25140707 525
25140737 3
25140763 5
25140799 1440
25140799 8700
25140803 1
25140889 164
25140937 3
25141049 7
25141073 3
25141073 4635
25141163 1456
25141169 3871
25141213 3188
25141307 25
25141321 35
25141327 144
25141327 524
25141331 1
25141367 72
25141367 85
25141379 9
25141393 3776
25141489 4844
25141499 24
25141559 1
25141559 3444
25141573 51
25141573 192
25141591 213
25141601 123
25141607 13
25141607 5629
25141751 1
25141789 231
25141871 1
25142027 264
25142081 3
25142107 2345
25142141 60
25142141 328
25142171 3528
25142177 24
25142177 6039
25142189 84
25142189 111
25142207 304
25142213 3
25142213 15
25142213 1603
25142239 65
25142239 3332
25142281 2823
25142287 20
25142363 1
25142363 181
25142399 4
25142399 9052
25142413 5691
25142489 7
25142489 159
25142563 20
25142639 21
25142693 283
25142731 5
25142731 4640
25142771 9
25142783 40
25142857 12
25143241 3
25143341 555
25143491 165
25143539 1
25143553 432
25143583 137
25143583 3068
25143709 11
25143719 3081
25143733 1647
25143809 27
25143817 23
25143817 339
25143857 352
25143887 12
25143913 23
25144019 1
25144019 3472
25144043 1
25144043 3612
25144079 16
25144181 3
25144181 468
25144183 897
25144211 1
25144307 1329
25144367 124
25144373 43
25144477 20
25144583 1
25144739 1
25144753 8
25144753 200
25144753 627
25144753 2087
25144837 5444
25144913 3
25144919 1
25144919 3237
25145011 545
25145011 1385
25145027 4
25145051 120
25145051 900
25145053 3
25145143 296
25145171 2356
25145273 7
25145297 144
25145327 4
25145339 1
25145381 115
25145381 135
25145467 33
25145489 7
25145501 175
25145599 5
25145599 12
25145599 297
25145663 1
25145677 3
25145717 4543
25145753 2356
25145849 4
25145849 67
25145891 1
25145917 20
25145947 9
25145951 1
25145951 2140
25146083 1
25146097 8
25146259 20
25146311 1
25146353 5212
25146413 903
25146413 4515
25146431 1
25146467 37
25146467 73
25146469 104
25146503 1
25146601 624
25146601 9023
25146617 72
25146691 81
25146713 187
25146763 77
25146763 813
25146773 51
25146839 12
25146841 8
25146841 491
25146911 1
25146911 4033
25146943 21
25146943 660
25147019 1
25147019 472
25147117 3639
25147139 7077
25147159 249
25147163 1
25147249 15
25147249 459
25147333 71
25147427 9
25147429 15
25147489 1371
25147513 215
25147571 1
25147631 1
25147631 4
25147631 1305
25147649 16
25147699 32
25147699 69
25147841 195
25147861 3
25147873 308
25147891 36
25147909 11
25147909 2219
25147919 2637
25148069 4
25148069 1704
25148147 24
25148173 5331
25148203 41
25148231 4
25148237 3
25148311 36
25148327 13
25148327 124
25148467 137
25148477 3
25148509 336
25148509 1191
25148527 1193
25148579 589
25148603 180
25148603 2913
25148639 1
25148663 1
25148791 1628
25148791 9336
25148803 68
25148873 123
25148891 1
25148891 4
25148947 8
25149127 5544
25149139 32
25149149 880
25149151 9
25149209 7
25149211 1449
25149259 2117
25149269 2640
25149347 13
25149427 1340
25149437 124
25149499 72
25149533 16
25149541 8
25149599 1
25149599 4725
25149671 1
25149743 12
25149793 15
25149821 175
25149821 7260
25149827 4
25149911 3124
25149979 9
25149983 1
25150001 4
25150007 1093
25150031 4
25150039 197
25150133 4768
25150133 6768
25150193 3
25150193 147
25150219 12
25150219 632
25150487 25
25150529 39
25150529 432
25150651 68
25150679 1
25150721 4
25150721 523
25150739 1
25150739 76
25150967 3048
25150967 4545
25150997 3
25151123 1452
25151221 408
25151257 3
25151333 348
25151359 7256
25151377 1248
25151377 2144
25151393 7
25151473 651
25151519 1
25151561 39
25151677 8
25151717 4
25151717 192
25151747 13
25151767 33
25151771 1
25151771 489
25151779 4449
25151807 4
25151837 4
25151933 3
25152047 4
25152091 1140
25152109 11
25152301 75
25152301 128
25152329 16
25152373 23
25152419 2652
25152427 392
25152433 9603
25152577 3324
25152623 1
25152667 9
25152691 1176
25152739 44
25152797 87
25152857 144
25152863 1
25152863 16
25152887 9
25152971 9
25153061 16
25153103 313
25153109 15
25153109 780
25153147 33
25153223 1
25153231 636
25153231 3633
25153273 95
25153379 1
25153379 45
25153379 381
25153483 297
25153519 497
25153571 1
25153607 13
25153631 2341
25153691 3945
25153879 1529
25153901 24
25153903 1160
25153993 3896
25154023 96
25154023 393
25154057 663
25154083 5
25154083 1388
25154147 8484
25154209 35
25154219 1
25154471 1
25154483 40
25154621 3
25154741 4
25154777 67
25154813 7
25154813 27
25154813 4623
25154999 160
25155029 544
25155029 924
25155029 6792
25155061 20
25155061 111
25155113 103
25155149 120
25155203 168
25155211 9
25155211 101
25155233 12
25155239 1
25155287 13
25155311 765
25155323 12
25155341 940
25155479 2029
25155511 201
25155547 12
25155553 356
25155617 72
25155659 1
25155661 35
25155661 2540
25155701 3
25155841 3
25155841 156
25155853 7451
25155863 1368
25155877 8
25155881 3
25155899 1
25155899 405
25155929 399
25156051 4124
25156111 29
25156259 16
25156433 1296
25156511 4836
25156519 572
25156577 7707
25156619 1
25156661 99
25156711 9
25156759 12
25156759 209
25156759 7817
25156783 5
25156793 3
25156919 1
25156973 36
25156981 3
25156987 20
25156987 1628
25157081 259
25157113 32
25157113 288
25157131 1448
25157137 3
25157177 499
25157189 39
25157191 2268
25157207 4
25157269 2955
25157281 11
25157281 1764
25157291 148
25157543 12
25157591 1
25157611 5
25157611 308
25157611 8105
25157621 775
25157651 1
25157789 7
25157813 16
25157893 3
25157921 631
25157953 1040
25158101 4
25158173 3
25158173 88
25158229 1095
25158239 184
25158373 116
25158401 3
25158421 699
25158473 7
25158667 8
25158703 56
25158709 419
25158719 232
25158737 4
25158739 1085
25158761 180
25158761 3468
25158767 57
25158821 9675
25158841 116
25158841 1695
25158851 1
25158971 25
25159019 12
25159049 184
25159109 7
25159109 1012
25159129 11
25159129 92
25159229 19
25159247 4
25159247 33
25159261 2120
25159279 20
25159349 4
25159349 15
25159391 109
25159391 124
25159451 1
25159481 1003
25159513 36
25159531 521
25159579 29
25159619 141
25159679 49
25159679 1356
25159699 117
25159753 68
25159831 45
25159867 1224
25159867 1380
25159987 360
25159987 677
25160021 4
25160071 5
25160077 3
25160099 1
25160141 2560
25160257 23
25160263 65
25160279 165
25160293 11
25160293 72
25160327 4804
25160329 572
25160381 231
25160423 1
25160477 1560
25160507 1024
25160683 53
25160687 100
25160783 3600
25160819 1
25160899 21
25160899 204
25161001 500
25161029 111
25161043 5
25161083 25
25161127 24
25161133 8
25161161 3
25161161 4
25161251 3645
25161307 972
25161329 84
25161347 4
25161439 597
25161467 64
25161551 73
25161611 1
25161623 397
25161637 3
25161637 23
25161673 155
25161673 9128
25161743 1
25161797 87
25161979 104
25162037 4
25162037 7
25162127 364
25162141 3983
25162141 5300
25162199 1
25162199 97
25162229 27
25162243 5
25162243 33
25162271 1
25162271 4
25162283 3688
25162301 583
25162339 261
25162367 2992
25162373 63
25162381 3
25162493 787
25162523 1
25162523 1692
25162729 320
25162817 7
25162903 5
25162903 1773
25162931 436
25162999 1169
25163137 888
25163153 27
25163197 35
25163221 5060
25163251 7613
25163339 8652
25163447 1309
25163477 28
25163507 13
25163527 17
25163527 1512
25163531 1456
25163549 64
25163569 147
25163629 15
25163639 1
25163647 888
25163669 16
25163669 9127
25163731 209
25163783 1
25163783 97
25163839 2084
25163917 623
25163951 361
25163969 151
25163977 975
25163993 9336
25164053 340
25164053 3300
25164079 896
25164079 5549
25164133 2051
25164169 311
25164173 15
25164409 371
25164511 104
25164527 213
25164533 196
25164593 12
25164673 51
25164677 3
25164697 3
25164719 1
25164719 8865
25164749 792
25164803 1
25164803 6288
25164817 83
25164817 152
25164833 96
25164989 336
25165051 9
25165067 1264
25165171 248
25165193 31
25165297 23
25165297 27
25165369 35
25165369 96
25165379 1
25165561 2315
25165741 380
25165799 1
25165799 81
25165853 15
25165897 35
25165897 5000
25165927 2544
25166027 4
25166201 96
25166353 87
25166363 1
25166363 21
25166411 456
25166423 888
25166423 1332
25166459 52
25166459 7945
25166527 12
25166639 1
25166651 688
25166707 5
25166707 9
25166707 3012
25166759 1
25166759 57
25166879 381
25166903 1
25167193 32
25167301 3
25167397 3
25167403 65
25167433 143
25167503 1
25167503 12
25167517 1043
25167613 2387
25167631 8
25167643 5
25167661 303
25167661 875
25167661 935
25167683 1
25167683 457
25167827 997
25167833 7
25168067 48
25168067 97
25168189 180
25168271 1
25168271 4
25168277 168
25168379 4
25168379 1105
25168421 3
25168439 1
25168489 1319
25168499 1
25168571 7905
25168573 2751
25168589 952
25168747 9
25168813 791
25168859 1
25168879 12
25168907 1989
25168961 1035
25169057 4
25169083 41
25169087 24
25169189 132
25169201 4
25169201 336
25169219 49
25169327 37
25169327 2605
25169327 2884
25169371 1229
25169513 3
25169539 5
25169591 993
25169603 1
25169693 472
25169723 9012
25169773 8055
25169779 12
25169821 651
25169897 15
25169929 11
25169939 4492
25170037 3
25170113 6207
25170191 16
25170329 316
25170367 5
25170391 285
25170479 1
25170479 8025
25170499 957
25170503 133
25170517 12
25170547 9417
25170581 1516
25170683 1
25170749 31
25170749 5155
25170797 27
25170883 53
25170923 1
25170923 225
25170983 3505
25171031 1
25171249 132
25171319 1
25171397 339
25171427 2748
25171439 1
25171439 21
25171457 39
25171477 1739
25171483 288
25171501 839
25171511 1
25171547 897
25171579 5
25171609 2384
25171631 1
25171633 180
25171633 2756
25171733 36
25171799 16
25171847 25
25171901 3
25171957 275
25171961 1036
25171963 77
25171987 180
25172023 645
25172039 9
25172123 1
25172167 1748
25172177 4
25172177 87
25172177 2859
25172183 4900
25172221 3
25172227 564
25172363 1036
25172491 96
25172491 9233
25172561 600
25172599 92
25172627 3232
25172689 24
25172717 4
25172743 21
25172921 423
25172981 51
25172989 795
25173007 3332
25173037 1824
25173089 67
25173193 180
25173371 1
25173371 349
25173649 920
25173671 673
25173671 6844
25173703 53
25173721 3
25173721 59
25173839 1
25173839 21
25173847 9
25173853 8
25173899 304
25173899 496
25173913 3
25173919 105
25173961 2259
25174021 1523
25174133 40
25174223 1
25174231 2189
25174283 100
25174283 2596
25174301 475
25174309 260
25174309 2480
25174327 80
25174363 7241
25174439 25
25174493 36
25174493 228
25174529 3859
25174613 3
25174649 96
25174717 23
25174741 176
25174783 173
25174817 220
25174843 20
25174907 2533
25174969 1311
25174991 13
25174997 19
25175021 3
25175063 1
25175153 9016
25175191 5
25175231 309
25175273 3
25175299 245
25175303 1
25175369 456
25175443 3653
25175561 964
25175659 5
25175663 553
25175687 325
25175687 760
25175701 8
25175789 3567
25175803 56
25175849 55
25175921 211
25175933 72
25175951 81
25175971 1688
25175993 28
25175993 4543
25176001 3
25176001 1640
25176071 1
25176139 792
25176143 1
25176251 1
25176251 13
25176251 540
25176251 784
25176251 9268
25176289 216
25176323 1
25176331 56
25176401 3
25176407 228
25176637 584
25176689 7
25176703 12
25176733 5651
25176937 1247
25177027 2585
25177037 60
25177039 9
25177151 1
25177169 192
25177213 35
25177237 119
25177351 33
25177351 96
25177447 2168
25177541 6135
25177547 4
25177553 48
25177591 381
25177591 8016
25177609 24
25177781 75
25177931 1
25178009 19
25178117 3
25178147 109
25178161 5588
25178341 255
25178473 11
25178497 5075
25178501 48
25178519 1
25178539 56
25178597 223
25178617 32
25178627 285
25178653 135
25178711 5676
25178737 63
25178761 84
25178917 435
25178983 8
25179073 3380
25179127 12
25179139 132
25179151 9
25179157 3
25179179 1
25179443 13
25179443 136
25179509 12
25179619 156
25179709 147
25179709 384
25179797 3
25179881 15
25179893 3043
25179971 1
25179971 61
25180031 16
25180031 1309
25180171 24
25180501 7551
25180541 931
25180679 1
25180679 12
25180679 1872
25180717 380
25180721 16
25180751 1
25180751 4
25180763 12
25180763 1381
25180913 3
25180933 8
25180949 172
25180957 575
25180973 55
25180999 9
25181027 33
25181081 204
25181291 1
25181311 8996
25181353 32
25181363 1
25181417 5175
25181419 5
25181419 45
25181587 53
25181587 693
25181633 7
25181683 297
25181693 336
25181747 4
25181771 33
25181839 17
25181903 25
25181911 8
25181911 24
25181911 2709
25181957 19
25181957 2103
25181977 743
25182247 77
25182317 19
25182383 1
25182481 5183
25182541 3
25182611 1
25182611 1848
25182637 3
25182671 4
25182671 201
25182679 492
25182719 4249
25182739 845
25182749 4
25182761 619
25182767 13
25182851 1
25182917 7
25182959 3249
25183019 12
25183031 9
25183241 3
25183243 113
25183243 1296
25183313 28
25183313 127
25183601 139
25183601 399
25183903 1137
25183927 785
25183933 948
25183967 400
25183993 156
25183999 9
25183999 77
25183999 9149
25184039 1
25184041 51
25184279 1
25184303 12
25184303 7920
25184323 12
25184323 45
25184353 48
25184371 44
25184371 65
25184449 464
25184461 2540
25184479 2300
25184491 5
25184503 6812
25184507 12
25184539 36
25184639 21
25184657 100
25184693 2316
25184723 1
25184759 1
25184771 1336
25184791 620
25184851 8
25184869 60
25184869 840
25184879 37
25184981 19
25184981 303
25185011 4
25185011 8173
25185053 7
25185119 1
25185169 9296
25185179 25
25185257 1867
25185337 3
25185409 4067
25185509 7
25185613 3
25185739 105
25185793 3
25185821 111
25185883 1628
25185899 1137
25185913 495
25185947 4
25185983 2620
25185983 4308
25186099 20
25186103 2520
25186157 72
25186157 5544
25186157 6663
25186211 1
25186247 45
25186247 232
25186277 187
25186319 661
25186379 4
25186559 21
25186631 4
25186697 1503
25186727 225
25186801 20
25186823 1
25186853 12
25186907 2380
25187003 1
25187059 2661
25187171 1
25187213 156
25187213 6960
25187303 1
25187303 1212
25187329 6671
25187339 1
25187339 21
25187419 6761
25187443 588
25187453 6472
25187471 21
25187473 3
25187473 663
25187509 1452
25187527 777
25187549 4
25187567 820
25187647 29
25187671 260
25187821 284
25187821 299
25187881 3
25187969 39
25187983 137
25188041 663
25188263 21
25188307 129
25188479 1164
25188481 11
25188539 1
25188641 8103
25188659 297
25188689 4
25188689 15
25188689 16
25188767 273
25188773 76
25188773 1260
25188817 3
25188817 200
25188853 576
25188901 3
25188997 1995
25189001 4
25189027 5
25189027 9
25189027 509
25189103 4252
25189147 264
25189243 21
25189247 93
25189447 17
25189537 48
25189553 7476
25189679 3120
25189691 1
25189741 4524
25189841 4
25189849 12
25189921 95
25190003 1
25190051 208
25190101 948
25190119 161
25190159 9225
25190189 4
25190203 93
25190213 100
25190281 3
25190353 315
25190461 1151
25190479 57
25190479 216
25190489 4
25190527 8
25190567 97
25190597 12
25190603 600
25190677 15
25190701 3
25190717 348
25190723 1
25190771 1
25190791 788
25190791 4965
25190843 1
25190863 572
25190863 6497
25190887 4232
25190897 3
25190897 63
25190917 3
25190947 4217
25191143 36
25191157 3
25191197 28
25191209 4
25191209 96
25191253 143
25191349 60
25191427 165
25191503 1
25191527 12
25191583 5
25191611 88
25191667 17
25191667 9633
25191689 36
25191863 1
25191979 56
25192031 1
25192121 100
25192129 11
25192129 779
25192169 27
25192241 4
25192241 40
25192289 340
25192289 1020
25192303 212
25192393 1232
25192403 3625
25192411 9
25192441 20
25192571 1
25192663 45
25192721 19
25192721 4300
25192723 317
25192763 60
25192913 1240
25192949 2835
25192961 535
25192961 4563
25193087 4
25193087 72
25193261 1203
25193321 100
25193387 109
25193459 480
25193459 3841
25193479 2937
25193587 24
25193621 15
25193699 3072
25193741 63
25193801 3136
25193807 85
25193807 4164
25193827 33
25193843 16
25193843 6060
25193863 3353
25193891 16
25193911 9
25193939 1
25193941 3
25193951 76
25193977 147
25193977 8124
25194083 588
25194217 3
25194307 5
25194343 12
25194353 60
25194383 192
25194419 1
25194469 560
25194577 5072
25194581 19
25194677 9712
25194797 5512
25194859 17
25194887 37
25194887 268
25194941 3
25194941 4
25194941 135
25194941 1243
25194973 3
25194977 4344
25195057 147
25195081 36
25195211 1
25195253 112
25195297 83
25195319 4
25195319 25
25195447 2700
25195559 1
25195661 504
25195661 4408
25195679 1200
25195783 8
25195799 1
25195813 8
25195943 25
25195991 1
25195991 60
25196029 440
25196069 4
25196131 765
25196131 5748
25196231 124
25196231 561
25196291 1
25196333 292
25196543 1
25196651 1
25196807 100
25196851 5
25197031 9
25197031 288
25197049 8444
25197131 1
25197229 119
25197251 1
25197257 4
25197299 1
25197343 5516
25197437 220
25197449 7372
25197511 9
25197533 12
25197541 588
25197547 17
25197547 89
25197559 81
25197577 8
25197647 40
25197677 7
25197691 9
25197713 3
25197803 1
25197841 63
25197889 39
25197899 1
25197959 8841
25197967 192
25197979 137
25198111 128
25198189 1239
25198223 237
25198223 501
25198223 4720
25198291 113
25198297 620
25198321 84
25198423 8
25198441 24
25198489 119
25198489 239
25198519 81
25198571 1
25198571 9
25198571 496
25198583 1
25198703 21
25198703 241
25198703 2440
25198727 13
25198763 1
25198763 6897
25198799 412
25198889 735
25198919 1
25198963 572
25199071 9521
25199087 109
25199137 339
25199147 64
25199159 232
25199387 12
25199411 9
25199561 3
25199623 228
25199723 33
25199723 300
25199731 5
25199737 59
25199767 5
25199843 45
25199957 3
25200029 124
25200029 351
25200031 9
25200047 969
25200073 11
25200113 16
25200121 35
25200151 9308
25200209 300
25200209 7351
25200233 136
25200233 876
25200269 1015
25200299 8320
25200359 1
25200379 60
25200379 596
25200431 4
25200491 9
25200607 5
25200661 2036
25200713 652
25200779 21
25200787 3420
25200829 44
25200871 765
25200887 45
25200887 109
25200979 5504
25201051 5
25201093 560
25201093 840
25201093 975
25201097 24
25201283 48
25201333 252
25201333 492
25201411 129
25201439 112
25201439 2080
25201471 8
25201471 945
25201567 2253
25201661 4
25201777 3
25201807 65
25201807 8777
25201867 804
25201873 192
25201879 321
25201879 489
25201889 384
25201889 1239
25201901 4
25201927 8
25202057 2340
25202063 12
25202123 5776
25202141 48
25202153 336
25202213 12
25202267 292
25202297 4755
25202327 4
25202357 3
25202377 3
25202497 12
25202497 204
25202509 32
25202543 1
25202627 88
25202651 4
25202677 48
25202677 444
25202839 716
25202869 27
25202893 11
25202893 228
25202929 11
25202953 23
25202977 3
25202977 459
25202977 1568
25203011 205
25203049 215
25203097 23
25203097 224
25203127 113
25203263 348
25203389 16
25203389 1024
25203389 9387
25203419 45
25203491 225
25203533 43
25203611 9
25203611 45
25203649 7860
25203727 2565
25203757 20
25203799 81
25203803 1
25203839 72
25203853 668
25203917 60
25203949 35
25204009 431
25204043 37
25204099 5
25204117 75
25204213 63
25204351 296
25204367 1008
25204429 144
25204483 68
25204559 144
25204559 6901
25204607 232
25204703 292
25204703 868
25204867 233
25204867 8393
25204913 3
25205023 17
25205023 872
25205041 288
25205087 13
25205093 3
25205099 21
25205107 5
25205111 25
25205149 231
25205161 3
25205161 8
25205281 2564
25205461 144
25205461 4571
25205483 1476
25205501 663
25205519 4
25205519 529
25205597 408
25205651 1
25205717 435
25205737 3
25205737 39
25205903 228
25206011 1
25206031 5
25206059 1
25206089 12
25206089 99
25206143 1
25206143 81
25206143 9220
25206151 80
25206163 5
25206281 79
25206371 13
25206371 153
25206403 92
25206457 315
25206487 24
25206499 21
25206593 16
25206593 2536
25206607 5
25206607 44
25206611 1005
25206653 12
25206653 880
25206791 1056
25206871 8
25206943 8648
25207033 15
25207037 840
25207067 492
25207139 12
25207139 76
25207513 743
25207561 5355
25207603 5
25207603 60
25207621 15
25207639 44
25207709 4
25207711 5276
25207727 40
25207739 1684
25207751 1
25207783 617
25207829 12
25208011 9
25208011 3164
25208107 12
25208119 21
25208173 11
25208173 95
25208201 3
25208213 175
25208233 1892
25208327 4
25208327 268
25208369 2499
25208471 21
25208537 12
25208609 16
25208669 4119
25208681 4
25208693 3
25208699 444
25208747 4
25208819 1
25208861 4515
25208923 8
25208999 4105
25209071 1
25209109 4872
25209131 9
25209211 5
25209367 873
25209529 1592
25209539 1
25209539 4680
25209551 2785
25209553 27
25209553 255
25209557 4755
25209571 293
25209631 561
25209689 4860
25209749 231
25209829 47
25209871 653
25209937 60
25210007 9
25210007 337
25210021 59
25210109 1632
25210111 209
25210123 408
25210123 2312
25210151 1
25210217 4
25210349 24
25210349 135
25210363 320
25210379 4
25210379 112
25210399 236
25210433 3
25210597 24
25210709 55
25210729 11
25210741 315
25210799 1
25210837 264
25210837 4655
25210849 575
25210879 1320
25210883 2160
25210993 135
25211027 4
25211027 57
25211071 3273
25211099 1
25211143 2780
25211159 621
25211159 1017
25211183 28
25211189 235
25211189 1339
25211281 3
25211341 11
25211341 443
25211371 8721
25211419 156
25211429 4599
25211477 3
25211609 5691
25211617 248
25211723 1
25211743 113
25211891 1
25211951 28
25212041 676
25212101 3
25212101 123
25212101 3508
25212113 412
25212251 1
25212277 2144
25212283 5
25212289 891
25212311 985
25212379 6816
25212401 31
25212413 15
25212493 96
25212559 60
25212617 12
25212679 480
25212769 272
25212809 7
25212851 196
25212857 3
25212907 140
25212911 16
25212937 12
25212961 863
25212961 7983
25213039 21
25213079 21
25213079 24
25213079 2820
25213109 52
25213127 9
25213127 3469
25213141 323
25213211 1
25213289 396
25213393 3
25213421 16
25213453 3
25213537 12
25213537 4179
25213597 3
25213651 216
25213711 1233
25213739 1
25213751 16
25213763 1
25213763 37
25213763 9676
25213787 37
25213831 5
25213831 65
25213883 148
25213973 67
25214011 5
25214011 24
25214051 4
25214051 28
25214093 16
25214113 35
25214117 3
25214117 28
25214153 31
25214171 13
25214219 1
25214359 17
25214359 137
25214359 8585
25214363 1
25214363 1561
25214393 40
25214401 23
25214473 12
25214507 93
25214531 9
25214593 3
25214593 5052
25214669 4
25214699 1
25214699 69
25214699 97
25214747 4
25214747 169
25214821 59
25214851 9
25214867 225
25214879 1
25214921 3
25214941 380
25214951 1
25214999 1
25215103 2052
25215119 1
25215221 4
25215319 17
25215331 9
25215331 33
25215577 32
25215581 1428
25215689 55
25215719 1
25215763 20
25215821 60
25216043 1
25216193 36
25216229 39
25216333 3
25216333 1215
25216343 13
25216409 307
25216409 396
25216453 12
25216507 765
25216507 1208
25216691 25
25216753 3
25216753 8
25216843 125
25216847 160
25216853 67
25216861 20
25216861 75
25216871 1
25216931 1
25216949 5599
25217021 4
25217077 7220
25217083 128
25217083 560
25217147 393
25217191 84
25217197 3819
25217201 63
25217299 32
25217299 2060
25217303 4236
25217371 80
25217417 543
25217417 7608
25217447 13
25217537 7
25217561 4
25217659 132
25217789 1276
25217833 4071
25217861 6916
25217873 7
25217873 892
25217903 45
25217939 420
25217981 39
25218013 8
25218013 23
25218223 293
25218229 147
25218229 296
25218299 1
25218299 181
25218541 8
25218541 423
25218569 15
25218577 8
25218577 359
25218587 45
25218601 195
25218709 3780
25218761 208
25218887 505
25218899 6349
25218913 3
25219037 3
25219057 1188
25219069 47
25219157 15
25219253 3
25219277 3
25219283 25
25219297 3
25219303 5
25219343 37
25219351 5
25219417 183
25219451 1
25219507 5613
25219549 260
25219577 4
25219577 1980
25219603 21
25219603 33
25219637 39
25219651 4185
25219693 3
25219699 5
25219699 57
25219699 2637
25219751 1
25219759 1452
25219811 4
25219907 100
25219979 1
25220099 1
25220159 2061
25220161 11
25220177 1228
25220179 5
25220179 6417
25220257 267
25220303 312
25220431 36
25220449 3824
25220557 8
25220729 640
25220761 15
25220777 7
25220821 264
25220861 16
25220861 36
25220959 92
25220963 1
25220963 73
25220963 3421
25221023 520
25221137 819
25221181 9876
25221199 5
25221199 4304
25221211 5
25221239 201
25221283 396
25221397 12
25221419 1
25221419 532
25221473 40
25221541 3
25221617 12
25221653 555
25221671 13
25221671 16
25221673 32
25221769 164
25221769 1220
25221773 7
25221871 509
25221947 664
25222031 9
25222061 3
25222079 1
25222103 2725
25222349 15
25222363 8
25222363 188
25222459 221
25222583 1
25222649 100
25222649 2056
25222957 95
25222957 3728
25222987 5973
25222991 48
25223027 4680
25223039 829
25223113 6615
25223141 5175
25223251 3585
25223251 8801
25223281 279
25223293 3
25223339 1
25223399 57
25223453 616
25223477 84
25223483 12
25223551 1500
25223633 7
25223647 8
25223713 15
25223771 1
25223953 8
25223993 340
25223993 9616
25224079 3797
25224109 7860
25224119 4
25224119 1137
25224149 4627
25224151 221
25224193 35
25224223 500
25224239 4
25224263 585
25224323 33
25224373 140
25224427 7049
25224539 1
25224539 4
25224541 1175
25224569 15
25224569 3664
25224587 40
25224769 159
25224817 3
25224911 1
25224971 1
25224971 21
25225001 3
25225007 9292
25225019 1
25225049 4
25225049 507
25225049 1852
25225129 6992
25225153 875
25225169 684
25225271 13
25225271 2301
25225313 708
25225363 776
25225367 573
25225463 1
25225463 8697
25225471 33
25225523 1
25225523 28
25225553 1432
25225643 1
25225657 84
25225691 1
25225693 1232
25225693 6263
25225703 1
25225709 2815
25225741 15
25225741 4208
25225763 48
25225763 2196
25225799 37
25225831 240
25225843 5
25225867 213
25225919 1
25225927 12
25225931 16
25225951 2745
25225997 52
25226041 8
25226083 5
25226161 795
25226191 2300
25226309 19
25226387 472
25226413 3
25226483 1
25226567 112
25226941 1904
25226951 4
25226953 3
25226987 2152
25227001 2835
25227053 196
25227199 12
25227233 240
25227233 9483
25227239 21
25227353 220
25227359 37
25227359 3849
25227359 6660
25227373 12
25227491 553
25227607 8
25227617 55
25227731 1
25227743 781
25227773 3
25227871 24
25227913 36
25227929 76
25227973 7440
25228087 173
25228241 3156
25228277 732
25228277 1632
25228277 5259
25228279 4580
25228297 3
25228297 452
25228349 40
25228363 5
25228393 116
25228403 1
25228457 1183
25228481 3
25228481 7564
25228529 2740
25228543 1617
25228661 160
25228711 44
25228747 33
25228921 23
25229111 1
25229143 105
25229189 12
25229221 11
25229251 8229
25229279 1
25229291 8461
25229341 984
25229357 5227
25229371 68
25229389 32
25229401 9855
25229471 1
25229563 20
25229573 7
25229609 19
25229657 252
25229761 3203
25229791 20
25229791 45
25229807 4060
25229833 56
25229843 2032
25229881 3
25229881 99
25229951 1300
25230071 120
25230077 403
25230143 21
25230169 1007
25230197 3
25230221 3
25230221 3328
25230223 12
25230239 1
25230253 3
25230277 167
25230323 1
25230349 2319
25230349 8460
25230353 952
25230407 84
25230407 208
25230451 21
25230463 5
25230503 177
25230509 4
25230553 3
25230553 12
25230713 7
25230721 203
25230743 12
25230761 19
25230847 89
25230851 21
25230971 405
25230971 2181
25231001 24
25231091 1
25231097 72
25231097 828
25231103 1477
25231181 3
25231187 4
25231279 7689
25231301 4
25231309 140
25231331 1
25231403 1
25231499 1
25231499 864
25231513 3932
25231603 248
25231631 1
25231631 36
25231681 3
25231681 3023
25231691 120
25231747 980
25231813 12
25231813 80
25231873 1428
25231937 4
25231993 3
25232027 228
25232093 3
25232153 3
25232177 4
25232203 105
25232257 72
25232321 111
25232371 3036
25232381 7500
25232393 7
25232447 13
25232447 5377
25232491 56
25232497 95
25232533 1391
25232677 4212
25232881 228
25232887 180
25232887 225
25232897 12
25232897 43
25232899 5
25232939 1
25232993 3
25233017 3
25233053 3
25233053 7
25233053 148
25233053 220
25233167 28
25233209 355
25233227 1120
25233259 21
25233259 1445
25233269 7
25233293 16
25233293 340
25233317 7
25233317 2304
25233347 49
25233359 1237
25233419 1
25233419 300
25233421 219
25233479 1
25233487 44
25233673 1563
25233731 8509
25233853 548
25233961 3
25234117 8
25234117 747
25234127 9
25234141 48
25234207 1229
25234219 5
25234219 41
25234267 357
25234327 272
25234343 1
25234471 45
25234501 155
25234523 1
25234523 13
25234571 64
25234577 1320
25234597 3
25234637 144
25234757 15
25234871 4
25234877 7
25234877 840
25234921 963
25234931 1
25234939 1296
25235009 7
25235009 424
25235011 128
25235053 3
25235053 2732
25235101 3
25235167 185
25235183 1
25235219 1
25235219 4
25235227 5
25235341 1503
25235449 687
25235489 4455
25235527 20
25235543 25
25235641 6216
25235659 5
25235671 5
25235723 7728
25235773 48
25235783 1
25235783 13
25235801 3
25235923 92
25235989 15
25236017 39
25236031 213
25236059 1
25236073 8151
25236091 716
25236137 19
25236137 388
25236191 100
25236209 5584
25236353 16
25236391 53
25236401 6375
25236413 108
25236557 3
25236637 12
25236647 924
25236671 1
25236733 8
25236779 1
25236839 1
25236917 3
25236961 11
25236961 35
25236973 1643
25236983 592
25237013 7
25237033 3
25237057 99
25237211 48
25237213 1416
25237271 468
25237343 108
25237357 99
25237501 60
25237501 71
25237613 8947
25237621 3
25237631 1
25237691 96
25237753 2471
25237763 1
25237787 85
25237789 1364
25237847 12
25237889 4
25237943 220
25237943 4596
25237943 5812
25238039 1905
25238041 3
25238041 39
25238041 311
25238063 16
25238063 108
25238063 4600
25238159 2352
25238189 115
25238219 12
25238231 4
25238237 3
25238359 44
25238359 105
25238359 2541
25238503 68
25238533 3
25238687 8580
25238701 111
25238701 195
25238749 11
25238779 321
25238827 1337
25238831 16
25238861 4
25238911 48
25238951 21
25238951 8328
25238959 24
25239001 215
25239209 64
25239229 671
25239229 5615
25239281 4
25239283 5
25239287 192
25239311 2673
25239397 27
25239437 787
25239479 1
25239479 45
25239547 1545
25239563 1
25239563 16
25239563 573
25239583 257
25239593 511
25239601 4895
25239737 3
25239761 235
25239821 3
25239833 7416
25239871 20
25239881 3576
25239937 560
25239967 93
25239971 4
25239979 1980
25240049 267
25240067 2289
25240283 196
25240331 64
25240339 3077
25240399 84
25240447 33
25240513 120
25240601 195
25240627 1340
25240639 29
25240703 1
25240757 3
25240783 968
25240823 8965
25240877 3
25240939 9
25241057 744
25241059 5
25241171 2793
25241171 2829
25241179 140
25241191 336
25241273 135
25241309 1660
25241357 43
25241383 20
25241383 1293
25241389 116
25241389 2232
25241483 1
25241521 23
25241537 615
25241543 1
25241551 41
25241599 29
25241627 1389
25241639 9
25241683 36
25241831 1
25241831 16
25241873 36
25241959 209
25242083 1
25242097 3
25242097 5063
25242131 1
25242169 116
25242181 36
25242281 4
25242281 435
25242289 1556
25242353 12
25242353 87
25242359 1
25242359 9
25242359 60
25242379 176
25242389 3444
25242439 801
25242439 1524
25242449 12
25242493 35
25242533 6475
25242589 6360
25242611 2820
25242653 3
25242653 67
25242779 1021
25242781 563
25242827 468
25242859 536
25243037 27
25243037 40
25243037 1243
25243069 32
25243103 12
25243103 25
25243171 21
25243171 344
25243189 140
25243237 3
25243271 1
25243391 1
25243597 1415
25243633 3
25243643 1
25243769 216
25243781 156
25243927 440
25243927 1473
25243993 11
25244003 1
25244003 4020
25244033 6711
25244047 4937
25244071 5
25244071 8
25244111 1
25244129 1860
25244147 24
25244237 540
25244281 2808
25244287 1233
25244437 8
25244467 320
25244491 113
25244497 467
25244497 2507
25244567 133
25244567 3993
25244629 7455
25244651 13
25244651 25
25244669 60
25244669 8316
25244701 24
25244783 148
25244797 95
25244837 3
25244927 1384
25245049 1439
25245061 3
25245061 15
25245139 200
25245229 60
25245229 624
25245307 9
25245431 1
25245431 4
25245491 1
25245523 108
25245587 25
25245617 127
25245637 3
25245637 8
25245659 1
25245761 3
25245761 519
25245761 5460
25245763 12
25245763 17
25245797 4
25245823 5
25245823 72
25245823 4781
25245917 2199
25245943 513
25246033 20
25246033 680
25246217 3
25246217 4
25246219 209
25246219 5165
25246261 3
25246271 1
25246427 1972
25246477 12
25246511 9
25246531 29
25246531 8004
25246537 1272
25246561 135
25246561 3003
25246577 3
25246597 1863
25246723 105
25246723 3921
25246811 1
25246811 4
25246883 1
25246933 3
25246981 35
25247003 1
25247137 23
25247177 180
25247203 872
25247231 1
25247249 16
25247461 320
25247501 3
25247591 1
25247623 8
25247701 3
25247809 12
25247993 8227
25248037 87
25248059 1
25248127 2960
25248133 48
25248149 4
25248151 1356
25248277 3323
25248313 83
25248313 708
25248371 580
25248491 256
25248557 3
25248557 519
25248649 579
25248659 24
25248673 36
25248679 1556
25248721 68
25248737 4
25248767 48
25248767 388
25249061 280
25249069 15
25249073 3
25249117 3
25249129 179
25249183 3753
25249229 5884
25249247 7384
25249351 29
25249373 1516
25249501 656
25249559 16
25249591 1664
25249771 5
25249787 108
25249859 1
25249927 605
25249979 1
25249979 9
25250033 51
25250047 77
25250063 1
25250123 1045
25250179 9
25250209 9980
25250237 4
25250363 48
25250471 9
25250501 403
25250531 133
25250579 1
25250579 2217
25250591 4
25250699 81
25250713 11
25250777 1092
25250809 240
25250839 29
25250839 7572
25250887 113
25250971 4344
25250999 5124
25251013 1103
25251053 7
25251059 1909
25251101 411
25251139 92
25251139 152
25251223 12
25251397 60
25251451 5
25251559 332
25251581 15
25251581 496
25251623 1257
25251689 7
25251761 780
25251773 67
25251869 5119
25251883 48
25251937 347
25251943 80
25251973 95
25252079 3004
25252081 8
25252081 95
25252081 144
25252111 6984
25252133 5167
25252147 5
25252181 460
25252247 1849
25252277 1579
25252289 36
25252319 5644
25252439 24
25252439 49
25252609 15
25252687 249
25252741 80
25252811 541
25252813 5640
25252831 60
25252933 3
25252937 180
25252937 919
25252961 31
25252991 156
25253009 24
25253027 4
25253093 495
25253117 15
25253159 25
25253159 2112
25253161 4499
25253167 4605
25253213 91
25253297 3
25253297 3139
25253407 72
25253407 2472
25253411 1
25253441 1948
25253453 27
25253509 4251
25253791 221
25253843 1
25253903 25
25253911 24
25253911 53
25253911 3048
25253929 27
25253971 89
25254143 1
25254191 261
25254221 3
25254221 156
25254227 1929
25254259 69
25254293 576
25254517 48
25254521 3
25254583 372
25254587 580
25254587 1320
25254613 15
25254613 27
25254653 16
25254661 2415
25254727 12
25254751 4569
25254763 101
25254791 1429
25254821 928
25254869 751
25254919 809
25254953 891
25254959 1
25254959 24
25255163 7276
25255171 2285
25255187 468
25255187 3009
25255193 243
25255213 8
25255247 129
25255247 585
25255271 1
25255367 4
25255367 24
25255393 4587
25255397 3
25255397 7
25255411 285
25255411 1205
25255463 13
25255501 540
25255561 3
25255609 15
25255651 5
25255651 1496
25255673 36
25255691 2764
25255697 1639
25255777 107
25255831 1013
25255837 3
25255961 3
25256003 957
25256003 1008
25256039 1
25256053 15
25256053 23
25256057 12
25256107 192
25256131 5
25256137 1187
25256177 879
25256201 976
25256261 4
25256359 17
25256359 276
25256381 3
25256381 75
25256431 689
25256479 24
25256587 8
25256641 44
25256683 161
25256711 1
25256753 91
25256771 4
25256771 13
25256879 1
25256879 12
25256963 133
25256963 717
25257227 2568
25257277 3299
25257527 9
25257541 711
25257541 1344
25257601 3
25257623 1
25257719 4
25257761 15
25257769 231
25257797 19
25257803 1
25257853 87
25257857 6160
25257871 2921
25257913 3
25257917 63
25257919 477
25257923 1
25257923 33
25257949 275
25258001 4203
25258067 8488
25258109 160
25258199 1489
25258229 1047
25258283 561
25258367 285
25258367 364
25258399 3597
25258451 1
25258451 844
25258523 12
25258573 12
25258573 51
25258627 48
25258637 4
25258691 16
25258711 773
25258813 231
25258859 612
25258879 9
25258939 9165
25258997 27
25259009 315
25259051 1888
25259077 444
25259131 21
25259137 23
25259149 275
25259167 144
25259287 1044
25259287 5880
25259291 1
25259503 7812
25259519 1
25259627 84
25259651 36
25259719 6780
25259851 321
25259881 68
25259881 243
25260023 1
25260031 5
25260041 3
25260127 12
25260127 9249
25260163 8
25260163 368
25260199 5
25260281 3
25260281 15
25260281 36
25260311 1
25260401 4
25260401 1296
25260491 144
25260517 3
25260517 807
25260517 3947
25260523 141
25260563 21
25260607 9668
25260611 1
25260611 4
25260637 243
25260707 12
25260749 7
25260869 4
25260871 6249
25261097 4860
25261157 4
25261273 3
25261283 1
25261297 335
25261361 3
25261391 4
25261421 1648
25261547 4
25261573 8
25261573 243
25261603 1937
25261661 3
25261661 619
25261679 1
25261693 308
25261763 21
25261763 60
25261823 388
25261823 516
25261829 207
25261837 63
25261877 4
25261879 20
25261897 1187
25261967 1452
25262023 101
25262053 12
25262141 3
25262147 4
25262177 1095
25262287 5
25262311 9080
25262387 60
25262477 307
25262623 261
25262623 8337
25262701 3
25262789 15
25262789 139
25262869 4755
25262893 831
25262903 25
25262903 37
25262987 13
25262999 1
25262999 2980
25263013 3
25263023 21
25263061 648
25263163 20
25263181 3311
25263209 12
25263209 75
25263281 256
25263289 11
25263431 1
25263443 1
25263443 1192
25263493 1055
25263691 209
25263697 368
25263779 1
25263779 1861
25263803 21
25263803 45
25263899 112
25263929 616
25263971 1
25264021 3
25264219 5
25264231 8
25264301 3
25264301 16
25264361 3
25264387 6020
25264571 1321
25264691 9
25264751 348
25264777 3
25264859 1
25264933 12
25265011 128
25265087 9
25265089 3035
25265147 52
25265171 1
25265183 13
25265183 612
25265291 1
25265291 4
25265309 12
25265309 2032
25265311 7524
25265321 79
25265377 15
25265377 1544
25265479 5
25265599 8445
25265627 148
25265711 1
25265711 4
25265711 1189
25265731 1073
25265827 8
25265833 1880
25265923 240
25266041 40
25266173 7
25266289 152
25266313 3
25266343 161
25266359 1
25266359 469
25266517 395
25266551 4
25266551 16
25266601 39
25266847 117
25266869 4
25266919 20
25267007 4
25267043 1
25267141 404
25267183 1365
25267217 139
25267261 60
25267289 6739
25267349 2359
25267427 9
25267427 24
25267427 37
25267507 1077
25267513 3
25267577 3
25267609 635
25267621 75
25267681 8
25267691 16
25267691 4201
25267727 9
25267807 333
25267829 1647
25267897 408
25267937 120
25267951 920
25267981 2744
25268011 5
25268011 8
25268011 4116
25268021 15
25268039 16
25268057 52
25268101 476
25268123 1525
25268279 4
25268291 1
25268297 2875
25268351 2281
25268357 3
25268527 8
25268531 6441
25268531 7113
25268539 36
25268539 81
25268549 252
25268641 3
25268693 48
25268717 3
25268741 400
25268759 36
25268819 1
25268827 1344
25268843 1617
25269029 39
25269037 75
25269047 9
25269071 25
25269071 640
25269073 3
25269133 363
25269217 5832
25269319 4200
25269551 1
25269551 141
25269611 9516
25269613 183
25269613 188
25269637 8
25269659 5664
25269721 1716
25269749 99
25269913 176
25269913 848
25269977 3
25269983 1
25269997 3
25269997 8
25270009 95
25270081 11
25270093 3
25270121 100
25270139 1
25270139 129
25270151 33
25270163 345
25270199 136
25270207 12
25270207 332
25270213 11
25270253 492
25270277 3
25270319 241
25270373 3
25270423 48
25270423 65
25270463 2205
25270471 129
25270489 579
25270489 6084
25270499 1
25270499 1084
25270501 11
25270547 433
25270643 157
25270649 39
25270697 3
25270697 67
25270753 135
25270759 60
25270769 12
25270793 52
25270807 108
25270867 1008
25270933 8192
25270967 8737
25270991 4
25270991 21
25270991 684
25271137 4379
25271219 672
25271287 8
25271291 4
25271297 2839
25271347 9
25271347 3513
25271353 143
25271377 3
25271377 27
25271419 6545
25271423 1
25271453 2172
25271531 1
25271531 13
25271579 72
25271599 501
25271611 20
25271627 4
25271633 100
25271693 268
25271711 4
25271713 11
25271713 1043
25271749 9795
25271837 3
25271839 9020
25271893 147
25271941 24
25271993 511
25272077 3
25272077 28
25272167 4912
25272257 4
25272341 3
25272431 1
25272449 1567
25272491 1
25272497 7312
25272617 132
25272617 1368
25272629 600
25272697 128
25272743 1
25272743 36
25272743 57
25272799 5
25272809 4
25272809 52
25272817 83
25272817 368
25272817 1472
25272899 1
25272899 76
25272899 8749
25272917 447
25272977 1344
25273019 1
25273057 1055
25273057 2264
25273069 1271
25273133 12
25273133 696
25273133 1015
25273163 253
25273187 4
25273201 143
25273217 40
25273333 615
25273393 9383
25273411 3549
25273517 19
25273519 5
25273603 17
25273621 144
25273687 5
25273691 73
25273709 36
25273769 27
25273931 1
25273949 799
25273973 148
25274003 1
25274027 4
25274027 3573
25274063 33
25274177 3
25274201 15
25274251 284
25274261 4
25274267 169
25274323 21
25274339 1
25274369 264
25274377 3
25274387 213
25274419 17
25274443 552
25274453 231
25274519 1
25274519 537
25274537 39
25274551 69
25274567 97
25274591 1
25274609 4
25274713 1935
25274729 4
25274881 71
25274891 1
25274933 28
25274981 375
25275079 5
25275101 4
25275121 1355
25275139 329
25275251 28
25275347 1368
25275353 3
25275359 1
25275359 4
25275389 3444
25275421 444
25275427 4137
25275457 15
25275457 5075
25275493 6171
25275517 15
25275517 39
25275521 600
25275527 4
25275563 13
25275611 1
25275623 1
25275631 44
25275737 4
25275737 12
25275763 5508
25275779 4
25275931 36
25275941 2043
25276019 1
25276019 37
25276109 319
25276151 4
25276243 3248
25276309 1544
25276483 525
25276499 1164
25276523 1
25276547 13
25276597 5000
25276673 127
25276697 864
25276697 2259
25276703 1
25276751 9
25276751 73
25276759 29
25276759 36
25276861 8
25276861 4844
25276963 8
25276963 36
25276969 576
25276981 4736
25277071 5
25277089 2531
25277099 1
25277141 355
25277173 12
25277243 1
25277281 68
25277411 1260
25277501 36
25277509 9120
25277611 9
25277627 340
25277639 1
25277663 96
25277677 3
25277683 12
25277687 57
25277687 172
25277711 1
25277779 9
25277807 69
25277957 3
25278049 75
25278049 311
25278091 209
25278101 2620
25278443 1
25278469 299
25278521 1224
25278523 5
25278577 200
25278739 5
25278767 28
25278767 40
25278767 3828
25278833 12
25278839 4
25278907 3264
25278931 156
25278991 2804
25279021 8
25279049 372
25279211 1
25279211 9
25279211 85
25279217 927
25279283 1
25279409 639
25279451 181
25279453 3023
25279483 5
25279483 1617
25279517 7
25279531 24
25279549 104
25279609 11
25279871 636
25279951 296
25279951 6053
25279979 4
25279979 744
25279979 1005
25280113 9335
25280153 7
25280201 55
25280429 475
25280443 21
25280449 5024
25280471 1
25280533 12
25280573 711
25280599 60
25280713 3
25280753 672
25280767 1113
25280789 2284
25280891 1
25280897 3
25280917 152
25280987 8013
25280999 1521
25281079 41
25281107 3765
25281149 1947
25281187 84
25281299 1
25281317 3
25281331 5664
25281383 460
25281481 15
25281493 416
25281563 213
25281589 11
25281719 1
25281749 27
25281797 1632
25281923 1
25281931 164
25281943 5
25281943 113
25281961 3
25281961 2439
25282001 63
25282039 20
25282039 44
25282039 276
25282039 632
25282189 884
25282207 9
25282207 33
25282253 9156
25282379 1216
25282423 1068
25282459 5
25282459 2760
25282463 6841
25282687 1113
25282769 39
25282769 660
25282781 3
25282781 15
25282811 1
25282813 35
25282841 4
25282871 4
25282981 171
25283047 5
25283047 1185
25283047 7584
25283077 6999
25283087 340
25283161 11
25283261 40
25283359 5
25283359 389
25283359 845
25283399 8505
25283413 128
25283443 648
25283459 385
25283483 13
25283483 1608
25283549 4
25283549 15
25283549 19
25283561 3
25283561 6528
25283689 32
25283689 99
25283701 48
25283759 1
25283803 141
25283807 9
25283821 3720
25283837 3204
25283873 15
25283891 60
25283897 15
25284139 105
25284191 1
25284191 49
25284221 3
25284241 24
25284241 623
25284247 4620
25284271 153
25284323 1
25284401 4
25284419 1
25284599 1
25284599 816
25284631 8
25284907 8
25284907 672
25284971 4
25284971 1240
25284979 252
25284979 461
25284983 325
25285009 15
25285031 1
25285121 7036
25285133 523
25285163 36
25285177 152
25285237 8
25285279 17
25285373 2080
25285387 1520
25285567 320
25285567 629
25285723 8
25285759 305
25285891 8
25285921 56
25285937 7
25285937 1720
25285957 24
25286003 573
25286099 2140
25286171 21
25286171 265
25286179 104
25286189 5559
25286249 535
25286273 3727
25286351 69
25286377 555
25286467 213
25286609 679
25286609 1596
25286617 72
25286711 1
25286719 5960
25286743 5
25286747 3828
25286759 1
25286771 9
25286783 345
25286797 3
25286827 17
25286851 4505
25286903 1
25286983 8
25286999 9
25287011 1
25287079 824
25287083 1260
25287091 1545
25287113 3387
25287131 25
25287137 415
25287247 20
25287377 223
25287421 11
25287737 100
25287781 336
25287793 1808
25287793 5592
25287923 1516
25288037 127
25288213 8
25288337 243
25288451 13
25288451 1129
25288507 17
25288519 29
25288573 3
25288573 32
25288631 4
25288657 35
25288691 1
25288793 7
25288849 15
25288997 12
25288997 787
25288997 1108
25288997 1408
25289039 1
25289051 1
25289053 72
25289053 131
25289227 5
25289227 3284
25289237 2079
25289239 9
25289503 5
25289531 2724
25289567 4
25289569 152
25289569 704
25289597 204
25289651 1
25289651 9
25289683 297
25289777 4843
25289783 1533
25289917 284
25290019 600
25290061 1311
25290107 184
25290347 13
25290367 8
25290383 6088
25290431 1
25290437 5019
25290439 5
25290491 3016
25290571 24
25290619 3644
25290623 4285
25290673 3191
25290677 3
25290677 2847
25290701 31
25290701 624
25290719 184
25290757 8
25290757 308
25290893 48
25290901 68
25290953 732
25291073 1372
25291129 1367
25291157 3
25291213 3
25291213 143
25291327 12
25291351 1505
25291363 17
25291403 93
25291531 96
25291543 1608
25291583 5601
25291703 33
25291703 2641
25291723 41
25291729 36
25291813 15
25291829 6387
25291873 2355
25291879 141
25291879 1020
25291951 21
25292143 8193
25292153 208
25292191 125
25292191 221
25292219 76
25292357 3
25292357 2847
25292419 2516
25292467 84
25292551 441
25292699 280
25292749 852
25292789 2836
25292791 5
25292831 1
25292831 16
25293011 9
25293029 612
25293053 3
25293061 3
25293071 1
25293143 12
25293143 1045
25293211 44
25293239 1
25293277 119
25293283 1440
25293377 207
25293419 61
25293451 7628
25293479 1869
25293659 24
25293677 4
25293677 2223
25293677 2412
25293791 1
25293791 81
25293797 1192
25293797 1300
25293857 7
25293893 291
25293913 1232
25293979 152
25294123 8
25294163 1
25294193 76
25294211 4113
25294223 73
25294229 84
25294231 105
25294343 1
25294439 4
25294517 12
25294523 345
25294547 4
25294547 2884
25294559 9
25294597 4103
25294739 4
25294799 1
25294889 351
25294889 8920
25295093 3396
25295107 57
25295117 40
25295117 520
25295141 3
25295143 4241
25295177 12
25295191 1725
25295233 8
25295321 4
25295509 12
25295509 615
25295509 7335
25295579 1
25295587 93
25295629 120
25295639 1
25295771 144
25295789 36
25295863 9237
25295867 4
25295939 385
25295981 4
25296059 232
25296121 683
25296137 1263
25296137 6540
25296143 1
25296223 5292
25296269 4
25296269 19
25296331 5
25296331 21
25296371 1
25296569 2019
25296571 384
25296643 5637
25296701 24
25296751 936
25296839 1
25296839 8997
25296919 5
25296983 1
25296991 8
25297007 145
25297057 147
25297099 429
25297117 272
25297141 135
25297163 165
25297163 7101
25297183 332
25297199 1
25297199 184
25297243 8
25297247 88
25297267 8
25297273 1695
25297273 4407
25297319 12
25297331 1776
25297339 485
25297351 3749
25297357 264
25297693 8
25297709 7
25297709 31
25297739 96
25297799 16
25297879 12
25298069 6439
25298099 12
25298099 36
25298111 1
25298111 21
25298167 5
25298171 9
25298213 3
25298213 1048
25298257 3
25298303 316
25298341 308
25298381 48
25298501 2056
25298513 15
25298513 52
25298627 193
25298803 5
25298803 36
25298837 3
25298837 5800
25298857 1539
25298869 207
25298869 6992
25298879 2989
25298893 3
25298971 945
25298971 1649
25299041 496
25299139 204
25299139 1389
25299161 223
25299191 21
25299257 60
25299271 1548
25299413 4327
25299433 3
25299433 5835
25299481 1431
25299499 1064
25299551 61
25299557 199
25299577 275
25299607 12
25299611 16
25299623 1
25299661 15
25299733 3
25299847 744
25299907 48
25299907 605
25299979 12
25300003 896
25300007 88
25300021 3
25300021 8
25300021 11
25300081 335
25300091 1
25300159 245
25300189 5795
25300283 1
25300427 340
25300487 144
25300501 356
25300507 417
25300577 7
25300589 7327
25300591 20
25300703 1
25300823 1
25300823 73
25300823 213
25300841 411
25300853 28
25300853 292
25300861 3
25300861 8139
25300883 1
25300937 192
25300939 89
25300969 15
25301033 16
25301033 235
25301041 63
25301041 191
25301047 1164
25301123 1
25301131 29
25301191 608
25301267 6397
25301273 5608
25301281 3
25301281 20
25301291 1
25301351 1
25301509 1256
25301509 1796
25301527 572
25301603 1
25301603 6060
25301657 4
25301677 1007
25301681 43
25301687 28
25301693 67
25301777 108
25301849 24
25301929 360
25301957 7
25302143 1
25302143 13
25302149 124
25302163 1581
25302241 59
25302241 71
25302283 972
25302287 348
25302317 4
25302463 96
25302503 1
25302551 153
25302551 2928
25302559 209
25302583 17
25302659 7044
25302689 7
25302769 11
25302803 28
25302821 40
25302841 8
25302853 252
25302859 1745
25302997 324
25303121 108
25303189 24
25303211 25
25303367 69
25303367 97
25303441 396
25303441 2076
25303513 815
25303559 1
25303571 1
25303591 8
25303643 1
25303643 7705
25303721 3
25303723 836
25303757 3
25303913 3
25303969 1359
25304003 1
25304039 1
25304077 47
25304107 689
25304137 5975
25304159 36
25304171 136
25304171 604
25304179 269
25304221 15
25304261 16
25304261 7719
25304287 5
25304287 1917
25304291 1
25304509 59
25304549 75
25304579 1
25304581 71
25304663 1
25304771 1
25304771 7189
25304779 9
25304779 269
25304821 836
25304837 259
25304837 412
25304911 6476
25305001 7559
25305013 623
25305053 436
25305097 2372
25305109 11
25305211 21
25305233 3
25305233 172
25305251 1
25305251 9
25305307 404
25305311 469
25305353 12
25305361 3
25305361 23
25305383 1
25305419 1
25305419 2964
25305463 41
25305463 1805
25305481 1224
25305481 4271
25305529 395
25305557 3
25305601 99
25305619 9
25305619 89
25305659 4
25305689 640
25305689 1111
25305757 32
25305779 456
25305779 885
25305803 1
25305811 56
25305823 12
25305941 4
25305947 64
25305947 7468
25306027 8
25306031 1
25306133 3
25306159 365
25306219 5
25306273 7167
25306283 25
25306283 48
25306289 144
25306327 5
25306331 1
25306559 12
25306559 49
25306769 5839
25306807 44
25306807 684
25306823 865
25306847 33
25306859 1752
25306861 3
25306913 7
25307011 8
25307081 1056
25307083 33
25307089 32
25307119 1937
25307123 1
25307171 604
25307201 3
25307201 4
25307213 1000
25307257 3
25307353 347
25307587 29
25307587 72
25307609 12
25307621 508
25307621 5920
25307647 477
25307647 2228
25307731 1404
25307809 11
25307831 4
25307861 343
25307881 8
25307939 1
25308071 1
25308091 5
25308091 224
25308113 6135
25308191 1
25308281 144
25308289 7947
25308293 7
25308331 3624
25308377 3
25308391 5
25308397 2207
25308499 5
25308571 21
25308599 12
25308641 216
25308641 484
25308649 392
25308649 791
25308707 8404
25308713 2347
25308721 24
25308727 5
25308749 2739
25308799 32
25308919 29
25309003 1652
25309079 1
25309153 15
25309247 537
25309247 2728
25309357 5312
25309399 2144
25309513 8463
25309561 339
25309607 13
25309619 9
25309619 1192
25309621 2039
25309709 4
25309723 5
25309759 5
25309799 1
25309799 297
25309841 3
25309841 696
25309873 20
25309873 23
25309897 203
25309927 2648
25309939 12
25309943 345
25309967 52
25310023 6620
25310171 1125
25310171 3048
25310317 723
25310317 1244
25310347 65
25310437 60
25310437 68
25310447 28
25310447 2424
25310447 9288
25310449 35
25310449 135
25310459 57
25310471 1
25310491 104
25310567 37
25310647 7752
25310651 25
25310651 129
25310651 709
25310693 3
25310759 2829
25310797 15
25310801 1099
25310819 5317
25310867 2652
25310893 111
25310917 3
25310917 1724
25311037 3
25311049 5700
25311061 8
25311103 156
25311313 147
25311329 40
25311361 15
25311397 20
25311421 156
25311443 12
25311491 228
25311493 183
25311551 1
25311647 2128
25311659 1
25311703 8
25311703 96
25311829 275
25311931 9
25312051 8
25312103 13
25312117 108
25312117 368
25312169 331
25312229 4
25312229 31
25312267 29
25312267 93
25312289 7
25312297 912
25312381 3
25312387 92
25312487 273
25312603 32
25312613 3
25312687 33
25312723 773
25312733 12
25312741 3
25312817 147
25312843 605
25312877 675
25312891 741
25312901 4
25312901 1084
25313063 412
25313129 3187
25313147 72
25313269 1539
25313503 321
25313521 744
25313579 4
25313621 1543
25313633 4392
25313677 9620
25313749 296
25313779 21
25313801 3
25313801 319
25313861 99
25313903 925
25313941 99
25313999 1
25314041 288
25314077 52
25314083 37
25314281 588
25314287 489
25314287 3189
25314293 75
25314313 12
25314407 217
25314469 4047
25314491 4489
25314511 80
25314563 1
25314563 12
25314637 812
25314637 1632
25314661 104
25314701 279
25314703 2165
25314781 63
25314799 3204
25314823 20
25314823 3600
25314847 392
25314847 525
25314901 248
25314931 8
25315027 9
25315033 5895
25315117 3
25315117 959
25315123 57
25315181 31
25315273 15
25315309 56
25315319 1
25315373 16
25315403 1
25315483 233
25315627 5852
25315643 28
25315699 669
25315769 184
25315817 759
25315909 8960
25315943 1
25315943 16
25315957 1067
25316021 24
25316023 981
25316023 2337
25316041 3
25316041 56
25316041 6084
25316059 20
25316059 1256
25316153 3
25316173 300
25316197 3
25316237 603
25316279 1
25316381 3184
25316387 1845
25316443 8
25316461 8
25316461 36
25316513 15
25316513 6900
25316527 5
25316567 9
25316579 144
25316579 180
25316693 108
25316717 55
25316869 60
25316939 100
25316957 12
25316983 2172
25317023 37
25317133 3567
25317167 637
25317211 5
25317221 3
25317247 5
25317263 1
25317269 967
25317283 68
25317337 3
25317337 5652
25317353 556
25317469 39
25317529 104
25317559 5
25317629 219
25317661 2864
25317707 9
25317883 20
25317923 217
25317959 8652
25318057 20
25318057 59
25318057 72
25318081 131
25318091 9
25318133 6795
25318217 460
25318277 19
25318303 420
25318333 512
25318343 81
25318343 9036
25318373 171
25318417 3
25318451 613
25318481 1416
25318483 632
25318613 12
25318639 341
25318679 12
25318757 2848
25318807 509
25318861 891
25318907 397
25318939 29
25319053 3776
25319081 9664
25319141 40
25319221 84
25319237 12
25319243 28
25319293 1056
25319351 1
25319351 1861
25319473 3
25319537 4
25319537 195
25319543 1
25319551 45
25319587 5
25319587 72
25319603 1
25319611 176
25319627 45
25319633 8127
25319773 11
25319927 4
25319927 9
25319947 4304
25320013 32
25320013 116
25320013 335
25320041 444
25320047 1540
25320143 1
25320187 24
25320193 251
25320199 92
25320209 4
25320289 1835
25320311 21
25320319 20
25320319 24
25320349 1844
25320389 336
25320391 36
25320391 924
25320479 1
25320577 24
25320601 11
25320641 3
25320653 40
25320689 7
25320689 27
25320773 7
25320929 2751
25320929 6331
25320931 56
25320961 44
25321099 12
25321151 4536
25321181 15
25321201 2015
25321277 3
25321337 243
25321339 12
25321349 1351
25321567 8
25321733 7
25321799 7276
25321867 5
25321897 47
25322113 1292
25322189 219
25322203 5
25322203 8
25322233 512
25322317 84
25322411 1413
25322413 68
25322441 3
25322483 1
25322641 1244
25322651 1
25322663 1
25322663 8536
25322761 384
25322797 95
25322819 765
25322831 133
25322893 4691
25322993 48
25323007 144
25323041 4
25323071 120
25323071 1656
25323131 1
25323229 51
25323239 1209
25323247 2988
25323289 111
25323307 65
25323317 4728
25323377 24
25323407 4
25323589 72
25323677 4320
25323679 9
25323709 11
25323763 6572
25323853 11
25323973 251
25323997 819
25324037 3
25324087 125
25324133 27
25324133 31
25324223 1
25324249 8547
25324363 2793
25324447 8
25324451 1
25324451 3013
25324597 24
25324643 553
25324667 4
25324729 6984
25324811 1
25324811 60
25324829 4
25324903 36
25324907 208
25324931 205
25324933 8156
25324991 1
25325011 9885
25325017 227
25325017 4440
25325161 6155
25325173 636
25325177 4
25325239 1509
25325303 1437
25325317 20
25325401 3
25325407 329
25325411 1
25325437 3
25325483 1
25325549 12
25325609 636
25325627 64
25325681 19
25325711 1
25325731 428
25325761 3236
25325761 8648
25325779 5
25325819 1
25325843 28
25325843 628
25325849 55
25325857 4307
25325863 1356
25325981 3
25326079 440
25326079 461
25326157 3
25326157 152
25326157 704
25326199 192
25326199 257
25326199 504
25326263 3241
25326299 4
25326307 29
25326403 5
25326683 1
25326727 5
25326751 1176
25326809 7
25326809 172
25326817 539
25326877 3
25327013 151
25327033 12
25327033 863
25327039 356
25327109 2127
25327111 80
25327111 1989
25327187 1020
25327271 9
25327283 1
25327447 69
25327457 12
25327457 232
25327457 1968
25327459 300
25327723 5
25327723 36
25327723 3801
25327751 4045
25327777 3
25327777 35
25327787 1180
25327811 145
25327843 233
25327867 5
25327867 200
25327879 72
25327921 3
25328033 475
25328033 8616
25328059 32
25328059 305
25328183 133
25328231 381
25328231 733
25328357 2380
25328399 1
25328399 537
25328549 184
25328561 4944
25328621 348
25328711 345
25328867 3024
25328869 6324
25328951 3565
25328999 16
25329011 9
25329011 141
25329047 1732
25329067 5
25329067 3012
25329173 3
25329229 227
25329323 3660
25329377 3
25329377 124
25329401 603
25329419 180
25329419 6169
25329427 17
25329523 8796
25329599 1
25329607 224
25329659 1
25329659 12
25329713 243
25329749 2011
25329803 21
25329971 1
25329979 201
25330001 3
25330009 11
25330013 27
25330027 9368
25330103 85
25330121 1915
25330213 2168
25330271 408
25330367 9
25330373 55
25330373 3388
25330549 135
25330573 8
25330583 1
25330609 300
25330631 1
25330633 1427
25330693 4448
25330709 4
25330807 320
25330973 691
25331101 516
25331129 151
25331129 2247
25331203 17
25331203 57
25331227 3128
25331249 7
25331539 221
25331641 8
25331651 1
25331659 2589
25331699 4
25331699 261
25331821 11
25331851 8
25331851 9
25331851 476
25331879 1
25331879 597
25331881 620
25331893 20
25331909 12
25331909 315
25331909 8580
25332049 75
25332077 4
25332077 132
25332077 172
25332079 5672
25332089 12
25332101 15
25332247 17
25332331 84
25332343 3932
25332413 48
25332509 2319
25332557 7
25332599 1989
25332761 16
25332869 5299
25333001 124
25333031 40
25333067 9
25333093 1296
25333103 1
25333103 316
25333151 1
25333229 40
25333241 139
25333471 2220
25333489 180
25333489 231
25333687 9
25333753 3
25333811 2941
25333829 7
25333829 2379
25333843 3821
25333853 156
25333853 400
25334051 4
25334077 8
25334209 92
25334213 2856
25334213 7371
25334237 7
25334357 547
25334591 1
25334591 1840
25334633 3
25334663 1
25334731 305
25334731 7361
25334821 408
25334839 12
25334839 20
25334861 15
25334887 8
25334887 12
25334921 3
25334971 401
25335019 80
25335059 1
25335059 6249
25335097 119
25335119 1
25335203 181
25335311 1
25335311 2049
25335337 6048
25335347 9184
25335377 735
25335383 1428
25335407 9
25335503 1
25335539 1
25335601 3
25335601 60
25335641 228
25335743 1
25335743 868
25335767 364
25335881 3
25335913 111
25335977 4
25335979 4097
25336049 15
25336079 177
25336229 24
25336277 15
25336349 2200
25336397 87
25336427 337
25336463 1
25336469 876
25336523 1
25336559 12
25336673 43
25336711 1733
25336721 180
25336757 7
25336763 57
25336763 228
25336813 8
25336853 663
25336877 3
25336907 100
25336991 1
25337063 13
25337077 3
25337113 120
25337171 1
25337171 73
25337173 11
25337219 1
25337227 192
25337227 2480
25337227 4880
25337243 352
25337353 143
25337383 68
25337401 35
25337843 40
25337899 869
25337903 616
25338011 1
25338107 37
25338179 1
25338331 101
25338353 15
25338367 5
25338367 1013
25338473 327
25338497 9075
25338569 91
25338581 16
25338623 1
25338661 360
25338667 5
25338679 2045
25338769 104
25338773 132
25338787 12
25338787 45
25339051 80
25339091 1
25339151 48
25339187 9
25339211 4
25339229 7
25339241 3
25339289 4
25339373 460
25339453 936
25339471 81
25339499 21
25339621 3
25339621 8
25339753 3
25339793 303
25339861 4323
25339871 1
25339891 1913
25339903 132
25339973 7
25339973 1587
25339981 111
25340023 996
25340039 1
25340057 4
25340099 69
25340131 105
25340261 4
25340279 1
25340291 40
25340291 73
25340401 1163
25340407 8
25340407 4152
25340507 48
25340551 165
25340617 2408
25340789 4
25340879 2905
25340921 39
25340933 7
25341011 340
25341011 2421
25341053 8391
25341073 3
25341187 3413
25341187 4097
25341289 491
25341499 5
25341521 2796
25341529 707
25341529 9879
25341587 1504
25341619 405
25341709 1980
25341751 8
25341751 33
25341821 4
25341881 3
25342043 1
25342103 112
25342111 36
25342139 1
25342139 37
25342309 104
25342327 20
25342379 1
25342459 5621
25342501 1955
25342591 2469
25342703 21
25342771 24
25342901 460
25342927 29
25342949 15
25342991 1
25342991 6441
25343051 85
25343069 31
25343179 1112
25343233 3
25343341 56
25343341 260
25343471 1
25343611 8
25343611 9
25343693 7567
25343707 329
25343741 6859
25343743 77
25343827 8025
25343867 829
25343881 44
25343881 8340
25343897 24
25344029 1131
25344047 4
25344113 60
25344131 1
25344197 399
25344199 12
25344307 785
25344307 1185
25344317 132
25344343 977
25344379 9
25344383 12
25344401 103
25344419 157
25344427 5
25344427 2397
25344457 3
25344457 480
25344491 24
25344497 3
25344511 5
25344563 1
25344607 5
25344691 8
25344691 216
25344719 1
25344721 564
25344731 9201
25344743 1
25344757 32
25344779 1
25344853 3
25344853 5111
25345027 8
25345039 680
25345063 116
25345157 4
25345207 5
25345207 29
25345213 6780
25345273 7035
25345277 1647
25345393 2832
25345403 5220
25345409 99
25345417 20
25345559 372
25345871 1365
25345889 4
25345967 117
25345967 205
25346039 6517
25346047 8
25346047 4340
25346213 28
25346213 88
25346423 1
25346603 717
25346687 2688
25346729 67
25346791 144
25346833 3875
25346857 32
25347209 96
25347437 4
25347481 3
25347503 796
25347613 3
25347643 17
25347797 304
25347811 8
25347857 264
25347859 9752
25347911 1
25347911 4
25347911 396
25348007 13
25348031 204
25348039 117
25348079 4
25348079 424
25348091 13
25348171 144
25348217 3
25348339 4176
25348571 304
25348643 1
25348703 1
25348703 13
25348703 37
25348711 828
25348723 57
25348747 57
25348859 21
25348963 516
25349039 1
25349039 141
25349053 947
25349141 108
25349153 7
25349153 220
25349183 1
25349213 343
25349213 487
25349213 516
25349257 44
25349267 1132
25349273 508
25349321 19
25349321 763
25349347 153
25349371 29
25349419 816
25349491 29
25349531 1
25349561 3636
25349563 173
25349813 31
25349837 4
25350023 12
25350049 12
25350211 924
25350323 5208
25350331 24
25350359 97
25350407 97
25350431 60
25350469 320
25350497 3
25350599 4
25350599 372
25350673 36
25350683 13
25350713 2796
25350817 375
25350823 56
25350847 8
25350847 513
25350881 123
25350881 9964
25350967 5
25350967 225
25350971 1
25350971 2628
25351003 420
25351033 8
25351057 884
25351141 3
25351141 131
25351159 12
25351169 12
25351177 48
25351213 12
25351223 1
25351289 151
25351349 4567
25351411 165
25351421 3
25351421 4
25351427 48
25351429 8852
25351433 91
25351511 4
25351517 144
25351523 1
25351657 3
25351741 483
25351747 3000
25351789 3056
25351877 2407
25351891 69
25351891 269
25351973 6580
25351999 7809
25352021 1695
25352087 4885
25352143 12
25352153 792
25352231 1
25352387 169
25352399 1
25352399 9
25352533 3
25352557 9459
25352573 63
25352653 4043
25352891 1
25352891 4600
25353037 3
25353079 5
25353089 55
25353179 24
25353191 280
25353191 4384
25353283 5
25353299 1
25353299 156
25353379 6584
25353431 1
25353469 207
25353499 12
25353499 524
25353529 9927
25353551 124
25353593 7
25353623 1
25353661 51
25353661 260
25353673 8
25353791 33
25353869 87
25353941 4
25354019 1
25354019 4
25354067 289
25354067 409
25354271 1
25354363 8
25354397 3
25354451 745
25354481 7728
25354499 3481
25354643 132
25354663 33
25354663 4193
25354951 4044
25354991 1
25354999 7257
25355021 148
25355021 7624
25355069 195
25355087 672
25355167 168
25355207 4
25355233 23
25355243 40
25355357 159
25355401 176
25355411 2013
25355431 1109
25355717 79
25355717 120
25355719 1200
25355779 117
25355839 17
25355987 625
25355987 3645
25356329 24
25356389 4
25356421 3
25356421 2723
25356467 45
25356497 127
25356563 132
25356589 119
25356677 348
25356731 1
25356841 20
25356953 31
25357019 1
25357037 2415
25357093 435
25357103 13
25357103 588
25357231 3260
25357259 3624
25357291 96
25357309 27
25357309 467
25357333 12
25357357 3
25357621 360
25357637 6903
25357667 8953
25357699 56
25357711 41
25357751 9
25357757 4
25357757 24
25357757 28
25357793 7
25357859 1
25357867 45
25357867 200
25357889 4
25357921 11
25358059 36
25358059 129
25358143 72
25358143 7281
25358159 3225
25358233 80
25358309 507
25358329 164
25358381 1255
25358381 6484
25358387 189
25358453 36
25358477 28
25358477 1227
25358657 15
25358659 12
25358659 3837
25358759 252
25358771 1
25358771 28
25358771 1816
25358791 153
25358821 11
25358831 225
25358833 3
25358843 1
25358843 1161
25359011 100
25359083 1
25359083 2308
25359119 4
25359193 720
25359403 9113
25359419 1
25359517 12
25359533 72
25359539 1
25359619 77
25359671 1029
25359671 3744
25359757 39
25359791 24
25359821 16
25359827 2109
25359839 1
25359839 2617
25359871 5
25359923 4612
25360057 80
25360151 913
25360157 180
25360171 21
25360171 81
25360403 1
25360507 44
25360523 37
25360607 9
25360609 216
25360661 1564
25360663 1721
25360691 96
25360729 1091
25360807 20
25360807 45
25360913 3
25360939 29
25360961 3036
25361009 211
25361221 248
25361227 168
25361233 6036
25361251 524
25361293 3
25361293 80
25361363 388
25361377 48
25361393 7
25361477 4
25361513 15
25361533 8
25361579 1
25361683 3168
25361899 80
25361927 744
25361933 3
25362053 91
25362101 16
25362101 135
25362121 23
25362151 156
25362167 45
25362167 1084
25362173 51
25362173 5947
25362257 2107
25362277 632
25362277 2919
25362401 151
25362401 3255
25362569 91
25362613 3
25362671 1849
25362731 1
25362787 3044
25362803 1
25362803 417
25362809 40
25362839 1
25362863 1465
25362989 280
25363069 84
25363199 1
25363243 608
25363243 1013
25363253 103
25363361 51
25363493 75
25363531 1380
25363883 13
25364039 1
25364047 80
25364173 3
25364177 3
25364177 7
25364189 16
25364291 1
25364359 9
25364393 67
25364429 2220
25364533 3
25364611 5
25364611 8
25364611 8741
25364701 168
25364701 540
25364723 1
25364897 847
25364897 8355
25364921 4
25364987 33
25365097 332
25365121 84
25365143 117
25365181 39
25365187 429
25365199 24
25365211 8
25365229 60
25365229 620
25365233 3
25365283 4760
25365287 9868
25365341 15
25365503 13
25365541 203
25365677 1867
25365701 28
25365763 137
25365763 2481
25365793 4952
25366009 11
25366009 480
25366063 5652
25366129 56
25366129 6740
25366147 164
25366147 4992
25366163 52
25366199 12
25366279 57
25366279 677
25366291 5
25366391 13
25366433 7
25366441 20
25366547 384
25366547 8113
25366661 3
25366777 48
25366787 13
25366963 552
25366997 1347
25367123 1
25367143 128
25367143 417
25367171 3321
25367203 5
25367219 4
25367219 1876
25367249 892
25367267 4
25367267 9909
25367351 9
25367359 9
25367429 147
25367543 52
25367677 255
25367753 216
25367753 676
25367819 1701
25367851 209
25367861 40
25367911 2265
25367939 1
25367999 100
25368073 3
25368247 6173
25368307 2240
25368361 3
25368467 2568
25368479 9
25368521 79
25368599 12
25368601 260
25368677 19
25368851 1
25368851 21
25368901 15
25368911 1
25368911 4
25368929 4
25369007 57
25369031 1368
25369109 6036
25369111 8
25369111 2184
25369177 39
25369181 3
25369213 35
25369319 741
25369339 204
25369381 111
25369429 15
25369499 4
25369499 9
25369511 1
25369549 20
25369723 852
25369723 1476
25369727 405
25369741 635
25369843 8
25369843 32
25369843 60
25369919 1261
25369919 2689
25369937 3948
25369979 1
25370017 215
25370017 1839
25370047 308
25370053 3
25370237 3
25370329 35
25370381 43
25370393 3
25370399 1
25370399 4
25370399 145
25370417 3
25370417 1840
25370417 3303
25370479 12
25370497 59
25370503 93
25370503 1772
25370581 459
25370603 61
25370629 4499
25370669 487
25370701 3
25370711 1
25370797 723
25370809 39
25370827 2348
25370879 1
25370971 1440
25371007 4109
25371041 24
25371217 3
25371371 1
25371371 180
25371431 33
25371449 6592
25371487 12
25371487 29
25371499 132
25371527 7425
25371581 3780
25371623 3732
25371629 12
25371629 951
25371739 5
25371851 208
25371881 19
25371961 2144
25372019 16
25372073 3
25372133 151
25372181 3
25372307 52
25372367 28
25372409 15
25372411 8
25372439 12
25372439 36
25372463 52
25372499 24
25372499 277
25372547 4
25372561 224
25372597 8
25372603 2208
25372673 52
25372673 91
25372673 243
25372679 4840
25372783 7737
25372799 1509
25372877 3
25372939 500
25372939 1032
25373087 4
25373093 28
25373237 639
25373281 3
25373371 185
25373501 691
25373549 24
25373627 4549
25373653 75
25373687 460
25374053 3
25374113 48
25374157 3
25374277 3
25374281 9543
25374299 124
25374299 180
25374347 64
25374361 3
25374361 3291
25374379 32
25374487 24
25374529 591
25374577 3
25374593 7
25374607 5
25374607 4392
25374827 4
25374851 45
25374851 165
25374893 91
25374967 65
25374989 16
25375027 108
25375073 427
25375153 111
25375171 9009
25375199 9292
25375291 1988
25375321 84
25375381 20
25375403 1
25375501 3
25375661 136
25375703 73
25375709 36
25375789 5615
25375853 3
25375859 1
25375907 3925
25375919 1
25375943 1
25375943 145
25376017 3
25376051 16
25376059 60
25376059 1989
25376123 45
25376129 67
25376129 132
25376201 3
25376261 4
25376269 20
25376423 1
25376447 12
25376467 369
25376489 6999
25376509 2571
25376509 2639
25376551 281
25376591 3969
25376737 1040
25376737 3264
25376863 68
25376887 917
25376947 5
25376969 16
25376969 135
25376977 723
25376993 132
25377017 7207
25377061 23
25377097 299
25377161 1135
25377241 15
25377241 44
25377269 7419
25377299 21
25377409 3956
25377421 3
25377479 5584
25377491 1
25377553 83
25377577 120
25377607 128
25377631 80
25377641 4
25377679 32
25377689 412
25377761 711
25377767 9
25377767 45
25377797 3
25377851 1
25377853 11
25378061 3
25378097 28
25378123 20
25378147 8
25378217 4
25378253 3315
25378313 88
25378469 4632
25378477 24
25378571 1
25378571 85
25378583 1
25378627 33
25378709 7
25378753 32
25378777 2679
25378853 7
25378939 89
25378957 587
25378957 9384
25379033 75
25379093 12
25379141 148
25379239 137
25379239 152
25379279 1
25379279 69
25379323 1913
25379353 3
25379353 63
25379401 11
25379401 8076
25379411 4
25379423 1
25379423 120
25379443 1992
25379561 15
25379579 9
25379591 909
25379609 87
25379663 6753
25379681 1356
25379701 180
25379773 2408
25379791 320
25379821 80
25379821 183
25379831 1
25379831 1681
25379999 1
25379999 12
25380059 3372
25380193 4923
25380211 5
25380287 4
25380287 169
25380319 141
25380319 1032
25380343 620
25380343 5760
25380361 8
25380403 113
25380437 4
25380479 1
25380613 143
25380671 1
25380671 3361
25380703 8
25380731 1
25380743 945
25380743 5661
25380743 6760
25380767 145
25380769 107
25380769 207
25380791 921
25380811 5
25380821 319
25380899 4
25380899 489
25380907 9989
25380911 360
25380911 1053
25380967 9
25380991 5
25381073 7
25381073 51
25381099 9
25381127 4
25381127 900
25381247 28
25381271 13
25381319 1
25381319 4
25381327 272
25381373 31
25381379 1
25381379 25
25381393 1611
25381469 4
25381607 1140
25381619 1
25381639 3129
25381709 256
25381813 2115
25381847 204
25381877 3
25381991 136
25382099 1
25382099 849
25382101 215
25382117 7
25382117 508
25382117 820
25382129 4
25382183 565
25382183 8101
25382191 113
25382311 45
25382323 5
25382437 840
25382447 28
25382471 45
25382473 3
25382519 61
25382543 1
25382561 4
25382561 99
25382573 3
25382573 27
25382573 460
25382579 1
25382579 3177
25382641 4176
25382677 3
25382723 1
25382809 131
25382839 12
25383101 6091
25383103 2033
25383103 2660
25383161 8755
25383209 27
25383229 644
25383229 4427
25383269 15
25383277 32
25383277 948
25383299 4357
25383313 3
25383331 29
25383349 20
25383383 1
25383383 1701
25383403 12
25383481 191
25383557 4
25383643 221
25383859 17
25384013 6267
25384033 1220
25384049 127
25384127 24
25384243 33
25384259 1
25384493 15
25384493 420
25384529 87
25384537 479
25384543 116
25384591 69
25384643 1
25384739 1
25384763 1
25384763 192
25384763 693
25384811 1
25384861 3
25384861 2960
25384871 1
25384883 13
25385051 1
25385081 6844
25385099 201
25385207 124
25385221 63
25385291 1
25385309 7
25385317 3
25385317 48
25385417 7555
25385443 5
25385447 12
25385561 19
25385603 2328
25385671 404
25385747 1305
25385749 3551
25385891 16
25385923 2480
25386029 1051
25386037 4347
25386143 1
25386143 13
25386143 73
25386247 12
25386371 660
25386437 183
25386563 1
25386563 2301
25386637 8895
25386659 24
25386677 28
25386731 241
25386731 504
25386811 5208
25386901 371
25386929 175
25386971 9
25387013 331
25387013 7168
25387049 4
25387091 1
25387091 5601
25387183 6141
25387213 80
25387277 3583
25387279 21
25387367 1545
25387381 3
25387387 68
25387457 12
25387457 3655
25387463 16
25387463 381
25387471 164
25387547 1309
25387559 117
25387643 1
25387657 8
25387717 3
25387727 4
25387727 2413
25387787 112
25387801 3
25387811 16
25387811 100
25387829 636
25387937 84
25387949 3127
25388173 8
25388183 1
25388203 240
25388203 6501
25388227 80
25388249 4
25388249 111
25388317 68
25388339 676
25388347 17
25388357 387
25388357 735
25388371 33
25388371 201
25388381 4
25388459 1
25388459 4
25388479 1184
25388651 28
25388663 1
25388719 9045
25388723 8125
25388801 151
25388809 4572
25388813 3
25388861 4
25388887 5
25388887 153
25388887 369
25388893 423
25388903 1
25388981 5644
25389011 220
25389061 68
25389083 3208
25389131 1
25389157 24
25389227 4
25389271 5
25389271 521
25389319 57
25389367 1988
25389391 224
25389421 215
25389443 2293
25389443 8553
25389487 4373
25389509 612
25389509 4879
25389599 1
25389599 316
25389599 1317
25389649 119
25389649 2484
25389691 41
25389691 564
25389751 29
25389751 7680
25389773 60
25389773 231
25389787 72
25389797 63
25389887 4
25389983 153
25389989 255
25390063 8
25390067 4
25390067 2340
25390093 135
25390207 33
25390207 89
25390331 1
25390331 6544
25390361 219
25390549 72
25390549 491
25390601 4
25390627 500
25390711 5
25390727 109
25390901 3
25390901 4
25390943 12
25390997 1968
25391021 3
25391021 4
25391021 2535
25391053 63
25391059 20
25391141 3
25391167 4805
25391221 44
25391221 711
25391357 1615
25391363 1
25391363 697
25391389 1184
25391393 876
25391533 1016
25391551 21
25391621 24
25391713 3
25391813 3
25391813 4347
25391831 528
25391843 1
25391843 8677
25391893 351
25391909 7756
25391969 1635
25392041 399
25392047 528
25392089 3271
25392119 792
25392127 5
25392127 1380
25392181 455
25392181 548
25392223 132
25392293 367
25392319 44
25392329 39
25392329 96
25392457 1644
25392481 3
25392553 63
25392581 2571
25392623 1
25392673 8
25392673 743
25392673 3680
25392677 2632
25392739 4752
25392791 6888
25392823 116
25392859 9
25392929 4827
25392929 9760
25393001 4
25393013 3
25393013 1875
25393031 1
25393031 5353
25393037 3
25393157 7
25393157 28
25393169 40
25393243 3981
25393271 33
25393271 81
25393273 423
25393387 9668
25393429 300
25393441 75
25393451 85
25393463 1
25393463 4240
25393483 20
25393547 6945
25393661 36
25393691 1
25393741 11
25393813 123
25393829 16
25393859 1
25393859 5461
25394021 4164
25394077 44
25394077 483
25394087 28
25394087 732
25394101 635
25394233 87
25394389 140
25394557 3
25394573 387
25394647 144
25394653 92
25394713 11
25394771 69
25394851 105
25394879 100
25394969 7
25395037 1404
25395119 1
25395131 1
25395157 12
25395179 1
25395233 228
25395239 3024
25395257 3
25395287 4509
25395323 28
25395367 5
25395661 3
25395707 9
25395763 677
25395767 69
25395787 2277
25395817 59
25395859 5
25395971 1
25395991 8144
25396001 891
25396031 156
25396057 3668
25396087 89
25396127 4
25396127 85
25396127 120
25396127 2364
25396211 88
25396247 4
25396279 716
25396363 36
25396391 1
25396421 916
25396421 2136
25396447 549
25396447 1868
25396463 61
25396523 1
25396619 4
25396687 3068
25396733 12
25396751 1
25396823 1
25396871 580
25396927 9
25397137 35
25397191 6453
25397231 2800
25397257 7275
25397279 280
25397297 3
25397311 2016
25397353 308
25397599 24
25397639 4
25397731 356
25397741 31
25397741 88
25397761 3
25397783 1
25397783 28
25397783 61
25397791 545
25397797 6227
25397839 17
25397903 1
25397921 244
25397951 13
25397951 400
25398007 1649
25398007 4080
25398031 41
25398071 433
25398089 564
25398103 5
25398103 377
25398151 8084
25398157 408
25398157 1967
25398203 2040
25398209 5059
25398341 3
25398413 547
25398467 48
25398467 129
25398467 2725
25398521 28
25398533 7432
25398587 112
25398587 172
25398887 153
25399019 2352
25399021 3
25399021 24
25399021 2231
25399051 5
25399103 1
25399103 36
25399189 12
25399267 1712
25399357 99
25399453 860
25399483 6101
25399489 135
25399529 19
25399537 48
25399579 9
25399579 4656
25399589 496
25399597 212
25399631 33
25399733 3
25399747 9
25399807 9
25399811 6004
25399841 120
25399867 824
25400003 220
25400021 84
25400051 4
25400071 21
25400147 4
25400147 160
25400147 265
25400171 880
25400269 20
25400281 59
25400293 3
25400311 1004
25400387 12
25400387 645
25400449 92
25400467 20
25400483 16
25400519 1
25400527 33
25400527 1100
25400561 795
25400693 436
25400719 1049
25400741 384
25400743 5
25400743 36
25400761 123
25400801 1431
25400849 199
25400953 3
25400971 9
25400989 111
25401001 495
25401011 1
25401091 7281
25401161 139
25401199 657
25401217 555
25401221 3
25401379 5
25401443 72
25401491 4
25401517 35
25401529 51
25401529 4172
25401661 3
25401811 8
25401811 128
25401839 721
25401881 3268
25401979 420
25402019 3985
25402093 8727
25402127 8425
25402241 340
25402243 12
25402367 4
25402459 29
25402459 3309
25402459 5636
25402499 96
25402591 80
25402631 1
25402631 4
25402661 4
25402679 2536
25402703 1
25402703 6868
25402823 1
25402823 13
25402823 577
25402859 1
25402963 5
25402969 24
25402969 264
25403029 12
25403033 376
25403041 299
25403093 3
25403107 2117
25403173 4532
25403281 3108
25403341 56
25403341 323
25403369 4
25403369 747
25403401 3
25403503 5
25403563 9581
25403717 12
25403771 225
25403783 1
25403909 12
25403909 52
25404149 79
25404257 543
25404419 1
25404473 1503
25404503 1
25404523 8
25404571 5
25404571 3320
25404677 12
25404703 116
25404761 4
25404761 364
25404887 1708
25404913 216
25404917 27
25404971 61
25404971 309
25404991 44
25404997 447
25405019 4
25405043 1
25405091 1
25405111 248
25405111 4208
25405141 3
25405181 75
25405229 7
25405231 1821
25405349 3336
25405381 219
25405441 15
25405469 304
25405517 4
25405517 3088
25405571 324
25405591 233
25405631 24
25405637 64
25405637 148
25405661 39
25405661 3348
25405697 27
25405739 360
25405753 5592
25405781 1528
25405811 25
25405889 12
25405889 175
25405987 12
25406033 3
25406033 87
25406057 4
25406089 24
25406111 9
25406119 5
25406159 136
25406431 356
25406489 40
25406573 3
25406573 7
25406587 672
25406587 2105
25406659 45
25406669 79
25406669 91
25406677 3
25406681 124
25406783 672
25406791 33
25406897 3
25406939 1
25406939 1317
25406957 240
25406957 280
25406963 85
25406977 44
25406989 84
25407017 9259
25407131 1
25407131 420
25407251 45
25407253 11
25407311 1
25407359 1
25407377 3
25407449 1272
25407461 3
25407497 1668
25407517 8
25407521 24
25407523 60
25407587 9465
25407649 1535
25407649 4127
25407653 663
25407667 8
25407727 84
25407763 1608
25407841 1143
25407853 20
25407853 1007
25407887 4
25407917 124
25407929 4
25407929 4576
25407971 1
25407971 40
25408063 6497
25408079 1
25408079 61
25408079 1716
25408109 19
25408129 56
25408199 1
25408213 3
25408213 8
25408219 380
25408259 9
25408289 7
25408303 5
25408351 44
25408363 945
25408373 3
25408393 23
25408393 27
25408403 1
25408441 11
25408459 5
25408463 1885
25408483 8
25408483 836
25408547 88
25408573 2756
25408601 891
25408631 268
25408637 4
25408637 7
25408639 17
25408651 273
25408679 1
25408679 4840
25408853 15
25408853 135
25408853 231
25408853 411
25408861 8
25409141 31
25409143 8
25409143 653
25409143 2516
25409171 1
25409171 309
25409221 1256
25409291 5500
25409311 5
25409341 1203
25409383 8
25409459 1
25409473 3
25409477 1735
25409497 12
25409521 3
25409591 1
25409591 40
25409609 7
25409623 53
25409663 7728
25409729 564
25409729 5440
25409809 2516
25409899 156
25409941 4431
25409957 12
25410169 7215
25410251 9
25410269 147
25410299 4
25410389 31
25410401 9699
25410443 52
25410659 1581
25410673 131
25410727 212
25410743 1
25410773 243
25410863 1140
25410899 60
25410919 29
25410919 2136
25410943 1041
25410977 4
25410977 79
25411003 93
25411051 9
25411079 1
25411117 3
25411117 2495
25411223 3541
25411273 2256
25411313 3
25411339 804
25411367 84
25411387 620
25411391 25
25411459 536
25411469 79
25411483 540
25411483 717
25411487 145
25411501 80
25411541 316
25411567 9
25411601 3
25411601 6363
25411613 55
25411613 72
25411643 1
25411697 187
25411717 32
25411777 3
25411777 15
25411843 233
25411891 536
25411937 84
25411973 27
25411973 40
25411999 21
25412021 6651
25412029 5091
25412089 7304
25412201 375
25412209 264
25412239 4752
25412287 5
25412311 21
25412389 7836
25412419 264
25412459 1
25412459 2244
25412461 2159
25412473 27
25412531 9
25412531 28
25412609 12
25412627 4
25412719 3069
25412731 4865
25412753 7
25412819 1
25412819 21
25412879 25
25412887 9
25412987 12
25413139 20
25413139 1112
25413221 4
25413389 4
25413391 6516
25413449 4
25413449 2227
25413517 60
25413517 80
25413517 192
25413517 240
25413629 40
25413629 1035
25413679 696
25413799 20
25413803 88
25413821 5199
25413823 5
25413907 69
25413917 3
25414093 20
25414093 63
25414159 41
25414297 1700
25414339 2684
25414349 2359
25414387 48
25414387 92
25414387 108
25414447 1500
25414553 7
25414601 4
25414619 1
25414657 3299
25414667 33
25414757 3
25414811 2065
25414867 417
25414927 5
25415053 27
25415053 3983
25415057 3
25415057 192
25415059 5
25415059 21
25415083 816
25415099 864
25415129 12
25415129 15
25415183 165
25415219 4
25415237 144
25415393 1875
25415399 72
25415447 4
25415519 45
25415587 8
25415693 3
25415723 1
25415723 1960
25415773 336
25415783 1
25415809 512
25415849 7
25415893 12
25415893 4068
25415909 207
25415963 40
25416113 16
25416137 52
25416137 327
25416161 4
25416163 9945
25416233 27
25416253 32
25416317 4
25416371 48
25416371 453
25416409 32
25416421 291
25416491 1
25416491 4
25416697 39
25416697 468
25416757 287
25416821 3
25416823 32
25416823 2540
25416857 7
25416883 113
25416929 51
25416973 48
25416991 41
25416991 3765
25416997 564
25417037 27
25417037 4392
25417061 355
25417099 1169
25417153 1331
25417153 3968
25417169 19
25417169 51
25417169 2464
25417181 5131
25417313 52
25417391 1
25417423 5
25417439 2061
25417471 21
25417487 4
25417487 28
25417493 3
25417591 920
25417633 35
25417643 712
25417709 15
25417823 388
25417979 9
25418033 3
25418033 16
25418033 1668
25418039 4
25418069 144
25418083 60
25418153 703
25418177 1240
25418191 5
25418191 96
25418249 16
25418249 1272
25418251 845
25418287 5
25418317 2444
25418347 4625
25418363 165
25418411 1
25418423 1
25418531 1
25418531 9100
25418563 8
25418563 2373
25418651 24
25418677 8
25418677 12
25418693 3
25418693 412
25418699 937
25418821 11
25418821 231
25418851 5
25418857 335
25418881 84
25418969 5187
25419001 56
25419019 9
25419019 2100
25419041 3
25419181 36
25419181 39
25419181 4980
25419223 780
25419269 91
25419269 372
25419299 12
25419311 333
25419311 600
25419413 2623
25419503 45
25419671 1
25419673 5523
25419677 328
25419697 3
25419697 23
25419727 164
25419731 76
25419857 15
25419941 4
25419943 5
25419943 108
25419971 21
25420007 4
25420007 37
25420163 33
25420169 339
25420229 24
25420331 1689
25420361 60
25420379 1
25420379 45
25420411 125
25420433 3
25420433 192
25420463 1
25420463 61
25420511 84
25420523 1
25420579 177
25420579 305
25420679 9
25420679 1129
25420691 4
25420751 1
25420823 4117
25420931 1
25420931 1621
25421021 75
25421021 1951
25421027 384
25421093 1515
25421111 4
25421119 20
25421119 165
25421237 3459
25421251 308
25421413 111
25421453 51
25421537 28
25421551 261
25421573 3
25421659 329
25421741 3180
25421771 1
25421939 1
25422041 943
25422109 275
25422149 6987
25422161 51
25422233 7
25422283 8
25422533 2208
25422541 8363
25422623 3340
25422641 6540
25422791 1
25422791 4
25422791 253
25422851 1
25422851 13
25422857 4
25422967 45
25422979 9
25423001 1588
25423043 1
25423061 3
25423061 756
25423061 1015
25423067 2320
25423103 1
25423127 28
25423247 132
25423247 1437
25423259 64
25423373 1227
25423393 5067
25423427 105
25423507 12
25423571 1
25423589 1575
25423613 7
25423747 2837
25423831 9
25423961 280
25424029 119
25424107 893
25424159 40
25424167 825
25424171 2001
25424171 2505
25424183 1
25424237 132
25424341 1391
25424447 45
25424519 1
25424521 3
25424521 5724
25424593 35
25424647 5
25424657 3
25424669 220
25424699 1
25424713 771
25424747 273
25424761 24
25424771 1
25424849 76
25424891 9
25424933 276
25424969 19
25424989 272
25425041 3435
25425061 164
25425067 33
25425079 141
25425089 31
25425137 7
25425137 87
25425137 1588
25425151 5
25425163 893
25425271 128
25425271 380
25425277 23
25425293 4687
25425299 252
25425311 1
25425329 111
25425391 188
25425403 17
25425467 88
25425469 12
25425479 1
25425551 1
25425581 3
25425581 36
25425839 1384
25425871 1005
25425899 1
25425901 3
25425977 247
25425989 420
25426001 3
25426021 896
25426139 37
25426187 13
25426249 2519
25426327 68
25426367 132
25426367 6544
25426393 3
25426553 2212
25426573 2723
25426589 7
25426651 5
25426763 1
25426783 5
25426837 3
25426837 4347
25426981 239
25426991 1
25427069 4
25427069 1936
25427219 1
25427219 4689
25427239 1232
25427273 3
25427401 3
25427401 15
25427431 1208
25427593 7931
25427839 12
25427953 567
25427957 219
25427981 3
25427999 1
25428001 131
25428083 4921
25428173 243
25428371 4
25428371 180
25428373 620
25428727 3000
25428749 31
25428857 147
25428917 172
25428917 507
25428917 6927
25428983 3012
25429013 168
25429057 5687
25429189 192
25429343 765
25429409 292
25429493 15
25429499 1
25429499 4
25429541 3
25429577 64
25429627 44
25429669 176
25429751 28
25429823 85
25429861 3476
25429883 1717
25429919 6832
25429939 9
25429939 44
25430017 44
25430033 7
25430033 15
25430039 1
25430101 7404
25430131 9
25430161 7064
25430191 5
25430191 81
25430213 7
25430213 940
25430213 3748
25430233 47
25430257 8
25430257 12
25430257 15
25430257 479
25430267 64
25430297 2907
25430309 916
25430401 3383
25430423 1
25430443 17
25430459 1324
25430491 8
25430491 7344
25430519 6169
25430549 4
25430551 5040
25430579 1
25430599 56
25430609 7
25430621 708
25430677 75
25430707 5
25430731 36
25430753 36
25430753 67
25430753 976
25430837 208
25430887 497
25430887 4889
25430917 2163
25430957 15
25431001 1308
25431053 3
25431157 923
25431163 233
25431199 845
25431209 96
25431317 4444
25431379 909
25431401 24
25431407 105
25431433 1632
25431457 32
25431493 5331
25431611 1
25431611 784
25431631 29
25431683 28
25431683 873
25431683 6265
25431817 119
25431851 981
25431853 3
25431863 1
25431863 556
25431863 832
25432133 1872
25432247 13
25432247 637
25432249 5511
25432261 48
25432261 720
25432291 545
25432313 2536
25432403 61
25432483 56
25432487 12
25432529 147
25432559 1
25432619 1
25432699 540
25432699 1844
25432753 72
25432819 80
25432837 119
25432843 20
25432921 3624
25433027 280
25433311 365
25433321 3
25433321 100
25433329 944
25433341 759
25433363 988
25433371 5
25433413 3087
25433417 4
25433477 3
25433537 160
25433563 1085
25433651 1
25433651 2101
25433677 87
25433743 5
25433867 280
25433879 1
25433879 4
25433953 3
25433963 121
25434109 140
25434173 115
25434203 33
25434319 60
25434323 1
25434361 144
25434413 1396
25434427 5
25434463 5
25434463 5256
25434551 48
25434691 144
25434697 375
25434751 24
25434811 5
25434821 175
25434821 636
25434917 4
25434917 5863
25435027 24
25435031 1
25435127 4
25435271 25
25435327 8
25435369 2195
25435409 19
25435429 32
25435441 11
25435441 560
25435441 936
25435483 4772
25435517 3
25435561 3
25435681 3
25435691 1
25435693 95
25435733 112
25435897 6419
25436189 16
25436297 3
25436297 43
25436297 159
25436303 1
25436419 20
25436507 12
25436557 12
25436599 161
25436701 3
25436759 1
25436791 45
25436863 80
25436869 6920
25436891 1
25436891 4116
25436897 304
25436959 609
25437173 15
25437239 1
25437271 108
25437283 12
25437311 1
25437311 220
25437311 2976
25437341 16
25437341 964
25437359 12
25437469 1392
25437539 1
25437539 1029
25437649 4920
25437649 6351
25437697 528
25437703 4212
25437779 616
25437787 8
25437821 3
25437821 76
25438123 672
25438157 5532
25438181 51
25438213 12
25438213 380
25438291 9
25438349 31
25438349 8832
25438363 113
25438373 3
25438373 331
25438379 12
25438379 2556
25438393 36
25438393 236
25438417 3
25438513 32
25438547 13
25438607 2313
25438691 33
25438691 228
25438697 3355
25438729 240
25438729 6231
25438799 4
25438811 1
25438841 16
25438877 3
25438883 1
25438927 3153
25438937 3
25438961 28
25438961 1159
25438999 224
25439053 3
25439083 20
25439083 305
25439149 20
25439149 7259
25439213 3
25439263 1196
25439263 2852
25439287 33
25439287 72
25439383 896
25439413 2540
25439483 4725
25439503 696
25439507 9
25439543 873
25439543 6352
25439627 348
25439669 12
25439677 8
25439717 1560
25439741 4728
25439759 352
25439893 12
25439893 723
25439903 37
25439903 3460
25440011 1
25440011 4
25440011 76
25440011 1596
25440179 1
25440187 12
25440187 2513
25440229 11
25440307 4344
25440353 2620
25440407 40
25440419 9
25440479 9
25440529 6371
25440539 1
25440647 28
25440659 801
25440697 3
25440713 8388
25440731 1
25440731 36
25440773 7
25440887 3253
25440973 8
25440979 701
25441187 4
25441189 1667
25441301 135
25441319 1
25441357 2948
25441477 15
25441477 203
25441489 12
25441489 7187
25441547 4
25441547 472
25441753 9275
25441813 2955
25442059 41
25442093 3
25442101 80
25442177 15
25442231 28
25442233 360
25442323 7676
25442327 9
25442363 57
25442371 5
25442411 216
25442411 4513
25442437 5552
25442441 91
25442603 1
25442603 2292
25442639 1
25442687 52
25442701 24
25442707 117
25442719 5
25442719 21
25442731 9
25442759 1
25442777 3
25442783 1
25442891 33
25442891 1440
25442929 1239
25442953 348
25442981 3
25443029 16
25443059 1
25443079 1340
25443149 124
25443151 489
25443167 4
25443199 512
25443463 276
25443479 237
25443491 24
25443553 296
25443569 15
25443599 2500
25443797 79
25443881 2044
25443949 84
25443997 4148
25444033 1175
25444043 13
25444091 1
25444099 41
25444103 16
25444157 3567
25444213 1535
25444277 7
25444277 28
25444373 16
25444403 2257
25444421 15
25444451 2605
25444487 4
25444499 501
25444589 3699
25444607 9
25444721 6351
25444759 4116
25444817 2623
25444847 448
25444891 53
25444961 3
25444961 76
25444967 4
25444981 3
25444981 8
25444981 39
25444981 63
25445089 2540
25445143 320
25445171 5040
25445219 1
25445257 120
25445317 1175
25445323 3177
25445401 3
25445401 144
25445437 324
25445633 7
25445633 616
25445669 4
25445713 120
25445759 4
25445779 44
25445879 121
25445909 55
25446023 1
25446061 68
25446097 39
25446143 1
25446167 12
25446299 1
25446469 24
25446557 2247
25446563 1
25446623 1
25446677 324
25446677 2508
25446761 295
25446781 11
25446793 27
25446823 5
25446907 248
25446989 4
25446991 965
25447003 9848
25447033 3
25447043 1
25447259 4
25447307 4197
25447363 77
25447391 1
25447393 656
25447399 125
25447399 876
25447421 3
25447507 29
25447547 657
25447649 4
25447649 52
25447673 12
25447711 293
25447769 136
25447769 855
25447811 673
25447811 1024
25447837 608
25447871 1
25447987 3569
25448053 2388
25448113 171
25448113 356
25448183 1
25448221 519
25448237 255
25448243 13
25448243 9321
25448261 5731
25448323 321
25448359 24
25448359 5480
25448441 168
25448447 853
25448461 6464
25448471 9
25448503 1320
25448513 796
25448531 16
25448587 32
25448767 3129
25448777 4
25448827 33
25448837 28
25449013 1100
25449191 1
25449191 4
25449241 3
25449241 4839
25449253 72
25449253 1983
25449433 48
25449449 715
25449449 1552
25449503 13
25449517 35
25449551 1
25449563 1
25449577 87
25449577 135
25449653 2143
25449719 2461
25449751 168
25449779 4
25449779 1761
25449899 40
25449923 333
25449989 5040
25450031 1
25450031 24
25450069 2547
25450091 4
25450093 11
25450141 24
25450211 73
25450211 124
25450219 84
25450223 25
25450231 20
25450231 7541
25450277 3
25450279 3596
25450297 659
25450319 496
25450379 45
25450471 9
25450511 241
25450571 8260
25450679 244
25450703 1
25450739 84
25450807 8
25450807 240
25450813 51
25450879 1412
25450993 12
25451011 21
25451053 3
25451059 17
25451117 3
25451117 7
25451189 156
25451191 5
25451191 180
25451219 9
25451233 3803
25451249 4
25451281 11
25451333 255
25451353 6011
25451359 1272
25451381 1404
25451381 3279
25451401 3
25451557 2432
25451627 4
25451663 580
25451687 4
25451717 99
25451753 168
25451791 281
25451801 4
25451917 20
25451947 9
25451999 1
25452017 3
25452113 4188
25452223 5
25452313 1307
25452347 100
25452403 5
25452437 88
25452437 1407
25452527 204
25452527 1368
25452619 5
25452619 156
25452671 1
25452701 2968
25452857 4
25453073 3
25453073 60
25453073 1291
25453159 5
25453159 9
25453159 3669
25453163 1
25453279 4196
25453327 213
25453381 128
25453397 183
25453457 4
25453513 140
25453517 4
25453583 1
25453583 105
25453699 20
25453741 68
25453751 21
25453751 265
25453829 3327
25453873 3795
25453937 4
25453943 1
25453969 540
25453991 753
25454003 268
25454017 84
25454021 48
25454057 79
25454063 117
25454137 1128
25454183 1
25454183 1920
25454201 475
25454293 23
25454339 1
25454339 456
25454369 4
25454383 12
25454383 60
25454383 381
25454393 208
25454411 469
25454447 4
25454501 3
25454521 8
25454543 1
25454579 4
25454579 6465
25454603 1
25454633 376
25454633 1456
25454731 33
25454731 1565
25454773 9672
25454789 2467
25454843 1
25454861 2703
25455029 7
25455119 1
25455151 44
25455179 40
25455281 43
25455281 343
25455299 1
25455299 24
25455323 1
25455343 953
25455379 161
25455379 2685
25455389 1191
25455427 9
25455427 320
25455439 129
25455467 3544
25455589 536
25455671 16
25455697 263
25455713 75
25455713 7423
25455719 1
25455821 135
25455853 3
25455863 1
25455863 145
25455863 1752
25455883 53
25455901 419
25455961 3
25455967 5
25456069 272
25456231 5
25456391 1
25456399 105
25456427 4545
25456489 99
25456499 421
25456547 304
25456567 2789
25456721 63
25456741 44
25456807 12
25456807 4733
25456811 13
25456889 4
25456919 24
25456943 12
25456943 28
25456957 68
25457137 152
25457233 3
25457233 287
25457371 36
25457371 2633
25457401 4104
25457429 471
25457581 195
25457599 5
25457609 31
25457639 1
25457797 27
25457819 84
25457983 12
25457983 81
25458131 801
25458133 107
25458247 105
25458281 3
25458379 72
25458431 1
25458431 9601
25458473 43
25458529 12
25458551 1
25458659 1
25458703 33
25458743 1
25458779 549
25458791 1
25458869 4
25458871 9
25458931 5
25458941 1156
25458959 4
25458959 277
25459003 116
25459019 564
25459067 4
25459099 9
25459099 3936
25459103 1
25459169 64
25459223 1
25459223 12
25459327 33
25459331 21
25459331 993
25459333 143
25459381 35
25459391 40
25459403 88
25459417 35
25459433 75
25459507 2693
25459541 4
25459547 2157
25459627 5
25459673 187
25459751 1
25459793 151
25459801 1620
25459843 17
25459859 4
25460051 4
25460059 281
25460069 84
25460069 96
25460069 2331
25460161 1016
25460177 4
25460177 19
25460233 8
25460291 121
25460327 120
25460371 5
25460371 401
25460503 17
25460531 1
25460621 4
25460621 480
25460663 1
25460719 21
25460719 129
25460761 191
25460761 2000
25460861 195
25460881 4115
25461017 7
25461071 1
25461157 104
25461173 243
25461211 1988
25461251 1
25461251 120
25461281 3
25461281 79
25461367 144
25461377 24
25461421 15
25461421 111
25461467 2692
25461517 2247
25461731 1
25461773 16
25461773 67
25461773 151
25461833 3
25461853 11
25461859 1292
25461929 40
25461959 480
25462001 2103
25462009 5475
25462133 247
25462231 60
25462259 1
25462351 80
25462351 1620
25462361 516
25462387 93
25462421 3
25462421 1371
25462487 688
25462487 8608
25462499 9
25462499 45
25462523 141
25462781 88
25462781 4711
25462799 1
25462799 180
25462819 12
25462883 1
25462901 6415
25462933 3563
25463051 1
25463051 400
25463089 404
25463117 7
25463159 105
25463213 268
25463233 47
25463341 308
25463357 564
25463411 1
25463429 12
25463441 3
25463441 531
25463447 288
25463597 84
25463663 228
25463663 417
25463663 1005
25463677 12
25463677 15
25463831 4
25463839 17
25463843 1
25463899 1200
25463941 120
25463981 1156
25464017 1263
25464037 8
25464037 63
25464037 2280
25464073 1208
25464091 104
25464091 113
25464091 4304
25464107 12
25464107 3928
25464163 8
25464167 4
25464191 24
25464359 424
25464367 20
25464463 128
25464599 1797
25464641 7800
25464721 11
25464721 60
25464737 4407
25464737 5575
25464767 9
25464797 7
25464847 132
25464863 1
25464899 21
25464911 3400
25464937 455
25464941 24
25465009 2624
25465109 4
25465129 7536
25465241 3
25465369 24
25465421 795
25465513 35
25465547 1540
25465549 1499
25465597 3
25465603 21
25465619 1
25465621 3
25465631 1
25465691 4308
25465703 1093
25465889 232
25465889 891
25465901 15
25465901 1395
25465919 69
25465981 3
25465981 51
25465987 113
25466081 39
25466081 220
25466117 4
25466117 28
25466239 41
25466299 3981
25466303 81
25466381 39
25466411 1
25466411 4
25466429 196
25466431 8
25466473 707
25466473 1923
25466503 8888
25466521 23
25466569 60
25466569 471
25466587 2448
25466689 156
25466789 6439
25466851 5
25466893 3
25466927 4
25466933 3
25466933 8151
25467041 288
25467119 5985
25467209 147
25467259 2837
25467289 684
25467389 336
25467397 3
25467499 12
25467521 28
25467529 11
25467643 356
25467703 20
25467703 21
25467817 3
25467917 7
25467943 1557
25467971 1
25467977 4
25467979 32
25467991 56
25467991 1833
25468109 276
25468139 1
25468147 45
25468229 1675
25468229 3547
25468231 416
25468231 1833
25468243 345
25468243 920
25468361 111
25468367 85
25468367 180
25468519 12
25468529 16
25468529 232
25468549 35
25468649 19
25468733 2328
25468823 13
25468837 728
25468847 49
25468879 9
25468901 4
25468969 32
25468979 1
25469033 15
25469051 96
25469051 3753
25469153 12
25469251 44
25469299 29
25469341 3
25469369 84
25469369 400
25469461 3
25469501 135
25469567 9
25469593 611
25469669 7
25469699 304
25469761 3591
25469771 1
25469771 109
25469831 1
25469957 63
25469989 264
25470019 36
25470161 24
25470337 3
25470343 957
25470433 156
25470451 273
25470521 96
25470563 1
25470661 2063
25470701 103
25470847 213
25470853 8
25470953 72
25470953 528
25471073 111
25471079 1
25471241 2608
25471307 9
25471307 13
25471337 2407
25471349 420
25471387 500
25471393 23
25471529 3820
25471549 11
25471643 1
25471717 1380
25471751 85
25471877 8319
25471973 88
25472147 229
25472177 1260
25472189 39
25472189 2916
25472221 3
25472231 1
25472281 3
25472299 5
25472299 4544
25472467 17
25472497 1283
25472519 16
25472549 84
25472609 12
25472651 1
25472651 744
25472729 195
25472857 3
25472861 16
25472893 20
25472893 27
25472963 48
25473017 1084
25473017 3063
25473023 1
25473137 4
25473137 12
25473143 5236
25473193 51
25473193 1076
25473211 8
25473233 367
25473271 7824
25473299 1209
25473373 20
25473379 324
25473419 9
25473523 12
25473529 1820
25473551 3345
25473559 1196
25473611 1
25473611 2136
25473619 2825
25473641 4683
25473647 1300
25473659 1
25473683 1
25473683 208
25473683 7333
25473757 135
25473809 15
25473839 1
25473839 24
25473881 451
25473883 596
25473913 3
25473989 31
25474159 129
25474171 41
25474259 16
25474301 484
25474333 35
25474439 1
25474487 4
25474513 1176
25474543 12
25474583 1
25474583 40
25474597 1812
25474627 333
25474697 4
25474697 343
25474741 3
25474741 335
25474751 501
25474831 8969
25474849 27
25474853 27
25474861 596
25474879 3617
25474973 16
25474997 4
25475077 32
25475147 700
25475159 40
25475171 4788
25475201 135
25475279 4
25475293 1400
25475341 3
25475341 3156
25475357 144
25475407 308
25475587 8
25475617 27
25475621 168
25475777 1027
25475939 40
25476043 20
25476049 239
25476263 460
25476299 2440
25476317 864
25476599 81
25476677 3
25476677 7423
25476707 168
25476719 1
25476743 13
25476791 4
25476797 7
25476827 97
25476887 360
25476901 15
25476959 1
25477007 2257
25477079 1
25477079 4
25477097 64
25477117 6267
25477129 2435
25477187 37
25477213 4223
25477217 640
25477279 72
25477369 9279
25477433 72
25477513 68
25477759 581
25477811 21
25478077 1812
25478099 4
25478111 1
25478111 84
25478239 5
25478251 5
25478263 8
25478303 2553
25478339 1
25478339 1141
25478417 1708
25478437 3
25478483 1
25478483 28
25478491 53
25478543 336
25478573 12
25478633 3
25478647 5
25478701 1148
25478729 12
25478729 2475
25478879 1
25478891 1
25478899 56
25478899 92
25478911 461
25478911 560
25478933 3
25478933 2292
25478933 5671
25478941 1044
25478969 9759
25479011 388
25479017 288
25479017 1108
25479031 68
25479037 3
25479067 12
25479071 1
25479079 156
25479119 4
25479137 3
25479137 12
25479221 4
25479221 24
25479253 2940
25479269 12
25479383 1
25479479 1
25479527 24
25479581 964
25479637 275
25479647 828
25479659 4
25479677 99
25479739 504
25479859 5
25479871 36
25479911 1884
25480097 15
25480129 116
25480151 1
25480187 120
25480187 3048
25480261 56
25480261 104
25480261 6551
25480319 1
25480321 8
25480339 9761
25480379 1
25480459 32
25480459 3132
25480687 2888
25480717 1580
25480823 16
25480823 432
25481023 8
25481047 45
25481089 4287
25481107 12
25481107 629
25481179 9
25481231 1
25481231 73
25481233 20
25481233 471
25481243 1
25481311 8
25481503 6032
25481549 139
25481549 1012
25481587 5
25481647 29
25481779 200
25481791 2700
25481873 168
25481887 9
25481893 231
25481893 408
25482071 1
25482071 145
25482089 7
25482151 2480
25482203 168
25482221 3
25482221 508
25482253 20
25482253 51
25482263 168
25482293 12
25482299 6661
25482449 7
25482449 1056
25482461 88
25482521 60
25482557 3
25482563 1
25482571 413
25482637 3
25482791 885
25482833 3
25482841 24
25482923 33
25483061 244
25483079 1
25483079 1324
25483097 39
25483111 9
25483163 1
25483207 12
25483231 548
25483261 3
25483261 516
25483319 1
25483327 197
25483363 5513
25483387 17
25483387 1328
25483499 1
25483499 9
25483501 1484
25483657 3
25483687 29
25483727 3468
25483753 11
25483933 71
25483967 508
25483967 789
25484059 9
25484141 3
25484143 8253
25484191 21
25484191 5828
25484191 6936
25484209 272
25484209 3824
25484233 140
25484267 25
25484269 912
25484279 1
25484441 24
25484441 468
25484441 616
25484443 108
25484471 13
25484471 3328
25484477 6828
25484579 1
25484587 1560
25484597 2244
25484633 3951
25484647 189
25484699 5181
25484731 6341
25484737 2835
25484867 385
25485017 5872
25485043 3248
25485107 4
25485179 16
25485263 1
25485281 16
25485323 745
25485331 4505
25485371 24
25485371 3948
25485409 416
25485419 1
25485487 8
25485487 3093
25485497 1255
25485553 11
25485569 351
25485709 11
25485767 2424
25485781 203
25485851 313
25485923 3157
25485959 16
25486117 59
25486159 236
25486169 36
25486169 520
25486207 5
25486211 1689
25486327 24
25486327 152
25486339 12
25486411 329
25486457 1515
25486501 3
25486511 1
25486511 2484
25486793 7
25486793 2827
25486819 5
25486823 1
25486873 8
25486939 989
25486957 3423
25487071 9
25487071 1289
25487087 349
25487093 7
25487093 51
25487123 1
25487221 3
25487377 168
25487477 1624
25487479 5
25487603 1
25487629 216
25487713 56
25487789 4
25487867 37
25487899 81
25487951 9
25488109 8327
25488161 51
25488223 540
25488289 12
25488299 1
25488371 1
25488371 880
25488391 5
25488431 6433
25488497 3
25488521 4995
25488587 52
25488629 19
25488629 1407
25488653 120
25488691 105
25488703 32
25488863 1
25488871 105
25488889 2451
25488923 1
25488971 1
25488989 7
25489081 60
25489159 741
25489319 4
25489349 1416
25489391 1
25489391 2289
25489423 5
25489427 4353
25489481 3
25489481 196
25489567 29
25489591 2009
25489649 711
25489649 4132
25489663 20
25489679 145
25489931 61
25489939 917
25489999 17
25490051 64
25490167 80
25490167 129
25490167 4577
25490221 1175
25490291 1
25490323 1632
25490323 3017
25490347 797
25490369 451
25490489 2679
25490527 972
25490557 8
25490557 12
25490581 5043
25490593 20
25490639 1
25490687 4
25490783 76
25490809 72
25490821 20
25490833 191
25490867 4233
25490911 7256
25490987 1705
25491001 3
25491097 35
25491097 624
25491119 2169
25491133 3
25491157 243
25491157 447
25491163 140
25491181 3023
25491239 1
25491253 1748
25491259 8960
25491259 9609
25491311 1
25491397 47
25491523 221
25491611 1
25491881 511
25491943 21
25492109 24
25492133 3
25492151 48
25492153 8
25492213 1967
25492241 216
25492267 24
25492331 561
25492339 21
25492427 13
25492451 1
25492531 84
25492637 508
25492759 12
25492771 5
25492777 3
25492867 5
25492931 108
25492933 12
25492991 1
25493033 1920
25493087 324
25493101 131
25493197 84
25493297 175
25493323 737
25493323 813
25493357 112
25493389 60
25493389 204
25493441 651
25493471 49
25493569 39
25493569 215
25493593 3
25493651 1
25493731 5
25493747 940
25493833 1128
25493849 244
25493857 8
25493917 1392
25493933 16
25493981 7716
25494037 3
25494083 1
25494127 272
25494179 241
25494211 33
25494229 251
25494263 1276
25494383 1
25494397 3
25494421 824
25494449 75
25494479 4
25494481 3
25494527 2464
25494563 6468
25494587 37
25494587 48
25494653 72
25494653 2808
25494709 60
25494757 20
25494779 45
25494793 8
25494797 12
25494797 64
25494797 3172
25494977 408
25495007 364
25495159 2040
25495213 3
25495273 1151
25495369 2520
25495403 136
25495439 1
25495471 384
25495537 3024
25495541 3019
25495607 4
25495619 57
25495633 83
25495787 4
25495793 7
25495969 24
25495999 3521
25496123 76
25496129 27
25496269 11
25496279 1
25496279 364
25496333 3
25496369 12
25496417 1500
25496431 1029
25496483 1
25496573 12
25496579 156
25496587 284
25496633 16
25496633 5776
25496729 195
25496747 4
25496761 39
25496761 420
25496767 77
25496839 17
25496921 3
25496951 148
25496951 6345
25496971 2165
25497011 1
25497071 1
25497071 73
25497071 6760
25497167 5248
25497211 120
25497239 1
25497281 4
25497287 4
25497377 3
25497383 1
25497383 60
25497383 456
25497391 68
25497397 39
25497397 72
25497397 9240
25497413 1747
25497427 57
25497463 48
25497557 2259
25497599 84
25497653 148
25497653 556
25497673 5583
25497679 17
25497701 1095
25497833 1923
25497911 1
25497937 3
25497937 192
25497949 12
25497949 2396
25498001 4
25498009 6539
25498117 8
25498139 24
25498189 479
25498307 9
25498397 160
25498409 7
25498477 267
25498507 12
25498547 124
25498547 2152
25498567 5
25498609 11
25498609 159
25498619 3624
25498631 28
25498747 3560
25498873 1728
25498877 2140
25498919 141
25498919 1200
25498919 1860
25498939 9
25498999 84
25498999 369
25499003 28
25499027 12
25499027 877
25499141 4
25499183 40
25499209 551
25499233 3
25499261 36
25499321 559
25499443 21
25499449 236
25499459 1
25499471 1
25499471 3165
25499531 1
25499531 109
25499599 24
25499603 325
25499659 101
25499659 221
25499839 9
25499839 5385
25499927 1792
25499941 143
25499987 4
