22000001 3
22000037 8139
22000087 3489
22000103 1
22000103 513
22000201 48
22000201 4275
22000289 19
22000339 5
22000361 4
22000409 7
22000441 1440
22000453 4007
22000463 141
22000487 3997
22000501 264
22000501 4956
22000529 4
22000619 1
22000621 63
22000633 267
22000639 224
22000753 495
22000787 493
22000859 1
22000877 7
22000919 277
22000919 3609
22000939 1644
22001033 307
22001137 8
22001207 4
22001237 3
22001327 4
22001611 21
22001641 39
22001647 17
22001647 105
22001701 20
22001713 3
22001783 1
22001797 723
22001821 20
22001851 348
22002061 1311
22002067 177
22002077 48
22002187 9053
22002217 5192
22002293 3
22002293 5995
22002371 1
22002377 3
22002443 1
22002443 4341
22002583 680
22002613 495
22002689 2904
22002763 4440
22002769 2036
22002899 169
22002943 341
22002949 7700
22003013 375
22003013 1155
22003061 19
22003181 4
22003237 32
22003307 309
22003411 2565
22003483 2037
22003507 20
22003529 15
22003529 67
22003529 79
22003529 876
22003589 55
22003613 7483
22003649 7
22003649 1227
22003651 5640
22003693 80
22003693 416
22003711 2360
22003727 1017
22003853 51
22004041 1284
22004051 1
22004057 727
22004111 40
22004189 8844
22004231 1
22004237 79
22004303 33
22004329 36
22004329 3951
22004383 3837
22004393 36
22004441 144
22004459 1
22004539 9
22004539 236
22004561 3
22004569 47
22004569 1496
22004617 3
22004617 8
22004687 448
22004779 8337
22004821 176
22004849 5775
22004887 1140
22004893 8087
22004903 1
22005037 27
22005083 3781
22005241 3
22005311 1
22005331 8
22005377 379
22005383 93
22005383 1332
22005419 72
22005449 16
22005521 55
22005523 5633
22005569 7
22005569 12
22005601 731
22005617 8583
22005647 133
22005649 11
22005703 153
22005791 1300
22005829 80
22005961 228
22006037 348
22006057 83
22006163 156
22006169 52
22006241 3
22006321 8
22006417 3
22006471 6168
22006511 1
22006529 1675
22006529 1855
22006529 2995
22006597 180
22006657 575
22006711 36
22006727 1548
22006729 11
22006729 227
22006739 300
22006741 39
22006771 5
22006801 5279
22006913 7900
22006987 284
22007039 4257
22007123 1
22007173 63
22007257 12
22007261 4
22007261 264
22007261 8203
22007273 156
22007273 8491
22007287 9
22007347 29
22007351 420
22007371 153
22007437 15
22007441 48
22007507 469
22007507 3088
22007507 4900
22007599 17
22007603 1
22007621 31
22007683 32
22007893 12
22007893 143
22007963 1
22007977 87
22008037 1824
22008043 216
22008067 17
22008089 19
22008143 13
22008143 25
22008179 1
22008191 144
22008193 252
22008199 80
22008199 1136
22008269 4
22008293 31
22008341 19
22008383 1
22008383 9717
22008407 13
22008443 1
22008443 6352
22008457 279
22008533 3528
22008583 2765
22008661 3
22008661 383
22008691 3780
22008713 3
22008713 3391
22008781 759
22008797 2812
22008817 3
22008827 204
22008827 3040
22008851 24
22008869 4
22008929 2475
22008967 20
22008971 88
22008971 8041
22009051 48
22009051 149
22009061 84
22009073 52
22009109 4
22009109 871
22009147 1364
22009153 183
22009157 235
22009319 2125
22009387 8
22009499 624
22009513 5667
22009529 12
22009553 72
22009613 12
22009613 408
22009699 41
22009723 180
22009723 2385
22009763 552
22009853 15
22009909 4775
22009909 5352
22010041 8
22010083 560
22010083 2117
22010141 3
22010141 156
22010141 2040
22010141 7455
22010321 820
22010407 504
22010503 8
22010519 1
22010537 40
22010567 28
22010587 65
22010621 28
22010641 8
22010657 12
22010761 1664
22010917 215
22010921 4
22010927 2724
22010951 1
22010999 649
22011001 3
22011001 395
22011037 23
22011083 25
22011089 72
22011089 6447
22011149 100
22011211 5
22011211 24
22011239 4
22011347 13
22011347 349
22011359 12
22011359 1200
22011371 1
22011373 8375
22011403 4485
22011461 31
22011523 8
22011631 4164
22011673 3
22011749 4
22011791 4933
22011853 56
22011863 601
22011877 3
22012031 1
22012037 24
22012037 28
22012037 5403
22012057 8
22012069 296
22012079 2001
22012117 1323
22012171 2705
22012231 65
22012231 524
22012337 4
22012337 15
22012339 401
22012339 4044
22012453 12
22012453 15
22012483 45
22012607 1692
22012681 99
22012687 5
22012691 4
22012691 16
22012691 361
22012733 12
22012751 1
22012751 4
22012853 492
22012867 4053
22012897 768
22012937 207
22012961 15
22013071 573
22013137 2912
22013149 11
22013149 84
22013149 7032
22013161 2676
22013209 71
22013239 200
22013359 24
22013389 12
22013393 1647
22013413 11
22013423 1
22013423 357
22013477 55
22013539 269
22013539 2444
22013567 1812
22013591 2440
22013611 1304
22013681 16
22013743 32
22013767 104
22013777 3
22013777 283
22013777 1647
22013819 1
22013839 20
22013857 80
22013879 49
22013909 7
22013933 8176
22013941 456
22013993 288
22013993 8316
22014211 965
22014367 189
22014623 1
22014623 33
22014623 100
22014631 8
22014647 1900
22014731 4
22014731 3313
22014739 32
22014739 5216
22014791 145
22014791 364
22014859 224
22014871 24
22014917 267
22015013 1336
22015127 4
22015157 84
22015219 5049
22015337 4
22015337 72
22015397 15
22015457 9279
22015519 12
22015583 85
22015589 3960
22015621 108
22015633 2903
22015739 4
22015757 39
22015789 11
22015933 15
22016009 2587
22016021 4219
22016039 61
22016053 1575
22016101 188
22016101 2475
22016101 8820
22016161 3
22016161 6368
22016179 5
22016261 4755
22016321 15
22016333 48
22016347 12
22016363 1
22016399 1
22016437 224
22016507 9
22016647 8
22016711 9
22016723 1
22016723 285
22016749 120
22016767 4877
22016809 3035
22016867 117
22016893 1287
22016893 2555
22016941 200
22016941 1859
22016999 1
22017131 9
22017139 3969
22017251 1
22017251 1221
22017361 855
22017361 2403
22017367 9
22017367 188
22017421 8
22017439 5
22017439 129
22017547 5
22017547 48
22017547 69
22017629 415
22017661 71
22017731 1
22017791 1
22017833 48
22017833 75
22017847 1788
22017851 1
22017851 13
22018039 1665
22018069 44
22018211 1
22018223 492
22018237 2603
22018259 1
22018301 108
22018343 45
22018379 4
22018393 47
22018471 9
22018501 8
22018523 1
22018543 432
22018597 1307
22018639 44
22018687 5
22018693 176
22018793 1900
22018847 1293
22018883 1
22018963 57
22018973 3315
22018993 852
22019099 2476
22019147 33
22019191 5
22019191 888
22019219 1
22019279 1956
22019297 1207
22019339 364
22019357 4
22019603 21
22019639 1
22019639 241
22019677 755
22019677 1208
22019737 87
22019759 1
22019807 4
22019861 4
22020059 84
22020181 131
22020191 1
22020191 4
22020191 2140
22020203 1
22020311 13
22020319 12
22020353 3
22020497 1824
22020533 27
22020569 52
22020611 1
22020611 28
22020613 612
22020643 3008
22020667 6164
22020703 813
22020749 1744
22020751 428
22020871 1421
22020877 3
22020877 179
22020923 13
22020931 2136
22020991 5340
22021007 300
22021009 12
22021093 2543
22021151 4
22021211 1
22021211 16
22021211 25
22021211 121
22021249 39
22021397 1248
22021423 5
22021429 459
22021457 948
22021499 4
22021507 128
22021541 4
22021561 11
22021561 44
22021561 144
22021583 73
22021591 5
22021591 8
22021639 144
22021639 1005
22021667 4
22021667 28
22021723 756
22021799 1
22021799 316
22021861 63
22021861 431
22021903 33
22021903 8232
22021913 267
22022069 247
22022131 225
22022167 4797
22022257 5843
22022291 24
22022291 85
22022303 1
22022389 11
22022393 1743
22022543 1
22022573 96
22022603 177
22022603 8512
22022797 183
22022839 5
22022839 80
22022879 604
22022893 12
22022921 3
22022921 19
22022921 51
22022933 2503
22022999 4
22022999 8569
22023031 344
22023047 57
22023077 3
22023077 15
22023163 12
22023193 3
22023193 840
22023203 1
22023227 108
22023247 9
22023457 480
22023467 24
22023509 79
22023511 36
22023511 204
22023511 2445
22023583 60
22023583 4485
22023593 7
22023713 3
22023751 4505
22023761 4
22023787 9
22023787 2408
22023817 3
22023829 387
22023829 1767
22023853 8
22023893 172
22023971 1656
22024003 21
22024109 7
22024109 4351
22024151 1936
22024157 6475
22024159 5
22024393 72
22024399 57
22024399 2124
22024423 1652
22024481 3
22024507 8
22024603 7241
22024621 3
22024693 20
22024693 216
22024753 48
22024753 248
22024763 1
22024763 21
22024859 4
22024883 1
22025039 1
22025147 5545
22025153 3
22025233 3635
22025233 3971
22025243 72
22025533 12
22025539 261
22025669 19
22025683 5
22025711 60
22025813 15
22025827 417
22025831 1
22025831 16
22025831 204
22025869 195
22025873 3
22025879 1
22025879 937
22025923 3345
22026077 67
22026083 1128
22026113 3
22026139 60
22026197 24
22026247 6849
22026269 19
22026289 56
22026289 4476
22026331 5
22026421 44
22026443 285
22026517 3
22026517 8
22026569 724
22026601 39
22026649 384
22026737 4632
22026811 140
22026817 15
22026889 11
22026889 2235
22026889 8159
22026911 4516
22026919 804
22026937 423
22027009 404
22027021 3
22027063 1820
22027207 9
22027219 72
22027241 64
22027351 1224
22027381 3
22027381 6620
22027387 53
22027417 27
22027417 4959
22027627 5
22027651 776
22027667 9
22027673 3
22027711 405
22027883 13
22028077 8
22028077 179
22028113 620
22028131 1416
22028183 552
22028191 5
22028351 1
22028399 12
22028491 9
22028563 8
22028563 12
22028621 3
22028639 69
22028659 9
22028701 23
22028833 236
22028833 7403
22028837 4
22028843 1
22028921 3
22028959 2256
22028971 9
22028983 17
22028983 477
22028987 109
22028987 985
22029019 980
22029031 89
22029121 3
22029199 9
22029389 1320
22029391 293
22029391 1709
22029407 424
22029577 63
22029577 1095
22029617 19
22029619 12
22029641 816
22029659 352
22029673 1811
22029701 4
22029779 669
22029829 656
22029859 5
22029923 13
22029979 45
22029983 21
22030031 1
22030037 4
22030121 496
22030171 393
22030201 1488
22030247 4
22030247 1437
22030273 267
22030273 2915
22030277 7
22030279 21
22030331 1309
22030439 9
22030483 5
22030583 1
22030583 37
22030637 1759
22030649 4336
22030717 3
22030741 539
22030751 1
22030859 6100
22030901 4
22030901 1156
22030919 4
22030919 945
22030927 345
22031069 4812
22031069 5271
22031077 644
22031077 699
22031123 1
22031159 4
22031159 97
22031159 4444
22031197 12
22031237 7
22031293 15
22031311 1944
22031413 20
22031423 1
22031521 680
22031563 20
22031563 513
22031641 51
22031657 4
22031657 15
22031657 928
22031741 3
22031743 5705
22031747 33
22031771 1
22031777 4572
22031827 12
22031921 108
22031993 511
22031993 7900
22032007 140
22032011 204
22032089 219
22032097 3
22032133 135
22032161 3
22032161 148
22032233 15
22032239 60
22032253 56
22032511 9
22032511 36
22032541 8
22032581 16
22032631 4989
22032671 28
22032671 1129
22032679 5
22032701 4675
22032743 1
22032859 65
22032893 376
22032937 3
22032937 1292
22032977 19
22033007 412
22033051 5
22033061 4
22033163 1
22033327 228
22033393 1391
22033399 80
22033409 72
22033439 1
22033447 164
22033549 755
22033633 15
22033699 1901
22033721 24
22033733 16
22033789 572
22033873 120
22033937 9268
22033943 1
22034009 4
22034123 1
22034143 5
22034249 7
22034251 8
22034251 1184
22034279 4
22034291 9
22034291 148
22034303 28
22034303 105
22034321 828
22034323 5
22034371 53
22034381 24
22034401 3
22034473 3
22034477 28
22034497 260
22034557 24
22034599 581
22034689 27
22034689 2175
22034717 924
22034729 7
22034729 7744
22034731 201
22034773 1287
22034777 3
22034777 28
22034783 1
22034797 123
22034807 268
22034843 1
22034891 1
22034891 40
22034939 12
22034939 52
22035007 44
22035019 4536
22035337 932
22035371 13
22035569 19
22035647 148
22035647 1120
22035659 1
22035667 77
22035667 360
22035749 700
22035787 9
22035821 475
22035931 44
22035977 63
22035977 175
22036019 4
22036031 913
22036031 4309
22036037 3
22036103 1
22036109 156
22036141 15
22036397 207
22036457 667
22036481 948
22036493 3
22036519 9
22036529 235
22036579 3912
22036657 8
22036697 2935
22036717 3
22036717 20
22036717 212
22036739 1
22036849 2711
22036873 288
22036873 6263
22036873 8016
22036957 3
22037009 7
22037009 16
22037107 2228
22037177 139
22037209 539
22037251 5
22037261 484
22037299 164
22037317 2475
22037339 4
22037341 3
22037341 60
22037429 1147
22037447 88
22037581 471
22037591 4165
22037597 12
22037731 524
22037789 151
22037803 21
22037819 1
22037881 8
22037909 255
22037923 425
22038011 48
22038061 39
22038139 5
22038139 17
22038151 1260
22038251 1
22038281 108
22038343 5
22038353 636
22038451 149
22038487 65
22038491 9036
22038517 47
22038563 1
22038563 285
22038671 1
22038677 19
22038719 16
22038721 1728
22038743 1
22038769 11
22038781 60
22038829 452
22038829 615
22038839 61
22038839 117
22038847 5
22038889 2012
22038959 60
22038979 5
22039019 1
22039049 4
22039057 75
22039081 39
22039139 45
22039231 2129
22039253 108
22039343 1
22039343 1156
22039417 768
22039471 36
22039547 4
22039547 45
22039709 96
22039763 348
22039777 1199
22039777 1740
22039781 15
22039781 511
22039811 601
22039813 467
22039937 4
22039991 261
22039991 8433
22040113 123
22040219 61
22040269 3716
22040281 1311
22040299 149
22040353 1851
22040363 3580
22040429 31
22040429 216
22040429 591
22040441 63
22040443 36
22040479 12
22040519 2245
22040519 2832
22040569 1847
22040573 15
22040593 11
22040663 1740
22040699 4
22040747 13
22040981 4
22041139 12
22041157 12
22041223 53
22041287 157
22041361 20
22041361 363
22041377 7
22041379 56
22041433 152
22041443 45
22041451 6368
22041517 4295
22041541 5624
22041661 7064
22041683 21
22041697 332
22041743 301
22041763 8
22041821 40
22041821 1164
22041841 3
22041857 1452
22041941 24
22041983 1
22042099 9
22042099 1296
22042301 711
22042511 1
22042511 21
22042547 132
22042649 64
22042651 329
22042661 3
22042681 51
22042681 1851
22042687 72
22042751 165
22042771 41
22042781 55
22042841 39
22042841 339
22042847 177
22042919 4
22042939 281
22042939 4512
22042981 3
22042981 375
22042997 232
22043011 161
22043017 35
22043069 7
22043111 1156
22043113 47
22043123 45
22043159 1
22043159 552
22043243 1
22043377 3
22043459 1
22043459 4
22043491 104
22043491 125
22043491 480
22043503 660
22043513 991
22043513 4323
22043561 79
22043569 44
22043657 187
22043717 3
22043789 60
22043837 3
22043851 2489
22043911 5
22043911 356
22044013 3
22044049 231
22044049 944
22044137 3
22044271 5
22044299 4
22044311 408
22044367 8
22044371 1
22044377 3
22044413 3
22044443 1
22044469 15
22044523 57
22044569 15
22044569 379
22044569 5767
22044707 1317
22044773 3
22044779 4
22044779 5341
22044791 141
22044797 3
22044797 99
22044797 2640
22044863 72
22044941 1455
22045091 3108
22045157 4
22045157 15
22045157 7923
22045159 9
22045181 91
22045237 3
22045279 264
22045337 79
22045351 20
22045367 25
22045483 5
22045483 20
22045483 56
22045483 5156
22045519 1109
22045537 48
22045537 468
22045607 4524
22045697 79
22045759 12
22045813 4872
22045883 1
22046021 451
22046047 20
22046113 3
22046147 9
22046159 1
22046207 6817
22046209 39
22046303 16
22046329 96
22046359 341
22046389 5016
22046389 5780
22046503 5
22046527 488
22046567 108
22046597 3
22046621 3
22046701 1076
22046711 2776
22046753 15
22046771 109
22046867 25
22046879 1
22046951 24
22047017 115
22047037 8
22047127 60
22047127 72
22047229 11
22047257 355
22047323 1
22047401 15
22047401 31
22047439 336
22047517 6999
22047617 255
22047631 425
22047637 23
22047719 4
22047799 9
22047803 1
22047853 3
22047853 3627
22047899 24
22047899 6336
22047919 5
22047943 8
22047979 405
22047983 1
22048001 3
22048049 7
22048057 488
22048087 1700
22048139 5980
22048141 7595
22048157 207
22048171 60
22048253 5515
22048261 35
22048309 27
22048339 197
22048361 1336
22048451 4
22048501 2519
22048549 24
22048549 9696
22048589 4
22048589 291
22048601 4
22048661 4
22048661 496
22048739 1
22048799 4
22048889 84
22048891 1824
22048919 9
22049009 24
22049141 3
22049189 39
22049201 136
22049353 3
22049353 2591
22049389 3200
22049413 215
22049413 7956
22049437 759
22049509 12
22049549 4
22049581 216
22049623 152
22049641 2943
22049683 276
22049771 1
22049791 225
22049849 7
22049849 72
22049903 7585
22049921 3783
22049981 28
22049999 1
22049999 1609
22050131 141
22050131 276
22050143 2221
22050221 4
22050229 792
22050253 95
22050323 1
22050359 24
22050359 660
22050359 6325
22050433 8
22050433 92
22050467 25
22050487 84
22050563 25
22050569 27
22050577 24
22050607 32
22050647 12
22050647 112
22050689 4
22050761 3
22050761 3000
22050911 1
22050947 1533
22050947 8424
22050979 6329
22051061 1563
22051177 803
22051213 11
22051231 2100
22051231 4856
22051247 12
22051283 1
22051283 1332
22051307 60
22051423 1577
22051459 21
22051487 13
22051487 2817
22051501 3
22051531 2204
22051573 3
22051573 3647
22051597 272
22051637 3403
22051649 7
22051721 1851
22051739 1645
22051751 4
22051759 2481
22051807 5
22051853 427
22051993 9527
22052003 1
22052039 1
22052047 212
22052057 5308
22052123 1413
22052161 3
22052161 20
22052161 1191
22052347 53
22052453 4843
22052491 2460
22052491 7413
22052549 4
22052549 27
22052633 16
22052633 315
22052761 44
22052839 2637
22052887 9
22052897 120
22052993 3
22053149 115
22053223 9825
22053313 191
22053331 1248
22053469 396
22053491 1
22053491 4
22053599 4
22053611 1
22053611 4605
22053637 164
22053649 11
22053673 1515
22053721 644
22053827 949
22053881 1320
22053971 7513
22053991 5
22053991 233
22054009 9216
22054093 3
22054093 783
22054127 144
22054127 933
22054163 1
22054163 3648
22054301 1740
22054339 5
22054379 5364
22054429 767
22054481 183
22054481 7116
22054531 21
22054531 29
22054537 8
22054577 3
22054589 4
22054619 36
22054651 5700
22054757 4
22054777 668
22054807 104
22054841 336
22054867 729
22054931 480
22055003 1
22055003 61
22055021 4
22055023 33
22055063 1
22055113 200
22055233 12
22055249 12
22055281 3
22055359 9
22055521 1323
22055531 36
22055567 4
22055591 1
22055611 5
22055611 4464
22055611 4664
22055617 83
22055633 67
22055651 1
22055771 381
22055927 189
22055989 15
22056007 4424
22056163 81
22056277 719
22056311 9
22056323 1
22056449 4
22056449 27
22056491 1
22056493 707
22056623 1
22056649 975
22056673 336
22056673 7235
22056787 17
22056799 420
22056899 1
22057031 340
22057093 192
22057093 216
22057181 111
22057199 256
22057229 67
22057367 457
22057457 115
22057457 427
22057571 1
22057589 100
22057697 39
22057697 75
22057747 12
22057837 15
22057859 1
22057963 201
22057969 12
22058083 3948
22058093 28
22058159 9
22058167 8
22058203 117
22058203 341
22058213 3
22058213 15
22058213 252
22058251 5681
22058263 33
22058273 3471
22058303 301
22058317 7272
22058359 21
22058381 223
22058417 3
22058437 44
22058437 260
22058437 1428
22058521 540
22058581 336
22058581 875
22058683 5
22058683 177
22058761 3
22058819 120
22058819 4717
22058999 1
22058999 81
22059017 12
22059041 24
22059071 1
22059071 1141
22059083 1
22059131 1008
22059241 231
22059263 1
22059307 29
22059391 9
22059391 528
22059413 136
22059467 40
22059509 4
22059539 141
22059539 760
22059563 2461
22059563 8673
22059577 420
22059673 7688
22059701 63
22059721 116
22059743 1
22059757 120
22059757 2928
22059901 4571
22059949 795
22059953 2491
22060001 43
22060063 17
22060069 24
22060187 6153
22060369 35
22060393 5627
22060403 1
22060403 28
22060411 9
22060483 5
22060523 1
22060523 85
22060669 36
22060733 420
22060739 1
22060757 1743
22060777 3
22060817 9340
22060873 20
22060873 48
22060901 396
22060901 1675
22060903 156
22061009 60
22061009 136
22061027 4092
22061069 2815
22061159 16
22061159 85
22061177 3
22061177 123
22061227 8924
22061293 15
22061341 75
22061341 564
22061401 104
22061411 1
22061419 224
22061423 240
22061437 275
22061513 103
22061513 1063
22061569 20
22061639 5409
22061647 5
22061671 833
22061803 36
22061821 63
22061873 963
22061873 1656
22061891 4
22061891 24
22061891 5541
22061917 59
22061933 187
22061947 8352
22061959 264
22061989 4407
22061993 312
22061999 4
22061999 156
22062017 528
22062031 141
22062191 1
22062253 3
22062263 12
22062307 197
22062373 527
22062373 3923
22062389 15
22062473 43
22062493 483
22062563 976
22062587 1845
22062643 68
22062659 829
22062671 1
22062701 3
22062713 40
22062721 903
22062751 8
22062751 2549
22062779 40
22062809 7
22062919 44
22062919 80
22063133 5655
22063337 43
22063369 44
22063451 40
22063553 1576
22063597 147
22063631 1
22063631 445
22063799 1
22063879 357
22063913 3
22063919 60
22063931 156
22063949 31
22063957 44
22063967 1600
22063991 1
22064023 8
22064087 9
22064209 4836
22064233 500
22064387 328
22064459 1
22064459 9
22064531 36
22064597 15
22064639 1
22064699 45
22064699 525
22064699 1120
22064729 1252
22064807 1065
22064807 1389
22064849 3639
22064857 3
22064953 83
22064957 4
22064957 7335
22065041 64
22065041 115
22065077 343
22065089 4
22065163 5
22065221 88
22065223 20
22065223 96
22065293 168
22065353 16
22065367 8
22065389 16
22065553 3
22065601 3216
22065737 7
22065803 3172
22065811 393
22065817 119
22065817 9423
22065961 39
22065991 9
22065997 104
22066021 3
22066139 1
22066151 1
22066243 17
22066243 261
22066321 7403
22066333 176
22066333 1623
22066337 63
22066337 492
22066399 5
22066501 48
22066573 35
22066679 1
22066679 1249
22066721 3
22066741 63
22066801 1728
22066859 9636
22066903 1032
22066907 805
22066943 48
22067033 463
22067077 8
22067119 920
22067137 12
22067141 1431
22067183 3385
22067203 33
22067219 1
22067251 461
22067323 941
22067363 9616
22067369 24
22067399 36
22067401 140
22067413 3
22067477 4
22067477 48
22067477 312
22067641 155
22067671 3029
22067699 7605
22067713 8643
22067767 3404
22067803 185
22067807 877
22067831 129
22067897 3
22067923 5
22068029 7072
22068037 308
22068131 505
22068353 3
22068457 3
22068463 3461
22068479 1
22068509 1860
22068551 1
22068551 48
22068583 17
22068659 1
22068689 5676
22068719 1
22068719 3304
22068721 3219
22068743 100
22068889 3471
22068973 1812
22069027 153
22069133 60
22069237 47
22069403 2337
22069429 264
22069543 348
22069657 8
22069687 89
22069781 3
22069877 28
22069919 1
22069921 3
22070033 132
22070053 15
22070099 16
22070099 8065
22070117 19
22070161 3563
22070201 3
22070291 1
22070297 255
22070351 433
22070383 5265
22070387 12
22070413 575
22070417 4
22070519 1
22070519 1624
22070549 996
22070663 1
22070753 627
22070773 60
22070809 15
22070813 7
22070813 147
22070813 447
22070831 1
22070921 480
22070953 3
22070953 60
22070963 1
22070969 4
22070969 7
22071031 1229
22071037 3
22071067 7169
22071187 708
22071239 1
22071241 1719
22071263 253
22071319 152
22071347 673
22071403 225
22071463 12
22071551 1
22071551 64
22071563 16
22071563 21
22071619 5
22071677 15
22071727 12
22071779 1
22071779 76
22071793 3
22071793 35
22071793 2787
22071883 21
22071893 3
22071937 27
22072033 911
22072049 136
22072121 15
22072139 12
22072189 56
22072213 15
22072283 57
22072289 1591
22072333 7992
22072343 1
22072411 164
22072429 2247
22072441 3
22072627 24
22072639 20
22072639 57
22072649 16
22072691 604
22072703 1
22072733 1131
22072753 587
22072811 589
22072861 1455
22072867 4169
22072901 6976
22072931 1
22072933 2648
22072943 1
22072991 4581
22073039 36
22073057 3
22073063 13
22073063 2485
22073087 4
22073173 3840
22073329 2516
22073357 4
22073371 1761
22073377 3
22073413 3
22073477 1200
22073479 5
22073479 4317
22073501 76
22073563 5
22073591 1
22073591 76
22073671 21
22073731 9
22073747 4
22073761 35
22073771 84
22073771 1689
22073791 84
22073983 36
22073983 1980
22074011 9493
22074049 1211
22074103 8072
22074119 1
22074167 24
22074287 3937
22074317 24
22074317 3244
22074323 5388
22074331 20
22074331 21
22074343 21
22074491 4
22074529 636
22074859 137
22074859 525
22074859 2576
22074893 132
22074893 1252
22074907 225
22074991 8
22075019 4
22075139 1
22075171 9
22075181 240
22075181 483
22075219 125
22075219 1184
22075237 20
22075349 8196
22075369 1112
22075373 12
22075373 871
22075373 1120
22075481 75
22075481 2083
22075597 308
22075609 795
22075631 1948
22075637 4
22075693 3
22075693 11
22075733 96
22075799 897
22075799 1020
22075811 1
22075811 9
22075847 8988
22075903 5
22075973 132
22076009 4
22076179 7265
22076213 112
22076261 771
22076321 436
22076339 1
22076377 8
22076413 71
22076447 9
22076459 1
22076497 164
22076599 5
22076647 300
22076713 4643
22076741 48
22076843 1
22076891 1
22076933 3
22076939 6661
22076947 540
22076963 1
22077061 48
22077109 27
22077119 1
22077119 2860
22077127 9705
22077161 7051
22077247 9
22077281 15
22077383 1
22077383 12
22077389 1936
22077397 15
22077397 92
22077437 1099
22077457 300
22077457 2439
22077481 600
22077599 4
22077667 12
22077767 33
22077871 3713
22077919 605
22077931 5
22077949 5139
22078009 5624
22078013 7
22078013 432
22078079 4
22078097 1060
22078139 1
22078139 2220
22078181 3
22078181 63
22078181 5239
22078253 196
22078253 1695
22078327 24
22078351 636
22078363 5
22078363 2472
22078379 1
22078379 957
22078471 1233
22078481 4
22078549 56
22078607 3784
22078633 32
22078717 12
22078717 35
22078729 396
22078807 44
22078867 329
22078879 9
22078879 117
22078943 4281
22079003 97
22079017 3
22079117 7
22079131 921
22079137 1587
22079261 3423
22079357 3
22079399 352
22079437 3
22079521 1359
22079591 28
22079611 65
22079723 1
22079741 544
22079777 3
22079777 1555
22079809 35
22079831 3004
22079857 359
22079857 2943
22079891 1
22079891 4765
22080053 3
22080089 7
22080119 141
22080119 517
22080167 4
22080167 9529
22080197 147
22080403 56
22080431 1
22080431 120
22080491 1
22080497 27
22080511 29
22080511 168
22080557 3
22080599 1
22080631 9
22080677 3
22080731 2028
22080899 4
22080931 344
22080941 484
22080979 56
22080997 107
22081043 1912
22081049 276
22081069 527
22081091 1948
22081133 171
22081133 2035
22081187 93
22081253 48
22081277 5083
22081291 21
22081349 2355
22081471 8381
22081481 223
22081567 5
22081567 1209
22081567 2349
22081567 3068
22081597 12
22081603 308
22081693 3
22081721 51
22081723 93
22081841 24
22081841 48
22081897 3
22081897 264
22081921 716
22081931 7308
22081967 333
22082051 1
22082051 40
22082069 4
22082113 2103
22082119 20
22082131 9
22082197 3
22082299 72
22082393 276
22082443 117
22082471 1
22082471 3973
22082519 1
22082551 20
22082563 12
22082857 1232
22082899 1800
22082939 1
22082939 12
22083023 2896
22083179 1
22083211 5
22083233 3420
22083367 5
22083371 1
22083419 9
22083499 2660
22083533 3
22083541 1620
22083617 4
22083653 1212
22083679 716
22083683 1
22083683 9693
22083779 1
22083791 1
22083791 9
22083793 15
22083863 625
22083923 5116
22083967 348
22084001 24
22084057 1892
22084141 3
22084151 69
22084151 6060
22084159 21
22084159 1640
22084171 6260
22084229 132
22084297 99
22084319 160
22084367 408
22084553 48
22084571 1488
22084619 1
22084639 1064
22084789 3596
22084813 8
22084813 143
22084849 327
22084861 803
22084873 3
22084903 8
22084969 192
22085123 96
22085123 501
22085149 84
22085149 3632
22085291 1
22085291 2553
22085311 2841
22085317 7484
22085333 123
22085351 1
22085377 132
22085381 691
22085513 7
22085537 3
22085551 1956
22085611 20
22085641 8
22085659 2700
22085731 1869
22085759 52
22085803 12
22085821 3
22085897 4
22085983 20
22086017 15
22086061 1296
22086073 8
22086101 16
22086101 204
22086137 52
22086283 8480
22086293 7
22086457 27
22086457 168
22086527 153
22086527 6232
22086611 1
22086671 1
22086671 5076
22086703 36
22086763 272
22086793 315
22086901 260
22086913 9200
22086931 2585
22086959 7332
22086979 5
22087259 1
22087411 20
22087463 1456
22087487 25
22087553 2008
22087577 88
22087577 99
22087649 4
22087721 1651
22087733 403
22087759 1161
22087783 968
22087787 5217
22087873 195
22087883 1
22088159 6717
22088177 55
22088177 63
22088189 60
22088233 4047
22088323 545
22088347 128
22088357 112
22088383 53
22088447 1960
22088471 1
22088471 13
22088483 1405
22088513 16
22088611 29
22088663 1
22088663 1357
22088681 856
22088789 8752
22088897 4
22088909 31
22088917 32
22089113 1227
22089169 1584
22089209 132
22089251 4
22089299 1
22089311 1
22089311 148
22089493 87
22089523 8
22089539 4
22089649 504
22089667 5
22089791 21
22089841 131
22089841 540
22089931 2076
22089937 1455
22089971 36
22090087 5
22090093 23
22090121 304
22090139 61
22090151 1
22090177 12
22090181 324
22090183 4557
22090213 15
22090213 132
22090273 56
22090283 4032
22090309 195
22090319 1
22090333 8
22090459 5
22090459 125
22090577 6667
22090639 152
22090643 1
22090729 6659
22090801 75
22090811 4
22090867 3672
22090907 48
22090993 8
22090993 267
22091021 79
22091159 1
22091171 4
22091171 213
22091203 128
22091233 1643
22091239 465
22091291 1
22091371 96
22091453 3
22091519 1
22091519 5221
22091527 173
22091539 165
22091617 20
22091621 468
22091759 12
22091761 8
22091791 8
22091999 1
22092023 1
22092053 3
22092073 32
22092089 36
22092101 84
22092179 40
22092319 764
22092337 48
22092341 48
22092353 2043
22092377 100
22092407 9912
22092439 6605
22092487 12
22092593 7
22092593 40
22092731 4
22092821 4
22092859 909
22092899 16
22092923 37
22093003 8
22093007 48
22093021 20
22093147 24
22093147 128
22093151 3976
22093213 3
22093369 12
22093411 2025
22093471 9045
22093481 940
22093507 9
22093517 24
22093517 172
22093517 888
22093573 1088
22093583 12
22093601 4
22093601 2551
22093609 2399
22093661 676
22093661 5380
22093763 7953
22093811 28
22093831 8
22093871 16
22093871 5265
22094117 3867
22094147 57
22094213 16
22094249 15
22094297 15
22094311 5
22094327 12
22094461 11
22094503 597
22094609 12
22094719 45
22094729 7
22094741 15
22094741 240
22094753 120
22094753 300
22094759 4
22094827 548
22095113 1032
22095131 16
22095131 76
22095133 3
22095149 7227
22095239 1
22095239 5157
22095299 4
22095551 501
22095691 80
22095719 16
22095719 45
22095737 52
22095817 284
22095889 36
22095949 611
22095959 1
22096021 24
22096027 84
22096043 1
22096043 40
22096051 5
22096241 79
22096247 1104
22096331 1
22096427 9
22096429 3644
22096507 1469
22096513 152
22096517 7
22096541 3
22096559 1
22096559 4
22096577 28
22096577 1192
22096619 1
22096631 1
22096681 755
22096751 28
22096777 12
22096777 144
22096817 543
22096819 2025
22096873 111
22096937 4008
22096961 4
22097051 45
22097051 541
22097077 608
22097077 6227
22097081 103
22097081 315
22097081 471
22097197 3
22097213 3
22097249 7
22097291 5104
22097351 721
22097357 52
22097429 2944
22097431 5
22097431 1308
22097443 72
22097443 8072
22097459 1
22097477 75
22097561 3
22097591 1
22097609 4
22097653 812
22097693 3
22097711 1
22097717 3
22097749 804
22097759 12
22097833 8351
22097879 1
22097987 2572
22097993 2788
22098053 1872
22098137 4
22098233 3
22098233 2280
22098367 5
22098383 1
22098499 576
22098581 1395
22098733 3
22098733 1056
22098757 60
22098757 95
22098787 225
22098809 5751
22098887 12
22098961 3
22098961 263
22098971 421
22099013 87
22099069 519
22099153 735
22099169 64
22099199 69
22099199 1741
22099271 1
22099271 5929
22099387 149
22099661 219
22099733 3
22099733 603
22099733 3468
22099739 1
22099937 7728
22099967 4
22100047 12
22100047 57
22100149 2039
22100167 209
22100219 85
22100251 188
22100297 519
22100317 39
22100339 1
22100437 483
22100443 5
22100453 292
22100461 1968
22100471 16
22100479 69
22100501 459
22100521 1623
22100557 12
22100557 584
22100651 1
22100651 264
22100651 1164
22100657 159
22100671 8
22100707 857
22100779 665
22100887 204
22100899 32
22101029 15
22101043 5
22101083 768
22101113 2131
22101143 1
22101239 1
22101271 21
22101293 51
22101329 147
22101347 13
22101487 29
22101529 15
22101559 285
22101701 15
22101727 9
22101727 6732
22101809 751
22101907 144
22101941 1611
22102121 528
22102211 1
22102217 388
22102237 63
22102247 8169
22102253 3
22102331 1
22102369 104
22102369 6471
22102417 15
22102417 123
22102427 12
22102469 207
22102523 288
22102523 993
22102627 144
22102627 165
22102631 24
22102631 25
22102673 3
22102733 1303
22102781 4
22102781 1855
22102781 9084
22102799 300
22102853 160
22102877 3
22102897 3
22102919 225
22102937 24
22103021 4
22103021 40
22103051 2700
22103057 84
22103071 168
22103087 12
22103117 4
22103117 9043
22103209 56
22103219 1
22103227 329
22103267 144
22103267 5373
22103303 1
22103303 12
22103353 428
22103381 28
22103399 21
22103401 3
22103449 15
22103503 2912
22103569 20
22103639 12
22103831 1
22103831 9661
22103843 12
22103843 852
22103987 13
22104073 3
22104151 780
22104161 16
22104169 32
22104253 128
22104331 8025
22104337 23
22104377 364
22104431 3361
22104491 25
22104491 3049
22104517 432
22104529 12
22104713 588
22104737 4
22104737 24
22104737 84
22104737 283
22104821 3
22104821 4
22104857 3
22104857 19
22104917 3
22104937 8
22104937 1292
22104937 4572
22105051 9
22105063 21
22105079 8805
22105283 1
22105313 3
22105327 69
22105331 4
22105351 44
22105351 2073
22105367 273
22105373 8467
22105441 35
22105537 3
22105537 1448
22105597 3
22105597 4632
22105609 2384
22105619 12
22105813 5100
22105817 3
22105817 175
22105861 11
22105871 61
22105871 7425
22105901 3
22105991 276
22105997 3
22106099 1
22106099 36
22106153 12
22106153 120
22106159 117
22106233 11
22106263 593
22106281 11
22106281 368
22106327 2664
22106411 1
22106431 8
22106437 20
22106471 9
22106527 248
22106573 3
22106597 115
22106713 3
22106719 17
22106767 65
22106771 813
22106869 11
22106911 144
22106927 4
22106939 1
22106939 8556
22106957 12
22107097 312
22107121 443
22107221 19
22107223 1925
22107311 1
22107383 21
22107383 292
22107383 520
22107383 777
22107403 276
22107443 1
22107451 21
22107451 93
22107451 3329
22107581 4243
22107643 8
22107661 2531
22107703 1980
22107751 8
22107763 7940
22107791 1
22107791 36
22107793 35
22107793 3135
22107793 3416
22107793 4848
22107901 1139
22108159 185
22108183 8
22108253 3
22108253 7
22108259 4
22108327 6825
22108357 2208
22108391 4
22108433 3
22108577 120
22108631 1
22108631 40
22108693 12
22108763 112
22108777 15
22108783 21
22108811 1
22108811 109
22108811 7221
22108981 3
22108997 7
22109033 1456
22109039 144
22109077 12
22109077 1712
22109083 17
22109261 43
22109261 2319
22109287 669
22109359 132
22109363 1960
22109561 523
22109627 40
22109641 8
22109653 191
22109771 2356
22109779 12
22109819 4
22109821 20
22109909 40
22109929 35
22109951 289
22109953 3
22109953 143
22109963 1
22109993 348
22110001 2115
22110001 2928
22110059 1
22110059 421
22110079 161
22110089 6799
22110239 1
22110239 792
22110247 5
22110367 17
22110377 3
22110563 1
22110581 28
22110769 207
22110773 7
22110811 3549
22110857 24
22110953 15
22110989 4
22110989 7
22111007 4
22111051 128
22111069 1671
22111099 44
22111109 1240
22111157 3
22111207 4233
22111321 11
22111321 620
22111361 2316
22111433 7
22111471 665
22111493 48
22111513 11
22111549 651
22111561 2460
22111633 8
22111633 15
22111769 559
22111811 1
22111811 81
22111823 3921
22111931 9
22112003 1
22112009 4
22112033 115
22112033 1912
22112107 377
22112141 844
22112213 12
22112221 3
22112249 4
22112309 4
22112309 52
22112429 76
22112567 13
22112609 1696
22112719 3069
22112807 13
22112807 40
22112807 277
22112933 720
22112999 24
22113067 9
22113089 4
22113103 672
22113191 1
22113191 13
22113241 728
22113253 47
22113253 1112
22113257 7
22113467 433
22113499 65
22113529 51
22113541 3
22113541 8
22113677 3064
22113697 6780
22113823 17
22113941 3
22113961 140
22113989 1015
22114019 1
22114021 3
22114033 3
22114139 1
22114159 477
22114181 1231
22114193 48
22114199 1
22114223 1536
22114291 165
22114343 1
22114357 3
22114357 15
22114361 16
22114381 8
22114451 3964
22114541 3619
22114577 543
22114577 844
22114591 344
22114649 16
22114667 12
22114751 1
22114777 3
22114853 1995
22115033 1512
22115057 3
22115089 12
22115089 27
22115129 1815
22115209 227
22115251 8
22115279 1
22115279 145
22115299 116
22115311 1005
22115531 1
22115531 4
22115549 15
22115593 128
22115593 3071
22115647 644
22115663 72
22115663 292
22115663 676
22115707 5
22115707 17
22115711 1
22115767 3132
22115771 1
22115887 53
22115911 500
22116001 3
22116013 3
22116173 15
22116197 39
22116203 1
22116217 164
22116229 279
22116239 1
22116239 4
22116377 100
22116379 480
22116397 59
22116431 1
22116503 12
22116503 13
22116539 8745
22116569 6816
22116583 21
22116637 8
22116641 43
22116683 1
22116683 57
22116719 9
22116727 1497
22116751 69
22116769 231
22116769 1052
22116797 8347
22116827 2685
22116833 156
22116833 6076
22116841 15
22116859 9
22116889 144
22116929 372
22116967 8532
22117003 101
22117031 1
22117031 9
22117031 433
22117057 399
22117079 132
22117223 28
22117279 665
22117399 5
22117427 2757
22117567 9
22117811 1
22117873 83
22118011 9344
22118021 556
22118021 4728
22118023 2493
22118029 7320
22118099 12
22118101 20
22118113 12
22118113 168
22118167 33
22118233 72
22118359 32
22118359 257
22118363 1
22118399 1
22118659 5
22118659 269
22118669 40
22118669 139
22118699 1
22118773 3155
22118807 9613
22118951 309
22118981 31
22119037 179
22119037 272
22119037 443
22119047 292
22119113 4095
22119121 143
22119191 33
22119311 1045
22119323 1
22119421 8
22119551 145
22119551 168
22119641 64
22119661 1116
22119791 1
22119959 9
22120061 160
22120253 112
22120291 5
22120291 24
22120331 4
22120337 4
22120337 2919
22120367 52
22120433 3
22120459 380
22120499 4
22120513 6227
22120517 3939
22120537 20
22120661 3
22120673 7
22120729 167
22120793 3
22120793 1572
22120867 1265
22120867 1380
22120873 120
22121051 1716
22121159 49
22121159 1680
22121173 51
22121173 3575
22121191 8
22121213 52
22121293 108
22121329 56
22121353 1551
22121387 4
22121387 12
22121431 845
22121447 4
22121483 1
22121521 3
22121521 11
22121579 1
22121587 17
22121713 20
22121717 7608
22121779 504
22121863 77
22122013 131
22122281 48
22122367 5
22122409 15
22122409 147
22122521 4
22122521 39
22122539 1
22122587 4
22122599 1
22122613 3
22122613 63
22122671 4
22122689 2379
22122731 28
22122767 793
22122827 9
22122839 9
22122851 1
22122917 3
22122917 40
22123177 8
22123177 2819
22123237 3
22123261 2679
22123279 105
22123291 1013
22123319 484
22123399 1964
22123799 336
22123837 855
22123859 9
22123877 3
22123943 1
22123957 24
22124027 253
22124099 16
22124119 444
22124149 5687
22124159 1
22124203 6768
22124269 299
22124423 1
22124449 24
22124507 1344
22124603 1
22124611 96
22124647 5
22124653 20
22124681 111
22124681 171
22124693 3223
22124699 6489
22124719 1740
22124887 1209
22124909 99
22124909 120
22124909 1584
22125113 3
22125163 5
22125251 28
22125251 36
22125319 5
22125403 2985
22125419 169
22125431 13
22125437 3
22125479 1
22125479 417
22125503 1
22125541 8
22125617 27
22125683 192
22125707 4
22125731 1
22125731 165
22125799 80
22125863 85
22125877 4923
22125919 2697
22125923 5457
22125941 4
22125953 3
22125953 8988
22125989 184
22125989 3627
22126007 240
22126009 27
22126009 8264
22126087 29
22126189 1035
22126211 1
22126211 9309
22126261 116
22126267 45
22126297 8
22126297 12
22126301 84
22126319 1
22126471 5180
22126487 208
22126619 1
22126631 1
22126661 4
22126747 533
22126837 1763
22126847 13
22126847 504
22126903 141
22126967 372
22127011 9
22127011 96
22127011 2340
22127011 2840
22127089 59
22127101 695
22127101 2555
22127107 4500
22127113 23
22127227 1172
22127291 1
22127297 172
22127297 4284
22127437 44
22127477 964
22127507 517
22127519 1
22127627 9
22127641 11
22127641 8880
22127669 424
22127701 3096
22127719 269
22127873 15
22127879 1
22127879 252
22128019 12
22128019 17
22128107 37
22128143 16
22128259 504
22128307 132
22128361 111
22128371 24
22128439 60
22128443 28
22128473 243
22128473 2112
22128503 1
22128503 13
22128569 180
22128569 195
22128569 4611
22128569 4716
22128629 7
22128629 300
22128649 12
22128721 51
22128739 104
22128767 4
22128803 1
22129021 656
22129027 17
22129111 753
22129111 5040
22129123 7728
22129171 5
22129171 756
22129181 484
22129183 65
22129273 20
22129297 8
22129309 24
22129333 11
22129361 279
22129501 56
22129511 1
22129537 360
22129553 123
22129579 45
22129951 729
22129957 1080
22129967 973
22129973 15
22129973 795
22129999 425
22130057 3
22130089 32
22130089 1596
22130113 1800
22130149 311
22130149 3611
22130221 120
22130239 12
22130281 20
22130287 77
22130293 1187
22130293 6732
22130371 488
22130533 531
22130609 315
22130609 1800
22130653 3
22130777 12
22130803 17
22130831 3784
22130887 105
22131091 44
22131097 3
22131101 3
22131211 168
22131269 612
22131289 32
22131443 1
22131479 504
22131479 717
22131493 23
22131563 1
22131643 6593
22131647 1240
22131649 39
22131673 3
22131691 488
22131779 2317
22131821 36
22131839 1
22131913 3
22131913 108
22131913 323
22131913 447
22131953 31
22132037 39
22132051 21
22132051 5645
22132091 1
22132189 4344
22132211 25
22132241 3
22132259 4
22132259 321
22132387 53
22132529 75
22132619 1
22132619 4
22132639 425
22132681 3588
22132687 7584
22132883 13
22132931 1
22132961 163
22133087 4
22133093 7
22133129 16
22133183 1
22133183 37
22133191 5
22133191 24
22133297 43
22133329 1407
22133401 4511
22133477 4108
22133479 5
22133479 3381
22133539 5
22133539 12
22133543 4465
22133593 7440
22133599 5
22133621 448
22133627 4
22133743 296
22133747 13
22133827 9120
22133921 2131
22134011 1
22134011 309
22134043 36
22134067 200
22134097 15
22134253 7371
22134269 336
22134313 56
22134313 68
22134317 3
22134367 5
22134439 404
22134439 3125
22134461 16
22134461 28
22134491 5860
22134583 6668
22134647 292
22134661 395
22134691 5
22134701 1300
22134781 255
22134839 1
22134851 1
22134941 4539
22134941 7699
22135051 9
22135051 89
22135103 1
22135189 44
22135219 5
22135229 12
22135229 40
22135427 12
22135427 28
22135429 27
22135447 80
22135493 172
22135517 40
22135517 1144
22135517 1524
22135693 3
22135747 1793
22135781 9568
22135843 140
22135847 4744
22135847 6928
22135849 11
22135877 4
22135907 748
22135999 5
22136003 333
22136011 8
22136011 525
22136021 4711
22136117 432
22136131 201
22136131 453
22136141 1536
22136207 28
22136341 3
22136371 1068
22136407 20
22136437 8
22136453 63
22136459 3720
22136479 60
22136489 52
22136497 4415
22136687 85
22136783 21
22136791 5
22136791 8
22136857 387
22136869 467
22136893 347
22136893 356
22136927 177
22136929 384
22137169 6339
22137187 17
22137187 177
22137197 7
22137197 63
22137239 4645
22137259 6356
22137287 12
22137287 1485
22137341 699
22137347 3840
22137371 1
22137439 1064
22137457 3
22137547 92
22137673 87
22137683 33
22137683 312
22137779 1
22137779 3636
22137839 280
22137881 115
22137953 3
22137953 136
22138093 20
22138093 2808
22138139 396
22138187 112
22138189 72
22138219 57
22138219 489
22138229 7
22138283 1
22138283 9712
22138289 84
22138349 4
22138367 1804
22138429 516
22138559 1
22138559 4
22138559 69
22138579 9837
22138651 245
22138757 12
22138859 36
22138859 1612
22138889 72
22138939 236
22139081 295
22139231 1404
22139407 852
22139419 20
22139461 2664
22139473 12
22139479 104
22139483 1
22139527 2789
22139569 47
22139581 384
22139699 1
22139749 11
22139891 1
22140047 204
22140047 477
22140071 1
22140113 7
22140247 5
22140353 3
22140631 141
22140631 680
22140641 4
22140821 280
22140941 15
22140941 28
22140977 4
22141033 231
22141043 1
22141057 4739
22141073 511
22141073 1867
22141079 220
22141081 848
22141117 147
22141201 3759
22141247 45
22141261 8
22141261 36
22141313 3
22141319 1
22141367 25
22141381 9884
22141391 1
22141451 16
22141459 5
22141459 309
22141487 252
22141621 11
22141621 63
22141643 1
22141643 685
22141649 1260
22141673 40
22141699 20
22141711 68
22141793 16
22141813 8
22141853 880
22141891 1533
22141907 28
22141907 3565
22141919 6264
22141921 3
22141921 924
22141949 696
22142023 5
22142101 95
22142111 421
22142111 3216
22142117 39
22142171 4773
22142189 52
22142231 1
22142231 8008
22142297 3
22142299 2261
22142459 924
22142507 4
22142609 132
22142621 4860
22142647 9
22142651 1
22142737 320
22142803 17
22142867 489
22142881 3
22142977 3
22142987 1704
22143119 4345
22143127 393
22143133 15
22143217 1163
22143223 5
22143281 31
22143283 32
22143283 473
22143301 6095
22143307 357
22143311 1
22143397 20
22143461 964
22143461 5059
22143497 4
22143497 24
22143577 47
22143637 8067
22143689 100
22143743 1
22143769 2864
22143887 4
22143899 1
22143929 4
22143941 459
22143997 23
22144007 24
22144021 540
22144117 3
22144219 5
22144247 12
22144303 360
22144303 516
22144361 4
22144361 19
22144391 33
22144393 3
22144427 85
22144471 425
22144511 1
22144511 1536
22144589 3240
22144597 243
22144601 3
22144631 1
22144631 4
22144721 535
22144721 1128
22144783 65
22144799 960
22144853 31
22145099 1
22145099 4
22145327 1972
22145429 55
22145503 161
22145587 209
22145593 95
22145653 36
22145723 1
22145743 7868
22145759 1
22145777 3100
22145813 40
22145813 492
22145843 28
22145939 1
22145969 31
22145993 2208
22146023 385
22146041 1323
22146151 44
22146197 3
22146203 1
22146251 36
22146277 135
22146329 127
22146331 60
22146413 3
22146413 148
22146413 315
22146469 9551
22146479 300
22146497 3
22146569 204
22146583 36
22146583 725
22146611 4
22146713 727
22146713 760
22146791 1
22146797 7
22146797 27
22146797 127
22146863 1
22146863 1521
22147003 137
22147049 4444
22147121 24
22147259 1
22147291 3608
22147337 4
22147427 4
22147529 15
22147529 339
22147579 5
22147681 111
22147751 124
22147817 664
22147877 3
22147877 19
22147883 45
22147897 1148
22148047 17
22148099 1
22148173 1856
22148249 784
22148293 632
22148359 3105
22148417 52
22148447 385
22148557 6528
22148573 15
22148579 1
22148657 3
22148717 3
22148717 355
22148723 1
22148821 24
22148969 12
22148981 8115
22149091 5
22149121 15
22149137 1015
22149137 3184
22149167 1197
22149203 13
22149203 16
22149203 553
22149217 3
22149251 1
22149251 49
22149371 273
22149397 3
22149433 260
22149493 1140
22149499 536
22149499 3129
22149503 1
22149613 75
22149613 132
22149637 12
22149637 2184
22149641 3
22149727 8
22149739 12
22149739 276
22149739 4944
22149811 5
22149833 40
22149887 4
22149923 36
22149923 465
22149947 4
22149977 4
22150001 216
22150129 1155
22150223 240
22150243 2492
22150307 1372
22150361 543
22150363 425
22150369 11
22150393 2592
22150487 9
22150493 12
22150493 147
22150543 8
22150703 228
22150811 1
22150829 15
22150861 8
22150861 2535
22150883 1
22150969 1724
22150987 8
22151201 4515
22151257 3
22151411 1
22151417 264
22151443 737
22151539 2216
22151551 8
22151627 93
22151653 12
22151747 253
22151747 384
22151747 420
22151749 260
22151803 4341
22151813 8488
22151819 1
22151819 21
22151879 357
22151897 1879
22151903 9945
22152007 20
22152023 61
22152113 2515
22152149 6535
22152239 1
22152239 772
22152281 3
22152281 219
22152283 836
22152329 4
22152401 15
22152421 248
22152437 7
22152467 2148
22152509 1456
22152551 7404
22152719 3192
22152791 576
22152829 644
22152863 273
22152881 5800
22152913 3
22152937 3
22152983 48
22153093 452
22153199 12
22153199 81
22153267 212
22153283 1
22153319 36
22153337 7
22153337 187
22153399 9
22153451 585
22153519 657
22153543 8
22153597 2175
22153661 4
22153693 32
22153699 3809
22153711 8
22153723 8
22153801 3
22153811 1
22153849 204
22153931 1
22153931 49
22153973 112
22153997 12
22153997 1035
22154021 48
22154021 3423
22154039 12
22154039 7005
22154051 49
22154081 40
22154131 185
22154137 39
22154137 1980
22154263 2040
22154449 20
22154459 229
22154563 12
22154563 60
22154563 1101
22154603 133
22154611 5
22154641 24
22154641 36
22154647 312
22154683 1748
22154701 3
22154711 1
22154771 1
22154771 3741
22155059 12
22155127 228
22155169 1239
22155179 1
22155247 1980
22155299 1
22155373 312
22155433 707
22155451 504
22155547 644
22155559 12
22155559 341
22155559 2861
22155589 636
22155611 16
22155619 5
22155671 24
22155751 300
22155823 96
22156111 68
22156133 75
22156159 5
22156201 248
22156217 112
22156231 3120
22156271 16
22156307 4
22156339 101
22156361 4
22156369 416
22156439 85
22156439 736
22156517 64
22156529 4
22156529 91
22156583 16
22156583 60
22156583 3660
22156591 24
22156807 44
22156807 1380
22156853 2143
22156861 3
22156867 833
22157323 125
22157323 140
22157389 1620
22157407 5
22157407 3017
22157459 3025
22157483 1
22157491 2984
22157593 11
22157623 5
22157623 21
22157659 77
22157659 5721
22157689 1631
22157713 228
22157741 376
22157741 4455
22157899 5
22157903 12
22157957 3
22157957 39
22158007 1944
22158041 735
22158043 45
22158043 1316
22158077 184
22158119 3672
22158121 3
22158239 1
22158239 685
22158247 29
22158299 1
22158317 19
22158371 1
22158421 3
22158601 96
22158613 336
22158673 207
22158673 3863
22158679 204
22158713 3
22158739 149
22158907 537
22158943 108
22158989 96
22159127 9
22159201 144
22159213 3
22159213 20
22159243 140
22159271 4
22159351 4124
22159547 4
22159601 3
22159601 504
22159783 188
22159801 135
22159811 1
22159831 4248
22159919 1
22159937 72
22159937 1023
22159979 1
22159981 660
22160051 9
22160059 452
22160111 4
22160123 1
22160221 215
22160249 187
22160261 268
22160291 1
22160291 48
22160311 144
22160363 796
22160371 260
22160423 1
22160423 3001
22160429 856
22160471 16
22160473 380
22160557 3
22160597 312
22160693 7
22160729 16
22160857 39
22160893 195
22161101 4
22161101 288
22161103 17
22161179 1
22161229 792
22161241 3
22161241 5460
22161289 135
22161343 117
22161407 8017
22161431 2065
22161431 4956
22161449 16
22161479 1
22161551 225
22161647 757
22161661 71
22161679 140
22161679 336
22161697 8
22161823 9093
22161859 5
22161877 32
22161883 3240
22161889 3452
22161917 4
22161917 7
22161943 308
22161977 7
22161991 80
22162121 4
22162139 1
22162141 2048
22162249 24
22162279 24
22162291 665
22162367 9
22162433 48
22162453 47
22162457 7
22162457 2095
22162571 1
22162619 600
22162661 1336
22162687 209
22162771 2525
22162879 345
22162969 12
22162993 15
22163023 1185
22163033 4623
22163041 20
22163051 1
22163081 51
22163159 1
22163261 1608
22163363 6213
22163369 5295
22163459 405
22163483 1
22163483 9081
22163503 68
22163503 297
22163507 7669
22163623 65
22163663 72
22163681 39
22163681 316
22163681 891
22163683 672
22163731 45
22163737 123
22163783 1
22163783 21
22163803 12
22163803 968
22163803 8160
22163807 753
22163887 249
22163891 1
22163891 9513
22163929 3012
22163941 20
22163957 3
22163989 36
22164001 1359
22164007 113
22164097 3
22164179 52
22164179 3432
22164367 33
22164487 297
22164487 2433
22164509 12
22164553 3
22164557 87
22164599 4
22164643 17
22164679 17
22164679 29
22164689 55
22164749 7
22164799 965
22164913 11
22164913 68
22164913 392
22164941 204
22164959 1
22165027 1197
22165043 1
22165151 1
22165177 380
22165211 1
22165271 16
22165301 63
22165393 7332
22165459 776
22165463 40
22165487 3960
22165601 3
22165669 252
22165679 7441
22165681 8808
22165733 232
22165777 44
22165823 1
22165823 16
22165853 40
22165879 5
22165883 157
22165933 2648
22165973 7
22165991 1
22166017 3
22166069 27
22166101 3
22166101 59
22166101 4320
22166159 1
22166233 375
22166233 4512
22166257 155
22166279 84
22166461 11
22166471 1
22166497 327
22166539 12
22166591 1
22166591 24
22166603 1
22166603 1065
22166611 24
22166621 196
22166647 197
22166699 9
22166717 364
22166741 4
22166789 279
22166813 376
22166983 300
22167007 24
22167023 1
22167023 21
22167023 8880
22167037 8243
22167071 180
22167161 88
22167179 100
22167179 4440
22167203 1540
22167367 77
22167521 3123
22167709 4847
22167751 1136
22167841 711
22167841 2903
22167941 3
22167941 831
22167961 3
22168057 587
22168061 384
22168073 3
22168103 1
22168109 60
22168147 12
22168199 1
22168219 12
22168219 165
22168229 7824
22168253 9012
22168271 1
22168351 1080
22168361 4
22168409 151
22168457 3
22168507 3920
22168519 189
22168579 45
22168589 199
22168589 291
22168703 136
22168879 1817
22168919 201
22168931 1
22168943 660
22168943 6336
22168981 11
22168997 3
22168997 28
22169053 3
22169093 5583
22169117 28
22169117 67
22169221 264
22169227 5588
22169237 819
22169243 2080
22169269 444
22169269 924
22169341 2819
22169351 4
22169471 76
22169471 160
22169509 999
22169551 8441
22169579 1732
22169689 27
22169767 528
22169839 8681
22169857 24
22169923 12
22169957 3
22169977 3
22169977 459
22170121 971
22170133 8
22170163 1688
22170443 1
22170521 903
22170541 104
22170541 863
22170553 923
22170563 36
22170677 163
22170719 141
22170727 8
22170773 2143
22170947 13
22170959 40
22171001 3
22171063 1536
22171117 188
22171159 5
22171211 1
22171211 184
22171427 4
22171427 288
22171441 3
22171453 27
22171559 1
22171561 6159
22171657 4235
22171687 2312
22171729 15
22171739 1
22171753 683
22171811 1
22171813 3
22171867 5
22171867 24
22171867 432
22171871 1
22171901 195
22171907 24
22171987 89
22172057 795
22172159 1
22172191 5
22172191 5444
22172279 396
22172291 1
22172413 3
22172413 1823
22172459 4
22172561 3
22172609 144
22172627 1008
22172701 8
22172729 291
22172749 131
22172789 7
22172827 17
22172827 33
22172903 73
22172911 20
22172987 45
22173007 692
22173031 20
22173031 308
22173031 1793
22173071 513
22173077 564
22173097 44
22173097 9155
22173121 11
22173407 4653
22173409 120
22173409 2024
22173511 9
22173539 7417
22173553 23
22173611 1
22173611 336
22173623 201
22173637 560
22173653 435
22173667 8
22173757 3
22173757 5420
22173803 1
22173821 3
22173821 15
22173869 12
22173869 8340
22173923 1
22173937 2964
22173941 19
22174027 7032
22174417 3
22174421 3
22174423 92
22174429 36
22174429 267
22174583 400
22174591 1421
22174643 36
22174709 4
22174709 19
22174721 4
22174739 9
22174739 21
22174807 129
22174819 57
22174939 1577
22174979 1
22174981 7656
22175161 11
22175177 4
22175189 4
22175189 555
22175273 51
22175423 1
22175471 4
22175533 851
22175567 1117
22175663 13
22175663 465
22175687 9
22175687 49
22175731 9753
22175753 508
22175767 980
22175771 1
22175833 1703
22175929 3720
22175947 12
22175977 3
22175999 1
22176047 280
22176079 44
22176079 4041
22176233 127
22176289 15
22176391 8
22176409 747
22176443 192
22176523 8
22176523 17
22176529 239
22176593 7
22176593 3723
22176617 5107
22176683 1
22176701 280
22176797 3
22176883 105
22176887 69
22176893 1120
22176911 1
22176919 92
22176943 6033
22177153 87
22177241 16
22177357 3
22177357 83
22177453 672
22177453 4575
22177499 4
22177499 36
22177699 8804
22177889 1584
22177949 160
22177973 75
22178029 3704
22178071 2061
22178087 9
22178099 1
22178231 1
22178293 8
22178357 12
22178531 4
22178593 452
22178627 8584
22178699 1
22178743 1757
22178803 5
22178839 261
22178917 3560
22178957 87
22178977 3563
22179029 132
22179041 79
22179071 1
22179127 209
22179127 228
22179161 24
22179181 180
22179187 45
22179277 684
22179323 153
22179323 6733
22179397 9620
22179433 167
22179523 452
22179623 1
22179623 520
22179649 624
22179649 4880
22179683 4516
22179697 8264
22179767 1033
22179791 1
22179799 216
22179863 1
22179919 1284
22179977 4180
22180013 5772
22180063 101
22180141 36
22180177 6207
22180181 108
22180237 39
22180321 791
22180343 9888
22180357 24
22180357 252
22180357 279
22180421 3
22180453 1023
22180463 828
22180517 4720
22180547 288
22180601 1248
22180661 708
22180721 3
22180783 8
22180811 1
22180817 88
22180859 1
22180859 2980
22180987 53
22180987 69
22181023 33
22181023 197
22181069 96
22181069 940
22181149 32
22181161 1611
22181179 5
22181179 140
22181233 15
22181251 44
22181279 1
22181339 1
22181363 8980
22181377 8
22181387 9
22181429 4291
22181521 3
22181521 3219
22181557 24
22181629 104
22181717 883
22181741 88
22181741 2955
22181801 276
22181813 28
22181909 15
22181921 24
22181963 28
22181983 8
22181993 303
22182079 20
22182103 8
22182103 2172
22182103 4521
22182113 52
22182113 1827
22182169 11
22182169 5916
22182191 4
22182191 4224
22182301 879
22182311 124
22182343 4745
22182343 7116
22182403 12
22182403 21
22182431 648
22182469 432
22182533 295
22182553 6531
22182571 665
22182653 1407
22182661 1019
22182703 108
22182827 93
22182847 9644
22182863 4105
22182907 80
22183043 1
22183069 2435
22183123 8
22183151 1
22183171 84
22183367 208
22183391 1
22183391 16
22183547 3169
22183547 9045
22183573 3
22183619 217
22183673 16
22183709 100
22183709 5287
22183723 4425
22183729 440
22183769 15
22183801 1595
22183877 3
22183939 2009
22184081 3
22184093 732
22184171 1
22184207 112
22184293 8463
22184377 3
22184401 11
22184441 2119
22184479 32
22184537 3
22184593 8751
22184599 5
22184651 9
22184717 3
22184717 4
22184749 440
22184801 3663
22184803 77
22184803 225
22184807 9
22184843 1
22184999 4
22185013 60
22185019 5
22185077 7
22185091 236
22185101 75
22185113 7
22185169 407
22185193 11
22185197 12
22185227 2772
22185253 27
22185281 3
22185281 9963
22185287 6672
22185343 12
22185413 3
22185419 1
22185557 5212
22185587 57
22185617 48
22185623 96
22185703 600
22185719 81
22185719 201
22185791 4
22185809 7
22185809 1987
22185811 5
22185851 1
22185923 5148
22186019 1
22186019 217
22186019 4125
22186057 395
22186061 6444
22186121 3
22186121 28
22186133 3
22186133 240
22186133 1495
22186201 1991
22186271 16
22186331 1
22186331 321
22186391 45
22186573 3
22186777 8
22186777 39
22186783 216
22186811 9
22186811 156
22186993 380
22187047 12
22187131 348
22187131 9240
22187171 748
22187213 3
22187213 331
22187219 8781
22187239 36
22187239 249
22187279 105
22187461 2384
22187467 872
22187569 39
22187593 11
22187593 3932
22187603 1
22187609 216
22187681 3
22187689 195
22187749 240
22187821 35
22187857 3
22187881 308
22187917 20
22187959 765
22187969 15
22187981 403
22188191 1
22188211 1865
22188217 675
22188227 12
22188239 276
22188241 39
22188251 1
22188253 3
22188389 27
22188449 4
22188449 300
22188469 24
22188487 5760
22188563 1
22188563 1993
22188581 615
22188611 4
22188737 24
22188769 1451
22188851 145
22188923 48
22189067 4
22189067 213
22189099 7125
22189151 1
22189249 84
22189291 5
22189493 135
22189493 648
22189501 263
22189507 33
22189523 985
22189597 3
22189633 11
22189649 5839
22189667 6285
22189693 1128
22189793 132
22189813 27
22189927 45
22189991 4
22189997 4
22190039 4
22190053 8
22190167 5
22190171 480
22190173 3
22190243 1
22190257 8
22190257 3252
22190261 43
22190297 312
22190351 1
22190351 25
22190383 17
22190401 39
22190521 11
22190551 8
22190563 356
22190579 1
22190669 880
22190681 1276
22190741 208
22190741 504
22190741 639
22190789 4816
22190957 12
22190969 447
22190989 24
22191187 80
22191187 185
22191187 765
22191347 4
22191517 564
22191523 6153
22191541 1539
22191707 772
22191733 275
22191737 835
22191751 3276
22191761 100
22191773 36
22191833 1248
22191893 16
22192067 9
22192067 28
22192087 917
22192091 1
22192097 3
22192097 19
22192139 16
22192139 136
22192153 35
22192243 5
22192243 7292
22192253 3
22192253 4116
22192283 16
22192441 468
22192567 1977
22192663 1085
22192663 5576
22192717 20
22192733 3
22192739 1921
22192739 4797
22192799 1
22192799 12
22192811 25
22192829 51
22192889 592
22192987 5
22192987 12
22192991 69
22193023 188
22193063 1
22193161 1244
22193243 300
22193261 48
22193293 51
22193333 7
22193351 28
22193351 85
22193359 9032
22193389 75
22193419 9
22193441 3
22193441 60
22193441 6976
22193471 16
22193473 8
22193609 100
22193609 219
22193609 1755
22193657 3
22193791 45
22193791 60
22193939 265
22193989 552
22194001 8
22194013 36
22194119 16
22194203 408
22194247 68
22194259 3044
22194311 1
22194331 516
22194427 12
22194437 3
22194437 363
22194479 24
22194589 740
22194677 747
22194713 192
22194727 1520
22194737 399
22194737 3795
22194803 1
22194829 3372
22194883 2121
22194989 964
22195001 3
22195027 12
22195031 1
22195091 6321
22195093 3
22195099 5
22195123 2732
22195169 1087
22195223 1
22195273 15
22195273 771
22195297 87
22195351 2060
22195471 1368
22195501 108
22195583 1
22195633 12
22195651 8
22195699 20
22195753 107
22196017 3
22196017 47
22196059 96
22196099 1
22196113 3
22196309 4
22196423 232
22196429 1071
22196429 2707
22196491 428
22196591 1
22196609 4
22196641 1095
22196701 23
22196717 40
22196719 12
22196819 1
22196827 1305
22196843 96
22196873 136
22196927 4
22196971 9480
22197013 83
22197079 81
22197173 12
22197193 3
22197233 312
22197233 388
22197239 1
22197251 1
22197353 5631
22197367 312
22197431 25
22197449 4
22197467 4
22197541 8
22197613 12
22197613 1460
22197661 24
22197683 1
22197697 1172
22197709 35
22197727 320
22197779 645
22197823 7913
22197859 2936
22197863 393
22197907 17
22197907 4440
22197941 780
22197943 888
22197991 500
22198051 408
22198193 27
22198259 1060
22198271 1
22198283 1500
22198331 1
22198331 105
22198339 1800
22198411 3500
22198453 3
22198459 32
22198459 644
22198513 572
22198721 28
22198721 300
22198727 4
22198739 40
22198769 7
22198873 1580
22198877 4
22198907 9
22198961 88
22198987 72
22198987 177
22199119 5
22199147 25
22199147 1800
22199231 1
22199321 15
22199389 15
22199389 4976
22199509 9552
22199561 1284
22199591 1
22199599 9
22199647 12
22199707 332
22199767 17
22199851 200
22199857 195
22200023 1
22200023 3765
22200077 7
22200077 99
22200131 4
22200131 216
22200137 3655
22200149 19
22200263 1
22200281 2799
22200287 37
22200287 5257
22200307 4568
22200323 1
22200323 673
22200337 3
22200337 9468
22200421 3
22200421 11
22200443 9897
22200491 64
22200551 4
22200551 268
22200551 4836
22200601 3
22200601 840
22200617 4
22200671 1344
22200677 1284
22200733 20
22200809 19
22200821 99
22200847 5
22201043 1
22201057 128
22201181 4
22201181 1180
22201189 20
22201217 24
22201297 72
22201307 4
22201331 1
22201331 349
22201381 4004
22201513 8627
22201561 3
22201561 75
22201567 69
22201577 568
22201579 5
22201579 177
22201661 40
22201679 2305
22201691 1
22201769 1380
22201891 153
22201903 21
22201903 77
22201931 181
22202027 4153
22202069 7
22202407 5
22202407 1949
22202419 20
22202423 88
22202473 3543
22202489 516
22202533 87
22202533 1643
22202539 2157
22202569 372
22202633 12
22202651 85
22202767 4005
22202819 1
22202819 9
22202857 92
22202891 388
22202903 1
22203011 4
22203061 80
22203101 4015
22203127 17
22203221 48
22203227 108
22203323 13
22203431 40
22203491 169
22203497 6372
22203539 921
22203563 1
22203653 7
22203667 1785
22203679 1589
22203743 1
22203749 12
22203847 293
22203869 2512
22203877 3
22203931 788
22203983 1
22203991 201
22203997 12
22203997 39
22203997 9212
22204051 9
22204139 1389
22204151 1
22204219 360
22204219 1884
22204249 4296
22204253 372
22204307 7665
22204321 8
22204373 52
22204531 9
22204531 201
22204621 263
22204621 2376
22204681 315
22204681 611
22204757 7
22204783 20
22204811 45
22204849 1071
22204849 4095
22204879 281
22204879 4565
22204883 1
22204883 208
22204909 8267
22204969 159
22204993 15
22204993 80
22204993 132
22204997 3
22204999 336
22205033 208
22205177 28
22205237 19
22205279 1
22205453 672
22205483 1
22205537 3
22205537 4
22205549 67
22205629 27
22205657 6780
22205663 105
22205663 648
22205713 3
22205773 20
22205819 1
22205849 2427
22205863 5
22205959 104
22205977 3
22205987 105
22205987 568
22206047 124
22206053 7395
22206187 228
22206227 1677
22206263 7492
22206287 88
22206377 7
22206433 12
22206433 87
22206449 124
22206451 68
22206451 813
22206511 2264
22206557 4
22206601 3
22206601 2168
22206617 24
22206739 9
22206827 324
22206859 24
22206859 4421
22206901 180
22206917 3484
22207021 3
22207021 156
22207027 1344
22207043 8557
22207061 55
22207123 8
22207123 56
22207153 3
22207267 5
22207267 1865
22207399 341
22207399 905
22207481 408
22207487 4
22207487 9
22207573 7443
22207589 4
22207589 120
22207639 65
22207639 2445
22207699 1112
22207739 1
22207793 3
22207847 6220
22207973 12
22208051 1
22208063 100
22208213 76
22208267 64
22208267 108
22208269 12
22208269 71
22208413 3
22208413 188
22208449 647
22208479 9
22208479 20
22208533 1631
22208611 41
22208629 35
22208629 6255
22208743 780
22208759 12
22208801 16
22208911 176
22208947 165
22208947 204
22208951 1
22208981 3871
22209037 1859
22209059 264
22209059 6325
22209203 5652
22209211 5
22209211 6956
22209251 624
22209367 20
22209419 1
22209503 1
22209511 948
22209511 1848
22209589 27
22209631 53
22209637 795
22209643 176
22209751 140
22209827 4
22209899 1
22209923 1
22209983 73
22210091 4
22210103 181
22210121 91
22210129 80
22210163 81
22210207 2153
22210289 7
22210333 623
22210351 1569
22210379 1
22210421 4
22210427 768
22210451 5065
22210459 1109
22210511 105
22210597 3
22210651 20
22210681 359
22210681 623
22210871 1
22210921 428
22210927 17
22210997 3
22211003 220
22211179 437
22211251 8
22211327 348
22211417 3
22211417 4
22211509 179
22211543 1
22211677 3
22211677 60
22211677 195
22211687 12
22211731 341
22211771 1
22211771 9
22211867 972
22211897 480
22211939 285
22211939 4044
22211953 15
22212017 1224
22212019 29
22212077 12
22212079 1164
22212097 3267
22212109 1511
22212257 127
22212299 1
22212299 1225
22212301 3
22212329 15
22212329 5931
22212397 320
22212403 56
22212439 5
22212581 1443
22212581 1860
22212661 503
22212739 9
22212739 20
22212791 1
22212821 1003
22212821 1419
22212901 2975
22212937 3
22212997 27
22213063 53
22213091 4
22213133 7
22213259 21
22213369 75
22213393 72
22213417 24
22213487 528
22213573 351
22213691 28
22213691 9565
22213703 1
22213811 1429
22213819 12
22213823 105
22213847 4
22213861 15
22213909 59
22213927 125
22213979 1
22213981 239
22213991 1
22214057 3
22214057 7
22214099 1
22214111 3148
22214117 3
22214161 60
22214183 1
22214317 8
22214323 636
22214371 5
22214399 1
22214399 3357
22214501 19
22214501 175
22214539 269
22214581 743
22214611 908
22214653 5991
22214663 1
22214671 5469
22214677 812
22214681 91
22214681 231
22214719 2949
22214749 2859
22214771 48
22214771 1765
22214809 15
22214953 15
22214993 367
22215049 3839
22215101 76
22215101 1144
22215101 1720
22215101 6984
22215157 23
22215157 692
22215269 12
22215371 45
22215497 3
22215551 33
22215709 15
22215709 2447
22215737 7
22215757 1380
22215757 6503
22215797 4
22215833 1855
22215839 1
22215839 9
22215841 3
22215899 1849
22215937 324
22216031 4
22216067 3289
22216067 5680
22216097 4
22216097 15
22216099 209
22216123 468
22216199 4
22216351 5
22216351 89
22216457 3
22216549 3560
22216561 1883
22216657 2984
22216751 4
22216847 469
22216849 99
22216849 1731
22216921 3
22217087 9
22217101 3
22217101 176
22217183 753
22217233 776
22217347 12
22217381 4
22217431 24
22217491 108
22217491 6645
22217543 1
22217557 1580
22217639 45
22217641 111
22217641 7635
22217681 3
22217681 303
22217719 17
22217737 3
22217737 24
22217791 161
22217911 521
22217983 7821
22218037 884
22218083 1
22218271 200
22218377 135
22218403 5
22218569 256
22218601 8199
22218649 47
22218649 876
22218683 33
22218689 139
22218743 2836
22218799 5
22218919 45
22218919 125
22218919 1016
22218919 1572
22218941 564
22218997 23
22219027 89
22219199 1
22219271 1
22219283 1
22219363 4761
22219387 132
22219409 4
22219409 147
22219427 2997
22219523 1
22219543 273
22219559 69
22219559 3189
22219583 7860
22219609 1632
22219627 12
22219627 380
22219643 672
22219657 68
22219657 143
22219751 1
22219751 13
22219751 145
22219843 8
22219871 4
22219877 4
22219919 1
22219933 7008
22219961 96
22219979 4
22220057 115
22220117 1603
22220117 5284
22220161 8
22220171 1
22220203 21
22220213 1828
22220249 4
22220371 209
22220399 169
22220417 280
22220503 3393
22220603 1
22220651 1
22220903 861
22220953 6296
22220971 65
22221029 4
22221037 15
22221037 35
22221061 3
22221161 268
22221191 1
22221209 55
22221233 3
22221233 1836
22221259 80
22221299 4
22221299 25
22221319 417
22221359 9120
22221361 635
22221377 12
22221391 1568
22221449 187
22221539 1
22221557 460
22221593 136
22221649 11
22221707 4
22221757 1163
22221799 377
22221911 1
22221911 48
22221949 431
22221949 8547
22221971 1
22222049 3352
22222049 5095
22222199 1
22222261 75
22222373 7
22222427 9
22222471 188
22222547 64
22222597 3
22222601 4
22222661 3
22222661 184
22222819 5
22222891 5
22222987 720
22223023 92
22223039 69
22223119 20
22223137 3
22223143 8
22223207 9
22223231 1
22223261 63
22223287 9
22223287 45
22223291 21
22223323 45
22223351 241
22223351 2488
22223381 28
22223413 3
22223417 15
22223491 5
22223629 519
22223651 60
22223813 1596
22223881 524
22223881 7256
22223917 59
22223921 4528
22223941 3
22223951 1
22224031 8
22224031 329
22224031 7308
22224113 7683
22224229 2075
22224259 44
22224311 1
22224317 3
22224361 6368
22224493 143
22224539 1
22224539 4
22224539 57
22224563 1
22224577 1199
22224599 4
22224617 15
22224673 143
22224673 368
22224689 36
22224757 3
22224893 43
22224959 4456
22225019 1
22225043 181
22225111 9
22225129 5159
22225387 8
22225439 8692
22225447 5
22225447 120
22225499 1
22225583 276
22225583 357
22225639 17
22225639 164
22225661 1843
22225691 1
22225699 3281
22225733 715
22225739 72
22225747 4197
22225747 5580
22225771 33
22225859 1369
22225997 3
22226003 1
22226063 336
22226117 19
22226117 67
22226153 207
22226153 1476
22226153 3751
22226167 32
22226173 3
22226173 15
22226231 9345
22226249 7
22226261 1248
22226263 357
22226339 16
22226389 39
22226467 45
22226507 4777
22226591 381
22226627 4
22226641 4596
22226773 27
22226791 3033
22226801 4
22226801 4395
22226833 47
22226873 12
22226959 5
22226999 1
22227097 92
22227097 215
22227133 32
22227133 315
22227157 2408
22227187 9
22227209 96
22227229 7164
22227277 2552
22227281 3
22227307 72
22227319 32
22227319 2225
22227433 72
22227529 11
22227563 1
22227577 848
22227641 3
22227797 39
22227883 17
22227889 27
22227901 131
22227911 45
22227917 2187
22227983 1
22228021 3
22228091 1
22228091 4
22228093 2775
22228127 5373
22228139 4
22228207 9
22228207 57
22228207 6888
22228223 345
22228243 32
22228279 3576
22228319 1
22228319 177
22228337 1903
22228351 5285
22228391 16
22228397 1320
22228403 1
22228421 295
22228447 9
22228477 1763
22228513 1860
22228553 156
22228631 1
22228667 37
22228691 1
22228691 28
22228691 2185
22228793 51
22228873 4067
22228919 96
22228951 5
22229029 32
22229041 4691
22229227 5
22229231 33
22229287 189
22229287 833
22229287 6648
22229377 3
22229377 15
22229423 7540
22229443 1317
22229443 3956
22229491 5
22229497 12
22229567 4
22229579 1
22229609 16
22229611 6216
22229653 3
22229657 7
22229719 60
22229819 157
22229827 17
22229939 9
22229947 764
22229959 56
22229993 28
22230059 249
22230113 7
22230119 1
22230119 4
22230251 69
22230251 3936
22230281 3
22230281 751
22230287 249
22230289 99
22230289 575
22230359 1
22230359 9
22230359 2472
22230493 96
22230623 1
22230661 3
22230701 84
22230701 5619
22230841 284
22230851 85
22230851 7836
22230899 472
22230911 16
22230913 3
22230959 16
22230991 105
22231057 3
22231067 4
22231147 68
22231151 1
22231151 733
22231177 128
22231199 1
22231199 8677
22231241 16
22231331 264
22231361 84
22231421 3
22231439 1
22231441 1943
22231673 6540
22231673 6952
22231787 565
22231889 7
22231897 3
22231901 219
22231997 12
22231997 528
22232011 81
22232011 3068
22232083 5
22232117 1287
22232219 9
22232219 3997
22232233 876
22232317 3
22232317 1368
22232317 2555
22232389 12
22232389 72
22232389 120
22232389 632
22232429 9967
22232461 2091
22232471 25
22232471 1044
22232563 41
22232659 2420
22232741 363
22232759 25
22232801 39
22232843 1017
22232887 5
22232909 124
22232909 255
22232909 7275
22232941 3363
22232963 21
22233181 8
22233187 45
22233217 2619
22233217 4695
22233311 1
22233443 1
22233499 5
22233529 12
22233529 252
22233539 1
22233733 15
22233779 1689
22233817 5948
22233917 640
22233949 44
22234019 145
22234067 60
22234081 11
22234229 711
22234309 692
22234343 145
22234349 7
22234393 3
22234403 1
22234451 4
22234451 513
22234481 3
22234481 51
22234489 687
22234543 3137
22234549 15
22234601 456
22234651 108
22234673 7
22234673 436
22234699 1884
22234703 412
22234837 59
22234871 36
22234937 4
22234987 372
22235011 1293
22235021 3
22235021 123
22235047 1028
22235051 1
22235177 40
22235179 6525
22235189 84
22235189 6267
22235231 1
22235231 184
22235399 25
22235417 8020
22235459 1
22235497 12
22235513 16
22235561 675
22235569 2540
22235579 4
22235713 3567
22235749 12
22235869 371
22235879 1
22235879 4
22235887 8
22235887 2453
22235921 151
22235929 24
22235977 8
22235987 193
22235987 1017
22236037 20
22236037 132
22236041 16
22236077 3
22236197 24
22236257 540
22236287 9
22236287 352
22236293 43
22236293 48
22236343 1041
22236343 1140
22236413 3
22236439 1184
22236491 1
22236491 4
22236491 16
22236491 733
22236497 3
22236509 12
22236581 3
22236581 7735
22236659 64
22236671 4
22236679 3500
22236691 141
22236727 504
22236953 3
22237031 321
22237073 76
22237121 751
22237151 1
22237169 4
22237169 195
22237169 840
22237307 9
22237373 231
22237463 13
22237471 228
22237483 93
22237511 1
22237529 12
22237661 28
22237681 3
22237727 132
22237729 2552
22237759 141
22237759 185
22237763 7773
22237781 3
22237781 591
22237799 4
22237871 4
22237907 552
22238053 435
22238087 1768
22238119 617
22238141 48
22238297 963
22238327 1044
22238347 57
22238351 1
22238351 13
22238351 7864
22238383 20
22238459 1
22238497 3675
22238599 20
22238599 452
22238599 3969
22238603 1
22238603 588
22238609 12
22238639 472
22238729 519
22238891 121
22239001 144
22239011 1
22239013 176
22239071 1908
22239079 65
22239149 996
22239157 452
22239181 3
22239181 36
22239209 24
22239241 3
22239251 9
22239361 3
22239439 89
22239517 3
22239593 295
22239619 5
22239619 9
22239631 125
22239631 833
22239677 879
22239683 1
22239683 360
22239697 47
22239703 72
22239743 16
22239743 1317
22239797 3
22239853 12
22239949 11
22239949 96
22240021 48
22240087 9
22240123 21
22240201 644
22240223 21
22240313 7620
22240319 516
22240343 412
22240343 861
22240349 4
22240349 12
22240363 17
22240391 1
22240433 3
22240499 504
22240637 1092
22240643 8497
22240681 8
22240693 8928
22240703 1
22240703 37
22240753 20
22240807 2169
22240831 5
22240831 441
22240957 3
22240961 28
22240961 91
22240961 748
22240961 8484
22240987 20
22241137 128
22241179 765
22241209 36
22241209 107
22241239 5
22241249 175
22241269 20
22241273 7
22241327 4
22241333 3
22241339 1
22241339 4
22241357 39
22241413 11
22241501 43
22241519 1
22241519 901
22241599 1424
22241767 477
22241941 36
22241953 3
22241963 1
22241963 133
22241963 217
22241969 7
22241971 2613
22241987 49
22242019 17
22242023 105
22242193 60
22242211 1596
22242251 4
22242251 208
22242281 2520
22242287 4
22242299 81
22242401 3
22242427 5
22242427 32
22242461 63
22242533 943
22242533 3735
22242611 1
22242659 1
22242713 51
22242799 5
22242799 321
22242833 12
22242853 3
22242853 1628
22242859 5117
22242889 15
22242937 7823
22243097 1500
22243121 5548
22243121 7203
22243127 1125
22243141 7388
22243153 3747
22243181 1416
22243181 2580
22243201 15
22243283 1
22243301 3700
22243313 8472
22243321 39
22243349 55
22243387 228
22243387 1280
22243393 1995
22243423 5601
22243439 1
22243511 364
22243541 4995
22243579 9
22243657 3
22243673 40
22243687 44
22243807 5033
22243843 5
22243843 8
22243843 161
22243867 9
22244093 3
22244093 51
22244149 792
22244219 121
22244311 8
22244413 8
22244549 7
22244617 3
22244689 416
22244707 3153
22244723 57
22244777 3
22244777 483
22244851 33
22244879 1
22244923 681
22245017 208
22245031 3260
22245109 12
22245199 12
22245199 9216
22245227 9
22245263 1
22245269 1176
22245337 3
22245337 8
22245361 3
22245463 21
22245479 4
22245607 192
22245659 97
22245679 7917
22245719 1
22245731 61
22245757 3095
22245793 4076
22245803 1
22245869 5131
22245889 464
22245901 456
22245913 3
22245953 336
22246019 1
22246019 3100
22246057 492
22246079 1
22246099 20
22246111 1109
22246121 3
22246121 31
22246199 16
22246199 160
22246253 160
22246327 845
22246331 1
22246337 4
22246391 9
22246487 345
22246537 915
22246621 20
22246733 5943
22246751 9
22246789 3879
22246793 7
22246793 48
22246831 185
22246843 453
22246919 9
22247053 7508
22247077 72
22247129 400
22247143 41
22247171 28
22247177 4120
22247273 36
22247287 197
22247363 1
22247507 448
22247521 48
22247557 7527
22247623 476
22247683 20
22247683 4085
22247839 165
22247839 209
22248119 1
22248203 2820
22248227 4
22248227 9
22248269 4099
22248293 348
22248311 33
22248311 873
22248323 1060
22248377 4543
22248509 8080
22248511 29
22248593 468
22248703 140
22248727 105
22248739 9
22248739 80
22248851 1
22248881 24
22248883 5
22248893 3
22248901 419
22248973 71
22249049 7
22249049 231
22249067 4
22249081 303
22249091 1
22249151 1
22249187 8865
22249217 2872
22249219 6341
22249231 9153
22249267 5
22249343 1
22249363 1697
22249363 6993
22249373 3
22249421 15
22249517 19
22249529 19
22249529 552
22249553 28
22249573 11
22249631 4
22249673 28
22249841 1216
22250099 1
22250099 4
22250101 3
22250153 183
22250203 5
22250233 68
22250377 15
22250377 2747
22250381 15
22250381 108
22250447 97
22250483 8580
22250563 117
22250563 2037
22250593 72
22250597 187
22250597 4807
22250609 7464
22250629 20
22250639 1
22250689 659
22250747 4
22250759 1
22250771 1
22250797 27
22250983 5
22250983 468
22251017 1099
22251041 2403
22251067 3957
22251077 3
22251077 15
22251137 532
22251161 4
22251217 980
22251227 2617
22251239 45
22251301 111
22251371 1
22251371 856
22251503 1
22251533 3
22251569 1152
22251611 16
22251731 1
22251743 121
22251829 11
22251913 20
22251923 1
22252067 117
22252117 4944
22252127 60
22252177 408
22252189 204
22252261 11
22252297 219
22252319 85
22252343 1
22252369 15
22252409 135
22252423 12
22252423 368
22252481 76
22252493 3
22252537 9695
22252669 12
22252717 3
22252729 7071
22252771 1409
22252829 3144
22252921 11
22252981 3
22253053 380
22253069 1531
22253149 51
22253149 72
22253149 2676
22253183 1
22253191 8180
22253261 31
22253377 1280
22253377 5019
22253417 15
22253437 27
22253519 1
22253723 1
22253879 1
22253963 93
22254019 5
22254019 665
22254059 1
22254097 159
22254119 1
22254121 7040
22254233 2520
22254259 5
22254307 8
22254307 53
22254371 48
22254391 33
22254443 121
22254563 1368
22254619 9
22254733 11
22254761 4
22254863 60
22254863 333
22254937 3
22254959 1
22254979 921
22255003 41
22255027 12
22255031 25
22255069 11
22255097 4
22255109 4
22255229 12
22255271 4
22255271 4353
22255349 292
22255357 692
22255391 21
22255411 9
22255603 2340
22255657 3
22255691 129
22255763 57
22255829 4
22255999 32
22256027 24
22256123 25
22256123 1021
22256189 627
22256231 1
22256231 1629
22256309 4
22256347 12
22256401 84
22256471 85
22256471 124
22256483 1
22256483 61
22256503 968
22256569 1275
22256603 1
22256683 21
22256683 81
22256693 2635
22256719 9
22256743 125
22256813 3
22256821 155
22256831 184
22256837 4
22256849 12
22256849 351
22256879 1
22256879 145
22257049 1899
22257107 12
22257107 1009
22257119 52
22257299 57
22257299 165
22257463 2453
22257503 1
22257517 3
22257559 24
22257559 44
22257611 1429
22257727 45
22257887 589
22257929 6904
22258009 87
22258169 4
22258169 696
22258199 1
22258207 93
22258237 224
22258343 1
22258373 5827
22258501 848
22258591 2301
22258619 6829
22258679 1
22258693 240
22258697 3
22258697 799
22258771 5
22258771 96
22258813 396
22258849 56
22258919 1
22258981 135
22259057 4
22259161 8
22259207 1564
22259261 4
22259381 3
22259399 7617
22259401 104
22259407 1044
22259411 736
22259527 3729
22259663 153
22259689 12
22259753 327
22259771 49
22259801 3
22259819 1
22259821 11
22260037 23
22260071 1
22260079 17
22260107 4
22260127 8
22260151 200
22260193 135
22260319 6260
22260377 55
22260377 3832
22260443 153
22260649 3452
22260671 1
22260671 2956
22260731 1881
22260739 9336
22260779 1
22260779 777
22260811 8
22260853 3
22260869 820
22260907 992
22260923 61
22261093 2135
22261093 2952
22261163 1
22261273 3
22261273 12
22261301 3
22261361 40
22261363 5
22261391 1
22261417 192
22261439 1
22261471 8
22261471 29
22261507 2153
22261529 7
22261529 27
22261549 1191
22261549 2576
22261639 12
22261697 3
22261741 36
22261801 23
22261801 596
22261817 19
22262063 1
22262063 5020
22262087 4
22262147 13
22262297 27
22262381 120
22262389 59
22262407 617
22262477 72
22262489 4
22262507 153
22262543 1
22262543 2061
22262599 24
22262659 57
22262677 1823
22262677 2900
22262711 1
22262717 627
22262731 1436
22262731 2525
22262833 467
22262837 3
22262837 84
22262837 3027
22262909 1299
22262969 4
22262969 252
22262969 264
22262993 15
22262993 43
22263049 12
22263179 1840
22263259 5
22263331 141
22263331 2096
22263419 1585
22263499 21
22263509 60
22263509 79
22263559 357
22263623 240
22263629 804
22263641 148
22263721 3
22263749 4
22263961 2880
22264001 8976
22264019 64
22264049 4
22264049 7
22264139 472
22264147 9
22264159 2844
22264211 5905
22264213 563
22264213 9792
22264261 164
22264283 1
22264283 6973
22264397 372
22264439 1
22264457 3
22264481 36
22264591 8685
22264657 9164
22264757 12
22264813 1500
22264831 20
22264867 24
22264867 1284
22264871 1
22264877 3
22264919 1
22264969 539
22264969 2787
22265051 4
22265051 4321
22265261 6196
22265279 84
22265303 4405
22265381 31
22265491 1668
22265521 279
22265543 21
22265561 3
22265629 15
22265629 1100
22265669 484
22265693 256
22265723 1
22265741 211
22265743 17
22265779 129
22265779 6764
22265857 560
22265953 63
22265981 163
22265987 13
22265987 580
22266053 192
22266137 132
22266259 12
22266371 1
22266371 81
22266383 1
22266383 21
22266383 297
22266421 8
22266443 240
22266479 436
22266547 9
22266547 6492
22266571 693
22266623 48
22266857 1083
22266901 4124
22266911 1
22266929 219
22266947 48
22266953 7
22267067 2809
22267079 25
22267103 1
22267159 780
22267319 1
22267319 2745
22267327 24
22267327 2513
22267439 2992
22267471 8
22267471 2396
22267523 1
22267523 2868
22267643 1
22267643 625
22267649 192
22267649 1716
22267669 5720
22267787 528
22267859 21
22267873 3
22267963 45
22267997 55
22268009 19
22268017 60
22268021 100
22268033 448
22268047 33
22268047 93
22268179 2744
22268203 101
22268203 708
22268219 1
22268237 864
22268237 3183
22268327 1977
22268471 5613
22268483 1
22268483 57
22268489 76
22268503 225
22268693 2143
22268791 261
22268837 12
22268837 100
22268867 225
22268993 12
22269127 1032
22269173 171
22269241 396
22269257 4
22269277 7772
22269293 31
22269367 69
22269433 3
22269433 4760
22269479 352
22269479 496
22269503 1
22269707 4
22269757 128
22269769 2612
22269791 60
22269799 20
22269839 37
22269887 165
22269901 24
22269959 1
22270019 1
22270019 301
22270097 7
22270099 132
22270099 3072
22270103 1033
22270139 244
22270271 1
22270343 1
22270343 81
22270439 1
22270471 5
22270471 524
22270541 276
22270541 6903
22270609 1871
22270813 1688
22270817 4
22270823 1
22270883 2281
22270933 3
22270951 5
22271027 165
22271083 1077
22271111 805
22271239 21
22271281 59
22271407 8
22271407 228
22271633 3
22271653 11
22271653 15
22271663 1
22271699 4909
22271701 4575
22271791 69
22271923 8
22272011 1
22272011 13
22272011 568
22272013 8
22272071 9
22272083 1
22272121 455
22272139 3704
22272277 3
22272343 297
22272359 36
22272359 52
22272361 24
22272361 2204
22272421 35
22272421 63
22272611 760
22272641 216
22272661 3
22272797 7
22272797 12
22272829 9939
22272851 1
22272917 3
22272917 108
22272937 2823
22272977 9780
22273067 69
22273079 84
22273117 2352
22273217 723
22273217 2079
22273319 3820
22273487 949
22273513 3815
22273523 1
22273561 24
22273571 1
22273571 265
22273609 135
22273697 84
22273721 4
22273879 341
22273883 85
22273883 1392
22273891 213
22274033 187
22274039 12
22274053 3
22274071 200
22274141 16
22274167 69
22274167 308
22274177 3
22274279 1776
22274353 135
22274377 8
22274383 425
22274423 12
22274453 435
22274453 2076
22274489 16
22274501 1260
22274513 3991
22274537 8947
22274591 4
22274591 2289
22274597 3
22274717 3
22274963 21
22274963 2212
22275061 960
22275119 1
22275139 20
22275139 2012
22275181 63
22275199 32
22275199 41
22275203 181
22275217 1515
22275401 4
22275493 20
22275521 756
22275527 205
22275607 29
22275637 84
22275637 440
22275719 1
22275769 11
22275787 29
22275793 96
22275793 240
22275817 15
22275839 4
22275901 15
22275901 56
22275901 60
22275977 24
22275977 4599
22275991 20
22276057 3
22276057 48
22276091 4836
22276091 9505
22276153 3572
22276283 1
22276283 1941
22276301 91
22276369 11
22276369 32
22276399 77
22276469 4
22276517 4
22276517 807
22276547 112
22276559 117
22276561 8
22276561 15
22276601 3
22276601 1095
22276663 5
22276663 660
22276703 1
22276717 519
22276739 121
22276741 11
22276799 849
22276823 1
22276847 9120
22276927 77
22276931 1
22276993 56
22277069 504
22277077 108
22277077 159
22277153 12
22277153 31
22277221 60
22277221 2655
22277239 1217
22277257 7472
22277537 3
22277537 652
22277573 132
22277579 1869
22277657 3
22277657 639
22277687 4
22277791 8
22277791 1940
22277791 9500
22277831 1
22277867 25
22277891 16
22277911 453
22277951 4
22277951 73
22277951 780
22277971 405
22278071 4
22278121 3
22278197 3
22278229 27
22278239 37
22278299 1
22278299 4
22278439 5
22278563 1
22278631 3669
22278679 20
22278719 1
22278793 15
22278827 9
22278937 3
22278983 957
22279021 60
22279079 1
22279087 333
22279177 87
22279177 164
22279319 1
22279319 1944
22279331 204
22279423 200
22279447 5
22279531 368
22279553 48
22279583 192
22279583 3060
22279643 1
22279681 3
22279703 1
22279703 141
22279703 540
22279717 767
22279759 7292
22279781 3
22279781 763
22279813 803
22279879 77
22279889 919
22279969 251
22279969 647
22280017 35
22280053 1175
22280099 45
22280099 129
22280117 12
22280147 672
22280191 1325
22280197 603
22280197 1980
22280243 1
22280243 253
22280249 4
22280249 7
22280263 41
22280281 155
22280329 2700
22280339 1
22280339 12
22280359 5
22280411 1
22280459 4
22280513 3
22280551 3680
22280561 1564
22280663 1417
22280683 21
22280689 455
22280719 5
22280743 17
22280779 4640
22280963 2925
22281113 1783
22281131 1
22281131 904
22281151 36
22281221 4
22281257 840
22281277 423
22281293 36
22281293 1648
22281331 24
22281341 31
22281377 7
22281377 1864
22281379 20
22281461 2331
22281463 1485
22281481 3
22281499 29
22281533 60
22281533 3976
22281563 52
22281631 5
22281683 88
22281719 1
22281829 287
22281877 683
22281923 1
22281979 96
22281979 8604
22281991 5
22281991 9
22281991 464
22282021 1020
22282027 12
22282031 193
22282067 3693
22282109 16
22282159 309
22282199 184
22282199 357
22282259 772
22282283 1
22282289 4
22282321 399
22282369 56
22282441 1368
22282441 2459
22282487 12
22282501 3
22282511 1
22282669 1112
22282679 1
22282681 11
22282703 1
22282703 13
22282709 391
22282807 33
22282823 240
22282847 1608
22282879 21
22282879 4185
22282957 44
22283057 159
22283069 2695
22283147 4
22283147 6444
22283171 180
22283237 4588
22283341 63
22283341 140
22283407 8
22283449 51
22283473 3
22283473 11
22283497 20
22283501 903
22283537 19
22283557 27
22283557 9212
22283579 165
22283641 8
22283647 8
22283647 9
22283663 312
22283671 84
22283791 1281
22284011 1
22284113 435
22284137 223
22284137 2703
22284173 895
22284181 56
22284193 1055
22284461 3
22284611 9
22284641 4
22284659 4
22284667 8
22284709 3236
22284719 64
22284797 1804
22284863 1
22284883 20
22284923 2100
22284979 44
22285007 9
22285009 344
22285103 3952
22285111 9
22285111 45
22285117 344
22285127 3244
22285213 8
22285261 11
22285297 9995
22285349 2220
22285363 101
22285397 4
22285477 32
22285531 9
22285531 6948
22285541 91
22285619 16
22285699 20
22285699 416
22285733 7
22285733 15
22285733 3771
22285817 5643
22285859 1
22285859 9297
22285871 1
22285871 2388
22285933 1503
22285937 27
22285981 35
22286003 52
22286027 445
22286063 1
22286111 1
22286161 6224
22286171 1
22286197 35
22286203 233
22286219 1
22286399 1
22286491 9
22286503 33
22286557 3
22286557 2864
22286689 11
22286689 500
22286723 1
22286801 43
22286801 211
22286879 1
22286879 24
22286879 477
22286917 227
22287173 2463
22287281 4
22287371 3309
22287371 9448
22287487 5
22287491 1428
22287523 5
22287547 8
22287553 156
22287623 8817
22287679 6300
22287737 4
22288001 396
22288031 48
22288069 12
22288069 7304
22288117 68
22288117 1067
22288151 3865
22288183 356
22288193 72
22288223 1741
22288247 28
22288261 4059
22288361 39
22288367 144
22288397 4
22288439 276
22288447 285
22288523 5613
22288531 65
22288619 184
22288681 3
22288699 152
22288727 33
22288753 171
22288831 5
22288879 92
22288927 3057
22288943 432
22288967 193
22289009 27
22289009 132
22289009 156
22289009 1932
22289027 153
22289053 167
22289089 12
22289131 180
22289161 8
22289167 5
22289167 12
22289263 20
22289263 132
22289317 4172
22289321 24
22289411 1
22289411 21
22289411 193
22289419 41
22289471 264
22289483 1
22289537 99
22289557 104
22289611 8
22289621 336
22289639 972
22289653 12
22289749 20
22289753 5848
22289759 4
22289789 187
22289801 1719
22289803 36
22289807 469
22289851 44
22289957 2655
22289989 39
22289989 1539
22289999 1
22290007 197
22290031 20
22290083 1
22290083 3225
22290137 3
22290143 133
22290161 15
22290269 64
22290409 11
22290409 95
22290409 435
22290409 567
22290419 1
22290419 84
22290551 9
22290551 40
22290617 103
22290707 4
22290773 1407
22290869 19
22290883 7377
22290901 3
22290901 80
22290943 17
22290959 112
22291067 12
22291211 1
22291211 4
22291261 23
22291261 9320
22291289 1179
22291319 1
22291483 9261
22291487 133
22291487 2784
22291513 3
22291513 7992
22291519 929
22291523 57
22291523 88
22291603 153
22291603 1517
22291613 168
22291813 3
22291903 5
22291903 65
22291903 413
22291967 4
22292041 80
22292071 9941
22292119 2532
22292201 520
22292239 5961
22292297 48
22292311 636
22292357 3
22292381 3660
22292407 9
22292531 3889
22292551 5
22292581 1524
22292591 1
22292657 7
22292657 87
22292723 1
22292747 100
22292779 56
22292857 20
22292857 2079
22292869 5295
22292929 795
22292969 12
22292969 19
22293017 12
22293097 207
22293133 3
22293253 23
22293451 33
22293451 4136
22293473 28
22293497 283
22293539 1
22293559 260
22293671 156
22293757 632
22293767 492
22293769 39
22293857 4963
22293937 75
22294171 816
22294267 1320
22294289 31
22294399 2021
22294553 15
22294661 199
22294717 3815
22294901 2784
22294933 80
22294991 49
22295051 1
22295051 16
22295087 40
22295101 3
22295309 39
22295323 8
22295387 465
22295407 188
22295443 1977
22295549 135
22295573 36
22295573 831
22295599 24
22295627 285
22295627 4545
22295723 1
22295723 48
22295729 9160
22295731 224
22295827 29
22295849 1135
22296073 3935
22296097 3
22296097 75
22296173 60
22296181 71
22296203 1
22296203 528
22296221 7740
22296227 4
22296271 9
22296289 636
22296353 9660
22296359 1
22296431 13
22296451 309
22296479 1
22296479 421
22296487 5
22296493 3
22296493 128
22296511 9
22296541 135
22296587 4
22296587 493
22296697 4680
22296751 93
22296773 1960
22296773 4188
22296779 1
22296779 124
22296797 4
22296893 3
22296893 1312
22296917 3
22296943 381
22297021 3
22297021 231
22297049 132
22297087 44
22297087 2232
22297169 519
22297211 1
22297213 12
22297351 188
22297357 1767
22297397 3
22297397 1704
22297427 2440
22297651 5
22297739 825
22297799 1
22297823 1
22297831 2865
22297861 3
22297861 116
22297883 61
22297883 85
22297921 3051
22297949 787
22297981 3
22298027 72
22298099 4
22298099 12
22298113 11
22298117 535
22298117 987
22298131 9
22298141 15
22298183 1996
22298231 1
22298231 36
22298281 444
22298387 9444
22298459 364
22298513 27
22298587 5
22298587 1284
22298699 300
22298789 1147
22298791 8
22298923 93
22298929 792
22298929 3912
22298933 31
22299001 5124
22299143 1
22299143 16
22299161 16
22299269 220
22299311 1
22299337 8
22299349 3504
22299373 131
22299391 21
22299391 45
22299401 4
22299437 19
22299437 315
22299569 31
22299569 124
22299611 1
22299623 52
22299647 8952
22299701 3
22299779 1
22299793 20
22299793 323
22299847 24
22299917 7
22299923 8437
22300027 12
22300027 32
22300063 401
22300099 9
22300207 1400
22300247 40
22300279 132
22300297 3
22300303 1361
22300331 1
22300331 1473
22300451 1
22300477 744
22300511 1
22300511 4
22300511 9
22300517 19
22300517 1807
22300541 63
22300601 4788
22300711 41
22300771 9
22300793 1276
22300841 1543
22300847 25
22300853 16
22300867 9332
22300871 1
22300897 12
22300931 9
22300931 144
22301009 1839
22301113 140
22301189 1575
22301311 36
22301371 1440
22301423 2068
22301473 3
22301527 60
22301533 15
22301549 4
22301677 3
22301677 23
22301717 1143
22301767 117
22301791 5
22301843 16
22301879 4
22301879 25
22301897 27
22301897 8560
22301947 5
22301963 1
22301963 76
22302013 8
22302031 156
22302041 4263
22302047 33
22302107 4
22302167 12
22302193 5948
22302197 735
22302197 3847
22302199 369
22302211 128
22302221 3
22302221 336
22302221 516
22302431 25
22302431 1164
22302437 264
22302457 1079
22302461 31
22302463 321
22302551 85
22302557 3
22302563 2952
22302593 1747
22302677 15
22302809 364
22302859 21
22302883 512
22302901 3
22302937 3
22303037 252
22303067 1824
22303091 721
22303103 16
22303147 120
22303157 1063
22303163 1
22303181 4
22303199 2589
22303213 27
22303217 3
22303277 1024
22303289 7
22303331 1
22303331 424
22303331 1164
22303343 225
22303343 1093
22303367 3508
22303381 35
22303481 3
22303481 28
22303499 264
22303559 1
22303607 25
22303649 31
22303651 36
22303693 3
22303751 25
22303753 3
22303823 105
22303861 23
22303873 8
22303901 583
22303993 36
22304033 3
22304063 1
22304129 12
22304173 23
22304329 651
22304351 1
22304441 1636
22304479 92
22304483 697
22304591 1
22304591 9
22304669 172
22304699 1
22304719 41
22304783 1
22304783 3972
22304897 252
22304897 400
22304921 400
22305047 4
22305079 3236
22305109 99
22305169 11
22305251 276
22305539 1312
22305587 25
22305641 876
22305659 724
22305659 885
22305697 347
22305743 2428
22305793 2828
22305839 16
22305859 545
22305911 1
22305977 580
22306033 1992
22306043 732
22306043 1956
22306069 99
22306103 93
22306147 48
22306241 504
22306253 3
22306289 40
22306289 1180
22306331 49
22306331 124
22306409 300
22306463 145
22306463 432
22306463 2817
22306483 641
22306483 4808
22306489 204
22306517 3
22306547 24
22306547 273
22306547 877
22306553 5575
22306561 735
22306579 1157
22306657 3
22306657 344
22306679 132
22306787 2649
22306919 1
22307023 45
22307027 97
22307161 143
22307191 5
22307209 516
22307209 996
22307261 96
22307287 384
22307297 3
22307297 4
22307297 40
22307347 12
22307357 4
22307407 12
22307429 24
22307479 5180
22307557 2355
22307611 308
22307627 13
22307741 4
22307771 2761
22307773 75
22307777 3
22307819 24
22307867 4
22307891 1701
22307903 1
22307947 5
22308043 5277
22308103 12
22308113 3
22308113 508
22308133 83
22308161 4
22308269 7
22308269 19
22308277 3
22308547 3213
22308617 112
22308653 7
22308673 3
22308773 2611
22308791 1
22308821 4
22308821 1260
22308863 181
22308883 1628
22308887 12
22308887 804
22308887 1812
22308911 4
22308941 2208
22308953 1908
22308971 1
22309073 187
22309073 1183
22309093 8
22309109 607
22309141 7544
22309213 875
22309271 1
22309297 20
22309387 20
22309421 384
22309571 1
22309571 9
22309583 1
22309643 8868
22309717 3875
22309751 1
22309759 5
22309811 1
22309817 27
22309883 3996
22309891 29
22309943 21
22309943 1476
22310033 15
22310059 20
22310131 1328
22310159 1
22310159 145
22310213 60
22310231 360
22310261 15
22310261 3900
22310269 92
22310279 3160
22310287 69
22310329 27
22310357 12
22310357 540
22310423 13
22310429 7
22310429 2179
22310441 3
22310801 135
22310837 3
22310837 7
22310971 945
22310983 192
22310999 1
22311007 5
22311053 328
22311083 36
22311199 4041
22311349 51
22311431 1516
22311589 807
22311623 1
22311691 41
22311727 1652
22311791 1
22311791 3168
22311881 60
22312063 17
22312067 12
22312123 65
22312259 1
22312271 184
22312319 1
22312319 4
22312319 1509
22312319 3400
22312331 1
22312637 24
22312729 12
22312883 1
22312889 7
22312909 51
22312991 40
22313051 213
22313069 4147
22313111 1
22313111 3993
22313153 60
22313303 40
22313339 540
22313363 1
22313363 28
22313363 1012
22313411 1
22313443 20
22313497 3
22313507 12
22313509 39
22313563 36
22313563 4052
22313677 1707
22313779 20
22313897 12
22313897 84
22313897 88
22313981 703
22313981 4411
22314011 6168
22314139 96
22314181 95
22314247 45
22314277 8
22314329 484
22314329 9832
22314361 6524
22314401 1164
22314443 1
22314499 1304
22314503 1
22314533 3
22314533 7
22314533 268
22314571 216
22314599 2505
22314667 84
22314673 236
22314673 488
22314731 21
22314739 45
22314767 348
22314767 420
22314791 1
22314869 4
22314889 972
22314889 6755
22314997 3
22315003 305
22315031 1
22315121 3
22315121 4815
22315121 5344
22315379 1
22315379 57
22315411 41
22315421 64
22315427 4
22315429 707
22315453 23
22315487 4
22315487 52
22315487 1600
22315493 6711
22315507 32
22315549 5780
22315637 39
22315651 1505
22315673 5755
22315693 1871
22315721 3799
22315729 7167
22315739 1
22315807 17
22315831 5
22315903 32
22315907 7353
22315913 516
22315933 11
22316039 1
22316039 249
22316153 7
22316213 3
22316237 912
22316297 1119
22316309 7
22316309 372
22316363 1
22316381 5035
22316537 3
22316599 284
22316653 3
22316653 696
22316759 12
22316843 1176
22316951 1
22316951 40
22316977 3
22316989 36
22317007 45
22317023 1
22317083 1
22317091 1920
22317157 27
22317157 1980
22317181 11
22317203 1
22317203 297
22317287 2548
22317307 12
22317349 164
22317371 85
22317377 19
22317497 780
22317563 1
22317587 265
22317593 648
22317629 600
22317629 1095
22317677 4
22317689 31
22317773 211
22317803 1
22317833 3
22317851 4
22317853 11
22317877 12
22318003 5
22318117 3
22318117 63
22318151 4
22318151 741
22318181 196
22318199 8385
22318213 27
22318421 1471
22318453 3855
22318463 1
22318469 756
22318519 65
22318531 33
22318577 1332
22318657 95
22318663 4080
22318691 1176
22318757 19
22318757 1672
22318811 1
22318823 1
22318847 4033
22318871 6984
22318889 31
22318997 4
22318997 75
22318997 5719
22319069 4
22319071 8
22319149 695
22319233 3
22319273 912
22319329 24
22319459 429
22319503 21
22319503 3216
22319543 1
22319543 3516
22319567 372
22319569 2904
22319587 9
22319617 440
22319701 8
22319789 27
22319833 2448
22319863 1940
22319893 840
22319909 55
22319909 4876
22319933 9180
22320019 281
22320101 195
22320191 1
22320283 276
22320301 3
22320457 35
22320503 1
22320559 7577
22320563 888
22320601 623
22320653 315
22320709 152
22320797 60
22320803 16
22320803 217
22320901 323
22320917 3
22320917 84
22321007 9
22321021 216
22321259 1
22321259 316
22321297 15
22321319 141
22321331 3844
22321379 45
22321421 4
22321421 700
22321517 420
22321553 55
22321553 8560
22321769 7
22321807 288
22321811 1
22321811 396
22321847 213
22321919 469
22321961 4420
22321991 1
22322009 151
22322023 8192
22322089 2220
22322101 99
22322129 4
22322171 180
22322171 4221
22322291 1
22322371 461
22322459 6397
22322501 883
22322501 1228
22322621 9679
22322659 3081
22322693 75
22322761 3096
22322771 1
22322789 880
22322801 403
22322863 641
22322879 1
22322893 3
22322939 825
22323019 5
22323029 99
22323071 9
22323139 176
22323251 2185
22323253 72
22323341 3
22323491 133
22323541 3411
22323563 52
22323571 621
22323611 4
22323683 1
22323683 25
22323709 32
22323709 1371
22323767 93
22323809 936
22323877 3
22323887 148
22323949 119
22323979 6624
22324021 1056
22324037 643
22324087 9
22324097 27
22324097 820
22324153 36
22324177 1947
22324327 84
22324339 29
22324381 24
22324481 3
22324499 1
22324571 9
22324571 1285
22324573 8
22324573 20
22324591 1589
22324637 3
22324637 483
22324661 15
22324777 1275
22324793 36
22324817 7
22324871 4
22324871 36
22324877 4
22324979 1356
22324999 5
22325077 24
22325081 160
22325123 240
22325287 60
22325287 6749
22325441 379
22325497 635
22325509 20
22325579 12
22325687 69
22325761 908
22325903 1
22326043 32
22326053 1051
22326097 879
22326097 3824
22326113 31
22326113 228
22326119 1237
22326137 4
22326179 1
22326211 201
22326289 267
22326301 183
22326301 371
22326371 241
22326431 9120
22326467 1504
22326497 3
22326553 200
22326659 1
22326697 8
22326697 168
22326697 6812
22326791 4
22326817 5559
22326929 4
22326937 39
22326971 1
22326971 69
22327007 25
22327133 7
22327139 1
22327177 8
22327177 12
22327373 111
22327463 1
22327559 4
22327567 12
22327589 7
22327597 3
22327607 4
22327631 28
22327703 2652
22327841 4
22328023 425
22328039 37
22328041 11
22328077 23
22328077 60
22328077 80
22328077 6264
22328143 125
22328209 839
22328297 88
22328329 255
22328413 3
22328419 92
22328479 29
22328513 15
22328569 159
22328611 65
22328611 1404
22328627 13
22328771 1893
22328809 5636
22328843 1
22328941 195
22328941 500
22328987 120
22329071 2689
22329119 1
22329179 1
22329227 184
22329239 4
22329257 64
22329259 5
22329301 95
22329311 1
22329311 84
22329367 5
22329367 24
22329409 6584
22329431 1
22329431 160
22329479 1
22329479 4
22329479 424
22329499 5
22329563 3817
22329667 2660
22329761 15
22329779 4860
22329793 203
22329829 39
22329851 4
22329893 63
22329917 27
22329917 195
22329917 223
22329973 228
22330093 15
22330093 143
22330103 117
22330223 400
22330591 20
22330619 132
22330621 8
22330621 2103
22330727 24
22330751 1
22330753 3
22330949 4
22330949 16
22331021 111
22331249 72
22331249 244
22331263 4581
22331291 573
22331297 2004
22331339 1
22331369 24
22331401 56
22331401 75
22331539 4097
22331549 4
22331567 9
22331567 693
22331651 1
22331719 396
22331719 549
22331719 1152
22331737 8
22331737 344
22331819 1
22331819 124
22331819 2976
22331867 304
22331899 77
22331929 140
22331929 432
22331951 1
22332143 13
22332263 1
22332319 32
22332329 4
22332367 5
22332371 4
22332439 500
22332461 3
22332463 8108
22332637 567
22332643 5
22332731 201
22332797 775
22332829 231
22332997 468
22333013 4128
22333079 1
22333117 39
22333153 11
22333153 131
22333231 33
22333301 1260
22333307 352
22333313 28
22333357 660
22333373 12
22333457 3
22333481 2263
22333543 12
22333627 488
22333687 24
22333763 268
22333783 7616
22333859 636
22333867 12
22333921 15
22333951 9
22334021 3
22334171 1
22334171 21
22334239 24
22334309 12
22334317 3
22334339 7056
22334401 2016
22334441 3
22334453 123
22334489 7
22334491 4700
22334513 12
22334537 1755
22334593 27
22334621 9391
22334687 64
22334777 87
22334831 1344
22334941 440
22335023 1
22335121 3
22335149 171
22335301 300
22335301 536
22335337 20
22335359 1
22335359 9
22335359 124
22335389 4284
22335499 32
22335557 3
22335623 2676
22335661 131
22335667 5
22335667 3453
22335853 1376
22335997 3
22336031 1
22336099 29
22336141 344
22336163 12
22336169 4
22336207 12
22336219 4596
22336291 5
22336439 1
22336463 60
22336499 1845
22336511 1404
22336627 8
22336663 152
22336681 5808
22336729 80
22336801 8
22336817 3
22336829 7
22336843 8
22336843 1200
22336871 1
22336901 964
22336967 84
22336991 1
22337023 8
22337033 7
22337033 192
22337057 27
22337317 335
22337363 1
22337363 1881
22337377 12
22337387 24
22337387 192
22337423 13
22337423 33
22337509 12
22337527 44
22337647 5
22337797 27
22337893 123
22337969 79
22338007 89
22338059 517
22338077 9835
22338079 8484
22338089 379
22338103 7721
22338143 1
22338191 1
22338557 2392
22338559 24
22338571 24
22338601 3
22338619 864
22338649 2856
22338707 964
22338791 1
22338929 1195
22338977 7
22338997 335
22339087 44
22339087 572
22339153 1851
22339181 1311
22339319 1
22339333 2235
22339349 4
22339349 9196
22339433 52
22339571 1
22339579 84
22339589 580
22339613 27
22339619 316
22339627 57
22339697 7
22339703 25
22339741 15
22339799 1
22339909 339
22340137 264
22340251 2280
22340309 91
22340377 23
22340389 420
22340419 9489
22340467 113
22340471 1
22340471 4305
22340657 87
22340837 252
22340947 29
22341013 9047
22341091 3500
22341127 1320
22341167 25
22341181 296
22341197 3
22341251 1
22341379 3029
22341413 12
22341491 1
22341491 3321
22341541 1628
22341547 752
22341551 1
22341563 1
22341637 3
22341653 7512
22341721 35
22341743 1
22341743 28
22341797 3
22341797 4
22341797 88
22341797 4263
22341829 3440
22341881 1351
22341889 27
22341971 1248
22342009 12
22342009 59
22342123 717
22342127 4
22342127 2088
22342139 2581
22342279 69
22342381 8
22342433 16
22342457 7
22342457 52
22342547 9873
22342669 1535
22342741 215
22342949 180
22342949 232
22342961 4408
22343003 1
22343047 84
22343053 8
22343053 20
22343053 312
22343099 1
22343099 4
22343161 1275
22343201 2688
22343231 1
22343231 100
22343257 27
22343291 1
22343381 295
22343381 703
22343479 585
22343509 5424
22343567 28
22343663 1
22343731 144
22343773 23
22343779 152
22343809 152
22343809 392
22343903 637
22343929 111
22344011 4
22344011 6240
22344053 7
22344169 156
22344173 28
22344173 120
22344191 1
22344191 25
22344191 64
22344227 205
22344229 35
22344367 245
22344401 1411
22344419 1057
22344419 1165
22344479 1200
22344617 363
22344653 3
22344653 2307
22344671 9676
22344709 15
22344731 16
22344809 51
22344841 4436
22344859 5
22344869 4
22344979 69
22344979 549
22344997 144
22345019 1
22345019 120
22345201 3
22345321 308
22345469 12
22345487 12
22345517 3
22345579 296
22345657 3
22345657 5184
22345693 3
22345879 2756
22345879 3636
22346029 80
22346029 755
22346131 20
22346167 7865
22346251 5
22346329 432
22346329 960
22346383 68
22346393 3
22346393 7
22346491 209
22346531 9
22346543 52
22346669 7
22346677 63
22346677 332
22346719 5
22346749 9915
22346873 76
22346903 60
22346917 3
22346941 8
22347107 1357
22347161 75
22347203 1
22347203 88
22347319 117
22347343 12
22347343 141
22347359 1
22347379 1961
22347383 52
22347407 637
22347551 84
22347557 19
22347581 100
22347623 1
22347623 36
22347653 76
22347737 3
22347751 129
22347761 3
22347769 11
22347791 856
22347799 921
22347863 1
22347937 59
22347947 33
22347947 1944
22347991 965
22348103 1
22348103 12
22348159 20
22348177 15
22348177 48
22348177 227
22348181 100
22348223 1
22348283 780
22348411 21
22348517 7
22348517 7255
22348537 47
22348537 408
22348619 1
22348891 5628
22348919 1
22348979 1
22349003 1
22349003 8812
22349143 12
22349153 288
22349153 936
22349269 71
22349279 6360
22349297 280
22349323 65
22349417 208
22349423 2101
22349449 2079
22349497 3
22349497 1655
22349501 7999
22349521 3
22349531 300
22349549 675
22349609 39
22349651 49
22349737 87
22349837 220
22349843 1
22349911 933
22349953 251
22350007 9
22350011 1
22350011 24
22350077 4
22350131 433
22350301 716
22350407 925
22350437 24
22350451 21
22350527 117
22350539 396
22350539 1404
22350541 11
22350551 13
22350611 25
22350649 4956
22350673 6348
22350749 799
22350761 28
22350791 1
22350791 1441
22350847 957
22350943 45
22351037 3
22351051 8
22351051 5405
22351129 636
22351151 1
22351177 24
22351183 1265
22351237 3
22351237 35
22351237 87
22351247 52
22351313 367
22351321 135
22351463 1785
22351541 3
22351691 1
22351741 1716
22351757 148
22351859 40
22351891 8724
22352111 1
22352111 73
22352177 48
22352279 1
22352419 4101
22352431 20
22352441 1456
22352453 3
22352597 15
22352651 24
22352689 515
22352857 32
22352879 1461
22352903 1
22353047 433
22353053 3
22353103 5921
22353137 60
22353169 104
22353197 27
22353223 72
22353223 4337
22353343 9896
22353349 32
22353437 48
22353509 12
22353559 21
22353581 31
22353629 1404
22353689 195
22353689 819
22353701 3
22353701 5796
22353791 1
22353893 3
22353911 21
22353917 480
22353923 1
22353931 1881
22353943 116
22354001 3
22354019 1
22354019 4329
22354049 40
22354049 99
22354151 33
22354261 3
22354313 1536
22354313 6283
22354433 340
22354433 783
22354481 4
22354513 3
22354517 7
22354531 48
22354543 1353
22354559 177
22354649 8959
22354727 508
22354729 24
22354729 8856
22354741 1848
22354777 735
22354777 2748
22354807 5
22354889 219
22354987 1653
22355023 5
22355107 137
22355237 5424
22355251 80
22355293 3
22355321 4
22355351 1
22355351 49
22355369 7
22355519 280
22355633 100
22355639 897
22355639 1036
22355653 152
22355653 1331
22355741 3
22355777 19
22355891 1
22355891 2889
22355899 21
22355917 164
22356011 21
22356011 313
22356049 119
22356077 408
22356097 60
22356097 5460
22356107 40
22356107 8773
22356119 4
22356211 9
22356211 144
22356211 405
22356371 1
22356379 2280
22356553 108
22356589 191
22356613 267
22356623 261
22356637 4199
22356727 8
22356793 3
22356793 15
22356799 41
22356823 8
22356823 93
22356869 91
22356877 3
22356923 1
22357039 12
22357063 593
22357109 187
22357109 432
22357121 31
22357121 2644
22357151 1
22357151 40
22357183 728
22357187 169
22357249 1160
22357249 9555
22357253 3
22357327 33
22357327 1925
22357331 9
22357339 17
22357381 3
22357393 3
22357427 120
22357481 5431
22357529 4
22357561 8
22357607 1468
22357651 1001
22357667 9
22357681 24
22357691 1
22357763 1
22357763 12
22357763 520
22357787 33
22357921 24
22357931 4
22358029 420
22358071 1505
22358087 489
22358153 3
22358279 1
22358377 12
22358389 1032
22358389 3384
22358411 73
22358423 12
22358437 227
22358521 20
22358543 16
22358561 4204
22358579 4
22358591 100
22358617 7779
22358629 660
22358717 4
22358717 12
22358813 12
22358881 3
22358929 5556
22358933 132
22359019 92
22359283 260
22359341 40
22359349 612
22359487 5
22359499 32
22359653 448
22359661 11
22359707 7845
22359767 112
22359791 1
22359791 28
22359791 1309
22359809 24
22359823 537
22359829 7059
22359893 28
22359893 31
22359901 116
22359943 197
22360027 8193
22360031 1
22360057 159
22360057 4835
22360139 1
22360157 523
22360183 8
22360193 771
22360249 60
22360307 49
22360337 3
22360493 103
22360607 5152
22360651 41
22360651 3333
22360687 8
22360759 41
22360843 21
22360927 9
22360957 360
22360979 4
22360993 432
22361051 705
22361203 45
22361281 3
22361371 24
22361393 12
22361399 24
22361453 3
22361513 7
22361513 12
22361513 196
22361587 5
22361617 3
22361641 35
22361657 3
22361657 7
22361657 112
22361671 816
22361791 3428
22361821 191
22361837 100
22361839 9
22361839 17
22361861 99
22361869 27
22361921 295
22361939 1
22362047 693
22362047 5332
22362139 41
22362169 2724
22362211 6920
22362289 111
22362289 915
22362313 5060
22362323 180
22362383 1
22362391 9
22362419 1
22362481 20
22362481 95
22362551 1161
22362577 3
22362581 4
22362629 4
22362707 1648
22362721 815
22362721 884
22362787 6368
22362839 1056
22362953 3963
22363009 204
22363043 1536
22363043 8613
22363091 1
22363157 208
22363189 1247
22363217 427
22363267 1224
22363277 7
22363283 468
22363283 2068
22363349 7239
22363387 1437
22363391 9
22363423 1392
22363501 15
22363511 8101
22363597 3
22363643 321
22363739 301
22363807 812
22363829 52
22363841 19
22363841 1903
22363877 4
22363919 3064
22363949 111
22364053 3
22364087 5325
22364123 1993
22364137 2520
22364143 33
22364203 1317
22364239 2304
22364239 5049
22364383 3912
22364389 1176
22364471 88
22364477 28
22364521 5736
22364627 313
22364669 652
22364689 80
22364711 1
22364711 13
22364723 732
22364759 1
22364759 9
22364917 35
22364939 4
22364939 1537
22365017 28
22365059 9009
22365127 1229
22365163 17
22365179 1
22365181 8871
22365271 3756
22365281 36
22365283 156
22365283 740
22365391 20
22365449 3484
22365503 1
22365509 1107
22365593 52
22365599 1377
22365631 56
22365671 360
22365677 3
22365677 27
22365677 1320
22365697 8160
22365767 9
22365929 9231
22365949 7820
22365953 16
22366013 115
22366109 27
22366117 80
22366117 287
22366121 988
22366151 3769
22366177 12
22366193 27
22366261 119
22366261 128
22366277 4
22366343 1
22366367 109
22366411 8
22366411 9
22366417 3
22366417 32
22366451 1
22366601 36
22366601 4968
22366609 20
22366637 52
22366657 5120
22366661 184
22366699 5
22366711 9
22366739 4
22366739 5920
22366763 685
22366873 7632
22366913 91
22366921 983
22366961 796
22367197 2508
22367197 4392
22367239 21
22367251 29
22367311 876
22367341 35
22367357 204
22367369 31
22367483 1
22367491 1121
22367519 177
22367519 2092
22367623 4257
22367791 45
22367893 5163
22367897 3
22367963 60
22367963 717
22367963 1197
22368007 5
22368061 59
22368079 5
22368109 15
22368109 99
22368133 35
22368211 5
22368253 3
22368331 141
22368331 989
22368343 852
22368371 3249
22368403 5
22368403 1341
22368427 5
22368539 9
22368641 4
22368641 51
22368641 1888
22368679 1344
22368713 615
22368767 33
22368911 189
22368953 7360
22369003 2592
22369031 1
22369079 1
22369163 96
22369199 156
22369241 3
22369309 359
22369309 4580
22369343 48
22369393 816
22369397 12
22369447 108
22369513 7703
22369573 3
22369667 13
22369703 201
22369727 8112
22369747 132
22369829 364
22369871 1
22369891 4133
22369993 3
22369993 20
22369999 180
22370017 8000
22370021 39
22370021 388
22370057 360
22370063 37
22370083 5
22370119 9092
22370203 17
22370219 1
22370219 297
22370321 216
22370371 980
22370377 5768
22370479 57
22370479 6996
22370549 5755
22370567 57
22370599 329
22370599 5321
22370627 1165
22370641 48
22370671 8624
22370683 321
22370749 315
22370767 8
22370807 1780
22370813 12
22370813 28
22370849 7
22370897 7
22370911 576
22371091 788
22371091 3581
22371109 2324
22371169 116
22371259 12
22371317 4
22371329 7
22371329 112
22371449 15
22371463 113
22371467 37
22371533 48
22371611 13
22371611 6045
22371647 4
22371733 111
22371751 5
22371751 180
22371827 4
22371827 4624
22371829 947
22371851 1560
22371871 84
22371907 5
22371941 1215
22371977 5367
22372003 5
22372039 900
22372061 4
22372121 3
22372127 9
22372127 832
22372249 72
22372267 5
22372267 9
22372277 12
22372277 64
22372279 9
22372327 4704
22372379 37
22372417 8
22372501 2028
22372589 7
22372591 5276
22372627 17
22372627 8304
22372643 1
22372643 33
22372681 3
22372751 9
22372769 24
22372769 1231
22372853 4192
22372907 93
22372957 3
22372991 1
22373053 7467
22373063 1
22373069 7
22373077 15
22373077 492
22373159 1
22373171 4
22373189 19
22373251 29
22373257 15
22373257 539
22373321 1635
22373399 16
22373423 1
22373447 33
22373447 448
22373453 15
22373509 47
22373521 3
22373573 15
22373597 364
22373597 4659
22373639 1
22373639 169
22373831 36
22373893 3
22373899 456
22373903 588
22373929 80
22373983 228
22374083 1
22374127 345
22374269 351
22374349 59
22374361 9575
22374421 3
22374421 891
22374553 228
22374563 1
22374637 3
22374673 3
22374697 2312
22374817 683
22374841 4655
22374923 357
22374953 36
22375049 1992
22375061 4
22375097 4
22375099 21
22375099 7169
22375117 3
22375139 4
22375147 33
22375189 9272
22375261 56
22375261 255
22375261 2115
22375363 5
22375373 427
22375403 1
22375453 20
22375453 4028
22375547 145
22375571 1
22375571 16
22375667 9
22375811 4
22375817 3
22375817 5463
22375943 1
22375967 4
22376021 4
22376047 89
22376099 1
22376099 121
22376213 15
22376279 1
22376353 3
22376353 2255
22376507 57
22376521 9939
22376587 48
22376681 19
22376681 979
22376681 8419
22376687 33
22376687 2289
22376789 36
22376801 5119
22376807 4
22376807 109
22376821 3995
22376869 72
22376933 652
22376933 1827
22376983 56
22376983 260
22377013 8
22377037 3
22377203 13
22377379 9161
22377517 39
22377521 4
22377613 47
22377739 5
22377779 100
22377779 1269
22377829 696
22377857 12
22377857 19
22377857 244
22377959 265
22377977 4063
22377989 60
22378117 1455
22378117 2343
22378121 544
22378127 88
22378207 60
22378253 67
22378283 1
22378319 1
22378429 12
22378507 3677
22378529 4
22378529 1384
22378549 927
22378591 8
22378639 221
22378639 1704
22378649 76
22378679 12
22378679 600
22378777 567
22378787 4
22378787 12
22378801 36
22378801 1659
22378801 3440
22378999 5
22379011 5
22379033 160
22379033 636
22379057 2340
22379171 13
22379263 5
22379297 940
22379309 8524
22379347 72
22379389 7220
22379491 1481
22379557 3
22379593 8
22379699 12
22379711 4
22379717 3
22379723 556
22379887 120
22379963 1
22379963 5596
22379971 8
22379977 107
22380011 9
22380053 156
22380223 3996
22380289 624
22380341 19
22380353 2127
22380359 1
22380487 17
22380497 19
22380599 121
22380703 8
22380733 15
22380751 5
22380751 8
22380871 9
22380913 15
22381043 1
22381049 15
22381091 145
22381111 5
22381157 9879
22381217 55
22381291 636
22381357 8
22381379 772
22381393 12
22381427 180
22381441 495
22381483 68
22381517 183
22381589 271
22381589 367
22381589 2856
22381609 467
22381627 8
22381627 305
22381643 16
22381643 2188
22381661 63
22381661 4131
22381687 29
22381717 140
22381757 9288
22381759 425
22381787 4
22381831 681
22381871 376
22381897 2880
22381901 3
22381913 4708
22381949 4
22381963 80
22382131 44
22382159 1
22382363 1245
22382411 1
22382413 56
22382441 424
22382467 212
22382471 1
22382497 99
22382501 475
22382501 1888
22382531 921
22382533 36
22382543 33
22382543 76
22382587 68
22382609 4
22382609 4096
22382663 1
22382677 24
22382819 1
22382819 357
22382839 5
22382839 284
22382851 96
22382873 847
22382879 1
22382879 4
22382879 40
22382953 11
22382977 83
22382977 4067
22383061 8
22383061 335
22383077 40
22383143 21
22383161 240
22383181 11
22383241 5288
22383289 20
22383299 309
22383359 1
22383467 28
22383541 8315
22383553 291
22383553 612
22383593 55
22383637 47
22383637 144
22383701 3180
22383707 28
22383709 12
22383709 1071
22383743 8445
22383749 16
22383821 5619
22383841 635
22383847 473
22383869 7
22383931 9
22383931 8504
22383943 92
22383973 1640
22383979 9
22384151 156
22384157 7
22384169 124
22384289 436
22384343 1
22384343 21
22384403 6153
22384559 112
22384613 472
22384763 8593
22384823 1021
22384829 4
22384931 1
22384993 183
22385053 812
22385123 1
22385177 220
22385281 191
22385291 49
22385309 7
22385423 37
22385479 4065
22385501 24
22385513 171
22385551 20
22385579 24
22385621 76
22385621 3723
22385683 12
22385687 13
22385731 2745
22385761 4143
22385879 1
22385887 5
22385887 20
22385953 20
22386019 7925
22386251 85
22386271 24
22386319 32
22386319 80
22386323 1
22386349 27
22386421 20
22386421 1931
22386431 4
22386457 528
22386491 1
22386631 3656
22386809 7
22386821 36
22386839 1
22386877 3
22386893 2283
22387031 24
22387049 6736
22387199 69
22387279 5
22387403 108
22387423 4140
22387483 1308
22387493 72
22387537 3
22387661 339
22387693 75
22387721 16
22387747 17
22387747 89
22387753 60
22387787 2440
22387819 96
22387831 29
22387873 3
22387873 36
22387979 1
22387987 5
22387999 5
22388153 2091
22388221 800
22388227 72
22388237 3
22388287 152
22388533 863
22388537 63
22388549 16
22388549 72
22388581 8
22388651 76
22388651 624
22388741 40
22388741 1488
22388741 1995
22388761 6915
22388917 504
22388953 168
22388987 577
22389113 12
22389127 60
22389179 1
22389287 4
22389293 3
22389407 712
22389539 60
22389571 33
22389589 120
22389599 1
22389599 4
22389617 228
22389667 5
22389667 29
22389683 165
22389701 496
22389721 3
22389721 588
22389751 24
22389803 288
22389803 7452
22389883 173
22389931 5
22389959 1996
22389959 4924
22390051 5
22390051 189
22390157 19
22390157 9955
22390211 1
22390253 847
22390297 47
22390301 3
22390391 1
22390427 73
22390447 3500
22390591 528
22390619 4212
22390681 8
22390703 117
22390723 12
22390727 157
22390777 24
22390811 1
22390829 244
22390939 9
22390969 476
22390999 9
22391009 4
22391111 4
22391111 748
22391137 8
22391191 485
22391263 1020
22391287 8
22391297 3
22391297 52
22391357 3
22391357 207
22391389 44
22391407 585
22391429 7
22391471 4
22391513 348
22391521 111
22391573 6048
22391597 267
22391701 3
22391723 1
22391749 11
22391867 4
22391959 17
22392101 3
22392131 1
22392131 205
22392143 21
22392157 8
22392187 393
22392187 437
22392221 31
22392233 7
22392287 49
22392299 121
22392301 315
22392473 2080
22392479 1
22392479 4
22392479 4212
22392527 1845
22392631 9681
22392661 8
22392743 93
22392751 2604
22392779 4
22392841 1100
22392899 261
22392911 1
22392971 1
22392983 856
22393081 3
22393169 295
22393183 56
22393183 320
22393183 1836
22393243 5
22393303 3968
22393351 900
22393367 69
22393409 252
22393433 27
22393499 1
22393519 92
22393673 27
22393703 4636
22393739 61
22393757 40
22393867 20
22393867 6624
22393871 4
22393963 4785
22393993 3
22393993 107
22394087 4
22394101 519
22394123 13
22394243 1
22394279 25
22394279 5365
22394303 1
22394303 61
22394347 557
22394413 135
22394441 43
22394507 172
22394579 360
22394623 5
22394759 1
22394759 1105
22394767 5
22394789 7
22394819 1
22394833 8
22394833 15
22394833 500
22394839 5
22394851 9
22394909 75
22394921 3843
22395041 796
22395071 1
22395151 149
22395151 3984
22395211 5
22395223 1076
22395251 1
22395259 312
22395277 3
22395287 13
22395391 3176
22395517 3
22395643 1920
22395683 1
22395691 68
22395697 15
22395701 75
22395739 1437
22395827 84
22395911 1849
22396019 1
22396019 4
22396019 5005
22396081 8
22396093 80
22396141 231
22396303 5
22396321 3
22396511 1384
22396523 72
22396529 187
22396547 540
22396547 2364
22396651 36
22396651 5028
22396823 1
22396841 4
22396841 48
22396867 9
22396867 12
22396901 31
22396921 356
22397003 1
22397083 1476
22397153 3480
22397183 1
22397189 7
22397231 21
22397237 3
22397351 1
22397351 9
22397411 4
22397477 3
22397513 475
22397519 81
22397563 41
22397567 13
22397581 3
22397737 20
22397759 1
22397761 8
22397761 2639
22397951 25
22397957 99
22397957 228
22398011 513
22398023 1
22398023 21
22398023 1281
22398037 3
22398049 615
22398139 3077
22398149 16
22398193 3
22398193 23
22398437 67
22398437 88
22398547 9
22398557 115
22398557 255
22398611 1
22398713 1056
22398767 72
22398793 47
22398839 1
22398847 4328
22398881 111
22398899 1
22398899 4
22398923 1
22398983 1
22399099 21
22399109 4
22399121 4
22399141 188
22399141 195
22399187 2113
22399187 4345
22399211 1
22399249 596
22399303 12
22399313 288
22399357 1208
22399367 100
22399367 4672
22399369 44
22399439 1
22399441 483
22399471 101
22399547 4
22399789 2871
22399813 927
22399933 23
22399969 72
22399987 57
22400029 7832
22400039 1
22400039 2172
22400051 1
22400071 561
22400219 1
22400249 484
22400303 1
22400431 5
22400431 204
22400479 9
22400491 56
22400513 28
22400527 848
22400533 11
22400663 1
22400711 1
22400759 396
22400783 1
22400797 8
22400837 603
22400881 975
22400899 5
22400929 2351
22400933 51
22400957 3
22400971 8
22401017 4
22401023 1
22401089 24
22401227 160
22401299 4
22401371 1
22401433 236
22401473 51
22401479 4
22401487 12
22401521 3
22401521 15
22401521 76
22401619 4329
22401679 24
22401679 6189
22401689 7
22401689 39
22401721 8183
22401727 300
22401773 31
22401773 5023
22401803 1
22402049 60
22402063 1917
22402169 12
22402217 112
22402283 1
22402291 9
22402301 31
22402343 1
22402423 12
22402423 408
22402423 1892
22402453 1092
22402537 384
22402579 41
22402631 1
22402657 179
22402663 5
22402663 140
22402693 3311
22402811 1
22402867 288
22402903 17
22402951 5
22402951 1925
22403021 96
22403021 3340
22403063 1
22403159 1
22403231 9
22403239 549
22403291 1
22403369 24
22403567 3937
22403629 207
22403629 1115
22403699 360
22403723 1
22403737 8
22403737 20
22403809 32
22403891 1
22403971 116
22404071 1
22404071 60
22404073 3
22404073 35
22404089 252
22404119 4
22404209 739
22404209 2856
22404233 36
22404233 1492
22404241 75
22404367 120
22404391 9
22404391 2169
22404469 800
22404497 4020
22404631 5
22404631 149
22404631 4596
22404671 1
22404703 5957
22404731 1
22404871 924
22405027 5
22405153 15
22405217 7
22405247 4
22405333 3375
22405349 2904
22405349 8800
22405421 4
22405441 15
22405501 20
22405547 9
22405613 3
22405633 20
22405633 272
22405687 33
22405687 1328
22405723 21
22405723 53
22405723 932
22405771 105
22405783 176
22405829 8056
22405837 15
22405871 1
22405891 9
22405937 27
22405991 7233
22406089 8435
22406129 19
22406161 743
22406177 3
22406203 5
22406203 8
22406231 1
22406239 2552
22406261 5455
22406281 1959
22406297 2572
22406303 7020
22406369 19
22406411 9
22406467 540
22406509 12
22406627 40
22406627 1264
22406717 3
22406759 1
22406759 12
22406771 1
22406773 1067
22406927 1953
22406933 7896
22407001 483
22407199 945
22407347 345
22407527 157
22407659 364
22407667 45
22407733 3
22407941 3
22407941 2319
22407971 1
22408019 25
22408079 1
22408103 100
22408207 168
22408307 1228
22408313 3
22408349 1012
22408403 16
22408457 1204
22408471 8
22408481 39
22408511 1
22408537 59
22408571 16
22408597 27
22408637 19
22408663 32
22408681 11
22408681 56
22408709 12
22408817 7
22408817 400
22408817 1795
22408817 7612
22408937 43
22408943 25
22408963 933
22408963 2477
22409017 788
22409099 1780
22409159 201
22409171 201
22409183 13
22409243 2532
22409251 8
22409273 3
22409273 115
22409297 7
22409347 7620
22409353 23
22409437 60
22409539 29
22409549 6931
22409573 16
22409603 1
22409603 3193
22409627 48
22409627 213
22409701 24
22409789 3771
22409879 1
22409887 2013
22409941 464
22409951 1
22409957 72
22409963 396
22409963 501
22409969 55
22409977 8
22409977 1044
22410013 12
22410077 99
22410077 1479
22410203 1
22410209 5715
22410217 659
22410239 4
22410259 24
22410373 863
22410389 2211
22410413 396
22410433 3
22410463 8
22410571 7953
22410601 3
22410733 11
22410757 8
22410779 9
22410779 16
22410793 2672
22410853 567
22410961 183
22411069 212
22411069 444
22411139 1
22411153 995
22411157 15
22411187 9
22411231 9
22411231 93
22411261 308
22411271 4
22411271 208
22411303 3245
22411331 4
22411451 21
22411451 1000
22411463 1
22411517 48
22411541 4
22411541 2716
22411553 52
22411561 11
22411691 13
22411721 819
22411777 147
22411783 3576
22411819 9
22411847 12
22411877 3
22411897 12
22411919 4
22411979 24
22411979 609
22411979 5821
22412003 1
22412017 504
22412021 3
22412059 5
22412107 105
22412123 45
22412123 565
22412161 3
22412177 15
22412219 4
22412297 15
22412461 344
22412531 13
22412623 753
22412633 12
22412633 571
22412653 56
22412701 83
22412707 164
22412707 977
22412821 56
22412827 2700
22412993 27
22413023 180
22413133 8
22413161 195
22413229 804
22413253 392
22413353 355
22413401 16
22413427 68
22413427 92
22413473 8695
22413529 27
22413529 419
22413683 477
22413731 1
22413731 9769
22413739 624
22413739 1497
22413821 3
22413821 444
22413907 8
22413931 8
22413931 2048
22413947 4
22413947 88
22414001 1491
22414033 47
22414153 1283
22414169 4
22414241 4
22414369 75
22414387 29
22414391 9
22414391 40
22414453 3
22414453 11
22414501 15
22414501 299
22414603 5
22414751 24
22414751 25
22414751 8625
22414781 3
22414801 3
22414853 48
22414853 835
22414957 3
22414957 123
22415191 20
22415209 200
22415249 19
22415399 37
22415417 4
22415483 8013
22415489 144
22415641 6516
22415641 8580
22415647 413
22415647 657
22415681 4080
22415719 561
22415761 3
22415773 36
22415837 264
22415917 2975
22416001 3
22416001 8
22416011 1
22416019 420
22416073 15
22416083 1
22416109 8319
22416127 69
22416137 4
22416137 228
22416139 72
22416187 4640
22416211 3548
22416239 376
22416281 6280
22416343 41
22416343 5201
22416479 1
22416497 115
22416521 636
22416529 116
22416529 147
22416533 3
22416533 36
22416539 1
22416587 240
22416683 1
22416769 11
22416769 51
22416769 3531
22416773 51
22416787 6605
22416799 12
22416799 6380
22416839 25
22416883 5
22416883 3353
22416983 57
22417009 104
22417009 752
22417081 468
22417141 2616
22417193 6795
22417217 7375
22417313 3
22417313 100
22417313 2883
22417457 2764
22417547 4
22417583 76
22417687 5
22417691 396
22417727 949
22417763 2188
22417799 2341
22417831 81
22417831 224
22417877 364
22417949 19
22417973 7
22417987 29
22418003 1
22418003 16
22418003 393
22418063 1005
22418083 17
22418083 57
22418129 12
22418219 1
22418281 1268
22418287 12
22418377 84
22418471 105
22418507 9
22418579 4
22418587 9
22418593 11
22418663 33
22418719 12
22418719 1152
22418741 8955
22418771 1
22418771 4
22418777 508
22418843 16
22418873 4912
22418899 65
22418899 72
22418927 48
22418933 7
22418989 24
22419101 3
22419109 551
22419149 39
22419167 1540
22419179 9
22419263 1
22419337 320
22419359 16
22419409 531
22419421 48
22419427 104
22419451 225
22419533 376
22419637 8
22419637 459
22419643 60
22419739 920
22419809 36
22419853 275
22419853 428
22419973 51
22420117 135
22420129 1664
22420213 87
22420241 19
22420241 1783
22420249 75
22420313 3
22420357 1460
22420369 9887
22420379 4
22420747 89
22420747 945
22420763 88
22420787 385
22420861 6375
22420939 24
22420949 7792
22420991 1
22420991 21
22421027 13
22421027 117
22421033 3
22421033 67
22421041 7623
22421053 3
22421111 265
22421111 349
22421123 156
22421171 24
22421177 988
22421233 3
22421233 11
22421233 203
22421233 4535
22421291 6169
22421341 3
22421341 11
22421359 21
22421363 1
22421423 13
22421423 25
22421431 389
22421561 84
22421771 1
22421771 16
22421797 15
22421797 755
22421821 8
22421857 44
22421873 3
22421879 4
22421891 1
22421891 4
22421911 1325
22421911 1785
22422007 8
22422131 28
22422143 108
22422157 27
22422157 8747
22422227 4
22422347 4
22422347 9
22422437 24
22422503 1
22422511 3416
22422661 239
22422661 611
22422661 7695
22422671 1
22422671 60
22422761 8548
22422839 117
22422863 1
22422943 6581
22422947 720
22422947 4305
22423057 8
22423217 103
22423223 1
22423259 1
22423259 1344
22423279 32
22423307 4
22423343 73
22423361 55
22423463 136
22423469 4
22423567 20
22423567 2373
22423601 3
22423673 3
22423829 6171
22423879 272
22423949 67
22424063 1
22424063 973
22424063 988
22424069 852
22424107 2973
22424117 3
22424119 1904
22424167 65
22424177 12
22424219 321
22424249 2176
22424261 51
22424273 315
22424341 3
22424491 1625
22424587 104
22424659 176
22424729 31
22424761 3048
22424879 1
22424893 27
22424903 1
22424911 21
22424981 5055
22425077 39
22425077 75
22425083 1
22425191 1
22425223 93
22425233 31
22425313 2231
22425371 1500
22425427 1169
22425427 3009
22425457 4568
22425523 153
22425577 407
22425583 17
22425593 12
22425593 96
22425619 792
22425619 2484
22425649 159
22425709 2075
22425761 36
22425761 39
22425779 24
22425791 4
22425859 36
22425983 1233
22426013 411
22426147 9
22426147 65
22426277 468
22426277 1000
22426297 2283
22426333 6783
22426421 4
22426421 480
22426457 52
22426529 100
22426543 72
22426559 21
22426559 172
22426637 339
22426759 357
22426769 5371
22426787 2568
22426819 344
22426907 1648
22426933 3
22426969 11
22427173 36
22427177 355
22427183 1
22427203 57
22427281 99
22427281 371
22427281 896
22427303 52
22427329 56
22427359 5
22427399 9
22427399 1432
22427417 24
22427423 1
22427459 1
22427519 1
22427549 7
22427597 640
22427609 2959
22427707 5073
22427723 280
22427843 1
22427857 15
22428001 51
22428019 12
22428041 99
22428191 4
22428257 75
22428269 112
22428277 563
22428349 131
22428349 3080
22428359 1
22428383 33
22428383 133
22428431 2821
22428433 8
22428433 83
22428443 1
22428443 76
22428463 5
22428463 333
22428533 4771
22428619 1565
22428761 3
22428781 11
22428793 540
22428871 356
22428871 528
22428943 101
22429049 7
22429081 4875
22429181 36
22429181 840
22429217 3
22429271 1
22429331 4
22429493 7
22429559 12
22429619 1
22429637 3
22429637 1239
22429717 980
22429717 6183
22429751 4428
22429753 192
22429859 516
22429867 320
22429877 4
22429931 120
22430153 7
22430173 123
22430179 80
22430179 125
22430231 21
22430257 335
22430411 6496
22430423 2841
22430539 41
22430587 8
22430651 4
22430663 28
22430789 4
22430789 199
22430831 4
22430861 28
22430861 483
22430893 2171
22430909 15
22430921 7543
22431089 147
22431107 105
22431163 5
22431193 8
22431209 220
22431271 20
22431281 963
22431329 52
22431359 37
22431391 293
22431391 800
22431427 417
22431433 795
22431599 100
22431637 828
22431671 40
22431671 345
22431677 3
22431679 1697
22431709 15
22431719 4
22431781 380
22431841 11
22431869 31
22431889 4764
22431917 4
22431917 99
22432001 208
22432073 3
22432073 2007
22432093 3
22432093 36
22432133 60
22432171 5
22432261 536
22432273 3
22432433 151
22432439 1
22432507 45
22432507 360
22432523 1
22432577 15
22432591 5
22432591 1524
22432633 12
22432733 27
22432763 9877
22432777 3
22432789 11
22432801 140
22432801 9000
22432913 996
22432999 309
22433011 8
22433161 23
22433161 203
22433161 368
22433171 1
22433219 1
22433221 456
22433263 248
22433317 8
22433417 48
22433419 5840
22433531 13
22433539 237
22433599 2376
22433599 4956
22433633 7
22433639 1
22433641 4431
22433669 864
22433713 68
22433713 828
22433759 1
22433857 3
22433857 215
22433903 1
22433933 15
22433969 4
22433989 12
22434001 1691
22434007 168
22434091 68
22434091 309
22434199 21
22434299 2164
22434311 1
22434323 21
22434323 7620
22434403 512
22434409 392
22434457 12
22434457 4799
22434473 3
22434473 67
22434479 1
22434479 184
22434491 1
22434491 4
22434521 3
22434521 988
22434539 1
22434547 6929
22434569 79
22434571 8825
22434701 111
22434743 7165
22434757 335
22434757 344
22434787 372
22434823 5
22434857 3
22434859 77
22435081 159
22435093 480
22435177 44
22435177 819
22435267 65
22435381 315
22435397 603
22435417 1047
22435423 216
22435423 4545
22435463 1
22435463 28
22435477 12
22435477 404
22435513 3
22435627 60
22435657 80
22435691 1
22435691 5836
22435729 555
22435891 9
22435927 5
22435961 5488
22436009 72
22436027 4
22436041 3
22436069 12
22436083 21
22436083 356
22436083 2673
22436087 220
22436087 865
22436159 21
22436273 36
22436369 7
22436419 5
22436507 13
22436521 135
22436539 21
22436597 364
22436611 7928
22436747 1480
22436789 156
22436831 1
22436971 9
22436971 129
22436971 6456
22436987 57
22437071 45
22437101 84
22437199 4061
22437221 76
22437253 3
22437253 8
22437379 381
22437421 3
22437511 605
22437533 3
22437533 7
22437539 1
22437553 3
22437557 147
22437599 9
22437661 95
22437827 493
22437827 2833
22437839 61
22437839 397
22437881 3
22437911 1
22437911 28
22438001 1755
22438051 3909
22438067 4473
22438081 7511
22438123 20
22438267 140
22438277 328
22438333 552
22438421 19
22438441 255
22438511 1
22438583 1060
22438583 7401
22438609 84
22438609 404
22438681 9123
22438709 387
22438739 1
22438739 1740
22438817 7
22438817 303
22438853 1647
22438873 36
22438877 12
22438907 1020
22438919 1
22438919 184
22438957 5699
22439017 3
22439051 45
22439059 72
22439083 3893
22439189 4
22439231 4
22439281 3
22439321 28
22439327 9
22439357 40
22439377 4488
22439407 380
22439489 7
22439569 140
22439603 1
22439603 4228
22439693 48
22439699 1
22439699 9
22439737 3
22439761 159
22439771 21
22439783 1
22439843 1
22439843 5896
22439891 4
22439947 2400
22439971 9864
22439999 1
22439999 21
22440031 5
22440031 621
22440031 3524
22440043 108
22440133 200
22440179 1
22440251 76
22440277 12
22440277 3663
22440401 15
22440421 180
22440421 480
22440521 19
22440623 156
22440641 3384
22440643 140
22441073 423
22441087 5
22441103 565
22441121 3
22441151 24
22441253 3
22441271 1
22441333 3
22441369 3876
22441373 31
22441373 231
22441379 1
22441379 24
22441481 31
22441481 1984
22441487 33
22441487 108
22441663 17
22441697 192
22441703 1
22441711 29
22441981 51
22441981 95
22441999 20
22442093 15
22442153 3
22442153 271
22442207 9
22442257 24
22442269 44
22442269 336
22442279 24
22442279 597
22442341 3843
22442473 287
22442561 39
22442573 1560
22442653 3896
22442701 224
22442837 24
22443007 9
22443011 45
22443023 120
22443121 15
22443131 1
22443229 312
22443229 7736
22443251 1
22443329 160
22443367 9
22443367 2793
22443373 740
22443401 28
22443409 15
22443479 76
22443511 636
22443649 15
22443671 3144
22443779 177
22443787 704
22443847 7469
22443899 385
22443943 4988
22443989 8316
22444049 336
22444049 712
22444091 153
22444091 304
22444153 72
22444189 11
22444211 1
22444223 1
22444243 12
22444259 3441
22444271 124
22444277 100
22444319 1
22444327 9237
22444351 41
22444379 1
22444393 3
22444547 45
22444661 2680
22444739 1
22444781 3
22444787 312
22444819 101
22444859 340
22444861 36
22444861 5688
22444867 149
22444867 189
22444921 3
22444931 4
22444951 129
22445047 329
22445063 1
22445063 36
22445197 15
22445231 4
22445249 36
22445249 375
22445351 28
22445363 12
22445431 9
22445431 89
22445459 1
22445503 180
22445557 23
22445561 204
22445597 475
22445617 347
22445639 1
22445639 504
22445641 15
22445653 1527
22445693 172
22445749 12
22445749 171
22445749 236
22445749 3200
22445771 33
22445909 27
22446023 1
22446037 35
22446059 1
22446071 1
22446097 143
22446143 832
22446181 20
22446209 112
22446269 3736
22446289 207
22446497 1179
22446539 720
22446629 4
22446691 3401
22446763 593
22446811 240
22446839 52
22446839 1557
22446913 3
22447013 5368
22447079 1
22447097 159
22447109 7
22447121 3
22447121 19
22447127 5169
22447283 1
22447283 28
22447339 17
22447339 137
22447391 13
22447393 3
22447393 8580
22447483 5516
22447501 3
22447651 60
22447661 15
22447687 12
22447699 5
22447699 9
22447699 5636
22447739 1
22447823 12
22447823 5188
22447889 15
22447889 60
22447933 116
22448003 333
22448051 9
22448081 3
22448099 1
22448099 21
22448131 881
22448201 16
22448243 40
22448243 3661
22448249 75
22448351 4
22448351 109
22448353 4707
22448389 1007
22448453 3
22448453 16
22448477 4
22448507 6949
22448527 6825
22448599 1160
22448617 27
22448663 1
22448663 13
22448663 105
22448731 9
22448749 2967
22448773 15
22448843 441
22448879 1
22448879 4
22448893 48
22448977 3
22448977 6215
22449071 1
22449073 1803
22449149 27
22449191 16
22449341 3
22449457 1040
22449521 3
22449521 235
22449523 20
22449593 12
22449599 3085
22449727 125
22449761 3
22449803 181
22449841 8
22449841 15
22449853 12
22449961 3
22449961 4659
22450061 4720
22450097 3
22450097 7
22450097 643
22450199 1396
22450273 35
22450279 992
22450283 1
22450301 4839
22450333 660
22450333 4116
22450361 4
22450391 1
22450567 573
22450619 661
22450627 3189
22450643 1
22450709 1092
22450759 224
22450889 12
22450949 216
22450949 544
22450993 3
22451003 1
22451029 24
22451071 44
22451147 5932
22451393 3
22451459 1
22451467 480
22451491 6845
22451609 19
22451617 875
22451729 684
22451773 15
22451797 3
22451983 21
22452011 1
22452011 1288
22452103 8
22452103 45
22452107 13
22452179 1
22452179 2125
22452191 40
22452251 720
22452373 83
22452383 1
22452403 5
22452421 116
22452431 2184
22452473 7
22452497 19
22452613 47
22452719 16
22452719 69
22452739 497
22452791 9
22452791 28
22452943 20
22452961 168
22452961 300
22452967 5
22453031 9
22453133 88
22453153 3
22453153 27
22453159 281
22453159 321
22453177 24
22453261 2528
22453351 1169
22453367 57
22453391 1
22453603 12
22453631 1
22453663 393
22453747 9
22453751 21
22453757 15
22453757 399
22453799 40
22453799 1645
22453817 4
22453841 795
22453901 583
22453903 5
22453913 892
22453919 1
22453969 27
22453969 1196
22454051 484
22454099 276
22454123 1
22454171 1764
22454197 3
22454269 59
22454293 11
22454329 15
22454339 57
22454339 136
22454461 1215
22454503 5
22454519 9
22454587 9
22454609 519
22454639 1
22454659 20
22454659 177
22454741 1488
22454749 431
22454753 27
22454777 3
22454813 3
22454843 1
22454863 45
22455281 531
22455299 76
22455437 3
22455443 3073
22455451 233
22455481 743
22455523 5
22455527 612
22455527 3513
22455547 45
22455551 1
22455637 152
22455649 219
22455721 363
22455721 671
22455731 4
22455737 4
22455821 63
22455863 333
22455887 4248
22456039 585
22456079 4
22456111 9
22456169 19
22456169 184
22456193 123
22456199 321
22456241 19
22456261 8
22456319 1
22456331 1
22456339 12
22456433 3
22456529 4
22456549 651
22456559 216
22456607 7368
22456697 4
22456751 7396
22456849 711
22456849 780
22456877 244
22456913 7
22456919 1
22456997 28
22456997 147
22457081 19
22457081 3903
22457147 85
22457167 3365
22457189 24
22457273 1276
22457293 120
22457311 8
22457389 864
22457443 5016
22457489 24
22457569 3135
22457579 156
22457593 35
22457593 240
22457657 12
22457713 3
22457713 143
22457719 701
22457879 49
22457881 15
22457881 80
22457899 17
22457899 381
22457899 3692
22457917 1623
22457951 1
22457987 397
22458089 4
22458089 1335
22458103 17
22458217 20
22458221 5775
22458287 6009
22458311 1
22458517 8
22458563 1
22458617 3
22458767 168
22458781 3
22458811 1656
22458851 28
22458859 21
22458899 1
22458983 1
22458983 2841
22459027 5868
22459231 980
22459291 324
22459337 40
22459421 2028
22459421 3724
22459457 5560
22459571 2004
22459579 24
22459583 1
22459637 520
22459709 831
22459721 123
22459741 996
22459769 16
22459847 28
22459847 8349
22459961 3
22459981 1595
22460021 28
22460107 104
22460159 2112
22460161 11
22460171 2161
22460227 257
22460323 228
22460341 8259
22460357 12
22460363 1
22460423 1377
22460437 15
22460467 5328
22460521 3396
22460531 28
22460597 19
22460747 4
22460773 96
22460843 777
22460939 1
22460939 4
22460939 2520
22461067 1289
22461077 7
22461077 708
22461079 17
22461157 95
22461203 1
22461203 156
22461203 2988
22461227 237
22461247 144
22461337 408
22461371 1
22461407 4
22461419 8604
22461431 1
22461463 6576
22461497 660
22461503 1
22461529 47
22461541 3
22461581 15
22461581 63
22461599 12
22461599 85
22461623 45
22461749 51
22461757 12
22461793 176
22461839 637
22461841 8523
22461883 33
22461917 7
22461941 3
22462003 17
22462019 9
22462031 1
22462031 4
22462133 28
22462157 3
22462157 4
22462163 276
22462229 87
22462273 368
22462273 3515
22462333 423
22462333 2708
22462339 5
22462411 525
22462463 1
22462481 9235
22462499 84
22462499 277
22462577 4779
22462667 192
22462667 324
22462753 92
22462819 564
22462819 6840
22462837 15
22462901 3
22462901 31
22462901 1071
22462901 1624
22462943 16
22462981 80
22462991 4
22463083 5
22463141 4159
22463183 1
22463267 417
22463279 76
22463317 3
22463347 9
22463351 1
22463351 13
22463417 4519
22463521 24
22463527 48
22463527 53
22463527 129
22463543 1
22463627 625
22463657 175
22463737 288
22463789 31
22463803 7845
22463821 48
22463839 21
22463971 20
22463971 29
22463999 1
22464019 5
22464049 2207
22464053 72
22464121 15
22464193 3
22464271 5
22464317 4155
22464347 1293
22464413 4231
22464461 2299
22464623 8620
22464683 13
22464719 36
22464737 1875
22464851 4
22464851 76
22464917 7
22464931 6324
22464989 7
22464989 667
22465067 108
22465081 11
22465081 23
22465099 5
22465117 3
22465133 1447
22465207 108
22465409 175
22465441 3591
22465447 260
22465451 1
22465451 1309
22465477 143
22465501 3
22465561 8
22465561 855
22465589 520
22465591 9336
22465609 47
22465621 3
22465621 788
22465637 87
22465679 4
22465711 60
22465711 9836
22465757 48
22465787 4
22465841 3
22465841 31
22465867 704
22466063 1
22466063 52
22466069 91
22466161 156
22466183 1
22466243 88
22466291 1
22466383 293
22466419 4436
22466429 1192
22466447 49
22466447 100
22466447 3657
22466473 27
22466513 3
22466519 1
22466533 3
22466557 12
22466617 3
22466651 1
22466671 4221
22466701 20
22466711 4
22466747 1288
22466747 2305
22466783 40
22466819 1
22466869 15
22466869 116
22466869 4415
22467017 108
22467061 84
22467121 20
22467121 1295
22467121 3059
22467127 113
22467293 300
22467317 144
22467383 141
22467383 8701
22467449 7
22467449 1032
22467559 45
22467563 12
22467563 16
22467617 5812
22467647 229
22467689 79
22467787 29
22467871 2501
22467889 11
22467911 1
22467911 481
22468027 12
22468093 4635
22468267 5
22468283 13
22468291 1305
22468297 68
22468297 83
22468363 48
22468483 3356
22468529 7
22468529 1392
22468529 5839
22468549 144
22468549 5796
22468553 1063
22468571 93
22468573 132
22468601 4
22468619 700
22468703 1
22468751 2460
22468829 1140
22468837 6144
22468871 4
22468877 24
22468921 1484
22468921 3884
22468949 16
22468949 6736
22469003 1
22469011 36
22469099 1
22469129 31
22469231 7324
22469261 48
22469303 408
22469309 1275
22469437 3
22469479 324
22469483 576
22469543 1
22469581 380
22469581 2240
22469593 8
22469653 3
22469819 1
22469921 31
22469939 8740
22469999 5920
22470067 53
22470079 57
22470079 2541
22470121 15
22470127 5
22470127 20
22470127 1553
22470187 309
22470263 1
22470263 9496
22470313 3
22470313 356
22470347 100
22470347 8800
22470353 7
22470353 51
22470391 8
22470391 764
22470401 3559
22470421 336
22470431 33
22470529 36
22470557 240
22470619 105
22470647 1473
22470739 84
22470743 1
22470761 8764
22470857 3
22470883 8
22470883 828
22470941 4
22470953 448
22470967 93
22470971 4
22470971 169
22470989 16
22471039 32
22471133 51
22471139 1
22471231 348
22471231 1836
22471261 23
22471261 60
22471261 7148
22471333 3
22471451 1
22471511 36
22471511 1821
22471583 1
22471619 85
22471753 12
22471769 840
22471769 1264
22471789 1884
22471817 4
22471831 21
22471831 693
22471837 128
22471837 5519
22471849 20
22471849 515
22471859 1
22472089 7160
22472111 1
22472161 120
22472161 1799
22472237 15
22472327 13
22472369 2175
22472377 3
22472389 24
22472519 1
22472519 2841
22472563 8
22472563 777
22472603 148
22472641 11
22472713 12
22472833 12
22472833 15
22472927 9
22472951 4
22472959 12
22472993 3
22472993 175
22473037 612
22473131 1
22473203 213
22473221 4
22473221 228
22473239 777
22473397 1568
22473571 21
22473709 20
22473767 12
22473817 9375
22473839 292
22473901 8
22473953 3
22474021 711
22474031 1
22474061 460
22474061 1771
22474121 15
22474171 5
22474223 1
22474297 8
22474297 20
22474303 113
22474343 8188
22474471 348
22474523 16
22474523 2953
22474541 4
22474643 1308
22474691 285
22474801 575
22474813 56
22474849 1191
22474877 3
22474897 3
22474897 264
22474973 3
22475017 1020
22475039 244
22475039 660
22475039 780
22475147 25
22475149 107
22475153 51
22475183 732
22475239 332
22475239 7277
22475249 7
22475291 1
22475291 33
22475291 45
22475333 12
22475381 3
22475381 4
22475477 4
22475599 3956
22475603 76
22475639 1
22475647 5
22475699 1
22475711 189
22475903 1
22475953 3
22476007 585
22476017 12
22476059 3216
22476061 3
22476119 1
22476239 24
22476263 1
22476299 217
22476331 44
22476331 48
22476413 27
22476413 2367
22476529 231
22476547 2513
22476599 1
22476599 21
22476661 15
22476661 3599
22476667 669
22476749 51
22476869 115
22477027 728
22477067 52
22477087 12
22477087 20
22477087 2637
22477151 868
22477157 439
22477193 7
22477199 4
22477223 1
22477297 3
22477303 32
22477319 1
22477331 8584
22477369 579
22477439 40
22477487 505
22477531 56
22477549 60
22477591 56
22477783 21
22477783 141
22477787 700
22477837 8
22477849 1472
22477849 9855
22477919 1
22478119 41
22478243 25
22478251 7881
22478303 1
22478303 12
22478371 29
22478371 2961
22478377 60
22478461 95
22478473 1736
22478591 7560
22478681 19
22478693 7707
22478699 4
22478713 140
22478747 84
22478749 111
22478779 141
22478779 636
22478803 8
22478899 6105
22478959 864
22478987 57
22479001 3
22479137 3
22479137 280
22479173 1015
22479209 31
22479269 7
22479269 496
22479311 48
22479311 69
22479329 1011
22479377 1587
22479403 72
22479463 20
22479463 1097
22479517 7527
22479563 1
22479571 8
22479689 4
22479707 5440
22479739 9
22479749 4
22479799 29
22479817 1239
22479817 2399
22479829 7580
22479857 264
22479859 3329
22479893 15
22479911 1
22479913 732
22479937 12
22480033 1736
22480043 21
22480057 35
22480231 5
22480373 3
22480483 5
22480543 8
22480583 1
22480603 5
22480649 7
22480657 200
22480663 36
22480663 273
22480691 1
22480691 1305
22480723 12
22480727 24
22480811 5805
22480813 2271
22480823 625
22480847 144
22480903 788
22480949 4
22480949 364
22480999 4565
22481033 27
22481033 187
22481033 2328
22481071 201
22481101 3
22481117 4003
22481117 6355
22481149 35
22481213 5928
22481279 1
22481341 168
22481357 4
22481357 2568
22481363 1
22481539 12
22481549 252
22481551 20
22481609 2232
22481639 1
22481897 19
22481897 43
22481909 324
22481951 1
22481951 4
22481951 436
22481951 2148
22481969 24
22481993 7
22482011 264
22482011 4444
22482049 32
22482233 1491
22482259 44
22482259 132
22482331 1244
22482353 67
22482407 49
22482443 156
22482451 104
22482601 11
22482601 123
22482601 1079
22482623 1
22482623 28
22482671 204
22482731 25
22482731 76
22482739 7085
22482767 4269
22482827 13
22482827 3288
22482839 4185
22482877 12
22482877 3299
22482877 9647
22482899 181
22483003 9065
22483007 9
22483007 5709
22483141 3
22483151 1
22483159 9
22483199 84
22483229 24
22483229 147
22483283 1
22483369 356
22483429 399
22483429 735
22483451 724
22483451 2209
22483477 1179
22483633 3
22483633 12
22483663 5
22483663 2477
22483687 297
22483687 1989
22483687 6780
22483691 241
22483697 88
22483831 2733
22483871 1
22483889 504
22483931 1
22483933 111
22483939 156
22483991 1
22484039 4
22484039 9
22484153 16
22484153 4051
22484213 27
22484213 5056
22484213 6940
22484431 9
22484443 45
22484459 1
22484459 9
22484491 8
22484509 84
22484521 56
22484533 3456
22484549 7
22484549 727
22484681 120
22484717 27
22484821 3
22484939 412
22484939 1881
22485103 672
22485107 273
22485131 1045
22485181 171
22485181 791
22485251 3613
22485263 4968
22485293 112
22485299 1
22485349 252
22485433 12
22485451 560
22485503 1
22485563 1
22485563 568
22485587 1240
22485649 71
22485653 60
22485703 8
22485791 1
22485877 32
22485929 16
22485959 4461
22485997 1052
22486001 3
22486091 33
22486097 2079
22486109 72
22486109 99
22486133 6063
22486141 15
22486141 2483
22486229 4
22486271 2644
22486283 856
22486381 44
22486537 60
22486553 3
22486553 376
22486577 60
22486579 3365
22486603 80
22486603 6285
22486627 1149
22486669 1100
22486669 1191
22486771 161
22486771 1349
22486853 16
22486913 7215
22486913 8355
22486927 2093
22487053 15
22487053 56
22487173 3
22487249 379
22487263 93
22487263 9197
22487371 9
22487371 21
22487417 4
22487459 744
22487473 1472
22487483 1
22487551 1425
22487603 937
22487627 484
22487677 3
22487683 645
22487687 13
22487831 60
22487873 15
22487893 96
22487921 439
22487921 2875
22487981 3
22487999 36
22488013 23
22488121 24
22488143 421
22488187 708
22488197 12
22488241 1584
22488251 205
22488281 3496
22488353 1963
22488359 204
22488397 48
22488397 300
22488407 12
22488439 5
22488439 125
22488463 33
22488649 39
22488673 348
22488689 4831
22488691 1689
22488691 2976
22488691 8849
22488703 4560
22488769 11
22488827 45
22488877 227
22488941 2316
22488953 3
22488997 3
22489169 4
22489219 5
22489219 21
22489307 372
22489409 196
22489457 79
22489553 16
22489553 31
22489721 3
22489843 56
22489933 3
22489937 84
22490003 3532
22490081 736
22490107 12
22490107 3353
22490137 35
22490177 3
22490207 4
22490207 13
22490249 15
22490257 815
22490329 231
22490411 1
22490449 24
22490467 108
22490537 3
22490539 5
22490621 3
22490621 99
22490647 288
22490753 115
22490753 172
22490773 3
22490773 767
22490827 8
22490891 4
22490953 5672
22490989 4251
22491047 1005
22491067 2205
22491071 1
22491137 84
22491143 25
22491191 1
22491191 16
22491347 2884
22491361 3
22491479 4429
22491503 1
22491551 28
22491563 16
22491719 69
22491719 169
22491743 1
22491863 120
22491863 6693
22491871 9
22491899 685
22491899 849
22491949 15
22491949 24
22492097 3
22492097 40
22492097 88
22492109 1131
22492111 1433
22492147 1385
22492153 11
22492199 1
22492271 4
22492279 1677
22492357 1419
22492399 41
22492417 48
22492423 228
22492433 388
22492501 23
22492583 1
22492721 196
22492739 81
22492753 380
22492787 273
22492787 445
22492817 4
22492817 12
22492901 15
22492909 20
22492927 20
22492993 3
22492993 8
22493221 924
22493309 252
22493347 1544
22493377 288
22493381 4
22493519 1
22493557 87
22493561 160
22493579 3709
22493641 8
22493699 1
22493711 9
22493741 148
22493759 1
22493791 53
22493851 3989
22493857 72
22493951 5505
22493959 21
22493959 36
22493959 704
22493981 16
22494037 104
22494041 508
22494061 608
22494061 1376
22494133 9660
22494181 3
22494209 1147
22494229 15
22494301 395
22494337 3
22494551 4
22494551 400
22494701 228
22494793 3
22494817 3
22494863 1
22494881 3
22494881 2811
22494887 192
22494889 120
22494907 5
22494929 7
22495027 8
22495133 3
22495163 52
22495163 385
22495307 4
22495307 52
22495351 24
22495379 264
22495391 5449
22495457 1435
22495477 12
22495597 24
22495643 3772
22495703 1
22495703 21
22495807 300
22495819 461
22495849 24
22495883 1
22495897 12
22495901 811
22495937 4
22496041 4899
22496077 32
22496087 4
22496161 3
22496189 7
22496203 533
22496239 5
22496447 13
22496447 64
22496447 93
22496447 1420
22496533 3
22496681 324
22496701 35
22496711 33
22496711 4884
22496711 5353
22496717 64
22496723 1
22496813 8028
22496843 33
22496867 4425
22496911 33
22496911 401
22496941 3
22497047 1980
22497049 551
22497179 4
22497229 156
22497229 3852
22497253 456
22497329 55
22497421 11
22497469 36
22497469 195
22497551 1
22497589 36
22497701 3
22497733 587
22497899 1
22497911 244
22497931 125
22498027 29
22498031 7689
22498061 4
22498067 4
22498121 55
22498121 360
22498139 1
22498181 1359
22498319 4
22498319 36
22498319 184
22498339 276
22498397 3003
22498493 696
22498507 2900
22498523 1
22498573 8
22498649 31
22498789 35
22498811 33
22498969 35
22499117 3
22499153 15
22499159 1
22499159 24
22499207 109
22499207 112
22499311 381
22499311 753
22499341 8
22499353 3
22499353 32
22499353 9723
22499489 4
22499717 1227
22499759 1
22499999 4
